/*--------------------------------*- C++ -*----------------------------------*\
| =========                 |                                                 |
| \\      /  F ield         | OpenFOAM: The Open Source CFD Toolbox           |
|  \\    /   O peration     | Version:  2412                                  |
|   \\  /    A nd           | Website:  www.openfoam.com                      |
|    \\/     M anipulation  |                                                 |
\*---------------------------------------------------------------------------*/
FoamFile
{
    version     2.0;
    format      ascii;
    arch        "LSB;label=32;scalar=64";
    class       volScalarField;
    location    "1100";
    object      yPlus;
}
// * * * * * * * * * * * * * * * * * * * * * * * * * * * * * * * * * * * * * //

dimensions      [0 0 0 0 0 0 0];

internalField   uniform 0;

boundaryField
{
    inlet
    {
        type            calculated;
        value           uniform 0;
    }
    outlet
    {
        type            calculated;
        value           uniform 0;
    }
    topandbottom
    {
        type            calculated;
        value           uniform 0;
    }
    front
    {
        type            symmetryPlane;
    }
    back
    {
        type            symmetryPlane;
    }
    airfoil
    {
        type            calculated;
        value           nonuniform List<scalar> 
12960
(
47.008531
44.265641
52.468569
44.464994
44.269723
43.907216
39.416183
44.041607
39.580863
43.593276
44.155596
44.013296
52.591294
52.35386
43.777683
51.03258
42.540402
40.286912
44.177641
52.752233
44.056304
38.852772
44.20666
44.223717
39.45894
44.067127
44.738108
44.121412
52.718539
44.183412
47.183389
47.246376
42.728378
39.134868
42.614732
51.192323
38.529072
39.02251
43.766381
52.409624
52.226103
43.135962
52.382843
43.975435
39.610549
44.918157
38.768392
44.100946
44.231792
39.45254
51.556811
41.308615
36.34966
38.993969
44.354384
38.841238
38.595203
52.543761
44.331812
43.142965
52.410975
52.489331
43.589402
52.842982
38.838808
38.30836
38.509823
43.023157
43.618737
37.083486
43.142321
44.137512
39.637361
43.336691
43.500277
44.656205
53.126666
44.245981
52.791494
45.153006
44.393524
44.239687
39.409432
39.420142
44.16306
39.489697
44.130073
39.630234
45.641824
44.992978
38.954004
43.7876
52.924437
44.525581
38.586061
43.598872
53.027934
44.328101
43.902584
44.447714
38.813042
44.157023
45.51344
53.544229
48.52568
48.119198
45.267182
40.71811
52.470606
44.066596
38.776583
38.62377
40.054959
45.224741
38.978932
44.407087
53.195291
43.640069
52.788186
43.055929
43.20382
53.072277
39.867069
44.407002
48.564324
54.22205
53.393099
42.609172
52.362754
52.646076
39.131601
47.876214
43.715892
45.215536
39.004942
39.948971
45.12177
38.805176
52.75399
45.481387
45.208485
39.386599
48.123029
53.964774
45.124178
3.4560668
23.779294
23.910145
24.373728
23.498423
18.913368
18.906982
17.70249
18.114862
18.119968
17.698262
17.063984
17.066894
25.989273
25.986391
16.739569
16.739121
15.655301
16.049572
16.049546
15.658123
23.764242
24.235455
23.689422
24.334952
18.931773
18.92557
17.715922
18.129284
17.710625
18.134933
17.073696
17.078469
26.01377
26.040401
16.731746
16.734064
15.647365
16.043926
15.649748
16.041547
23.635852
24.306598
23.734193
24.138056
18.928001
18.93144
17.714413
18.135603
17.716955
18.132775
17.079953
17.077786
26.090362
25.992389
16.730465
16.730125
15.646202
16.039951
15.645785
16.040351
23.642063
24.370024
23.78134
24.169522
18.916508
18.921183
17.705281
18.126631
17.708638
18.122907
17.07247
17.069545
26.053126
25.990514
16.734518
16.732701
15.649869
16.04263
15.648443
16.0442
23.778496
24.240674
23.689793
24.360593
18.92171
18.917559
17.708539
18.123523
17.705738
18.126695
17.069813
17.072181
26.004857
26.016828
16.731214
16.733508
15.647162
16.043321
15.649063
16.041274
23.662219
24.235755
23.676158
24.189364
18.92551
18.923981
17.712515
18.129294
17.711167
18.130709
17.074846
17.076121
26.046747
25.992563
16.728146
16.729181
15.643839
16.039018
15.644844
16.037989
23.756277
24.311452
23.752382
24.3356
18.924929
18.92806
17.711448
18.13223
17.713703
18.12973
17.076917
17.074938
25.991576
26.024009
16.729464
16.72738
15.645544
16.037592
15.643636
16.039568
23.762584
24.128064
23.613133
24.364132
18.91913
18.918589
17.706943
18.124711
17.706936
18.124859
17.070985
17.070788
25.956218
26.064389
16.735992
16.734418
15.651692
16.04423
15.650011
16.045891
23.677424
24.228975
23.678146
24.221157
18.925298
18.922732
17.710872
18.127663
17.709363
18.129487
17.072673
17.073801
26.026508
26.017739
16.736419
16.737066
15.651903
16.046827
15.652574
16.04614
23.758688
24.361817
23.772727
24.319221
18.92141
18.925543
17.708392
18.128935
17.710206
18.126477
17.073187
17.072104
26.051116
26.004307
16.734758
16.73401
15.651092
16.044233
15.650275
16.045056
24.027539
24.56394
26.028745
25.536231
25.630778
25.038831
24.359176
24.586122
26.076047
25.917409
25.686103
25.444609
23.562218
23.329288
23.783996
24.188811
24.387577
23.66788
23.568389
23.476236
18.727879
18.257677
18.263031
18.720666
18.915
18.92277
18.729327
18.270418
18.264198
18.736616
17.579583
17.171821
17.175494
17.575689
17.703392
18.126925
18.12104
17.708499
17.580443
17.180629
17.176263
17.58534
16.691995
16.688413
16.52516
16.113651
16.116939
16.521837
17.071879
17.067653
16.692647
16.69654
16.525849
16.121248
16.117604
16.529768
15.596419
15.992619
15.995632
15.596333
15.597081
15.999856
15.996293
15.600457
25.523556
25.522287
25.988754
26.098058
25.53233
25.694681
18.953046
18.950907
18.952243
18.950825
16.573933
16.169262
16.169477
16.573746
16.738314
16.734984
16.572714
16.164825
16.168268
16.569404
15.654164
16.044902
16.048353
15.650737
24.415156
24.51963
26.006276
25.974438
25.589643
25.522061
24.50473
24.503166
25.994051
26.004161
25.569499
25.584314
23.557274
23.491651
23.760083
24.319876
24.32161
23.751791
23.555953
23.545737
18.745396
18.272866
18.739315
18.27864
18.932755
18.932364
18.746391
18.279836
18.279663
18.746176
17.592584
17.182502
17.587398
17.187381
17.716947
18.136231
18.135958
17.717464
17.593607
17.189179
17.188399
17.594193
16.702739
16.698224
16.536007
16.122821
16.531455
16.127124
17.080307
17.079481
16.703737
16.704698
16.537032
16.129274
16.128123
16.538101
15.605914
16.00139
15.601899
16.005605
15.606883
16.007766
16.006593
15.608151
25.552203
25.610586
26.022571
26.010991
25.56799
25.548237
18.946986
18.950153
16.566216
16.163858
16.568491
16.161494
16.731159
16.73019
16.565649
16.159967
16.160915
16.564731
15.646792
16.040014
16.040968
15.645848
24.494689
24.302514
25.891288
26.019551
25.400663
25.598635
24.56417
24.358943
25.940602
26.024562
25.469479
25.624299
23.448054
23.527966
23.661208
24.374702
24.185969
23.787163
23.468386
23.574899
18.742034
18.27916
18.74533
18.276221
18.926818
18.922794
18.740864
18.27135
18.27511
18.736901
17.591259
17.188798
17.593718
17.186565
17.713388
18.128005
18.131688
17.709908
17.590251
17.182333
17.185606
17.586828
16.702415
16.704414
16.535944
16.129085
16.537855
16.127336
17.073615
17.076842
16.701506
16.698384
16.535055
16.123535
16.126487
16.53198
15.606551
16.007596
15.608045
16.005907
15.605777
16.002176
16.005076
15.603044
1.6554362
25.672071
25.525181
26.050475
26.002629
25.618683
25.527361
16.565069
16.159906
16.56468
16.160304
16.730727
16.732069
16.56535
16.161994
16.160601
16.566733
15.646514
16.042041
16.040652
15.647888
24.560746
24.344063
25.935057
26.033245
25.461977
25.631068
24.341951
24.308825
25.939074
25.934511
25.456194
25.460993
23.448212
23.569573
23.609915
24.167396
24.133128
23.64042
23.418563
23.446645
18.730938
18.269934
18.735349
18.266059
18.915569
18.916306
18.730063
18.265793
18.265304
18.730717
17.58233
17.181166
17.585587
17.178166
17.704637
18.12263
18.122186
17.704975
17.581706
17.177829
17.177596
17.582015
16.694544
16.697292
16.52821
16.122512
16.530905
16.119975
17.069201
17.06899
16.694023
16.694165
16.5277
16.119573
16.119495
16.527832
15.599792
16.001173
15.602102
15.998696
15.599351
15.998287
15.998227
15.599362
25.619649
25.513027
26.054403
26.05358
25.631653
25.620224
16.56915
16.162595
16.567365
16.164219
16.73483
16.73418
16.569454
16.163905
16.164485
16.568824
15.650091
16.043892
16.044454
15.649579
24.422249
24.548234
26.018727
25.97908
25.611962
25.531154
24.425218
24.524164
26.016753
25.975978
25.600191
25.531159
23.568215
23.489563
23.762885
24.244181
24.337734
23.693393
23.555618
23.492985
18.735743
18.266741
18.731867
18.270066
18.922648
18.923788
18.736654
18.272327
18.270914
18.737903
17.585444
17.178466
17.582744
17.18091
17.709312
18.12896
18.127521
17.7108
17.586202
17.183171
17.181631
17.587703
16.696882
16.694707
16.530495
16.120045
16.52836
16.12202
17.07444
17.072891
16.697565
16.699148
16.531176
16.124286
16.122675
16.532776
15.601516
15.998739
15.599761
16.000657
15.602129
16.002908
16.001301
15.603717
25.53313
25.562522
26.001695
26.028979
25.537214
25.580677
18.945044
18.948955
16.56592
16.163313
16.568171
16.161212
16.730604
16.72946
16.565309
16.159318
16.160607
16.564119
15.646576
16.03936
16.040673
15.645209
24.423569
24.363689
25.943091
26.015756
25.474579
25.570918
24.49568
24.446895
26.008431
25.993284
25.569539
25.567041
23.468422
23.47583
23.701335
24.313774
24.261102
23.752008
23.499775
23.54783
18.739651
18.272646
18.738144
18.274087
18.926333
18.928159
18.740407
18.275916
18.274715
18.742013
17.58941
17.18357
17.588079
17.184859
17.713028
18.132401
18.131303
17.71389
17.589901
17.185925
17.185294
17.590699
16.700823
16.699574
16.534456
16.124732
16.53321
16.125946
17.077124
17.076539
16.7012
16.701659
16.534823
16.126601
16.126278
16.535245
15.605315
16.003355
15.604164
16.004554
15.605601
16.005165
16.004874
15.605802
25.609145
25.541213
25.994532
26.021531
25.535591
25.566277
18.942489
16.562782
16.158985
16.563824
16.157949
16.727756
16.727175
16.562406
16.157242
16.157617
16.561874
15.643563
16.037345
16.037672
15.643369
24.492243
24.524533
26.025412
25.990524
25.612073
25.561652
24.290028
24.492639
26.026485
25.928428
25.603414
25.436226
23.547639
23.549238
23.728196
24.117845
24.303007
23.604815
23.521689
23.416577
18.738933
18.275752
18.741889
18.27315
18.923287
18.919196
18.737401
18.268475
18.271835
18.733552
17.588318
17.185721
17.590507
17.183695
17.710338
18.125256
18.128476
17.707452
17.587246
17.180142
17.182721
17.584449
16.699586
16.701443
16.533179
16.12637
16.535022
16.124623
17.071477
17.073992
16.698712
16.696362
16.532316
16.121611
16.123817
16.529981
15.603941
16.004933
15.605565
16.003221
15.603208
16.000277
16.002436
15.601162
25.518091
25.57155
25.983553
26.064197
25.511633
25.648301
18.943253
18.940411
18.944883
18.949228
16.564156
16.157482
16.562089
16.159485
16.730509
16.733611
16.565186
16.163414
16.160462
16.568255
15.64645
16.04343
16.040525
15.649226
24.300473
24.561833
26.067289
25.929205
25.668655
25.439925
24.405399
24.558456
26.060788
25.979386
25.658984
25.524013
23.548861
23.424238
23.765723
24.224971
24.362679
23.680883
23.553189
23.483694
18.73339
18.267917
18.73296
18.268121
18.919781
18.921967
18.733988
18.270416
18.268603
18.736074
17.583904
17.179647
17.58394
17.179485
17.70731
18.127036
18.125309
17.708813
17.584248
17.181004
17.179761
17.585683
16.695585
16.69588
16.529134
16.121128
16.529492
16.120679
17.07223
17.071044
16.695788
16.696815
16.529309
16.121588
16.120804
16.530245
15.600104
15.999797
15.600685
15.999319
15.600154
16.000155
15.999426
15.600696
25.47001
25.648032
25.963318
26.026724
25.480762
25.587793
18.950727
16.570647
16.164218
16.569061
16.165869
16.736328
16.737004
16.57098
16.166807
16.166217
16.571604
15.652047
16.046819
16.046242
15.652585
24.41204
24.401767
25.97995
25.988786
25.524133
25.538857
24.595038
24.394936
25.935289
26.069475
25.475681
25.681032
23.480413
23.478957
23.690657
24.39762
24.222143
23.790308
23.494775
23.575117
18.739201
18.271071
18.736815
18.273022
18.926057
18.926371
18.739868
18.273272
18.273496
18.739986
17.587633
17.181466
17.586211
17.182655
17.711179
18.12962
18.12991
17.710783
17.587911
17.18245
17.182861
17.587502
16.698172
16.697206
16.531461
16.121897
16.530603
16.12263
17.073596
17.073992
16.698323
16.69797
16.531577
16.12236
16.122725
16.531151
15.60145
16.000447
15.600926
16.001136
15.6015
16.000874
16.001222
15.601152
8.1350871
11.431335
25.588589
25.574342
26.061864
25.974097
25.628156
25.501805
18.952676
18.952706
18.95208
18.949261
16.570925
16.166821
16.57164
16.166124
16.735929
16.734317
16.570423
16.164314
16.165674
16.568801
15.651512
16.044429
16.045709
15.650416
24.553939
24.501388
25.997588
26.041744
25.574347
25.637024
24.001768
24.578441
26.068549
25.46546
25.673691
24.967862
23.553257
23.563174
23.7791
23.892825
24.383417
23.498983
23.56105
23.333217
18.735489
18.272549
18.73918
18.269808
18.920247
18.914247
18.734551
18.264512
18.269215
18.727822
17.585319
17.182009
17.58696
17.180814
17.708094
18.121568
18.125988
17.704627
17.585069
17.177837
17.180671
17.581957
16.696835
16.697636
16.529982
16.12208
16.530805
16.121478
17.069919
17.071975
16.696828
16.69415
16.529947
16.11914
16.121475
16.527546
15.600484
16.000612
15.600926
16.000062
15.600481
15.998007
16.000062
15.601368
25.621594
25.553828
25.954711
26.014445
25.485087
25.562317
18.947423
18.948327
16.56919
16.164094
16.568491
16.164904
16.735537
16.734486
16.569918
16.164658
16.165587
16.569095
15.651675
16.045007
16.045715
15.653713
21.030526
13.003412
21.057417
13.000472
21.053982
13.001108
13.006914
13.00938
21.057427
13.008451
13.011997
13.022122
21.055135
13.02938
21.058619
13.031468
20.939268
20.958446
13.708113
13.711745
12.904893
26.422153
27.364187
12.909105
28.253748
27.904292
21.051849
13.805203
13.801882
13.001695
20.954058
20.945538
13.715007
13.718321
12.911897
28.813458
28.222153
12.91392
28.007437
28.473033
13.799431
13.79697
13.000062
20.944999
20.945346
13.717856
13.714047
12.912711
28.44492
2.5616951
30.283399
12.906885
28.090292
28.715245
13.796856
13.798555
13.004526
20.95532
13.711175
13.708125
12.902692
27.455841
28.415053
12.897001
28.236142
28.508974
13.800074
13.801233
13.009327
13.707902
13.708545
12.894722
27.631045
28.256604
12.891263
28.564372
27.596799
13.800547
13.798781
13.008615
13.708698
13.707812
12.888563
28.266642
27.933719
12.882109
28.169594
27.836559
13.798095
13.798125
13.00965
20.945579
13.706105
13.701819
12.876693
28.722337
28.146204
12.865757
28.428784
27.950016
13.799469
13.803744
13.018231
20.951126
13.699621
13.697769
12.859373
27.7587
27.030796
12.850911
27.116471
27.220707
13.806273
13.80878
13.027382
20.946955
20.944155
13.697296
13.696237
12.84687
26.611836
27.305679
12.8393
8.2915459
30.309128
13.178929
21.057208
13.809185
13.808643
13.030877
20.946402
20.938924
13.695233
13.693961
12.837631
27.364044
26.264118
12.833074
25.492023
25.663225
13.80859
13.809475
13.031735
24.012762
23.71584
23.943172
24.133122
23.827735
24.003365
24.22336
24.293101
24.148224
23.606569
23.6776
23.815568
22.10047
22.285891
22.315474
22.077332
20.425597
20.614459
20.619566
20.421321
19.072011
18.91243
19.207644
19.209365
19.070632
18.91172
17.832339
17.701821
17.831639
18.118086
17.965777
17.968693
17.970582
18.119201
17.969824
17.700849
17.827912
17.830596
17.065605
16.946917
16.94765
16.948638
17.066304
16.948104
26.621932
25.985475
21.051226
26.050544
16.882187
16.740685
16.883405
16.741116
16.882988
15.797074
15.656204
16.050843
15.91451
15.914468
16.050522
15.656844
15.797655
14.5401
14.388669
14.389343
14.539374
12.842493
13.003486
12.842689
23.75703
23.988216
23.983722
24.098962
24.304162
24.157558
23.72907
23.904459
23.953224
24.191108
24.33767
24.189953
22.147606
22.352823
22.139096
22.363173
20.457246
20.650257
20.454361
20.65336
19.091391
18.9302
19.227651
19.089225
18.928098
19.229871
17.714473
17.846225
17.844758
17.979479
18.131506
17.981642
17.712669
17.840817
17.842917
17.985014
18.133428
17.983525
16.95524
17.075486
16.95699
16.959933
17.077113
16.958591
26.629285
25.995632
25.993912
16.732439
16.874345
16.733216
15.648055
15.789083
15.908868
16.043038
15.648852
15.791485
15.906485
16.042242
14.532787
14.381542
14.382212
14.532116
12.840022
13.0002
12.839769
23.653538
23.838253
23.86157
24.161248
24.254783
24.113585
23.696614
23.95792
23.915157
24.01782
24.176222
24.047988
22.117884
22.337856
22.125665
22.327996
20.44968
20.646523
20.451675
20.644306
19.090016
18.929177
19.229363
19.091236
18.930342
19.228088
17.71537
17.844516
17.845497
17.985824
18.134769
17.985032
17.716233
17.847146
17.84639
17.983102
18.133809
17.984107
16.961517
17.079378
16.960972
16.959426
17.078641
16.96026
26.629725
26.049746
21.04743
26.627864
25.995014
16.730278
16.873033
16.730161
16.872708
15.645973
15.787869
15.904891
16.039995
15.645831
15.787469
15.905297
16.040131
14.530713
14.380354
14.380127
14.530942
12.841713
13.001649
12.84251
23.6932
23.851695
23.910273
24.219629
24.325597
24.177713
23.746547
24.010659
23.972053
24.039712
24.244844
24.106573
22.116228
22.350578
22.13318
22.330311
20.435824
20.635361
20.439877
20.630613
19.078305
18.91788
19.217878
19.08004
18.9195
19.21602
17.706229
17.835163
17.836145
17.977094
18.125252
17.975761
17.707382
17.838629
17.837337
17.973508
18.12397
17.974527
16.954198
17.071362
16.953114
16.951346
17.07036
16.952138
26.630082
26.017034
26.629154
21.052523
26.629468
25.98412
16.734004
16.87712
16.876585
16.73337
16.875245
15.649487
15.791574
15.907564
16.043226
15.648993
15.790108
15.909083
16.043771
14.533903
14.383596
14.383287
14.534215
12.849406
13.007616
12.850296
23.772527
24.006104
24.000995
24.102634
24.318175
24.17077
23.740483
23.906635
23.965604
24.212916
24.358476
24.209055
22.143796
22.347625
22.130927
22.362421
20.443771
20.635445
20.439967
20.639859
19.081169
18.920463
19.217512
19.079607
18.919018
19.219203
17.707634
17.83858
17.837646
17.974066
18.124593
17.975083
17.706665
17.835669
17.836639
17.977101
18.125692
17.976134
16.951581
17.070573
16.952314
16.95388
17.07139
16.953106
26.630237
25.991153
26.630375
25.984224
16.731939
16.873744
16.874478
16.73273
15.6478
15.788798
15.908229
16.042649
15.648451
15.790743
15.906232
16.041946
14.532623
14.381615
14.382129
14.532085
12.853097
13.00924
12.85311
23.643072
23.871662
23.848425
24.093275
24.189557
24.056154
23.653645
23.89442
23.865311
24.059558
24.154841
24.031143
22.109204
22.318753
22.108341
22.319582
20.442804
20.636471
20.442253
20.637028
19.085442
18.924809
19.222803
19.08492
18.924298
19.223332
17.712013
17.842569
17.84205
17.979712
18.129678
17.980101
17.711561
17.8412
17.841592
17.981103
18.130151
17.980566
16.956555
17.075254
16.956967
16.95782
17.075682
16.957391
26.631596
26.080679
26.031963
16.728532
16.870761
16.728879
15.644158
15.785488
15.903949
16.03868
15.644496
15.786501
15.902926
16.038334
14.529285
14.378721
14.378938
14.529046
12.853517
13.0085
12.853831
23.761875
23.982416
23.985501
24.171414
24.318403
24.177558
23.756739
23.97237
23.977645
24.188162
24.331908
24.188186
22.150629
22.372861
22.155473
22.3682
20.451828
20.650866
20.454266
20.648123
19.087323
18.926378
19.226802
19.088479
18.927458
19.225564
17.712439
17.841527
17.842555
17.982499
18.131705
17.981986
17.713212
17.843855
17.843354
17.980089
18.130846
17.981159
16.958549
17.076465
16.958103
16.956612
17.075788
16.957441
26.630689
26.012966
21.054759
26.629959
26.022755
16.728552
16.871997
16.727843
16.869899
15.644745
15.787152
15.902599
16.038056
15.644098
15.785225
15.904552
16.038727
14.530386
14.380918
14.380179
14.531125
12.858993
13.013152
12.859915
23.716394
23.995036
23.938354
24.001726
24.185194
24.054753
23.655594
23.817982
23.865995
24.208262
24.282315
24.139444
22.11831
22.316928
22.105292
22.333473
20.436537
20.629139
20.434877
20.631295
19.079089
18.918641
19.21649
19.078828
18.918426
19.216806
17.706719
17.836915
17.836669
17.975257
18.124492
17.975031
17.7067
17.836864
17.836634
17.975353
18.124563
17.975083
16.952742
17.070719
16.952467
16.952499
17.070664
16.952397
26.628997
26.006806
26.627306
26.054449
16.735584
16.878521
16.878126
16.73507
16.876988
15.651242
15.793358
15.909149
16.044902
15.650684
15.791679
15.91082
16.045451
14.536532
14.386832
14.38634
14.537011
12.871006
13.023343
12.872382
23.677037
23.891388
23.893459
24.090415
24.225107
24.088919
23.677955
23.894474
23.894181
24.084957
24.228128
24.089459
22.1152
22.324697
22.113246
22.326605
20.444589
20.637636
20.443095
20.639198
19.085211
18.924428
19.222248
19.084276
18.923554
19.223245
17.71043
17.84106
17.840582
17.978015
18.128301
17.97862
17.709911
17.839455
17.840031
17.97972
18.128926
17.979204
16.954268
17.073103
16.954672
16.955317
17.073491
16.955034
26.625134
26.016817
21.055229
26.034797
16.736784
16.87901
16.879371
16.737
15.652227
15.793616
15.911738
16.046717
15.652455
15.794273
15.911057
16.046486
14.537757
14.387503
14.387704
14.537528
12.879598
13.029831
12.880319
23.732398
23.979818
23.943643
24.210419
24.289671
24.152309
23.740484
24.001209
23.956695
24.178883
24.262724
24.132735
22.151884
22.373993
22.156906
22.369492
20.449249
20.649857
20.452883
20.645866
19.083697
18.922839
19.223744
19.08534
18.924303
19.221928
17.708882
17.838421
17.838975
17.979101
18.128074
17.978302
17.709528
17.84042
17.839687
17.976873
18.127199
17.977509
16.954704
17.072744
16.954296
16.95373
17.072359
16.95395
26.627685
26.109751
26.072336
16.734206
16.877329
16.733956
15.650614
15.792782
15.909247
16.044259
15.650334
15.791943
15.910068
16.044539
14.536748
14.387198
14.386878
14.537087
12.884316
13.031692
12.884976
24.31274
24.479468
26.567976
25.992239
26.564934
25.946159
25.342047
25.5613
24.304718
24.917509
25.456094
24.72059
24.397165
24.50806
26.570566
26.02817
26.571038
20.944294
25.937774
25.390837
25.610737
24.696875
24.952367
25.480169
25.122429
23.363387
23.505812
23.314152
22.959884
23.058721
23.018245
23.414679
23.171768
23.239478
24.017545
23.741307
23.965328
24.22222
24.061492
24.090209
24.231119
24.317463
24.169798
23.688737
23.875483
23.900021
23.371568
23.535205
23.347192
23.493792
23.30073
23.315284
21.453404
21.244342
21.253548
21.441916
22.133041
22.34496
22.350423
22.130986
21.47762
21.279131
21.275095
21.480953
19.897114
19.708961
19.711461
19.894359
20.438826
20.639028
20.634487
20.443265
19.906477
19.723498
19.719841
19.910356
18.555905
18.726994
18.554898
18.260985
18.390748
18.394113
18.396347
18.262191
18.395413
18.725767
18.549866
18.553455
19.077768
18.917233
19.218728
19.215672
19.080641
18.919906
18.557276
18.731379
18.559213
18.268015
18.40418
18.401663
18.397606
18.265879
18.399404
18.733888
18.564247
18.561611
17.443946
17.578956
17.443341
17.174016
17.304032
17.306245
17.307765
17.174906
17.307157
17.578052
17.440121
17.442442
17.833288
17.704725
17.834687
18.124629
17.9772
17.974999
17.971595
18.12261
17.973077
17.706472
17.838619
17.836512
17.444763
17.581716
17.445974
17.178876
17.313074
17.311263
17.308557
17.177389
17.309722
17.583389
17.449453
17.447576
16.835819
16.691589
16.690955
16.367707
16.524648
16.115705
16.235776
16.239065
16.116439
16.523843
16.364419
17.070184
16.95347
16.951825
16.949373
17.068746
16.950432
16.836461
16.693649
16.694976
16.368367
16.526865
16.119792
16.243404
16.239719
16.118555
16.528199
16.372142
15.740003
15.595894
15.994423
15.85602
15.858984
15.995132
15.595544
15.737624
15.314485
15.314911
15.740671
15.597979
15.998436
15.863151
15.859649
15.997227
15.599122
15.74408
15.316352
15.315503
15.469894
14.459665
14.305991
14.305406
14.460227
14.105788
14.105247
13.926284
13.708848
13.926473
14.461761
14.306681
14.460902
14.307528
14.106461
14.107307
13.710778
13.929038
13.928117
12.752049
12.905822
12.751986
22.226306
28.767811
28.060244
23.130121
22.937489
12.908188
12.753755
12.752994
28.254674
27.908143
22.9854
23.052927
25.198761
25.522923
25.585973
25.184406
26.62188
26.027868
26.092821
25.216933
25.597762
24.790171
25.688991
25.397204
22.15127
22.360106
22.364086
22.147332
21.505252
21.301826
21.304656
21.501992
22.16753
22.389797
22.384162
22.171567
21.51357
21.312126
21.311147
21.514979
20.472423
20.665805
20.667461
20.471115
19.941321
19.754461
19.75499
19.940704
20.474114
20.670335
20.67004
20.474298
19.941092
19.754191
19.754291
19.94106
19.113902
18.954116
19.251432
19.251532
19.114057
18.954867
19.112133
19.249709
19.249981
19.111805
18.951288
16.417726
16.574944
16.170776
16.290125
16.290311
16.170469
16.575203
16.417563
16.880922
16.737103
16.735991
16.877585
16.416483
16.571513
16.165886
16.285612
16.289076
16.167042
16.570407
16.413057
15.379704
15.529664
15.530745
15.378739
15.795928
15.652971
16.045972
15.909849
15.913296
16.047132
15.651816
15.792477
15.37639
15.377579
15.527194
14.192494
14.193189
14.019177
13.805125
14.018532
14.537391
14.387771
14.538424
14.38677
14.191605
14.190634
13.802764
14.014724
14.015724
13.002199
12.841147
12.84158
24.493339
24.526797
26.570339
26.027602
26.56742
26.574459
26.027543
25.615526
25.2927
25.603934
25.200604
24.498395
24.495333
26.566554
25.991513
26.566785
20.946768
25.994387
25.26996
25.56389
24.855273
24.847984
25.569309
25.283259
23.548147
23.368354
23.358115
23.044168
23.523199
23.311477
23.336279
23.062327
23.980994
23.755934
23.975733
24.316405
24.176657
24.175585
24.180828
24.314502
24.174582
23.755175
23.974733
23.975901
23.369387
23.552937
23.367392
23.07103
23.074596
23.551179
23.357576
23.364698
21.496147
21.289892
21.491178
21.29418
22.159177
22.3719
22.376133
22.15515
21.503095
21.297386
21.299929
21.500163
19.923133
19.73344
19.920642
19.735846
20.460523
20.655411
20.65697
20.459219
19.926032
19.738134
19.738731
19.925296
18.743838
18.572906
18.571345
18.40672
18.275153
18.409074
18.741775
18.56688
18.569299
18.412625
18.277116
18.41108
19.094337
18.933139
19.232507
19.232802
19.094112
18.932975
18.573923
18.746814
18.574386
18.280206
18.413719
18.414135
18.413648
18.280173
18.414138
18.746711
18.57387
18.57434
17.591154
17.456521
17.45511
17.315003
17.184341
17.316888
17.589386
17.451444
17.453379
17.319976
17.186004
17.318583
17.84725
17.717525
17.847813
18.136557
17.986408
17.986692
17.986042
18.136489
17.986591
17.717679
17.847691
17.847941
17.457542
17.594199
17.458147
17.189275
17.32171
17.321835
17.320995
17.189028
17.321611
17.594377
17.458196
17.458349
16.701435
16.846585
16.699896
16.534685
16.378238
16.245003
16.124394
16.533134
16.373782
16.249364
16.125859
17.08038
16.96184
16.961884
16.960947
17.080116
16.961596
16.847575
16.704394
16.704706
16.848468
16.379252
16.537722
16.129195
16.251475
16.250366
16.128816
16.538071
16.380347
15.604716
15.749584
15.864654
16.002927
15.60335
15.74554
15.868802
16.004362
15.322729
15.323863
15.750548
15.607585
16.007672
15.870989
15.869783
16.007285
15.608006
15.75176
15.325456
15.324784
15.478979
14.467679
14.314241
14.313236
14.468728
14.113972
14.112975
13.93227
13.716008
13.933292
14.47024
14.315068
14.469592
14.315684
14.114792
14.115406
13.718052
13.935756
13.935443
12.756283
12.91266
12.75703
23.139674
27.847481
27.852198
22.924594
22.941585
12.913915
12.757732
12.757954
28.166704
28.439386
22.935099
23.000717
25.529058
25.222782
25.536408
25.306448
24.780455
26.628924
26.023714
26.021001
25.241185
25.571393
25.565553
25.218343
22.145928
22.370659
22.155767
22.359101
21.499471
21.303996
21.505499
21.298862
22.13131
22.344722
22.343901
22.132079
21.488217
21.288835
21.288808
21.488435
20.466833
20.66503
20.469662
20.661777
19.935921
19.751314
19.937862
19.749577
20.46052
20.654348
20.654713
20.460086
19.93126
19.7448
19.745318
19.930743
19.108507
18.948123
19.247476
19.109697
18.949227
19.24618
19.105398
19.242347
19.242832
19.104932
18.94477
16.566891
16.409774
16.284646
16.162978
16.567654
16.41211
16.282275
16.162187
16.873752
16.730698
16.730376
16.872773
16.409197
16.565208
16.16015
16.280734
16.281691
16.160465
16.564902
16.40826
15.371418
15.521334
15.370706
15.788502
15.646346
16.040199
15.904955
15.905907
16.040516
15.646032
15.787538
15.369644
15.370112
15.520255
14.185574
14.186219
14.011983
13.798738
14.011219
14.531116
14.380982
14.531556
14.380541
14.185038
14.184619
13.797241
14.009249
14.009561
12.999932
12.840097
12.839826
24.440357
24.349275
26.571754
25.940185
26.568542
20.956694
26.573019
26.008145
25.466798
25.066536
25.567996
25.289807
24.535898
24.463387
26.57218
26.011322
26.570961
26.02879
25.138786
25.576843
24.915375
24.703195
25.61948
25.337151
23.461243
23.275392
23.285119
23.023153
23.495494
23.340131
23.3123
23.002398
23.869945
23.714039
23.93437
24.346078
24.225189
24.197362
24.057154
24.277488
24.134721
23.762829
24.016613
23.990245
23.291883
23.51137
23.326844
23.03625
23.553103
23.381065
23.362032
21.478112
21.282339
21.482199
21.278933
22.131804
22.359748
22.345929
22.142231
21.482997
21.284027
21.281725
21.486663
19.918833
19.733817
19.920407
19.732335
20.447612
20.642914
20.643023
20.447082
19.915494
19.727547
19.728816
19.914315
18.743181
18.56992
18.571039
18.412994
18.278282
18.41207
18.744299
18.57309
18.572114
18.409945
18.277284
18.411036
19.086368
18.92559
19.223062
19.224415
19.08502
18.924263
18.568767
18.739646
18.567562
18.272692
18.404979
18.406353
18.408813
18.273941
18.407625
18.738336
18.564862
18.566268
17.592193
17.455374
17.456286
17.321299
17.188197
17.32067
17.593029
17.457754
17.457095
17.318994
17.187438
17.319886
17.843472
17.712297
17.842364
18.129315
17.97843
17.97971
17.982037
18.13054
17.980911
17.711136
17.839931
17.841184
17.454383
17.589177
17.453324
17.18348
17.314701
17.315866
17.31802
17.184575
17.316976
17.588034
17.451014
17.452198
16.703225
16.846104
16.703906
16.53673
16.37826
16.251263
16.12867
16.537381
16.380119
16.249447
16.128074
17.074743
16.95532
16.95643
16.958499
17.075824
16.957496
16.845186
16.700519
16.699471
16.84204
16.377382
16.534084
16.124561
16.245577
16.248581
16.125555
16.533052
16.374344
15.607209
15.750056
15.870841
16.007202
15.607718
15.751626
15.869216
16.006627
15.325119
15.324484
15.74926
15.604916
16.003184
15.865557
15.868403
16.00416
15.603994
15.746467
15.322897
15.323734
15.476304
14.470133
14.31494
14.315507
14.469571
14.114674
14.11524
13.935435
13.717331
13.934962
14.468125
14.314257
14.468892
14.313487
14.11399
14.113216
13.71499
13.93192
13.932797
12.755192
12.911911
12.75377
23.037117
3.7555616
30.237486
13.554166
23.334038
12.908263
12.749469
12.750859
28.376785
27.970213
22.903669
23.023637
25.616962
25.361124
25.537935
25.198505
24.917995
26.627419
25.996933
21.052542
25.993276
25.306856
25.540479
25.522741
25.186827
22.150653
22.361247
22.146278
22.36707
21.498148
21.295016
21.496277
21.296441
22.140636
22.345274
22.354946
22.133185
21.49301
21.290306
21.292473
21.489964
20.462666
20.657095
20.462126
20.657769
19.931832
19.745353
19.931525
19.745616
20.461531
20.655524
20.65616
20.461162
19.931534
19.745593
19.745468
19.93159
19.105191
18.944963
19.242515
19.105031
19.242693
19.105349
18.945173
19.243037
19.242806
19.105596
16.564863
16.408598
16.280672
16.159951
16.56473
16.408205
16.281058
16.160087
16.873282
16.731073
16.73152
16.874604
16.408887
16.565715
16.161448
16.282739
16.281349
16.160982
16.566176
16.410282
15.369161
15.369375
15.788173
15.646903
16.041501
15.906987
15.905601
16.041036
15.647366
15.789545
15.370048
15.369673
15.52067
14.184543
14.184298
14.009036
13.797034
14.009184
14.531631
14.380663
14.531251
14.381041
14.184867
14.18526
13.79808
14.010593
14.010144
13.003729
12.846358
12.845329
24.515319
24.426411
26.574431
25.979631
26.573386
20.955429
26.028642
25.532717
25.129801
24.914359
25.610866
25.339846
24.308036
24.303335
26.57472
25.951352
26.574053
25.939006
25.111135
25.467714
24.689321
24.661731
25.455942
25.128368
23.492853
23.270654
23.309777
23.053576
23.53883
23.376364
23.349517
22.986674
23.817428
23.599644
23.807411
24.132306
24.037713
24.003111
24.003897
24.125384
23.994692
23.609292
23.84989
23.816725
23.243616
23.408509
23.234078
22.954206
23.417984
23.269077
23.243033
21.468249
21.275538
21.477952
21.267485
22.080404
22.293038
22.287879
22.084709
21.447792
21.252644
21.250683
21.450183
19.905388
19.721619
19.908095
19.719196
20.428012
20.622352
20.62124
20.428946
19.900533
19.71544
19.71494
19.901113
18.732222
18.559134
18.560355
18.403519
18.268504
18.402035
18.733748
18.563355
18.561813
18.399479
18.267169
18.400641
19.075419
18.915207
19.213236
19.2129
19.075716
18.915471
18.558302
18.72972
18.557974
18.265176
18.399227
18.398567
18.398688
18.264999
18.398372
18.729956
18.558896
18.558188
17.583247
17.446636
17.447524
17.313512
17.180032
17.312351
17.584365
17.4498
17.44861
17.310434
17.179004
17.311296
17.834496
17.704365
17.834218
18.122052
17.97322
17.972677
17.972815
18.121891
17.972529
17.704489
17.834866
17.834353
17.446031
17.581442
17.445772
17.177433
17.310104
17.309689
17.309847
17.177347
17.309593
17.581555
17.446313
17.445876
16.695305
16.838142
16.696244
16.528955
16.370642
16.244534
16.121539
16.529876
16.373286
16.241939
16.120674
17.068824
16.950994
16.950636
16.950805
17.068745
16.950564
16.837613
16.693785
16.69384
16.83778
16.370143
16.527466
16.119299
16.241544
16.241448
16.119267
16.527517
16.37026
15.600426
15.743141
15.864574
16.000222
15.601213
15.745505
15.862153
15.999378
15.318555
15.471267
15.47189
15.317942
15.742691
15.599132
15.998027
15.861737
15.861694
15.998001
15.599141
15.742716
15.317289
15.317512
15.470613
14.464108
14.308857
14.309449
14.463527
14.10852
14.109132
13.929264
13.710316
13.928487
14.462851
14.308414
14.463101
14.30814
14.108052
14.107747
13.708456
13.926703
13.926919
12.744739
12.901369
12.74312
22.79714
27.545643
28.44484
12.897938
12.737315
12.738614
28.18923
28.494099
22.955846
23.002889
25.562642
25.306667
25.511597
25.17423
24.870689
26.624117
26.046555
26.05476
25.32905
25.62624
25.632174
25.307319
22.149741
22.349666
22.13798
22.363627
21.50217
21.29555
21.49527
21.301338
22.17551
22.390398
22.394371
22.172232
21.516839
21.311964
21.31346
21.515031
20.468646
20.660181
20.465564
20.663737
19.937404
19.749048
19.935261
19.750985
20.47462
20.669863
20.670772
20.473826
19.941338
19.75396
19.754487
19.940764
19.109778
19.245968
19.108381
19.247472
19.112189
19.249664
19.250093
19.111781
16.568649
16.412644
16.283351
16.163208
16.568027
16.410907
16.285028
16.163772
16.877448
16.734884
16.734659
16.876782
16.412936
16.569506
16.164326
16.284708
16.285306
16.164525
16.569289
16.412325
15.372474
15.372821
15.791805
15.65012
16.044298
15.908781
15.909326
16.044491
15.649944
15.791276
15.373039
15.37302
15.523764
14.187867
14.187551
14.012037
13.800516
14.012452
14.534427
14.383779
14.534396
14.383819
14.188063
14.188118
13.801243
14.013012
14.013071
13.009084
12.852692
12.852323
24.507709
24.54844
26.569546
26.030268
20.945355
26.027231
25.624164
25.320561
24.773992
25.607469
25.211055
24.898031
24.431451
24.478082
26.569789
25.995032
26.568559
26.567062
25.955208
25.300643
25.562275
24.776346
24.874391
25.5094
25.212657
23.561677
23.37638
23.369487
23.048666
23.533077
23.306523
23.344072
23.077777
23.98762
23.735863
23.955645
24.254762
24.106479
24.120097
24.191976
24.295575
24.154793
23.710503
23.910473
23.92622
23.366586
23.533005
23.347659
23.055377
23.510686
23.310023
23.327658
21.485543
21.275216
21.477309
21.282261
22.142148
22.346661
22.35855
22.132091
21.487681
21.280724
21.285003
21.482236
19.910574
19.721476
19.90803
19.723741
20.447303
20.641522
20.643353
20.445996
19.913956
19.726912
19.72703
19.913641
18.734563
18.563653
18.56252
18.400236
18.267871
18.401432
18.733215
18.559973
18.561242
18.40373
18.269024
18.402644
19.084067
18.923255
19.222426
19.222196
19.084359
18.923594
18.564545
18.737274
18.565173
18.27199
18.405978
18.405663
18.4046
18.271544
18.405231
18.737655
18.565869
18.565583
17.584565
17.449616
17.448762
17.310769
17.179256
17.311589
17.583632
17.447009
17.447861
17.313291
17.180098
17.312459
17.839369
17.709929
17.839989
18.128605
17.979366
17.978997
17.977908
18.128148
17.978531
17.710408
17.840843
17.840463
17.450361
17.586816
17.450972
17.182741
17.315548
17.315128
17.314023
17.182239
17.314631
17.587301
17.451874
17.451463
16.696141
16.840576
16.839821
16.695392
16.529764
16.372859
16.242035
16.120652
16.529029
16.370771
16.244066
16.121331
17.074003
16.956142
16.955697
16.95458
17.073497
16.955185
16.841266
16.698167
16.698688
16.842833
16.373533
16.53178
16.123805
16.246343
16.244731
16.123271
16.532307
16.375143
15.600889
15.744933
15.86217
15.999326
15.600288
15.74313
15.864032
15.999984
15.318865
15.472891
15.472283
15.319453
15.745555
15.602705
16.002426
15.86627
15.864667
16.001893
15.603233
15.747147
15.32059
15.320036
15.474054
14.463916
14.309428
14.309002
14.464387
14.108755
14.108381
13.926868
13.708001
13.927105
14.46533
14.309863
14.464865
14.310286
14.109141
14.109517
13.708427
13.928209
13.927951
12.733835
12.894068
12.732699
27.921027
28.832768
22.914678
23.078304
12.892029
12.727858
12.729178
28.239537
28.551584
23.042676
22.977992
23.040607
25.514898
25.195556
25.511904
25.240268
24.748931
26.628408
26.013572
26.628621
26.045368
25.207212
25.559097
24.823857
25.599558
25.260727
22.131257
22.351543
22.139426
22.342337
21.490107
21.295653
21.495625
21.290843
22.134797
22.355762
22.347992
22.141465
21.489841
21.292963
21.289912
21.493632
20.462293
20.659837
20.465143
20.656615
19.93264
19.748483
19.934717
19.74658
20.460264
20.656201
20.654705
20.461425
19.930521
19.744866
19.744476
19.931042
19.1063
18.946102
19.245359
19.10775
19.243823
19.104308
19.241936
19.241799
19.104391
16.566637
16.409488
16.284096
16.162619
16.567413
16.411692
16.281942
16.161898
16.873137
16.730126
16.729758
16.872049
16.408878
16.56482
16.159678
16.280072
16.281333
16.160099
16.564436
16.407649
15.370848
15.370233
15.788207
15.646057
16.039731
15.9043
15.905635
16.040161
15.645607
15.786858
15.369141
15.369659
15.519789
14.186071
14.186558
14.012147
13.800185
14.011721
14.531082
14.381117
14.531565
14.380653
14.185596
14.185152
13.79909
14.01008
14.010446
13.008744
12.853033
12.853011
24.368195
24.322841
26.568452
25.90281
25.963751
25.421486
25.145526
24.787069
25.499604
25.239516
24.709463
24.503124
24.495767
26.569576
26.018815
26.566689
26.003086
25.247834
25.597405
24.841431
24.804636
25.582223
25.265138
23.45243
23.290723
23.277136
23.458469
23.293687
23.280159
23.006055
23.920323
23.734801
23.95869
24.318411
24.172848
24.17508
24.119314
24.30782
24.162273
23.749828
23.972955
23.972948
23.316085
23.528493
23.340626
23.046659
23.543671
23.361274
23.355508
21.469448
21.269895
21.468764
21.270526
22.13558
22.361553
22.350648
22.1453
21.485551
21.289619
21.284156
21.491957
19.913038
19.7263
19.912491
19.726844
20.449846
20.648555
20.645301
20.452566
19.917547
19.732145
19.730792
19.919149
18.73899
18.567634
18.567001
18.406278
18.273025
18.406649
18.738487
18.566144
18.566504
18.407745
18.273507
18.407139
19.088012
18.927153
19.227005
19.226147
19.088766
18.927815
18.568343
18.741146
18.569026
18.275738
18.409728
18.409521
18.408411
18.275302
18.409043
18.741728
18.569795
18.569553
17.588922
17.453573
17.453098
17.315939
17.183977
17.316342
17.588476
17.452258
17.452658
17.317239
17.184409
17.316778
17.843106
17.713484
17.843588
18.13225
17.982677
17.982547
17.981667
18.13185
17.98218
17.713798
17.844038
17.843928
17.454043
17.590331
17.45445
17.18589
17.318375
17.318327
17.317692
17.185659
17.318077
17.590622
17.454782
17.45472
16.700411
16.844503
16.844084
16.699992
16.843251
16.53405
16.376821
16.246786
16.125156
16.533632
16.375582
16.248014
16.125564
17.0771
16.95876
16.958749
16.958223
17.076886
16.958552
16.844892
16.701498
16.701667
16.845389
16.377176
16.535108
16.126644
16.248712
16.248357
16.126524
16.535263
16.377563
15.604968
15.748759
15.866718
16.003778
15.604581
15.747593
15.867903
16.004181
15.322793
15.476623
15.476287
15.323119
15.749056
15.605798
16.005215
15.868471
15.868211
16.005107
15.605874
15.749287
15.323555
15.323382
15.477082
14.467163
14.312127
14.311929
14.467401
14.111077
14.110928
13.928782
13.708662
13.92889
14.467652
14.312257
14.46757
14.312301
14.111156
14.111149
13.708159
13.928621
13.928824
12.723211
12.887493
12.721441
22.917804
28.540276
28.555429
23.030904
23.030661
12.883636
12.71298
12.715363
28.236452
27.874019
22.96848
22.979173
22.916004
25.654192
25.293087
25.593527
25.229939
24.854861
26.629051
25.993312
26.628402
26.011957
25.215875
25.525847
24.795618
25.549424
25.239095
22.153831
22.37152
22.155037
22.370188
21.501016
21.299689
21.50177
21.299042
22.137635
22.345633
22.351162
22.132483
21.490757
21.286825
21.29017
21.486967
20.463836
20.659784
20.464281
20.659313
19.932007
19.745919
19.932417
19.745514
20.458649
20.651206
20.653432
20.456707
19.928276
19.74094
19.742119
19.926953
19.104288
18.943967
19.242351
19.10467
19.241962
19.101782
19.238405
19.239282
19.100976
18.940873
16.563162
16.406297
16.27975
16.158651
16.563512
16.40734
16.27871
16.158303
16.870354
16.72742
16.727204
16.405934
16.562086
16.157212
16.277938
16.278363
16.157353
16.561889
16.405455
15.367227
15.517572
15.517882
15.366928
15.7852
15.643366
16.037301
15.902344
15.902623
16.037426
15.643288
15.784965
15.366516
15.36668
15.51713
14.183339
14.183531
14.009224
13.797955
14.009022
14.528784
14.378569
14.528871
14.378507
14.183214
14.183178
13.797938
14.008929
14.008807
13.009185
12.856003
12.855272
24.499878
24.516363
26.567595
26.004535
25.992909
25.586225
25.311072
24.836357
25.566926
25.258898
24.87953
24.326857
24.410298
26.575147
25.979611
20.94657
26.574314
25.932867
25.292068
25.529204
25.454188
25.087072
23.555226
23.357448
23.366514
23.072671
23.552664
23.363643
23.366205
23.952314
23.679764
23.895903
24.153317
23.992116
24.025116
24.156406
24.22857
24.091126
23.631006
23.809031
23.838866
23.333524
23.480204
23.297869
22.966114
23.009277
23.438918
23.244356
23.263049
21.493931
21.294624
21.498154
21.290778
22.111742
22.308381
22.324013
22.098935
21.468571
21.262922
21.268983
21.461344
19.917898
19.732399
19.91965
19.73081
20.439821
20.630483
20.634266
20.436523
19.90973
19.721412
19.723509
19.907412
18.740288
18.566821
18.56811
18.409574
18.275212
18.409019
18.741307
18.569655
18.569085
18.40686
18.274318
18.408085
19.082228
18.92166
19.21843
19.220058
19.080712
18.920246
18.565366
18.73588
18.563919
18.269366
18.401962
18.402889
18.405478
18.270525
18.404102
18.734551
18.561686
18.562649
17.589276
17.452457
17.453384
17.318176
17.185263
17.317711
17.590026
17.454586
17.454114
17.316101
17.18457
17.317001
17.840374
17.709228
17.839222
18.126115
17.975791
17.976622
17.978888
18.127225
17.97769
17.708235
17.837389
17.838194
17.451421
17.586174
17.450384
17.180858
17.312455
17.313184
17.315098
17.181743
17.314092
17.585212
17.448704
17.44945
16.700374
16.843283
16.84409
16.701008
16.845176
16.533958
16.375517
16.248484
16.125949
16.534587
16.377336
16.246703
16.125353
17.072178
16.953232
16.953922
16.955692
17.073041
16.954766
16.842388
16.697833
16.697027
16.83999
16.374671
16.531447
16.12225
16.243627
16.245877
16.123004
16.530647
16.37237
15.604609
15.747409
15.868237
16.004517
15.605161
15.749053
15.866557
16.003933
15.322376
15.475248
15.321743
15.746662
15.602464
16.000904
15.863671
15.86579
16.001642
15.601766
15.744592
15.320346
15.32105
14.466258
14.310145
14.310772
14.465644
14.108741
14.109403
13.92732
13.705329
13.926669
14.464298
14.309467
14.464977
14.308778
14.10803
14.107307
13.702692
13.923631
13.924387
12.704893
12.874618
12.70201
22.959448
27.897285
27.736221
22.89749
22.878354
12.867989
12.689649
12.692787
27.855799
27.616304
22.891958
22.835734
22.873638
22.805894
25.54862
25.184339
24.802259
25.567247
25.245963
26.630573
26.017052
26.056
25.183014
25.563615
24.918082
24.748423
25.626209
25.348348
22.127794
22.338768
22.126081
22.339891
21.484973
21.283345
21.482763
21.285486
22.151592
22.37803
22.366494
22.160936
21.50128
21.304175
21.29978
21.506485
20.456909
20.649406
20.455295
20.651152
19.927618
19.740477
19.92632
19.741697
20.465692
20.663878
20.660969
20.468305
19.934272
19.749782
19.747871
19.93631
19.101947
18.941869
19.238284
19.100933
18.940893
19.239339
19.106861
19.246134
19.244498
19.108428
18.948055
16.563256
16.407726
16.27817
16.157948
16.562553
16.405678
16.280198
16.158628
16.873058
16.731602
16.874166
16.732659
16.876187
16.408739
16.566264
16.162491
16.284192
16.281194
16.161487
16.567309
16.411773
15.367961
15.519325
15.518537
15.368741
15.788073
15.647402
16.042518
15.908352
15.905491
16.04153
15.648344
15.790888
15.370546
15.36962
15.521154
14.185695
14.184948
14.010099
13.800178
14.01076
14.532817
14.38174
14.531949
14.382605
14.186522
14.187391
13.80281
14.014158
14.013265
13.016975
12.866211
12.864183
24.359873
24.467884
26.572274
25.996073
25.936675
25.565607
25.36799
24.648652
25.46827
25.09398
24.404555
24.471284
26.570953
25.97862
20.943185
25.936452
25.358721
25.545246
24.757324
25.479922
25.197226
23.511297
23.35473
23.323957
22.997325
23.46091
23.251315
23.282458
23.996776
23.732521
23.952353
24.231277
24.088687
24.100108
24.20848
24.290291
24.150805
23.697088
23.894972
23.909612
23.359957
23.529018
23.342694
23.017124
23.049224
23.500119
23.303602
23.319365
21.469028
21.263422
21.462886
21.268164
22.133261
22.342173
22.349978
22.1276
21.479152
21.276011
21.276897
21.477508
19.906169
19.719377
19.905393
19.719987
20.441364
20.637227
20.636862
20.441925
19.909455
19.723747
19.722923
19.910264
18.732953
18.561441
18.561047
18.401391
18.267704
18.401184
18.732779
18.561103
18.560906
18.401654
18.267795
18.401297
19.081111
18.920499
19.219787
19.219
19.081874
18.921231
18.561995
18.734663
18.562631
18.269782
18.404065
18.403407
18.40217
18.269171
18.40277
18.735362
18.563982
18.563298
17.583702
17.448123
17.447942
17.311957
17.179386
17.311703
17.583698
17.448201
17.447953
17.311838
17.179344
17.311677
17.837308
17.707768
17.837791
18.126429
17.977417
17.976836
17.975772
18.125846
17.97628
17.708277
17.838881
17.838322
17.448444
17.584682
17.448855
17.180552
17.313443
17.31297
17.312137
17.180129
17.312526
17.585169
17.449813
17.44932
16.69551
16.839243
16.839152
16.695599
16.529085
16.371486
16.243142
16.120817
16.529195
16.371879
16.242727
16.120674
17.071796
16.953849
16.953438
16.952733
17.071392
16.953057
16.839464
16.696081
16.696433
16.371643
16.529573
16.121286
16.243717
16.242871
16.121016
16.529894
16.372529
15.600163
15.743584
15.863193
15.999481
15.600352
15.744118
15.862681
15.999328
15.318116
15.318042
15.743658
15.600287
15.999872
15.863438
15.86277
15.99962
15.600475
15.744278
15.318182
15.318072
14.461906
14.306092
14.306293
14.461734
14.104356
14.10461
13.921796
13.699077
13.921378
14.461644
14.305981
14.461652
14.305942
14.10419
14.104096
13.697992
13.920581
13.920677
12.680815
12.857425
12.678125
22.562821
27.727847
27.869441
22.590922
22.668785
12.852346
12.668142
12.670528
26.653591
27.102506
22.066433
22.23614
22.328488
22.322903
25.544119
25.135865
25.621529
25.346956
26.630286
26.026238
26.059921
25.146837
25.56875
24.841341
24.711295
25.621558
25.275269
22.148518
22.373487
22.157673
22.361666
21.50207
21.304498
21.506144
21.301427
22.140716
22.360204
22.352816
22.146466
21.497598
21.300008
21.297905
21.500281
20.469235
20.665469
20.470137
20.66422
19.938268
19.752074
19.938539
19.751929
20.468275
20.663912
20.662791
20.469228
19.938228
19.752708
19.752082
19.938904
19.110952
18.950608
19.248507
19.110805
18.950422
19.248602
19.111546
19.249645
19.249121
19.112044
18.951724
16.570236
16.414192
16.285
16.16489
16.569717
16.412581
16.286639
16.165434
16.878848
16.736611
16.736842
16.879546
16.41453
16.571253
16.166691
16.287596
16.286985
16.166491
16.571466
16.415143
15.374374
15.52545
15.524988
15.374843
15.793714
15.652314
16.04671
15.911738
15.911173
16.046514
15.652496
15.794274
15.3755
15.525818
15.375216
14.191665
14.191163
14.016549
13.806961
14.017187
14.537683
14.387228
14.537394
14.387533
14.192071
14.192382
13.808465
14.018814
14.018544
13.026509
12.877069
12.876043
24.405052
24.411473
26.573311
25.989795
26.573172
25.96531
25.540207
25.196204
24.768189
25.515796
25.212202
24.551923
24.45628
26.570635
25.969853
26.569168
20.955231
26.042639
25.159246
25.530341
24.957202
24.734333
25.637539
25.390404
23.477747
23.300583
23.296068
23.007723
23.478203
23.297345
23.295836
23.902212
23.726584
23.944183
24.359821
24.240335
24.208703
24.091786
24.277444
24.1403
23.770342
24.024931
23.999464
23.31517
23.525254
23.34096
23.55951
23.380347
23.367864
21.473488
21.272295
21.47166
21.274057
22.140934
22.367068
22.356045
22.150181
21.489977
21.292804
21.288158
21.495534
19.913852
19.726185
19.912572
19.727392
20.45208
20.650521
20.647959
20.45414
19.918615
19.732284
19.731513
19.919619
18.738411
18.566911
18.566192
18.404747
18.271744
18.405453
18.737598
18.564692
18.565434
18.406824
18.272412
18.406163
19.087634
18.926571
19.226295
19.225989
19.087845
18.926707
18.5675
18.740291
18.567848
18.273678
18.407203
18.407609
18.407351
18.27374
18.407643
18.740355
18.567451
18.567852
17.587222
17.451657
17.451276
17.313926
17.181916
17.3144
17.586733
17.450318
17.450815
17.315189
17.182325
17.314834
17.841402
17.71129
17.841538
18.130024
17.979752
17.980152
17.980097
18.130111
17.980261
17.71116
17.841031
17.841418
17.451909
17.588
17.451981
17.182764
17.315004
17.315334
17.315417
17.182905
17.315474
17.587864
17.451495
17.451841
16.697914
16.841996
16.697581
16.531239
16.373696
16.244047
16.122191
16.530943
16.372872
16.244841
16.122444
17.073892
16.955087
16.955371
16.955486
17.074028
16.955508
16.842169
16.698342
16.698219
16.373809
16.531565
16.122583
16.244597
16.24495
16.12271
16.531418
16.373426
15.601325
15.745135
15.863709
16.000724
15.601143
15.744534
15.864344
16.000962
15.319137
15.319258
15.745206
15.601464
16.001084
15.86407
15.864419
16.001206
15.601342
15.744885
15.319289
15.319312
15.472925
14.462021
14.306205
14.306194
14.462049
14.104034
14.104072
13.920474
13.69715
13.920439
14.461941
14.306169
14.462025
14.306079
14.103952
14.103818
13.696533
13.91997
13.920147
12.66248
12.845007
12.663429
21.731324
3.3462246
13.143979
30.217684
19.608472
21.789453
12.839313
12.660936
12.669115
11.477263
13.526124
13.513616
19.683092
17.305538
25.573349
25.278184
25.591241
25.26206
24.846652
26.629661
26.03599
25.985128
25.310833
25.589058
24.868015
25.517329
25.177763
22.160837
22.37685
22.160967
22.376637
21.509086
21.307114
21.508887
21.307378
22.149983
22.360685
22.363335
22.14795
21.503614
21.301808
21.303025
21.502312
20.472932
20.667968
20.472656
20.668266
19.941325
19.75471
19.941152
19.754848
20.47075
20.664703
20.665791
20.469685
19.939526
19.752069
19.753087
19.9385
19.11344
18.952981
19.25114
19.113416
18.952979
19.251189
19.111698
19.248449
19.24945
19.110704
18.950276
16.571308
16.414465
16.28762
16.166714
16.571547
16.415171
16.286931
16.166479
16.878517
16.735365
16.734799
16.876862
16.413984
16.569852
16.164701
16.285055
16.286471
16.165179
16.569284
16.412472
15.375519
15.525832
15.526114
15.375241
15.79322
15.651096
16.044787
15.909424
15.910639
16.045237
15.65071
15.792093
15.374554
15.374907
15.525132
14.192379
14.192574
14.019099
13.809156
14.019036
14.536973
14.387262
14.537255
14.387013
14.192143
14.191899
13.80878
14.018457
14.018594
13.030683
12.882749
12.882223
24.468375
24.43409
26.565461
25.931262
26.56694
26.569689
25.969562
25.482256
25.273503
25.532344
25.341154
24.333323
24.539748
26.570383
26.051838
26.568798
20.941794
25.937001
25.37585
25.643055
24.264068
24.940181
25.457079
24.662028
23.536276
23.364402
23.355546
23.069411
23.54115
23.373092
23.358805
23.066587
24.014831
23.736717
23.972926
24.153776
23.817521
24.022876
24.228831
24.343429
24.188081
23.621626
23.673379
23.833113
23.362353
23.519719
23.323229
22.967788
23.02405
23.427131
23.177736
23.249625
21.493608
21.294921
21.498893
21.289872
22.105668
22.291404
22.319956
22.082872
21.460781
21.251243
21.2614
21.448439
19.914635
19.729861
19.917343
19.727418
20.434085
20.622174
20.628044
20.429173
19.905316
19.71683
19.719506
19.902288
18.736717
18.563259
18.564356
18.406443
18.271616
18.405433
18.738028
18.566655
18.565563
18.403399
18.270641
18.404351
19.07934
18.919548
19.215182
19.216877
19.07803
18.918945
18.562426
18.733951
18.561735
18.267729
18.39771
18.400992
18.4027
18.268733
18.402106
18.732866
18.556941
18.560459
17.585751
17.449523
17.449894
17.314532
17.181526
17.314006
17.586335
17.45099
17.450417
17.313208
17.1811
17.313534
17.838069
17.707829
17.837764
18.124694
17.972361
17.975173
17.976452
18.125594
17.976079
17.7071
17.834382
17.836956
17.449321
17.584855
17.449136
17.179902
17.310124
17.312209
17.313036
17.18052
17.312856
17.584202
17.446298
17.448497
16.696996
16.840719
16.697286
16.530152
16.372426
16.244309
16.1218
16.530447
16.373115
16.243689
16.121584
17.071406
16.952779
16.953374
16.953629
17.071827
16.953544
16.840715
16.696885
16.696548
16.839274
16.372424
16.529906
16.121038
16.241352
16.243695
16.121458
16.529404
16.370072
15.600554
15.744201
15.863821
16.000353
15.600711
15.744657
15.863308
16.000156
15.318527
15.31849
15.744191
15.600445
15.999655
15.861304
15.863304
16.000046
15.600417
15.742777
15.318607
15.318548
15.47255
14.461035
14.305052
14.305174
14.460928
14.102611
14.102753
13.919333
13.694942
13.919166
14.460759
14.304952
14.460861
14.304814
14.102511
14.102405
13.694451
13.919196
13.919111
12.648007
12.836597
12.646842
21.477934
26.518937
26.127956
21.98123
21.815242
12.834014
12.645148
12.64523
27.130834
26.554648
21.451407
21.710257
25.706422
25.310691
25.655929
25.240217
24.872938
26.621431
25.93687
26.052504
25.167454
25.452716
25.583076
25.225464
22.155424
22.370934
22.154578
22.372173
21.502877
21.301295
21.502836
21.301155
22.146961
22.355087
22.360211
22.142347
21.499693
21.296421
21.298856
21.496708
20.466731
20.662549
20.467261
20.662078
19.935088
19.749203
19.935671
19.748643
20.466435
20.660179
20.661434
20.465474
19.935599
19.74898
19.74938
19.935157
19.107513
18.947275
19.245611
19.107923
18.947615
19.245153
19.108748
19.246198
19.246265
19.108916
18.949822
16.568664
16.413005
16.284819
16.164103
16.56843
16.412205
16.285652
16.164378
16.878138
16.736334
16.736572
16.878377
16.413743
16.570595
16.166285
16.285493
16.286371
16.16621
16.570649
16.412915
15.374277
15.525479
15.374751
15.793381
15.652178
16.046394
15.909987
15.910698
16.046313
15.652561
15.793195
15.375906
15.37535
15.526822
14.192033
14.191732
14.018516
13.808758
14.01876
14.537796
14.38755
14.537482
14.387816
14.192381
14.192674
13.809644
14.020396
14.020012
13.032114
12.887945
12.887354
11.966009
13.274868
11.994616
13.272219
11.996369
13.269857
11.996373
21.05456
13.273836
11.993991
21.056416
13.276355
12.003271
13.275113
11.993882
21.051393
13.277197
11.985443
21.051623
13.285221
11.994061
13.29026
12.000247
13.290657
11.917338
11.894524
13.43394
13.44073
13.172953
6.3240757
13.17937
11.983693
13.534416
13.532252
13.272911
11.88196
11.87099
13.441849
13.446161
13.180411
13.184019
11.994269
21.051725
13.531534
13.528799
13.269754
11.869869
11.871074
13.445962
13.440366
13.183696
13.177231
11.994224
21.052177
13.528844
13.531648
13.273175
11.870493
20.945378
11.891899
13.439307
13.434301
13.176023
13.169682
11.985105
21.052372
13.532229
13.534199
13.276421
11.88081
20.95211
11.880784
20.948705
13.43408
13.433615
13.169228
13.166923
11.986938
21.050139
13.534033
13.532139
13.275176
11.864285
20.942604
11.870968
20.945223
13.433477
13.430674
13.166492
13.161455
11.993775
21.050978
13.53197
13.532606
13.276566
11.87144
11.888251
20.952507
13.429883
13.422561
13.160329
13.150672
11.987046
21.052657
13.533126
13.539347
13.284186
11.887962
11.877011
20.946648
13.421599
13.417408
13.149376
13.142802
11.993455
21.054589
13.540262
13.544207
13.289965
11.877354
11.869891
13.417055
13.414178
13.142131
13.137907
11.997732
13.54439
13.543964
13.290613
11.870024
11.919567
13.413689
13.409536
13.13718
13.132869
11.963303
21.028217
13.543922
13.542977
13.290086
21.89687
22.44777
22.545914
21.844679
20.244726
20.812366
20.832887
20.231569
19.348711
19.356816
11.977318
23.711385
24.21348
24.243563
23.697953
17.744163
18.159053
18.160536
17.743325
17.111884
17.111607
12.551912
13.275764
12.55004
21.933496
22.541449
21.914603
22.574093
20.272887
20.856078
20.264922
20.865803
19.371628
19.378347
11.994392
21.05314
23.701907
24.344442
23.775711
24.247453
17.737394
18.15651
17.739665
18.154054
17.106465
17.104224
12.559772
13.270542
12.567171
21.900817
22.551424
21.917302
22.519794
20.263323
20.858316
20.268644
20.851145
19.377106
19.373165
11.978149
23.771385
24.240801
23.704298
24.360304
18.945047
18.944664
17.735969
18.152159
17.735668
18.152472
17.102618
17.102939
12.578581
13.270818
12.58443
21.882457
22.569886
21.920895
22.505189
20.247455
20.849082
20.257337
20.833421
19.366003
19.360237
11.985342
23.763239
24.202608
23.672092
24.330795
18.950585
18.946909
17.740507
18.154475
17.738042
18.157306
17.10513
17.107147
12.592013
13.275559
12.59502
21.926389
22.526884
21.895203
22.573876
20.259972
20.8386
20.250626
20.853095
19.361775
19.367056
11.994066
21.052272
23.678722
24.274572
23.726574
24.216103
17.736388
18.155951
17.739265
18.152757
17.10606
17.103586
12.595942
13.275818
12.593699
21.89832
22.520842
21.896117
22.523123
20.259535
20.845162
20.257908
20.846797
19.368707
19.370313
11.990963
21.052945
23.74693
24.287303
23.741873
24.314124
18.943321
18.944441
17.733901
18.151567
17.734944
18.150497
17.101762
17.100732
12.588559
13.275239
12.584448
21.919364
22.575155
21.933691
22.560754
20.262232
20.862237
20.268455
20.853395
19.374142
19.370289
11.996346
23.684896
24.261748
23.705708
24.218467
17.734633
18.148472
17.732279
18.150981
17.099677
17.101835
12.581179
13.279787
12.593752
21.907307
22.497532
21.880638
22.550857
20.253066
20.835122
20.249662
20.842588
19.362468
19.363474
12.001649
21.058649
23.678403
24.371416
23.789856
24.193595
18.950004
17.741472
18.156924
17.740212
18.158033
17.106968
17.108433
12.600781
13.287828
12.614201
21.903929
22.524274
21.898133
22.530135
20.261489
20.845154
20.257245
20.850029
19.367559
19.370696
11.993782
23.754777
24.303728
23.749975
24.314867
17.742419
18.159631
17.742875
18.159305
17.10959
17.108984
12.634325
13.290652
12.642655
21.919333
22.578695
21.935933
22.565292
20.258309
20.862698
20.267789
20.849998
19.372063
19.366406
11.985788
21.052501
23.754154
24.286346
23.736732
24.326878
17.739018
18.155347
17.738842
18.155192
17.106146
17.106737
12.650381
13.29122
12.651065
11.874462
20.948299
11.86505
22.633853
22.900362
22.757356
22.736652
23.018772
23.068499
22.768368
21.677935
21.027431
21.051586
21.63552
21.906975
22.538085
22.557463
21.911824
21.687137
21.071692
21.058094
21.695993
20.069587
19.519238
19.528098
20.05787
20.248695
20.852396
20.838636
20.261281
20.073109
19.54061
19.530593
20.085082
19.36848
19.359065
13.437092
13.43779
12.47815
13.175936
12.494794
13.633472
13.672078
13.176607
12.498349
12.496473
23.042313
13.669316
13.67077
24.374636
24.712676
24.419468
24.765802
11.999734
21.058963
24.601653
24.962408
24.447358
23.516718
23.50394
22.748472
23.032782
22.767825
23.732355
24.407253
24.271726
23.80858
23.534754
23.594614
22.80233
22.778041
21.936682
22.550697
22.566917
21.920732
21.720421
21.08572
21.096243
21.7057
21.941389
22.594044
22.57564
21.948278
21.724178
21.09941
21.097995
21.728989
20.287275
20.867979
20.877217
20.281519
20.11154
19.565032
19.568597
20.106511
20.287605
20.879375
20.878516
20.287543
20.111641
19.567424
19.56819
20.111394
18.767598
18.301729
18.303355
18.764466
19.393872
19.397001
18.766685
18.300205
18.302327
18.76505
19.395556
19.396483
17.621759
17.219045
17.219498
17.621203
17.743032
18.157188
18.159464
17.740394
17.620614
17.215271
17.218318
17.617867
17.107315
17.110434
13.535263
13.534557
23.391416
13.702889
13.721284
13.275117
12.557444
12.551516
13.714854
13.71418
11.872468
20.94718
24.764669
24.868257
11.872203
22.741087
23.025691
23.072792
22.779669
22.770144
23.062629
23.075691
22.783729
21.714972
21.075286
21.698991
21.085989
21.937141
22.565191
22.578561
21.926447
21.718082
21.081648
21.087776
21.708583
20.096269
19.543869
20.088648
19.550768
20.273962
20.862129
20.867312
20.270953
20.09729
19.550458
19.551743
20.094816
19.378324
19.379325
13.444777
13.445446
12.498589
13.18307
12.497576
13.669511
13.670913
13.183638
12.495623
12.497067
13.673201
13.670843
22.963651
24.528321
24.878049
24.427513
11.994093
21.052383
24.423969
24.776462
24.44132
24.797257
23.503458
23.568997
22.790983
23.084354
23.034643
22.748713
23.70573
24.244129
24.258676
23.69977
23.504874
23.501668
22.746965
22.744769
21.920429
22.584995
21.943488
22.548239
21.705344
21.096964
21.725007
21.08467
21.915783
22.546245
22.543672
21.917303
21.701033
21.080859
21.08154
21.701928
20.279151
20.877265
20.28615
20.866686
20.103988
19.56655
20.11017
19.562102
20.277173
20.862889
20.863908
20.275627
20.102203
19.559169
19.560743
20.100602
18.761422
18.299538
18.764387
18.296981
19.394758
19.390716
18.945977
18.944611
18.760476
18.295007
18.296182
18.759161
19.387928
19.389461
17.614873
17.214446
17.617116
17.212219
17.736731
18.152166
18.153297
17.735697
17.614231
17.210655
17.211621
17.613219
17.102672
17.103633
13.529767
13.529356
22.878976
13.716636
13.722314
13.270169
12.576381
12.569431
23.210618
13.73171
13.724963
23.093824
11.895065
24.852119
24.6374
11.880695
20.951123
22.755024
23.046175
22.995682
22.715972
22.782206
23.080172
23.008804
22.726368
21.687315
21.077085
21.700822
21.068904
21.904878
22.57311
22.528336
21.923839
21.690269
21.072009
21.069523
21.703512
20.087884
19.549101
20.092825
19.544961
20.262538
20.85172
20.851265
20.259647
20.08694
19.539701
19.543789
20.083525
19.36783
19.371968
13.444256
13.443398
12.495783
13.181622
12.493885
13.678826
13.677264
13.180653
12.483086
12.489948
13.658087
13.673284
23.019035
24.416915
24.763423
24.554111
11.990062
24.385143
24.738944
24.513714
24.869796
23.561085
23.507627
22.753942
23.07226
22.777928
23.755109
24.206926
24.326654
23.672086
23.548403
23.477432
22.733209
23.01581
23.064265
22.771526
21.930035
22.552803
21.921688
22.571597
21.711908
21.082697
21.705563
21.08556
21.926996
22.535155
22.56621
21.912861
21.709456
21.080874
21.08439
21.699039
20.277395
20.864308
20.276242
20.866544
20.102017
19.559357
20.101062
19.559951
20.277053
20.863427
20.865661
20.27692
20.101778
19.56061
19.559893
20.101985
18.759556
18.295008
18.759195
18.295331
19.388067
19.388587
18.945087
18.946001
18.759618
18.296509
18.295442
18.760582
19.389356
19.388562
17.613484
17.210605
17.613183
17.210921
17.736137
18.153693
18.152599
17.737314
17.613666
17.21242
17.211142
17.614869
17.104466
17.103171
13.529603
13.530031
13.734319
13.743494
13.271322
12.590787
12.586204
23.178592
13.757418
13.747402
11.891821
24.691182
11.887599
20.951536
22.778715
23.076163
22.703553
22.70184
22.985029
22.962855
22.682882
21.668574
21.069276
21.700598
21.050673
21.871442
22.50345
22.487053
21.881013
21.659442
21.050044
21.045621
21.667328
20.072651
19.53779
20.081323
19.531508
20.245074
20.832955
20.829277
20.247276
20.070628
19.531381
19.530162
20.072512
19.360093
19.359027
13.436457
13.435714
12.481653
13.172663
12.478002
13.655955
13.652194
22.827532
13.171729
12.473605
12.476892
13.647352
13.651291
22.942537
24.378641
24.729459
24.516485
11.986719
21.052317
24.517372
24.87146
24.54907
24.900293
23.558146
23.477931
22.734236
22.785341
23.789769
24.3317
24.363171
23.763961
23.58206
23.558848
22.786211
23.077791
23.095354
22.800933
21.941257
22.536323
21.914461
22.580598
21.723209
21.082568
21.700722
21.096021
21.949197
22.5815
22.594072
21.942023
21.729772
21.096288
21.099708
21.723863
20.285855
20.865066
20.278326
20.876534
20.109998
19.561721
20.103311
19.566676
20.287723
20.876687
20.8796
20.285762
20.11162
19.566439
19.567816
20.109853
18.764919
18.297313
18.761458
18.300289
19.390407
19.394964
18.951391
18.950298
18.765668
18.299983
18.30091
18.764632
19.39471
19.395999
17.617945
17.213095
17.615583
17.215189
17.740992
18.156994
18.157888
17.740179
17.618402
17.21485
17.215574
17.617613
17.106808
17.107511
13.533707
13.534017
13.761042
13.766801
13.275957
12.596212
12.59558
23.176322
13.767844
13.767697
11.871416
11.869754
20.944308
22.728861
23.016932
22.781741
22.733598
23.020886
23.070783
22.777042
21.706072
21.056834
21.679177
21.073761
21.926066
22.532503
22.570666
21.903393
21.70626
21.066002
21.074731
21.687888
20.083564
19.533271
20.075372
19.539084
20.261134
20.847652
20.85417
20.258961
20.084713
19.540481
19.540152
20.083423
19.368726
19.368092
13.433845
13.433818
12.472509
13.168241
12.46914
22.850239
13.645391
13.63786
13.167951
12.461676
12.467531
13.627811
13.635935
24.454149
24.803844
24.395027
11.995678
21.053064
24.471732
24.413007
24.765208
23.482919
23.526664
22.766547
23.018548
22.734616
23.692092
24.289231
24.233887
23.733759
23.494088
23.532193
22.767378
23.025344
22.739518
21.911661
22.564565
21.931888
22.535629
21.697661
21.091292
21.715389
21.079513
21.912635
22.564038
22.53925
21.927914
21.698129
21.085582
21.079147
21.710692
20.275851
20.872453
20.283027
20.862146
20.100963
19.564651
20.107433
19.559654
20.275185
20.866679
20.86165
20.277448
20.100281
19.559582
19.558972
20.101976
18.759645
18.298889
18.763368
18.295572
19.393061
19.388402
18.944396
18.944339
18.759002
18.294502
18.294938
18.758824
19.388111
19.387726
17.613949
17.214073
17.616736
17.211528
17.735769
18.15162
18.152129
17.735065
17.613333
17.209976
17.210916
17.612567
17.101985
17.102976
13.533186
13.53288
23.278891
13.767791
13.766228
13.275613
12.589881
12.592898
13.758326
13.764267
11.881377
20.952187
11.868088
20.945564
22.720465
23.006066
22.722147
22.776065
23.067762
23.026207
22.738268
21.683859
21.06282
21.681844
21.064492
21.906391
22.57125
22.536692
21.930541
21.690673
21.08149
21.068591
21.71161
20.084313
19.54034
20.082682
19.541961
20.261668
20.861085
20.850261
20.267976
20.086149
19.546374
19.54319
20.091429
19.374141
19.37141
13.432754
13.432379
12.459492
13.164849
12.451054
22.983253
13.623545
13.608932
13.164154
12.435072
12.447449
13.582122
13.60359
24.463551
24.805427
24.499736
12.000846
21.056866
24.439966
24.439469
24.784666
23.541851
23.540982
22.774655
22.770656
23.720164
24.257036
24.262753
23.703767
23.520835
23.503014
22.742448
22.760521
21.929343
22.570551
21.932113
22.566566
21.711885
21.08761
21.71424
21.086046
21.924339
22.540823
22.558132
21.910772
21.707614
21.07505
21.083307
21.695461
20.277058
20.868335
20.278313
20.866901
20.101433
19.559915
20.102665
19.558727
20.275421
20.857334
20.864516
20.270673
20.099966
19.554673
19.557623
20.095794
18.757771
18.294473
18.758883
18.29339
19.388367
19.387193
18.940428
18.756986
18.291156
18.292712
18.755082
19.383505
19.386174
17.611386
17.20977
17.612424
17.208739
17.73334
18.148399
18.149851
17.732166
17.610851
17.207421
17.208273
17.609762
17.099505
17.100287
13.531753
13.531811
13.757035
13.753399
22.996913
13.275415
12.581049
12.583338
22.914965
13.757465
13.752554
23.025891
11.870902
20.945973
11.868995
24.639203
24.852079
22.779829
23.070994
23.060766
22.766778
22.688064
23.03916
22.747407
21.700922
21.082966
21.71432
21.07303
21.907281
22.493302
22.543194
21.878783
21.690443
21.051986
21.066377
21.666666
20.086185
19.546432
20.091764
19.542251
20.258535
20.835314
20.847688
20.25023
20.082941
19.534434
19.539946
20.075535
19.363123
19.368195
13.426921
13.425811
12.430171
13.156369
12.411756
23.069859
13.5743
5.3022959
13.55161
13.154927
12.382276
12.40488
7.091445
13.519494
13.543533
24.445598
24.394721
24.743726
12.001557
21.058571
24.563862
24.403875
23.489569
23.503874
22.740639
23.028934
22.741334
23.698059
24.375274
24.229753
23.793794
23.502535
23.583518
22.796525
23.092495
22.752392
21.915432
22.538708
21.908767
22.541878
21.70049
21.074003
21.693686
21.079939
21.922925
22.588831
22.552154
21.943277
21.707102
21.094908
21.084399
21.724031
20.27458
20.856488
20.270252
20.861986
20.09949
19.554531
20.095466
19.557888
20.277376
20.875136
20.865911
20.284151
20.102033
19.565095
19.559908
20.108293
18.757844
18.291214
18.755089
18.293785
19.383404
19.386605
18.759407
18.299085
18.295202
18.763607
19.393441
19.388505
17.612197
17.207582
17.609888
17.209776
17.735888
18.156136
18.152353
17.739421
17.613419
17.214192
17.21091
17.616882
17.10617
17.102944
13.535442
13.536395
13.767374
13.779724
23.896998
13.280844
12.596942
12.596658
13.782329
13.778625
23.928619
11.866879
20.942708
24.927633
11.867285
24.921299
22.693131
22.972152
23.054799
22.758375
22.73168
23.06063
22.764448
21.68878
21.052029
21.667916
21.061732
21.912
22.531336
22.556835
21.902447
21.692924
21.064096
21.064416
21.686691
20.077549
19.533771
20.074915
19.535035
20.254562
20.845601
20.844894
20.256787
20.078861
19.538456
19.535965
20.081268
19.366754
19.364316
13.419291
13.418714
12.373853
13.146064
12.346574
22.733969
13.512193
13.497224
13.145146
12.308635
12.337261
13.505444
13.493882
24.560274
24.915367
24.362536
24.702636
12.001924
21.058714
24.489848
24.368714
23.487235
23.579704
22.793791
23.089291
22.746718
23.678486
24.307233
24.198082
23.747448
23.486101
23.543454
22.772807
23.06366
22.743555
21.924282
22.586543
21.942349
22.548518
21.709639
21.095093
21.723464
21.08924
21.921881
22.568969
22.54532
21.933324
21.707615
21.092613
21.088214
21.71653
20.283318
20.875479
20.284775
20.871188
20.108057
19.56585
20.108968
19.565961
20.283061
20.874
20.870414
20.285317
20.107909
19.567656
19.566027
20.109939
18.765216
18.299873
18.764387
18.300925
19.394208
19.39453
18.950917
18.952249
18.765426
18.302276
18.301172
18.766693
19.396185
19.394641
17.618981
17.21499
17.617675
17.216421
17.741752
18.15934
18.158289
17.742664
17.619268
17.217494
17.216728
17.62014
17.109484
17.108747
13.542522
13.543088
13.776535
13.780012
23.097322
13.288509
12.630697
12.618486
13.792802
13.78426
11.876807
20.946717
24.754692
11.895313
22.72427
23.009941
23.014603
22.729821
22.784802
23.080727
23.028588
22.742767
21.689014
21.063135
21.683385
21.068209
21.911938
22.577575
22.541948
21.933896
21.695908
21.083331
21.0725
21.714544
20.085896
19.53925
20.081874
19.542599
20.263764
20.862526
20.85368
20.268296
20.087849
19.545412
19.543864
20.091395
19.372921
19.3718
13.41593
13.415504
12.29902
13.140667
12.23791
13.507459
13.734261
13.140234
12.250765
12.203669
21.726588
13.508859
13.931821
24.483976
24.831786
24.496811
11.980342
21.050303
24.407536
24.748557
24.508433
23.55045
23.547692
22.779392
23.069992
23.070062
22.778883
23.748852
24.235224
24.320313
23.706928
23.543182
23.512024
22.761322
22.772116
21.93809
22.575342
21.937835
22.574735
21.720902
21.09478
21.720344
21.095749
21.934717
22.560499
22.568735
21.930261
21.71822
21.091091
21.094405
21.714239
20.28709
20.875792
20.286392
20.876743
20.111457
19.568312
20.110871
19.568585
20.286366
20.872433
20.875643
20.283346
20.110784
19.565041
19.567974
20.107793
18.76701
18.302597
18.767111
18.302322
19.396781
19.396966
18.766411
18.299056
18.301718
18.763627
19.393445
19.396361
17.619836
17.217617
17.620328
17.217029
17.741835
18.156108
18.158704
17.739473
17.61926
17.214491
17.216483
17.616987
17.106561
17.108452
13.544434
13.544325
23.405261
13.796031
13.806224
13.290661
12.649283
12.644658
13.822758
13.810478
11.879779
20.950571
24.910651
24.848626
11.859408
22.784552
23.077614
23.068146
22.773158
22.640681
22.90706
23.058858
22.759203
21.699824
21.083843
21.716269
21.070002
21.904868
22.454439
22.549449
21.850773
21.686813
21.034299
21.061426
21.641683
20.082188
19.544575
20.090756
19.538304
20.253818
20.819501
20.842665
20.239248
20.078384
19.526958
19.536007
20.065627
19.356355
19.364453
13.412373
13.412068
12.256377
13.135669
12.257278
13.461106
13.434342
13.135329
12.241205
12.256134
13.374787
13.42579
22.127843
24.464901
24.810989
24.51519
11.989583
21.055858
24.401845
24.747546
24.406234
24.744558
23.548502
23.535501
22.77041
23.060011
23.067553
22.776017
23.711702
24.23463
24.235117
23.701422
23.517757
23.503308
22.742774
22.76661
21.93327
22.567023
21.932046
22.571208
21.715731
21.090755
21.715204
21.089877
21.931062
22.544825
22.564474
21.915252
21.714196
21.080348
21.08939
21.700322
20.280869
20.871885
20.282466
20.870719
20.105229
19.564044
20.106859
19.562601
20.280944
20.86256
20.870416
20.27602
20.105399
19.559671
19.563009
20.10102
18.762001
18.298253
18.762724
18.297952
19.392449
19.391115
18.948056
18.945864
18.762708
18.296871
18.298708
18.759472
19.388577
19.391576
17.616672
17.214035
17.6164
17.214565
17.739808
18.154251
18.155974
17.738641
17.617459
17.214417
17.215335
17.616541
17.107265
17.107485
13.544293
13.54454
23.412551
13.827079
13.842427
13.291495
12.635561
12.65005
22.487386
13.81026
13.846496
23.224015
26.348841
21.090198
11.997778
26.348979
14.713315
14.860995
14.862407
14.71203
13.001344
13.276336
21.059307
26.317525
12.002013
26.31886
14.706331
14.856032
14.70721
14.855137
13.000818
13.271582
21.05724
26.316315
12.001111
26.315015
14.703265
14.851994
14.703234
14.852025
13.000657
13.270074
26.316672
21.058373
12.001622
26.315384
14.706175
14.854484
14.705703
14.854966
13.006141
13.274472
21.058172
26.316685
12.001353
26.317606
14.705756
14.85503
14.706261
14.854504
13.009459
13.276213
21.053244
26.316071
11.991155
26.314726
14.702066
14.851066
14.702398
14.850725
13.008464
13.275099
21.051739
26.316062
11.993984
26.315815
14.702146
14.850242
14.701679
14.850708
13.011042
13.277954
21.051219
26.316153
11.982909
26.315227
14.708367
14.856313
14.707693
14.856988
13.020848
13.286181
26.315132
21.050815
11.981366
26.314712
14.710306
14.858987
14.71039
14.858897
13.028821
13.290466
21.054704
26.319132
11.990293
26.317258
14.708871
14.857305
14.708795
14.857392
13.03126
13.29077
20.974572
26.275814
11.874406
26.308346
20.955561
26.234564
11.893048
26.236539
15.127216
14.944413
14.946307
15.125454
15.131037
14.951192
14.949958
15.132319
14.63561
14.785908
14.787804
14.633851
13.7065
13.435695
14.639407
14.792741
14.791531
14.6406
13.439641
13.712814
12.902232
13.174781
14.039133
4.0358227
30.444236
13.178352
12.910065
28.076211
28.261843
21.050383
26.317045
11.981371
26.318731
15.196074
15.016575
15.017979
15.194804
15.191581
15.012358
15.013424
15.190532
13.803979
13.535773
14.709195
14.857012
14.708169
14.858064
13.533009
13.80102
13.273638
13.001227
20.947734
26.238185
11.869736
26.239063
20.945808
26.231412
11.871383
26.231853
15.135077
14.95252
15.133695
14.953856
15.139607
14.958437
14.95826
15.139785
14.643152
14.794039
14.641875
14.795343
13.713922
13.442934
14.647371
14.799818
14.799643
14.647547
13.446146
13.718371
12.911015
13.181412
27.545209
28.204076
13.184121
12.91371
28.629615
27.951115
21.051616
26.315393
11.994081
26.314945
15.18868
15.01137
15.010471
15.189563
15.185885
15.007421
15.007617
15.185698
13.800197
13.53087
14.703512
14.852075
14.703313
14.852276
13.528868
13.796817
13.269769
13.000304
20.945727
26.235603
11.868123
26.233496
26.233605
20.944396
11.869632
26.233032
15.139449
14.958379
15.139724
14.958113
15.135983
14.953822
14.954706
15.135084
14.647247
14.799763
14.647499
14.799502
13.71821
13.445564
14.643948
14.79527
14.796142
14.643088
13.441422
13.713075
12.913302
13.183168
28.66064
27.970762
13.178428
12.905481
28.446913
27.779297
21.05342
26.314498
11.995746
26.314864
15.185673
15.007346
15.007383
15.185631
15.187196
15.009383
15.00889
15.187696
13.796781
13.528999
14.704737
14.853984
14.705213
14.853501
13.531072
13.799064
13.272517
13.005336
20.946159
26.237455
11.868738
26.234774
26.234945
20.951459
11.88769
26.236634
15.133359
14.952948
15.134196
14.952125
15.131364
14.950313
14.950146
15.131544
14.641437
14.794407
14.642238
14.793596
13.712106
13.438281
14.63944
14.791759
14.791612
14.639565
13.434637
13.707936
12.904075
13.174838
29.056663
28.157061
13.17024
12.896164
28.437499
28.08298
21.05212
26.314869
11.986478
26.316781
15.188726
15.009895
15.010392
15.188218
15.189578
15.010908
15.011226
15.189248
13.79958
13.532786
14.706968
14.855466
14.706677
14.855772
13.534263
13.8011
13.276385
13.009448
20.946121
26.237386
11.868861
26.238356
20.950897
26.23245
11.88288
26.232695
15.132355
14.950639
15.131889
14.951085
15.1351
14.954215
14.953754
15.135569
14.640233
14.792062
14.639842
14.792483
13.70787
13.433949
14.64267
14.795496
14.795048
14.643099
13.433714
13.708634
12.895412
13.168855
29.009359
28.424234
13.167304
12.890432
28.032323
28.980925
21.049556
26.316063
11.986086
26.314687
15.188218
15.010455
15.009911
15.188779
15.185467
15.00679
15.007202
15.185056
13.800862
13.533789
14.703167
14.851437
14.702764
14.851846
13.532349
13.798511
13.275282
13.008522
26.234235
20.949023
11.879162
26.235171
20.945205
26.231741
11.870854
26.231098
15.136402
14.95464
15.136003
14.95503
15.137539
14.956002
14.956103
15.137447
14.64385
14.795908
14.643492
14.796285
13.708686
13.433292
14.644742
14.797169
14.79728
14.644616
13.43135
13.707355
12.889537
13.166007
28.317653
28.594674
13.162467
12.880447
27.900249
28.250009
26.314988
21.051308
11.993994
26.315229
15.184333
15.006416
15.00607
15.184681
15.183292
15.005209
15.005084
15.183408
13.798282
13.531845
14.701222
14.849943
14.701372
14.849805
13.532221
13.798438
13.276063
13.010263
26.231771
20.946068
11.871837
26.231177
20.955948
26.236933
11.892221
26.235207
15.136812
14.955754
15.137204
14.955362
15.133607
14.951616
14.952195
15.133025
14.643957
14.796917
14.644354
14.796525
13.706785
13.428983
14.640855
14.79283
14.793404
14.640281
13.4236
13.701002
12.878641
13.159094
27.405921
28.784981
13.152046
12.863559
27.455494
28.861833
26.31763
21.053077
11.985673
26.315905
15.184157
15.0055
15.005964
15.183694
15.18824
15.010847
15.009998
15.189097
13.798886
13.53378
14.706093
14.855544
14.706929
14.8547
13.538379
13.80465
13.283091
13.019539
20.953562
26.234767
11.891895
26.233882
20.955095
26.234251
11.895437
26.234631
15.132206
14.951143
15.132552
14.950792
15.132099
14.950769
14.950618
15.132264
14.639438
14.792358
14.639804
14.792002
13.700264
13.42073
14.639095
14.7919
14.791763
14.639208
13.417789
13.69759
12.861424
13.148173
27.987858
28.679234
13.143528
12.849587
28.110588
28.093637
21.049696
26.316732
11.98006
26.314856
15.190544
15.011618
15.012291
15.189871
15.192385
15.014246
15.014154
15.192471
13.805499
13.541104
14.710278
14.858983
14.710381
14.858884
13.54393
13.809003
13.289576
13.028154
20.953046
26.234854
11.893987
26.235372
20.945117
26.23677
11.868819
26.236364
15.132603
14.950933
15.132438
14.951088
15.132645
14.950985
14.951154
15.132454
14.639456
14.792049
14.639335
14.792192
13.697438
13.416705
14.63942
14.792067
14.792232
14.639247
13.414639
13.695908
12.848301
13.141538
28.815855
28.869008
13.13875
12.839232
28.33359
28.509646
21.058305
26.316197
12.00099
26.315357
15.192344
15.014241
15.014139
15.192458
15.190787
15.012501
15.012718
15.190536
13.809137
13.544482
14.709054
14.857379
14.708866
14.857576
13.544063
13.808548
13.290615
13.031065
20.953624
26.236821
11.883539
26.23754
20.975115
26.275487
11.877597
26.313587
15.132025
14.950792
15.132234
14.950612
15.131414
14.948405
14.950139
15.129812
14.638862
14.791878
14.63905
14.791701
13.695565
13.4132
14.638133
14.789366
14.791103
14.636531
13.411175
13.69248
12.838604
13.136577
28.712648
28.98865
13.134597
12.830429
26.804833
28.596071
21.089135
26.350381
11.994524
26.349819
15.190476
15.012417
15.012503
15.190419
15.192141
15.012694
15.014233
15.190737
13.808524
13.543959
14.71021
14.857378
14.858927
14.708788
13.544465
13.80812
13.291639
13.029393
22.119743
21.881184
22.478619
22.259516
22.339166
22.516905
21.862957
22.05529
20.429723
20.241223
20.820864
20.607023
20.624469
20.827019
20.237592
20.414716
19.073439
19.352961
19.204333
19.210978
19.355038
19.067962
26.619904
26.647422
21.056957
26.315029
11.973184
26.31042
26.63838
23.922314
23.710985
23.922912
24.252965
24.090946
24.119613
24.111828
24.243869
24.112648
23.714116
23.90632
23.927808
17.873572
17.745128
17.874535
18.161628
18.010172
18.012457
18.011445
18.161506
18.012384
17.745311
17.872601
17.87467
17.112944
16.995488
16.995677
16.994065
17.112561
16.995061
16.884303
15.797964
15.915682
15.915403
15.798304
14.540249
14.388971
14.38961
14.538966
14.713121
14.861349
14.862184
14.712341
12.841438
12.550145
13.276257
13.003151
12.549088
12.842396
21.927255
22.154933
22.3444
22.552155
21.920227
22.132332
22.371607
22.564672
20.27087
20.459431
20.646804
20.859674
20.268149
20.451028
20.655778
20.863066
19.092998
19.22495
19.374408
19.086603
19.231505
19.376683
26.629917
26.628148
21.055535
26.316251
11.996713
26.316285
26.628162
23.707678
23.917147
23.920551
24.201601
24.275034
24.14164
23.733726
23.999333
23.948688
24.111415
24.244592
24.111957
17.738144
17.866899
17.867675
18.007271
18.155743
18.006518
17.738915
17.869216
17.868465
18.004902
18.1549
18.005708
16.875044
16.87667
16.988832
17.105665
16.875824
16.988025
16.986595
17.104912
16.987273
15.789782
15.522061
15.907977
15.790585
15.907179
14.533559
14.383837
14.534419
14.382981
14.705544
14.853641
14.854337
14.704858
12.840348
12.562205
13.271017
13.000014
12.564745
12.839642
21.902095
22.116242
22.351096
22.535504
21.908289
22.136602
22.325736
22.522994
20.264576
20.448461
20.649527
20.854775
20.266397
20.454255
20.643132
20.852266
19.088807
19.230618
19.375757
19.09241
19.226854
19.374421
26.631234
21.053242
26.317766
11.991032
26.317635
26.628521
23.756463
23.999977
23.980003
24.10822
24.269175
24.134915
23.725935
23.917007
23.941373
24.208949
24.327062
24.182809
18.944817
17.735837
17.865428
17.865303
18.00308
18.152244
18.003158
17.735729
17.865125
17.865194
18.003391
18.152359
18.00327
16.872854
16.98502
17.10266
16.872742
16.985063
16.985355
17.102771
16.985179
15.787646
15.51999
15.519774
15.904935
15.78751
15.905073
14.530575
14.379954
14.530537
14.37999
14.703398
14.85238
14.852157
14.703621
12.841036
12.580619
13.270399
13.002277
12.582469
12.843373
21.897081
22.098665
22.364208
22.553775
21.911189
22.144673
22.309399
22.529775
20.25074
20.43195
20.639288
20.844599
20.25424
20.443348
20.625993
20.838979
19.076824
19.219766
19.363993
19.081824
19.21442
19.361984
26.317744
21.056646
11.994163
26.316764
26.630052
23.725218
23.985569
23.941633
24.071605
24.221785
24.091232
23.69056
23.882504
23.901853
24.18735
24.273279
24.136756
18.949406
18.948101
17.739762
17.870055
17.869268
18.005418
18.155429
18.006335
17.738894
17.867477
17.86836
18.008118
18.156429
18.007288
16.987564
17.105856
16.87593
16.98827
16.989507
17.106562
16.988949
15.791179
15.52353
15.523166
15.908144
15.790671
15.908671
14.533496
14.382426
14.533029
14.382885
14.706587
14.855712
14.85539
14.706902
12.848455
12.593335
13.275056
13.008222
12.594366
12.851113
21.920708
22.149948
22.327702
22.550118
21.90957
22.113968
22.368981
22.567013
20.257599
20.446415
20.630368
20.844623
20.2543
20.435664
20.64282
20.84977
19.082498
19.215772
19.363694
19.078014
19.220618
19.36554
26.62967
26.315486
21.054408
11.996153
26.315382
26.630081
23.677084
23.890988
23.887602
24.138078
24.224403
24.093855
23.693303
23.942954
23.9045
24.082352
24.208023
24.07683
18.947472
17.737232
17.865803
17.866668
18.006805
18.154781
18.005684
17.738232
17.868778
17.867703
18.003725
18.153668
18.004612
16.876088
16.98845
17.105202
16.875287
16.987623
16.986045
17.104347
16.986792
15.789446
15.520886
15.521511
15.907578
15.790112
15.906893
14.533152
14.383084
14.533633
14.38263
14.705205
14.853356
14.853932
14.704646
12.853041
12.595445
13.276025
13.009068
12.594706
12.85311
21.89327
22.115173
22.324165
22.514253
21.892449
22.112797
22.326616
22.514889
20.258087
20.444456
20.63731
20.844014
20.257539
20.442834
20.638932
20.844583
19.086193
19.222549
19.368912
19.084629
19.224135
19.369448
26.630392
26.628119
21.047335
26.317209
11.978164
26.317557
26.625563
23.761907
23.969281
23.98791
24.152698
24.317678
24.176663
23.755602
23.958391
23.976737
24.170941
24.342939
24.194235
18.944342
17.734382
17.863392
17.86389
18.002448
18.151389
18.002258
17.734731
17.864442
17.864241
18.001389
18.151031
18.001904
16.871155
16.87179
16.984156
17.101493
16.8715
16.983876
16.983128
17.101148
16.983532
15.785815
15.903606
15.786156
15.518215
15.903263
14.52957
14.379508
14.529892
14.379204
14.701767
14.850145
14.850415
14.701511
12.853255
12.587091
13.275138
13.008629
12.585735
12.854218
21.928299
22.140913
22.372879
22.575573
21.933081
22.155833
22.357879
22.571411
20.265423
20.448186
20.651798
20.861281
20.267595
20.455164
20.643947
20.858196
19.085759
19.227455
19.373462
19.089106
19.223874
19.372127
26.630449
26.629323
21.052396
26.316118
11.994219
26.316004
23.689617
23.896396
23.904491
24.122008
24.253744
24.114663
23.700034
23.924313
23.917759
24.086565
24.234802
24.098538
17.733549
17.864043
17.862931
17.999505
18.148944
17.999973
17.732744
17.861642
17.862109
18.001957
18.149804
18.000814
16.871072
16.982172
17.100136
16.870358
16.982631
16.984297
17.100872
16.983355
15.78634
15.903062
15.785687
15.517435
15.517897
15.903725
14.529768
14.379073
14.529294
14.379556
14.702765
14.852082
14.85133
14.703509
12.857895
12.582235
13.278822
13.014472
12.585841
12.860514
21.898482
22.129209
22.304124
22.513712
21.8883
22.095328
22.34687
22.534515
20.25148
20.438472
20.627936
20.836831
20.250199
20.434056
20.633677
20.839636
19.079637
19.216608
19.362389
19.078972
19.21742
19.362777
26.628349
26.625879
21.055685
26.316405
11.992548
26.314405
23.711469
23.884734
23.925178
24.223782
24.326872
24.182734
23.757579
24.017257
23.980386
24.068724
24.251858
24.117725
17.741171
17.870944
17.870659
18.007765
18.157448
18.008303
17.740777
17.869732
17.870283
18.008926
18.157784
18.008659
16.98935
17.10759
16.989979
16.877627
16.990844
17.108062
16.990463
15.792908
15.909822
15.792352
15.523744
15.910375
14.535953
14.385068
14.535278
14.385751
14.708943
14.858034
14.857561
14.709418
12.869508
12.605041
13.287051
13.024488
12.609668
12.87368
21.898505
22.121202
22.327115
22.521644
21.896566
22.11528
22.333076
22.523413
20.259514
20.446813
20.637039
20.845546
20.258091
20.442349
20.641712
20.847174
19.086165
19.221357
19.368479
19.083418
19.224293
19.369542
26.625465
26.627241
21.055439
26.314824
11.994317
26.315295
26.625158
23.752627
23.975651
23.971182
24.165687
24.307052
24.167294
23.750725
23.968581
23.969347
24.17492
24.305906
24.168161
17.74279
17.871992
17.872358
18.01045
18.159759
18.010552
17.742935
17.872407
17.872488
18.010072
18.15966
18.010436
16.879626
16.991951
17.109559
16.991902
16.879575
16.991313
17.10936
16.991691
15.79394
15.911625
15.794162
15.911394
14.537919
14.387897
14.537997
14.38784
14.710137
14.858465
14.858717
14.709897
12.878828
12.637582
13.290593
13.030184
12.640385
12.881013
21.929175
22.142166
22.375741
22.576065
21.934491
22.158341
22.360659
22.572236
20.262557
20.444391
20.651873
20.860676
20.265858
20.454866
20.640317
20.856315
19.082035
19.22518
19.370543
19.086686
19.220041
19.368546
26.62362
26.627523
21.048563
26.318252
11.976459
26.315522
26.626421
23.784972
23.977713
24.018594
24.149918
24.362759
24.212578
23.774721
23.954207
24.003842
24.181126
24.390198
24.233135
17.738547
17.868366
17.867912
18.006223
18.154867
18.005787
17.738499
17.868285
17.867899
18.006179
18.154794
18.005755
16.876753
16.876544
16.988597
17.106006
16.87649
16.988487
16.989241
17.106204
16.988704
15.792287
15.524948
15.909284
15.791999
15.909564
14.536533
14.386588
14.536466
14.386666
14.709108
14.858065
14.857652
14.709482
12.883746
12.651113
13.290963
13.03191
12.651356
12.885714
26.57218
26.239605
20.949853
11.863574
26.235937
26.359301
25.256208
24.672815
24.831065
25.114703
20.948148
26.236879
11.878008
26.238687
26.568388
26.571019
25.304336
24.738912
24.86719
25.164887
22.675812
22.723372
23.030097
22.744857
23.052829
22.759892
21.463878
21.665135
21.037068
21.233515
21.262136
21.044524
21.650712
21.429174
22.130636
21.911034
22.543811
22.34158
22.350595
22.553647
21.911474
22.129656
21.472151
21.692149
21.067969
21.282432
21.269507
21.063568
21.694332
21.483583
19.899695
20.066591
19.523811
19.704
19.71371
19.526098
20.063452
19.889206
20.434206
20.252986
20.84843
20.643095
20.629542
20.843881
20.257268
20.447337
19.902821
20.077078
19.53713
19.727129
19.716486
19.533684
20.08117
19.914136
19.075322
19.365154
19.221909
19.213033
19.361912
19.083673
16.835516
16.833495
16.835348
16.367231
16.237866
16.238578
16.366501
16.837455
16.840354
16.838781
16.369339
16.241924
16.240672
16.370623
15.739452
15.468527
15.4682
15.857719
15.858458
15.73879
15.31385
15.467585
15.467987
15.312062
15.127923
14.947442
15.128422
14.946962
15.741574
15.469077
15.861758
15.860571
15.742728
15.129931
14.948057
15.129057
14.948896
15.31744
15.472216
15.47096
15.318706
14.45892
14.303714
14.304805
14.457171
14.636325
14.78901
14.788507
14.636857
13.926527
14.106512
14.105035
13.436486
13.709361
13.926842
14.638363
14.789643
14.790483
14.637513
14.462801
14.309682
14.30854
14.463982
13.438644
13.709975
13.930079
14.109454
14.108319
13.927373
12.751579
12.486724
13.175396
12.906553
12.491654
12.752013
13.665574
22.666399
27.296656
28.572731
13.671768
22.7122
22.872335
13.177417
12.90734
12.754586
12.497839
12.752375
12.497269
27.7987
28.157511
22.95054
13.669645
22.82334
13.670088
22.990936
22.910384
25.201164
24.804795
24.436999
24.769767
24.420876
25.252464
26.620822
21.055428
26.314649
11.991058
26.313783
26.625998
26.628414
25.295324
24.958053
24.597781
24.868914
24.520558
25.392132
23.338089
23.515169
23.335495
23.05303
23.050084
23.516907
23.325498
23.336254
23.049612
22.759147
22.763402
23.946201
23.772096
23.994573
24.40376
24.253451
24.250414
24.138392
24.337634
24.19573
23.806662
24.041031
24.038551
23.353555
23.566626
23.378832
23.099452
23.09913
23.06553
23.593257
23.400016
23.399154
22.802393
23.084487
22.792054
22.155324
21.9331
22.557378
22.351818
22.368589
22.561951
21.929245
22.138612
21.507844
21.717326
21.092247
21.295021
21.306743
21.094646
21.713715
21.494577
22.161175
21.946198
22.594332
22.389289
22.375788
22.586587
21.949061
22.170894
21.510816
21.727816
21.10022
21.311285
21.309061
21.099556
21.72983
21.514123
20.472904
20.287067
20.874
20.660402
20.668267
20.876035
20.28605
20.466229
19.941107
20.111563
19.568599
19.75059
19.754629
19.569051
20.11077
19.936744
20.473502
20.288017
20.880132
20.669636
20.669184
20.879682
20.288119
20.473661
19.941006
20.111883
19.567856
19.753737
19.75435
19.568014
20.111916
19.940578
18.595788
18.768652
18.596668
18.304366
18.434684
18.437354
18.436441
18.304298
18.43734
18.768827
18.593713
18.596583
19.11323
19.397185
19.249001
19.250939
19.397544
19.112213
18.951695
18.594853
18.766035
18.594142
18.300811
18.433485
18.434052
18.43545
18.301479
18.43466
18.76555
18.593083
18.593606
19.112577
19.395981
19.249288
19.250348
19.3962
19.111376
17.486668
17.622744
17.487653
17.220673
17.350601
17.35224
17.351082
17.220469
17.352047
17.622975
17.486134
17.487874
17.872458
17.742011
17.871468
18.157833
18.00796
18.00864
18.010357
18.158558
18.00941
17.741149
17.869926
17.870647
17.485502
17.619561
17.484412
17.21617
17.346953
17.347818
17.349911
17.217182
17.348797
17.618659
17.482637
17.483468
16.418767
16.291669
16.29133
16.419096
16.879704
17.108244
16.989701
16.990654
16.992884
17.109283
16.991717
16.87859
16.415246
16.286672
16.287834
16.414099
15.380039
15.531589
15.531512
15.378742
15.195822
15.016809
15.01769
15.194943
15.794722
15.528441
15.910923
15.912083
15.793559
15.192695
15.01571
15.193841
15.014554
15.375239
15.52487
15.525994
15.374155
14.019795
14.195703
14.193829
13.535778
13.804482
14.017705
14.710266
14.860295
14.711342
14.859173
14.536354
14.384767
14.535355
14.385753
13.533786
13.803646
14.013753
14.188694
14.18965
14.016732
13.745545
23.088843
13.736394
13.274385
13.002701
12.840734
12.555346
12.842011
12.553343
22.957624
13.712764
13.712026
20.947034
26.235504
11.871599
26.233221
26.574763
25.314909
24.85223
25.292251
24.882476
20.94626
26.231573
11.871865
26.232174
26.566112
26.566383
25.262155
24.844476
24.839688
25.26824
22.754697
22.769562
22.77917
22.783287
21.709715
21.500558
21.28588
21.079057
21.703851
21.486823
21.297893
21.08283
22.159061
21.937219
22.574187
22.36332
22.376056
22.578463
21.93351
22.147253
21.503157
21.71809
21.085454
21.292871
21.300044
21.087635
21.71476
21.494851
20.094372
19.924941
19.730494
19.54673
20.091778
19.917607
19.737592
19.549067
20.460597
20.273943
20.865324
20.652729
20.657084
20.867174
20.272858
20.456963
19.925932
20.09733
19.551484
19.736946
19.738569
19.551962
20.096433
19.923914
19.093983
19.379217
19.231723
19.232487
19.379596
19.093419
16.845282
16.842051
16.843736
16.376937
16.246602
16.375419
16.248087
16.848214
16.848503
16.379942
16.251417
16.251053
16.380301
15.748382
15.477389
15.476249
15.866162
15.747007
15.867574
15.321439
15.473578
15.320069
15.474953
15.13638
14.956236
15.137531
14.955119
15.751237
15.478311
15.870878
15.870479
15.751638
15.479378
15.139171
14.957152
15.138474
14.957833
15.325863
15.479511
15.326009
14.466494
14.310892
14.465238
14.312099
14.644357
14.797663
14.796574
14.645424
13.931178
14.110654
14.11185
13.443927
13.716874
13.934188
14.646956
14.798558
14.799223
14.646301
14.470653
14.316235
14.316073
14.470834
13.445907
13.717565
13.935852
14.11596
14.115796
13.934916
12.75545
12.498532
13.182315
12.913268
12.498106
12.757594
13.66956
23.020905
28.565138
28.531766
13.670278
23.123216
23.098119
13.183993
12.913694
12.757222
12.495938
12.757907
12.496506
28.300924
27.966461
13.670737
13.670327
22.997301
23.053055
25.202511
24.793109
24.450498
25.220447
24.767145
24.420596
26.629373
21.052047
26.315944
11.994115
26.316135
26.628928
26.629127
25.2461
24.794587
24.438996
24.802465
24.446096
25.238299
23.511039
23.322126
23.330938
23.062354
23.534659
23.380046
23.352077
22.773814
23.044107
22.758275
23.923442
23.70791
23.92637
24.256571
24.108388
24.118273
24.120149
24.262863
24.123727
23.704468
23.914544
23.921849
23.32142
23.506218
23.321934
23.033038
23.03203
23.503912
23.320505
23.320674
23.031423
22.744178
23.0317
22.743769
21.927508
22.138028
22.382055
22.570967
21.935865
22.165051
22.350449
22.557478
21.711598
21.493999
21.308436
21.093194
21.718693
21.510772
21.294099
21.088805
22.133172
21.913853
22.54299
22.348081
22.345591
22.542274
21.914472
22.135261
21.490081
21.699111
21.079729
21.290346
21.290585
21.079865
21.699534
21.490375
20.281577
20.464085
20.667805
20.874044
20.284052
20.472067
20.658644
20.870278
20.106144
19.933988
19.752767
19.565248
20.108328
19.939493
19.747833
19.563684
20.46188
20.275906
20.862076
20.654903
20.656173
20.862342
20.275427
20.460438
19.932366
20.10102
19.559264
19.744744
19.746352
19.559775
20.100515
19.930746
18.762482
18.589643
18.590637
18.432828
18.298753
18.432023
18.763513
18.592435
18.591604
18.430162
18.297873
18.431102
19.107283
19.248551
19.393579
19.110685
19.244851
19.39216
18.945219
18.588754
18.759759
18.588077
18.295175
18.428108
18.428273
18.42932
18.295565
18.428674
18.759325
18.587499
18.587662
19.106202
19.388052
19.242206
19.243688
19.388552
19.10478
17.615601
17.479633
17.480345
17.346153
17.21366
17.34538
17.616361
17.481861
17.481098
17.34393
17.212911
17.344631
17.86621
17.736212
17.865671
18.152334
18.003095
18.003262
18.004183
18.15271
18.003624
17.735868
17.865148
17.865318
17.479009
17.613728
17.478519
17.21083
17.342343
17.342517
17.343321
17.211151
17.342843
17.613391
17.478016
17.478189
16.410463
16.283766
16.411245
16.282972
16.873286
17.102849
16.985074
16.985248
16.986015
17.103169
16.985562
16.87296
16.408749
16.280918
16.281236
16.408437
15.372237
15.523836
15.522897
15.373151
15.187892
15.008972
15.009668
15.187209
15.788048
15.52073
15.90514
15.905457
15.787727
15.186199
15.008393
15.186642
15.00794
15.369306
15.519705
15.519914
15.369098
14.012833
14.187793
14.186963
13.530276
13.798134
14.010553
14.703836
14.85306
14.704286
14.852604
14.530801
14.38003
14.53061
14.380224
13.529054
13.797631
14.00906
14.184148
14.184322
14.009998
13.718747
23.019134
13.720287
13.269907
12.999917
12.840496
12.574058
12.839668
12.571686
23.069156
13.7291
13.727169
26.569174
20.952168
26.234591
11.881276
26.232043
25.133399
24.799061
25.244332
24.69506
26.234986
20.94486
11.867767
26.233659
26.56859
26.56645
25.259303
24.890989
24.819495
25.321227
22.736162
22.720456
23.064514
22.769787
22.747623
21.688407
21.477088
21.287406
21.072867
21.6934
21.488321
21.277905
21.069972
22.121597
21.912513
22.563196
22.367272
22.332586
22.545399
21.920163
22.147656
21.47911
21.695822
21.072325
21.284343
21.279154
21.071067
21.701245
21.487825
20.089158
19.917548
19.73542
19.547637
20.090842
19.922179
19.731052
19.546234
20.447895
20.261932
20.852493
20.64182
20.642862
20.852021
20.261101
20.445769
19.916494
20.086103
19.541291
19.725951
19.729924
19.542612
20.085063
19.912733
19.087608
19.369403
19.221517
19.225651
19.37075
19.083507
16.846928
16.848158
16.847627
16.379031
16.250824
16.379665
16.250206
16.844192
16.843137
16.376423
16.246622
16.247632
16.375402
15.750737
15.477921
15.478571
15.870469
15.751273
15.479076
15.869915
15.325607
15.4794
15.325914
15.138993
14.957073
15.138388
14.957667
15.748379
15.477156
15.866546
15.867505
15.747438
15.474459
15.136854
14.956362
15.137665
14.955563
15.322002
15.475395
15.321081
14.47055
14.316181
14.470792
14.31593
14.64682
14.798479
14.799064
14.646248
13.935739
14.115909
14.115661
13.444988
13.71666
13.934347
14.644782
14.797778
14.796989
14.645559
14.4673
14.311805
14.312659
14.466449
13.442444
13.71587
13.931016
14.111522
14.112383
13.933616
12.756399
12.497114
13.182464
12.910819
12.499263
12.753061
23.22752
13.678587
23.352276
27.997317
28.212656
13.652412
23.70955
23.118086
23.156102
13.17958
12.909583
12.74794
12.484799
12.752097
12.487132
28.712174
28.712536
13.661217
23.249296
13.665096
22.913473
23.243483
25.304976
24.790607
24.445922
25.220323
24.868678
24.513522
26.629234
21.056553
26.315866
12.000244
26.317312
26.628589
26.630259
25.221624
24.750495
24.40095
24.789322
24.442437
25.190778
23.55015
23.369651
23.361748
23.040145
23.053295
23.526383
23.327306
23.343337
22.764586
23.06695
22.774559
23.978945
23.71998
23.935769
24.224032
24.073982
24.091495
24.182015
24.264573
24.129682
23.688661
23.88342
23.900744
23.359557
23.520027
23.336598
23.492717
23.299561
23.313214
23.027246
22.742431
23.046273
22.757547
21.929663
22.151416
22.353998
22.561674
21.926378
22.140425
22.368438
22.569364
21.711768
21.498164
21.292695
21.084513
21.709295
21.493325
21.296403
21.085609
22.1477
21.921507
22.542613
22.339519
22.363945
22.554889
21.915872
22.12893
21.496216
21.705237
21.081106
21.289647
21.29488
21.082607
21.701053
21.488724
20.277368
20.462672
20.655986
20.865728
20.276927
20.461257
20.657752
20.866581
20.101972
19.931889
19.744998
19.55965
20.101607
19.931088
19.745682
19.559878
20.462193
20.276595
20.863357
20.655802
20.657096
20.864359
20.276418
20.461577
19.931728
20.101472
19.560016
19.746185
19.745579
19.559844
20.101432
19.93217
18.759465
18.587879
18.58778
18.428121
18.295103
18.42823
18.759328
18.587525
18.587647
18.42846
18.295223
18.428356
19.105271
19.242309
19.38831
19.104855
19.242773
19.388511
18.945439
18.587961
18.759734
18.588101
18.295951
18.429598
18.429037
18.428558
18.29562
18.428718
18.76002
18.588968
18.588406
19.10529
19.388767
19.243619
19.242773
19.38856
19.106166
17.613345
17.478278
17.478132
17.342297
17.21065
17.342344
17.613238
17.477974
17.478025
17.342606
17.21076
17.342453
17.865583
17.736383
17.865813
18.153138
18.004656
18.004102
18.003532
18.152795
18.003746
17.736761
17.866733
17.86618
17.478474
17.613927
17.47875
17.211866
17.344068
17.343515
17.342814
17.211447
17.343105
17.614317
17.479703
17.47915
16.408387
16.280715
16.408253
16.280847
16.873617
17.103914
16.986912
16.986361
16.985599
17.103487
16.985927
16.874056
16.40926
16.282189
16.281724
16.409726
15.369036
15.51962
15.519647
15.369012
15.185815
15.007748
15.00752
15.186045
15.788558
15.520291
15.906453
15.905987
15.789019
15.52112
15.186744
15.008058
15.186357
15.008442
15.370491
15.521627
15.370986
14.008992
14.184091
14.184144
13.529255
13.797304
14.009425
14.704302
14.852684
14.703925
14.853062
14.532068
14.381945
14.532542
14.381475
13.530526
13.797657
14.011076
14.186187
14.185706
14.00975
13.736889
23.106915
13.74041
13.271892
13.002972
12.847419
12.589463
12.844323
12.587844
23.064991
13.75336
13.750824
26.573575
26.569027
20.952187
26.238379
11.880885
26.236785
25.213713
24.87182
25.305886
24.777636
26.23461
20.949291
11.885876
26.235025
26.574017
26.573307
25.11692
24.66108
24.660916
25.110684
22.759901
22.731932
23.020123
22.96222
22.682178
22.675204
21.680669
21.458289
21.281531
21.064113
21.692375
21.484953
21.259299
21.057406
22.085495
21.86714
22.486295
22.307697
22.293827
22.480217
21.870695
22.097063
21.450768
21.655847
21.045234
21.258479
21.25313
21.043621
21.658766
21.457258
20.075472
19.902933
19.72395
19.535635
20.078531
19.910634
19.717033
19.53344
20.429113
20.244159
20.828978
20.625655
20.622578
20.827643
20.244949
20.431707
19.901192
20.069858
19.530091
19.716913
19.715512
19.529655
20.070532
19.902812
19.075808
19.358952
19.214257
19.213318
19.358571
19.076639
16.838916
16.840935
16.839872
16.371372
16.24354
16.372275
16.242655
16.837374
16.837438
16.369911
16.241256
16.241218
16.369957
15.74379
15.863644
15.744596
15.473533
15.472661
15.862819
15.319313
15.32017
15.132619
14.950808
15.13202
14.951398
15.742469
15.470833
15.86149
15.86147
15.742483
15.131378
14.95039
15.131598
14.950168
15.317279
15.47082
15.470614
15.317468
14.464814
14.310961
14.465608
14.310163
14.640727
14.792293
14.792877
14.640147
13.930119
14.110669
14.10986
13.437321
13.709562
13.927822
14.63949
14.791875
14.791646
14.639728
14.462781
14.308101
14.308039
14.46288
13.435106
13.708937
13.926637
14.107627
14.107608
13.927293
12.746341
12.480191
13.173708
12.900128
12.479
12.741522
23.285105
13.655826
22.980663
29.060785
28.15794
13.654503
22.991198
23.286411
23.116222
13.17092
12.898981
12.736113
12.474776
12.740022
12.475868
28.464043
28.090862
13.648522
23.114101
23.179808
13.649855
22.99827
23.11521
25.24008
24.742983
24.396379
25.180707
24.803145
24.453017
26.626027
26.313736
21.052516
11.987057
26.314957
26.626014
26.629257
25.328566
24.900842
24.549623
24.904459
24.556134
25.329602
23.52523
23.37085
23.342222
23.016694
23.495046
23.300301
23.315848
23.076992
23.03025
22.745899
23.052703
22.764876
24.014504
23.79882
24.023718
24.3637
24.188204
24.218791
24.218316
24.371444
24.227276
23.790115
23.986348
24.014912
23.392179
23.590596
23.400006
23.582362
23.371576
23.392465
23.095661
22.801277
23.10221
22.806825
21.930821
22.162277
22.340845
22.546537
21.920962
22.130406
22.378585
22.562948
21.714559
21.50933
21.291373
21.086204
21.706312
21.490448
21.307273
21.091084
22.171836
21.952264
22.594445
22.379483
22.390005
22.599196
21.949575
22.163128
21.514741
21.732315
21.099877
21.307667
21.311733
21.101127
21.730113
21.509857
20.283267
20.471636
20.65737
20.868251
20.280566
20.463065
20.667234
20.872398
20.107729
19.939416
19.747361
19.563278
20.105335
19.933419
19.752788
19.565044
20.473814
20.288401
20.87971
20.667289
20.669805
20.880768
20.287698
20.471609
19.940842
20.112196
19.567707
19.752574
19.754057
19.568195
20.111565
19.939232
18.763817
18.593118
18.592075
18.430426
18.298308
18.431465
18.762589
18.589822
18.590907
18.433558
18.29936
18.432574
19.111047
19.244618
19.391852
19.107115
19.248844
19.393475
18.951637
18.951252
18.593824
18.765894
18.594033
18.30076
18.43326
18.434075
18.43422
18.301085
18.434412
18.765529
18.592827
18.593682
19.111918
19.395878
19.248576
19.249792
19.396335
19.110763
17.617237
17.482668
17.481995
17.344755
17.213843
17.345526
17.616406
17.480403
17.481199
17.346932
17.214577
17.34629
17.870569
17.741112
17.870702
18.157736
18.007802
18.00851
18.008666
18.158048
18.008812
17.740829
17.869732
17.87041
17.483099
17.618511
17.483198
17.215404
17.346594
17.347169
17.347338
17.215655
17.347428
17.618237
17.482332
17.482932
16.412159
16.28398
16.411555
16.284563
16.877507
17.107341
16.98917
16.877277
16.989683
16.989853
17.107584
16.989919
16.412985
16.285144
16.28535
16.412774
15.37202
15.522164
15.522693
15.371509
15.189175
15.011164
15.01083
15.189519
15.791835
15.52374
15.909172
15.909359
15.791653
15.523238
15.189738
15.011356
15.189715
15.011379
15.372871
15.523592
15.372528
14.011567
14.186676
14.187142
13.533289
13.800873
14.012779
14.707107
14.855897
14.707083
14.855919
14.534302
14.383455
14.534028
14.383707
13.534204
13.801121
14.012823
14.187799
14.188027
14.012991
13.762231
23.115671
13.764054
13.276232
13.008713
12.852912
12.596129
12.851791
12.595907
13.768117
13.768108
26.567086
26.573773
20.945463
26.234814
11.870755
26.232798
26.574562
25.329588
24.864835
25.300485
24.902232
20.945419
26.233671
11.868848
26.232974
26.568816
25.254238
24.773996
24.826139
25.19899
22.755629
22.774709
23.070723
23.037665
22.749056
22.764599
21.700892
21.490217
21.266662
21.064007
21.691298
21.467116
21.286449
21.070026
22.14892
21.920736
22.546541
22.334287
22.367002
22.560302
21.912387
22.121437
21.490769
21.702152
21.069866
21.275836
21.287252
21.073163
21.695348
21.476149
20.081422
19.912519
19.719061
19.535413
20.078537
19.905279
19.725518
19.537448
20.447574
20.261113
20.850657
20.639224
20.643953
20.853144
20.260221
20.444274
19.913647
20.084882
19.540671
19.726542
19.726617
19.540639
20.084315
19.913042
19.083471
19.368778
19.222478
19.221623
19.368631
19.08449
16.838344
16.839052
16.372139
16.242664
16.371421
16.243362
16.841867
16.842382
16.374137
16.245865
16.245331
16.374668
15.744293
15.862736
15.743675
15.471198
15.471703
15.863375
15.318307
15.317826
15.132898
14.952164
15.133473
14.951608
15.746135
15.473489
15.865786
15.865254
15.746664
15.134591
14.952721
15.134045
14.953255
15.321104
15.475054
15.474575
15.321578
14.463483
14.308304
14.463125
14.308616
14.6407
14.793512
14.79298
14.641204
13.926701
14.107783
14.108046
13.43388
13.708137
13.927382
14.642206
14.794048
14.794564
14.641713
14.465767
14.311051
14.310684
14.466172
13.433779
13.708286
13.928436
14.110191
14.10987
13.927671
12.734959
12.471373
13.168535
12.893421
12.470268
12.731536
13.643884
22.9669
28.730393
27.778847
13.641609
23.213222
23.044694
13.167644
12.892746
12.726451
12.463881
12.730385
12.465711
28.404176
28.077142
23.062256
13.630184
22.86719
23.240129
23.146368
13.633884
23.078926
25.177693
24.744801
24.398833
25.181624
24.734306
24.38411
26.315811
21.054328
11.998774
26.314859
26.63026
26.628531
25.23499
24.831409
24.473492
24.795007
24.442257
25.275381
23.482695
23.303786
23.304681
23.054339
23.497892
23.343758
23.318747
23.020392
23.033062
22.748487
22.737152
23.906321
23.710381
23.927658
24.287653
24.149744
24.145477
24.099196
24.26115
24.123645
23.725695
23.952119
23.945687
23.312816
23.509614
23.326001
23.056784
23.523089
23.347801
23.338206
23.047263
22.758335
23.036251
22.748477
21.914792
22.128075
22.365111
22.548815
21.921994
22.151034
22.33922
22.538534
21.700661
21.487288
21.301729
21.086112
21.706977
21.502771
21.288228
21.081918
22.129722
21.916691
22.555673
22.363255
22.341744
22.546811
21.922305
22.148011
21.487382
21.701316
21.082949
21.296197
21.288052
21.080522
21.705964
21.497564
20.277548
20.460448
20.663669
20.868014
20.28009
20.468481
20.654602
20.864348
20.102532
19.93118
19.750615
19.562697
20.10482
19.937066
19.745215
19.560939
20.459813
20.275456
20.864551
20.657913
20.65402
20.862638
20.276352
20.462797
19.930492
20.100414
19.559144
19.74542
19.744528
19.558858
20.101101
19.931739
18.760665
18.588038
18.58903
18.432112
18.297666
18.430833
18.761967
18.591622
18.590283
18.428665
18.296508
18.429629
19.105194
19.247043
19.391255
19.109329
19.242665
19.389618
18.944144
18.944181
18.587396
18.758725
18.587098
18.294502
18.427667
18.427635
18.428027
18.294607
18.427711
18.758716
18.587122
18.587054
19.104535
19.387766
19.242208
19.241998
19.387564
19.104602
17.614775
17.47879
17.479598
17.345785
17.213185
17.344864
17.615742
17.481491
17.480535
17.343166
17.212304
17.343956
17.865183
17.735384
17.86481
18.151651
18.002525
18.002584
18.003101
18.151783
18.002741
17.735178
17.864542
17.864628
17.478176
17.612934
17.477765
17.210188
17.34167
17.341859
17.342553
17.210481
17.34213
17.612706
17.477351
17.477515
16.410196
16.28338
16.410955
16.282639
16.872671
17.102219
16.984397
16.872324
16.984652
16.985438
17.102531
16.984982
16.40838
16.280419
16.28083
16.407982
15.371467
15.52274
15.522146
15.372044
15.187614
15.008732
15.009323
15.18701
15.787691
15.520306
15.904682
15.90512
15.787247
15.185926
15.008172
15.186442
15.00766
15.368684
15.518932
15.519335
15.368276
14.012525
14.187457
14.187031
13.533497
13.799806
14.01128
14.703615
14.852806
14.70411
14.852301
14.530644
14.37985
14.530249
14.38023
13.532598
13.799435
14.009755
14.184385
14.184748
14.010849
13.766777
23.166055
13.765917
13.275429
13.008896
12.853089
12.590893
12.853056
12.592036
13.761192
13.762094
26.571774
26.572085
20.956349
26.232576
11.89515
26.23504
26.574449
25.091578
24.721174
25.165812
24.661266
26.573283
20.944839
26.233545
11.86992
26.235712
26.566298
25.288837
24.853108
24.852293
25.28067
22.712447
22.995694
22.712622
22.994685
23.060744
22.768372
22.755315
21.679593
21.473054
21.271835
21.061307
21.678842
21.471197
21.273577
21.0619
22.124747
21.915665
22.563472
22.369069
22.338005
22.551421
21.92422
22.152297
21.478806
21.698594
21.078048
21.293719
21.278434
21.073428
21.706035
21.496776
20.083032
19.914183
19.726247
19.540479
20.082485
19.912549
19.727877
19.54102
20.446951
20.264114
20.858224
20.650916
20.641866
20.854339
20.266388
20.454505
19.915775
20.088226
19.545661
19.733014
19.72927
19.54451
20.090131
19.920211
19.087095
19.373552
19.227496
19.225125
19.372564
19.089179
16.843664
16.376422
16.247211
16.376006
16.247623
16.845205
16.845387
16.377448
16.248748
16.248616
16.37759
15.748404
15.86714
15.748012
15.475497
15.867538
15.322422
15.322016
15.475908
15.136765
14.955686
15.137081
14.955382
15.749264
15.476897
15.868529
15.868432
15.749351
15.137493
14.955922
15.137332
14.956069
15.323613
15.47707
15.477148
15.32353
14.466873
14.311383
14.466541
14.311677
14.644167
14.796909
14.796622
14.644433
13.928629
14.110477
14.110725
13.433054
13.708569
13.928943
14.644742
14.797129
14.797261
14.644631
14.467626
14.312058
14.312239
14.467477
13.431915
13.708407
13.928304
14.11081
14.111038
13.928926
12.724892
12.457084
13.165463
12.886321
12.454231
12.719556
23.112858
13.618511
27.848306
27.877721
13.614034
23.018411
13.163364
12.885038
12.71041
12.439425
12.717543
12.443521
28.132242
28.34005
13.590066
22.909741
22.99516
13.597392
25.338904
24.850725
24.500586
25.282305
24.895829
24.534231
21.053687
26.315142
11.996127
26.316265
26.629566
26.629243
25.198437
24.777516
24.424814
24.762607
24.415582
25.219454
23.55406
23.354702
23.364843
23.06488
23.551131
23.356525
23.364054
23.061527
23.069828
23.070341
22.778652
22.777468
23.935372
23.701899
23.914764
24.244496
24.118161
24.108243
24.128672
24.239069
24.106167
23.69904
23.92136
23.914053
23.33806
23.505036
23.324522
23.030059
23.048596
23.037316
23.500687
23.319545
23.319249
23.031551
22.745186
22.751101
21.932823
22.1497
22.368956
22.57373
21.933869
22.15293
22.365281
22.572375
21.714825
21.49852
21.298663
21.088449
21.715715
21.500536
21.296909
21.087883
22.143794
21.918968
22.544152
22.342021
22.35825
22.549953
21.914252
22.128845
21.494854
21.702924
21.077255
21.284286
21.293748
21.080185
21.69867
21.484085
20.278183
20.462586
20.659254
20.869009
20.278611
20.463877
20.657907
20.868499
20.102456
19.931069
19.745847
19.559936
20.102873
19.932284
19.744646
19.559537
20.460743
20.273572
20.859234
20.649577
20.655818
20.861789
20.271873
20.455311
19.929745
20.098324
19.555363
19.740156
19.743442
19.556423
20.096829
19.926055
18.758389
18.586042
18.586639
18.427664
18.294307
18.427511
18.758762
18.587149
18.58701
18.426569
18.293944
18.427144
19.103608
19.242403
19.388347
19.104747
19.241244
19.387953
18.941615
18.585294
18.75617
18.584521
18.29146
18.424191
18.424525
18.425857
18.292023
18.425127
18.755483
18.583511
18.583878
19.102721
19.384117
19.237858
19.240295
19.385076
19.100484
17.611853
17.476152
17.476605
17.341485
17.209512
17.341238
17.6122
17.477187
17.476951
17.340454
17.209166
17.340893
17.862805
17.732791
17.862224
18.148674
17.999418
17.999667
18.000773
18.1492
18.000158
17.732364
17.861542
17.861765
17.475641
17.610333
17.475153
17.207528
17.339037
17.339167
17.339966
17.207841
17.339506
17.609936
17.474634
17.474786
16.406669
16.279422
16.407019
16.279073
16.869995
17.099593
16.869706
16.98199
16.869756
16.982058
16.982702
17.09988
16.98232
16.405633
16.277921
16.278081
16.405454
15.367555
15.518563
15.367904
15.184008
15.005469
15.005751
15.183716
15.784988
15.517311
15.902287
15.902395
15.784896
15.183326
15.005244
15.183479
15.005105
15.366471
15.517161
15.517068
15.366578
14.009469
14.184061
14.183775
13.53177
13.797872
14.008874
14.701212
14.849935
14.701318
14.849812
14.528812
14.378741
14.528977
14.378557
13.531961
13.79786
14.009179
14.183463
14.183254
14.008796
13.756321
23.160237
13.754556
13.275684
13.00885
12.856882
12.581555
12.854688
12.58238
13.753187
23.037812
13.751995
26.570338
26.56698
20.946343
26.232711
11.871974
26.234808
26.566716
25.28829
24.844345
25.266277
24.86433
26.574272
20.95263
26.238634
11.881067
26.237522
26.575024
25.205253
24.674683
24.764192
25.116623
22.780758
22.777428
23.07089
22.980963
22.699675
22.722472
21.708987
21.486757
21.295568
21.082002
21.713539
21.499042
21.284464
21.078545
22.127088
21.894365
22.502758
22.300756
22.342205
22.521761
21.883844
22.092764
21.477721
21.679577
21.054711
21.259819
21.276703
21.059839
21.670888
21.457756
20.088999
19.915399
19.733143
19.545721
20.090945
19.920431
19.728574
19.54427
20.443939
20.254947
20.83774
20.6283
20.639035
20.842122
20.252042
20.434542
19.912529
20.079786
19.535771
19.719979
19.726014
19.537683
20.077203
19.90587
19.083984
19.364377
19.217251
19.221954
19.366134
19.079599
16.844736
16.376282
16.248057
16.376903
16.247449
16.841488
16.840665
16.373817
16.244275
16.245045
16.373029
15.748088
15.475898
15.867825
15.748648
15.476834
15.867253
15.322903
15.323293
15.476437
15.136287
14.95422
15.135658
14.954841
15.745906
15.474535
15.473813
15.86429
15.865014
15.7452
15.134269
14.953541
15.134969
14.95285
15.319683
15.472543
15.473133
15.319105
14.466784
14.311749
14.467196
14.311316
14.643441
14.795397
14.796008
14.642833
13.927869
14.110457
14.109983
13.427988
13.704481
13.925942
14.641497
14.794729
14.794049
14.642171
14.463648
14.307517
14.308116
14.463063
13.424693
13.70359
13.922933
14.105973
14.106611
13.925169
12.707703
12.424658
13.157767
12.872449
12.418445
12.699035
22.816838
13.566224
2.6563683
14.835615
31.299893
13.558788
13.153475
12.870229
12.686594
12.39031
12.695946
12.397812
4.002468
14.818368
31.234534
22.87278
13.526682
23.049278
13.534767
25.215722
24.794058
24.437179
25.239085
24.770479
24.41568
26.630134
21.05696
26.318222
11.99436
26.317146
26.629482
26.626385
25.243052
24.881898
24.527664
24.808465
24.459731
25.316371
23.491442
23.3107
23.310284
23.499119
23.319389
23.315511
23.025512
23.023137
23.025982
22.738503
22.737561
23.909452
23.731165
23.947856
24.341128
24.227727
24.196548
24.09907
24.280174
24.143362
23.76992
24.021224
23.993535
23.323289
23.530985
23.347782
23.037398
23.057887
23.563507
23.39139
23.374928
23.079659
22.786693
22.769433
21.910568
22.132777
22.339796
22.537156
21.908518
22.126673
22.344773
22.537389
21.695894
21.489223
21.283011
21.074424
21.693697
21.482562
21.289355
21.076449
22.141202
21.931667
22.58096
22.384262
22.354145
22.566753
21.939275
22.165891
21.495027
21.714478
21.092766
21.30659
21.294441
21.088996
21.720731
21.509274
20.27227
20.459453
20.6489
20.856963
20.270777
20.454775
20.653972
20.85885
20.097377
19.929566
19.739964
19.555037
20.095989
19.925802
19.743507
19.556193
20.462556
20.280201
20.873197
20.665663
20.657448
20.869912
20.28258
20.469971
19.931902
20.104608
19.563771
19.751155
19.745671
19.561967
20.1068
19.937739
18.756514
18.586231
18.58494
18.424233
18.291689
18.42471
18.755568
18.583536
18.584015
18.426866
18.29257
18.425614
19.103396
19.237789
19.383904
19.100443
19.240858
19.385005
18.946554
18.587746
18.761011
18.5893
18.297995
18.432318
18.431208
18.428331
18.296659
18.429836
18.76246
18.591841
18.590712
19.105108
19.392159
19.247377
19.242657
19.390445
19.109637
17.61114
17.47704
17.476009
17.339187
17.208043
17.339647
17.61035
17.474772
17.475234
17.341415
17.208791
17.340408
17.865334
17.737185
17.866667
18.155065
18.006977
18.005924
18.003287
18.153765
18.004657
17.738396
17.868942
17.867904
17.47823
17.614684
17.479465
17.213211
17.345913
17.344922
17.342576
17.212089
17.343782
17.61587
17.481628
17.480627
16.406839
16.278636
16.406143
16.279325
17.105199
16.988552
16.987591
16.98538
17.104097
16.986509
16.875233
16.409801
16.283259
16.282239
16.410833
15.367325
15.36686
15.184788
15.007349
15.00659
15.185556
15.789041
15.520216
15.90745
15.906478
15.789997
15.187333
15.008203
15.186422
15.009102
15.371467
15.522959
15.522084
15.372336
14.009569
14.183815
14.184314
13.53456
13.800992
14.01153
14.705217
14.852925
14.704341
14.853813
14.533686
14.384302
14.534516
14.383471
13.537384
13.80188
14.015019
14.189098
14.188261
14.012377
13.787277
23.00575
13.805027
23.300875
13.281963
13.015763
12.86792
12.594
12.861903
12.593671
13.797035
23.355185
13.806906
26.574147
26.571356
26.237417
20.950415
11.88085
26.237483
26.573747
25.25619
24.705548
25.140701
24.821832
26.574068
20.952009
26.236732
11.88281
26.237527
26.569128
26.573363
25.241376
24.743407
24.816943
25.166335
22.713051
22.738712
23.030172
23.031311
22.743977
22.757401
21.681667
21.474744
21.260172
21.054406
21.673741
21.458507
21.272749
21.058056
22.134429
21.911783
22.541913
22.333436
22.352539
22.55233
21.907816
22.120634
21.478356
21.69333
21.06524
21.274122
21.27587
21.065565
21.690679
21.474677
20.076235
19.907269
19.719317
19.53375
20.075241
19.90522
19.720921
19.534234
20.440189
20.255693
20.846171
20.63709
20.635662
20.846091
20.256382
20.442105
19.908431
20.079941
19.537698
19.724473
19.721956
19.536877
20.080707
19.910927
19.080346
19.365983
19.220555
19.21819
19.365175
19.08263
16.839506
16.83923
16.371452
16.242837
16.371576
16.242705
16.839777
16.840549
16.840147
16.37189
16.243394
16.243104
16.372194
15.743622
15.471492
15.471555
15.862872
15.743795
15.862707
15.318312
15.472075
15.318642
15.471746
15.131989
14.950451
15.131889
14.950564
15.743815
15.471536
15.471663
15.863175
15.862943
15.74403
15.131967
14.950437
15.131889
14.9505
15.318349
15.472067
15.471848
15.31855
14.462183
14.307005
14.46257
14.306596
14.639186
14.791642
14.791766
14.639043
13.922316
14.105419
14.104963
13.419961
13.698631
13.92106
14.639017
14.791613
14.791661
14.638992
14.461689
14.306011
14.305959
14.461769
13.418219
13.698274
13.920528
14.104051
14.104056
13.92083
12.68364
12.365041
13.14707
12.855601
12.355831
12.675512
22.99652
13.505741
23.152029
27.974717
27.882791
13.501424
13.144306
12.853909
12.665827
12.318146
12.672972
12.327709
28.970092
28.4345
23.250346
13.498405
23.316569
13.494233
23.249721
25.216554
24.869583
24.513539
25.307605
24.778575
24.429617
26.6275
21.054693
26.317566
11.99176
26.314819
26.629875
26.625446
25.238198
24.852219
24.49066
24.792558
24.436687
25.299039
23.514188
23.311574
23.333656
23.552155
23.387798
23.364699
23.028942
23.046542
23.070885
22.779453
22.760656
23.886211
23.70562
23.921802
24.302327
24.167113
24.157979
24.071672
24.254764
24.117239
23.734212
23.968004
23.956142
23.309496
23.506386
23.324492
23.051716
23.02615
23.529932
23.356877
23.34378
22.76226
23.036579
22.750563
21.930112
22.141139
22.382455
22.575048
21.937148
22.164546
22.352412
22.55998
21.714206
21.498522
21.306576
21.093622
21.719577
21.50901
21.298695
21.091326
22.138383
21.92345
22.559705
22.368103
22.34937
22.550314
21.927906
22.153058
21.496864
21.708676
21.090299
21.302871
21.297373
21.088628
21.712127
21.503834
20.283954
20.468361
20.666127
20.87447
20.284589
20.470526
20.663037
20.872767
20.108506
19.937965
19.751892
19.566105
20.108937
19.93845
19.751741
19.566058
20.467966
20.28337
20.872115
20.665467
20.662472
20.870763
20.284201
20.470534
19.937905
20.108224
19.566948
19.753485
19.751752
19.566363
20.108966
19.939768
18.765061
18.593536
18.593354
18.433105
18.300382
18.433596
18.764834
18.592626
18.593096
18.43409
18.300695
18.433883
19.111033
19.248151
19.39452
19.110414
19.248636
19.394553
18.951253
18.593759
18.765758
18.594087
18.301878
18.435479
18.435054
18.434326
18.301491
18.434649
18.766206
18.594966
18.594512
19.111204
19.395533
19.25025
19.24878
19.394981
19.112608
17.618664
17.483773
17.483441
17.346708
17.215602
17.347309
17.618252
17.482422
17.483012
17.348099
17.216061
17.347753
17.871216
17.742051
17.871519
18.15897
18.010188
18.009845
18.009189
18.158603
18.009496
17.742368
17.872171
17.871851
17.484067
17.619563
17.484358
17.217278
17.349198
17.348964
17.348399
17.217014
17.348688
17.619866
17.484901
17.484647
16.413772
16.285669
16.413243
16.286208
16.879131
17.109284
16.991865
16.991683
16.991162
17.10903
16.991442
16.87937
16.414803
16.287469
16.287262
16.415012
15.373802
15.524422
15.373121
15.19111
15.013325
15.01286
15.191571
15.793985
15.526098
15.911635
15.911444
15.794174
15.192205
15.013694
15.191934
15.013969
15.375696
15.526397
15.526292
15.3758
14.015823
14.189872
14.190563
13.541859
13.807556
14.017732
14.710084
14.858409
14.709797
14.858692
14.537881
14.387866
14.537985
14.387745
13.543557
13.808057
14.018994
14.192726
14.1926
14.018184
13.776378
13.777225
23.041648
13.28909
13.025542
12.877989
12.62679
12.874916
12.622736
23.219717
13.789996
13.787226
26.570142
26.235341
20.946885
11.877055
26.234576
26.573431
25.213236
24.756478
25.194677
24.768342
20.952314
26.236271
11.882724
26.234084
26.571966
26.571145
25.224063
24.90932
24.800059
25.340817
22.721667
22.72318
23.008695
23.070523
22.776215
23.049807
22.760145
21.684194
21.477729
21.272512
21.063258
21.682304
21.472282
21.277774
21.064954
22.130433
21.920817
22.569963
22.373853
22.343602
22.556698
21.928627
22.1562
21.483632
21.703419
21.08084
21.295919
21.282811
21.07699
21.71002
21.499332
20.084134
19.915431
19.725236
19.54019
20.082782
19.911632
19.728809
19.541323
20.44947
20.265933
20.860591
20.65198
20.644824
20.857436
20.267571
20.455197
19.917116
20.089652
19.54548
19.732351
19.730267
19.544901
20.090941
19.919858
19.087024
19.373092
19.226046
19.225264
19.372665
19.087543
16.841714
16.84096
16.841358
16.373483
16.244362
16.373199
16.244636
16.842205
16.84185
16.842094
16.373802
16.244822
16.244946
16.373669
15.744986
15.472856
15.472714
15.863967
15.744778
15.864186
15.318965
15.472299
15.318762
15.472522
15.132736
14.951298
15.132819
14.951216
15.745185
15.472929
15.864274
15.864396
15.745072
15.132777
14.951318
15.132835
14.95127
15.31919
15.472704
15.472845
15.31903
14.461954
14.306079
14.461864
14.306146
14.639552
14.792383
14.792309
14.639607
13.920498
14.104065
14.104077
13.416334
13.696984
13.920379
14.639544
14.792398
14.792347
14.639607
14.461799
14.305748
14.305934
14.461612
13.415075
13.696782
13.919763
14.103415
14.103636
13.920283
12.663735
12.2879
13.141055
12.842615
12.270605
12.667641
13.504733
21.494837
28.439124
28.19932
13.551229
23.385023
23.327137
13.139588
12.840375
12.653716
12.230377
12.671594
12.202382
28.447187
28.467421
23.357408
13.687927
23.39461
13.913682
17.31793
23.400196
25.261703
24.840778
24.489564
25.275159
24.832507
24.485633
26.629442
21.054948
26.318007
11.99188
26.317162
26.627475
26.626739
25.266711
24.759209
24.415017
24.825279
24.47018
25.19219
23.550387
23.363576
23.365143
23.548932
23.362405
23.364277
23.072774
23.072473
22.782241
22.78217
23.97223
23.728431
23.947887
24.24073
24.10592
24.109463
24.175288
24.286799
24.146578
23.70664
23.917436
23.918966
23.355832
23.526303
23.342036
23.046904
23.044291
23.06262
23.510391
23.33305
23.330651
22.758945
23.051907
22.76393
21.940255
22.158189
22.373983
22.578276
21.940267
22.158283
22.373561
22.578066
21.722601
21.507792
21.305499
21.096162
21.722497
21.507013
21.306413
21.096462
22.154001
21.931549
22.558584
22.362058
22.36847
22.562194
21.92989
22.148789
21.505673
21.71569
21.091794
21.301266
21.304735
21.092952
21.714254
21.501995
20.287381
20.472597
20.666961
20.87697
20.287137
20.471792
20.667853
20.877278
20.111725
19.941066
19.754214
19.568748
20.111517
19.940587
19.754587
19.568853
20.471792
20.285388
20.873253
20.663804
20.666928
20.874372
20.284339
20.468731
19.940427
20.109851
19.566094
19.751022
19.753967
19.567107
20.108814
19.937463
18.767327
18.595169
18.595504
18.435829
18.302751
18.436007
18.767349
18.595347
18.595552
18.435598
18.30267
18.435941
19.113142
19.250795
19.397168
19.113108
19.250902
19.397243
18.95125
18.59456
18.765587
18.593731
18.299987
18.432262
18.433224
18.434991
18.300912
18.434171
18.764623
18.591776
18.592766
19.11254
19.394498
19.247399
19.250299
19.395505
19.109664
17.62021
17.484539
17.484915
17.349341
17.2176
17.349342
17.620367
17.485066
17.485085
17.348783
17.217408
17.349161
17.871401
17.741089
17.870638
18.157007
18.006944
18.007811
18.009474
18.15791
18.008692
17.740264
17.868958
17.869786
17.483972
17.618533
17.483267
17.215123
17.346141
17.346813
17.348227
17.215821
17.347543
17.617739
17.481793
17.482504
16.414837
16.287522
16.415074
16.28729
16.877942
17.107152
16.988976
16.989534
16.990789
17.107815
16.99017
16.87736
16.413444
16.285461
16.285959
16.412913
15.375712
15.526404
15.526309
15.375807
15.192132
15.013673
15.013945
15.191838
15.792795
15.52549
15.90976
15.910187
15.792398
15.191122
15.013352
15.191488
15.013018
15.374234
15.52458
15.524809
15.374001
14.019088
14.19276
14.192706
13.544492
13.809065
14.018915
14.709318
14.858165
14.709613
14.857854
14.53672
14.386638
14.536538
14.386792
13.544193
13.808931
14.018379
14.191529
14.191681
14.018758
13.798997
23.435119
13.801953
13.290639
13.030459
12.883238
12.647912
12.881648
12.646402
23.402217
13.818786
13.814622
20.957623
26.234139
11.896475
26.235079
26.571905
25.179869
24.809996
25.229975
24.767102
20.94411
26.240793
11.851895
26.236152
26.565113
26.318029
25.338856
24.690483
24.903282
25.125917
22.780237
22.777069
22.68221
22.727592
21.709292
21.484802
21.296818
21.081862
21.714683
21.500651
21.28187
21.077143
22.126525
21.887186
22.484397
22.265909
22.344426
22.520966
21.868737
22.06146
21.473323
21.671887
21.044304
21.240107
21.271884
21.052707
21.656845
21.435517
20.085898
19.911403
19.731556
19.542966
20.088892
19.919126
19.724611
19.540756
20.439093
20.249657
20.828374
20.614389
20.634077
20.835404
20.245521
20.422265
19.908191
20.074927
19.53159
19.71177
19.721907
19.533972
20.071404
19.896991
19.080578
19.36063
19.211873
19.218356
19.362735
19.075383
16.840878
16.841517
16.841166
16.37255
16.244019
16.372799
16.243795
16.840866
16.840987
16.372425
16.243288
16.243689
16.372002
15.744274
15.472287
15.472285
15.863576
15.744436
15.863393
15.318656
15.472535
15.318838
15.47238
15.13187
14.950447
15.131802
14.950489
15.744126
15.472391
15.862845
15.863265
15.743784
15.472659
15.131799
14.950473
15.131815
14.950474
15.318293
15.472418
15.316664
14.461199
14.305541
14.461401
14.30534
14.638718
14.791517
14.791573
14.638636
13.919542
14.103177
14.102948
13.41275
13.694727
13.919074
14.638537
14.791518
14.79149
14.638601
14.460321
14.303576
14.304512
14.458725
13.411763
13.694596
13.919626
14.104148
14.102488
13.919075
12.649908
12.257581
13.136078
12.835638
12.257648
12.646004
13.455202
21.638356
28.698121
28.995279
13.446239
23.373175
23.439795
13.13504
12.834778
12.644679
12.249705
12.645449
12.253713
28.012867
28.44501
13.407703
13.418834
21.990931
23.234985
25.402351
24.914593
24.554487
25.351864
24.957853
24.58905
26.617737
21.061676
26.315378
11.982542
26.310304
26.650207
26.640194
25.129804
24.795699
24.426858
24.709653
24.373353
25.245457
23.570813
23.360962
23.376688
23.074181
23.563744
23.351158
23.371766
22.779765
23.077635
22.782147
23.920792
23.695582
23.901125
24.242485
24.105784
24.109148
24.107336
24.205706
24.083186
23.70484
23.915092
23.917757
23.338974
23.504631
23.328282
23.027819
23.053049
23.508596
23.322073
23.328881
23.043338
22.753651
23.045175
22.759643
21.934358
22.153758
22.366531
22.57355
21.93383
22.15171
22.369563
22.57528
21.716482
21.502313
21.301223
21.090549
21.716219
21.50237
21.30069
21.090273
22.150553
21.928315
22.552203
22.346013
22.364898
22.558329
21.9242
22.132977
21.501238
21.71211
21.08674
21.289683
21.299942
21.088697
21.708559
21.489243
20.281152
20.46642
20.663108
20.871472
20.28172
20.467929
20.661742
20.871083
20.105475
19.934894
19.750037
19.563211
20.106062
19.936496
19.748513
19.562679
20.466388
20.28115
20.868418
20.654942
20.661588
20.870015
20.28042
20.460741
19.935157
20.105737
19.563194
19.74517
19.748865
19.563557
20.105172
19.93128
18.761782
18.590266
18.590011
18.431416
18.297721
18.430833
18.762059
18.590889
18.590252
18.430969
18.297597
18.430656
19.107585
19.24641
19.39163
19.108692
19.245178
19.391136
18.949076
18.59097
18.763684
18.591751
18.299529
18.42977
18.432457
18.431706
18.299518
18.432489
18.763837
18.588749
18.591631
19.108099
19.391862
19.243785
19.245666
19.392163
19.107081
17.616183
17.481628
17.481117
17.345644
17.213859
17.34543
17.616101
17.481251
17.480997
17.346101
17.214034
17.345579
17.869156
17.740581
17.869941
18.156851
18.005418
18.007733
18.00696
18.156795
18.007736
17.740666
17.867886
17.86999
17.48242
17.618236
17.483181
17.216109
17.34597
17.347666
17.34688
17.21605
17.347605
17.618359
17.48149
17.483281
16.412453
16.284822
16.412184
16.285103
16.879056
17.108396
16.990876
16.991141
16.989983
17.108169
16.990693
16.879774
16.414436
16.287146
16.287031
16.41455
15.373992
15.524502
15.524617
15.373906
15.190726
15.013217
15.012776
15.191155
15.793878
15.526145
15.911279
15.911247
15.793967
15.192159
15.013751
15.191694
15.014216
15.375974
15.527274
15.527327
15.374546
14.018392
14.191474
14.19154
13.544084
13.80903
14.019123
14.710288
14.858557
14.709922
14.858976
14.537672
14.387037
14.387814
14.536253
13.544707
13.809372
14.020859
14.194766
14.193043
14.019575
13.831549
23.449909
13.836891
13.291721
13.032071
12.887691
12.643257
12.886501
12.647525
23.107304
13.843718
13.849031
)
;
    }
}


// ************************************************************************* //
