/*--------------------------------*- C++ -*----------------------------------*\
| =========                 |                                                 |
| \\      /  F ield         | OpenFOAM: The Open Source CFD Toolbox           |
|  \\    /   O peration     | Version:  2412                                  |
|   \\  /    A nd           | Website:  www.openfoam.com                      |
|    \\/     M anipulation  |                                                 |
\*---------------------------------------------------------------------------*/
FoamFile
{
    version     2.0;
    format      ascii;
    arch        "LSB;label=32;scalar=64";
    class       volScalarField;
    location    "600";
    object      yPlus;
}
// * * * * * * * * * * * * * * * * * * * * * * * * * * * * * * * * * * * * * //

dimensions      [0 0 0 0 0 0 0];

internalField   uniform 0;

boundaryField
{
    inlet
    {
        type            calculated;
        value           uniform 0;
    }
    outlet
    {
        type            calculated;
        value           uniform 0;
    }
    topandbottom
    {
        type            calculated;
        value           uniform 0;
    }
    front
    {
        type            symmetryPlane;
    }
    back
    {
        type            symmetryPlane;
    }
    airfoil
    {
        type            calculated;
        value           nonuniform List<scalar> 
12960
(
47.008031
44.264858
52.468082
44.4661
44.271286
43.907003
39.415986
44.041547
39.580802
43.593213
44.155534
44.013174
52.591202
52.353879
43.777739
51.032665
42.540494
40.287008
44.177698
52.751449
44.055524
38.852148
44.206098
44.223744
39.458827
44.067035
44.738064
44.121362
52.718474
44.183328
47.183288
47.246296
42.72846
39.134944
42.614823
51.192418
38.528253
39.02176
43.765921
52.411007
52.22586
43.13583
52.38278
43.975372
39.610492
44.918092
38.76828
44.100855
44.231783
39.452588
51.556891
41.308705
36.349751
38.994044
44.353426
38.840564
38.594749
52.543836
44.331609
43.142864
52.410888
52.489279
43.589345
52.84292
38.838718
38.308286
38.509771
43.02323
43.618821
37.083575
43.14241
44.135893
39.63563
43.335799
43.499686
44.65587
53.126405
44.24576
52.791327
45.152866
44.39336
44.237711
39.407449
39.421135
44.165437
39.489584
44.129941
39.630204
45.64179
44.992952
38.939378
43.776427
52.922948
44.524786
38.585504
43.598441
53.027719
44.327933
43.902399
44.447542
38.812711
44.156654
45.513252
53.544051
48.525618
48.119137
45.267141
40.718076
52.467091
44.063265
38.775603
38.623312
40.054606
45.224481
38.978722
44.40696
53.195121
43.639894
52.787676
43.057603
43.201186
53.073023
39.866965
44.406942
48.564272
54.222015
53.393065
42.598317
52.355194
52.643612
39.130886
47.875564
43.71554
45.215285
39.004771
39.948813
45.121573
38.804956
52.753652
45.481235
45.208361
39.386549
48.122972
53.964731
45.124146
3.4560845
23.779295
23.910145
24.373729
23.498423
18.913369
18.906982
17.70249
18.114863
18.119968
17.698262
17.063984
17.066894
25.989272
25.98639
16.739568
16.739121
15.655301
16.049572
16.049546
15.658123
23.764242
24.235455
23.689423
24.334953
18.931773
18.92557
17.715922
18.129284
17.710625
18.134933
17.073696
17.078469
26.01377
26.0404
16.731745
16.734064
15.647364
16.043925
15.649748
16.041547
23.635852
24.306599
23.734193
24.138057
18.928001
18.931441
17.714413
18.135603
17.716955
18.132775
17.079953
17.077786
26.090362
25.992389
16.730465
16.730125
15.646202
16.039951
15.645785
16.040351
23.642063
24.370024
23.78134
24.169522
18.916508
18.921183
17.705281
18.126631
17.708638
18.122908
17.072471
17.069546
26.053125
25.990514
16.734517
16.732701
15.649869
16.04263
15.648443
16.0442
23.778497
24.240674
23.689793
24.360593
18.92171
18.917559
17.70854
18.123523
17.705738
18.126695
17.069813
17.072181
26.004856
26.016828
16.731213
16.733507
15.647162
16.043321
15.649063
16.041274
23.662219
24.235755
23.676158
24.189365
18.92551
18.923981
17.712516
18.129294
17.711167
18.130709
17.074846
17.076121
26.046747
25.992563
16.728146
16.729181
15.643839
16.039018
15.644844
16.037988
23.756277
24.311452
23.752383
24.3356
18.924929
18.92806
17.711448
18.13223
17.713703
18.12973
17.076917
17.074938
25.991576
26.024009
16.729464
16.72738
15.645544
16.037592
15.643636
16.039568
23.762584
24.128064
23.613134
24.364132
18.91913
18.91859
17.706943
18.124711
17.706936
18.12486
17.070985
17.070788
25.956217
26.064388
16.735992
16.734418
15.651692
16.04423
15.650011
16.045891
23.677424
24.228975
23.678147
24.221158
18.925298
18.922733
17.710873
18.127663
17.709363
18.129487
17.072674
17.073801
26.026508
26.017739
16.736419
16.737066
15.651903
16.046826
15.652574
16.04614
23.758688
24.361817
23.772727
24.319222
18.92141
18.925543
17.708392
18.128935
17.710207
18.126477
17.073187
17.072104
26.051116
26.004307
16.734757
16.734009
15.651092
16.044233
15.650275
16.045056
24.027539
24.56394
26.028745
25.536232
25.630778
25.038832
24.359176
24.586122
26.076047
25.917409
25.686103
25.444609
23.562218
23.329288
23.783996
24.188811
24.387577
23.66788
23.568389
23.476236
18.727879
18.257677
18.263031
18.720667
18.915
18.92277
18.729327
18.270418
18.264198
18.736616
17.579583
17.171821
17.175494
17.575689
17.703393
18.126925
18.12104
17.708499
17.580443
17.180629
17.176263
17.58534
16.691995
16.688413
16.52516
16.113652
16.11694
16.521837
17.07188
17.067653
16.692647
16.696541
16.52585
16.121249
16.117605
16.529768
15.596419
15.99262
15.995632
15.596334
15.597081
15.999857
15.996294
15.600457
25.523556
25.522286
25.988754
26.098057
25.53233
25.69468
18.953046
18.950906
18.952243
18.950825
16.573933
16.169262
16.169477
16.573746
16.738314
16.734984
16.572713
16.164825
16.168268
16.569404
15.654164
16.044902
16.048353
15.650737
24.415156
24.519631
26.006276
25.974439
25.589644
25.522061
24.50473
24.503166
25.994052
26.004162
25.569499
25.584314
23.557274
23.491652
23.760084
24.319877
24.32161
23.751791
23.555954
23.545737
18.745396
18.272866
18.739315
18.27864
18.932755
18.932364
18.746391
18.279836
18.279663
18.746176
17.592584
17.182502
17.587398
17.187381
17.716947
18.136231
18.135959
17.717464
17.593607
17.189179
17.1884
17.594194
16.702739
16.698224
16.536008
16.122821
16.531456
16.127124
17.080307
17.079481
16.703738
16.704698
16.537032
16.129274
16.128123
16.538102
15.605915
16.00139
15.601899
16.005606
15.606884
16.007766
16.006593
15.608152
25.552203
25.610586
26.022571
26.010991
25.56799
25.548237
18.946986
18.950152
16.566216
16.163858
16.568491
16.161494
16.731158
16.73019
16.565649
16.159967
16.160915
16.564731
15.646792
16.040014
16.040967
15.645848
24.494689
24.302514
25.891288
26.019551
25.400663
25.598635
24.56417
24.358944
25.940602
26.024563
25.469479
25.624299
23.448054
23.527966
23.661208
24.374702
24.185969
23.787163
23.468386
23.5749
18.742034
18.27916
18.745331
18.276221
18.926818
18.922794
18.740865
18.271351
18.27511
18.736901
17.591259
17.188798
17.593719
17.186565
17.713388
18.128006
18.131688
17.709908
17.590252
17.182333
17.185606
17.586829
16.702415
16.704414
16.535945
16.129085
16.537855
16.127336
17.073615
17.076842
16.701506
16.698384
16.535055
16.123535
16.126488
16.531981
15.606552
16.007596
15.608045
16.005907
15.605778
16.002176
16.005076
15.603044
1.6566517
25.672071
25.525181
26.050475
26.002629
25.618683
25.527361
16.565069
16.159906
16.56468
16.160304
16.730726
16.732069
16.56535
16.161994
16.160601
16.566733
15.646513
16.042041
16.040652
15.647888
24.560747
24.344063
25.935058
26.033245
25.461977
25.631068
24.341952
24.308826
25.939074
25.934512
25.456194
25.460993
23.448212
23.569573
23.609915
24.167396
24.133129
23.64042
23.418563
23.446645
18.730938
18.269934
18.735349
18.266059
18.91557
18.916306
18.730063
18.265793
18.265304
18.730717
17.58233
17.181166
17.585587
17.178167
17.704637
18.12263
18.122186
17.704975
17.581707
17.177829
17.177596
17.582015
16.694544
16.697292
16.52821
16.122512
16.530906
16.119976
17.069201
17.068991
16.694023
16.694165
16.5277
16.119574
16.119495
16.527832
15.599792
16.001174
15.602102
15.998697
15.599351
15.998287
15.998227
15.599362
25.619649
25.513027
26.054402
26.05358
25.631653
25.620224
16.56915
16.162595
16.567365
16.164219
16.73483
16.73418
16.569454
16.163905
16.164485
16.568824
15.650091
16.043892
16.044454
15.649579
24.422249
24.548234
26.018727
25.97908
25.611962
25.531154
24.425218
24.524165
26.016753
25.975979
25.600192
25.531159
23.568215
23.489563
23.762885
24.244181
24.337734
23.693394
23.555619
23.492985
18.735743
18.266741
18.731867
18.270066
18.922648
18.923788
18.736654
18.272327
18.270914
18.737903
17.585444
17.178467
17.582744
17.18091
17.709312
18.12896
18.127521
17.7108
17.586202
17.183171
17.181631
17.587704
16.696882
16.694707
16.530496
16.120045
16.52836
16.12202
17.07444
17.072892
16.697566
16.699148
16.531176
16.124287
16.122675
16.532776
15.601517
15.99874
15.599761
16.000657
15.60213
16.002909
16.001301
15.603717
25.53313
25.562522
26.001695
26.028979
25.537214
25.580677
18.945043
18.948955
16.56592
16.163313
16.568171
16.161212
16.730604
16.72946
16.565309
16.159317
16.160607
16.564119
15.646575
16.03936
16.040673
15.645209
24.423569
24.36369
25.943091
26.015756
25.474579
25.570918
24.49568
24.446895
26.008431
25.993284
25.569539
25.567041
23.468423
23.47583
23.701335
24.313774
24.261102
23.752008
23.499775
23.54783
18.739651
18.272646
18.738144
18.274088
18.926333
18.928159
18.740407
18.275916
18.274716
18.742013
17.58941
17.18357
17.588079
17.184859
17.713029
18.132402
18.131303
17.713891
17.589901
17.185925
17.185294
17.590699
16.700823
16.699574
16.534456
16.124732
16.53321
16.125947
17.077124
17.07654
16.7012
16.70166
16.534823
16.126601
16.126279
16.535245
15.605316
16.003355
15.604165
16.004555
15.605602
16.005165
16.004875
15.605802
25.609145
25.541213
25.994532
26.021531
25.535591
25.566277
18.942489
16.562782
16.158985
16.563824
16.157948
16.727756
16.727174
16.562405
16.157242
16.157617
16.561874
15.643563
16.037345
16.037671
15.643369
24.492243
24.524533
26.025413
25.990524
25.612073
25.561653
24.290028
24.49264
26.026485
25.928429
25.603414
25.436226
23.54764
23.549238
23.728196
24.117846
24.303007
23.604815
23.521689
23.416577
18.738934
18.275752
18.741889
18.27315
18.923287
18.919196
18.737401
18.268475
18.271835
18.733552
17.588318
17.185722
17.590507
17.183695
17.710338
18.125256
18.128476
17.707452
17.587247
17.180143
17.182721
17.584449
16.699586
16.701443
16.533179
16.126371
16.535023
16.124623
17.071477
17.073992
16.698712
16.696362
16.532317
16.121612
16.123818
16.529981
15.603942
16.004934
15.605565
16.003221
15.603208
16.000277
16.002436
15.601162
25.518091
25.57155
25.983553
26.064197
25.511633
25.648301
18.943253
18.940411
18.944883
18.949228
16.564156
16.157482
16.562089
16.159485
16.730509
16.733611
16.565186
16.163414
16.160461
16.568255
15.646449
16.04343
16.040525
15.649225
24.300473
24.561833
26.06729
25.929206
25.668655
25.439925
24.405399
24.558456
26.060789
25.979387
25.658984
25.524013
23.548861
23.424238
23.765723
24.224972
24.362679
23.680883
23.553189
23.483694
18.73339
18.267917
18.732961
18.268121
18.919781
18.921967
18.733988
18.270416
18.268603
18.736075
17.583904
17.179647
17.58394
17.179485
17.707311
18.127036
18.125309
17.708813
17.584248
17.181004
17.179762
17.585684
16.695585
16.695881
16.529134
16.121129
16.529492
16.12068
17.072231
17.071045
16.695788
16.696816
16.529309
16.121588
16.120804
16.530246
15.600105
15.999797
15.600685
15.999319
15.600155
16.000155
15.999426
15.600697
25.47001
25.648032
25.963318
26.026724
25.480762
25.587793
18.950726
16.570647
16.164218
16.569061
16.165869
16.736328
16.737003
16.57098
16.166807
16.166217
16.571604
15.652047
16.046819
16.046242
15.652585
24.41204
24.401768
25.979951
25.988787
25.524133
25.538857
24.595039
24.394936
25.93529
26.069476
25.475682
25.681032
23.480413
23.478957
23.690657
24.397621
24.222144
23.790308
23.494775
23.575117
18.739201
18.271071
18.736815
18.273022
18.926057
18.926371
18.739868
18.273272
18.273496
18.739986
17.587633
17.181466
17.586211
17.182655
17.71118
18.12962
18.12991
17.710783
17.587911
17.18245
17.182861
17.587502
16.698172
16.697206
16.531461
16.121897
16.530603
16.12263
17.073596
17.073992
16.698323
16.69797
16.531577
16.122361
16.122725
16.531151
15.601451
16.000447
15.600927
16.001136
15.601501
16.000874
16.001222
15.601152
8.1351514
11.431393
25.588589
25.574342
26.061864
25.974097
25.628156
25.501805
18.952676
18.952706
18.952079
18.949261
16.570924
16.16682
16.57164
16.166123
16.735929
16.734317
16.570423
16.164314
16.165674
16.568801
15.651512
16.044429
16.045709
15.650416
24.553939
24.501388
25.997588
26.041745
25.574347
25.637025
24.001768
24.578441
26.06855
25.46546
25.673691
24.967862
23.553257
23.563174
23.7791
23.892825
24.383417
23.498983
23.56105
23.333217
18.735489
18.272549
18.73918
18.269808
18.920247
18.914248
18.734552
18.264512
18.269215
18.727822
17.585319
17.18201
17.586961
17.180814
17.708094
18.121568
18.125988
17.704627
17.585069
17.177838
17.180671
17.581957
16.696835
16.697637
16.529983
16.122081
16.530805
16.121478
17.069919
17.071975
16.696829
16.69415
16.529947
16.11914
16.121475
16.527546
15.600485
16.000612
15.600927
16.000063
15.600482
15.998008
16.000062
15.601369
25.621594
25.553828
25.954711
26.014444
25.485087
25.562317
18.947423
18.948327
16.56919
16.164093
16.568491
16.164904
16.735537
16.734486
16.569918
16.164658
16.165587
16.569095
15.651675
16.045007
16.045715
15.653712
21.030524
13.003497
21.057415
13.000533
21.053981
13.001154
13.006947
13.009404
21.057426
13.008469
13.012012
13.022135
21.055133
13.029392
21.058617
13.031481
20.93927
20.958448
13.708113
13.711745
12.904897
26.422113
27.364131
12.909111
28.253726
27.90426
21.051848
13.805221
13.8019
13.00177
20.95406
20.94554
13.715006
13.718321
12.911903
28.813443
28.222146
12.913925
28.007424
28.473019
13.799447
13.796985
13.000118
20.945001
20.945348
13.717856
13.714048
12.912716
28.444911
2.5699306
30.283306
12.906889
28.090328
28.715283
13.79687
13.798568
13.004569
20.955322
13.711175
13.708126
12.902697
27.455874
28.415077
12.897007
28.236126
28.508962
13.800086
13.801243
13.009358
13.707902
13.708545
12.894727
27.631027
28.256584
12.891267
28.564347
27.596776
13.800556
13.798788
13.008637
13.708698
13.707812
12.888566
28.266617
27.933695
12.882112
28.169579
27.836543
13.798102
13.798131
13.009667
20.945581
13.706105
13.701819
12.876696
28.722324
28.146193
12.865759
28.428787
27.950016
13.799475
13.803748
13.018246
20.951128
13.699621
13.697769
12.859375
27.758705
27.030803
12.850913
27.116487
27.220722
13.806277
13.808783
13.027395
20.946957
20.944157
13.697296
13.696237
12.846871
26.611854
27.305703
12.839302
8.291597
30.309167
13.178957
21.057206
13.809188
13.808645
13.03089
20.946404
20.938926
13.695233
13.693961
12.837633
27.36407
26.264141
12.833076
25.492036
25.663243
13.808593
13.809477
13.031747
24.012762
23.71584
23.943173
24.133123
23.827735
24.003365
24.223361
24.293101
24.148225
23.606569
23.6776
23.815569
22.10047
22.285891
22.315474
22.077332
20.425597
20.614459
20.619566
20.421321
19.072011
18.91243
19.207644
19.209365
19.070632
18.91172
17.832339
17.701822
17.831639
18.118086
17.965778
17.968693
17.970583
18.119201
17.969824
17.700849
17.827912
17.830596
17.065605
16.946917
16.94765
16.948638
17.066304
16.948104
26.621931
25.985475
21.051224
26.050544
16.882186
16.740684
16.883405
16.741116
16.882988
15.797074
15.656204
16.050843
15.91451
15.914468
16.050522
15.656844
15.797655
14.540103
14.388673
14.389346
14.539376
12.842636
13.00357
12.842828
23.75703
23.988216
23.983722
24.098962
24.304163
24.157559
23.72907
23.904459
23.953225
24.191108
24.33767
24.189953
22.147606
22.352823
22.139096
22.363174
20.457247
20.650257
20.454361
20.65336
19.091391
18.9302
19.227651
19.089225
18.928098
19.229871
17.714473
17.846225
17.844758
17.979479
18.131506
17.981642
17.712669
17.840817
17.842917
17.985014
18.133428
17.983526
16.95524
17.075486
16.956991
16.959934
17.077114
16.958591
26.629284
25.995632
25.993912
16.732438
16.874345
16.733216
15.648055
15.789083
15.908867
16.043038
15.648852
15.791485
15.906485
16.042242
14.532789
14.381545
14.382215
14.532118
12.840139
13.000262
12.839882
23.653538
23.838253
23.86157
24.161248
24.254784
24.113586
23.696614
23.95792
23.915157
24.01782
24.176223
24.047989
22.117884
22.337857
22.125666
22.327996
20.449681
20.646523
20.451675
20.644306
19.090016
18.929177
19.229364
19.091237
18.930342
19.228089
17.71537
17.844516
17.845497
17.985824
18.134769
17.985032
17.716233
17.847146
17.84639
17.983102
18.133809
17.984107
16.961517
17.079378
16.960972
16.959426
17.078641
16.96026
26.629724
26.049746
21.047428
26.627864
25.995013
16.730278
16.873033
16.730161
16.872708
15.645973
15.787869
15.904891
16.039995
15.645831
15.787469
15.905296
16.040131
14.530715
14.380357
14.380129
14.530944
12.841797
13.001695
12.842591
23.6932
23.851695
23.910273
24.219629
24.325597
24.177713
23.746547
24.01066
23.972054
24.039712
24.244845
24.106574
22.116228
22.350578
22.13318
22.330311
20.435824
20.635361
20.439878
20.630613
19.078305
18.91788
19.217878
19.08004
18.9195
19.21602
17.706229
17.835164
17.836145
17.977094
18.125252
17.975762
17.707382
17.838629
17.837337
17.973508
18.12397
17.974527
16.954198
17.071362
16.953114
16.951346
17.070361
16.952138
26.630081
26.017034
26.629153
21.052522
26.629468
25.98412
16.734004
16.877119
16.876585
16.73337
16.875244
15.649486
15.791574
15.907564
16.043226
15.648993
15.790108
15.909083
16.043771
14.533905
14.383598
14.38329
14.534216
12.849465
13.00765
12.850352
23.772527
24.006104
24.000995
24.102634
24.318175
24.17077
23.740483
23.906636
23.965604
24.212917
24.358476
24.209055
22.143796
22.347625
22.130927
22.362421
20.443771
20.635445
20.439968
20.639859
19.081169
18.920463
19.217512
19.079607
18.919018
19.219204
17.707634
17.838581
17.837646
17.974066
18.124593
17.975083
17.706666
17.835669
17.836639
17.977101
18.125692
17.976134
16.951581
17.070573
16.952315
16.95388
17.07139
16.953106
26.630236
25.991153
26.630375
25.984224
16.731939
16.873744
16.874477
16.73273
15.6478
15.788798
15.908229
16.042649
15.648451
15.790743
15.906232
16.041946
14.532625
14.381617
14.382131
14.532086
12.853133
13.009264
12.853144
23.643073
23.871662
23.848426
24.093276
24.189558
24.056155
23.653646
23.89442
23.865311
24.059559
24.154841
24.031143
22.109204
22.318753
22.108341
22.319582
20.442804
20.636471
20.442253
20.637028
19.085442
18.924809
19.222803
19.08492
18.924299
19.223332
17.712013
17.842569
17.84205
17.979713
18.129678
17.980101
17.711561
17.8412
17.841592
17.981103
18.130152
17.980566
16.956556
17.075254
16.956967
16.95782
17.075682
16.957391
26.631595
26.080679
26.031963
16.728532
16.870761
16.728879
15.644158
15.785488
15.903949
16.038679
15.644496
15.786501
15.902926
16.038334
14.529286
14.378722
14.378939
14.529047
12.853536
13.008519
12.853849
23.761875
23.982417
23.985501
24.171415
24.318404
24.177558
23.756739
23.97237
23.977645
24.188163
24.331909
24.188186
22.150629
22.372861
22.155473
22.368201
20.451829
20.650866
20.454266
20.648123
19.087323
18.926378
19.226802
19.08848
18.927458
19.225564
17.712439
17.841527
17.842555
17.982499
18.131705
17.981986
17.713213
17.843855
17.843354
17.980089
18.130846
17.981159
16.958549
17.076465
16.958103
16.956613
17.075789
16.957441
26.630688
26.012966
21.054758
26.629958
26.022754
16.728552
16.871997
16.727843
16.869899
15.644744
15.787152
15.902598
16.038056
15.644098
15.785225
15.904552
16.038727
14.530387
14.380919
14.38018
14.531126
12.85901
13.013167
12.859934
23.716394
23.995036
23.938354
24.001726
24.185195
24.054753
23.655594
23.817983
23.865995
24.208263
24.282315
24.139445
22.11831
22.316928
22.105292
22.333473
20.436537
20.629139
20.434878
20.631295
19.079089
18.918641
19.21649
19.078828
18.918426
19.216806
17.706719
17.836916
17.83667
17.975257
18.124492
17.975032
17.7067
17.836865
17.836634
17.975353
18.124563
17.975084
16.952742
17.070719
16.952467
16.952499
17.070665
16.952397
26.628996
26.006806
26.627305
26.054448
16.735584
16.878521
16.878126
16.735069
16.876988
15.651241
15.793358
15.909148
16.044902
15.650684
15.791679
15.91082
16.045451
14.536532
14.386832
14.38634
14.537011
12.871028
13.023356
12.872403
23.677037
23.891389
23.893459
24.090415
24.225107
24.088919
23.677955
23.894474
23.894181
24.084957
24.228128
24.08946
22.1152
22.324698
22.113246
22.326605
20.444589
20.637636
20.443095
20.639198
19.085211
18.924428
19.222248
19.084276
18.923554
19.223246
17.71043
17.841061
17.840582
17.978015
18.128301
17.97862
17.709911
17.839455
17.840031
17.97972
18.128926
17.979205
16.954268
17.073104
16.954673
16.955318
17.073492
16.955034
26.625133
26.016817
21.055227
26.034797
16.736784
16.87901
16.87937
16.736999
15.652226
15.793616
15.911738
16.046717
15.652454
15.794273
15.911056
16.046485
14.537758
14.387504
14.387704
14.537528
12.879619
13.029843
12.880339
23.732398
23.979819
23.943644
24.210419
24.289671
24.152309
23.740485
24.001209
23.956695
24.178883
24.262725
24.132736
22.151884
22.373993
22.156906
22.369492
20.449249
20.649857
20.452883
20.645866
19.083697
18.92284
19.223744
19.085341
18.924303
19.221928
17.708883
17.838421
17.838975
17.979101
18.128074
17.978302
17.709528
17.84042
17.839687
17.976873
18.127199
17.977509
16.954704
17.072744
16.954296
16.95373
17.072359
16.95395
26.627685
26.109751
26.072336
16.734206
16.877328
16.733956
15.650614
15.792781
15.909247
16.044259
15.650334
15.791943
15.910068
16.044539
14.536748
14.387198
14.386878
14.537087
12.884333
13.031704
12.884994
24.31274
24.479468
26.567977
25.992239
26.564935
25.946159
25.342047
25.561301
24.304719
24.917509
25.456094
24.720591
24.397165
24.50806
26.570567
26.028171
26.571039
20.944296
25.937775
25.390837
25.610738
24.696875
24.952367
25.480169
25.122429
23.363387
23.505812
23.314152
22.959884
23.058721
23.018245
23.414679
23.171768
23.239478
24.017546
23.741308
23.965328
24.22222
24.061493
24.09021
24.231119
24.317463
24.169799
23.688737
23.875483
23.900021
23.371568
23.535205
23.347192
23.493792
23.30073
23.315284
21.453404
21.244342
21.253548
21.441916
22.133042
22.34496
22.350423
22.130987
21.47762
21.279131
21.275095
21.480954
19.897114
19.708962
19.711461
19.894359
20.438826
20.639028
20.634487
20.443265
19.906477
19.723498
19.719841
19.910356
18.555905
18.726994
18.554898
18.260985
18.390748
18.394113
18.396347
18.262191
18.395414
18.725768
18.549866
18.553455
19.077768
18.917233
19.218728
19.215672
19.080641
18.919906
18.557276
18.731379
18.559213
18.268015
18.40418
18.401664
18.397606
18.265879
18.399404
18.733888
18.564247
18.561611
17.443946
17.578957
17.443341
17.174016
17.304033
17.306245
17.307765
17.174907
17.307157
17.578052
17.440121
17.442443
17.833288
17.704726
17.834687
18.124629
17.9772
17.974999
17.971595
18.12261
17.973077
17.706472
17.83862
17.836512
17.444763
17.581716
17.445974
17.178877
17.313074
17.311263
17.308557
17.177389
17.309722
17.58339
17.449453
17.447576
16.835819
16.691589
16.690955
16.367707
16.524649
16.115705
16.235777
16.239065
16.11644
16.523844
16.364419
17.070184
16.953471
16.951825
16.949374
17.068746
16.950432
16.836461
16.69365
16.694976
16.368367
16.526865
16.119792
16.243404
16.23972
16.118555
16.528199
16.372143
15.740003
15.595894
15.994423
15.856021
15.858984
15.995132
15.595544
15.737624
15.314485
15.314912
15.740672
15.597979
15.998436
15.863151
15.85965
15.997227
15.599122
15.74408
15.316352
15.315504
15.469894
14.459665
14.305991
14.305406
14.460227
14.105787
14.105247
13.926284
13.708848
13.926473
14.461761
14.306681
14.460902
14.307528
14.10646
14.107306
13.710778
13.929038
13.928116
12.752053
12.905827
12.751992
22.226278
28.767767
28.060194
23.130077
22.937442
12.908194
12.75376
12.752999
28.254631
27.908102
22.985371
23.052888
25.198761
25.522922
25.585973
25.184406
26.621879
26.027867
26.092821
25.216933
25.597762
24.790171
25.688991
25.397204
22.151269
22.360106
22.364086
22.147332
21.505252
21.301826
21.304656
21.501992
22.16753
22.389797
22.384161
22.171567
21.51357
21.312126
21.311147
21.514979
20.472423
20.665805
20.66746
20.471115
19.941321
19.754461
19.75499
19.940703
20.474114
20.670335
20.67004
20.474298
19.941092
19.754191
19.754291
19.94106
19.113901
18.954116
19.251432
19.251531
19.114057
18.954867
19.112132
19.249709
19.24998
19.111805
18.951287
16.417725
16.574944
16.170776
16.290124
16.290311
16.170469
16.575203
16.417563
16.880922
16.737103
16.735991
16.877585
16.416483
16.571513
16.165886
16.285612
16.289075
16.167042
16.570407
16.413057
15.379704
15.529664
15.530745
15.378739
15.795928
15.652971
16.045971
15.909849
15.913296
16.047131
15.651816
15.792477
15.37639
15.37758
15.527195
14.1925
14.193196
14.019189
13.805143
14.018544
14.537394
14.387774
14.538427
14.386774
14.191611
14.19064
13.802782
14.014734
14.015735
13.002277
12.841276
12.841714
24.493339
24.526797
26.57034
26.027602
26.567421
26.57446
26.027544
25.615526
25.292701
25.603934
25.200604
24.498395
24.495333
26.566555
25.991513
26.566786
20.94677
25.994387
25.26996
25.56389
24.855273
24.847984
25.569309
25.283259
23.548147
23.368354
23.358115
23.044168
23.523199
23.311478
23.336279
23.062327
23.980994
23.755934
23.975733
24.316406
24.176657
24.175585
24.180829
24.314502
24.174583
23.755175
23.974734
23.975901
23.369387
23.552937
23.367392
23.07103
23.074596
23.551179
23.357576
23.364698
21.496148
21.289892
21.491178
21.29418
22.159177
22.371901
22.376133
22.15515
21.503095
21.297386
21.29993
21.500163
19.923133
19.73344
19.920642
19.735846
20.460523
20.655412
20.65697
20.459219
19.926033
19.738134
19.738731
19.925297
18.743838
18.572906
18.571345
18.40672
18.275153
18.409074
18.741775
18.56688
18.5693
18.412626
18.277116
18.411081
19.094337
18.933139
19.232507
19.232803
19.094112
18.932975
18.573923
18.746814
18.574387
18.280206
18.413719
18.414135
18.413648
18.280173
18.414138
18.746712
18.57387
18.57434
17.591154
17.456521
17.45511
17.315003
17.184341
17.316888
17.589387
17.451444
17.453379
17.319976
17.186005
17.318583
17.84725
17.717525
17.847813
18.136557
17.986408
17.986692
17.986042
18.136489
17.986592
17.717679
17.847691
17.847941
17.457542
17.594199
17.458147
17.189275
17.32171
17.321835
17.320995
17.189028
17.321611
17.594377
17.458196
17.458349
16.701435
16.846586
16.699897
16.534685
16.378238
16.245003
16.124394
16.533135
16.373783
16.249364
16.125859
17.08038
16.96184
16.961884
16.960947
17.080116
16.961596
16.847575
16.704395
16.704707
16.848469
16.379253
16.537722
16.129196
16.251476
16.250366
16.128817
16.538071
16.380348
15.604716
15.749584
15.864654
16.002927
15.603351
15.74554
15.868802
16.004362
15.322729
15.323863
15.750548
15.607586
16.007673
15.870989
15.869784
16.007286
15.608006
15.75176
15.325456
15.324784
15.47898
14.467679
14.314241
14.313236
14.468728
14.113972
14.112975
13.93227
13.716008
13.933292
14.47024
14.315068
14.469593
14.315684
14.114792
14.115406
13.718052
13.935756
13.935443
12.756289
12.912666
12.757036
23.139658
27.847489
27.852196
22.924602
22.941585
12.91392
12.757741
12.757962
28.166716
28.439388
22.935082
23.000718
25.529058
25.222782
25.536408
25.306448
24.780455
26.628923
26.023713
26.021001
25.241185
25.571393
25.565553
25.218343
22.145928
22.370659
22.155767
22.359101
21.499471
21.303996
21.505499
21.298862
22.13131
22.344722
22.343901
22.132079
21.488217
21.288835
21.288808
21.488435
20.466833
20.66503
20.469662
20.661777
19.935921
19.751314
19.937862
19.749576
20.460519
20.654348
20.654712
20.460085
19.93126
19.744799
19.745318
19.930742
19.108507
18.948123
19.247476
19.109697
18.949227
19.246179
19.105398
19.242347
19.242832
19.104931
18.94477
16.566891
16.409774
16.284646
16.162978
16.567653
16.412109
16.282275
16.162187
16.873752
16.730698
16.730376
16.872773
16.409197
16.565207
16.160149
16.280734
16.281691
16.160465
16.564902
16.40826
15.371418
15.521335
15.370706
15.788502
15.646346
16.040199
15.904955
15.905907
16.040516
15.646032
15.787538
15.369644
15.370112
15.520255
14.185579
14.186224
14.011993
13.798754
14.011229
14.531119
14.380985
14.531559
14.380544
14.185042
14.184624
13.797257
14.009258
14.009571
12.999991
12.840196
12.839931
24.440357
24.349275
26.571755
25.940186
26.568543
20.956696
26.57302
26.008145
25.466798
25.066536
25.567996
25.289807
24.535898
24.463388
26.572181
26.011323
26.570962
26.028791
25.138786
25.576844
24.915375
24.703195
25.61948
25.337151
23.461243
23.275392
23.285119
23.023153
23.495494
23.340131
23.3123
23.002398
23.869945
23.714039
23.93437
24.346078
24.22519
24.197362
24.057154
24.277488
24.134721
23.762829
24.016614
23.990246
23.291883
23.51137
23.326844
23.03625
23.553104
23.381065
23.362032
21.478112
21.282339
21.4822
21.278933
22.131804
22.359748
22.34593
22.142231
21.482997
21.284028
21.281726
21.486663
19.918833
19.733817
19.920407
19.732335
20.447613
20.642915
20.643023
20.447082
19.915495
19.727547
19.728816
19.914315
18.743181
18.56992
18.57104
18.412995
18.278282
18.41207
18.744299
18.57309
18.572115
18.409945
18.277284
18.411036
19.086368
18.92559
19.223062
19.224416
19.08502
18.924263
18.568767
18.739646
18.567562
18.272692
18.404979
18.406353
18.408813
18.273941
18.407625
18.738336
18.564862
18.566268
17.592194
17.455374
17.456287
17.321299
17.188198
17.32067
17.593029
17.457754
17.457096
17.318994
17.187438
17.319887
17.843472
17.712297
17.842364
18.129315
17.978431
17.97971
17.982038
18.13054
17.980911
17.711136
17.839931
17.841184
17.454383
17.589177
17.453324
17.18348
17.314702
17.315866
17.31802
17.184575
17.316976
17.588034
17.451014
17.452199
16.703226
16.846105
16.703906
16.536731
16.37826
16.251263
16.128671
16.537381
16.38012
16.249447
16.128074
17.074744
16.95532
16.956431
16.958499
17.075824
16.957496
16.845186
16.700519
16.699472
16.84204
16.377383
16.534085
16.124562
16.245577
16.248581
16.125555
16.533052
16.374345
15.607209
15.750056
15.870841
16.007203
15.607719
15.751626
15.869216
16.006627
15.325119
15.324485
15.749261
15.604916
16.003184
15.865557
15.868404
16.00416
15.603995
15.746468
15.322898
15.323735
15.476305
14.470133
14.31494
14.315507
14.469571
14.114674
14.115241
13.935435
13.717331
13.934962
14.468125
14.314257
14.468892
14.313487
14.11399
14.113216
13.71499
13.93192
13.932797
12.755204
12.911916
12.753782
23.037064
3.7676414
30.237629
13.55353
23.333945
12.908267
12.74948
12.750871
28.376874
27.970252
22.903686
23.023648
25.616962
25.361124
25.537935
25.198505
24.917995
26.627418
25.996933
21.052541
25.993276
25.306856
25.540479
25.52274
25.186827
22.150653
22.361247
22.146278
22.36707
21.498147
21.295015
21.496276
21.29644
22.140636
22.345274
22.354945
22.133185
21.493009
21.290305
21.292473
21.489964
20.462666
20.657095
20.462126
20.657769
19.931832
19.745353
19.931524
19.745616
20.461531
20.655524
20.656159
20.461162
19.931533
19.745592
19.745468
19.931589
19.105191
18.944963
19.242515
19.105031
19.242693
19.105349
18.945173
19.243037
19.242806
19.105596
16.564863
16.408598
16.280671
16.159951
16.56473
16.408204
16.281058
16.160087
16.873282
16.731073
16.73152
16.874604
16.408887
16.565715
16.161448
16.282739
16.281349
16.160982
16.566176
16.410282
15.369161
15.369375
15.788173
15.646903
16.041501
15.906986
15.905601
16.041035
15.647366
15.789544
15.370048
15.369673
15.52067
14.184546
14.184302
14.009044
13.797047
14.009192
14.531633
14.380666
14.531253
14.381044
14.184871
14.185264
13.798093
14.0106
14.010152
13.003775
12.846428
12.845404
24.515319
24.426411
26.574432
25.979632
26.573387
20.955431
26.028642
25.532717
25.129801
24.914359
25.610866
25.339846
24.308036
24.303335
26.574721
25.951353
26.574054
25.939006
25.111136
25.467714
24.689321
24.661731
25.455942
25.128368
23.492853
23.270654
23.309778
23.053576
23.53883
23.376364
23.349517
22.986674
23.817428
23.599644
23.807411
24.132306
24.037713
24.003112
24.003897
24.125384
23.994692
23.609293
23.84989
23.816725
23.243616
23.408509
23.234078
22.954206
23.417984
23.269077
23.243033
21.46825
21.275538
21.477953
21.267485
22.080405
22.293038
22.287879
22.084709
21.447792
21.252645
21.250683
21.450184
19.905388
19.72162
19.908095
19.719196
20.428012
20.622352
20.62124
20.428946
19.900533
19.715441
19.71494
19.901113
18.732222
18.559134
18.560355
18.403519
18.268505
18.402036
18.733748
18.563355
18.561813
18.399479
18.267169
18.400642
19.075419
18.915207
19.213236
19.2129
19.075716
18.915471
18.558302
18.72972
18.557974
18.265177
18.399227
18.398567
18.398688
18.265
18.398373
18.729956
18.558896
18.558188
17.583247
17.446636
17.447524
17.313512
17.180032
17.312351
17.584365
17.4498
17.44861
17.310434
17.179004
17.311296
17.834496
17.704366
17.834218
18.122052
17.973221
17.972677
17.972815
18.121891
17.972529
17.704489
17.834866
17.834353
17.446032
17.581442
17.445772
17.177434
17.310104
17.309689
17.309848
17.177347
17.309594
17.581555
17.446313
17.445876
16.695305
16.838142
16.696244
16.528956
16.370643
16.244534
16.121539
16.529876
16.373286
16.24194
16.120674
17.068824
16.950995
16.950636
16.950805
17.068745
16.950564
16.837613
16.693785
16.69384
16.837781
16.370143
16.527466
16.1193
16.241545
16.241449
16.119267
16.527517
16.37026
15.600426
15.743141
15.864574
16.000223
15.601213
15.745505
15.862153
15.999378
15.318556
15.471268
15.47189
15.317943
15.742691
15.599132
15.998027
15.861737
15.861694
15.998001
15.599141
15.742716
15.317289
15.317512
15.470614
14.464108
14.308857
14.30945
14.463527
14.10852
14.109132
13.929264
13.710316
13.928487
14.462851
14.308415
14.463102
14.30814
14.108053
14.107747
13.708457
13.926703
13.926919
12.74475
12.901374
12.743131
22.797156
27.545653
28.444856
12.897944
12.737325
12.738624
28.189233
28.494094
22.95584
23.002885
25.562642
25.306667
25.511597
25.17423
24.870689
26.624116
26.046555
26.05476
25.32905
25.62624
25.632174
25.307319
22.149741
22.349666
22.13798
22.363627
21.502169
21.295549
21.49527
21.301338
22.17551
22.390398
22.394371
22.172231
21.516839
21.311964
21.31346
21.515031
20.468646
20.660181
20.465564
20.663737
19.937404
19.749048
19.93526
19.750985
20.474619
20.669862
20.670771
20.473826
19.941338
19.75396
19.754487
19.940764
19.109778
19.245968
19.10838
19.247472
19.112189
19.249664
19.250093
19.111781
16.568649
16.412644
16.28335
16.163208
16.568027
16.410907
16.285028
16.163772
16.877447
16.734884
16.734659
16.876782
16.412936
16.569506
16.164325
16.284708
16.285306
16.164525
16.569289
16.412324
15.372474
15.372822
15.791805
15.65012
16.044297
15.908781
15.909326
16.044491
15.649944
15.791276
15.373039
15.37302
15.523764
14.18787
14.187553
14.012043
13.800527
14.012458
14.534429
14.383782
14.534398
14.383821
14.188065
14.18812
13.801253
14.013017
14.013076
13.009117
12.852738
12.852373
24.507709
24.54844
26.569547
26.030268
20.945357
26.027232
25.624164
25.320561
24.773992
25.60747
25.211055
24.898031
24.431451
24.478082
26.56979
25.995033
26.56856
26.567063
25.955209
25.300643
25.562275
24.776346
24.874391
25.5094
25.212657
23.561677
23.37638
23.369488
23.048666
23.533077
23.306523
23.344073
23.077777
23.987621
23.735863
23.955645
24.254762
24.10648
24.120098
24.191977
24.295575
24.154793
23.710503
23.910474
23.92622
23.366586
23.533005
23.34766
23.055377
23.510686
23.310023
23.327658
21.485543
21.275216
21.47731
21.282261
22.142149
22.346662
22.35855
22.132091
21.487681
21.280725
21.285003
21.482236
19.910575
19.721476
19.90803
19.723741
20.447303
20.641522
20.643354
20.445996
19.913956
19.726912
19.72703
19.913642
18.734563
18.563653
18.56252
18.400236
18.267871
18.401432
18.733215
18.559973
18.561242
18.403731
18.269024
18.402644
19.084067
18.923256
19.222426
19.222196
19.084359
18.923594
18.564545
18.737274
18.565173
18.27199
18.405978
18.405663
18.404601
18.271544
18.405232
18.737655
18.565869
18.565583
17.584566
17.449616
17.448762
17.31077
17.179256
17.311589
17.583632
17.447009
17.447862
17.313291
17.180099
17.312459
17.83937
17.709929
17.83999
18.128605
17.979366
17.978997
17.977908
18.128148
17.978532
17.710409
17.840844
17.840463
17.450361
17.586816
17.450972
17.182741
17.315548
17.315128
17.314023
17.182239
17.314632
17.587302
17.451874
17.451463
16.696141
16.840576
16.839821
16.695393
16.529764
16.372859
16.242035
16.120653
16.529029
16.370771
16.244066
16.121331
17.074003
16.956142
16.955697
16.954581
17.073497
16.955185
16.841267
16.698167
16.698688
16.842833
16.373533
16.53178
16.123805
16.246343
16.244731
16.123272
16.532308
16.375143
15.60089
15.744934
15.86217
15.999326
15.600288
15.74313
15.864033
15.999984
15.318865
15.472891
15.472283
15.319454
15.745556
15.602705
16.002426
15.866271
15.864667
16.001893
15.603233
15.747147
15.320591
15.320037
15.474054
14.463916
14.309428
14.309003
14.464387
14.108755
14.108381
13.926868
13.708001
13.927105
14.46533
14.309863
14.464866
14.310286
14.109141
14.109517
13.708427
13.928209
13.927951
12.733843
12.894073
12.732707
27.921003
28.832746
22.914666
23.078294
12.892034
12.727864
12.729185
28.239512
28.55156
23.042663
22.97798
23.040595
25.514898
25.195556
25.511904
25.240268
24.748931
26.628407
26.013572
26.62862
26.045368
25.207212
25.559097
24.823857
25.599558
25.260727
22.131257
22.351542
22.139426
22.342337
21.490107
21.295653
21.495625
21.290843
22.134797
22.355762
22.347991
22.141465
21.489841
21.292963
21.289912
21.493632
20.462293
20.659836
20.465142
20.656615
19.932639
19.748483
19.934717
19.74658
20.460264
20.656201
20.654705
20.461425
19.93052
19.744866
19.744476
19.931042
19.1063
18.946102
19.245359
19.107749
19.243823
19.104308
19.241936
19.241799
19.104391
16.566637
16.409488
16.284095
16.162619
16.567413
16.411692
16.281942
16.161897
16.873137
16.730125
16.729758
16.872048
16.408877
16.564819
16.159677
16.280072
16.281333
16.160098
16.564436
16.407649
15.370848
15.370233
15.788207
15.646057
16.039731
15.9043
15.905635
16.040161
15.645606
15.786858
15.369142
15.369659
15.519789
14.186072
14.18656
14.012151
13.800193
14.011726
14.531084
14.381119
14.531566
14.380655
14.185598
14.185154
13.799098
14.010084
14.01045
13.008767
12.853058
12.853039
24.368196
24.322841
26.568453
25.90281
25.963751
25.421486
25.145526
24.787069
25.499604
25.239516
24.709463
24.503125
24.495768
26.569577
26.018815
26.56669
26.003087
25.247834
25.597405
24.841431
24.804636
25.582224
25.265138
23.452431
23.290723
23.277137
23.458469
23.293688
23.280159
23.006055
23.920323
23.734801
23.958691
24.318412
24.172848
24.17508
24.119315
24.30782
24.162274
23.749828
23.972955
23.972948
23.316085
23.528493
23.340626
23.046659
23.543672
23.361274
23.355508
21.469449
21.269896
21.468764
21.270526
22.135581
22.361553
22.350648
22.1453
21.485551
21.289619
21.284156
21.491957
19.913038
19.7263
19.912491
19.726844
20.449846
20.648555
20.645302
20.452566
19.917547
19.732145
19.730792
19.919149
18.73899
18.567634
18.567002
18.406278
18.273025
18.406649
18.738487
18.566144
18.566504
18.407745
18.273507
18.40714
19.088012
18.927154
19.227006
19.226147
19.088766
18.927815
18.568343
18.741146
18.569026
18.275739
18.409728
18.409521
18.408411
18.275303
18.409043
18.741728
18.569795
18.569553
17.588922
17.453573
17.453099
17.315939
17.183977
17.316342
17.588476
17.452258
17.452658
17.31724
17.184409
17.316778
17.843106
17.713484
17.843589
18.13225
17.982677
17.982548
17.981667
18.131851
17.98218
17.713798
17.844038
17.843928
17.454044
17.590331
17.454451
17.18589
17.318375
17.318327
17.317692
17.185659
17.318077
17.590622
17.454782
17.45472
16.700411
16.844503
16.844084
16.699992
16.843251
16.53405
16.376821
16.246786
16.125157
16.533632
16.375583
16.248014
16.125565
17.0771
16.958761
16.958749
16.958223
17.076886
16.958552
16.844892
16.701499
16.701667
16.845389
16.377176
16.535108
16.126644
16.248713
16.248358
16.126525
16.535264
16.377563
15.604969
15.748759
15.866719
16.003779
15.604582
15.747594
15.867903
16.004182
15.322793
15.476624
15.476288
15.32312
15.749056
15.605798
16.005216
15.868471
15.868212
16.005108
15.605874
15.749287
15.323556
15.323382
15.477082
14.467163
14.312127
14.311929
14.467401
14.111077
14.110929
13.928782
13.708662
13.92889
14.467653
14.312257
14.467571
14.312301
14.111157
14.11115
13.708159
13.928621
13.928824
12.723216
12.887497
12.721446
22.91779
28.540253
28.555405
23.030891
23.030648
12.883639
12.712984
12.715368
28.236431
27.874001
22.968471
22.979162
22.915993
25.654192
25.293087
25.593527
25.229939
24.854861
26.62905
25.993311
26.628401
26.011957
25.215875
25.525847
24.795618
25.549424
25.239096
22.15383
22.37152
22.155037
22.370188
21.501016
21.299688
21.50177
21.299042
22.137635
22.345633
22.351162
22.132483
21.490756
21.286825
21.290169
21.486966
20.463836
20.659783
20.464281
20.659313
19.932007
19.745918
19.932417
19.745514
20.458649
20.651206
20.653432
20.456707
19.928276
19.74094
19.742119
19.926953
19.104288
18.943966
19.242351
19.10467
19.241962
19.101782
19.238405
19.239282
19.100976
18.940872
16.563162
16.406296
16.27975
16.158651
16.563512
16.40734
16.27871
16.158303
16.870354
16.727419
16.727204
16.405934
16.562086
16.157211
16.277937
16.278363
16.157353
16.561888
16.405455
15.367227
15.517572
15.517882
15.366928
15.7852
15.643366
16.037301
15.902344
15.902623
16.037426
15.643288
15.784965
15.366516
15.36668
15.51713
14.18334
14.183533
14.009227
13.797962
14.009025
14.528785
14.378571
14.528872
14.378508
14.183215
14.183179
13.797944
14.008932
14.00881
13.009203
12.856019
12.855289
24.499879
24.516363
26.567596
26.004536
25.992909
25.586225
25.311072
24.836357
25.566926
25.258898
24.87953
24.326857
24.410298
26.575148
25.979611
20.946572
26.574315
25.932867
25.292068
25.529204
25.454188
25.087072
23.555227
23.357448
23.366515
23.072671
23.552664
23.363643
23.366205
23.952314
23.679765
23.895903
24.153317
23.992116
24.025116
24.156407
24.22857
24.091126
23.631006
23.809031
23.838866
23.333524
23.480204
23.297869
22.966114
23.009277
23.438918
23.244357
23.263049
21.493931
21.294624
21.498154
21.290778
22.111743
22.308381
22.324013
22.098935
21.468572
21.262922
21.268983
21.461345
19.917898
19.732399
19.91965
19.730811
20.439821
20.630483
20.634266
20.436523
19.90973
19.721412
19.723509
19.907413
18.740288
18.566821
18.56811
18.409574
18.275212
18.409019
18.741307
18.569655
18.569085
18.40686
18.274318
18.408086
19.082229
18.92166
19.218431
19.220058
19.080712
18.920246
18.565366
18.73588
18.563919
18.269366
18.401962
18.402889
18.405478
18.270525
18.404102
18.734551
18.561686
18.562649
17.589276
17.452457
17.453385
17.318176
17.185263
17.317711
17.590026
17.454587
17.454114
17.316102
17.18457
17.317001
17.840374
17.709228
17.839223
18.126116
17.975791
17.976623
17.978888
18.127225
17.97769
17.708235
17.837389
17.838194
17.451421
17.586175
17.450384
17.180858
17.312455
17.313184
17.315098
17.181744
17.314093
17.585212
17.448705
17.44945
16.700374
16.843283
16.84409
16.701009
16.845176
16.533958
16.375517
16.248484
16.125949
16.534588
16.377336
16.246703
16.125353
17.072178
16.953232
16.953922
16.955692
17.073042
16.954766
16.842388
16.697833
16.697028
16.83999
16.374671
16.531447
16.12225
16.243627
16.245878
16.123004
16.530647
16.37237
15.604609
15.747409
15.868237
16.004517
15.605162
15.749053
15.866557
16.003934
15.322377
15.475249
15.321744
15.746663
15.602465
16.000905
15.863672
15.86579
16.001642
15.601767
15.744592
15.320346
15.32105
14.466259
14.310145
14.310773
14.465644
14.108741
14.109403
13.92732
13.705329
13.926669
14.464298
14.309467
14.464977
14.308778
14.10803
14.107307
13.702692
13.923631
13.924387
12.704897
12.874621
12.702013
22.959442
27.897279
27.736213
22.897487
22.87835
12.867992
12.689652
12.69279
27.855796
27.616303
22.891961
22.835736
22.873637
22.805894
25.54862
25.184339
24.802259
25.567247
25.245963
26.630572
26.017051
26.056
25.183014
25.563615
24.918082
24.748423
25.626209
25.348348
22.127794
22.338768
22.12608
22.339891
21.484973
21.283344
21.482763
21.285486
22.151592
22.37803
22.366493
22.160935
21.50128
21.304174
21.29978
21.506485
20.456908
20.649406
20.455295
20.651152
19.927618
19.740476
19.92632
19.741697
20.465691
20.663878
20.660969
20.468305
19.934271
19.749781
19.74787
19.93631
19.101947
18.941869
19.238284
19.100932
18.940893
19.239338
19.106861
19.246133
19.244498
19.108428
18.948055
16.563256
16.407726
16.27817
16.157948
16.562553
16.405678
16.280198
16.158627
16.873058
16.731602
16.874166
16.732659
16.876187
16.408739
16.566263
16.16249
16.284192
16.281194
16.161487
16.567309
16.411773
15.367961
15.519325
15.518537
15.368741
15.788073
15.647402
16.042517
15.908352
15.905491
16.04153
15.648344
15.790888
15.370546
15.36962
15.521154
14.185696
14.184949
14.010102
13.800183
14.010763
14.532818
14.381741
14.53195
14.382606
14.186523
14.187391
13.802814
14.01416
14.013268
13.01699
12.866233
12.864205
24.359873
24.467884
26.572275
25.996074
25.936676
25.565608
25.36799
24.648652
25.46827
25.09398
24.404555
24.471284
26.570954
25.978621
20.943187
25.936453
25.358721
25.545246
24.757324
25.479922
25.197226
23.511297
23.354731
23.323957
22.997325
23.46091
23.251316
23.282458
23.996777
23.732521
23.952353
24.231277
24.088687
24.100108
24.20848
24.290291
24.150805
23.697088
23.894972
23.909613
23.359957
23.529018
23.342694
23.017124
23.049225
23.500119
23.303602
23.319366
21.469028
21.263422
21.462886
21.268164
22.133261
22.342174
22.349978
22.1276
21.479152
21.276012
21.276897
21.477508
19.906169
19.719377
19.905393
19.719987
20.441364
20.637228
20.636862
20.441925
19.909456
19.723747
19.722924
19.910264
18.732953
18.561441
18.561047
18.401391
18.267704
18.401184
18.73278
18.561103
18.560907
18.401655
18.267795
18.401298
19.081111
18.920499
19.219787
19.219
19.081874
18.921231
18.561995
18.734663
18.562631
18.269782
18.404065
18.403407
18.40217
18.269172
18.40277
18.735362
18.563982
18.563298
17.583702
17.448123
17.447942
17.311957
17.179386
17.311703
17.583699
17.448201
17.447954
17.311838
17.179345
17.311677
17.837308
17.707768
17.837791
18.126429
17.977417
17.976836
17.975772
18.125847
17.976281
17.708277
17.838881
17.838323
17.448444
17.584683
17.448855
17.180552
17.313443
17.31297
17.312137
17.180129
17.312526
17.585169
17.449813
17.44932
16.69551
16.839243
16.839152
16.695599
16.529085
16.371486
16.243142
16.120817
16.529196
16.37188
16.242727
16.120674
17.071797
16.953849
16.953438
16.952733
17.071393
16.953057
16.839465
16.696082
16.696433
16.371643
16.529574
16.121286
16.243717
16.242871
16.121016
16.529895
16.37253
15.600163
15.743585
15.863193
15.999482
15.600352
15.744118
15.862682
15.999328
15.318116
15.318042
15.743658
15.600287
15.999872
15.863438
15.86277
15.99962
15.600476
15.744278
15.318183
15.318072
14.461906
14.306092
14.306293
14.461734
14.104356
14.10461
13.921796
13.699077
13.921378
14.461644
14.305981
14.461652
14.305943
14.10419
14.104096
13.697992
13.920581
13.920677
12.680818
12.857427
12.678128
22.562828
27.727857
27.86945
22.590932
22.668793
12.852348
12.668145
12.670531
26.653604
27.10252
22.066447
22.236154
22.328499
22.322915
25.544119
25.135865
25.621529
25.346957
26.630285
26.026238
26.05992
25.146837
25.56875
24.841341
24.711295
25.621558
25.275269
22.148518
22.373487
22.157673
22.361666
21.502069
21.304498
21.506144
21.301427
22.140715
22.360204
22.352816
22.146466
21.497598
21.300007
21.297905
21.50028
20.469235
20.665469
20.470136
20.66422
19.938268
19.752074
19.938539
19.751929
20.468274
20.663911
20.662791
20.469227
19.938228
19.752707
19.752082
19.938904
19.110951
18.950608
19.248507
19.110805
18.950422
19.248602
19.111545
19.249644
19.249121
19.112044
18.951724
16.570236
16.414192
16.285
16.164889
16.569717
16.41258
16.286639
16.165434
16.878848
16.736611
16.736842
16.879546
16.41453
16.571253
16.166691
16.287596
16.286985
16.166491
16.571466
16.415143
15.374374
15.52545
15.524988
15.374843
15.793713
15.652314
16.04671
15.911737
15.911173
16.046514
15.652495
15.794274
15.3755
15.525818
15.375216
14.191665
14.191163
14.016551
13.806965
14.017189
14.537684
14.387229
14.537394
14.387533
14.192071
14.192383
13.808468
14.018816
14.018546
13.026522
12.87709
12.876065
24.405052
24.411473
26.573313
25.989796
26.573173
25.965311
25.540208
25.196204
24.768189
25.515796
25.212202
24.551923
24.45628
26.570636
25.969853
26.569169
20.955233
26.04264
25.159246
25.530342
24.957202
24.734333
25.637539
25.390404
23.477748
23.300583
23.296068
23.007723
23.478203
23.297345
23.295836
23.902212
23.726584
23.944183
24.359821
24.240336
24.208704
24.091786
24.277444
24.140301
23.770342
24.024931
23.999465
23.31517
23.525254
23.34096
23.559511
23.380347
23.367864
21.473488
21.272295
21.47166
21.274057
22.140934
22.367068
22.356045
22.150181
21.489977
21.292804
21.288158
21.495534
19.913852
19.726185
19.912572
19.727392
20.45208
20.650522
20.647959
20.45414
19.918615
19.732284
19.731513
19.91962
18.738411
18.566911
18.566192
18.404747
18.271744
18.405453
18.737598
18.564692
18.565434
18.406825
18.272412
18.406163
19.087634
18.926571
19.226295
19.225989
19.087845
18.926707
18.5675
18.740291
18.567848
18.273678
18.407203
18.407609
18.407351
18.273741
18.407643
18.740355
18.567451
18.567852
17.587222
17.451658
17.451276
17.313926
17.181916
17.3144
17.586733
17.450318
17.450815
17.31519
17.182325
17.314834
17.841402
17.71129
17.841538
18.130024
17.979752
17.980152
17.980097
18.130112
17.980261
17.71116
17.841031
17.841418
17.451909
17.588001
17.451981
17.182765
17.315004
17.315334
17.315418
17.182905
17.315475
17.587864
17.451495
17.451842
16.697914
16.841996
16.697582
16.531239
16.373696
16.244047
16.122191
16.530943
16.372872
16.244841
16.122444
17.073892
16.955087
16.955371
16.955486
17.074028
16.955508
16.842169
16.698342
16.698219
16.37381
16.531566
16.122583
16.244597
16.244951
16.12271
16.531418
16.373427
15.601326
15.745136
15.86371
16.000724
15.601144
15.744535
15.864344
16.000962
15.319137
15.319258
15.745206
15.601464
16.001084
15.864071
15.864419
16.001206
15.601342
15.744885
15.319289
15.319312
15.472926
14.462021
14.306206
14.306194
14.46205
14.104035
14.104072
13.920474
13.69715
13.920439
14.461942
14.30617
14.462025
14.306079
14.103952
14.103819
13.696533
13.91997
13.920147
12.662483
12.845009
12.663432
21.73134
3.3462398
13.144008
30.217724
19.60849
21.789471
12.839315
12.660939
12.669118
11.477317
13.526159
13.513651
19.683108
17.305554
25.573349
25.278184
25.591241
25.26206
24.846652
26.629661
26.035989
25.985127
25.310833
25.589058
24.868015
25.517329
25.177763
22.160837
22.376849
22.160966
22.376637
21.509085
21.307114
21.508887
21.307378
22.149983
22.360685
22.363335
22.147949
21.503614
21.301808
21.303025
21.502312
20.472931
20.667968
20.472656
20.668266
19.941325
19.754709
19.941152
19.754848
20.47075
20.664703
20.665791
20.469685
19.939526
19.752069
19.753087
19.9385
19.11344
18.952981
19.25114
19.113416
18.952979
19.251189
19.111698
19.248449
19.24945
19.110704
18.950276
16.571308
16.414465
16.28762
16.166714
16.571547
16.415171
16.286931
16.166479
16.878517
16.735365
16.734798
16.876862
16.413984
16.569852
16.164701
16.285055
16.286471
16.165179
16.569284
16.412472
15.375519
15.525832
15.526114
15.375241
15.79322
15.651095
16.044787
15.909424
15.910639
16.045237
15.65071
15.792092
15.374554
15.374907
15.525132
14.192379
14.192575
14.019101
13.809159
14.019038
14.536973
14.387263
14.537256
14.387013
14.192144
14.191899
13.808783
14.018459
14.018596
13.030695
12.882768
12.882243
24.468375
24.434091
26.565462
25.931263
26.566941
26.56969
25.969563
25.482256
25.273503
25.532344
25.341154
24.333323
24.539748
26.570384
26.051838
26.568799
20.941796
25.937001
25.37585
25.643055
24.264068
24.940181
25.457079
24.662029
23.536276
23.364402
23.355546
23.069411
23.54115
23.373092
23.358805
23.066588
24.014831
23.736717
23.972927
24.153777
23.817521
24.022876
24.228831
24.343429
24.188081
23.621626
23.673379
23.833113
23.362353
23.519719
23.323229
22.967788
23.02405
23.427131
23.177736
23.249625
21.493608
21.294921
21.498894
21.289872
22.105668
22.291404
22.319956
22.082872
21.460782
21.251243
21.2614
21.448439
19.914635
19.729861
19.917343
19.727419
20.434085
20.622175
20.628045
20.429174
19.905317
19.71683
19.719507
19.902288
18.736718
18.563259
18.564356
18.406443
18.271616
18.405433
18.738028
18.566656
18.565563
18.4034
18.270641
18.404351
19.07934
18.919548
19.215182
19.216877
19.07803
18.918945
18.562426
18.733951
18.561735
18.267729
18.39771
18.400992
18.4027
18.268733
18.402106
18.732866
18.556941
18.560459
17.585751
17.449523
17.449894
17.314532
17.181526
17.314006
17.586336
17.45099
17.450417
17.313208
17.181101
17.313535
17.83807
17.707829
17.837765
18.124694
17.972361
17.975173
17.976452
18.125594
17.976079
17.7071
17.834382
17.836957
17.449321
17.584855
17.449136
17.179902
17.310124
17.31221
17.313036
17.18052
17.312856
17.584202
17.446298
17.448497
16.696997
16.840719
16.697286
16.530152
16.372426
16.244309
16.121801
16.530447
16.373115
16.243689
16.121585
17.071406
16.95278
16.953375
16.95363
17.071827
16.953545
16.840715
16.696885
16.696548
16.839275
16.372424
16.529907
16.121038
16.241353
16.243695
16.121458
16.529405
16.370072
15.600555
15.744202
15.863821
16.000353
15.600712
15.744657
15.863309
16.000156
15.318528
15.318491
15.744192
15.600446
15.999655
15.861305
15.863304
16.000047
15.600418
15.742777
15.318607
15.318549
15.472551
14.461036
14.305053
14.305174
14.460928
14.102611
14.102754
13.919334
13.694942
13.919166
14.46076
14.304953
14.460862
14.304814
14.102512
14.102405
13.694451
13.919196
13.919111
12.648009
12.836598
12.646845
21.477951
26.518959
26.127978
21.981248
21.815259
12.834016
12.645151
12.645233
27.130856
26.554669
21.451418
21.710272
25.706421
25.310691
25.655929
25.240217
24.872938
26.62143
25.93687
26.052504
25.167454
25.452715
25.583076
25.225464
22.155424
22.370934
22.154578
22.372173
21.502876
21.301295
21.502836
21.301154
22.146961
22.355087
22.36021
22.142347
21.499693
21.296421
21.298856
21.496708
20.466731
20.662548
20.467261
20.662078
19.935088
19.749202
19.93567
19.748643
20.466435
20.660179
20.661434
20.465474
19.935599
19.74898
19.74938
19.935157
19.107513
18.947275
19.245611
19.107923
18.947615
19.245153
19.108747
19.246198
19.246265
19.108915
18.949822
16.568664
16.413005
16.284819
16.164103
16.568429
16.412205
16.285652
16.164378
16.878138
16.736333
16.736571
16.878376
16.413743
16.570595
16.166285
16.285493
16.286371
16.16621
16.570649
16.412914
15.374277
15.525479
15.374751
15.793381
15.652178
16.046394
15.909987
15.910698
16.046313
15.652561
15.793194
15.375906
15.37535
15.526822
14.192033
14.191733
14.018517
13.808761
14.018762
14.537796
14.38755
14.537482
14.387817
14.192382
14.192675
13.809646
14.020398
14.020014
13.032127
12.887961
12.887372
11.966007
13.2749
11.994614
13.272269
11.996367
13.269902
11.996372
21.054559
13.273872
11.993989
21.056415
13.276381
12.003269
13.275132
11.99388
21.051391
13.27721
11.985442
21.051621
13.285231
11.994059
13.290268
12.000245
13.290666
11.91734
11.894526
13.433941
13.440731
13.172953
6.0192046
13.179371
11.983691
13.534434
13.532282
13.272961
11.881962
11.870992
13.44185
13.446162
13.180412
13.18402
11.994268
21.051723
13.531563
13.528828
13.2698
11.869871
11.871076
13.445963
13.440367
13.183697
13.177233
11.994222
21.052175
13.528873
13.531672
13.273213
11.870495
20.94538
11.891901
13.439308
13.434302
13.176025
13.169684
11.985104
21.05237
13.532252
13.534218
13.276448
11.880812
20.952112
11.880787
20.948707
13.434081
13.433616
13.16923
13.166925
11.986936
21.050138
13.534051
13.532153
13.275195
11.864287
20.942606
11.87097
20.945225
13.433477
13.430674
13.166494
13.161457
11.993773
21.050976
13.531983
13.532616
13.276579
11.871442
11.888253
20.952509
13.429884
13.422561
13.16033
13.150673
11.987044
21.052655
13.533135
13.539354
13.284195
11.887964
11.877014
20.94665
13.421599
13.417409
13.149377
13.142803
11.993454
21.054587
13.540269
13.544213
13.289973
11.877356
11.869893
13.417055
13.414179
13.142132
13.137908
11.99773
13.544395
13.543969
13.290621
11.870026
11.919569
13.41369
13.409537
13.137181
13.13287
11.963302
21.028215
13.543927
13.542979
13.29009
21.896871
22.44777
22.545914
21.844679
20.244726
20.812366
20.832887
20.231569
19.348711
19.356816
11.977316
23.711384
24.21348
24.243563
23.697953
17.744162
18.159053
18.160536
17.743325
17.111883
17.111606
12.55214
13.275815
12.550339
21.933497
22.54145
21.914604
22.574093
20.272887
20.856079
20.264922
20.865803
19.371628
19.378347
11.99439
21.053138
23.701907
24.344442
23.775711
24.247453
17.737394
18.15651
17.739665
18.154054
17.106465
17.104224
12.560014
13.27059
12.567377
21.900817
22.551424
21.917302
22.519794
20.263323
20.858316
20.268644
20.851146
19.377106
19.373165
11.978148
23.771384
24.2408
23.704297
24.360304
18.945047
18.944664
17.735968
18.152158
17.735667
18.152472
17.102618
17.102939
12.578717
13.270861
12.584539
21.882457
22.569886
21.920895
22.505189
20.247455
20.849082
20.257338
20.833421
19.366003
19.360237
11.98534
23.763239
24.202608
23.672091
24.330795
18.950585
18.946909
17.740507
18.154475
17.738042
18.157305
17.105129
17.107146
12.592091
13.275592
12.595084
21.92639
22.526884
21.895204
22.573876
20.259972
20.8386
20.250626
20.853095
19.361775
19.367056
11.994064
21.05227
23.678722
24.274572
23.726574
24.216103
17.736387
18.15595
17.739265
18.152757
17.106059
17.103585
12.59599
13.275841
12.593737
21.89832
22.520842
21.896118
22.523123
20.259535
20.845162
20.257908
20.846798
19.368707
19.370313
11.990962
21.052944
23.74693
24.287303
23.741873
24.314124
18.94332
18.944441
17.7339
18.151567
17.734944
18.150497
17.101761
17.100732
12.588581
13.275255
12.584465
21.919364
22.575155
21.933691
22.560754
20.262232
20.862237
20.268455
20.853396
19.374142
19.370289
11.996345
23.684895
24.261748
23.705708
24.218467
17.734632
18.148472
17.732279
18.150981
17.099676
17.101835
12.581197
13.279798
12.593776
21.907307
22.497532
21.880638
22.550857
20.253066
20.835122
20.249663
20.842589
19.362468
19.363474
12.001648
21.058647
23.678403
24.371416
23.789856
24.193594
18.950004
17.741472
18.156924
17.740211
18.158033
17.106968
17.108433
12.60081
13.287837
12.614232
21.903929
22.524275
21.898133
22.530135
20.26149
20.845154
20.257245
20.850029
19.367559
19.370696
11.99378
23.754776
24.303727
23.749975
24.314867
17.742419
18.159631
17.742875
18.159305
17.10959
17.108984
12.634357
13.29066
12.642687
21.919333
22.578695
21.935933
22.565292
20.258309
20.862698
20.267789
20.849999
19.372063
19.366406
11.985787
21.052499
23.754154
24.286346
23.736732
24.326878
17.739018
18.155347
17.738841
18.155192
17.106146
17.106736
12.650409
13.291229
12.651091
11.874464
20.948301
11.865052
22.633853
22.900362
22.757356
22.736652
23.018772
23.068499
22.768368
21.677935
21.027431
21.051586
21.635521
21.906976
22.538085
22.557464
21.911824
21.687138
21.071693
21.058094
21.695993
20.069587
19.519238
19.528098
20.05787
20.248695
20.852396
20.838636
20.261282
20.073109
19.54061
19.530593
20.085082
19.368481
19.359065
13.437093
13.437791
12.478146
13.175936
12.494793
13.633472
13.672084
13.176608
12.498346
12.496473
23.042291
13.669334
13.670779
24.374636
24.712676
24.419468
24.765802
11.999732
21.058961
24.601653
24.962408
24.447358
23.516718
23.50394
22.748472
23.032782
22.767824
23.732354
24.407253
24.271726
23.808579
23.534754
23.594614
22.80233
22.778041
21.936682
22.550696
22.566917
21.920731
21.72042
21.08572
21.096242
21.705699
21.941389
22.594044
22.57564
21.948278
21.724178
21.09941
21.097995
21.728989
20.287275
20.867978
20.877217
20.281518
20.11154
19.565031
19.568597
20.106511
20.287605
20.879375
20.878515
20.287543
20.111641
19.567423
19.56819
20.111394
18.767598
18.301728
18.303355
18.764466
19.393871
19.397001
18.766685
18.300204
18.302327
18.765049
19.395556
19.396483
17.621759
17.219045
17.219498
17.621203
17.743032
18.157188
18.159464
17.740393
17.620613
17.215271
17.218318
17.617867
17.107315
17.110433
13.535292
13.534587
23.400403
13.703772
13.72226
13.275168
12.557698
12.551804
13.715318
13.714978
11.87247
20.947182
24.764669
24.868257
11.872205
22.741087
23.025691
23.072792
22.779669
22.770145
23.062629
23.075691
22.783729
21.714972
21.075286
21.698991
21.08599
21.937141
22.565191
22.578561
21.926447
21.718082
21.081648
21.087776
21.708583
20.096269
19.543869
20.088648
19.550768
20.273963
20.862129
20.867312
20.270953
20.09729
19.550458
19.551743
20.094816
19.378325
19.379325
13.444778
13.445447
12.498589
13.183071
12.497581
13.669531
13.670939
13.183639
12.49563
12.497074
13.673225
13.670869
22.963663
24.528321
24.878049
24.427513
11.994091
21.052381
24.423969
24.776462
24.44132
24.797257
23.503457
23.568997
22.790983
23.084354
23.034643
22.748713
23.70573
24.244129
24.258676
23.69977
23.504874
23.501668
22.746965
22.744769
21.920428
22.584995
21.943488
22.548239
21.705344
21.096963
21.725006
21.08467
21.915783
22.546245
22.543672
21.917303
21.701033
21.080859
21.08154
21.701928
20.279151
20.877265
20.28615
20.866686
20.103988
19.56655
20.11017
19.562102
20.277173
20.862888
20.863907
20.275627
20.102202
19.559168
19.560743
20.100602
18.761421
18.299538
18.764387
18.296981
19.394757
19.390715
18.945977
18.944611
18.760476
18.295007
18.296182
18.759161
19.387928
19.389461
17.614873
17.214445
17.617116
17.212219
17.736731
18.152166
18.153297
17.735697
17.614231
17.210654
17.211621
17.613219
17.102672
17.103633
13.529797
13.529386
22.880314
13.717017
13.72254
13.270217
12.57653
12.569624
23.210749
13.731834
13.725159
23.094199
11.895067
24.852119
24.6374
11.880697
20.951125
22.755025
23.046175
22.995683
22.715972
22.782206
23.080173
23.008804
22.726368
21.687315
21.077085
21.700822
21.068904
21.904879
22.573111
22.528337
21.923839
21.69027
21.07201
21.069523
21.703512
20.087884
19.549101
20.092825
19.544962
20.262538
20.85172
20.851265
20.259647
20.08694
19.539701
19.543789
20.083525
19.367831
19.371968
13.444257
13.443399
12.495791
13.181623
12.493898
13.67885
13.677293
13.180655
12.483107
12.489964
13.658118
13.673314
23.019001
24.416915
24.763423
24.554111
11.990061
24.385143
24.738944
24.513713
24.869796
23.561085
23.507627
22.753942
23.07226
22.777928
23.755109
24.206926
24.326654
23.672086
23.548403
23.477432
22.733209
23.01581
23.064265
22.771526
21.930035
22.552803
21.921688
22.571597
21.711908
21.082697
21.705563
21.085559
21.926996
22.535155
22.56621
21.912861
21.709456
21.080873
21.084389
21.699039
20.277395
20.864308
20.276242
20.866544
20.102016
19.559357
20.101062
19.559951
20.277052
20.863427
20.86566
20.27692
20.101778
19.56061
19.559893
20.101985
18.759556
18.295008
18.759195
18.29533
19.388067
19.388587
18.945086
18.946001
18.759618
18.296508
18.295442
18.760582
19.389356
19.388562
17.613484
17.210605
17.613182
17.210921
17.736137
18.153693
18.152598
17.737313
17.613665
17.212419
17.211142
17.614869
17.104465
17.10317
13.52963
13.530057
13.734421
13.743563
13.271364
12.590872
12.586308
23.178556
13.757462
13.747465
11.891823
24.691182
11.887601
20.951538
22.778716
23.076163
22.703553
22.70184
22.985029
22.962856
22.682882
21.668574
21.069276
21.700598
21.050673
21.871442
22.50345
22.487053
21.881013
21.659442
21.050045
21.045622
21.667328
20.072651
19.53779
20.081324
19.531508
20.245074
20.832955
20.829277
20.247277
20.070628
19.531381
19.530162
20.072512
19.360093
19.359027
13.436458
13.435715
12.481674
13.172665
12.478022
13.655984
13.652218
22.827538
13.171731
12.473619
12.476911
13.647368
13.651314
22.94254
24.378641
24.729459
24.516485
11.986717
21.052315
24.517372
24.87146
24.54907
24.900293
23.558146
23.477931
22.734236
22.78534
23.789769
24.3317
24.363171
23.763961
23.58206
23.558848
22.78621
23.077791
23.095353
22.800933
21.941256
22.536323
21.91446
22.580597
21.723209
21.082568
21.700722
21.096021
21.949197
22.5815
22.594072
21.942023
21.729772
21.096288
21.099708
21.723863
20.285855
20.865066
20.278326
20.876534
20.109997
19.56172
20.10331
19.566676
20.287723
20.876687
20.8796
20.285762
20.11162
19.566439
19.567816
20.109853
18.764919
18.297313
18.761458
18.300288
19.390407
19.394964
18.951391
18.950298
18.765668
18.299983
18.300909
18.764632
19.394709
19.395999
17.617945
17.213095
17.615583
17.215189
17.740992
18.156994
18.157888
17.740179
17.618402
17.21485
17.215574
17.617612
17.106807
17.107511
13.533729
13.534039
13.761079
13.766832
13.275989
12.596263
12.595642
23.176312
13.767872
13.767729
11.871419
11.869756
20.94431
22.728862
23.016932
22.781741
22.733598
23.020886
23.070783
22.777042
21.706072
21.056835
21.679177
21.073761
21.926066
22.532504
22.570667
21.903393
21.70626
21.066003
21.074731
21.687888
20.083564
19.533271
20.075372
19.539084
20.261134
20.847652
20.85417
20.258961
20.084714
19.540481
19.540153
20.083424
19.368727
19.368093
13.433846
13.433818
12.472521
13.168244
12.46915
22.850231
13.645404
13.637869
13.167953
12.461684
12.467541
13.627817
13.635944
24.454149
24.803844
24.395027
11.995677
21.053062
24.471732
24.413007
24.765208
23.482919
23.526663
22.766547
23.018548
22.734616
23.692091
24.289231
24.233887
23.733759
23.494088
23.532193
22.767378
23.025344
22.739518
21.91166
22.564565
21.931888
22.535629
21.697661
21.091291
21.715389
21.079513
21.912634
22.564038
22.53925
21.927914
21.698129
21.085581
21.079147
21.710692
20.275851
20.872453
20.283027
20.862146
20.100963
19.56465
20.107433
19.559654
20.275185
20.866679
20.86165
20.277448
20.10028
19.559582
19.558972
20.101976
18.759645
18.298889
18.763368
18.295571
19.393061
19.388402
18.944395
18.944339
18.759001
18.294501
18.294938
18.758823
19.388111
19.387726
17.613949
17.214073
17.616735
17.211527
17.735769
18.15162
18.152129
17.735065
17.613333
17.209975
17.210916
17.612567
17.101985
17.102976
13.533202
13.532896
23.278893
13.767821
13.766263
13.275636
12.589907
12.592933
13.758366
13.764306
11.881379
20.952189
11.868091
20.945566
22.720465
23.006066
22.722147
22.776065
23.067762
23.026208
22.738268
21.68386
21.06282
21.681845
21.064492
21.906392
22.571251
22.536692
21.930542
21.690673
21.081491
21.068592
21.71161
20.084314
19.54034
20.082682
19.541961
20.261668
20.861085
20.850261
20.267976
20.086149
19.546375
19.543191
20.09143
19.374141
19.37141
13.432754
13.432379
12.4595
13.164851
12.451061
22.98324
13.623551
13.608937
13.164156
12.435078
12.447456
13.582126
13.603595
24.463551
24.805427
24.499736
12.000845
21.056864
24.439966
24.439469
24.784666
23.541851
23.540982
22.774655
22.770656
23.720164
24.257036
24.262752
23.703767
23.520835
23.503014
22.742448
22.76052
21.929343
22.570551
21.932112
22.566565
21.711885
21.08761
21.71424
21.086046
21.924339
22.540823
22.558132
21.910772
21.707614
21.075049
21.083307
21.695461
20.277058
20.868334
20.278313
20.8669
20.101433
19.559915
20.102665
19.558727
20.275421
20.857334
20.864515
20.270673
20.099966
19.554673
19.557623
20.095794
18.75777
18.294473
18.758883
18.29339
19.388367
19.387193
18.940428
18.756986
18.291156
18.292712
18.755082
19.383505
19.386173
17.611386
17.20977
17.612424
17.208739
17.73334
18.148399
18.149851
17.732166
17.610851
17.207421
17.208273
17.609762
17.099505
17.100287
13.531765
13.531823
13.757076
13.753438
22.997125
13.275431
12.581066
12.583357
22.915385
13.757489
13.752591
23.02614
11.870904
20.945975
11.868997
24.639203
24.852079
22.77983
23.070994
23.060766
22.766778
22.688064
23.03916
22.747407
21.700922
21.082966
21.71432
21.07303
21.907282
22.493302
22.543194
21.878784
21.690443
21.051986
21.066377
21.666666
20.086185
19.546432
20.091764
19.542252
20.258535
20.835314
20.847688
20.25023
20.082941
19.534434
19.539946
20.075535
19.363124
19.368195
13.426921
13.425812
12.430176
13.15637
12.411761
23.069851
13.574304
5.2853097
13.551613
13.154929
12.382281
12.404885
7.0937296
13.519498
13.543536
24.445597
24.39472
24.743726
12.001555
21.058569
24.563861
24.403875
23.489569
23.503874
22.740639
23.028934
22.741334
23.698059
24.375274
24.229752
23.793794
23.502534
23.583518
22.796525
23.092495
22.752392
21.915431
22.538708
21.908767
22.541878
21.70049
21.074003
21.693686
21.079939
21.922925
22.588831
22.552153
21.943277
21.707102
21.094908
21.084399
21.724031
20.274579
20.856488
20.270252
20.861986
20.099489
19.554531
20.095466
19.557888
20.277375
20.875136
20.865911
20.284151
20.102033
19.565095
19.559908
20.108293
18.757844
18.291214
18.755089
18.293784
19.383404
19.386604
18.759407
18.299085
18.295202
18.763607
19.393441
19.388505
17.612196
17.207582
17.609887
17.209775
17.735888
18.156135
18.152353
17.73942
17.613419
17.214192
17.21091
17.616882
17.10617
17.102943
13.53545
13.536403
13.767396
13.779709
23.897523
13.280855
12.596973
12.596686
13.782325
13.778609
23.928898
11.866882
20.94271
24.927633
11.867287
24.921299
22.693132
22.972153
23.0548
22.758375
22.73168
23.06063
22.764448
21.688781
21.052029
21.667916
21.061732
21.912
22.531336
22.556835
21.902447
21.692924
21.064096
21.064416
21.686692
20.077549
19.533771
20.074915
19.535035
20.254562
20.845601
20.844894
20.256787
20.078862
19.538456
19.535965
20.081268
19.366754
19.364317
13.419292
13.418715
12.373858
13.146065
12.346578
22.733974
13.512197
13.497228
13.145148
12.308639
12.337265
13.505449
13.493887
24.560274
24.915367
24.362536
24.702636
12.001922
21.058713
24.489848
24.368714
23.487235
23.579704
22.793791
23.089291
22.746718
23.678485
24.307233
24.198082
23.747448
23.486101
23.543454
22.772807
23.06366
22.743555
21.924282
22.586543
21.942349
22.548518
21.709639
21.095093
21.723464
21.089239
21.921881
22.568968
22.54532
21.933324
21.707615
21.092612
21.088214
21.71653
20.283318
20.875479
20.284775
20.871188
20.108057
19.56585
20.108967
19.565961
20.283061
20.874
20.870414
20.285317
20.107909
19.567656
19.566027
20.109939
18.765216
18.299873
18.764387
18.300925
19.394208
19.39453
18.950917
18.952248
18.765425
18.302276
18.301172
18.766693
19.396185
19.39464
17.618981
17.214989
17.617674
17.21642
17.741752
18.15934
18.158289
17.742664
17.619268
17.217494
17.216728
17.62014
17.109484
17.108747
13.542528
13.543094
13.77654
13.780032
23.097399
13.288517
12.630728
12.618517
13.79283
13.784282
11.876809
20.946719
24.754692
11.895316
22.72427
23.009941
23.014603
22.729821
22.784802
23.080727
23.028588
22.742767
21.689014
21.063135
21.683385
21.068209
21.911938
22.577575
22.541948
21.933896
21.695908
21.083331
21.0725
21.714545
20.085896
19.53925
20.081874
19.542599
20.263764
20.862527
20.85368
20.268296
20.087849
19.545412
19.543865
20.091395
19.372921
19.371801
13.41593
13.415505
12.299025
13.140668
12.237915
13.507464
13.734267
13.140235
12.250769
12.203674
21.726605
13.508866
13.931826
24.483976
24.831786
24.496811
11.98034
21.050301
24.407536
24.748557
24.508433
23.55045
23.547692
22.779392
23.069992
23.070061
22.778883
23.748852
24.235224
24.320313
23.706927
23.543182
23.512024
22.761322
22.772116
21.93809
22.575342
21.937835
22.574735
21.720902
21.09478
21.720344
21.095748
21.934716
22.560499
22.568735
21.930261
21.71822
21.091091
21.094405
21.714239
20.28709
20.875791
20.286392
20.876743
20.111457
19.568311
20.110871
19.568585
20.286366
20.872433
20.875643
20.283345
20.110784
19.565041
19.567974
20.107793
18.76701
18.302597
18.76711
18.302321
19.39678
19.396966
18.766411
18.299056
18.301718
18.763627
19.393444
19.396361
17.619835
17.217617
17.620328
17.217029
17.741835
18.156108
18.158704
17.739473
17.619259
17.214491
17.216483
17.616986
17.10656
17.108452
13.544439
13.544331
23.405329
13.796061
13.806258
13.290669
12.649312
12.644689
13.822792
13.810513
11.879782
20.950573
24.910651
24.848626
11.859411
22.784552
23.077614
23.068146
22.773158
22.640682
22.90706
23.058858
22.759203
21.699824
21.083843
21.716269
21.070002
21.904868
22.45444
22.549449
21.850773
21.686813
21.034299
21.061426
21.641683
20.082188
19.544575
20.090756
19.538304
20.253818
20.819501
20.842666
20.239248
20.078385
19.526958
19.536008
20.065627
19.356355
19.364453
13.412374
13.412069
12.256382
13.13567
12.257283
13.461113
13.434349
13.13533
12.241209
12.256139
13.374792
13.425796
22.12786
24.464901
24.810989
24.51519
11.989581
21.055856
24.401845
24.747545
24.406234
24.744558
23.548502
23.535501
22.77041
23.060011
23.067553
22.776017
23.711702
24.23463
24.235117
23.701422
23.517757
23.503308
22.742774
22.766609
21.93327
22.567023
21.932046
22.571208
21.715731
21.090754
21.715203
21.089877
21.931062
22.544825
22.564473
21.915252
21.714196
21.080348
21.089389
21.700322
20.280868
20.871885
20.282466
20.870719
20.105229
19.564044
20.106859
19.562601
20.280943
20.86256
20.870416
20.276019
20.105399
19.55967
19.563009
20.10102
18.762
18.298252
18.762724
18.297952
19.392449
19.391115
18.948056
18.945864
18.762708
18.296871
18.298707
18.759472
19.388577
19.391575
17.616671
17.214035
17.616399
17.214564
17.739807
18.154251
18.155974
17.738641
17.617459
17.214416
17.215334
17.616541
17.107265
17.107485
13.544298
13.544544
23.412592
13.827113
13.842462
13.291504
12.635577
12.650077
22.487397
13.810279
13.846531
23.224049
26.34884
21.090197
11.997776
26.348978
14.713316
14.860995
14.862409
14.71203
13.001397
13.276389
21.059305
26.317523
12.002011
26.318859
14.706333
14.856033
14.707212
14.855139
13.000882
13.271631
21.057238
26.316314
12.001109
26.315013
14.703267
14.851995
14.703236
14.852026
13.000704
13.270119
26.31667
21.058371
12.001621
26.315383
14.706176
14.854485
14.705705
14.854967
13.006176
13.274507
21.05817
26.316684
12.001351
26.317605
14.705757
14.855031
14.706262
14.854505
13.009484
13.276239
21.053242
26.316069
11.991153
26.314724
14.702067
14.851066
14.7024
14.850725
13.008483
13.275117
21.051737
26.316061
11.993982
26.315814
14.702148
14.850243
14.70168
14.850708
13.011057
13.277966
21.051217
26.316151
11.982908
26.315226
14.708368
14.856313
14.707694
14.856988
13.020861
13.28619
26.31513
21.050813
11.981364
26.31471
14.710307
14.858987
14.71039
14.858897
13.028834
13.290475
21.054702
26.319131
11.990291
26.317256
14.708872
14.857306
14.708795
14.857392
13.031272
13.290779
20.974574
26.275816
11.874408
26.308347
20.955563
26.234565
11.89305
26.236541
15.127216
14.944414
14.946308
15.125454
15.131038
14.951192
14.949958
15.132319
14.63561
14.785909
14.787804
14.633851
13.7065
13.435696
14.639407
14.792741
14.791531
14.6406
13.439642
13.712814
12.902236
13.174781
14.117249
4.0675665
30.485888
13.178353
12.910071
28.079846
28.266727
21.050382
26.317043
11.981369
26.31873
15.196074
15.016575
15.017979
15.194804
15.191582
15.012358
15.013425
15.190533
13.80399
13.535803
14.709197
14.857013
14.708171
14.858066
13.533039
13.801037
13.273691
13.001298
20.947736
26.238186
11.869739
26.239065
20.94581
26.231414
11.871385
26.231855
15.135077
14.95252
15.133695
14.953857
15.139607
14.958438
14.958261
15.139786
14.643152
14.794039
14.641875
14.795343
13.713922
13.442935
14.647371
14.799818
14.799643
14.647548
13.446146
13.718371
12.911021
13.181413
27.547784
28.206336
13.184122
12.913716
28.629996
27.951688
21.051614
26.315392
11.994079
26.314944
15.18868
15.011371
15.010472
15.189563
15.185886
15.007422
15.007617
15.185698
13.800214
13.530899
14.703514
14.852076
14.703315
14.852277
13.528897
13.796831
13.269818
13.000357
20.945729
26.235604
11.868125
26.233497
26.233607
20.944398
11.869634
26.233034
15.139449
14.95838
15.139724
14.958113
15.135983
14.953822
14.954706
15.135085
14.647247
14.799763
14.647499
14.799502
13.71821
13.445565
14.643948
14.79527
14.796143
14.643088
13.441423
13.713075
12.913307
13.183169
28.660924
27.970991
13.17843
12.905486
28.446894
27.779306
21.053418
26.314496
11.995744
26.314863
15.185674
15.007347
15.007384
15.185631
15.187196
15.009383
15.00889
15.187696
13.796795
13.529027
14.704739
14.853985
14.705214
14.853503
13.531097
13.799076
13.272558
13.005376
20.946161
26.237457
11.86874
26.234775
26.234947
20.951461
11.887692
26.236636
15.133359
14.952948
15.134196
14.952126
15.131365
14.950313
14.950147
15.131545
14.641438
14.794408
14.642238
14.793596
13.712106
13.438282
14.63944
14.791759
14.791612
14.639566
13.434638
13.707936
12.90408
13.17484
29.05663
28.15703
13.170242
12.896169
28.437478
28.082946
21.052118
26.314867
11.986476
26.316779
15.188726
15.009896
15.010393
15.188218
15.189578
15.010908
15.011226
15.189248
13.799592
13.532809
14.70697
14.855467
14.706679
14.855773
13.534282
13.801109
13.276415
13.009477
20.946123
26.237388
11.868864
26.238357
20.950899
26.232452
11.882882
26.232696
15.132356
14.950639
15.131889
14.951086
15.1351
14.954215
14.953754
15.13557
14.640233
14.792062
14.639842
14.792483
13.70787
13.43395
14.64267
14.795496
14.795048
14.643099
13.433715
13.708634
12.895417
13.168857
29.009363
28.424251
13.167307
12.890436
28.032483
28.981049
21.049554
26.316061
11.986084
26.314686
15.188219
15.010456
15.009912
15.18878
15.185467
15.006791
15.007202
15.185056
13.800871
13.533806
14.703169
14.851438
14.702765
14.851847
13.532363
13.798518
13.275303
13.008543
26.234236
20.949025
11.879164
26.235173
20.945207
26.231742
11.870857
26.2311
15.136403
14.95464
15.136003
14.955031
15.137539
14.956002
14.956103
15.137447
14.643851
14.795908
14.643493
14.796285
13.708686
13.433293
14.644743
14.797169
14.797281
14.644617
13.43135
13.707355
12.889541
13.166009
28.317847
28.594912
13.162469
12.88045
27.901112
28.250682
26.314986
21.051306
11.993992
26.315227
15.184333
15.006416
15.00607
15.184681
15.183293
15.005209
15.005084
15.183408
13.798289
13.531858
14.701223
14.849943
14.701373
14.849806
13.532232
13.798443
13.276078
13.01028
26.231773
20.94607
11.87184
26.231179
20.95595
26.236935
11.892224
26.235208
15.136813
14.955755
15.137205
14.955363
15.133607
14.951617
14.952196
15.133025
14.643957
14.796917
14.644354
14.796525
13.706785
13.428984
14.640856
14.792831
14.793404
14.640282
13.423601
13.701002
12.878644
13.159096
27.406911
28.786319
13.152048
12.863561
27.455906
28.862474
26.317629
21.053075
11.985672
26.315903
15.184158
15.005501
15.005965
15.183694
15.18824
15.010848
15.009998
15.189097
13.798891
13.53379
14.706094
14.855544
14.70693
14.854701
13.538386
13.804654
13.283101
13.019553
20.953564
26.234768
11.891897
26.233883
20.955097
26.234253
11.895439
26.234633
15.132207
14.951144
15.132553
14.950792
15.1321
14.950769
14.950618
15.132264
14.639438
14.792358
14.639804
14.792003
13.700264
13.42073
14.639096
14.7919
14.791764
14.639208
13.417789
13.69759
12.861426
13.148175
27.988254
28.679496
13.143529
12.849589
28.110722
28.093784
21.049694
26.31673
11.980058
26.314854
15.190544
15.011618
15.012292
15.189871
15.192385
15.014246
15.014155
15.192471
13.805503
13.54111
14.710279
14.858983
14.710381
14.858884
13.543936
13.809006
13.289584
13.028167
20.953048
26.234855
11.89399
26.235373
20.945119
26.236772
11.868822
26.236366
15.132603
14.950933
15.132439
14.951089
15.132645
14.950985
14.951154
15.132455
14.639456
14.79205
14.639335
14.792193
13.697438
13.416705
14.63942
14.792068
14.792233
14.639247
13.41464
13.695908
12.848303
13.141539
28.815972
28.86911
13.138751
12.839234
28.333641
28.509702
21.058303
26.316196
12.000988
26.315356
15.192344
15.014241
15.014139
15.192458
15.190787
15.012502
15.012718
15.190536
13.80914
13.544488
14.709055
14.857379
14.708866
14.857577
13.544068
13.808551
13.290623
13.031078
20.953625
26.236822
11.883541
26.237541
20.975117
26.275489
11.877599
26.313589
15.132025
14.950792
15.132235
14.950613
15.131414
14.948406
14.95014
15.129812
14.638863
14.791878
14.63905
14.791701
13.695565
13.4132
14.638134
14.789366
14.791103
14.636531
13.411176
13.69248
12.838606
13.136578
28.712694
28.988696
13.134598
12.830431
26.804839
28.5961
21.089133
26.35038
11.994522
26.349817
15.190476
15.012417
15.012503
15.190419
15.19214
15.012694
15.014234
15.190737
13.808526
13.543963
14.71021
14.857378
14.858927
14.708788
13.544469
13.808121
13.291647
13.029399
22.119743
21.881184
22.47862
22.259516
22.339167
22.516905
21.862957
22.05529
20.429724
20.241223
20.820864
20.607023
20.624469
20.827019
20.237592
20.414716
19.07344
19.352961
19.204333
19.210978
19.355038
19.067962
26.619903
26.647421
21.056955
26.315027
11.973182
26.310419
26.638379
23.922313
23.710985
23.922912
24.252964
24.090946
24.119612
24.111828
24.243869
24.112648
23.714116
23.90632
23.927807
17.873572
17.745128
17.874534
18.161628
18.010172
18.012457
18.011445
18.161506
18.012384
17.74531
17.8726
17.874669
17.112944
16.995488
16.995677
16.994065
17.112561
16.995061
16.884303
15.797964
15.915682
15.915403
15.798304
14.540251
14.388973
14.389614
14.538967
14.713122
14.86135
14.862185
14.712343
12.84153
12.550467
13.276309
13.00323
12.549394
12.842535
21.927255
22.154933
22.3444
22.552155
21.920228
22.132332
22.371607
22.564672
20.27087
20.459431
20.646804
20.859674
20.268149
20.451029
20.655778
20.863066
19.092998
19.22495
19.374408
19.086603
19.231506
19.376683
26.629917
26.628148
21.055534
26.31625
11.996711
26.316284
26.628161
23.707678
23.917147
23.920551
24.201601
24.275034
24.141639
23.733726
23.999332
23.948688
24.111415
24.244592
24.111956
17.738143
17.866899
17.867675
18.007271
18.155743
18.006517
17.738915
17.869216
17.868465
18.004902
18.1549
18.005707
16.875044
16.876669
16.988832
17.105665
16.875823
16.988024
16.986594
17.104912
16.987273
15.789782
15.522061
15.907977
15.790585
15.907179
14.533561
14.383841
14.534421
14.382985
14.705545
14.853642
14.854338
14.70486
12.840472
12.56243
13.271066
13.000073
12.56496
12.839755
21.902095
22.116242
22.351096
22.535504
21.90829
22.136602
22.325736
22.522995
20.264576
20.448461
20.649528
20.854776
20.266397
20.454256
20.643132
20.852266
19.088807
19.230618
19.375757
19.09241
19.226854
19.374422
26.631233
21.05324
26.317765
11.99103
26.317634
26.62852
23.756463
23.999977
23.980003
24.10822
24.269175
24.134914
23.725934
23.917007
23.941373
24.208949
24.327062
24.182808
18.944816
17.735836
17.865428
17.865302
18.00308
18.152243
18.003157
17.735729
17.865125
17.865193
18.00339
18.152359
18.00327
16.872854
16.98502
17.10266
16.872742
16.985063
16.985355
17.102771
16.985178
15.787646
15.51999
15.519774
15.904935
15.78751
15.905073
14.530577
14.379958
14.530539
14.379993
14.7034
14.852381
14.852158
14.703623
12.841127
12.58074
13.270442
13.002322
12.582584
12.843454
21.897081
22.098665
22.364208
22.553775
21.911189
22.144673
22.3094
22.529775
20.25074
20.431951
20.639288
20.844599
20.25424
20.443348
20.625994
20.838979
19.076824
19.219766
19.363993
19.081824
19.21442
19.361984
26.317743
21.056645
11.994162
26.316763
26.630051
23.725217
23.985569
23.941633
24.071605
24.221785
24.091232
23.69056
23.882503
23.901852
24.18735
24.273279
24.136756
18.949406
18.948101
17.739761
17.870054
17.869268
18.005418
18.155428
18.006335
17.738893
17.867477
17.86836
18.008118
18.156428
18.007288
16.987564
17.105856
16.87593
16.988269
16.989507
17.106562
16.988949
15.791178
15.52353
15.523166
15.908144
15.790671
15.908671
14.533497
14.382429
14.533031
14.382888
14.706589
14.855714
14.855391
14.706903
12.848521
12.593405
13.27509
13.008254
12.594434
12.851169
21.920708
22.149949
22.327703
22.550118
21.90957
22.113968
22.368981
22.567013
20.257599
20.446416
20.630368
20.844624
20.2543
20.435664
20.642821
20.84977
19.082498
19.215772
19.363695
19.078014
19.220619
19.36554
26.629669
26.315484
21.054407
11.996151
26.315381
26.63008
23.677084
23.890988
23.887601
24.138078
24.224403
24.093854
23.693303
23.942954
23.904499
24.082352
24.208023
24.076829
18.947472
17.737231
17.865803
17.866667
18.006804
18.154781
18.005684
17.738232
17.868778
17.867702
18.003725
18.153668
18.004611
16.876087
16.98845
17.105202
16.875287
16.987622
16.986045
17.104346
16.986792
15.789446
15.520886
15.521511
15.907578
15.790112
15.906893
14.533153
14.383087
14.533635
14.382632
14.705206
14.853357
14.853933
14.704648
12.853082
12.595487
13.276049
13.009091
12.594746
12.853143
21.89327
22.115173
22.324165
22.514253
21.89245
22.112797
22.326616
22.514889
20.258087
20.444456
20.63731
20.844014
20.257539
20.442835
20.638933
20.844584
19.086193
19.222549
19.368912
19.08463
19.224135
19.369448
26.630391
26.628119
21.047333
26.317207
11.978162
26.317555
26.625562
23.761907
23.969281
23.98791
24.152698
24.317678
24.176663
23.755602
23.958391
23.976737
24.17094
24.342939
24.194234
18.944342
17.734382
17.863392
17.863889
18.002448
18.151389
18.002258
17.734731
17.864442
17.864241
18.001389
18.15103
18.001904
16.871155
16.871789
16.984155
17.101492
16.8715
16.983876
16.983127
17.101148
16.983531
15.785815
15.903606
15.786156
15.518215
15.903262
14.529571
14.37951
14.529893
14.379205
14.701768
14.850145
14.850415
14.701512
12.853277
12.58711
13.275155
13.008646
12.585754
12.854236
21.928299
22.140913
22.37288
22.575574
21.933081
22.155833
22.357879
22.571411
20.265423
20.448186
20.651798
20.861281
20.267596
20.455164
20.643947
20.858196
19.085759
19.227455
19.373462
19.089107
19.223875
19.372127
26.630448
26.629322
21.052394
26.316116
11.994217
26.316002
23.689617
23.896395
23.904491
24.122007
24.253744
24.114663
23.700034
23.924313
23.917759
24.086564
24.234802
24.098538
17.733549
17.864043
17.862931
17.999504
18.148943
17.999973
17.732743
17.861642
17.862108
18.001957
18.149803
18.000813
16.871072
16.982172
17.100136
16.870358
16.98263
16.984297
17.100872
16.983355
15.78634
15.903062
15.785687
15.517435
15.517897
15.903724
14.529768
14.379075
14.529295
14.379558
14.702766
14.852082
14.85133
14.70351
12.857913
12.582254
13.278833
13.014486
12.585862
12.860534
21.898482
22.12921
22.304124
22.513712
21.8883
22.095328
22.346871
22.534515
20.251481
20.438472
20.627936
20.836831
20.250199
20.434056
20.633677
20.839636
19.079637
19.216608
19.36239
19.078972
19.21742
19.362778
26.628348
26.625878
21.055683
26.316404
11.992547
26.314404
23.711469
23.884733
23.925178
24.223782
24.326872
24.182734
23.757579
24.017257
23.980386
24.068724
24.251858
24.117724
17.741171
17.870944
17.870659
18.007765
18.157448
18.008303
17.740776
17.869731
17.870283
18.008926
18.157783
18.008658
16.98935
17.107589
16.989979
16.877627
16.990844
17.108062
16.990463
15.792908
15.909822
15.792352
15.523744
15.910375
14.535954
14.385069
14.535279
14.385751
14.708943
14.858034
14.857562
14.709419
12.86953
12.605071
13.28706
13.024501
12.609698
12.873702
21.898505
22.121202
22.327115
22.521644
21.896566
22.11528
22.333076
22.523413
20.259514
20.446813
20.637039
20.845546
20.258091
20.44235
20.641712
20.847174
19.086165
19.221357
19.368479
19.083418
19.224293
19.369542
26.625464
26.62724
21.055437
26.314823
11.994315
26.315293
26.625157
23.752627
23.975651
23.971182
24.165687
24.307052
24.167294
23.750725
23.968581
23.969347
24.17492
24.305906
24.168161
17.74279
17.871991
17.872358
18.010449
18.159759
18.010552
17.742934
17.872407
17.872488
18.010072
18.15966
18.010435
16.879625
16.991951
17.109559
16.991902
16.879575
16.991313
17.10936
16.991691
15.79394
15.911625
15.794162
15.911394
14.537919
14.387898
14.537998
14.387841
14.710137
14.858465
14.858718
14.709898
12.878849
12.637614
13.290601
13.030196
12.640417
12.881033
21.929175
22.142166
22.375741
22.576066
21.934491
22.158342
22.360659
22.572236
20.262557
20.444391
20.651873
20.860676
20.265859
20.454866
20.640318
20.856315
19.082036
19.22518
19.370544
19.086686
19.220042
19.368546
26.623619
26.627522
21.048561
26.31825
11.976457
26.315521
26.626421
23.784972
23.977713
24.018593
24.149918
24.362759
24.212578
23.77472
23.954206
24.003841
24.181126
24.390198
24.233135
17.738547
17.868366
17.867912
18.006222
18.154867
18.005786
17.738499
17.868284
17.867899
18.006178
18.154794
18.005754
16.876752
16.876543
16.988596
17.106006
16.876489
16.988487
16.989241
17.106204
16.988704
15.792287
15.524947
15.909284
15.791999
15.909564
14.536533
14.386588
14.536467
14.386666
14.709108
14.858066
14.857653
14.709482
12.883764
12.65114
13.290971
13.031923
12.651383
12.885732
26.572181
26.239607
20.949855
11.863576
26.235939
26.359302
25.256208
24.672815
24.831065
25.114703
20.94815
26.23688
11.878011
26.238689
26.568389
26.57102
25.304336
24.738912
24.86719
25.164887
22.675812
22.723372
23.030097
22.744857
23.05283
22.759893
21.463878
21.665135
21.037068
21.233515
21.262137
21.044524
21.650712
21.429174
22.130636
21.911034
22.543811
22.34158
22.350596
22.553647
21.911475
22.129656
21.472151
21.69215
21.067969
21.282432
21.269507
21.063568
21.694333
21.483583
19.899695
20.066591
19.523811
19.704
19.71371
19.526098
20.063452
19.889206
20.434206
20.252986
20.84843
20.643095
20.629542
20.843881
20.257268
20.447338
19.902821
20.077078
19.53713
19.727129
19.716486
19.533684
20.08117
19.914136
19.075322
19.365154
19.221909
19.213033
19.361913
19.083673
16.835516
16.833495
16.835348
16.367232
16.237866
16.238578
16.366501
16.837456
16.840354
16.838781
16.36934
16.241925
16.240673
16.370624
15.739452
15.468528
15.4682
15.857719
15.858458
15.738791
15.31385
15.467586
15.467988
15.312062
15.127923
14.947442
15.128423
14.946962
15.741575
15.469078
15.861759
15.860572
15.742729
15.129931
14.948057
15.129057
14.948896
15.31744
15.472217
15.470961
15.318707
14.45892
14.303714
14.304805
14.457171
14.636326
14.789011
14.788508
14.636857
13.926527
14.106512
14.105035
13.436487
13.709361
13.926841
14.638363
14.789643
14.790483
14.637513
14.462801
14.309682
14.30854
14.463982
13.438645
13.709975
13.930079
14.109454
14.108318
13.927373
12.751581
12.486721
13.175396
12.906558
12.491653
12.752019
13.665576
22.66635
27.305398
28.578958
13.671773
22.717602
22.879959
13.177418
12.907346
12.754592
12.497838
12.752381
12.49727
27.805908
28.163634
22.952325
13.66966
22.827107
13.6701
22.990902
22.913567
25.201164
24.804795
24.436999
24.769767
24.420876
25.252464
26.620821
21.055426
26.314647
11.991057
26.313781
26.625997
26.628413
25.295324
24.958053
24.597781
24.868914
24.520558
25.392132
23.338089
23.515169
23.335495
23.05303
23.050084
23.516907
23.325498
23.336254
23.049612
22.759147
22.763402
23.946201
23.772095
23.994573
24.40376
24.253451
24.250414
24.138391
24.337634
24.19573
23.806662
24.041031
24.038551
23.353555
23.566626
23.378832
23.099452
23.09913
23.06553
23.593257
23.400016
23.399154
22.802393
23.084487
22.792054
22.155324
21.9331
22.557378
22.351818
22.368589
22.561951
21.929245
22.138612
21.507844
21.717326
21.092247
21.295021
21.306742
21.094646
21.713715
21.494577
22.161175
21.946198
22.594332
22.389289
22.375788
22.586587
21.949061
22.170894
21.510816
21.727815
21.10022
21.311285
21.309061
21.099555
21.72983
21.514123
20.472904
20.287067
20.874
20.660402
20.668267
20.876035
20.286049
20.466229
19.941107
20.111563
19.568599
19.75059
19.754629
19.569051
20.110769
19.936744
20.473502
20.288017
20.880132
20.669635
20.669184
20.879682
20.288118
20.473661
19.941005
20.111883
19.567856
19.753737
19.75435
19.568014
20.111916
19.940578
18.595788
18.768651
18.596668
18.304365
18.434684
18.437354
18.43644
18.304298
18.43734
18.768826
18.593713
18.596583
19.113229
19.397185
19.249001
19.250939
19.397543
19.112213
18.951695
18.594853
18.766034
18.594142
18.300811
18.433485
18.434052
18.43545
18.301479
18.43466
18.765549
18.593083
18.593605
19.112577
19.395981
19.249288
19.250348
19.3962
19.111376
17.486668
17.622743
17.487653
17.220673
17.350601
17.352239
17.351082
17.220469
17.352046
17.622975
17.486134
17.487874
17.872458
17.74201
17.871468
18.157833
18.00796
18.008639
18.010357
18.158558
18.00941
17.741149
17.869926
17.870647
17.485501
17.61956
17.484411
17.21617
17.346953
17.347818
17.349911
17.217182
17.348797
17.618659
17.482637
17.483468
16.418766
16.291669
16.291329
16.419096
16.879704
17.108243
16.989701
16.990653
16.992884
17.109282
16.991717
16.87859
16.415246
16.286672
16.287834
16.414098
15.380039
15.531588
15.531512
15.378742
15.195823
15.01681
15.01769
15.194944
15.794722
15.528441
15.910923
15.912083
15.793559
15.192696
15.015711
15.193842
15.014555
15.375239
15.52487
15.525994
15.374155
14.019802
14.195707
14.193836
13.535808
13.804501
14.017716
14.710268
14.860296
14.711343
14.859174
14.536356
14.384771
14.535358
14.385757
13.533816
13.803665
14.013763
14.1887
14.189656
14.016743
13.746938
23.101331
13.737582
13.274439
13.002782
12.840862
12.55561
12.84215
12.553621
22.960075
13.713329
13.712707
20.947036
26.235506
11.871601
26.233223
26.574764
25.314909
24.85223
25.292251
24.882476
20.946262
26.231575
11.871868
26.232175
26.566113
26.566384
25.262155
24.844477
24.839688
25.26824
22.754697
22.769563
22.77917
22.783287
21.709716
21.500558
21.28588
21.079057
21.703851
21.486824
21.297893
21.08283
22.159061
21.937219
22.574187
22.36332
22.376057
22.578463
21.93351
22.147253
21.503157
21.71809
21.085454
21.292871
21.300044
21.087635
21.71476
21.494851
20.094372
19.924942
19.730494
19.54673
20.091778
19.917607
19.737592
19.549067
20.460597
20.273943
20.865325
20.65273
20.657084
20.867174
20.272858
20.456963
19.925932
20.09733
19.551484
19.736947
19.73857
19.551963
20.096434
19.923914
19.093983
19.379217
19.231723
19.232487
19.379596
19.09342
16.845282
16.842051
16.843736
16.376937
16.246602
16.37542
16.248087
16.848214
16.848503
16.379943
16.251417
16.251053
16.380301
15.748383
15.477389
15.47625
15.866163
15.747007
15.867574
15.321439
15.473579
15.32007
15.474953
15.136381
14.956236
15.137532
14.955119
15.751238
15.478312
15.870878
15.87048
15.751639
15.479378
15.139171
14.957153
15.138474
14.957833
15.325863
15.479511
15.32601
14.466494
14.310892
14.465238
14.312099
14.644357
14.797663
14.796574
14.645424
13.931178
14.110654
14.11185
13.443928
13.716874
13.934188
14.646956
14.798558
14.799223
14.646301
14.470654
14.316236
14.316073
14.470834
13.445908
13.717565
13.935851
14.11596
14.115796
13.934916
12.755455
12.498536
13.182316
12.913274
12.498111
12.7576
13.669583
23.020897
28.566472
28.533473
13.670302
23.123738
23.09887
13.183994
12.913699
12.757232
12.495945
12.757915
12.496514
28.301886
27.967239
13.670763
13.670354
22.997311
23.053324
25.202511
24.793109
24.450498
25.220447
24.767146
24.420596
26.629373
21.052045
26.315943
11.994113
26.316134
26.628927
26.629127
25.2461
24.794587
24.438996
24.802466
24.446096
25.238299
23.511039
23.322126
23.330938
23.062354
23.534659
23.380046
23.352077
22.773814
23.044107
22.758274
23.923441
23.707909
23.92637
24.256571
24.108388
24.118273
24.120149
24.262863
24.123727
23.704467
23.914544
23.921849
23.32142
23.506218
23.321934
23.033038
23.03203
23.503912
23.320505
23.320674
23.031423
22.744178
23.0317
22.743769
21.927508
22.138027
22.382055
22.570967
21.935865
22.165051
22.350449
22.557477
21.711598
21.493998
21.308436
21.093193
21.718693
21.510772
21.294099
21.088805
22.133171
21.913853
22.54299
22.348081
22.345591
22.542274
21.914472
22.135261
21.490081
21.699111
21.079728
21.290346
21.290585
21.079865
21.699534
21.490375
20.281576
20.464085
20.667805
20.874044
20.284052
20.472067
20.658643
20.870278
20.106144
19.933988
19.752767
19.565247
20.108328
19.939493
19.747833
19.563683
20.46188
20.275906
20.862076
20.654903
20.656173
20.862342
20.275427
20.460438
19.932365
20.10102
19.559264
19.744744
19.746352
19.559774
20.100515
19.930746
18.762481
18.589643
18.590636
18.432828
18.298753
18.432023
18.763512
18.592434
18.591604
18.430162
18.297873
18.431102
19.107283
19.248551
19.393579
19.110685
19.244851
19.39216
18.945219
18.588754
18.759759
18.588076
18.295175
18.428107
18.428272
18.42932
18.295565
18.428674
18.759325
18.587499
18.587661
19.106202
19.388052
19.242206
19.243687
19.388551
19.10478
17.615601
17.479633
17.480345
17.346152
17.21366
17.34538
17.616361
17.481861
17.481098
17.34393
17.212911
17.34463
17.866209
17.736211
17.86567
18.152334
18.003094
18.003262
18.004183
18.152709
18.003623
17.735868
17.865148
17.865317
17.479009
17.613727
17.478519
17.21083
17.342343
17.342517
17.343321
17.211151
17.342843
17.61339
17.478015
17.478188
16.410463
16.283766
16.411245
16.282972
16.873286
17.102849
16.985074
16.985248
16.986015
17.103169
16.985561
16.87296
16.408748
16.280918
16.281236
16.408437
15.372237
15.523836
15.522898
15.373152
15.187892
15.008973
15.009669
15.18721
15.788048
15.52073
15.90514
15.905457
15.787727
15.1862
15.008394
15.186642
15.007941
15.369306
15.519706
15.519914
15.369098
14.012843
14.187799
14.186968
13.530305
13.79815
14.010563
14.703838
14.853062
14.704288
14.852605
14.530804
14.380033
14.530612
14.380227
13.529084
13.797648
14.009069
14.184153
14.184327
14.010007
13.719073
23.020054
13.720563
13.269958
12.999979
12.840593
12.574221
12.839779
12.571866
23.069348
13.729249
13.727344
26.569175
20.95217
26.234592
11.881279
26.232045
25.133399
24.799061
25.244332
24.69506
26.234987
20.944862
11.867769
26.233661
26.568591
26.566451
25.259303
24.890989
24.819495
25.321227
22.736162
22.720456
23.064514
22.769787
22.747623
21.688407
21.477088
21.287406
21.072867
21.6934
21.488321
21.277906
21.069972
22.121597
21.912513
22.563196
22.367272
22.332586
22.545399
21.920163
22.147656
21.47911
21.695822
21.072325
21.284344
21.279154
21.071067
21.701245
21.487825
20.089158
19.917549
19.73542
19.547638
20.090842
19.92218
19.731052
19.546234
20.447895
20.261932
20.852493
20.64182
20.642862
20.852021
20.261101
20.445769
19.916494
20.086103
19.541291
19.725951
19.729924
19.542612
20.085064
19.912733
19.087608
19.369403
19.221518
19.225651
19.370751
19.083507
16.846928
16.848158
16.847627
16.379031
16.250825
16.379665
16.250206
16.844192
16.843137
16.376423
16.246622
16.247632
16.375402
15.750737
15.477921
15.478571
15.87047
15.751273
15.479076
15.869916
15.325607
15.479401
15.325915
15.138993
14.957073
15.138388
14.957667
15.748379
15.477156
15.866546
15.867505
15.747438
15.47446
15.136854
14.956363
15.137666
14.955564
15.322003
15.475396
15.321081
14.47055
14.316181
14.470792
14.31593
14.646821
14.79848
14.799064
14.646248
13.935739
14.115909
14.115661
13.444988
13.71666
13.934347
14.644782
14.797779
14.79699
14.645559
14.4673
14.311806
14.312659
14.46645
13.442445
13.71587
13.931016
14.111523
14.112383
13.933616
12.75641
12.497123
13.182465
12.910824
12.499274
12.753073
23.227594
13.678616
23.352169
27.997393
28.212791
13.652445
23.709411
23.118081
23.156121
13.179581
12.909588
12.747951
12.484818
12.752109
12.487149
28.712217
28.71255
13.661248
23.249272
13.665128
22.913471
23.243457
25.304976
24.790607
24.445922
25.220323
24.868678
24.513522
26.629234
21.056552
26.315865
12.000243
26.31731
26.628588
26.630258
25.221624
24.750495
24.40095
24.789322
24.442437
25.190778
23.55015
23.369651
23.361748
23.040144
23.053295
23.526382
23.327306
23.343337
22.764586
23.06695
22.774559
23.978944
23.719979
23.935768
24.224031
24.073982
24.091494
24.182014
24.264573
24.129682
23.688661
23.88342
23.900744
23.359557
23.520027
23.336598
23.492716
23.299561
23.313214
23.027246
22.742431
23.046273
22.757546
21.929663
22.151416
22.353998
22.561674
21.926378
22.140425
22.368438
22.569364
21.711768
21.498164
21.292694
21.084513
21.709295
21.493325
21.296403
21.085609
22.1477
21.921507
22.542613
22.339519
22.363945
22.554889
21.915872
22.128929
21.496216
21.705237
21.081106
21.289647
21.29488
21.082607
21.701053
21.488723
20.277368
20.462672
20.655986
20.865728
20.276927
20.461257
20.657752
20.866581
20.101972
19.931889
19.744998
19.559649
20.101607
19.931087
19.745682
19.559878
20.462193
20.276595
20.863357
20.655802
20.657096
20.864359
20.276418
20.461577
19.931728
20.101472
19.560016
19.746184
19.745579
19.559844
20.101431
19.93217
18.759465
18.587879
18.58778
18.428121
18.295103
18.428229
18.759328
18.587524
18.587647
18.42846
18.295222
18.428356
19.105271
19.242309
19.38831
19.104855
19.242772
19.388511
18.945438
18.587961
18.759733
18.588101
18.295951
18.429597
18.429037
18.428558
18.29562
18.428718
18.76002
18.588968
18.588406
19.10529
19.388767
19.243618
19.242773
19.38856
19.106166
17.613345
17.478278
17.478132
17.342297
17.210649
17.342344
17.613238
17.477974
17.478025
17.342606
17.210759
17.342452
17.865583
17.736383
17.865813
18.153138
18.004655
18.004101
18.003532
18.152794
18.003745
17.736761
17.866732
17.86618
17.478473
17.613927
17.47875
17.211866
17.344067
17.343515
17.342814
17.211447
17.343105
17.614317
17.479702
17.47915
16.408387
16.280714
16.408253
16.280847
16.873617
17.103914
16.986912
16.986361
16.985598
17.103487
16.985926
16.874056
16.40926
16.282189
16.281724
16.409726
15.369037
15.51962
15.519647
15.369012
15.185815
15.007749
15.007521
15.186046
15.788558
15.520291
15.906453
15.905987
15.789019
15.52112
15.186745
15.008059
15.186358
15.008443
15.370491
15.521627
15.370987
14.009
14.184096
14.184148
13.529283
13.797318
14.009433
14.704303
14.852686
14.703927
14.853063
14.53207
14.381948
14.532544
14.381478
13.530552
13.797671
14.011082
14.18619
14.18571
14.009758
13.736986
23.106968
13.740494
13.271935
13.00302
12.847488
12.589553
12.844402
12.587943
23.064963
13.753412
13.750883
26.573576
26.569028
20.952189
26.23838
11.880887
26.236787
25.213713
24.87182
25.305886
24.777636
26.234611
20.949293
11.885878
26.235027
26.574018
26.573308
25.11692
24.661081
24.660916
25.110684
22.759901
22.731932
23.020123
22.96222
22.682178
22.675204
21.680669
21.458289
21.281531
21.064113
21.692375
21.484953
21.259299
21.057406
22.085495
21.86714
22.486295
22.307697
22.293827
22.480217
21.870695
22.097063
21.450768
21.655847
21.045234
21.258479
21.25313
21.043621
21.658766
21.457258
20.075472
19.902934
19.72395
19.535635
20.078531
19.910635
19.717033
19.53344
20.429114
20.244159
20.828978
20.625656
20.622578
20.827643
20.244949
20.431707
19.901192
20.069858
19.530091
19.716914
19.715512
19.529655
20.070532
19.902812
19.075808
19.358952
19.214258
19.213318
19.358571
19.076639
16.838917
16.840935
16.839872
16.371372
16.24354
16.372275
16.242655
16.837375
16.837439
16.369911
16.241257
16.241218
16.369958
15.743791
15.863644
15.744596
15.473534
15.472661
15.862819
15.319314
15.320171
15.132619
14.950808
15.13202
14.951398
15.74247
15.470834
15.86149
15.86147
15.742483
15.131378
14.950391
15.131599
14.950168
15.317279
15.47082
15.470614
15.317469
14.464814
14.310961
14.465608
14.310163
14.640728
14.792293
14.792878
14.640147
13.930119
14.110669
14.10986
13.437322
13.709562
13.927821
14.639491
14.791876
14.791647
14.639728
14.462781
14.308101
14.308039
14.46288
13.435107
13.708937
13.926637
14.107627
14.107608
13.927293
12.746352
12.480211
13.17371
12.900133
12.47902
12.741533
23.285064
13.655854
22.980675
29.06074
28.157905
13.65453
22.991207
23.286378
23.116192
13.170922
12.898986
12.736122
12.474791
12.740033
12.475885
28.464003
28.090827
13.648541
23.114087
23.179783
13.649877
22.998269
23.115192
25.240081
24.742983
24.396378
25.180707
24.803145
24.453017
26.626026
26.313734
21.052515
11.987055
26.314956
26.626014
26.629257
25.328566
24.900842
24.549623
24.904459
24.556134
25.329602
23.52523
23.37085
23.342222
23.016694
23.495046
23.300301
23.315848
23.076992
23.03025
22.745899
23.052703
22.764876
24.014504
23.79882
24.023718
24.3637
24.188203
24.218791
24.218316
24.371444
24.227276
23.790115
23.986348
24.014912
23.392179
23.590596
23.400006
23.582362
23.371576
23.392465
23.09566
22.801276
23.10221
22.806825
21.930821
22.162277
22.340845
22.546537
21.920962
22.130406
22.378585
22.562948
21.714559
21.50933
21.291373
21.086203
21.706312
21.490448
21.307272
21.091084
22.171836
21.952263
22.594445
22.379483
22.390004
22.599196
21.949575
22.163128
21.514741
21.732315
21.099877
21.307667
21.311733
21.101127
21.730113
21.509857
20.283267
20.471636
20.65737
20.868251
20.280566
20.463065
20.667234
20.872398
20.107728
19.939416
19.74736
19.563277
20.105334
19.933418
19.752788
19.565044
20.473814
20.2884
20.87971
20.667289
20.669805
20.880768
20.287698
20.471609
19.940842
20.112196
19.567707
19.752574
19.754056
19.568195
20.111565
19.939232
18.763817
18.593118
18.592075
18.430426
18.298307
18.431465
18.762589
18.589822
18.590907
18.433558
18.29936
18.432573
19.111047
19.244617
19.391852
19.107115
19.248844
19.393475
18.951637
18.951252
18.593824
18.765893
18.594032
18.30076
18.43326
18.434075
18.43422
18.301084
18.434412
18.765529
18.592827
18.593682
19.111918
19.395878
19.248576
19.249791
19.396335
19.110763
17.617236
17.482668
17.481994
17.344755
17.213843
17.345526
17.616405
17.480402
17.481198
17.346931
17.214577
17.34629
17.870569
17.741112
17.870702
18.157735
18.007801
18.00851
18.008665
18.158048
18.008811
17.740829
17.869732
17.87041
17.483099
17.618511
17.483198
17.215404
17.346593
17.347169
17.347338
17.215655
17.347428
17.618236
17.482332
17.482931
16.412159
16.28398
16.411555
16.284563
16.877507
17.107341
16.989169
16.877277
16.989682
16.989853
17.107584
16.989919
16.412985
16.285144
16.28535
16.412774
15.37202
15.522164
15.522693
15.371509
15.189175
15.011165
15.010831
15.189519
15.791835
15.52374
15.909172
15.909359
15.791653
15.523239
15.189738
15.011357
15.189716
15.01138
15.372871
15.523592
15.372528
14.011574
14.186679
14.187145
13.533311
13.800884
14.012785
14.707109
14.855898
14.707084
14.85592
14.534303
14.383457
14.53403
14.38371
13.534225
13.801132
14.012828
14.187801
14.188029
14.012997
13.762272
23.115638
13.764092
13.276265
13.008748
12.852956
12.596183
12.851845
12.595966
13.768148
13.768141
26.567087
26.573774
20.945465
26.234816
11.870757
26.2328
26.574563
25.329588
24.864835
25.300485
24.902232
20.945421
26.233673
11.86885
26.232975
26.568817
25.254238
24.773996
24.826139
25.19899
22.755629
22.77471
23.070723
23.037665
22.749056
22.764599
21.700893
21.490218
21.266663
21.064007
21.691298
21.467117
21.286449
21.070026
22.14892
21.920736
22.546542
22.334287
22.367002
22.560302
21.912387
22.121437
21.49077
21.702152
21.069866
21.275836
21.287253
21.073163
21.695348
21.476149
20.081422
19.912519
19.719061
19.535414
20.078537
19.905279
19.725518
19.537448
20.447574
20.261113
20.850657
20.639224
20.643954
20.853144
20.260221
20.444274
19.913647
20.084882
19.540671
19.726543
19.726618
19.540639
20.084315
19.913042
19.083471
19.368778
19.222478
19.221623
19.368631
19.08449
16.838344
16.839052
16.37214
16.242664
16.371422
16.243362
16.841868
16.842382
16.374137
16.245865
16.245332
16.374669
15.744294
15.862736
15.743675
15.471199
15.471703
15.863375
15.318308
15.317826
15.132898
14.952165
15.133473
14.951608
15.746135
15.473489
15.865787
15.865254
15.746664
15.134591
14.952721
15.134045
14.953255
15.321105
15.475055
15.474576
15.321579
14.463483
14.308304
14.463126
14.308616
14.6407
14.793513
14.79298
14.641204
13.926701
14.107783
14.108046
13.433881
13.708137
13.927382
14.642207
14.794048
14.794564
14.641714
14.465768
14.311051
14.310685
14.466172
13.433779
13.708286
13.928436
14.110191
14.10987
13.927671
12.734967
12.471385
13.168537
12.893426
12.470279
12.731544
13.643896
22.96689
28.730434
27.778872
13.64162
23.213255
23.044716
13.167646
12.892751
12.726457
12.463889
12.730393
12.465721
28.404244
28.077234
23.062358
13.630191
22.867177
23.240212
23.146417
13.633893
23.078991
25.177693
24.744801
24.398833
25.181624
24.734305
24.38411
26.31581
21.054326
11.998773
26.314858
26.630259
26.628531
25.23499
24.831409
24.473492
24.795007
24.442257
25.275381
23.482695
23.303786
23.304681
23.054339
23.497892
23.343758
23.318747
23.020392
23.033062
22.748487
22.737152
23.906321
23.710381
23.927658
24.287653
24.149743
24.145476
24.099196
24.261149
24.123645
23.725695
23.952118
23.945687
23.312816
23.509614
23.326001
23.056784
23.523089
23.347801
23.338206
23.047263
22.758334
23.036251
22.748476
21.914792
22.128075
22.365111
22.548815
21.921994
22.151034
22.33922
22.538534
21.700661
21.487287
21.301729
21.086112
21.706976
21.502771
21.288227
21.081917
22.129722
21.916691
22.555673
22.363254
22.341743
22.546811
21.922305
22.148011
21.487382
21.701316
21.082949
21.296196
21.288052
21.080521
21.705963
21.497564
20.277548
20.460448
20.663669
20.868014
20.28009
20.46848
20.654601
20.864347
20.102532
19.93118
19.750615
19.562696
20.10482
19.937066
19.745215
19.560939
20.459813
20.275456
20.864551
20.657913
20.65402
20.862638
20.276352
20.462797
19.930492
20.100414
19.559143
19.745419
19.744528
19.558858
20.101101
19.931739
18.760665
18.588037
18.58903
18.432112
18.297666
18.430832
18.761967
18.591622
18.590282
18.428664
18.296508
18.429628
19.105193
19.247043
19.391255
19.109329
19.242665
19.389618
18.944144
18.944181
18.587396
18.758725
18.587098
18.294502
18.427667
18.427635
18.428027
18.294607
18.427711
18.758716
18.587121
18.587054
19.104535
19.387766
19.242207
19.241998
19.387564
19.104602
17.614774
17.47879
17.479598
17.345785
17.213185
17.344864
17.615742
17.481491
17.480535
17.343165
17.212303
17.343956
17.865182
17.735383
17.864809
18.151651
18.002525
18.002584
18.003101
18.151783
18.002741
17.735178
17.864541
17.864628
17.478176
17.612934
17.477765
17.210188
17.34167
17.341858
17.342553
17.210481
17.34213
17.612706
17.47735
17.477515
16.410196
16.283379
16.410954
16.282639
16.872671
17.102219
16.984397
16.872324
16.984652
16.985437
17.10253
16.984982
16.40838
16.280419
16.280829
16.407982
15.371467
15.52274
15.522146
15.372044
15.187614
15.008732
15.009323
15.18701
15.787691
15.520306
15.904682
15.90512
15.787247
15.185926
15.008172
15.186442
15.007661
15.368684
15.518932
15.519335
15.368276
14.01253
14.187459
14.187033
13.533514
13.799814
14.011284
14.703617
14.852807
14.704112
14.852302
14.530645
14.379852
14.53025
14.380232
13.532613
13.799443
14.009759
14.184386
14.184749
14.010853
13.766813
23.166068
13.765953
13.275452
13.008921
12.853113
12.590922
12.853087
12.592068
13.761233
13.762135
26.571775
26.572086
20.956351
26.232578
11.895152
26.235041
26.57445
25.091578
24.721174
25.165812
24.661266
26.573284
20.944841
26.233547
11.869922
26.235714
26.566299
25.288837
24.853108
24.852294
25.28067
22.712447
22.995694
22.712622
22.994686
23.060744
22.768372
22.755315
21.679593
21.473054
21.271835
21.061307
21.678842
21.471197
21.273578
21.0619
22.124748
21.915666
22.563472
22.369069
22.338005
22.551421
21.92422
22.152297
21.478807
21.698594
21.078049
21.293719
21.278434
21.073428
21.706036
21.496776
20.083032
19.914183
19.726247
19.540479
20.082485
19.912549
19.727877
19.54102
20.446951
20.264115
20.858224
20.650916
20.641867
20.854339
20.266388
20.454505
19.915775
20.088226
19.545661
19.733015
19.72927
19.54451
20.090131
19.920211
19.087095
19.373552
19.227496
19.225125
19.372565
19.089179
16.843664
16.376422
16.247211
16.376007
16.247623
16.845205
16.845387
16.377448
16.248748
16.248617
16.377591
15.748404
15.86714
15.748012
15.475497
15.867539
15.322422
15.322017
15.475909
15.136766
14.955686
15.137082
14.955383
15.749264
15.476898
15.868529
15.868432
15.749351
15.137494
14.955923
15.137333
14.95607
15.323613
15.477071
15.477149
15.32353
14.466873
14.311383
14.466541
14.311678
14.644168
14.79691
14.796622
14.644433
13.928629
14.110477
14.110725
13.433055
13.70857
13.928943
14.644742
14.79713
14.797261
14.644632
14.467627
14.312058
14.312239
14.467478
13.431916
13.708407
13.928304
14.11081
14.111038
13.928926
12.724898
12.457092
13.165465
12.886325
12.454239
12.719561
23.112982
13.618517
27.848668
27.878016
13.614039
23.018589
13.163366
12.885041
12.710414
12.439431
12.717549
12.443527
28.132683
28.34058
13.59007
22.909731
22.995518
13.597397
25.338904
24.850725
24.500586
25.282305
24.895829
24.534231
21.053685
26.315141
11.996125
26.316263
26.629566
26.629243
25.198437
24.777516
24.424814
24.762607
24.415582
25.219454
23.55406
23.354702
23.364843
23.06488
23.551131
23.356525
23.364054
23.061527
23.069828
23.070341
22.778652
22.777468
23.935372
23.701899
23.914764
24.244496
24.11816
24.108243
24.128671
24.239069
24.106167
23.69904
23.92136
23.914053
23.33806
23.505036
23.324522
23.030059
23.048596
23.037316
23.500687
23.319545
23.319249
23.031551
22.745186
22.751101
21.932823
22.1497
22.368956
22.57373
21.933869
22.15293
22.365281
22.572375
21.714825
21.49852
21.298663
21.088449
21.715714
21.500535
21.296909
21.087883
22.143794
21.918968
22.544151
22.342021
22.35825
22.549953
21.914252
22.128845
21.494854
21.702924
21.077255
21.284286
21.293747
21.080185
21.69867
21.484085
20.278182
20.462586
20.659254
20.869008
20.278611
20.463877
20.657907
20.868499
20.102455
19.931068
19.745847
19.559936
20.102873
19.932284
19.744645
19.559536
20.460743
20.273572
20.859233
20.649576
20.655818
20.861789
20.271873
20.455311
19.929745
20.098324
19.555363
19.740155
19.743441
19.556422
20.096829
19.926055
18.758388
18.586042
18.586638
18.427664
18.294306
18.427511
18.758761
18.587148
18.587009
18.426569
18.293944
18.427144
19.103608
19.242402
19.388347
19.104747
19.241244
19.387953
18.941615
18.585293
18.75617
18.584521
18.291459
18.42419
18.424525
18.425856
18.292023
18.425127
18.755483
18.58351
18.583877
19.102721
19.384116
19.237857
19.240295
19.385076
19.100483
17.611853
17.476152
17.476604
17.341485
17.209511
17.341238
17.6122
17.477186
17.476951
17.340454
17.209166
17.340893
17.862804
17.732791
17.862223
18.148674
17.999418
17.999666
18.000773
18.1492
18.000158
17.732364
17.861542
17.861765
17.475641
17.610333
17.475153
17.207528
17.339037
17.339166
17.339966
17.20784
17.339506
17.609936
17.474634
17.474785
16.406669
16.279422
16.407019
16.279073
16.869995
17.099592
16.869706
16.981989
16.869755
16.982057
16.982702
17.099879
16.98232
16.405633
16.277921
16.278081
16.405454
15.367555
15.518563
15.367904
15.184008
15.005469
15.005751
15.183716
15.784988
15.517311
15.902287
15.902395
15.784896
15.183327
15.005244
15.183479
15.005105
15.366471
15.517161
15.517068
15.366578
14.009473
14.184062
14.183777
13.531782
13.797878
14.008877
14.701213
14.849935
14.701319
14.849812
14.528813
14.378743
14.528978
14.378558
13.531972
13.797866
14.009182
14.183464
14.183256
14.008799
13.756363
23.160387
13.754597
13.275699
13.008868
12.856899
12.581573
12.854706
12.582399
13.753217
23.038108
13.75203
26.57034
26.566981
20.946345
26.232712
11.871977
26.23481
26.566717
25.28829
24.844345
25.266277
24.86433
26.574273
20.952632
26.238635
11.881069
26.237524
26.575025
25.205253
24.674683
24.764192
25.116623
22.780758
22.777428
23.070891
22.980963
22.699675
22.722472
21.708987
21.486757
21.295568
21.082002
21.713539
21.499042
21.284464
21.078545
22.127088
21.894365
22.502758
22.300756
22.342205
22.521762
21.883844
22.092764
21.477721
21.679577
21.054711
21.259819
21.276704
21.05984
21.670888
21.457756
20.088999
19.915399
19.733143
19.545721
20.090945
19.920431
19.728574
19.54427
20.44394
20.254947
20.83774
20.628301
20.639035
20.842123
20.252042
20.434542
19.912529
20.079786
19.535771
19.719979
19.726014
19.537684
20.077203
19.90587
19.083984
19.364377
19.217251
19.221954
19.366134
19.079599
16.844737
16.376283
16.248058
16.376903
16.24745
16.841488
16.840665
16.373817
16.244275
16.245045
16.373029
15.748088
15.475898
15.867826
15.748648
15.476834
15.867253
15.322904
15.323294
15.476438
15.136287
14.95422
15.135658
14.954841
15.745907
15.474536
15.473813
15.864291
15.865014
15.7452
15.13427
14.953541
15.13497
14.952851
15.319684
15.472544
15.473134
15.319105
14.466785
14.311749
14.467196
14.311316
14.643441
14.795397
14.796009
14.642833
13.927869
14.110457
14.109984
13.427989
13.704481
13.925942
14.641498
14.794729
14.79405
14.642171
14.463649
14.307517
14.308117
14.463064
13.424694
13.703591
13.922933
14.105973
14.106611
13.925169
12.707707
12.424663
13.157769
12.872452
12.41845
12.699038
22.817313
13.566228
2.6440139
14.839696
31.303938
13.558792
13.153476
12.870231
12.686597
12.390315
12.695949
12.397817
4.0850828
14.818308
31.232321
22.872852
13.526685
23.049304
13.534771
25.215722
24.794058
24.437179
25.239085
24.770479
24.41568
26.630134
21.056958
26.31822
11.994358
26.317144
26.629481
26.626384
25.243052
24.881898
24.527664
24.808465
24.459731
25.316371
23.491442
23.3107
23.310284
23.499118
23.319389
23.315511
23.025512
23.023137
23.025982
22.738502
22.73756
23.909451
23.731164
23.947856
24.341127
24.227726
24.196548
24.09907
24.280174
24.143362
23.76992
24.021224
23.993535
23.323289
23.530985
23.347782
23.037397
23.057887
23.563507
23.39139
23.374928
23.079659
22.786693
22.769433
21.910568
22.132777
22.339796
22.537156
21.908518
22.126673
22.344773
22.537389
21.695893
21.489222
21.283011
21.074424
21.693697
21.482561
21.289355
21.076449
22.141202
21.931667
22.58096
22.384262
22.354145
22.566753
21.939275
22.165891
21.495027
21.714477
21.092765
21.30659
21.294441
21.088996
21.720731
21.509273
20.27227
20.459453
20.6489
20.856963
20.270777
20.454775
20.653972
20.85885
20.097377
19.929566
19.739964
19.555037
20.095989
19.925802
19.743507
19.556192
20.462556
20.280201
20.873197
20.665663
20.657448
20.869912
20.28258
20.469971
19.931902
20.104608
19.56377
19.751155
19.74567
19.561966
20.1068
19.937739
18.756514
18.586231
18.58494
18.424233
18.291688
18.42471
18.755568
18.583536
18.584015
18.426866
18.29257
18.425613
19.103396
19.237789
19.383904
19.100443
19.240857
19.385005
18.946554
18.587745
18.76101
18.5893
18.297995
18.432318
18.431208
18.428331
18.296659
18.429835
18.76246
18.59184
18.590711
19.105108
19.392159
19.247377
19.242657
19.390445
19.109636
17.61114
17.477039
17.476008
17.339187
17.208042
17.339647
17.61035
17.474772
17.475233
17.341415
17.208791
17.340408
17.865334
17.737185
17.866666
18.155064
18.006977
18.005923
18.003287
18.153765
18.004657
17.738396
17.868942
17.867904
17.47823
17.614683
17.479464
17.21321
17.345913
17.344922
17.342576
17.212089
17.343781
17.615869
17.481628
17.480627
16.406839
16.278636
16.406143
16.279325
17.105199
16.988552
16.987591
16.98538
17.104097
16.986509
16.875233
16.409801
16.283258
16.282239
16.410833
15.367325
15.36686
15.184788
15.00735
15.00659
15.185557
15.789041
15.520216
15.90745
15.906478
15.789997
15.187333
15.008203
15.186422
15.009102
15.371467
15.522959
15.522084
15.372336
14.009571
14.183816
14.184315
13.534568
13.800996
14.011532
14.705218
14.852925
14.704342
14.853814
14.533686
14.384303
14.534517
14.383472
13.537392
13.801885
14.015022
14.189099
14.188262
14.01238
13.787295
23.006323
13.80503
23.301558
13.281974
13.015777
12.867943
12.59403
12.861925
12.593702
13.797021
23.355095
13.80689
26.574149
26.571357
26.237419
20.950417
11.880852
26.237485
26.573748
25.25619
24.705548
25.140701
24.821833
26.574069
20.952011
26.236734
11.882812
26.237529
26.569129
26.573364
25.241376
24.743407
24.816943
25.166335
22.713051
22.738712
23.030172
23.031311
22.743978
22.757401
21.681667
21.474745
21.260172
21.054406
21.673741
21.458508
21.272749
21.058057
22.134429
21.911783
22.541914
22.333436
22.35254
22.552331
21.907816
22.120634
21.478356
21.69333
21.06524
21.274122
21.27587
21.065565
21.690679
21.474677
20.076235
19.90727
19.719317
19.53375
20.075241
19.905221
19.720921
19.534234
20.44019
20.255694
20.846171
20.63709
20.635662
20.846091
20.256382
20.442105
19.908431
20.079941
19.537698
19.724473
19.721956
19.536877
20.080707
19.910927
19.080346
19.365984
19.220555
19.21819
19.365175
19.08263
16.839506
16.83923
16.371453
16.242837
16.371576
16.242706
16.839777
16.840549
16.840148
16.37189
16.243395
16.243104
16.372194
15.743623
15.471493
15.471556
15.862872
15.743796
15.862707
15.318313
15.472076
15.318643
15.471746
15.131989
14.950452
15.131889
14.950564
15.743816
15.471537
15.471664
15.863175
15.862944
15.744031
15.131967
14.950437
15.131889
14.9505
15.31835
15.472068
15.471848
15.31855
14.462183
14.307005
14.46257
14.306596
14.639187
14.791642
14.791767
14.639043
13.922316
14.105419
14.104963
13.419961
13.698631
13.92106
14.639017
14.791614
14.791661
14.638993
14.46169
14.306011
14.305959
14.46177
13.418219
13.698274
13.920528
14.104052
14.104056
13.92083
12.683642
12.365046
13.147072
12.855603
12.355835
12.675515
22.996607
13.505745
23.152108
27.974911
27.883004
13.501428
13.144307
12.853911
12.66583
12.31815
12.672974
12.327713
28.970272
28.434663
23.250417
13.498409
23.316648
13.494237
23.249797
25.216554
24.869583
24.513539
25.307605
24.778575
24.429617
26.627499
21.054691
26.317564
11.991758
26.314818
26.629874
26.625445
25.238198
24.852219
24.49066
24.792558
24.436687
25.299039
23.514188
23.311574
23.333655
23.552155
23.387797
23.364699
23.028942
23.046542
23.070885
22.779452
22.760656
23.88621
23.70562
23.921802
24.302327
24.167113
24.157979
24.071672
24.254764
24.117239
23.734212
23.968004
23.956142
23.309496
23.506386
23.324492
23.051716
23.02615
23.529932
23.356877
23.34378
22.76226
23.036579
22.750562
21.930112
22.141139
22.382455
22.575048
21.937148
22.164546
22.352412
22.55998
21.714206
21.498521
21.306575
21.093622
21.719577
21.50901
21.298694
21.091326
22.138383
21.92345
22.559705
22.368103
22.34937
22.550314
21.927906
22.153058
21.496864
21.708676
21.090299
21.302871
21.297373
21.088628
21.712127
21.503834
20.283953
20.468361
20.666126
20.87447
20.284589
20.470526
20.663037
20.872767
20.108506
19.937965
19.751892
19.566104
20.108937
19.93845
19.751741
19.566058
20.467966
20.28337
20.872115
20.665467
20.662472
20.870763
20.284201
20.470533
19.937905
20.108224
19.566947
19.753485
19.751752
19.566363
20.108966
19.939768
18.765061
18.593536
18.593354
18.433105
18.300382
18.433596
18.764834
18.592625
18.593095
18.43409
18.300695
18.433883
19.111033
19.248151
19.39452
19.110414
19.248636
19.394553
18.951253
18.593759
18.765758
18.594086
18.301878
18.435479
18.435054
18.434325
18.301491
18.434649
18.766205
18.594966
18.594512
19.111204
19.395533
19.25025
19.248779
19.39498
19.112608
17.618664
17.483772
17.48344
17.346708
17.215601
17.347309
17.618252
17.482422
17.483012
17.348098
17.216061
17.347753
17.871215
17.74205
17.871518
18.15897
18.010188
18.009845
18.009189
18.158602
18.009496
17.742367
17.87217
17.871851
17.484066
17.619563
17.484358
17.217278
17.349198
17.348963
17.348399
17.217014
17.348687
17.619866
17.4849
17.484647
16.413771
16.285669
16.413243
16.286208
16.879131
17.109284
16.991865
16.991683
16.991162
17.10903
16.991442
16.87937
16.414803
16.287469
16.287261
16.415012
15.373802
15.524422
15.373121
15.19111
15.013326
15.01286
15.191571
15.793985
15.526098
15.911635
15.911444
15.794174
15.192205
15.013694
15.191934
15.01397
15.375696
15.526397
15.526292
15.3758
14.015825
14.189873
14.190564
13.541866
13.80756
14.017734
14.710084
14.85841
14.709798
14.858692
14.537881
14.387867
14.537986
14.387746
13.543563
13.808061
14.018996
14.192727
14.192601
14.018186
13.77639
13.777242
23.041725
13.289099
13.025555
12.878011
12.626821
12.874939
12.622767
23.219791
13.790023
13.787251
26.570143
26.235342
20.946887
11.877058
26.234577
26.573432
25.213236
24.756478
25.194678
24.768342
20.952316
26.236272
11.882726
26.234086
26.571967
26.571146
25.224063
24.90932
24.800059
25.340817
22.721667
22.723181
23.008695
23.070523
22.776215
23.049807
22.760146
21.684195
21.477729
21.272512
21.063258
21.682304
21.472283
21.277774
21.064954
22.130434
21.920818
22.569963
22.373853
22.343602
22.556698
21.928627
22.156201
21.483632
21.703419
21.08084
21.295919
21.282812
21.076991
21.71002
21.499332
20.084134
19.915431
19.725237
19.54019
20.082782
19.911632
19.728809
19.541323
20.44947
20.265933
20.860592
20.651981
20.644824
20.857436
20.267571
20.455197
19.917116
20.089652
19.545481
19.732351
19.730267
19.544901
20.090941
19.919858
19.087024
19.373092
19.226046
19.225264
19.372665
19.087543
16.841714
16.840961
16.841358
16.373483
16.244362
16.373199
16.244636
16.842206
16.84185
16.842094
16.373803
16.244823
16.244946
16.37367
15.744986
15.472856
15.472714
15.863967
15.744779
15.864187
15.318965
15.472299
15.318763
15.472522
15.132736
14.951298
15.132819
14.951217
15.745185
15.47293
15.864274
15.864396
15.745073
15.132777
14.951319
15.132836
14.95127
15.31919
15.472704
15.472845
15.31903
14.461954
14.30608
14.461864
14.306147
14.639553
14.792383
14.79231
14.639608
13.920498
14.104065
14.104078
13.416334
13.696984
13.920379
14.639544
14.792398
14.792348
14.639607
14.4618
14.305748
14.305935
14.461612
13.415076
13.696782
13.919763
14.103416
14.103636
13.920283
12.663738
12.287904
13.141056
12.842617
12.270609
12.667643
13.504738
21.494853
28.439202
28.199408
13.551234
23.385076
23.327194
13.139589
12.840377
12.653719
12.230381
12.671596
12.202386
28.447255
28.467483
23.35745
13.687933
23.394659
13.913688
17.317945
23.400244
25.261703
24.840778
24.489564
25.275159
24.832508
24.485633
26.629442
21.054946
26.318006
11.991878
26.317161
26.627474
26.626738
25.266711
24.759209
24.415017
24.825279
24.47018
25.19219
23.550387
23.363576
23.365143
23.548931
23.362405
23.364277
23.072774
23.072473
22.782241
22.78217
23.97223
23.728431
23.947886
24.24073
24.105919
24.109463
24.175288
24.286798
24.146577
23.70664
23.917436
23.918965
23.355832
23.526303
23.342036
23.046904
23.044291
23.06262
23.510391
23.33305
23.330651
22.758945
23.051907
22.76393
21.940255
22.158189
22.373983
22.578276
21.940267
22.158282
22.373561
22.578066
21.722601
21.507792
21.305499
21.096162
21.722497
21.507013
21.306413
21.096462
22.154001
21.931549
22.558584
22.362057
22.36847
22.562193
21.92989
22.148789
21.505673
21.715689
21.091793
21.301266
21.304735
21.092951
21.714254
21.501995
20.28738
20.472596
20.66696
20.87697
20.287137
20.471792
20.667853
20.877278
20.111725
19.941066
19.754214
19.568748
20.111516
19.940587
19.754587
19.568853
20.471792
20.285388
20.873253
20.663804
20.666928
20.874372
20.284339
20.468731
19.940427
20.109851
19.566094
19.751022
19.753967
19.567107
20.108814
19.937463
18.767326
18.595169
18.595504
18.435829
18.302751
18.436007
18.767348
18.595347
18.595552
18.435598
18.302669
18.435941
19.113142
19.250795
19.397168
19.113108
19.250902
19.397243
18.95125
18.59456
18.765587
18.59373
18.299987
18.432262
18.433224
18.43499
18.300912
18.434171
18.764623
18.591775
18.592766
19.11254
19.394498
19.247399
19.250299
19.395505
19.109664
17.620209
17.484539
17.484915
17.349341
17.2176
17.349342
17.620367
17.485065
17.485085
17.348783
17.217408
17.349161
17.871401
17.741088
17.870638
18.157007
18.006944
18.007811
18.009474
18.15791
18.008692
17.740264
17.868958
17.869786
17.483972
17.618533
17.483266
17.215123
17.346141
17.346813
17.348227
17.215821
17.347543
17.617739
17.481792
17.482504
16.414837
16.287522
16.415074
16.28729
16.877941
17.107152
16.988976
16.989534
16.990788
17.107815
16.99017
16.877359
16.413443
16.285461
16.285959
16.412913
15.375712
15.526404
15.526309
15.375807
15.192132
15.013673
15.013945
15.191838
15.792795
15.52549
15.909759
15.910187
15.792398
15.191122
15.013352
15.191489
15.013018
15.374234
15.52458
15.524809
15.374001
14.01909
14.192761
14.192707
13.544498
13.809068
14.018917
14.709318
14.858166
14.709613
14.857855
14.53672
14.386639
14.536538
14.386792
13.544198
13.808934
14.018381
14.191529
14.191682
14.01876
13.799029
23.435181
13.801986
13.290648
13.030471
12.883257
12.647942
12.881668
12.646432
23.402262
13.818821
13.814657
20.957625
26.234141
11.896478
26.235081
26.571906
25.179869
24.809996
25.229975
24.767102
20.944112
26.240795
11.851898
26.236154
26.565114
26.31803
25.338856
24.690483
24.903282
25.125917
22.780237
22.777069
22.68221
22.727592
21.709292
21.484802
21.296818
21.081863
21.714683
21.500651
21.28187
21.077143
22.126525
21.887186
22.484398
22.265909
22.344426
22.520966
21.868738
22.06146
21.473324
21.671887
21.044304
21.240107
21.271884
21.052707
21.656845
21.435518
20.085898
19.911403
19.731556
19.542966
20.088893
19.919126
19.724611
19.540756
20.439093
20.249657
20.828374
20.614389
20.634077
20.835404
20.245521
20.422265
19.908191
20.074927
19.53159
19.711771
19.721908
19.533972
20.071404
19.896991
19.080578
19.36063
19.211873
19.218356
19.362735
19.075384
16.840878
16.841517
16.841166
16.37255
16.244019
16.372799
16.243796
16.840866
16.840987
16.372425
16.243289
16.243689
16.372003
15.744274
15.472288
15.472285
15.863577
15.744437
15.863394
15.318656
15.472535
15.318839
15.47238
15.13187
14.950447
15.131802
14.950489
15.744127
15.472392
15.862845
15.863265
15.743785
15.47266
15.1318
14.950474
15.131815
14.950475
15.318293
15.472418
15.316664
14.461199
14.305541
14.461402
14.30534
14.638718
14.791518
14.791573
14.638636
13.919542
14.103178
14.102948
13.41275
13.694727
13.919074
14.638538
14.791518
14.791491
14.638602
14.460321
14.303576
14.304513
14.458725
13.411764
13.694597
13.919627
14.104149
14.102488
13.919075
12.649911
12.257586
13.13608
12.83564
12.257653
12.646006
13.455209
21.638373
28.698159
28.99532
13.446245
23.37321
23.439833
13.135042
12.83478
12.644681
12.24971
12.645452
12.253718
28.0129
28.445044
13.407709
13.41884
21.990948
23.235018
25.402351
24.914593
24.554487
25.351864
24.957853
24.58905
26.617736
21.061674
26.315376
11.98254
26.310302
26.650206
26.640193
25.129804
24.795699
24.426858
24.709653
24.373353
25.245457
23.570813
23.360962
23.376688
23.074181
23.563744
23.351158
23.371766
22.779765
23.077635
22.782147
23.920792
23.695582
23.901125
24.242485
24.105784
24.109148
24.107336
24.205706
24.083186
23.70484
23.915092
23.917757
23.338974
23.504631
23.328282
23.027819
23.053049
23.508595
23.322073
23.328881
23.043338
22.753651
23.045175
22.759643
21.934358
22.153758
22.366531
22.57355
21.93383
22.15171
22.369563
22.57528
21.716481
21.502313
21.301222
21.090549
21.716219
21.50237
21.30069
21.090273
22.150553
21.928314
22.552202
22.346013
22.364898
22.558329
21.924199
22.132977
21.501238
21.71211
21.08674
21.289683
21.299941
21.088697
21.708558
21.489242
20.281152
20.46642
20.663108
20.871472
20.28172
20.467928
20.661742
20.871083
20.105475
19.934894
19.750036
19.563211
20.106061
19.936496
19.748513
19.562678
20.466388
20.28115
20.868417
20.654942
20.661587
20.870015
20.28042
20.460741
19.935157
20.105737
19.563194
19.74517
19.748864
19.563557
20.105172
19.93128
18.761781
18.590266
18.590011
18.431415
18.297721
18.430833
18.762059
18.590888
18.590251
18.430969
18.297597
18.430655
19.107585
19.24641
19.39163
19.108691
19.245177
19.391136
18.949076
18.590969
18.763684
18.591751
18.299529
18.429769
18.432456
18.431706
18.299518
18.432489
18.763837
18.588749
18.59163
19.108098
19.391862
19.243784
19.245666
19.392163
19.10708
17.616183
17.481628
17.481116
17.345644
17.213859
17.34543
17.6161
17.481251
17.480997
17.3461
17.214034
17.345578
17.869155
17.740581
17.869941
18.156851
18.005418
18.007732
18.006959
18.156795
18.007736
17.740666
17.867886
17.869989
17.482419
17.618236
17.48318
17.216109
17.345969
17.347665
17.34688
17.21605
17.347605
17.618358
17.48149
17.483281
16.412453
16.284822
16.412184
16.285103
16.879056
17.108395
16.990876
16.991141
16.989982
17.108169
16.990693
16.879774
16.414436
16.287146
16.28703
16.41455
15.373992
15.524502
15.524617
15.373906
15.190726
15.013217
15.012776
15.191155
15.793878
15.526145
15.911279
15.911247
15.793967
15.192159
15.013752
15.191694
15.014216
15.375974
15.527274
15.527327
15.374546
14.018393
14.191474
14.19154
13.544089
13.809033
14.019125
14.710288
14.858557
14.709923
14.858976
14.537672
14.387037
14.387814
14.536253
13.544711
13.809375
14.02086
14.194766
14.193044
14.019577
13.831584
23.449948
13.836926
13.29173
13.032084
12.8877
12.643282
12.886519
12.647552
23.107331
13.843749
13.849066
)
;
    }
}


// ************************************************************************* //
