/*--------------------------------*- C++ -*----------------------------------*\
| =========                 |                                                 |
| \\      /  F ield         | OpenFOAM: The Open Source CFD Toolbox           |
|  \\    /   O peration     | Version:  2412                                  |
|   \\  /    A nd           | Website:  www.openfoam.com                      |
|    \\/     M anipulation  |                                                 |
\*---------------------------------------------------------------------------*/
FoamFile
{
    version     2.0;
    format      ascii;
    arch        "LSB;label=32;scalar=64";
    class       volScalarField;
    location    "700";
    object      yPlus;
}
// * * * * * * * * * * * * * * * * * * * * * * * * * * * * * * * * * * * * * //

dimensions      [0 0 0 0 0 0 0];

internalField   uniform 0;

boundaryField
{
    inlet
    {
        type            calculated;
        value           uniform 0;
    }
    outlet
    {
        type            calculated;
        value           uniform 0;
    }
    topandbottom
    {
        type            calculated;
        value           uniform 0;
    }
    front
    {
        type            symmetryPlane;
    }
    back
    {
        type            symmetryPlane;
    }
    airfoil
    {
        type            calculated;
        value           nonuniform List<scalar> 
12960
(
47.00808
44.264628
52.467908
44.464168
44.26921
43.907086
39.416016
44.04157
39.580813
43.593256
44.155585
44.013286
52.591316
52.353891
43.777729
51.032695
42.540526
40.287025
44.177694
52.75126
44.055369
38.851903
44.205665
44.224185
39.458803
44.067012
44.73809
44.121388
52.718564
44.18343
47.183377
47.246355
42.728484
39.134973
42.614838
51.192428
38.528244
39.021546
43.765777
52.408635
52.225937
43.135819
52.382801
43.975368
39.610526
44.918144
38.768379
44.100965
44.231794
39.452593
51.556923
41.308739
36.349766
38.994051
44.353268
38.840414
38.594597
52.542715
44.331772
43.142866
52.410884
52.489296
43.589375
52.84299
38.83882
38.308376
38.5098
43.023247
43.618855
37.08359
43.142418
44.135692
39.634733
43.335188
43.499304
44.655716
53.126321
44.245757
52.791345
45.152979
44.393481
44.240435
39.410514
39.417964
44.161776
39.489642
44.130006
39.630224
45.641811
44.992983
38.936944
43.770511
52.92213
44.524454
38.585155
43.598201
53.027661
44.327902
43.902426
44.447576
38.812807
44.156746
45.513173
53.544084
48.525661
48.119179
45.267169
40.7181
52.465772
44.061272
38.775002
38.623079
40.054437
45.224393
38.978706
44.406972
53.195207
43.640026
52.788466
43.057941
43.199735
53.071404
39.867019
44.406996
48.564303
54.222035
53.393092
42.620516
52.350681
52.641864
39.13053
47.875205
43.715393
45.215204
39.004749
39.948836
45.121613
38.805137
52.753909
45.480903
45.20843
39.386588
48.123009
53.964757
45.124171
3.4560921
23.779295
23.910145
24.373728
23.498423
18.913368
18.906982
17.70249
18.114862
18.119968
17.698262
17.063984
17.066894
25.989272
25.98639
16.739569
16.739121
15.655301
16.049572
16.049547
15.658123
23.764242
24.235455
23.689422
24.334952
18.931772
18.92557
17.715922
18.129284
17.710625
18.134933
17.073696
17.078469
26.01377
26.0404
16.731746
16.734064
15.647365
16.043926
15.649748
16.041548
23.635852
24.306599
23.734193
24.138056
18.928001
18.93144
17.714413
18.135603
17.716955
18.132775
17.079952
17.077786
26.090361
25.992389
16.730466
16.730126
15.646203
16.039952
15.645786
16.040352
23.642063
24.370024
23.78134
24.169522
18.916507
18.921183
17.705281
18.126631
17.708637
18.122907
17.07247
17.069545
26.053125
25.990514
16.734518
16.732702
15.649869
16.04263
15.648444
16.044201
23.778496
24.240674
23.689793
24.360593
18.92171
18.917559
17.708539
18.123523
17.705738
18.126694
17.069812
17.072181
26.004856
26.016828
16.731214
16.733508
15.647163
16.043321
15.649064
16.041274
23.662219
24.235755
23.676158
24.189364
18.92551
18.923981
17.712515
18.129294
17.711166
18.130709
17.074845
17.076121
26.046746
25.992563
16.728146
16.729181
15.643839
16.039018
15.644845
16.037989
23.756277
24.311452
23.752383
24.3356
18.924929
18.92806
17.711448
18.13223
17.713703
18.12973
17.076917
17.074938
25.991576
26.024009
16.729464
16.727381
15.645545
16.037593
15.643636
16.039569
23.762584
24.128064
23.613134
24.364132
18.91913
18.918589
17.706942
18.124711
17.706935
18.124859
17.070985
17.070787
25.956217
26.064388
16.735993
16.734418
15.651692
16.04423
15.650012
16.045892
23.677424
24.228975
23.678146
24.221158
18.925297
18.922732
17.710872
18.127662
17.709363
18.129487
17.072673
17.073801
26.026508
26.017738
16.736419
16.737067
15.651903
16.046827
15.652574
16.046141
23.758688
24.361817
23.772727
24.319221
18.921409
18.925543
17.708391
18.128935
17.710206
18.126477
17.073187
17.072104
26.051116
26.004307
16.734758
16.73401
15.651092
16.044233
15.650276
16.045056
24.027539
24.56394
26.028745
25.536232
25.630778
25.038832
24.359176
24.586122
26.076047
25.917409
25.686103
25.444609
23.562218
23.329288
23.783996
24.188811
24.387577
23.66788
23.568389
23.476236
18.727879
18.257677
18.263031
18.720666
18.915
18.92277
18.729326
18.270418
18.264198
18.736616
17.579583
17.171821
17.175494
17.575688
17.703392
18.126925
18.12104
17.708499
17.580443
17.180629
17.176263
17.58534
16.691994
16.688413
16.52516
16.113651
16.116939
16.521837
17.071879
17.067653
16.692647
16.69654
16.525849
16.121248
16.117604
16.529767
15.596419
15.992619
15.995631
15.596333
15.597081
15.999856
15.996293
15.600457
25.523556
25.522286
25.988754
26.098057
25.53233
25.69468
18.953046
18.950907
18.952243
18.950825
16.573933
16.169262
16.169478
16.573746
16.738315
16.734984
16.572714
16.164826
16.168269
16.569404
15.654165
16.044903
16.048354
15.650737
24.415156
24.51963
26.006276
25.974439
25.589644
25.522061
24.50473
24.503166
25.994052
26.004162
25.569499
25.584314
23.557274
23.491652
23.760083
24.319877
24.32161
23.751791
23.555953
23.545737
18.745396
18.272866
18.739315
18.27864
18.932755
18.932364
18.746391
18.279835
18.279663
18.746176
17.592584
17.182502
17.587397
17.187381
17.716946
18.136231
18.135958
17.717464
17.593607
17.189178
17.188399
17.594193
16.702739
16.698224
16.536007
16.12282
16.531455
16.127124
17.080307
17.079481
16.703737
16.704698
16.537032
16.129274
16.128122
16.538101
15.605914
16.00139
15.601899
16.005605
15.606883
16.007766
16.006592
15.608151
25.552203
25.610585
26.022571
26.010991
25.56799
25.548237
18.946987
18.950153
16.566217
16.163858
16.568491
16.161494
16.731159
16.73019
16.565649
16.159967
16.160916
16.564731
15.646792
16.040015
16.040968
15.645849
24.494689
24.302514
25.891288
26.019551
25.400663
25.598635
24.56417
24.358943
25.940602
26.024562
25.469479
25.624299
23.448054
23.527966
23.661208
24.374702
24.185969
23.787163
23.468386
23.5749
18.742034
18.27916
18.74533
18.276221
18.926818
18.922793
18.740864
18.27135
18.27511
18.736901
17.591259
17.188797
17.593718
17.186565
17.713388
18.128005
18.131687
17.709908
17.590251
17.182333
17.185606
17.586828
16.702415
16.704413
16.535944
16.129085
16.537854
16.127335
17.073615
17.076842
16.701506
16.698384
16.535055
16.123535
16.126487
16.53198
15.606551
16.007596
15.608044
16.005907
15.605777
16.002176
16.005076
15.603043
1.6577874
25.672071
25.525181
26.050475
26.002629
25.618683
25.527361
16.565069
16.159907
16.564681
16.160305
16.730727
16.732069
16.56535
16.161994
16.160602
16.566733
15.646514
16.042041
16.040653
15.647888
24.560746
24.344063
25.935058
26.033245
25.461977
25.631068
24.341951
24.308825
25.939074
25.934511
25.456194
25.460993
23.448212
23.569573
23.609915
24.167396
24.133129
23.64042
23.418563
23.446645
18.730938
18.269934
18.735349
18.266059
18.915569
18.916306
18.730062
18.265793
18.265304
18.730717
17.58233
17.181166
17.585587
17.178166
17.704636
18.12263
18.122185
17.704974
17.581706
17.177829
17.177596
17.582015
16.694543
16.697291
16.52821
16.122511
16.530905
16.119975
17.069201
17.06899
16.694023
16.694165
16.5277
16.119573
16.119495
16.527832
15.599791
16.001173
15.602101
15.998696
15.599351
15.998287
15.998226
15.599362
25.619648
25.513027
26.054402
26.05358
25.631653
25.620224
16.56915
16.162595
16.567366
16.16422
16.73483
16.73418
16.569454
16.163905
16.164485
16.568825
15.650092
16.043893
16.044454
15.649579
24.422249
24.548234
26.018727
25.97908
25.611962
25.531154
24.425218
24.524164
26.016753
25.975979
25.600192
25.531159
23.568215
23.489563
23.762885
24.244181
24.337734
23.693393
23.555618
23.492985
18.735743
18.266741
18.731867
18.270066
18.922648
18.923788
18.736654
18.272327
18.270914
18.737903
17.585444
17.178466
17.582744
17.180909
17.709312
18.12896
18.127521
17.7108
17.586202
17.183171
17.181631
17.587703
16.696882
16.694707
16.530495
16.120044
16.528359
16.122019
17.07444
17.072891
16.697565
16.699147
16.531175
16.124286
16.122674
16.532775
15.601516
15.998739
15.59976
16.000656
15.602129
16.002908
16.001301
15.603717
25.53313
25.562522
26.001695
26.028979
25.537214
25.580676
18.945044
18.948955
16.56592
16.163314
16.568172
16.161213
16.730605
16.72946
16.565309
16.159318
16.160608
16.56412
15.646576
16.039361
16.040674
15.645209
24.423569
24.363689
25.943091
26.015756
25.474579
25.570918
24.49568
24.446895
26.008431
25.993284
25.569539
25.567041
23.468423
23.47583
23.701335
24.313774
24.261102
23.752008
23.499775
23.54783
18.739651
18.272646
18.738144
18.274087
18.926333
18.928159
18.740407
18.275916
18.274715
18.742012
17.589409
17.18357
17.588078
17.184859
17.713028
18.132401
18.131303
17.71389
17.589901
17.185925
17.185293
17.590699
16.700823
16.699574
16.534456
16.124732
16.53321
16.125946
17.077124
17.076539
16.7012
16.701659
16.534822
16.1266
16.126278
16.535245
15.605315
16.003355
15.604164
16.004554
15.605601
16.005165
16.004874
15.605801
25.609145
25.541213
25.994532
26.021531
25.535591
25.566277
18.942489
16.562783
16.158985
16.563825
16.157949
16.727757
16.727175
16.562406
16.157243
16.157617
16.561874
15.643563
16.037346
16.037672
15.64337
24.492243
24.524533
26.025412
25.990524
25.612073
25.561653
24.290028
24.492639
26.026485
25.928429
25.603414
25.436226
23.54764
23.549238
23.728196
24.117845
24.303007
23.604815
23.521689
23.416577
18.738933
18.275752
18.741889
18.27315
18.923287
18.919196
18.737401
18.268475
18.271835
18.733552
17.588317
17.185721
17.590507
17.183695
17.710338
18.125256
18.128476
17.707451
17.587246
17.180142
17.182721
17.584449
16.699585
16.701443
16.533179
16.12637
16.535022
16.124623
17.071477
17.073992
16.698712
16.696362
16.532316
16.121611
16.123817
16.529981
15.603941
16.004933
15.605564
16.003221
15.603207
16.000276
16.002436
15.601161
25.518091
25.57155
25.983553
26.064197
25.511633
25.648301
18.943253
18.940411
18.944883
18.949228
16.564156
16.157483
16.562089
16.159485
16.730509
16.733611
16.565186
16.163414
16.160462
16.568255
15.64645
16.04343
16.040525
15.649226
24.300473
24.561833
26.06729
25.929206
25.668655
25.439925
24.405399
24.558456
26.060789
25.979386
25.658984
25.524013
23.548861
23.424238
23.765723
24.224972
24.362679
23.680883
23.553189
23.483694
18.73339
18.267917
18.73296
18.268121
18.919781
18.921967
18.733988
18.270416
18.268603
18.736074
17.583904
17.179647
17.583939
17.179485
17.70731
18.127036
18.125309
17.708813
17.584248
17.181004
17.179761
17.585683
16.695584
16.69588
16.529134
16.121128
16.529491
16.120679
17.07223
17.071044
16.695787
16.696815
16.529309
16.121587
16.120804
16.530245
15.600104
15.999796
15.600684
15.999319
15.600154
16.000155
15.999426
15.600696
25.470009
25.648032
25.963318
26.026724
25.480762
25.587793
18.950727
16.570648
16.164219
16.569061
16.16587
16.736328
16.737004
16.570981
16.166807
16.166218
16.571605
15.652047
16.04682
16.046242
15.652586
24.41204
24.401768
25.979951
25.988787
25.524133
25.538857
24.595039
24.394936
25.93529
26.069476
25.475681
25.681032
23.480413
23.478957
23.690657
24.39762
24.222143
23.790308
23.494775
23.575117
18.739201
18.271071
18.736814
18.273022
18.926057
18.926371
18.739868
18.273272
18.273495
18.739986
17.587633
17.181466
17.58621
17.182655
17.711179
18.12962
18.129909
17.710783
17.587911
17.18245
17.182861
17.587502
16.698171
16.697206
16.53146
16.121897
16.530603
16.12263
17.073596
17.073991
16.698322
16.697969
16.531577
16.12236
16.122724
16.53115
15.60145
16.000447
15.600926
16.001135
15.6015
16.000873
16.001222
15.601151
8.1351741
11.431412
25.588589
25.574342
26.061863
25.974097
25.628156
25.501805
18.952676
18.952706
18.95208
18.949261
16.570925
16.166821
16.571641
16.166124
16.73593
16.734317
16.570423
16.164315
16.165675
16.568802
15.651512
16.044429
16.045709
15.650417
24.553939
24.501388
25.997588
26.041745
25.574347
25.637025
24.001768
24.578441
26.068549
25.46546
25.673691
24.967862
23.553257
23.563174
23.7791
23.892825
24.383417
23.498983
23.56105
23.333217
18.735489
18.272549
18.73918
18.269808
18.920247
18.914247
18.734551
18.264512
18.269215
18.727822
17.585319
17.182009
17.58696
17.180814
17.708094
18.121568
18.125988
17.704627
17.585069
17.177837
17.180671
17.581957
16.696835
16.697636
16.529982
16.12208
16.530805
16.121478
17.069919
17.071975
16.696828
16.69415
16.529947
16.11914
16.121474
16.527546
15.600484
16.000611
15.600926
16.000062
15.600481
15.998007
16.000061
15.601368
25.621593
25.553828
25.954711
26.014444
25.485086
25.562317
18.947424
18.948327
16.569191
16.164094
16.568492
16.164905
16.735537
16.734487
16.569919
16.164658
16.165588
16.569095
15.651675
16.045007
16.045716
15.653713
21.030525
13.003526
21.057416
13.000554
21.053981
13.001172
13.006963
13.009413
21.057426
13.008472
13.01201
13.022128
21.055133
13.029381
21.058617
13.031469
20.93927
20.958447
13.708112
13.711743
12.904892
26.422161
27.364182
12.909105
28.253755
27.904295
21.051848
13.805225
13.801905
13.001803
20.954059
20.945539
13.715005
13.718319
12.911896
28.813465
28.222162
12.91392
28.007535
28.473092
13.799452
13.796988
13.000141
20.945
20.945348
13.717854
13.714046
12.912711
28.445066
2.5702112
30.283781
12.906885
28.090396
28.715367
13.796873
13.798569
13.004591
20.955321
13.711173
13.708124
12.902693
27.455925
28.41512
12.897003
28.236156
28.508991
13.800087
13.801243
13.009373
13.7079
13.708544
12.894723
27.631055
28.256609
12.891263
28.564368
27.596797
13.800555
13.798787
13.008643
13.708697
13.707811
12.888563
28.266639
27.933716
12.88211
28.169598
27.836562
13.7981
13.798128
13.009668
20.94558
13.706104
13.701818
12.876693
28.722343
28.146212
12.865757
28.428803
27.950033
13.799472
13.803745
13.018241
20.951127
13.69962
13.697769
12.859374
27.75872
27.030817
12.850912
27.116497
27.220732
13.806274
13.808779
13.027385
20.946956
20.944156
13.697296
13.696237
12.84687
26.611863
27.305711
12.839301
8.2916242
30.309178
13.178968
21.057207
13.809184
13.808642
13.030879
20.946403
20.938926
13.695233
13.693961
12.837632
27.364076
26.264147
12.833075
25.492036
25.663247
13.808589
13.809474
13.031737
24.012762
23.71584
23.943172
24.133122
23.827735
24.003365
24.22336
24.293101
24.148225
23.606569
23.6776
23.815568
22.10047
22.285891
22.315474
22.077332
20.425597
20.614459
20.619566
20.421321
19.072011
18.91243
19.207644
19.209365
19.070632
18.91172
17.832338
17.701821
17.831638
18.118086
17.965777
17.968693
17.970582
18.119201
17.969824
17.700849
17.827912
17.830596
17.065604
16.946917
16.947649
16.948638
17.066304
16.948104
26.621931
25.985475
21.051225
26.050544
16.882187
16.740685
16.883406
16.741116
16.882988
15.797074
15.656205
16.050843
15.914511
15.914468
16.050523
15.656845
15.797655
14.540104
14.388674
14.389348
14.539378
12.842696
13.003608
12.842907
23.75703
23.988216
23.983722
24.098962
24.304162
24.157558
23.72907
23.904459
23.953225
24.191108
24.33767
24.189953
22.147606
22.352823
22.139096
22.363174
20.457247
20.650257
20.454361
20.65336
19.091391
18.9302
19.227651
19.089225
18.928098
19.229871
17.714473
17.846225
17.844758
17.979479
18.131506
17.981642
17.712669
17.840817
17.842916
17.985014
18.133428
17.983525
16.955239
17.075486
16.95699
16.959933
17.077113
16.95859
26.629284
25.995632
25.993912
16.732439
16.874346
16.733216
15.648055
15.789084
15.908868
16.043039
15.648853
15.791486
15.906486
16.042243
14.532791
14.381547
14.382217
14.53212
12.840202
13.000283
12.839944
23.653538
23.838253
23.86157
24.161248
24.254784
24.113585
23.696614
23.95792
23.915157
24.01782
24.176222
24.047988
22.117884
22.337857
22.125666
22.327996
20.449681
20.646523
20.451675
20.644306
19.090016
18.929177
19.229363
19.091236
18.930342
19.228088
17.71537
17.844516
17.845496
17.985824
18.134769
17.985031
17.716233
17.847146
17.84639
17.983102
18.133809
17.984107
16.961517
17.079378
16.960971
16.959426
17.07864
16.96026
26.629724
26.049746
21.047428
26.627864
25.995013
16.730278
16.873033
16.730161
16.872709
15.645973
15.787869
15.904891
16.039995
15.645831
15.78747
15.905297
16.040132
14.530717
14.380359
14.380131
14.530945
12.841843
13.001715
12.842637
23.6932
23.851695
23.910273
24.219629
24.325597
24.177713
23.746547
24.01066
23.972053
24.039712
24.244845
24.106573
22.116228
22.350578
22.13318
22.330311
20.435824
20.635361
20.439877
20.630613
19.078305
18.91788
19.217878
19.08004
18.919499
19.21602
17.706229
17.835163
17.836145
17.977094
18.125252
17.975761
17.707382
17.838629
17.837337
17.973507
18.12397
17.974527
16.954198
17.071362
16.953114
16.951345
17.07036
16.952138
26.630081
26.017034
26.629153
21.052522
26.629468
25.98412
16.734004
16.87712
16.876585
16.733371
16.875245
15.649487
15.791574
15.907565
16.043226
15.648993
15.790109
15.909084
16.043771
14.533907
14.3836
14.383291
14.534218
12.849499
13.007666
12.850384
23.772527
24.006104
24.000995
24.102634
24.318175
24.17077
23.740483
23.906635
23.965604
24.212916
24.358476
24.209055
22.143796
22.347625
22.130927
22.362421
20.443771
20.635445
20.439967
20.639859
19.081169
18.920463
19.217512
19.079607
18.919018
19.219203
17.707634
17.83858
17.837646
17.974066
18.124593
17.975083
17.706665
17.835669
17.836638
17.977101
18.125692
17.976134
16.951581
17.070573
16.952314
16.953879
17.071389
16.953106
26.630236
25.991153
26.630375
25.984224
16.731939
16.873744
16.874478
16.73273
15.6478
15.788798
15.90823
16.04265
15.648451
15.790743
15.906233
16.041947
14.532626
14.381618
14.382132
14.532087
12.85315
13.009272
12.853159
23.643072
23.871662
23.848425
24.093276
24.189558
24.056154
23.653645
23.89442
23.865311
24.059558
24.154841
24.031143
22.109204
22.318753
22.108341
22.319582
20.442804
20.636471
20.442253
20.637028
19.085442
18.924809
19.222803
19.08492
18.924298
19.223332
17.712013
17.842569
17.84205
17.979712
18.129678
17.980101
17.711561
17.8412
17.841592
17.981103
18.130151
17.980566
16.956555
17.075254
16.956967
16.95782
17.075681
16.957391
26.631595
26.080679
26.031962
16.728532
16.870761
16.728879
15.644158
15.785489
15.90395
16.03868
15.644497
15.786501
15.902927
16.038334
14.529287
14.378723
14.37894
14.529048
12.853536
13.008521
12.853848
23.761875
23.982417
23.985501
24.171414
24.318403
24.177558
23.756739
23.97237
23.977645
24.188162
24.331908
24.188186
22.150629
22.372861
22.155473
22.3682
20.451829
20.650866
20.454266
20.648123
19.087323
18.926378
19.226802
19.088479
18.927458
19.225564
17.712439
17.841527
17.842555
17.982499
18.131704
17.981986
17.713212
17.843855
17.843354
17.980089
18.130846
17.981159
16.958549
17.076465
16.958103
16.956612
17.075788
16.957441
26.630688
26.012966
21.054758
26.629958
26.022754
16.728552
16.871997
16.727843
16.869899
15.644745
15.787153
15.902599
16.038057
15.644098
15.785225
15.904552
16.038727
14.530387
14.38092
14.380181
14.531126
12.858999
13.013164
12.859921
23.716394
23.995036
23.938354
24.001726
24.185194
24.054753
23.655594
23.817982
23.865995
24.208263
24.282315
24.139444
22.11831
22.316928
22.105292
22.333473
20.436537
20.629139
20.434877
20.631295
19.079089
18.918641
19.21649
19.078828
18.918426
19.216806
17.706719
17.836915
17.836669
17.975257
18.124492
17.975031
17.7067
17.836864
17.836634
17.975353
18.124563
17.975083
16.952741
17.070719
16.952467
16.952499
17.070664
16.952397
26.628996
26.006806
26.627305
26.054448
16.735584
16.878521
16.878126
16.73507
16.876988
15.651242
15.793358
15.909149
16.044903
15.650684
15.791679
15.910821
16.045451
14.536532
14.386832
14.38634
14.537012
12.871012
13.023348
12.872387
23.677037
23.891389
23.893459
24.090415
24.225107
24.088919
23.677955
23.894474
23.894181
24.084957
24.228128
24.089459
22.1152
22.324697
22.113246
22.326605
20.444589
20.637636
20.443095
20.639198
19.085211
18.924428
19.222248
19.084276
18.923554
19.223245
17.710429
17.84106
17.840582
17.978015
18.128301
17.97862
17.709911
17.839455
17.840031
17.97972
18.128926
17.979204
16.954268
17.073103
16.954672
16.955317
17.073491
16.955034
26.625133
26.016817
21.055228
26.034797
16.736784
16.87901
16.879371
16.737
15.652227
15.793617
15.911739
16.046718
15.652455
15.794274
15.911057
16.046486
14.537758
14.387503
14.387704
14.537528
12.879601
13.029832
12.880322
23.732398
23.979818
23.943643
24.210419
24.289671
24.152309
23.740484
24.001209
23.956695
24.178883
24.262724
24.132735
22.151884
22.373993
22.156906
22.369492
20.449249
20.649857
20.452883
20.645866
19.083697
18.922839
19.223744
19.08534
18.924303
19.221928
17.708882
17.83842
17.838975
17.9791
18.128074
17.978302
17.709528
17.84042
17.839687
17.976873
18.127198
17.977509
16.954704
17.072744
16.954296
16.953729
17.072359
16.95395
26.627685
26.109751
26.072336
16.734206
16.877329
16.733957
15.650614
15.792782
15.909247
16.044259
15.650334
15.791943
15.910068
16.044539
14.536748
14.387198
14.386878
14.537087
12.884314
13.031692
12.884975
24.31274
24.479468
26.567977
25.992239
26.564934
25.946159
25.342047
25.5613
24.304719
24.917509
25.456094
24.720591
24.397165
24.50806
26.570567
26.028171
26.571039
20.944296
25.937775
25.390837
25.610737
24.696875
24.952367
25.480169
25.122429
23.363387
23.505812
23.314152
22.959884
23.058721
23.018245
23.414679
23.171768
23.239478
24.017546
23.741308
23.965328
24.22222
24.061493
24.090209
24.231119
24.317463
24.169798
23.688737
23.875483
23.900021
23.371568
23.535205
23.347192
23.493792
23.30073
23.315284
21.453404
21.244342
21.253548
21.441916
22.133041
22.34496
22.350423
22.130987
21.47762
21.279131
21.275095
21.480954
19.897114
19.708961
19.711461
19.894359
20.438826
20.639028
20.634487
20.443265
19.906477
19.723498
19.719841
19.910356
18.555905
18.726994
18.554898
18.260985
18.390748
18.394113
18.396347
18.262191
18.395413
18.725767
18.549866
18.553455
19.077768
18.917233
19.218728
19.215672
19.08064
18.919906
18.557276
18.731379
18.559213
18.268015
18.40418
18.401663
18.397606
18.265879
18.399404
18.733888
18.564247
18.561611
17.443946
17.578956
17.443341
17.174016
17.304032
17.306244
17.307765
17.174906
17.307157
17.578052
17.440121
17.442442
17.833288
17.704725
17.834687
18.124629
17.9772
17.974998
17.971595
18.12261
17.973077
17.706472
17.838619
17.836512
17.444763
17.581716
17.445974
17.178876
17.313074
17.311263
17.308557
17.177389
17.309722
17.583389
17.449453
17.447576
16.835819
16.691588
16.690954
16.367707
16.524648
16.115705
16.235776
16.239065
16.116439
16.523843
16.364418
17.070184
16.95347
16.951825
16.949373
17.068746
16.950432
16.83646
16.693649
16.694975
16.368367
16.526865
16.119792
16.243404
16.239719
16.118555
16.528198
16.372142
15.740003
15.595894
15.994423
15.85602
15.858983
15.995131
15.595544
15.737624
15.314485
15.314911
15.740671
15.597978
15.998435
15.86315
15.859649
15.997227
15.599122
15.74408
15.316351
15.315503
15.469893
14.459664
14.30599
14.305405
14.460226
14.105786
14.105246
13.926282
13.708846
13.926471
14.46176
14.30668
14.460901
14.307527
14.106459
14.107305
13.710776
13.929036
13.928115
12.752048
12.905821
12.751985
22.226293
28.767809
28.060237
23.130086
22.937455
12.908187
12.753753
12.752992
28.254667
27.908135
22.985373
23.052895
25.198761
25.522922
25.585973
25.184406
26.621879
26.027867
26.092821
25.216933
25.597761
24.790171
25.688991
25.397204
22.151269
22.360106
22.364086
22.147332
21.505252
21.301826
21.304656
21.501992
22.16753
22.389797
22.384161
22.171567
21.51357
21.312126
21.311147
21.514979
20.472423
20.665805
20.667461
20.471115
19.941321
19.754461
19.75499
19.940704
20.474114
20.670335
20.67004
20.474298
19.941092
19.754191
19.754291
19.94106
19.113902
18.954116
19.251433
19.251532
19.114057
18.954867
19.112133
19.249709
19.249981
19.111805
18.951288
16.417726
16.574944
16.170777
16.290125
16.290311
16.17047
16.575203
16.417563
16.880923
16.737103
16.735992
16.877586
16.416483
16.571513
16.165886
16.285612
16.289076
16.167042
16.570407
16.413057
15.379705
15.529664
15.530746
15.378739
15.795928
15.652972
16.045972
15.90985
15.913297
16.047132
15.651816
15.792477
15.376391
15.37758
15.527195
14.192502
14.193199
14.01919
13.805149
14.018546
14.537396
14.387776
14.538428
14.386776
14.191613
14.190642
13.802788
14.014736
14.015738
13.002314
12.84135
12.841794
24.493339
24.526797
26.570339
26.027602
26.567421
26.57446
26.027543
25.615526
25.2927
25.603934
25.200604
24.498395
24.495333
26.566555
25.991513
26.566786
20.94677
25.994387
25.26996
25.56389
24.855273
24.847984
25.569309
25.283259
23.548147
23.368354
23.358115
23.044168
23.523199
23.311478
23.336279
23.062327
23.980994
23.755934
23.975733
24.316405
24.176657
24.175585
24.180828
24.314502
24.174582
23.755175
23.974733
23.975901
23.369387
23.552937
23.367392
23.07103
23.074596
23.551179
23.357576
23.364698
21.496148
21.289892
21.491178
21.29418
22.159177
22.3719
22.376133
22.15515
21.503095
21.297386
21.29993
21.500163
19.923133
19.73344
19.920642
19.735846
20.460523
20.655411
20.65697
20.459219
19.926032
19.738134
19.738731
19.925296
18.743838
18.572906
18.571345
18.406719
18.275153
18.409074
18.741775
18.56688
18.569299
18.412625
18.277115
18.41108
19.094337
18.933139
19.232507
19.232802
19.094112
18.932975
18.573923
18.746814
18.574386
18.280206
18.413719
18.414135
18.413648
18.280173
18.414138
18.746711
18.57387
18.57434
17.591153
17.456521
17.455109
17.315003
17.184341
17.316888
17.589386
17.451443
17.453379
17.319976
17.186004
17.318583
17.847249
17.717525
17.847813
18.136556
17.986407
17.986692
17.986041
18.136489
17.986591
17.717679
17.847691
17.84794
17.457542
17.594198
17.458147
17.189275
17.32171
17.321835
17.320994
17.189028
17.32161
17.594377
17.458196
17.458349
16.701435
16.846585
16.699896
16.534685
16.378238
16.245003
16.124394
16.533134
16.373782
16.249364
16.125859
17.08038
16.96184
16.961883
16.960947
17.080116
16.961596
16.847574
16.704394
16.704706
16.848468
16.379252
16.537721
16.129195
16.251475
16.250365
16.128816
16.53807
16.380347
15.604716
15.749583
15.864654
16.002927
15.60335
15.745539
15.868802
16.004361
15.322728
15.323862
15.750548
15.607585
16.007672
15.870989
15.869783
16.007285
15.608005
15.751759
15.325455
15.324783
15.478979
14.467678
14.31424
14.313234
14.468727
14.11397
14.112974
13.932268
13.716006
13.93329
14.470239
14.315066
14.469591
14.315683
14.114791
14.115404
13.71805
13.935754
13.935442
12.756282
12.912659
12.757029
23.139659
27.847519
27.852219
22.924605
22.941587
12.913915
12.757733
12.757955
28.166746
28.43943
22.935119
23.000738
25.529058
25.222782
25.536408
25.306448
24.780455
26.628923
26.023713
26.021001
25.241185
25.571393
25.565553
25.218343
22.145928
22.370659
22.155767
22.359101
21.499471
21.303996
21.505499
21.298862
22.13131
22.344722
22.343901
22.132079
21.488217
21.288835
21.288808
21.488435
20.466833
20.66503
20.469662
20.661777
19.935921
19.751314
19.937862
19.749577
20.460519
20.654348
20.654712
20.460085
19.93126
19.7448
19.745318
19.930743
19.108507
18.948123
19.247476
19.109697
18.949228
19.24618
19.105398
19.242347
19.242832
19.104932
18.94477
16.566892
16.409775
16.284646
16.162979
16.567654
16.41211
16.282275
16.162187
16.873752
16.730699
16.730377
16.872774
16.409198
16.565208
16.16015
16.280734
16.281692
16.160465
16.564903
16.40826
15.371419
15.521335
15.370707
15.788502
15.646346
16.0402
15.904955
15.905908
16.040517
15.646033
15.787538
15.369644
15.370112
15.520255
14.18558
14.186226
14.011995
13.798759
14.011231
14.531121
14.380987
14.53156
14.380546
14.185044
14.184625
13.797262
14.009259
14.009573
13.000017
12.840248
12.839989
24.440357
24.349275
26.571754
25.940186
26.568543
20.956695
26.57302
26.008145
25.466798
25.066536
25.567996
25.289807
24.535898
24.463387
26.572181
26.011323
26.570962
26.028791
25.138786
25.576844
24.915375
24.703195
25.61948
25.337151
23.461243
23.275392
23.285119
23.023153
23.495494
23.340131
23.3123
23.002398
23.869945
23.714039
23.93437
24.346078
24.225189
24.197362
24.057154
24.277488
24.134721
23.762829
24.016613
23.990245
23.291883
23.51137
23.326844
23.03625
23.553103
23.381065
23.362032
21.478112
21.282339
21.482199
21.278933
22.131804
22.359748
22.34593
22.142231
21.482997
21.284027
21.281725
21.486663
19.918833
19.733817
19.920407
19.732335
20.447613
20.642915
20.643023
20.447082
19.915494
19.727547
19.728816
19.914315
18.743181
18.569919
18.571039
18.412994
18.278281
18.41207
18.744299
18.573089
18.572114
18.409945
18.277284
18.411035
19.086368
18.92559
19.223062
19.224415
19.08502
18.924263
18.568767
18.739646
18.567561
18.272692
18.404979
18.406353
18.408813
18.273941
18.407625
18.738335
18.564862
18.566268
17.592193
17.455373
17.456286
17.321299
17.188197
17.32067
17.593029
17.457753
17.457095
17.318994
17.187438
17.319886
17.843472
17.712297
17.842363
18.129315
17.97843
17.97971
17.982037
18.13054
17.980911
17.711136
17.839931
17.841183
17.454383
17.589177
17.453324
17.183479
17.314701
17.315866
17.31802
17.184575
17.316975
17.588034
17.451014
17.452198
16.703225
16.846104
16.703905
16.53673
16.378259
16.251263
16.12867
16.537381
16.380119
16.249447
16.128074
17.074743
16.95532
16.95643
16.958499
17.075824
16.957496
16.845186
16.700519
16.699471
16.84204
16.377382
16.534084
16.124561
16.245577
16.248581
16.125554
16.533051
16.374344
15.607209
15.750055
15.87084
16.007202
15.607718
15.751626
15.869216
16.006626
15.325119
15.324484
15.74926
15.604915
16.003184
15.865556
15.868403
16.00416
15.603994
15.746467
15.322897
15.323734
15.476304
14.470132
14.314939
14.315506
14.46957
14.114673
14.115239
13.935433
13.717329
13.934961
14.468124
14.314256
14.468891
14.313486
14.113989
14.113215
13.714988
13.931919
13.932796
12.755196
12.911911
12.753774
23.037122
3.7698211
30.2381
13.5542
23.334015
12.908262
12.749474
12.750864
28.37704
27.970362
22.90372
23.02369
25.616962
25.361124
25.537935
25.198505
24.917995
26.627418
25.996933
21.052541
25.993276
25.306856
25.540479
25.52274
25.186827
22.150653
22.361247
22.146278
22.36707
21.498147
21.295015
21.496277
21.296441
22.140636
22.345274
22.354945
22.133185
21.49301
21.290305
21.292473
21.489964
20.462666
20.657095
20.462126
20.657769
19.931832
19.745353
19.931525
19.745616
20.461531
20.655524
20.656159
20.461162
19.931534
19.745593
19.745468
19.93159
19.105191
18.944963
19.242515
19.105032
19.242693
19.105349
18.945174
19.243037
19.242806
19.105597
16.564864
16.408599
16.280672
16.159951
16.564731
16.408205
16.281059
16.160087
16.873283
16.731074
16.73152
16.874604
16.408887
16.565715
16.161449
16.282739
16.28135
16.160982
16.566176
16.410282
15.369161
15.369376
15.788174
15.646904
16.041502
15.906987
15.905602
16.041036
15.647366
15.789545
15.370048
15.369674
15.52067
14.184547
14.184303
14.009045
13.79705
14.009193
14.531635
14.380667
14.531255
14.381046
14.184872
14.185265
13.798095
14.010601
14.010153
13.003798
12.846468
12.845448
24.515319
24.426411
26.574432
25.979632
26.573387
20.95543
26.028642
25.532717
25.129801
24.914359
25.610866
25.339846
24.308036
24.303335
26.574721
25.951353
26.574054
25.939006
25.111136
25.467714
24.689321
24.661731
25.455942
25.128368
23.492853
23.270654
23.309777
23.053576
23.53883
23.376364
23.349517
22.986674
23.817428
23.599644
23.807411
24.132306
24.037713
24.003112
24.003897
24.125384
23.994692
23.609292
23.84989
23.816725
23.243616
23.408509
23.234078
22.954206
23.417984
23.269077
23.243033
21.46825
21.275538
21.477952
21.267485
22.080404
22.293038
22.287879
22.084709
21.447792
21.252645
21.250683
21.450184
19.905388
19.721619
19.908095
19.719196
20.428012
20.622352
20.62124
20.428946
19.900533
19.71544
19.71494
19.901113
18.732222
18.559134
18.560355
18.403518
18.268504
18.402035
18.733747
18.563355
18.561813
18.399479
18.267169
18.400641
19.075419
18.915207
19.213236
19.2129
19.075716
18.915471
18.558302
18.72972
18.557973
18.265176
18.399227
18.398567
18.398688
18.264999
18.398372
18.729956
18.558896
18.558188
17.583247
17.446635
17.447524
17.313512
17.180032
17.312351
17.584365
17.449799
17.448609
17.310434
17.179004
17.311296
17.834496
17.704365
17.834218
18.122052
17.97322
17.972677
17.972815
18.121891
17.972529
17.704489
17.834866
17.834353
17.446031
17.581441
17.445772
17.177433
17.310104
17.309688
17.309847
17.177347
17.309593
17.581555
17.446313
17.445876
16.695305
16.838142
16.696244
16.528955
16.370642
16.244533
16.121539
16.529876
16.373285
16.241939
16.120674
17.068824
16.950994
16.950635
16.950805
17.068745
16.950564
16.837613
16.693784
16.693839
16.83778
16.370142
16.527465
16.119299
16.241544
16.241448
16.119267
16.527517
16.37026
15.600426
15.74314
15.864574
16.000222
15.601212
15.745505
15.862153
15.999377
15.318555
15.471267
15.471889
15.317942
15.74269
15.599132
15.998027
15.861736
15.861693
15.998001
15.59914
15.742715
15.317288
15.317511
15.470613
14.464107
14.308856
14.309448
14.463526
14.108519
14.10913
13.929262
13.710315
13.928486
14.46285
14.308413
14.463101
14.308139
14.108051
14.107746
13.708455
13.926701
13.926917
12.744744
12.901369
12.743125
22.797184
27.545685
28.444893
12.897939
12.73732
12.738619
28.189261
28.494122
22.955853
23.002899
25.562642
25.306667
25.511597
25.17423
24.870689
26.624116
26.046555
26.054759
25.32905
25.62624
25.632174
25.307319
22.149741
22.349666
22.13798
22.363627
21.50217
21.295549
21.49527
21.301338
22.17551
22.390398
22.394371
22.172231
21.516839
21.311964
21.31346
21.515031
20.468646
20.660181
20.465564
20.663737
19.937404
19.749048
19.93526
19.750985
20.474619
20.669863
20.670772
20.473826
19.941338
19.75396
19.754487
19.940764
19.109778
19.245968
19.108381
19.247472
19.112189
19.249664
19.250093
19.111781
16.568649
16.412644
16.283351
16.163208
16.568027
16.410907
16.285028
16.163773
16.877448
16.734884
16.73466
16.876782
16.412937
16.569507
16.164326
16.284709
16.285306
16.164526
16.569289
16.412325
15.372474
15.372822
15.791805
15.65012
16.044298
15.908781
15.909326
16.044491
15.649944
15.791276
15.37304
15.37302
15.523764
14.18787
14.187554
14.012044
13.800528
14.012458
14.534431
14.383784
14.5344
14.383823
14.188066
14.188121
13.801254
14.013017
14.013076
13.009133
12.852761
12.852401
24.507709
24.54844
26.569547
26.030268
20.945356
26.027232
25.624164
25.320561
24.773992
25.60747
25.211055
24.898031
24.431451
24.478082
26.56979
25.995033
26.56856
26.567062
25.955209
25.300643
25.562275
24.776346
24.874391
25.5094
25.212657
23.561677
23.37638
23.369488
23.048666
23.533077
23.306523
23.344072
23.077777
23.98762
23.735863
23.955645
24.254762
24.10648
24.120097
24.191977
24.295575
24.154793
23.710503
23.910473
23.92622
23.366586
23.533005
23.34766
23.055377
23.510686
23.310023
23.327658
21.485543
21.275216
21.47731
21.282261
22.142149
22.346662
22.35855
22.132091
21.487681
21.280725
21.285003
21.482236
19.910574
19.721476
19.90803
19.723741
20.447303
20.641522
20.643354
20.445996
19.913956
19.726912
19.72703
19.913641
18.734562
18.563653
18.56252
18.400236
18.267871
18.401431
18.733215
18.559973
18.561242
18.40373
18.269024
18.402644
19.084067
18.923255
19.222426
19.222196
19.084359
18.923594
18.564545
18.737274
18.565173
18.27199
18.405978
18.405662
18.4046
18.271544
18.405231
18.737655
18.565869
18.565583
17.584565
17.449616
17.448762
17.310769
17.179255
17.311589
17.583632
17.447009
17.447861
17.31329
17.180098
17.312459
17.839369
17.709929
17.839989
18.128605
17.979366
17.978997
17.977908
18.128148
17.978531
17.710408
17.840843
17.840462
17.45036
17.586816
17.450972
17.182741
17.315548
17.315128
17.314023
17.182239
17.314631
17.587301
17.451874
17.451463
16.69614
16.840576
16.83982
16.695392
16.529763
16.372859
16.242035
16.120652
16.529029
16.37077
16.244066
16.12133
17.074003
16.956142
16.955696
16.95458
17.073496
16.955184
16.841266
16.698167
16.698688
16.842832
16.373533
16.53178
16.123805
16.246343
16.244731
16.123271
16.532307
16.375143
15.600889
15.744933
15.86217
15.999325
15.600287
15.74313
15.864032
15.999984
15.318865
15.47289
15.472283
15.319453
15.745555
15.602704
16.002426
15.86627
15.864666
16.001892
15.603233
15.747147
15.32059
15.320036
15.474053
14.463915
14.309427
14.309001
14.464386
14.108754
14.10838
13.926867
13.707999
13.927104
14.465329
14.309862
14.464865
14.310285
14.10914
14.109516
13.708425
13.928207
13.927949
12.733839
12.894069
12.732703
27.92103
28.832771
22.914678
23.078305
12.89203
12.727861
12.729181
28.239537
28.551582
23.042673
22.977991
23.040605
25.514898
25.195556
25.511904
25.240268
24.748931
26.628407
26.013571
26.62862
26.045368
25.207212
25.559097
24.823857
25.599558
25.260727
22.131257
22.351543
22.139426
22.342337
21.490107
21.295653
21.495625
21.290843
22.134797
22.355762
22.347991
22.141465
21.489841
21.292963
21.289912
21.493632
20.462293
20.659836
20.465142
20.656615
19.93264
19.748483
19.934717
19.74658
20.460264
20.656201
20.654705
20.461425
19.930521
19.744866
19.744476
19.931042
19.1063
18.946102
19.245359
19.10775
19.243823
19.104308
19.241936
19.241799
19.104391
16.566638
16.409489
16.284096
16.16262
16.567413
16.411692
16.281942
16.161898
16.873137
16.730126
16.729758
16.872049
16.408878
16.56482
16.159678
16.280072
16.281334
16.160099
16.564436
16.40765
15.370848
15.370234
15.788207
15.646058
16.039732
15.904301
15.905636
16.040162
15.645607
15.786858
15.369142
15.369659
15.519789
14.186072
14.18656
14.012151
13.800193
14.011725
14.531085
14.38112
14.531568
14.380656
14.185598
14.185154
13.799097
14.010083
14.010449
13.008775
12.853065
12.853049
24.368195
24.322841
26.568453
25.90281
25.963751
25.421486
25.145526
24.787069
25.499604
25.239516
24.709463
24.503124
24.495768
26.569577
26.018815
26.56669
26.003087
25.247834
25.597405
24.841431
24.804636
25.582224
25.265138
23.45243
23.290723
23.277137
23.458469
23.293688
23.280159
23.006055
23.920323
23.734801
23.95869
24.318412
24.172848
24.17508
24.119314
24.30782
24.162273
23.749828
23.972955
23.972948
23.316085
23.528493
23.340626
23.046659
23.543671
23.361274
23.355508
21.469448
21.269896
21.468764
21.270526
22.135581
22.361553
22.350648
22.1453
21.485551
21.289619
21.284156
21.491957
19.913038
19.7263
19.912491
19.726844
20.449846
20.648555
20.645301
20.452566
19.917547
19.732145
19.730792
19.919149
18.73899
18.567634
18.567001
18.406278
18.273025
18.406649
18.738487
18.566144
18.566503
18.407745
18.273507
18.407139
19.088012
18.927153
19.227005
19.226147
19.088766
18.927815
18.568343
18.741146
18.569026
18.275738
18.409727
18.40952
18.408411
18.275302
18.409042
18.741728
18.569795
18.569552
17.588922
17.453572
17.453098
17.315939
17.183977
17.316342
17.588476
17.452258
17.452658
17.317239
17.184408
17.316778
17.843106
17.713483
17.843588
18.13225
17.982677
17.982547
17.981667
18.13185
17.98218
17.713797
17.844038
17.843928
17.454043
17.590331
17.45445
17.18589
17.318375
17.318326
17.317691
17.185659
17.318077
17.590622
17.454782
17.45472
16.700411
16.844503
16.844084
16.699991
16.843251
16.53405
16.37682
16.246786
16.125156
16.533631
16.375582
16.248013
16.125564
17.0771
16.95876
16.958748
16.958223
17.076886
16.958552
16.844892
16.701498
16.701667
16.845389
16.377176
16.535108
16.126644
16.248712
16.248357
16.126524
16.535263
16.377562
15.604968
15.748758
15.866718
16.003778
15.604581
15.747593
15.867903
16.004181
15.322793
15.476623
15.476287
15.323119
15.749055
15.605797
16.005215
15.86847
15.868211
16.005107
15.605873
15.749286
15.323555
15.323382
15.477082
14.467162
14.312126
14.311928
14.4674
14.111076
14.110928
13.928781
13.708661
13.928889
14.467651
14.312256
14.46757
14.3123
14.111156
14.111148
13.708158
13.928619
13.928823
12.723213
12.887494
12.721443
22.917801
28.540275
28.555426
23.030902
23.03066
12.883636
12.712982
12.715365
28.236451
27.87402
22.968483
22.979173
22.916004
25.654191
25.293087
25.593527
25.229939
24.854861
26.62905
25.993311
26.628401
26.011957
25.215875
25.525847
24.795618
25.549423
25.239095
22.15383
22.37152
22.155037
22.370188
21.501016
21.299688
21.50177
21.299042
22.137635
22.345633
22.351162
22.132483
21.490757
21.286825
21.29017
21.486967
20.463836
20.659783
20.464281
20.659313
19.932007
19.745918
19.932417
19.745514
20.458649
20.651206
20.653432
20.456707
19.928276
19.74094
19.742119
19.926953
19.104288
18.943967
19.242351
19.10467
19.241962
19.101782
19.238406
19.239282
19.100977
18.940873
16.563163
16.406297
16.279751
16.158651
16.563512
16.407341
16.27871
16.158303
16.870354
16.72742
16.727204
16.405935
16.562087
16.157212
16.277938
16.278363
16.157354
16.561889
16.405455
15.367227
15.517573
15.517882
15.366928
15.7852
15.643366
16.037302
15.902345
15.902624
16.037426
15.643289
15.784965
15.366517
15.366681
15.51713
14.183339
14.183532
14.009226
13.79796
14.009024
14.528786
14.378572
14.528873
14.378509
14.183214
14.183179
13.797942
14.00893
14.008809
13.009205
12.856012
12.855285
24.499879
24.516363
26.567596
26.004536
25.992909
25.586225
25.311072
24.836357
25.566926
25.258898
24.87953
24.326857
24.410298
26.575148
25.979611
20.946572
26.574315
25.932867
25.292068
25.529204
25.454188
25.087072
23.555227
23.357448
23.366515
23.072671
23.552664
23.363643
23.366205
23.952314
23.679765
23.895903
24.153317
23.992116
24.025116
24.156407
24.22857
24.091126
23.631006
23.809031
23.838866
23.333524
23.480204
23.297869
22.966114
23.009277
23.438918
23.244357
23.263049
21.493931
21.294624
21.498154
21.290778
22.111743
22.308381
22.324013
22.098935
21.468571
21.262922
21.268983
21.461345
19.917898
19.732399
19.91965
19.73081
20.439821
20.630483
20.634266
20.436523
19.90973
19.721412
19.723509
19.907412
18.740288
18.566821
18.56811
18.409574
18.275212
18.409019
18.741306
18.569654
18.569085
18.406859
18.274318
18.408085
19.082228
18.92166
19.21843
19.220058
19.080712
18.920246
18.565366
18.73588
18.563919
18.269366
18.401962
18.402889
18.405478
18.270525
18.404102
18.734551
18.561686
18.562649
17.589276
17.452457
17.453384
17.318176
17.185263
17.317711
17.590026
17.454586
17.454114
17.316101
17.184569
17.317001
17.840374
17.709228
17.839222
18.126115
17.975791
17.976622
17.978888
18.127225
17.977689
17.708235
17.837388
17.838194
17.451421
17.586174
17.450384
17.180858
17.312455
17.313184
17.315098
17.181743
17.314092
17.585212
17.448704
17.449449
16.700374
16.843283
16.844089
16.701008
16.845176
16.533958
16.375517
16.248484
16.125948
16.534587
16.377335
16.246702
16.125352
17.072178
16.953232
16.953922
16.955691
17.073041
16.954766
16.842388
16.697832
16.697027
16.839989
16.37467
16.531446
16.122249
16.243627
16.245877
16.123004
16.530647
16.372369
15.604608
15.747408
15.868237
16.004517
15.605161
15.749052
15.866556
16.003933
15.322376
15.475248
15.321743
15.746662
15.602464
16.000904
15.863671
15.865789
16.001642
15.601766
15.744591
15.320346
15.321049
14.466258
14.310144
14.310772
14.465643
14.10874
14.109402
13.927319
13.705328
13.926668
14.464297
14.309466
14.464976
14.308777
14.108029
14.107307
13.702691
13.92363
13.924386
12.704895
12.874618
12.702011
22.959454
27.897297
27.736231
22.8975
22.878362
12.86799
12.68965
12.692788
27.855813
27.61632
22.891973
22.835748
22.873649
22.805907
25.54862
25.184339
24.802259
25.567247
25.245963
26.630572
26.017051
26.056
25.183014
25.563615
24.918082
24.748423
25.626209
25.348348
22.127794
22.338768
22.126081
22.339891
21.484973
21.283344
21.482763
21.285486
22.151592
22.37803
22.366493
22.160935
21.50128
21.304174
21.29978
21.506485
20.456909
20.649406
20.455295
20.651152
19.927618
19.740477
19.92632
19.741697
20.465691
20.663878
20.660969
20.468305
19.934272
19.749782
19.747871
19.93631
19.101947
18.94187
19.238284
19.100933
18.940894
19.239339
19.106861
19.246134
19.244498
19.108428
18.948056
16.563257
16.407726
16.278171
16.157948
16.562553
16.405679
16.280198
16.158628
16.873058
16.731602
16.874166
16.732659
16.876188
16.408739
16.566264
16.162491
16.284192
16.281194
16.161487
16.567309
16.411774
15.367962
15.519326
15.518537
15.368741
15.788073
15.647402
16.042518
15.908353
15.905491
16.041531
15.648344
15.790888
15.370547
15.36962
15.521154
14.185695
14.184948
14.0101
13.80018
14.010761
14.532819
14.381741
14.531951
14.382606
14.186522
14.187391
13.802811
14.014158
14.013266
13.016986
12.866219
12.864192
24.359873
24.467884
26.572275
25.996074
25.936676
25.565608
25.36799
24.648652
25.46827
25.09398
24.404555
24.471284
26.570953
25.97862
20.943186
25.936453
25.358721
25.545246
24.757324
25.479922
25.197226
23.511297
23.354731
23.323957
22.997325
23.46091
23.251316
23.282458
23.996776
23.732521
23.952353
24.231277
24.088687
24.100108
24.20848
24.290291
24.150805
23.697088
23.894972
23.909612
23.359957
23.529018
23.342694
23.017124
23.049224
23.500119
23.303602
23.319365
21.469028
21.263422
21.462886
21.268164
22.133261
22.342174
22.349978
22.1276
21.479152
21.276012
21.276897
21.477508
19.906169
19.719377
19.905393
19.719987
20.441364
20.637227
20.636862
20.441925
19.909456
19.723747
19.722923
19.910264
18.732953
18.561441
18.561047
18.401391
18.267704
18.401184
18.732779
18.561103
18.560906
18.401654
18.267795
18.401297
19.081111
18.920499
19.219787
19.219
19.081874
18.921231
18.561995
18.734662
18.56263
18.269782
18.404065
18.403407
18.402169
18.269171
18.402769
18.735362
18.563982
18.563298
17.583702
17.448123
17.447942
17.311956
17.179386
17.311703
17.583698
17.448201
17.447953
17.311838
17.179344
17.311677
17.837308
17.707768
17.837791
18.126429
17.977417
17.976835
17.975772
18.125846
17.97628
17.708277
17.838881
17.838322
17.448443
17.584682
17.448855
17.180552
17.313443
17.31297
17.312136
17.180129
17.312526
17.585169
17.449813
17.44932
16.695509
16.839243
16.839152
16.695599
16.529084
16.371486
16.243142
16.120817
16.529195
16.371879
16.242727
16.120674
17.071796
16.953849
16.953438
16.952733
17.071392
16.953057
16.839464
16.696081
16.696433
16.371643
16.529573
16.121286
16.243716
16.242871
16.121016
16.529894
16.372529
15.600163
15.743584
15.863193
15.999481
15.600352
15.744118
15.862681
15.999328
15.318115
15.318041
15.743657
15.600286
15.999871
15.863437
15.862769
15.99962
15.600475
15.744277
15.318182
15.318071
14.461905
14.306091
14.306292
14.461733
14.104356
14.10461
13.921795
13.699077
13.921378
14.461643
14.30598
14.461651
14.305942
14.104189
14.104095
13.697991
13.920581
13.920676
12.680816
12.857425
12.678127
22.562839
27.72787
27.869463
22.590942
22.668804
12.852346
12.668144
12.67053
26.653615
27.102531
22.066456
22.236162
22.328509
22.322925
25.544119
25.135865
25.621528
25.346956
26.630285
26.026238
26.05992
25.146837
25.56875
24.841341
24.711295
25.621557
25.275269
22.148518
22.373487
22.157673
22.361666
21.502069
21.304498
21.506144
21.301427
22.140715
22.360204
22.352816
22.146466
21.497598
21.300007
21.297905
21.50028
20.469235
20.665469
20.470136
20.66422
19.938268
19.752074
19.938539
19.751929
20.468274
20.663912
20.662791
20.469228
19.938228
19.752707
19.752082
19.938904
19.110952
18.950609
19.248507
19.110806
18.950422
19.248602
19.111546
19.249645
19.249121
19.112044
18.951724
16.570236
16.414192
16.285
16.16489
16.569717
16.412581
16.28664
16.165434
16.878849
16.736611
16.736842
16.879546
16.414531
16.571253
16.166691
16.287596
16.286986
16.166491
16.571467
16.415143
15.374375
15.525451
15.524989
15.374843
15.793714
15.652315
16.04671
15.911738
15.911174
16.046515
15.652496
15.794275
15.3755
15.525818
15.375217
14.191664
14.191162
14.016549
13.806961
14.017187
14.537684
14.387229
14.537395
14.387533
14.19207
14.192381
13.808465
14.018813
14.018544
13.026513
12.877073
12.876049
24.405052
24.411473
26.573312
25.989796
26.573173
25.965311
25.540207
25.196204
24.768189
25.515796
25.212202
24.551923
24.45628
26.570636
25.969853
26.569169
20.955233
26.04264
25.159246
25.530342
24.957202
24.734333
25.637539
25.390404
23.477747
23.300583
23.296068
23.007723
23.478203
23.297345
23.295836
23.902212
23.726584
23.944183
24.359821
24.240336
24.208704
24.091786
24.277444
24.1403
23.770342
24.024931
23.999465
23.31517
23.525254
23.34096
23.55951
23.380347
23.367864
21.473488
21.272295
21.47166
21.274057
22.140934
22.367068
22.356045
22.150181
21.489977
21.292804
21.288158
21.495534
19.913852
19.726185
19.912572
19.727392
20.45208
20.650521
20.647959
20.45414
19.918615
19.732284
19.731513
19.919619
18.738411
18.566911
18.566192
18.404747
18.271744
18.405453
18.737597
18.564692
18.565434
18.406824
18.272412
18.406163
19.087634
18.926571
19.226294
19.225989
19.087845
18.926706
18.5675
18.740291
18.567847
18.273678
18.407202
18.407609
18.407351
18.27374
18.407642
18.740355
18.567451
18.567851
17.587222
17.451657
17.451276
17.313926
17.181916
17.3144
17.586733
17.450318
17.450815
17.315189
17.182325
17.314834
17.841401
17.71129
17.841538
18.130024
17.979752
17.980152
17.980097
18.130111
17.980261
17.711159
17.841031
17.841418
17.451909
17.588
17.45198
17.182764
17.315004
17.315334
17.315417
17.182905
17.315474
17.587864
17.451495
17.451841
16.697913
16.841996
16.697581
16.531239
16.373695
16.244047
16.12219
16.530943
16.372872
16.24484
16.122444
17.073892
16.955087
16.95537
16.955486
17.074027
16.955508
16.842169
16.698341
16.698219
16.373809
16.531565
16.122583
16.244596
16.24495
16.12271
16.531418
16.373426
15.601325
15.745135
15.863709
16.000724
15.601143
15.744534
15.864344
16.000962
15.319136
15.319257
15.745205
15.601463
16.001084
15.86407
15.864418
16.001205
15.601342
15.744884
15.319288
15.319311
15.472925
14.462021
14.306205
14.306193
14.462049
14.104034
14.104072
13.920473
13.69715
13.920438
14.461941
14.306169
14.462024
14.306078
14.103951
14.103818
13.696532
13.91997
13.920146
12.662482
12.845008
12.663432
21.731348
3.3462465
13.144018
30.217733
19.608498
21.789479
12.839314
12.660939
12.669117
11.477337
13.52617
13.513663
19.683114
17.30556
25.573349
25.278184
25.591241
25.26206
24.846652
26.629661
26.035989
25.985127
25.310833
25.589058
24.868015
25.517329
25.177763
22.160837
22.37685
22.160967
22.376637
21.509086
21.307114
21.508887
21.307378
22.149983
22.360685
22.363335
22.147949
21.503614
21.301808
21.303025
21.502312
20.472931
20.667968
20.472656
20.668266
19.941325
19.75471
19.941152
19.754848
20.47075
20.664703
20.665791
20.469685
19.939526
19.752069
19.753087
19.9385
19.11344
18.952981
19.25114
19.113416
18.952979
19.251189
19.111698
19.248449
19.24945
19.110705
18.950276
16.571308
16.414465
16.28762
16.166715
16.571547
16.415172
16.286931
16.16648
16.878517
16.735365
16.734799
16.876862
16.413984
16.569853
16.164701
16.285056
16.286472
16.165179
16.569284
16.412473
15.375519
15.525832
15.526114
15.375242
15.793221
15.651096
16.044788
15.909424
15.91064
16.045238
15.65071
15.792093
15.374555
15.374907
15.525132
14.192378
14.192573
14.019098
13.809155
14.019035
14.536973
14.387262
14.537256
14.387013
14.192142
14.191898
13.808779
14.018456
14.018594
13.030684
12.88275
12.882225
24.468375
24.43409
26.565462
25.931263
26.566941
26.56969
25.969563
25.482256
25.273503
25.532344
25.341154
24.333323
24.539748
26.570384
26.051838
26.568798
20.941796
25.937001
25.37585
25.643055
24.264068
24.940181
25.457079
24.662029
23.536276
23.364402
23.355546
23.069411
23.54115
23.373092
23.358805
23.066588
24.014831
23.736717
23.972926
24.153776
23.817521
24.022876
24.228831
24.343429
24.188081
23.621626
23.673379
23.833113
23.362353
23.519719
23.323229
22.967788
23.02405
23.427131
23.177736
23.249625
21.493608
21.294921
21.498893
21.289872
22.105668
22.291404
22.319956
22.082872
21.460782
21.251243
21.2614
21.448439
19.914635
19.729861
19.917343
19.727418
20.434085
20.622175
20.628045
20.429174
19.905316
19.71683
19.719506
19.902288
18.736717
18.563259
18.564356
18.406443
18.271616
18.405433
18.738028
18.566655
18.565563
18.403399
18.270641
18.404351
19.07934
18.919548
19.215182
19.216877
19.07803
18.918944
18.562426
18.733951
18.561735
18.267729
18.39771
18.400992
18.4027
18.268733
18.402106
18.732866
18.556941
18.560459
17.585751
17.449522
17.449894
17.314532
17.181526
17.314006
17.586335
17.450989
17.450417
17.313208
17.1811
17.313534
17.838069
17.707829
17.837764
18.124694
17.972361
17.975173
17.976452
18.125593
17.976079
17.7071
17.834382
17.836956
17.449321
17.584855
17.449136
17.179902
17.310124
17.312209
17.313036
17.180519
17.312856
17.584201
17.446298
17.448496
16.696996
16.840719
16.697286
16.530151
16.372425
16.244308
16.1218
16.530447
16.373115
16.243689
16.121584
17.071406
16.952779
16.953374
16.953629
17.071827
16.953544
16.840715
16.696885
16.696548
16.839274
16.372424
16.529906
16.121038
16.241352
16.243695
16.121457
16.529404
16.370072
15.600554
15.744201
15.86382
16.000352
15.600711
15.744656
15.863308
16.000155
15.318527
15.31849
15.744191
15.600445
15.999654
15.861304
15.863304
16.000046
15.600417
15.742777
15.318607
15.318548
15.47255
14.461035
14.305052
14.305173
14.460927
14.10261
14.102753
13.919333
13.694942
13.919165
14.460759
14.304952
14.460861
14.304813
14.102511
14.102404
13.69445
13.919195
13.91911
12.648009
12.836598
12.646845
21.477956
26.518963
26.127983
21.981252
21.815263
12.834015
12.645151
12.645233
27.130861
26.554674
21.451419
21.710275
25.706421
25.310691
25.655929
25.240217
24.872938
26.62143
25.93687
26.052504
25.167454
25.452715
25.583076
25.225463
22.155424
22.370934
22.154578
22.372173
21.502876
21.301295
21.502836
21.301154
22.146961
22.355087
22.360211
22.142347
21.499693
21.296421
21.298856
21.496708
20.466731
20.662549
20.467261
20.662078
19.935088
19.749203
19.935671
19.748643
20.466435
20.660179
20.661434
20.465474
19.935599
19.74898
19.74938
19.935157
19.107513
18.947275
19.245611
19.107923
18.947615
19.245153
19.108748
19.246198
19.246265
19.108916
18.949822
16.568664
16.413005
16.28482
16.164103
16.56843
16.412206
16.285652
16.164378
16.878138
16.736334
16.736572
16.878377
16.413743
16.570595
16.166285
16.285494
16.286371
16.166211
16.570649
16.412915
15.374277
15.525479
15.374751
15.793381
15.652179
16.046395
15.909987
15.910698
16.046314
15.652561
15.793195
15.375906
15.37535
15.526823
14.192032
14.191732
14.018515
13.808757
14.018759
14.537796
14.38755
14.537482
14.387817
14.192381
14.192674
13.809642
14.020395
14.020011
13.032116
12.887945
12.887354
11.966007
13.274904
11.994615
13.272288
11.996368
13.269917
11.996372
21.054559
13.273883
11.99399
21.056415
13.276388
12.003269
13.275135
11.99388
21.051391
13.277209
11.985442
21.051622
13.285227
11.99406
13.290263
12.000246
13.290659
11.917339
11.894526
13.433939
13.440729
13.172951
7.6184376
13.179368
11.983691
13.534434
13.53229
13.27298
11.881961
11.870991
13.441848
13.44616
13.180409
13.184018
11.994268
21.051724
13.531572
13.528834
13.269815
11.869871
11.871075
13.445961
13.440365
13.183694
13.177231
11.994223
21.052175
13.528878
13.531676
13.273224
11.870494
20.94538
11.8919
13.439306
13.4343
13.176022
13.169682
11.985104
21.052371
13.532256
13.534219
13.276455
11.880812
20.952111
11.880786
20.948706
13.434079
13.433615
13.169228
13.166923
11.986937
21.050138
13.534052
13.532152
13.275198
11.864287
20.942605
11.870969
20.945225
13.433476
13.430674
13.166492
13.161455
11.993774
21.050977
13.531982
13.532614
13.276579
11.871441
11.888252
20.952509
13.429883
13.42256
13.160329
13.150672
11.987045
21.052655
13.533133
13.53935
13.284192
11.887963
11.877013
20.946649
13.421599
13.417408
13.149376
13.142802
11.993454
21.054587
13.540265
13.544209
13.289968
11.877356
11.869892
13.417055
13.414178
13.142131
13.137907
11.997731
13.544391
13.543964
13.290615
11.870025
11.919568
13.413689
13.409536
13.137181
13.13287
11.963302
21.028215
13.543923
13.542976
13.290085
21.896871
22.44777
22.545914
21.844679
20.244726
20.812366
20.832887
20.231569
19.348711
19.356816
11.977317
23.711385
24.21348
24.243563
23.697953
17.744163
18.159053
18.160537
17.743325
17.111884
17.111607
12.552203
13.275838
12.550499
21.933497
22.541449
21.914603
22.574093
20.272887
20.856079
20.264922
20.865803
19.371628
19.378347
11.994391
21.053139
23.701907
24.344442
23.775711
24.247453
17.737395
18.15651
17.739665
18.154054
17.106465
17.104225
12.560143
13.270608
12.56749
21.900817
22.551424
21.917302
22.519794
20.263323
20.858316
20.268644
20.851145
19.377106
19.373165
11.978148
23.771384
24.240801
23.704297
24.360304
18.945047
18.944665
17.735969
18.152159
17.735668
18.152473
17.102619
17.10294
12.578795
13.270875
12.584612
21.882457
22.569886
21.920895
22.505189
20.247455
20.849082
20.257338
20.833421
19.366003
19.360237
11.985341
23.763239
24.202608
23.672092
24.330795
18.950586
18.946909
17.740508
18.154475
17.738042
18.157306
17.10513
17.107147
12.592151
13.275602
12.595137
21.92639
22.526884
21.895204
22.573876
20.259972
20.8386
20.250626
20.853095
19.361775
19.367056
11.994065
21.05227
23.678722
24.274572
23.726574
24.216103
17.736388
18.155951
17.739265
18.152758
17.10606
17.103586
12.596029
13.275846
12.593767
21.89832
22.520842
21.896118
22.523123
20.259535
20.845162
20.257908
20.846797
19.368707
19.370313
11.990962
21.052944
23.74693
24.287303
23.741873
24.314124
18.943321
18.944441
17.733901
18.151567
17.734944
18.150497
17.101762
17.100733
12.588591
13.275256
12.584462
21.919364
22.575155
21.933691
22.560754
20.262232
20.862237
20.268455
20.853396
19.374142
19.370289
11.996345
23.684895
24.261748
23.705708
24.218467
17.734633
18.148472
17.732279
18.150982
17.099677
17.101836
12.581173
13.279796
12.593745
21.907307
22.497532
21.880638
22.550857
20.253066
20.835122
20.249662
20.842588
19.362468
19.363474
12.001648
21.058648
23.678403
24.371416
23.789856
24.193595
18.950004
17.741473
18.156924
17.740212
18.158033
17.106969
17.108434
12.600772
13.287833
12.614198
21.903929
22.524275
21.898133
22.530135
20.261489
20.845154
20.257245
20.850029
19.367559
19.370695
11.993781
23.754777
24.303728
23.749975
24.314867
17.74242
18.159631
17.742876
18.159305
17.109591
17.108985
12.634327
13.290654
12.64266
21.919333
22.578695
21.935933
22.565292
20.258309
20.862698
20.267789
20.849998
19.372063
19.366406
11.985787
21.052499
23.754154
24.286346
23.736732
24.326878
17.739019
18.155348
17.738842
18.155192
17.106147
17.106737
12.650385
13.291223
12.651069
11.874463
20.948301
11.865052
22.633853
22.900362
22.757356
22.736652
23.018772
23.068499
22.768368
21.677935
21.027431
21.051586
21.63552
21.906976
22.538085
22.557463
21.911824
21.687137
21.071692
21.058094
21.695993
20.069587
19.519238
19.528098
20.05787
20.248695
20.852396
20.838636
20.261281
20.073109
19.54061
19.530593
20.085082
19.36848
19.359065
13.43709
13.437788
12.478144
13.175933
12.494783
13.633465
13.67207
13.176604
12.498336
12.496463
23.042296
13.669322
13.670764
24.374636
24.712676
24.419468
24.765802
11.999733
21.058962
24.601653
24.962408
24.447358
23.516718
23.50394
22.748472
23.032782
22.767824
23.732355
24.407253
24.271726
23.80858
23.534754
23.594614
22.80233
22.778041
21.936682
22.550697
22.566917
21.920731
21.720421
21.08572
21.096242
21.705699
21.941389
22.594044
22.57564
21.948278
21.724178
21.09941
21.097995
21.728989
20.287275
20.867979
20.877217
20.281518
20.11154
19.565032
19.568597
20.106511
20.287605
20.879375
20.878515
20.287543
20.111641
19.567424
19.56819
20.111394
18.767598
18.301729
18.303355
18.764466
19.393872
19.397001
18.766685
18.300205
18.302327
18.76505
19.395556
19.396483
17.62176
17.219045
17.219498
17.621203
17.743033
18.157188
18.159465
17.740394
17.620614
17.215272
17.218319
17.617867
17.107316
17.110434
13.535301
13.534596
23.396578
13.703486
13.72216
13.275191
12.557833
12.551963
13.715447
13.714964
11.872469
20.947182
24.764669
24.868257
11.872204
22.741087
23.025691
23.072792
22.779669
22.770145
23.062629
23.075691
22.783729
21.714972
21.075286
21.698991
21.08599
21.937141
22.565191
22.578561
21.926447
21.718082
21.081648
21.087776
21.708583
20.096269
19.543869
20.088648
19.550768
20.273962
20.862129
20.867312
20.270953
20.09729
19.550458
19.551743
20.094816
19.378324
19.379325
13.444776
13.445444
12.49858
13.183068
12.497573
13.669518
13.670929
13.183636
12.495624
12.497066
13.673221
13.67086
22.963668
24.528321
24.878049
24.427513
11.994092
21.052381
24.423969
24.776462
24.44132
24.797257
23.503457
23.568997
22.790983
23.084354
23.034643
22.748713
23.70573
24.244129
24.258676
23.69977
23.504874
23.501668
22.746965
22.744769
21.920428
22.584995
21.943488
22.548239
21.705344
21.096964
21.725007
21.08467
21.915783
22.546245
22.543672
21.917303
21.701033
21.080859
21.08154
21.701928
20.279151
20.877265
20.28615
20.866686
20.103988
19.56655
20.11017
19.562102
20.277173
20.862889
20.863908
20.275627
20.102203
19.559169
19.560743
20.100602
18.761422
18.299538
18.764388
18.296981
19.394758
19.390716
18.945977
18.944611
18.760476
18.295007
18.296182
18.759161
19.387928
19.389461
17.614873
17.214446
17.617116
17.212219
17.736732
18.152166
18.153297
17.735698
17.614232
17.210655
17.211621
17.613219
17.102672
17.103634
13.529805
13.529394
22.880251
13.717169
13.722736
13.270235
12.576616
12.569731
23.210771
13.732008
13.72536
23.094195
11.895067
24.852119
24.6374
11.880696
20.951125
22.755025
23.046175
22.995683
22.715972
22.782206
23.080173
23.008804
22.726368
21.687315
21.077085
21.700822
21.068904
21.904879
22.57311
22.528337
21.923839
21.69027
21.072009
21.069523
21.703512
20.087884
19.549101
20.092825
19.544961
20.262538
20.85172
20.851265
20.259647
20.08694
19.539701
19.543789
20.083525
19.36783
19.371968
13.444255
13.443397
12.495786
13.18162
12.493894
13.678844
13.677284
13.180652
12.483103
12.48996
13.658112
13.673307
23.019068
24.416915
24.763423
24.554111
11.990061
24.385143
24.738944
24.513713
24.869796
23.561085
23.507627
22.753942
23.07226
22.777928
23.755109
24.206926
24.326654
23.672086
23.548403
23.477432
22.733209
23.01581
23.064265
22.771526
21.930035
22.552803
21.921688
22.571597
21.711908
21.082697
21.705563
21.085559
21.926996
22.535155
22.56621
21.912861
21.709456
21.080873
21.08439
21.699039
20.277395
20.864308
20.276242
20.866544
20.102017
19.559357
20.101062
19.559951
20.277052
20.863427
20.865661
20.27692
20.101778
19.56061
19.559893
20.101985
18.759556
18.295008
18.759196
18.295331
19.388067
19.388587
18.945087
18.946002
18.759618
18.296509
18.295443
18.760582
19.389356
19.388562
17.613484
17.210605
17.613183
17.210922
17.736137
18.153693
18.152599
17.737314
17.613666
17.21242
17.211142
17.61487
17.104466
17.103171
13.529635
13.530062
13.73458
13.743699
13.271378
12.590936
12.586379
23.178578
13.757561
13.747595
11.891822
24.691182
11.8876
20.951537
22.778716
23.076163
22.703553
22.70184
22.985029
22.962855
22.682882
21.668574
21.069276
21.700598
21.050673
21.871442
22.50345
22.487053
21.881013
21.659442
21.050044
21.045622
21.667328
20.072651
19.53779
20.081323
19.531508
20.245074
20.832955
20.829277
20.247276
20.070628
19.531381
19.530162
20.072512
19.360093
19.359027
13.436456
13.435713
12.481669
13.172663
12.478016
13.655977
13.65221
22.827555
13.171729
12.473614
12.476905
13.647362
13.651306
22.942555
24.378641
24.729459
24.516485
11.986718
21.052316
24.517372
24.87146
24.54907
24.900293
23.558146
23.477931
22.734236
22.78534
23.789769
24.3317
24.363171
23.763961
23.58206
23.558848
22.78621
23.077791
23.095353
22.800933
21.941256
22.536323
21.91446
22.580598
21.723209
21.082568
21.700722
21.096021
21.949197
22.5815
22.594072
21.942023
21.729772
21.096288
21.099708
21.723863
20.285855
20.865066
20.278326
20.876534
20.109997
19.561721
20.103311
19.566676
20.287723
20.876687
20.8796
20.285762
20.11162
19.566439
19.567816
20.109853
18.764919
18.297313
18.761458
18.300289
19.390407
19.394964
18.951391
18.950298
18.765668
18.299984
18.30091
18.764632
19.39471
19.395999
17.617946
17.213096
17.615583
17.21519
17.740992
18.156995
18.157888
17.74018
17.618402
17.21485
17.215575
17.617613
17.106808
17.107512
13.533731
13.534041
13.761167
13.766899
13.275998
12.596305
12.595692
23.176305
13.767909
13.767789
11.871418
11.869755
20.944309
22.728861
23.016932
22.781741
22.733598
23.020886
23.070783
22.777042
21.706072
21.056835
21.679177
21.073761
21.926066
22.532504
22.570667
21.903393
21.70626
21.066003
21.074731
21.687888
20.083564
19.533271
20.075372
19.539084
20.261134
20.847652
20.85417
20.258961
20.084714
19.540481
19.540152
20.083423
19.368726
19.368092
13.433844
13.433817
12.472516
13.168241
12.469145
22.850244
13.645398
13.637864
13.167951
12.46168
12.467536
13.627814
13.635938
24.454149
24.803844
24.395027
11.995677
21.053063
24.471732
24.413007
24.765208
23.482919
23.526664
22.766547
23.018548
22.734616
23.692092
24.289231
24.233887
23.733759
23.494088
23.532193
22.767378
23.025344
22.739518
21.91166
22.564565
21.931888
22.535629
21.697661
21.091291
21.715389
21.079513
21.912635
22.564038
22.53925
21.927914
21.698129
21.085581
21.079147
21.710692
20.275851
20.872453
20.283027
20.862146
20.100963
19.564651
20.107433
19.559654
20.275185
20.866679
20.86165
20.277448
20.100281
19.559582
19.558972
20.101976
18.759645
18.298889
18.763368
18.295572
19.393061
19.388402
18.944396
18.94434
18.759002
18.294502
18.294939
18.758824
19.388111
19.387726
17.613949
17.214073
17.616736
17.211528
17.73577
18.151621
18.152129
17.735066
17.613334
17.209976
17.210917
17.612568
17.101985
17.102977
13.533202
13.532896
23.278885
13.76785
13.766278
13.275641
12.589921
12.592959
13.758363
13.764316
11.881378
20.952189
11.86809
20.945566
22.720465
23.006066
22.722147
22.776065
23.067762
23.026208
22.738268
21.68386
21.06282
21.681845
21.064492
21.906392
22.57125
22.536692
21.930542
21.690673
21.081491
21.068592
21.71161
20.084314
19.54034
20.082682
19.541961
20.261668
20.861085
20.850261
20.267976
20.086149
19.546374
19.54319
20.091429
19.374141
19.37141
13.432753
13.432378
12.459496
13.164849
12.451058
22.983251
13.623548
13.608935
13.164154
12.435076
12.447453
13.582125
13.603593
24.463551
24.805427
24.499736
12.000845
21.056864
24.439966
24.439469
24.784666
23.541851
23.540982
22.774655
22.770656
23.720164
24.257036
24.262753
23.703767
23.520835
23.503014
22.742448
22.76052
21.929343
22.570551
21.932112
22.566565
21.711885
21.08761
21.71424
21.086046
21.924339
22.540823
22.558132
21.910772
21.707614
21.075049
21.083307
21.695461
20.277058
20.868335
20.278313
20.8669
20.101433
19.559915
20.102665
19.558727
20.275421
20.857334
20.864516
20.270673
20.099966
19.554673
19.557623
20.095794
18.757771
18.294473
18.758883
18.293391
19.388367
19.387193
18.940428
18.756987
18.291156
18.292712
18.755083
19.383505
19.386174
17.611387
17.209771
17.612425
17.20874
17.73334
18.148399
18.149851
17.732167
17.610851
17.207421
17.208274
17.609762
17.099505
17.100287
13.531764
13.531821
13.757068
13.753423
22.997023
13.275432
12.581046
12.583349
22.915099
13.757472
13.752574
23.026013
11.870903
20.945974
11.868996
24.639203
24.852079
22.779829
23.070994
23.060766
22.766778
22.688064
23.03916
22.747407
21.700922
21.082966
21.71432
21.07303
21.907282
22.493302
22.543194
21.878784
21.690443
21.051986
21.066377
21.666666
20.086185
19.546432
20.091764
19.542251
20.258535
20.835314
20.847688
20.25023
20.082941
19.534434
19.539946
20.075535
19.363123
19.368195
13.42692
13.425811
12.430175
13.156369
12.41176
23.069863
13.574303
5.2837277
13.551614
13.154927
12.38228
12.404884
7.0909443
13.519499
13.543537
24.445597
24.39472
24.743726
12.001555
21.058569
24.563861
24.403875
23.489569
23.503874
22.740639
23.028934
22.741334
23.698059
24.375274
24.229753
23.793794
23.502534
23.583518
22.796525
23.092495
22.752392
21.915432
22.538708
21.908767
22.541878
21.70049
21.074003
21.693686
21.079939
21.922925
22.588831
22.552153
21.943277
21.707102
21.094908
21.084399
21.724031
20.274579
20.856488
20.270252
20.861986
20.09949
19.554531
20.095466
19.557888
20.277375
20.875136
20.865911
20.284151
20.102033
19.565095
19.559908
20.108293
18.757844
18.291215
18.755089
18.293785
19.383404
19.386605
18.759407
18.299085
18.295202
18.763607
19.393441
19.388505
17.612197
17.207582
17.609888
17.209776
17.735888
18.156136
18.152353
17.739421
17.613419
17.214192
17.21091
17.616883
17.106171
17.102944
13.535447
13.5364
13.767376
13.779712
23.897156
13.280853
12.596933
12.59665
13.782301
13.778589
23.928704
11.866881
20.94271
24.927633
11.867286
24.921299
22.693131
22.972152
23.054799
22.758375
22.73168
23.06063
22.764448
21.688781
21.052029
21.667916
21.061732
21.912
22.531336
22.556835
21.902447
21.692924
21.064096
21.064416
21.686692
20.077549
19.533771
20.074915
19.535035
20.254562
20.845601
20.844894
20.256787
20.078861
19.538456
19.535965
20.081268
19.366754
19.364316
13.419291
13.418714
12.373857
13.146064
12.346578
22.733986
13.512198
13.49723
13.145146
12.308639
12.337265
13.505452
13.493889
24.560274
24.915367
24.362536
24.702636
12.001922
21.058713
24.489848
24.368714
23.487235
23.579704
22.793791
23.089291
22.746718
23.678485
24.307233
24.198082
23.747448
23.486101
23.543454
22.772807
23.06366
22.743555
21.924282
22.586543
21.942349
22.548518
21.709639
21.095093
21.723464
21.089239
21.921881
22.568968
22.54532
21.933324
21.707615
21.092612
21.088214
21.71653
20.283318
20.875479
20.284775
20.871188
20.108057
19.56585
20.108968
19.565961
20.283061
20.874
20.870414
20.285317
20.107909
19.567656
19.566027
20.109939
18.765216
18.299874
18.764387
18.300925
19.394208
19.39453
18.950917
18.952249
18.765426
18.302277
18.301172
18.766693
19.396186
19.394641
17.618982
17.21499
17.617675
17.216421
17.741752
18.15934
18.158289
17.742664
17.619269
17.217494
17.216729
17.620141
17.109485
17.108747
13.542524
13.54309
13.776514
13.779998
23.097339
13.288513
12.630698
12.618484
13.792795
13.784248
11.876808
20.946719
24.754692
11.895315
22.72427
23.009941
23.014603
22.729821
22.784802
23.080727
23.028588
22.742767
21.689014
21.063135
21.683385
21.068209
21.911938
22.577575
22.541948
21.933896
21.695908
21.083331
21.0725
21.714545
20.085896
19.53925
20.081874
19.542599
20.263764
20.862526
20.85368
20.268296
20.087849
19.545412
19.543864
20.091395
19.372921
19.3718
13.41593
13.415504
12.299025
13.140667
12.237916
13.507466
13.734269
13.140234
12.25077
12.203675
21.726611
13.508868
13.931829
24.483976
24.831786
24.496811
11.98034
21.050301
24.407536
24.748557
24.508433
23.55045
23.547692
22.779392
23.069992
23.070061
22.778883
23.748852
24.235224
24.320313
23.706928
23.543182
23.512024
22.761322
22.772116
21.93809
22.575342
21.937835
22.574735
21.720902
21.09478
21.720344
21.095748
21.934717
22.560499
22.568735
21.930261
21.71822
21.091091
21.094405
21.714239
20.28709
20.875791
20.286392
20.876743
20.111457
19.568312
20.110871
19.568585
20.286366
20.872433
20.875643
20.283346
20.110784
19.565041
19.567974
20.107793
18.76701
18.302598
18.767111
18.302322
19.396781
19.396966
18.766411
18.299057
18.301719
18.763627
19.393445
19.396361
17.619836
17.217617
17.620328
17.21703
17.741835
18.156109
18.158705
17.739473
17.61926
17.214491
17.216484
17.616987
17.106561
17.108452
13.544434
13.544326
23.405281
13.796025
13.806225
13.290663
12.649288
12.644663
13.822762
13.81048
11.879781
20.950573
24.910651
24.848626
11.85941
22.784552
23.077614
23.068146
22.773158
22.640681
22.90706
23.058858
22.759203
21.699824
21.083843
21.716269
21.070002
21.904868
22.454439
22.549449
21.850773
21.686813
21.034299
21.061426
21.641683
20.082188
19.544575
20.090756
19.538304
20.253818
20.819501
20.842665
20.239248
20.078384
19.526958
19.536007
20.065627
19.356354
19.364453
13.412373
13.412068
12.256382
13.135669
12.257283
13.461115
13.434352
13.135329
12.241209
12.25614
13.374794
13.425799
22.127864
24.464901
24.810989
24.51519
11.989582
21.055856
24.401845
24.747545
24.406234
24.744558
23.548502
23.535501
22.77041
23.060011
23.067553
22.776016
23.711702
24.23463
24.235117
23.701422
23.517757
23.503308
22.742774
22.766609
21.93327
22.567023
21.932046
22.571208
21.715731
21.090754
21.715203
21.089877
21.931062
22.544825
22.564473
21.915252
21.714196
21.080348
21.08939
21.700322
20.280869
20.871885
20.282466
20.870719
20.105229
19.564044
20.106859
19.562601
20.280943
20.86256
20.870416
20.27602
20.105399
19.559671
19.563009
20.10102
18.762001
18.298253
18.762724
18.297952
19.392449
19.391115
18.948056
18.945864
18.762708
18.296871
18.298708
18.759472
19.388577
19.391576
17.616672
17.214036
17.6164
17.214565
17.739808
18.154251
18.155974
17.738641
17.61746
17.214417
17.215335
17.616541
17.107265
17.107486
13.544293
13.54454
23.412559
13.827083
13.842433
13.291498
12.635563
12.650056
22.487381
13.810261
13.846504
23.224018
26.34884
21.090197
11.997776
26.348978
14.713317
14.860996
14.862409
14.712031
13.001406
13.276404
21.059306
26.317523
12.002012
26.318859
14.706335
14.856034
14.707213
14.855139
13.000906
13.27165
21.057239
26.316314
12.00111
26.315014
14.703269
14.851996
14.703237
14.852027
13.000723
13.270134
26.316671
21.058372
12.001621
26.315383
14.706178
14.854486
14.705707
14.854968
13.006193
13.274518
21.058171
26.316684
12.001352
26.317605
14.705759
14.855031
14.706263
14.854505
13.009494
13.276245
21.053243
26.316069
11.991154
26.314724
14.702068
14.851067
14.702401
14.850726
13.008487
13.275119
21.051737
26.316061
11.993983
26.315814
14.702149
14.850243
14.70168
14.850709
13.011056
13.277965
21.051217
26.316152
11.982908
26.315226
14.708369
14.856314
14.707695
14.856989
13.020854
13.286186
26.315131
21.050813
11.981364
26.31471
14.710307
14.858988
14.710391
14.858897
13.028823
13.290469
21.054703
26.319131
11.990292
26.317256
14.708872
14.857306
14.708796
14.857393
13.03126
13.290773
20.974574
26.275815
11.874407
26.308347
20.955563
26.234565
11.893049
26.23654
15.127216
14.944413
14.946307
15.125454
15.131037
14.951191
14.949957
15.132318
14.635609
14.785908
14.787803
14.633851
13.706499
13.435693
14.639406
14.79274
14.791531
14.6406
13.439639
13.712812
12.902232
13.174778
14.146315
4.7425713
30.564446
13.178349
12.910065
28.084712
28.27328
21.050382
26.317044
11.98137
26.31873
15.196074
15.016575
15.017979
15.194804
15.191582
15.012359
15.013425
15.190533
13.80399
13.535807
14.709198
14.857014
14.708172
14.858067
13.533047
13.801043
13.273714
13.001327
20.947735
26.238186
11.869738
26.239064
20.945809
26.231413
11.871384
26.231855
15.135077
14.952519
15.133694
14.953856
15.139607
14.958437
14.95826
15.139785
14.643151
14.794038
14.641874
14.795342
13.71392
13.442933
14.64737
14.799817
14.799642
14.647547
13.446144
13.718369
12.911014
13.18141
27.551432
28.209222
13.184119
12.913711
28.630603
27.952485
21.051614
26.315392
11.99408
26.314944
15.188681
15.011371
15.010472
15.189563
15.185886
15.007422
15.007618
15.185699
13.800219
13.530907
14.703515
14.852077
14.703317
14.852278
13.528904
13.796835
13.269836
13.000379
20.945728
26.235604
11.868125
26.233497
26.233606
20.944397
11.869633
26.233034
15.139449
14.958379
15.139723
14.958112
15.135982
14.953821
14.954705
15.135084
14.647246
14.799762
14.647498
14.799501
13.718208
13.445563
14.643947
14.795269
14.796142
14.643087
13.441421
13.713073
12.913302
13.183166
28.661438
27.971408
13.178427
12.905481
28.447007
27.779448
21.053419
26.314497
11.995745
26.314863
15.185674
15.007348
15.007384
15.185631
15.187197
15.009384
15.008891
15.187696
13.796798
13.529032
14.70474
14.853986
14.705216
14.853504
13.531101
13.799077
13.272572
13.005396
20.94616
26.237457
11.868739
26.234775
26.234946
20.95146
11.887692
26.236635
15.133359
14.952947
15.134195
14.952125
15.131364
14.950312
14.950146
15.131544
14.641437
14.794407
14.642237
14.793595
13.712104
13.43828
14.639439
14.791759
14.791611
14.639565
13.434636
13.707935
12.904076
13.174837
29.056726
28.157104
13.17024
12.896165
28.437474
28.082956
21.052119
26.314868
11.986476
26.316779
15.188727
15.009897
15.010393
15.188219
15.189579
15.010909
15.011227
15.189248
13.799593
13.532812
14.706972
14.855467
14.70668
14.855773
13.534283
13.801109
13.276425
13.009489
20.946122
26.237387
11.868863
26.238357
20.950898
26.232451
11.882881
26.232696
15.132355
14.950638
15.131888
14.951085
15.135099
14.954215
14.953753
15.135569
14.640232
14.792062
14.639841
14.792482
13.707869
13.433949
14.642669
14.795495
14.795048
14.643098
13.433714
13.708633
12.895413
13.168855
29.009348
28.424225
13.167304
12.890433
28.032361
28.980954
21.049554
26.316062
11.986085
26.314686
15.188219
15.010456
15.009912
15.18878
15.185467
15.006791
15.007203
15.185056
13.800871
13.533807
14.70317
14.851438
14.702766
14.851848
13.532363
13.798517
13.275307
13.008548
26.234236
20.949024
11.879163
26.235172
20.945207
26.231742
11.870856
26.231099
15.136402
14.95464
15.136002
14.95503
15.137538
14.956001
14.956102
15.137446
14.64385
14.795908
14.643492
14.796284
13.708685
13.433291
14.644742
14.797169
14.79728
14.644616
13.431349
13.707355
12.889537
13.166007
28.317704
28.594734
13.162467
12.880448
27.900211
28.250026
26.314987
21.051307
11.993993
26.315227
15.184333
15.006417
15.00607
15.184682
15.183293
15.00521
15.005084
15.183408
13.798287
13.531857
14.701224
14.849944
14.701374
14.849807
13.532229
13.798441
13.276078
13.010279
26.231773
20.94607
11.871839
26.231179
20.95595
26.236934
11.892223
26.235208
15.136812
14.955754
15.137204
14.955362
15.133607
14.951616
14.952195
15.133024
14.643957
14.796916
14.644353
14.796524
13.706784
13.428983
14.640855
14.79283
14.793403
14.640281
13.4236
13.701001
12.878641
13.159095
27.405844
28.784945
13.152046
12.863559
27.455444
28.86181
26.317629
21.053076
11.985672
26.315903
15.184158
15.005501
15.005965
15.183694
15.18824
15.010848
15.009998
15.189097
13.798889
13.533787
14.706095
14.855545
14.70693
14.854701
13.538383
13.80465
13.283099
13.019547
20.953564
26.234768
11.891896
26.233883
20.955097
26.234252
11.895439
26.234633
15.132206
14.951143
15.132552
14.950791
15.132099
14.950769
14.950617
15.132263
14.639437
14.792358
14.639803
14.792002
13.700263
13.42073
14.639095
14.791899
14.791763
14.639208
13.417789
13.69759
12.861425
13.148173
27.987761
28.679146
13.143528
12.849588
28.110586
28.093631
21.049694
26.31673
11.980059
26.314854
15.190545
15.011619
15.012292
15.189872
15.192385
15.014246
15.014155
15.192471
13.8055
13.541107
14.71028
14.858984
14.710382
14.858884
13.543932
13.809003
13.28958
13.028156
20.953047
26.234855
11.893989
26.235373
20.945118
26.236772
11.868821
26.236366
15.132602
14.950932
15.132438
14.951088
15.132645
14.950985
14.951153
15.132454
14.639455
14.792049
14.639334
14.792192
13.697437
13.416705
14.639419
14.792067
14.792232
14.639246
13.414639
13.695907
12.848302
13.141538
28.815848
28.869008
13.13875
12.839233
28.333581
28.509639
21.058304
26.316196
12.000989
26.315356
15.192344
15.014242
15.01414
15.192458
15.190787
15.012502
15.012718
15.190536
13.809136
13.544483
14.709055
14.857379
14.708867
14.857577
13.544063
13.808547
13.290618
13.031066
20.953625
26.236822
11.88354
26.237541
20.975116
26.275489
11.877598
26.313588
15.132024
14.950791
15.132234
14.950612
15.131413
14.948405
14.950139
15.129812
14.638862
14.791877
14.639049
14.7917
13.695565
13.4132
14.638133
14.789365
14.791102
14.636531
13.411175
13.69248
12.838605
13.136577
28.712635
28.988641
13.134597
12.83043
26.80482
28.596065
21.089134
26.35038
11.994523
26.349818
15.190476
15.012418
15.012503
15.190419
15.192141
15.012694
15.014234
15.190737
13.808523
13.543959
14.71021
14.857378
14.858927
14.708788
13.544465
13.808118
13.291642
13.02939
22.119743
21.881184
22.478619
22.259516
22.339166
22.516905
21.862957
22.05529
20.429724
20.241223
20.820864
20.607023
20.624469
20.827019
20.237592
20.414716
19.073439
19.352961
19.204333
19.210977
19.355038
19.067962
26.619903
26.647421
21.056955
26.315027
11.973182
26.310419
26.63838
23.922314
23.710985
23.922912
24.252964
24.090946
24.119613
24.111828
24.243869
24.112648
23.714116
23.90632
23.927808
17.873572
17.745128
17.874535
18.161628
18.010172
18.012457
18.011446
18.161506
18.012384
17.745311
17.872601
17.87467
17.112944
16.995488
16.995677
16.994066
17.112561
16.995062
16.884304
15.797964
15.915682
15.915404
15.798305
14.540252
14.388973
14.389615
14.538968
14.713123
14.861352
14.862186
14.712344
12.841557
12.55058
13.27633
13.003268
12.549546
12.842619
21.927255
22.154933
22.3444
22.552155
21.920228
22.132332
22.371607
22.564672
20.27087
20.459431
20.646804
20.859674
20.268149
20.451028
20.655778
20.863066
19.092998
19.22495
19.374407
19.086603
19.231505
19.376683
26.629917
26.628148
21.055534
26.31625
11.996712
26.316284
26.628161
23.707678
23.917147
23.920551
24.201601
24.275034
24.14164
23.733726
23.999332
23.948688
24.111415
24.244592
24.111957
17.738144
17.8669
17.867676
18.007272
18.155743
18.006518
17.738915
17.869217
17.868465
18.004902
18.154901
18.005708
16.875044
16.87667
16.988833
17.105666
16.875824
16.988025
16.986595
17.104913
16.987274
15.789782
15.522061
15.907977
15.790586
15.90718
14.533563
14.383843
14.534423
14.382987
14.705547
14.853643
14.854339
14.704862
12.840542
12.56255
13.271085
13.000096
12.565078
12.839819
21.902095
22.116242
22.351096
22.535504
21.908289
22.136602
22.325736
22.522994
20.264576
20.448461
20.649528
20.854775
20.266397
20.454256
20.643132
20.852266
19.088807
19.230618
19.375757
19.09241
19.226854
19.374421
26.631233
21.05324
26.317765
11.991031
26.317634
26.62852
23.756463
23.999977
23.980003
24.10822
24.269175
24.134915
23.725935
23.917007
23.941373
24.208949
24.327062
24.182809
18.944817
17.735837
17.865429
17.865303
18.003081
18.152244
18.003158
17.735729
17.865125
17.865194
18.003391
18.152359
18.003271
16.872855
16.985021
17.10266
16.872743
16.985063
16.985356
17.102771
16.985179
15.787646
15.519991
15.519774
15.904935
15.78751
15.905074
14.530579
14.37996
14.530541
14.379995
14.703401
14.852382
14.852159
14.703624
12.841178
12.580813
13.270457
13.002343
12.582657
12.843502
21.897081
22.098665
22.364208
22.553775
21.911189
22.144673
22.3094
22.529775
20.25074
20.431951
20.639288
20.844599
20.25424
20.443348
20.625993
20.838979
19.076824
19.219766
19.363993
19.081824
19.214419
19.361984
26.317743
21.056645
11.994162
26.316763
26.630051
23.725217
23.985569
23.941633
24.071605
24.221785
24.091232
23.69056
23.882504
23.901852
24.18735
24.273279
24.136756
18.949407
18.948101
17.739762
17.870055
17.869269
18.005419
18.155429
18.006336
17.738894
17.867478
17.86836
18.008118
18.156429
18.007288
16.987565
17.105856
16.87593
16.98827
16.989508
17.106562
16.988949
15.791179
15.523531
15.523166
15.908144
15.790671
15.908671
14.533499
14.382431
14.533033
14.38289
14.706591
14.855714
14.855392
14.706905
12.848559
12.59346
13.275101
13.00827
12.594489
12.851202
21.920708
22.149949
22.327702
22.550118
21.90957
22.113968
22.368981
22.567013
20.257599
20.446416
20.630368
20.844624
20.2543
20.435664
20.642821
20.84977
19.082498
19.215772
19.363694
19.078014
19.220618
19.36554
26.629669
26.315485
21.054407
11.996152
26.315381
26.63008
23.677084
23.890988
23.887602
24.138078
24.224403
24.093855
23.693303
23.942954
23.9045
24.082352
24.208023
24.07683
18.947472
17.737232
17.865804
17.866668
18.006805
18.154781
18.005684
17.738232
17.868778
17.867703
18.003725
18.153668
18.004612
16.876088
16.98845
17.105203
16.875287
16.987623
16.986046
17.104347
16.986792
15.789446
15.520887
15.521512
15.907578
15.790113
15.906893
14.533155
14.383088
14.533636
14.382634
14.705208
14.853358
14.853934
14.704649
12.853103
12.595521
13.276055
13.009098
12.594778
12.853158
21.89327
22.115173
22.324165
22.514253
21.89245
22.112797
22.326616
22.514889
20.258087
20.444456
20.63731
20.844014
20.257539
20.442835
20.638933
20.844583
19.086193
19.222549
19.368912
19.084629
19.224135
19.369448
26.630391
26.628119
21.047334
26.317207
11.978163
26.317556
26.625562
23.761907
23.969281
23.98791
24.152698
24.317678
24.176663
23.755602
23.958391
23.976737
24.17094
24.342939
24.194235
18.944342
17.734382
17.863392
17.86389
18.002449
18.151389
18.002259
17.734732
17.864443
17.864242
18.001389
18.151031
18.001904
16.871156
16.87179
16.984156
17.101493
16.8715
16.983876
16.983128
17.101148
16.983532
15.785816
15.903607
15.786156
15.518215
15.903263
14.529573
14.379511
14.529895
14.379206
14.701769
14.850146
14.850416
14.701514
12.853281
12.587114
13.275157
13.008648
12.585754
12.854235
21.928299
22.140913
22.37288
22.575574
21.933081
22.155833
22.357879
22.571411
20.265423
20.448186
20.651798
20.861281
20.267596
20.455164
20.643947
20.858196
19.085759
19.227455
19.373462
19.089106
19.223874
19.372127
26.630448
26.629322
21.052395
26.316117
11.994218
26.316003
23.689617
23.896396
23.904491
24.122007
24.253744
24.114663
23.700034
23.924313
23.917759
24.086565
24.234802
24.098538
17.733549
17.864044
17.862931
17.999505
18.148944
17.999974
17.732744
17.861643
17.862109
18.001957
18.149804
18.000814
16.871073
16.982172
17.100136
16.870358
16.982631
16.984298
17.100873
16.983355
15.786341
15.903063
15.785687
15.517435
15.517897
15.903725
14.529769
14.379075
14.529296
14.379558
14.702767
14.852083
14.851331
14.703511
12.857903
12.582227
13.278832
13.014483
12.585833
12.860522
21.898482
22.12921
22.304124
22.513712
21.8883
22.095328
22.346871
22.534515
20.25148
20.438472
20.627936
20.836831
20.250199
20.434056
20.633677
20.839636
19.079637
19.216608
19.362389
19.078972
19.21742
19.362777
26.628348
26.625878
21.055683
26.316404
11.992547
26.314404
23.711469
23.884733
23.925178
24.223782
24.326872
24.182734
23.757579
24.017257
23.980386
24.068724
24.251858
24.117725
17.741171
17.870944
17.870659
18.007766
18.157448
18.008303
17.740777
17.869732
17.870284
18.008926
18.157784
18.008659
16.989351
17.10759
16.989979
16.877627
16.990845
17.108063
16.990464
15.792909
15.909823
15.792353
15.523744
15.910376
14.535954
14.385069
14.53528
14.385752
14.708944
14.858034
14.857562
14.70942
12.869515
12.605034
13.287056
13.024492
12.609662
12.873686
21.898505
22.121202
22.327115
22.521644
21.896566
22.11528
22.333076
22.523413
20.259514
20.446813
20.637039
20.845546
20.258091
20.442349
20.641712
20.847174
19.086165
19.221356
19.368479
19.083417
19.224293
19.369542
26.625464
26.62724
21.055437
26.314823
11.994316
26.315293
26.625157
23.752627
23.975651
23.971182
24.165687
24.307052
24.167294
23.750725
23.968581
23.969347
24.17492
24.305906
24.168161
17.742791
17.871992
17.872358
18.01045
18.159759
18.010553
17.742935
17.872407
17.872489
18.010073
18.15966
18.010436
16.879626
16.991951
17.10956
16.991902
16.879575
16.991313
17.10936
16.991692
15.79394
15.911626
15.794163
15.911395
14.53792
14.387898
14.537998
14.387841
14.710138
14.858466
14.858718
14.709898
12.878832
12.637585
13.290595
13.030185
12.640389
12.881015
21.929175
22.142166
22.375741
22.576066
21.934491
22.158341
22.360659
22.572236
20.262557
20.444391
20.651873
20.860676
20.265858
20.454866
20.640318
20.856315
19.082035
19.22518
19.370543
19.086686
19.220041
19.368546
26.623619
26.627522
21.048562
26.31825
11.976458
26.315521
26.626421
23.784972
23.977713
24.018594
24.149918
24.362759
24.212578
23.774721
23.954207
24.003842
24.181126
24.390198
24.233135
17.738548
17.868366
17.867913
18.006223
18.154867
18.005787
17.738499
17.868285
17.867899
18.006179
18.154794
18.005755
16.876753
16.876544
16.988597
17.106007
16.87649
16.988487
16.989242
17.106205
16.988705
15.792287
15.524948
15.909285
15.792
15.909565
14.536534
14.386588
14.536467
14.386666
14.709109
14.858066
14.857653
14.709482
12.883746
12.651117
13.290965
13.031911
12.65136
12.885713
26.572181
26.239606
20.949855
11.863575
26.235939
26.359302
25.256208
24.672815
24.831065
25.114703
20.948149
26.23688
11.87801
26.238688
26.568389
26.57102
25.304336
24.738912
24.86719
25.164887
22.675812
22.723372
23.030097
22.744857
23.05283
22.759893
21.463878
21.665135
21.037068
21.233515
21.262136
21.044524
21.650712
21.429174
22.130636
21.911034
22.543811
22.34158
22.350596
22.553647
21.911474
22.129656
21.472151
21.692149
21.067969
21.282432
21.269507
21.063568
21.694332
21.483583
19.899695
20.066591
19.523811
19.704
19.71371
19.526098
20.063452
19.889206
20.434206
20.252986
20.84843
20.643095
20.629542
20.843881
20.257268
20.447337
19.902821
20.077078
19.53713
19.727129
19.716486
19.533684
20.08117
19.914136
19.075322
19.365154
19.221909
19.213033
19.361912
19.083673
16.835516
16.833494
16.835347
16.367231
16.237866
16.238578
16.366501
16.837455
16.840354
16.838781
16.369339
16.241924
16.240672
16.370623
15.739451
15.468527
15.4682
15.857719
15.858458
15.73879
15.31385
15.467585
15.467987
15.312062
15.127922
14.947441
15.128422
14.946962
15.741574
15.469077
15.861758
15.860571
15.742728
15.129931
14.948057
15.129057
14.948896
15.31744
15.472216
15.47096
15.318706
14.458919
14.303713
14.304804
14.45717
14.636325
14.78901
14.788507
14.636857
13.926526
14.106511
14.105033
13.436484
13.709359
13.926839
14.638362
14.789642
14.790482
14.637512
14.4628
14.309681
14.308539
14.463981
13.438642
13.709973
13.930078
14.109453
14.108317
13.927371
12.751578
12.486715
13.175393
12.906552
12.491644
12.752011
13.665565
22.666373
27.321262
28.603521
13.671758
22.717229
22.878798
13.177414
12.907339
12.754584
12.497829
12.752372
12.49726
27.817685
28.172379
22.952195
13.669646
22.826794
13.670084
22.990907
22.913344
25.201164
24.804794
24.436999
24.769767
24.420876
25.252463
26.620821
21.055426
26.314647
11.991057
26.313782
26.625997
26.628413
25.295324
24.958053
24.597781
24.868914
24.520558
25.392132
23.338089
23.515169
23.335495
23.05303
23.050084
23.516907
23.325498
23.336254
23.049612
22.759147
22.763402
23.946201
23.772096
23.994573
24.40376
24.253451
24.250414
24.138392
24.337634
24.19573
23.806662
24.041031
24.038551
23.353555
23.566626
23.378832
23.099452
23.09913
23.06553
23.593257
23.400016
23.399154
22.802393
23.084487
22.792054
22.155324
21.9331
22.557378
22.351818
22.368589
22.561951
21.929245
22.138612
21.507844
21.717326
21.092247
21.295021
21.306742
21.094646
21.713715
21.494577
22.161175
21.946198
22.594332
22.389289
22.375788
22.586587
21.949061
22.170894
21.510816
21.727815
21.10022
21.311285
21.309061
21.099555
21.72983
21.514123
20.472904
20.287067
20.874
20.660402
20.668267
20.876035
20.28605
20.466229
19.941107
20.111563
19.568599
19.75059
19.754629
19.569051
20.11077
19.936744
20.473502
20.288017
20.880132
20.669635
20.669184
20.879682
20.288118
20.473661
19.941006
20.111883
19.567856
19.753737
19.75435
19.568014
20.111916
19.940578
18.595788
18.768652
18.596669
18.304366
18.434684
18.437355
18.436441
18.304298
18.437341
18.768827
18.593714
18.596584
19.11323
19.397185
19.249001
19.250939
19.397544
19.112213
18.951695
18.594853
18.766035
18.594142
18.300811
18.433485
18.434052
18.43545
18.301479
18.434661
18.76555
18.593084
18.593606
19.112578
19.395981
19.249289
19.250348
19.3962
19.111377
17.486669
17.622744
17.487653
17.220673
17.350601
17.35224
17.351083
17.220469
17.352047
17.622975
17.486135
17.487874
17.872459
17.742011
17.871468
18.157834
18.00796
18.00864
18.010357
18.158558
18.00941
17.74115
17.869927
17.870647
17.485502
17.619561
17.484412
17.21617
17.346954
17.347819
17.349911
17.217182
17.348797
17.61866
17.482638
17.483468
16.418767
16.291669
16.29133
16.419096
16.879704
17.108244
16.989701
16.990654
16.992885
17.109283
16.991717
16.87859
16.415246
16.286673
16.287834
16.414099
15.380039
15.531589
15.531512
15.378742
15.195823
15.01681
15.017691
15.194944
15.794723
15.528441
15.910923
15.912083
15.79356
15.192696
15.015711
15.193842
15.014556
15.37524
15.524871
15.525995
15.374156
14.019802
14.195708
14.193838
13.535816
13.804508
14.017719
14.71027
14.860297
14.711345
14.859175
14.536358
14.384773
14.53536
14.385759
13.533825
13.803672
14.013764
14.188702
14.189658
14.016746
13.746377
23.097054
13.737338
13.274463
13.002823
12.840937
12.555753
12.842234
12.553777
22.959903
13.713432
13.712772
20.947035
26.235505
11.871601
26.233222
26.574764
25.314909
24.85223
25.292251
24.882476
20.946261
26.231574
11.871867
26.232175
26.566113
26.566384
25.262155
24.844477
24.839688
25.26824
22.754697
22.769563
22.77917
22.783287
21.709716
21.500558
21.28588
21.079057
21.703851
21.486823
21.297893
21.08283
22.159061
21.937219
22.574187
22.36332
22.376057
22.578463
21.93351
22.147253
21.503157
21.71809
21.085454
21.292871
21.300044
21.087635
21.71476
21.494851
20.094372
19.924941
19.730494
19.54673
20.091778
19.917607
19.737592
19.549067
20.460597
20.273943
20.865324
20.652729
20.657084
20.867174
20.272858
20.456963
19.925932
20.09733
19.551484
19.736946
19.738569
19.551962
20.096433
19.923914
19.093983
19.379217
19.231723
19.232487
19.379596
19.093419
16.845282
16.84205
16.843735
16.376937
16.246601
16.375419
16.248087
16.848214
16.848502
16.379942
16.251417
16.251052
16.380301
15.748382
15.477389
15.476249
15.866162
15.747006
15.867573
15.321439
15.473578
15.320069
15.474953
15.13638
14.956235
15.137531
14.955118
15.751237
15.478311
15.870877
15.870479
15.751638
15.479377
15.13917
14.957152
15.138473
14.957832
15.325862
15.479511
15.326009
14.466493
14.31089
14.465237
14.312098
14.644356
14.797663
14.796573
14.645423
13.931176
14.110652
14.111848
13.443925
13.716872
13.934187
14.646955
14.798557
14.799223
14.6463
14.470653
14.316234
14.316072
14.470833
13.445905
13.717563
13.93585
14.115959
14.115794
13.934914
12.755448
12.498527
13.182313
12.913268
12.498103
12.757593
13.66957
23.020899
28.568126
28.535639
13.67029
23.123704
23.098833
13.183991
12.913693
12.757224
12.495939
12.757907
12.496507
28.303159
27.968253
13.670757
13.670345
22.99732
23.053344
25.202511
24.793109
24.450498
25.220447
24.767145
24.420596
26.629372
21.052046
26.315943
11.994114
26.316134
26.628927
26.629127
25.2461
24.794587
24.438996
24.802465
24.446096
25.238299
23.511039
23.322126
23.330938
23.062354
23.534659
23.380046
23.352077
22.773814
23.044107
22.758274
23.923442
23.70791
23.92637
24.256571
24.108388
24.118273
24.120149
24.262863
24.123727
23.704467
23.914544
23.921849
23.32142
23.506218
23.321934
23.033038
23.03203
23.503912
23.320505
23.320674
23.031423
22.744178
23.0317
22.743769
21.927508
22.138027
22.382055
22.570967
21.935865
22.165051
22.350449
22.557477
21.711598
21.493998
21.308436
21.093193
21.718693
21.510772
21.294099
21.088805
22.133172
21.913853
22.54299
22.348081
22.345591
22.542274
21.914472
22.135261
21.490081
21.699111
21.079728
21.290346
21.290585
21.079865
21.699534
21.490375
20.281576
20.464085
20.667805
20.874044
20.284052
20.472067
20.658643
20.870278
20.106144
19.933988
19.752767
19.565248
20.108328
19.939493
19.747833
19.563684
20.46188
20.275906
20.862076
20.654903
20.656173
20.862342
20.275427
20.460438
19.932366
20.10102
19.559264
19.744744
19.746352
19.559775
20.100515
19.930746
18.762482
18.589643
18.590637
18.432828
18.298754
18.432023
18.763513
18.592435
18.591604
18.430162
18.297874
18.431102
19.107283
19.248551
19.393579
19.110685
19.244852
19.39216
18.94522
18.588755
18.759759
18.588077
18.295176
18.428108
18.428273
18.429321
18.295565
18.428674
18.759325
18.587499
18.587662
19.106202
19.388052
19.242206
19.243688
19.388552
19.10478
17.615602
17.479633
17.480346
17.346153
17.213661
17.34538
17.616362
17.481862
17.481099
17.343931
17.212911
17.344631
17.86621
17.736212
17.865671
18.152335
18.003095
18.003262
18.004183
18.15271
18.003624
17.735868
17.865149
17.865318
17.47901
17.613728
17.47852
17.21083
17.342344
17.342518
17.343322
17.211152
17.342843
17.613391
17.478016
17.478189
16.410463
16.283766
16.411246
16.282972
16.873286
17.10285
16.985074
16.985249
16.986016
17.10317
16.985562
16.872961
16.408749
16.280918
16.281237
16.408437
15.372237
15.523837
15.522898
15.373152
15.187893
15.008973
15.009669
15.18721
15.788049
15.52073
15.905141
15.905457
15.787728
15.1862
15.008395
15.186643
15.007942
15.369307
15.519706
15.519915
15.369099
14.012845
14.1878
14.18697
13.530313
13.798155
14.010565
14.703839
14.853063
14.70429
14.852606
14.530805
14.380035
14.530614
14.380229
13.529092
13.797653
14.00907
14.184154
14.184329
14.010009
13.719261
23.019971
13.720764
13.269978
13.000007
12.840647
12.574314
12.839842
12.571969
23.069368
13.729438
13.727549
26.569175
20.95217
26.234592
11.881278
26.232044
25.133399
24.799061
25.244332
24.69506
26.234987
20.944862
11.867768
26.23366
26.568591
26.566451
25.259303
24.890989
24.819495
25.321227
22.736162
22.720456
23.064514
22.769787
22.747623
21.688407
21.477088
21.287406
21.072867
21.6934
21.488321
21.277906
21.069972
22.121597
21.912513
22.563196
22.367272
22.332586
22.545399
21.920163
22.147656
21.47911
21.695822
21.072325
21.284343
21.279154
21.071067
21.701245
21.487825
20.089158
19.917548
19.73542
19.547637
20.090842
19.922179
19.731052
19.546234
20.447895
20.261932
20.852493
20.64182
20.642862
20.852021
20.261101
20.445769
19.916494
20.086103
19.541291
19.725951
19.729924
19.542612
20.085064
19.912733
19.087607
19.369403
19.221517
19.225651
19.37075
19.083507
16.846928
16.848158
16.847627
16.379031
16.250824
16.379664
16.250205
16.844192
16.843136
16.376423
16.246621
16.247631
16.375402
15.750737
15.47792
15.478571
15.870469
15.751272
15.479075
15.869915
15.325606
15.4794
15.325914
15.138993
14.957073
15.138388
14.957666
15.748378
15.477155
15.866546
15.867504
15.747437
15.474459
15.136853
14.956362
15.137665
14.955563
15.322002
15.475395
15.321081
14.470549
14.31618
14.470791
14.315929
14.64682
14.798479
14.799064
14.646247
13.935737
14.115908
14.11566
13.444986
13.716658
13.934346
14.644781
14.797778
14.796989
14.645558
14.467299
14.311804
14.312658
14.466448
13.442442
13.715869
13.931015
14.111521
14.112382
13.933615
12.756402
12.497119
13.182462
12.910819
12.499271
12.753065
23.227623
13.678606
23.352228
27.99765
28.213123
13.652434
23.709445
23.118116
23.156169
13.179578
12.909583
12.747944
12.484815
12.752101
12.487146
28.712439
28.712725
13.661241
23.249302
13.665121
22.913524
23.243489
25.304976
24.790607
24.445922
25.220323
24.868678
24.513522
26.629234
21.056552
26.315865
12.000243
26.31731
26.628588
26.630258
25.221624
24.750495
24.40095
24.789322
24.442437
25.190778
23.55015
23.369651
23.361748
23.040144
23.053295
23.526382
23.327306
23.343337
22.764586
23.06695
22.774559
23.978944
23.71998
23.935768
24.224032
24.073982
24.091495
24.182015
24.264573
24.129682
23.688661
23.88342
23.900744
23.359557
23.520027
23.336598
23.492716
23.299561
23.313214
23.027246
22.742431
23.046273
22.757546
21.929663
22.151416
22.353998
22.561674
21.926378
22.140425
22.368438
22.569364
21.711768
21.498164
21.292695
21.084513
21.709295
21.493325
21.296403
21.085609
22.1477
21.921507
22.542613
22.339519
22.363945
22.554889
21.915872
22.12893
21.496216
21.705237
21.081106
21.289647
21.29488
21.082607
21.701053
21.488723
20.277368
20.462672
20.655986
20.865728
20.276927
20.461257
20.657752
20.866581
20.101972
19.931889
19.744998
19.55965
20.101607
19.931088
19.745682
19.559878
20.462193
20.276595
20.863357
20.655802
20.657096
20.864359
20.276418
20.461577
19.931728
20.101472
19.560016
19.746185
19.745579
19.559844
20.101431
19.93217
18.759465
18.58788
18.58778
18.428121
18.295104
18.42823
18.759328
18.587525
18.587647
18.42846
18.295223
18.428356
19.105271
19.242309
19.388311
19.104856
19.242773
19.388511
18.945439
18.587962
18.759734
18.588102
18.295952
18.429598
18.429038
18.428558
18.295621
18.428719
18.76002
18.588969
18.588406
19.10529
19.388767
19.243619
19.242773
19.38856
19.106166
17.613345
17.478279
17.478133
17.342298
17.21065
17.342345
17.613239
17.477975
17.478025
17.342607
17.21076
17.342453
17.865583
17.736383
17.865813
18.153138
18.004656
18.004102
18.003532
18.152795
18.003746
17.736762
17.866733
17.86618
17.478474
17.613928
17.478751
17.211867
17.344068
17.343515
17.342815
17.211447
17.343106
17.614317
17.479703
17.479151
16.408388
16.280715
16.408253
16.280847
16.873618
17.103914
16.986913
16.986361
16.985599
17.103487
16.985927
16.874056
16.40926
16.28219
16.281725
16.409726
15.369037
15.519621
15.519648
15.369012
15.185816
15.007749
15.007522
15.186046
15.788559
15.520291
15.906453
15.905988
15.78902
15.52112
15.186745
15.008059
15.186358
15.008444
15.370491
15.521627
15.370987
14.009001
14.184097
14.18415
13.529287
13.797321
14.009435
14.704305
14.852686
14.703929
14.853064
14.532072
14.38195
14.532547
14.38148
13.530556
13.797673
14.011083
14.186191
14.185711
14.009759
13.737149
23.107017
13.740649
13.27195
13.003045
12.847529
12.589619
12.84445
12.588014
23.064989
13.753522
13.751008
26.573576
26.569028
20.952189
26.23838
11.880887
26.236786
25.213713
24.87182
25.305886
24.777636
26.234611
20.949292
11.885878
26.235026
26.574018
26.573308
25.11692
24.66108
24.660916
25.110684
22.759901
22.731932
23.020123
22.96222
22.682178
22.675204
21.680669
21.458289
21.281531
21.064113
21.692375
21.484953
21.259299
21.057406
22.085495
21.86714
22.486295
22.307697
22.293827
22.480217
21.870695
22.097063
21.450768
21.655847
21.045234
21.258479
21.25313
21.043621
21.658766
21.457258
20.075472
19.902934
19.72395
19.535635
20.078531
19.910634
19.717033
19.53344
20.429113
20.244159
20.828978
20.625655
20.622578
20.827643
20.244949
20.431707
19.901192
20.069858
19.530091
19.716913
19.715512
19.529655
20.070532
19.902812
19.075808
19.358952
19.214257
19.213318
19.358571
19.076638
16.838916
16.840934
16.839871
16.371372
16.24354
16.372274
16.242654
16.837374
16.837438
16.369911
16.241256
16.241217
16.369957
15.74379
15.863643
15.744595
15.473533
15.47266
15.862818
15.319313
15.32017
15.132619
14.950807
15.132019
14.951397
15.742469
15.470833
15.86149
15.86147
15.742482
15.131378
14.95039
15.131598
14.950168
15.317278
15.470819
15.470613
15.317468
14.464813
14.31096
14.465607
14.310162
14.640727
14.792292
14.792877
14.640146
13.930117
14.110668
14.109858
13.43732
13.70956
13.92782
14.63949
14.791875
14.791646
14.639727
14.46278
14.3081
14.308038
14.462879
13.435105
13.708935
13.926635
14.107626
14.107607
13.927292
12.746345
12.480207
13.173707
12.900129
12.479015
12.741527
23.285082
13.655846
22.980698
29.060783
28.157964
13.654521
22.991227
23.286388
23.116211
13.17092
12.898981
12.736117
12.474787
12.740027
12.475879
28.464034
28.090849
13.648533
23.114085
23.179791
13.649868
22.998283
23.115196
25.24008
24.742983
24.396378
25.180707
24.803145
24.453016
26.626026
26.313734
21.052515
11.987056
26.314956
26.626014
26.629257
25.328566
24.900842
24.549623
24.904459
24.556134
25.329602
23.52523
23.37085
23.342222
23.016694
23.495046
23.300301
23.315848
23.076992
23.03025
22.745899
23.052703
22.764876
24.014504
23.79882
24.023718
24.3637
24.188203
24.218791
24.218316
24.371444
24.227276
23.790115
23.986348
24.014912
23.392179
23.590596
23.400006
23.582362
23.371576
23.392464
23.09566
22.801276
23.10221
22.806825
21.930821
22.162277
22.340845
22.546537
21.920962
22.130406
22.378585
22.562948
21.714559
21.50933
21.291373
21.086203
21.706312
21.490448
21.307272
21.091084
22.171836
21.952264
22.594445
22.379483
22.390004
22.599196
21.949575
22.163128
21.514741
21.732315
21.099877
21.307667
21.311733
21.101127
21.730113
21.509857
20.283267
20.471636
20.65737
20.868251
20.280566
20.463065
20.667234
20.872398
20.107729
19.939416
19.747361
19.563278
20.105335
19.933419
19.752788
19.565044
20.473814
20.2884
20.87971
20.667289
20.669805
20.880768
20.287698
20.471609
19.940842
20.112196
19.567707
19.752574
19.754056
19.568195
20.111565
19.939232
18.763817
18.593118
18.592075
18.430427
18.298308
18.431465
18.76259
18.589822
18.590907
18.433558
18.29936
18.432574
19.111047
19.244618
19.391852
19.107115
19.248844
19.393475
18.951637
18.951252
18.593824
18.765894
18.594033
18.30076
18.433261
18.434075
18.434221
18.301085
18.434412
18.765529
18.592828
18.593683
19.111918
19.395879
19.248576
19.249792
19.396335
19.110763
17.617237
17.482669
17.481995
17.344755
17.213844
17.345526
17.616406
17.480403
17.481199
17.346932
17.214578
17.34629
17.87057
17.741113
17.870702
18.157736
18.007802
18.00851
18.008666
18.158048
18.008812
17.74083
17.869732
17.87041
17.4831
17.618511
17.483198
17.215404
17.346594
17.34717
17.347339
17.215655
17.347428
17.618237
17.482333
17.482932
16.41216
16.28398
16.411555
16.284564
16.877508
17.107341
16.98917
16.877278
16.989683
16.989853
17.107585
16.989919
16.412986
16.285144
16.28535
16.412775
15.37202
15.522164
15.522694
15.371509
15.189176
15.011165
15.010831
15.189519
15.791835
15.52374
15.909173
15.90936
15.791654
15.523239
15.189739
15.011357
15.189716
15.01138
15.372871
15.523592
15.372528
14.011574
14.18668
14.187146
13.533314
13.800885
14.012785
14.70711
14.855899
14.707086
14.855921
14.534305
14.383459
14.534032
14.383711
13.534227
13.801133
14.012828
14.187802
14.18803
14.012997
13.762358
23.11566
13.76417
13.276275
13.008765
12.85298
12.596227
12.851877
12.596014
13.768193
13.768196
26.567087
26.573774
20.945464
26.234815
11.870756
26.232799
26.574563
25.329588
24.864835
25.300485
24.902232
20.94542
26.233672
11.868849
26.232975
26.568817
25.254238
24.773996
24.826139
25.19899
22.755629
22.77471
23.070723
23.037665
22.749056
22.764599
21.700893
21.490218
21.266662
21.064007
21.691298
21.467117
21.286449
21.070026
22.14892
21.920736
22.546542
22.334287
22.367002
22.560302
21.912387
22.121437
21.49077
21.702152
21.069866
21.275836
21.287253
21.073163
21.695348
21.476149
20.081422
19.912519
19.719061
19.535413
20.078537
19.905279
19.725518
19.537448
20.447574
20.261113
20.850657
20.639224
20.643954
20.853144
20.260221
20.444274
19.913647
20.084882
19.540671
19.726542
19.726617
19.540639
20.084315
19.913042
19.083471
19.368777
19.222478
19.221623
19.368631
19.08449
16.838344
16.839052
16.372139
16.242664
16.371421
16.243362
16.841867
16.842382
16.374136
16.245864
16.245331
16.374668
15.744293
15.862736
15.743674
15.471198
15.471703
15.863375
15.318307
15.317825
15.132897
14.952164
15.133472
14.951607
15.746135
15.473489
15.865786
15.865253
15.746664
15.13459
14.952721
15.134044
14.953255
15.321104
15.475054
15.474575
15.321578
14.463482
14.308303
14.463125
14.308615
14.640699
14.793512
14.792979
14.641203
13.9267
14.107782
14.108044
13.43388
13.708136
13.927381
14.642206
14.794048
14.794564
14.641713
14.465767
14.31105
14.310684
14.466171
13.433778
13.708285
13.928435
14.11019
14.109869
13.927669
12.734963
12.47138
13.168535
12.893422
12.470274
12.73154
13.643889
22.966902
28.730393
27.778837
13.641614
23.213236
23.044703
13.167644
12.892747
12.726454
12.463885
12.730388
12.465716
28.404186
28.077161
23.062314
13.630187
22.867187
23.240178
23.146393
13.633887
23.078962
25.177693
24.7448
24.398833
25.181624
24.734305
24.38411
26.31581
21.054327
11.998773
26.314858
26.630259
26.628531
25.23499
24.831409
24.473492
24.795007
24.442257
25.275381
23.482695
23.303786
23.304681
23.054339
23.497892
23.343758
23.318747
23.020392
23.033062
22.748487
22.737152
23.906321
23.710381
23.927658
24.287653
24.149744
24.145477
24.099196
24.26115
24.123645
23.725695
23.952119
23.945687
23.312816
23.509614
23.326001
23.056784
23.523089
23.347801
23.338206
23.047263
22.758334
23.036251
22.748477
21.914792
22.128075
22.365111
22.548815
21.921994
22.151034
22.33922
22.538534
21.700661
21.487288
21.301729
21.086112
21.706977
21.502771
21.288228
21.081917
22.129722
21.916691
22.555673
22.363254
22.341744
22.546811
21.922305
22.148011
21.487382
21.701316
21.082949
21.296197
21.288052
21.080521
21.705963
21.497564
20.277548
20.460448
20.663669
20.868014
20.28009
20.468481
20.654602
20.864347
20.102532
19.93118
19.750615
19.562697
20.10482
19.937066
19.745215
19.560939
20.459813
20.275456
20.864551
20.657913
20.65402
20.862638
20.276352
20.462797
19.930492
20.100414
19.559144
19.74542
19.744528
19.558858
20.101101
19.931739
18.760665
18.588038
18.58903
18.432113
18.297666
18.430833
18.761967
18.591623
18.590283
18.428665
18.296509
18.429629
19.105194
19.247043
19.391255
19.109329
19.242665
19.389618
18.944144
18.944181
18.587396
18.758725
18.587098
18.294502
18.427667
18.427635
18.428027
18.294607
18.427711
18.758716
18.587122
18.587054
19.104535
19.387766
19.242208
19.241998
19.387564
19.104602
17.614775
17.478791
17.479598
17.345786
17.213185
17.344865
17.615743
17.481491
17.480535
17.343166
17.212304
17.343957
17.865183
17.735384
17.86481
18.151651
18.002525
18.002585
18.003101
18.151783
18.002742
17.735179
17.864542
17.864629
17.478177
17.612935
17.477765
17.210188
17.34167
17.341859
17.342554
17.210481
17.34213
17.612707
17.477351
17.477515
16.410196
16.28338
16.410955
16.282639
16.872672
17.102219
16.984397
16.872324
16.984653
16.985438
17.102531
16.984982
16.408381
16.28042
16.28083
16.407983
15.371467
15.52274
15.522146
15.372044
15.187614
15.008733
15.009324
15.187011
15.787691
15.520306
15.904682
15.905121
15.787248
15.185927
15.008173
15.186442
15.007661
15.368684
15.518932
15.519335
15.368276
14.01253
14.187459
14.187034
13.533514
13.799814
14.011284
14.703618
14.852808
14.704113
14.852303
14.530647
14.379853
14.530251
14.380233
13.532612
13.799443
14.009758
14.184386
14.184749
14.010853
13.766839
23.166057
13.765975
13.275457
13.008929
12.853119
12.59094
12.853101
12.59209
13.761235
13.762142
26.571775
26.572085
20.95635
26.232577
11.895152
26.235041
26.57445
25.091578
24.721174
25.165812
24.661266
26.573284
20.94484
26.233546
11.869921
26.235714
26.566299
25.288837
24.853108
24.852293
25.280669
22.712447
22.995694
22.712622
22.994686
23.060744
22.768372
22.755315
21.679593
21.473054
21.271835
21.061307
21.678842
21.471197
21.273578
21.0619
22.124748
21.915666
22.563472
22.369069
22.338005
22.551421
21.92422
22.152297
21.478806
21.698594
21.078049
21.293719
21.278434
21.073428
21.706036
21.496776
20.083032
19.914183
19.726247
19.540479
20.082485
19.912549
19.727877
19.54102
20.446951
20.264114
20.858224
20.650916
20.641866
20.854339
20.266388
20.454505
19.915775
20.088226
19.545661
19.733014
19.72927
19.54451
20.090131
19.920211
19.087095
19.373552
19.227496
19.225125
19.372564
19.089178
16.843664
16.376422
16.24721
16.376006
16.247623
16.845204
16.845387
16.377447
16.248747
16.248616
16.37759
15.748403
15.86714
15.748012
15.475497
15.867538
15.322422
15.322016
15.475908
15.136765
14.955685
15.137081
14.955382
15.749264
15.476897
15.868528
15.868431
15.74935
15.137493
14.955922
15.137332
14.956069
15.323612
15.47707
15.477148
15.323529
14.466872
14.311382
14.46654
14.311676
14.644167
14.796909
14.796622
14.644432
13.928628
14.110476
14.110724
13.433054
13.708568
13.928941
14.644741
14.797129
14.79726
14.644631
14.467626
14.312057
14.312238
14.467477
13.431914
13.708406
13.928303
14.110809
14.111037
13.928925
12.724894
12.457088
13.165463
12.886322
12.454236
12.719558
23.112931
13.618514
27.848378
27.877782
13.614037
23.018508
13.163364
12.885038
12.710411
12.43943
12.717545
12.443525
28.132319
28.340112
13.590069
22.909743
22.995298
13.597395
25.338904
24.850724
24.500586
25.282305
24.895829
24.534231
21.053685
26.315141
11.996126
26.316263
26.629566
26.629243
25.198437
24.777516
24.424814
24.762607
24.415582
25.219454
23.55406
23.354702
23.364843
23.06488
23.551131
23.356525
23.364054
23.061527
23.069828
23.070341
22.778652
22.777468
23.935372
23.701899
23.914764
24.244496
24.118161
24.108243
24.128671
24.239069
24.106167
23.69904
23.92136
23.914053
23.33806
23.505036
23.324522
23.030059
23.048596
23.037316
23.500687
23.319545
23.319249
23.031551
22.745186
22.751101
21.932823
22.1497
22.368956
22.57373
21.933869
22.15293
22.365281
22.572375
21.714825
21.49852
21.298663
21.088449
21.715714
21.500536
21.296909
21.087883
22.143794
21.918968
22.544151
22.342021
22.35825
22.549953
21.914252
22.128845
21.494854
21.702924
21.077255
21.284286
21.293747
21.080185
21.69867
21.484085
20.278183
20.462586
20.659254
20.869008
20.278611
20.463877
20.657907
20.868499
20.102456
19.931069
19.745847
19.559936
20.102873
19.932284
19.744646
19.559537
20.460743
20.273572
20.859233
20.649577
20.655818
20.861789
20.271873
20.455311
19.929745
20.098324
19.555363
19.740156
19.743442
19.556423
20.096829
19.926055
18.758389
18.586042
18.586639
18.427665
18.294307
18.427511
18.758762
18.587149
18.58701
18.426569
18.293944
18.427144
19.103608
19.242403
19.388347
19.104747
19.241244
19.387953
18.941615
18.585294
18.75617
18.584522
18.29146
18.424191
18.424525
18.425857
18.292023
18.425127
18.755484
18.583511
18.583878
19.102721
19.384117
19.237858
19.240295
19.385076
19.100484
17.611853
17.476153
17.476605
17.341486
17.209512
17.341239
17.612201
17.477187
17.476951
17.340454
17.209167
17.340893
17.862805
17.732791
17.862224
18.148675
17.999418
17.999667
18.000773
18.149201
18.000158
17.732365
17.861543
17.861765
17.475642
17.610333
17.475153
17.207529
17.339038
17.339167
17.339966
17.207841
17.339506
17.609937
17.474635
17.474786
16.406669
16.279423
16.407019
16.279074
16.869995
17.099593
16.869707
16.98199
16.869756
16.982058
16.982703
17.09988
16.98232
16.405634
16.277922
16.278082
16.405454
15.367556
15.518564
15.367904
15.184008
15.005469
15.005752
15.183717
15.784988
15.517311
15.902288
15.902395
15.784896
15.183327
15.005245
15.183479
15.005106
15.366472
15.517162
15.517068
15.366579
14.009472
14.184062
14.183776
13.53178
13.797876
14.008876
14.701214
14.849936
14.70132
14.849813
14.528814
14.378743
14.528979
14.378559
13.53197
13.797864
14.00918
14.183463
14.183255
14.008798
13.756355
23.160325
13.754586
13.2757
13.008871
12.856892
12.581555
12.854704
12.582386
13.753199
23.037945
13.752013
26.570339
26.566981
20.946345
26.232712
11.871976
26.23481
26.566717
25.28829
24.844345
25.266277
24.86433
26.574273
20.952631
26.238635
11.881069
26.237523
26.575025
25.205253
24.674683
24.764192
25.116623
22.780758
22.777428
23.070891
22.980963
22.699675
22.722472
21.708987
21.486757
21.295568
21.082002
21.713539
21.499042
21.284464
21.078545
22.127088
21.894365
22.502758
22.300756
22.342205
22.521762
21.883844
22.092764
21.477721
21.679577
21.054711
21.259819
21.276704
21.05984
21.670888
21.457756
20.088999
19.915399
19.733143
19.545721
20.090945
19.920431
19.728574
19.54427
20.44394
20.254947
20.83774
20.6283
20.639035
20.842122
20.252042
20.434542
19.912529
20.079786
19.535771
19.719979
19.726014
19.537683
20.077203
19.90587
19.083984
19.364376
19.217251
19.221954
19.366134
19.079598
16.844736
16.376282
16.248057
16.376903
16.247449
16.841487
16.840665
16.373816
16.244275
16.245044
16.373029
15.748087
15.475897
15.867825
15.748647
15.476833
15.867253
15.322903
15.323293
15.476437
15.136286
14.95422
15.135658
14.954841
15.745906
15.474535
15.473812
15.86429
15.865014
15.745199
15.134269
14.95354
15.134969
14.95285
15.319683
15.472543
15.473133
15.319104
14.466784
14.311748
14.467195
14.311315
14.64344
14.795396
14.796008
14.642832
13.927868
14.110456
14.109982
13.427988
13.70448
13.925941
14.641497
14.794728
14.794049
14.64217
14.463648
14.307516
14.308116
14.463063
13.424693
13.70359
13.922932
14.105972
14.10661
13.925168
12.707705
12.424662
13.157767
12.87245
12.418449
12.699036
22.81695
13.566228
2.6688687
14.834171
31.299294
13.558792
13.153475
12.870229
12.686595
12.390314
12.695947
12.397816
4.0206493
14.816588
31.233213
22.872831
13.526686
23.04935
13.534771
25.215722
24.794058
24.437179
25.239085
24.770479
24.41568
26.630133
21.056959
26.318221
11.994358
26.317145
26.629481
26.626384
25.243052
24.881898
24.527664
24.808465
24.459731
25.316371
23.491442
23.3107
23.310284
23.499119
23.319389
23.315511
23.025512
23.023137
23.025982
22.738502
22.73756
23.909452
23.731165
23.947856
24.341128
24.227726
24.196548
24.09907
24.280174
24.143362
23.76992
24.021224
23.993535
23.323289
23.530985
23.347782
23.037397
23.057887
23.563507
23.39139
23.374928
23.079659
22.786693
22.769432
21.910568
22.132777
22.339796
22.537156
21.908518
22.126673
22.344773
22.537389
21.695893
21.489222
21.283011
21.074424
21.693697
21.482561
21.289355
21.076449
22.141202
21.931667
22.58096
22.384262
22.354145
22.566753
21.939275
22.165891
21.495027
21.714477
21.092765
21.30659
21.294441
21.088996
21.720731
21.509273
20.27227
20.459453
20.6489
20.856963
20.270777
20.454775
20.653972
20.85885
20.097377
19.929566
19.739964
19.555037
20.095989
19.925802
19.743507
19.556193
20.462556
20.280201
20.873197
20.665663
20.657448
20.869912
20.28258
20.469971
19.931902
20.104608
19.563771
19.751155
19.745671
19.561967
20.1068
19.937739
18.756514
18.586232
18.58494
18.424234
18.291689
18.424711
18.755568
18.583536
18.584015
18.426866
18.29257
18.425614
19.103396
19.237789
19.383904
19.100444
19.240858
19.385005
18.946554
18.587746
18.761011
18.5893
18.297995
18.432318
18.431209
18.428331
18.29666
18.429836
18.76246
18.591841
18.590712
19.105108
19.392159
19.247377
19.242657
19.390445
19.109637
17.611141
17.47704
17.476009
17.339187
17.208043
17.339648
17.610351
17.474772
17.475234
17.341415
17.208791
17.340409
17.865335
17.737186
17.866667
18.155065
18.006977
18.005924
18.003287
18.153765
18.004657
17.738396
17.868943
17.867904
17.478231
17.614684
17.479465
17.213211
17.345913
17.344923
17.342577
17.21209
17.343782
17.61587
17.481629
17.480627
16.40684
16.278637
16.406144
16.279326
17.105199
16.988553
16.987591
16.98538
17.104098
16.986509
16.875233
16.409801
16.283259
16.282239
16.410834
15.367325
15.366861
15.184788
15.00735
15.00659
15.185557
15.789041
15.520216
15.90745
15.906479
15.789997
15.187334
15.008203
15.186422
15.009103
15.371467
15.522959
15.522085
15.372337
14.00957
14.183815
14.184314
13.534566
13.800993
14.01153
14.705219
14.852926
14.704343
14.853814
14.533687
14.384303
14.534517
14.383472
13.537389
13.801882
14.015019
14.189098
14.188261
14.012378
13.787278
23.005852
13.805027
23.301002
13.281972
13.015774
12.867929
12.593989
12.861913
12.593662
13.796995
23.35523
13.806858
26.574148
26.571357
26.237419
20.950417
11.880851
26.237485
26.573748
25.25619
24.705548
25.140701
24.821832
26.574069
20.952011
26.236733
11.882812
26.237528
26.569129
26.573364
25.241376
24.743407
24.816943
25.166335
22.713051
22.738712
23.030172
23.031311
22.743978
22.757401
21.681667
21.474744
21.260172
21.054406
21.673741
21.458508
21.272749
21.058056
22.134429
21.911783
22.541913
22.333436
22.35254
22.55233
21.907816
22.120634
21.478356
21.69333
21.06524
21.274122
21.27587
21.065565
21.690679
21.474677
20.076235
19.907269
19.719317
19.53375
20.075241
19.90522
19.720921
19.534234
20.44019
20.255694
20.846171
20.63709
20.635662
20.846091
20.256382
20.442105
19.908431
20.079941
19.537698
19.724473
19.721956
19.536877
20.080707
19.910927
19.080346
19.365983
19.220555
19.21819
19.365175
19.08263
16.839505
16.83923
16.371452
16.242836
16.371576
16.242705
16.839777
16.840549
16.840147
16.371889
16.243394
16.243103
16.372194
15.743622
15.471492
15.471555
15.862872
15.743795
15.862707
15.318312
15.472075
15.318642
15.471745
15.131988
14.950451
15.131888
14.950564
15.743815
15.471536
15.471663
15.863174
15.862943
15.74403
15.131966
14.950437
15.131889
14.9505
15.318349
15.472067
15.471848
15.318549
14.462182
14.307004
14.462569
14.306595
14.639186
14.791641
14.791766
14.639042
13.922315
14.105418
14.104962
13.41996
13.69863
13.921059
14.639016
14.791613
14.791661
14.638992
14.461689
14.30601
14.305958
14.461769
13.418218
13.698273
13.920527
14.104051
14.104055
13.92083
12.683641
12.365045
13.14707
12.855602
12.355835
12.675514
22.996556
13.505746
23.152054
27.974675
27.882731
13.501429
13.144306
12.85391
12.665829
12.318151
12.672973
12.327713
28.970066
28.434488
23.250365
13.498411
23.316587
13.494239
23.249741
25.216554
24.869583
24.513539
25.307605
24.778575
24.429617
26.627499
21.054692
26.317564
11.991759
26.314818
26.629874
26.625445
25.238198
24.852219
24.49066
24.792558
24.436687
25.299039
23.514188
23.311574
23.333655
23.552155
23.387797
23.364699
23.028942
23.046542
23.070885
22.779452
22.760656
23.886211
23.70562
23.921802
24.302327
24.167113
24.157979
24.071672
24.254764
24.117239
23.734212
23.968004
23.956142
23.309496
23.506386
23.324492
23.051716
23.02615
23.529932
23.356877
23.34378
22.76226
23.036579
22.750562
21.930112
22.141139
22.382455
22.575048
21.937148
22.164546
22.352412
22.55998
21.714206
21.498522
21.306575
21.093622
21.719577
21.50901
21.298694
21.091326
22.138383
21.92345
22.559705
22.368103
22.34937
22.550314
21.927906
22.153058
21.496864
21.708676
21.090299
21.302871
21.297373
21.088628
21.712127
21.503834
20.283954
20.468361
20.666126
20.87447
20.284589
20.470526
20.663037
20.872767
20.108506
19.937965
19.751892
19.566105
20.108937
19.93845
19.751741
19.566058
20.467966
20.28337
20.872115
20.665467
20.662472
20.870763
20.284201
20.470533
19.937905
20.108224
19.566948
19.753485
19.751752
19.566363
20.108966
19.939768
18.765062
18.593536
18.593355
18.433105
18.300382
18.433596
18.764835
18.592626
18.593096
18.43409
18.300695
18.433883
19.111033
19.248151
19.39452
19.110414
19.248636
19.394554
18.951253
18.593759
18.765759
18.594087
18.301879
18.43548
18.435055
18.434326
18.301491
18.434649
18.766206
18.594967
18.594512
19.111204
19.395533
19.250251
19.24878
19.394981
19.112609
17.618665
17.483773
17.483441
17.346709
17.215602
17.347309
17.618253
17.482423
17.483012
17.348099
17.216062
17.347754
17.871216
17.742051
17.871519
18.158971
18.010188
18.009845
18.00919
18.158603
18.009497
17.742368
17.872171
17.871852
17.484067
17.619564
17.484358
17.217278
17.349198
17.348964
17.3484
17.217014
17.348688
17.619866
17.484901
17.484647
16.413772
16.28567
16.413243
16.286209
16.879132
17.109285
16.991866
16.991684
16.991163
17.109031
16.991442
16.879371
16.414804
16.28747
16.287262
16.415013
15.373802
15.524422
15.373121
15.19111
15.013326
15.012861
15.191572
15.793986
15.526098
15.911636
15.911445
15.794175
15.192206
15.013694
15.191935
15.01397
15.375696
15.526397
15.526293
15.3758
14.015823
14.189872
14.190563
13.541862
13.807556
14.017732
14.710085
14.85841
14.709799
14.858693
14.537882
14.387867
14.537986
14.387746
13.543559
13.808057
14.018994
14.192725
14.1926
14.018183
13.776361
13.77721
23.041665
13.289095
13.025546
12.877994
12.626789
12.874923
12.622735
23.219737
13.789988
13.787217
26.570143
26.235342
20.946887
11.877057
26.234577
26.573432
25.213236
24.756478
25.194678
24.768342
20.952316
26.236272
11.882726
26.234085
26.571967
26.571146
25.224063
24.90932
24.800059
25.340817
22.721667
22.723181
23.008695
23.070523
22.776215
23.049807
22.760146
21.684195
21.477729
21.272512
21.063258
21.682304
21.472282
21.277774
21.064954
22.130434
21.920818
22.569963
22.373853
22.343602
22.556698
21.928627
22.156201
21.483632
21.703419
21.08084
21.295919
21.282811
21.07699
21.71002
21.499332
20.084134
19.915431
19.725236
19.54019
20.082782
19.911632
19.728809
19.541323
20.44947
20.265933
20.860592
20.651981
20.644824
20.857436
20.267571
20.455197
19.917116
20.089652
19.54548
19.732351
19.730267
19.544901
20.090941
19.919858
19.087024
19.373092
19.226046
19.225264
19.372665
19.087543
16.841714
16.84096
16.841358
16.373483
16.244362
16.373198
16.244635
16.842205
16.841849
16.842094
16.373802
16.244822
16.244945
16.373669
15.744986
15.472855
15.472714
15.863966
15.744778
15.864186
15.318964
15.472298
15.318762
15.472521
15.132736
14.951297
15.132818
14.951216
15.745184
15.472929
15.864274
15.864395
15.745072
15.132776
14.951318
15.132835
14.951269
15.319189
15.472704
15.472844
15.319029
14.461953
14.306079
14.461863
14.306146
14.639552
14.792382
14.792309
14.639607
13.920497
14.104064
14.104077
13.416333
13.696984
13.920378
14.639543
14.792398
14.792347
14.639607
14.461799
14.305748
14.305934
14.461611
13.415075
13.696781
13.919762
14.103415
14.103635
13.920283
12.663737
12.287905
13.141055
12.842616
12.27061
12.667643
13.50474
21.494861
28.439118
28.199318
13.551236
23.385037
23.327153
13.139588
12.840376
12.653718
12.230382
12.671596
12.202387
28.44718
28.467416
23.357416
13.687935
23.394622
13.913691
17.317951
23.400209
25.261703
24.840778
24.489564
25.275159
24.832507
24.485633
26.629442
21.054947
26.318006
11.991879
26.317161
26.627474
26.626738
25.266711
24.759209
24.415017
24.825279
24.47018
25.19219
23.550387
23.363576
23.365143
23.548931
23.362405
23.364277
23.072774
23.072473
22.782241
22.78217
23.97223
23.728431
23.947887
24.24073
24.105919
24.109463
24.175288
24.286799
24.146577
23.70664
23.917436
23.918965
23.355832
23.526303
23.342036
23.046904
23.044291
23.062619
23.510391
23.33305
23.330651
22.758945
23.051907
22.76393
21.940255
22.158189
22.373983
22.578276
21.940267
22.158283
22.373561
22.578066
21.722601
21.507792
21.305499
21.096162
21.722497
21.507013
21.306413
21.096462
22.154001
21.931549
22.558584
22.362058
22.36847
22.562193
21.92989
22.148789
21.505673
21.71569
21.091793
21.301266
21.304735
21.092951
21.714254
21.501995
20.28738
20.472597
20.666961
20.87697
20.287137
20.471792
20.667853
20.877278
20.111725
19.941066
19.754214
19.568748
20.111517
19.940587
19.754587
19.568853
20.471792
20.285388
20.873253
20.663804
20.666928
20.874372
20.284339
20.468731
19.940427
20.109851
19.566094
19.751022
19.753967
19.567107
20.108814
19.937463
18.767327
18.59517
18.595504
18.435829
18.302751
18.436007
18.767349
18.595348
18.595552
18.435598
18.30267
18.435941
19.113142
19.250795
19.397168
19.113108
19.250902
19.397243
18.951251
18.59456
18.765587
18.593731
18.299987
18.432262
18.433225
18.434991
18.300912
18.434171
18.764624
18.591776
18.592766
19.11254
19.394498
19.2474
19.2503
19.395505
19.109664
17.62021
17.484539
17.484916
17.349342
17.2176
17.349343
17.620367
17.485066
17.485085
17.348784
17.217408
17.349161
17.871402
17.741089
17.870638
18.157007
18.006944
18.007811
18.009475
18.15791
18.008692
17.740265
17.868959
17.869786
17.483973
17.618533
17.483267
17.215124
17.346142
17.346813
17.348227
17.215822
17.347543
17.617739
17.481793
17.482505
16.414837
16.287522
16.415074
16.287291
16.877942
17.107152
16.988976
16.989535
16.990789
17.107816
16.990171
16.87736
16.413444
16.285462
16.28596
16.412913
15.375712
15.526405
15.52631
15.375807
15.192133
15.013674
15.013945
15.191839
15.792795
15.525491
15.90976
15.910188
15.792398
15.191122
15.013352
15.191489
15.013018
15.374235
15.524581
15.52481
15.374001
14.019087
14.192759
14.192706
13.544493
13.809064
14.018914
14.709319
14.858166
14.709614
14.857855
14.53672
14.386639
14.536539
14.386792
13.544193
13.80893
14.018378
14.191528
14.191681
14.018757
13.798995
23.435136
13.801953
13.290642
13.03046
12.883239
12.647916
12.88165
12.646407
23.402228
13.81879
13.814626
20.957624
26.23414
11.896477
26.235081
26.571906
25.179869
24.809996
25.229975
24.767102
20.944111
26.240795
11.851897
26.236153
26.565114
26.31803
25.338856
24.690483
24.903282
25.125917
22.780237
22.777069
22.68221
22.727592
21.709292
21.484802
21.296818
21.081862
21.714683
21.500651
21.28187
21.077143
22.126525
21.887186
22.484397
22.265909
22.344426
22.520966
21.868738
22.06146
21.473324
21.671887
21.044304
21.240107
21.271884
21.052707
21.656845
21.435517
20.085898
19.911403
19.731556
19.542966
20.088893
19.919126
19.724611
19.540756
20.439093
20.249657
20.828374
20.614389
20.634077
20.835404
20.245521
20.422265
19.908191
20.074927
19.53159
19.71177
19.721907
19.533972
20.071404
19.896991
19.080578
19.36063
19.211873
19.218356
19.362735
19.075383
16.840877
16.841517
16.841166
16.37255
16.244018
16.372798
16.243795
16.840866
16.840987
16.372424
16.243288
16.243688
16.372002
15.744274
15.472287
15.472284
15.863576
15.744436
15.863393
15.318655
15.472534
15.318838
15.472379
15.131869
14.950446
15.131801
14.950488
15.744126
15.472391
15.862845
15.863265
15.743784
15.472659
15.131799
14.950473
15.131814
14.950474
15.318293
15.472418
15.316664
14.461198
14.30554
14.461401
14.30534
14.638717
14.791517
14.791573
14.638635
13.919542
14.103177
14.102947
13.41275
13.694727
13.919073
14.638537
14.791517
14.79149
14.638601
14.46032
14.303575
14.304512
14.458725
13.411763
13.694596
13.919626
14.104148
14.102487
13.919074
12.64991
12.257587
13.136079
12.835639
12.257654
12.646006
13.455211
21.638378
28.698107
28.995266
13.446248
23.373178
23.439802
13.135041
12.834779
12.644681
12.24971
12.645452
12.253719
28.012851
28.444999
13.407712
13.418843
21.990952
23.23499
25.402351
24.914593
24.554487
25.351864
24.957853
24.58905
26.617736
21.061675
26.315377
11.982541
26.310303
26.650206
26.640193
25.129804
24.795699
24.426858
24.709653
24.373353
25.245457
23.570813
23.360962
23.376688
23.074181
23.563744
23.351158
23.371766
22.779765
23.077635
22.782147
23.920792
23.695582
23.901125
24.242485
24.105784
24.109148
24.107336
24.205706
24.083186
23.70484
23.915092
23.917757
23.338974
23.504631
23.328282
23.027819
23.053049
23.508595
23.322073
23.328881
23.043338
22.753651
23.045175
22.759643
21.934358
22.153758
22.366531
22.57355
21.93383
22.15171
22.369563
22.57528
21.716481
21.502313
21.301222
21.090549
21.716219
21.50237
21.30069
21.090273
22.150553
21.928315
22.552202
22.346013
22.364898
22.558329
21.9242
22.132977
21.501238
21.71211
21.08674
21.289683
21.299942
21.088697
21.708558
21.489243
20.281152
20.46642
20.663108
20.871472
20.28172
20.467929
20.661742
20.871083
20.105475
19.934894
19.750037
19.563211
20.106061
19.936496
19.748513
19.562679
20.466388
20.28115
20.868417
20.654942
20.661588
20.870015
20.28042
20.460741
19.935157
20.105737
19.563194
19.74517
19.748865
19.563557
20.105172
19.93128
18.761782
18.590266
18.590011
18.431416
18.297722
18.430833
18.762059
18.590889
18.590252
18.430969
18.297597
18.430656
19.107585
19.246411
19.39163
19.108692
19.245178
19.391136
18.949076
18.59097
18.763684
18.591751
18.299529
18.42977
18.432457
18.431707
18.299518
18.432489
18.763837
18.588749
18.591631
19.108099
19.391862
19.243785
19.245666
19.392163
19.107081
17.616184
17.481628
17.481117
17.345644
17.21386
17.34543
17.616101
17.481252
17.480998
17.346101
17.214035
17.345579
17.869156
17.740581
17.869942
18.156851
18.005418
18.007733
18.00696
18.156796
18.007736
17.740666
17.867886
17.86999
17.48242
17.618236
17.483181
17.216109
17.34597
17.347666
17.34688
17.21605
17.347605
17.618359
17.48149
17.483282
16.412454
16.284822
16.412184
16.285104
16.879056
17.108396
16.990876
16.991142
16.989983
17.108169
16.990693
16.879775
16.414437
16.287146
16.287031
16.414551
15.373992
15.524502
15.524618
15.373907
15.190726
15.013217
15.012776
15.191156
15.793879
15.526146
15.911279
15.911247
15.793968
15.192159
15.013752
15.191694
15.014217
15.375974
15.527275
15.527328
15.374547
14.018391
14.191473
14.191539
13.544084
13.809029
14.019122
14.710289
14.858558
14.709923
14.858976
14.537672
14.387036
14.387814
14.536253
13.544707
13.809371
14.020858
14.194765
14.193043
14.019575
13.831555
23.449916
13.836897
13.291724
13.032073
12.887687
12.643264
12.886501
12.647531
23.107309
13.843727
13.84904
)
;
    }
}


// ************************************************************************* //
