/*--------------------------------*- C++ -*----------------------------------*\
| =========                 |                                                 |
| \\      /  F ield         | OpenFOAM: The Open Source CFD Toolbox           |
|  \\    /   O peration     | Version:  2412                                  |
|   \\  /    A nd           | Website:  www.openfoam.com                      |
|    \\/     M anipulation  |                                                 |
\*---------------------------------------------------------------------------*/
FoamFile
{
    version     2.0;
    format      ascii;
    arch        "LSB;label=32;scalar=64";
    class       volScalarField;
    location    "1500";
    object      yPlus;
}
// * * * * * * * * * * * * * * * * * * * * * * * * * * * * * * * * * * * * * //

dimensions      [0 0 0 0 0 0 0];

internalField   uniform 0;

boundaryField
{
    inlet
    {
        type            calculated;
        value           uniform 0;
    }
    outlet
    {
        type            calculated;
        value           uniform 0;
    }
    topandbottom
    {
        type            calculated;
        value           uniform 0;
    }
    front
    {
        type            symmetryPlane;
    }
    back
    {
        type            symmetryPlane;
    }
    airfoil
    {
        type            calculated;
        value           nonuniform List<scalar> 
12960
(
52.158341
47.557127
56.080558
47.498879
47.583789
46.979382
42.473875
47.140336
42.625477
46.617122
47.097544
47.180429
56.202255
56.047588
47.091519
55.264245
47.044293
54.355806
46.449992
48.085896
56.516174
47.367607
42.009785
47.3766
55.150662
47.504214
42.506987
47.101394
47.772352
47.099351
56.287684
47.429192
51.576857
51.617515
46.10969
42.576711
54.416964
54.386117
46.325243
55.250634
41.263865
42.240223
40.559668
42.30349
40.307294
40.047165
40.490298
46.968894
40.227629
55.768621
39.934461
40.202121
39.877494
55.198613
40.039799
55.56701
39.849257
40.035427
39.62979
46.162706
39.814554
55.85727
39.919896
40.182488
39.683488
47.019932
39.927447
42.671609
39.945059
39.751859
40.022608
47.906261
40.109153
41.931732
40.21476
39.882702
40.467208
47.435128
40.286621
47.539031
40.371548
40.212328
40.103555
42.748456
39.802626
55.594999
39.933694
39.993073
39.653847
47.006905
39.579887
54.516412
39.809238
39.785546
39.602313
41.28555
39.355091
42.780038
40.998561
39.895813
19.334078
47.890519
40.700629
40.573582
19.082853
19.013203
42.128846
40.434146
40.091606
18.912082
19.011131
19.086716
41.775295
39.801477
39.867334
18.937092
18.919376
55.996775
40.047783
40.258334
19.204644
19.249476
19.221515
55.706242
40.025798
40.068713
19.298726
47.349038
39.838966
39.861148
19.062689
19.16275
18.965461
46.190956
39.660127
39.823474
55.842642
39.914398
40.180995
19.087434
19.192687
55.919617
40.032545
40.160431
19.086401
19.131492
46.633535
39.986186
39.931599
18.991038
19.038221
18.989819
19.109869
56.301137
40.362387
40.340229
19.169227
19.19169
42.046311
40.119605
39.847464
18.966975
19.032006
18.897123
18.936744
41.661345
39.959214
40.012712
18.733384
18.799611
41.792852
39.943144
39.964585
19.031457
18.938055
18.733737
18.80071
18.903012
46.375051
39.856328
39.919522
18.938792
18.929447
47.206544
39.615071
39.794646
19.216912
19.184439
18.938366
19.053694
19.174016
54.339768
39.718996
39.718073
19.363684
19.300851
54.428369
39.703037
39.725704
19.336886
19.387528
19.067885
41.145818
39.734813
39.403695
18.997698
18.901507
46.908004
39.976763
39.83649
19.581857
19.101875
56.581484
47.171354
42.609896
46.516752
46.709028
47.735946
56.495898
47.337022
56.147309
47.906504
47.124012
46.947229
42.453367
42.684229
46.947166
42.320675
46.89064
42.337568
48.314821
48.311102
42.295286
46.67999
19.013332
20.025378
56.298928
47.63477
19.073375
19.060491
18.918694
19.069395
41.861978
46.794436
19.201678
19.070949
56.369637
18.968172
47.336423
19.072961
19.048892
19.005097
46.794387
47.257156
19.130613
19.045242
41.841833
47.192765
18.962127
19.153249
19.097683
19.029568
55.481456
55.548964
19.398345
19.400161
18.975338
48.136588
56.528187
19.17904
52.333275
51.956705
19.23936
18.943141
47.831201
43.284777
19.079198
19.09753
19.757262
19.115998
41.147642
55.224023
40.344356
55.751824
39.974003
40.213112
39.76582
46.965176
40.05851
41.95648
40.300519
40.015942
40.3397
41.878903
40.125115
43.153752
40.291102
40.089991
40.478283
48.178131
40.318292
42.075481
40.216172
39.926267
40.418978
47.350315
40.191551
56.357528
40.166059
40.32104
40.105859
46.470984
40.029416
55.810864
39.966591
40.268245
39.691082
46.873607
39.909992
47.199186
39.804329
39.98725
40.103598
56.017758
40.380694
42.691714
40.305994
40.227229
40.624363
47.213469
40.699351
52.241738
40.512358
40.518128
40.751048
57.192683
40.959366
56.67601
41.483621
41.015887
18.996933
46.871548
39.596533
39.848829
19.107509
19.22784
55.511131
39.878531
40.184271
19.143799
19.165633
18.911192
19.260185
19.507135
19.253973
19.013542
55.924683
40.438159
40.385415
19.206355
19.22092
42.255497
40.214746
39.964769
19.21379
18.924619
19.125704
18.880814
18.904263
19.306675
52.146304
40.124126
40.082693
19.336653
18.834784
18.799578
46.829016
40.337048
40.305859
18.925696
19.162502
18.963216
18.826542
18.967903
19.168936
18.977529
48.167381
40.445232
40.307914
18.97799
19.166978
19.153343
42.049398
40.223052
39.928296
18.945646
19.063327
19.188942
18.949337
19.153532
19.061927
42.897876
40.078415
39.923232
19.045006
19.002754
47.981282
40.125918
40.172742
19.137331
18.938642
19.194239
19.091015
19.141376
19.072115
19.078982
41.712624
39.769295
39.775952
18.938415
55.966111
40.057559
40.304142
18.87826
19.246583
19.015954
19.23131
19.09057
54.948214
40.21569
40.165635
55.164099
40.22877
40.206891
19.089548
19.189281
19.184938
19.327159
19.331776
19.140751
19.21489
48.165403
40.36897
40.297688
48.007107
40.594877
40.447012
18.905073
19.187118
19.076653
19.187726
18.944421
19.198977
42.259188
40.529303
40.524177
18.775202
18.831418
51.917646
40.560967
40.557657
18.917715
18.75572
19.379984
18.766929
18.923562
18.814303
18.920963
56.899287
40.585591
40.899982
19.187771
19.280008
47.768897
40.314702
40.577525
19.041833
19.198208
19.254259
19.392164
0.7919646
1.2985789
1.2979875
0.81490402
1.218206
1.268914
0.98136266
0.93737512
0.93957137
0.97807228
1.0054264
1.0084186
1.9693058
1.9365122
1.3054527
1.3007756
0.85555535
0.95978227
0.964115
0.8584113
0.79556249
1.2981374
0.79568929
1.2973707
1.2249629
1.225526
0.98206766
0.9397248
0.98165702
0.94017801
1.007809
1.0075516
1.9590054
1.9532835
1.3075396
1.3078079
0.85555692
0.9634576
0.85552879
0.96315592
0.79516518
1.2999882
0.79667238
1.2999422
1.2242474
1.2239125
0.98233404
0.94081428
0.98255532
0.94064543
1.0074846
1.0074894
1.9512761
1.9708923
1.3073681
1.3072918
0.85549812
0.96298675
0.85552711
0.96301913
0.78897468
1.2970513
0.79681364
1.2982789
1.2235005
1.2231314
0.98233655
0.94064389
0.98231372
0.94065297
1.0077241
1.0079034
1.9885333
1.9350339
1.3076828
1.3074822
0.85550699
0.96320087
0.85547995
0.96333035
0.79472891
1.2981966
0.7942893
1.2952788
1.224244
1.2235
0.98268408
0.94103971
0.98271908
0.94100543
1.0082727
1.0084069
1.953713
1.9332233
1.3079526
1.3078283
0.85551848
0.96347867
0.85551296
0.96350015
0.79846246
1.2975502
0.79619062
1.2960116
1.2248597
1.2248491
0.98308551
0.9412568
0.9827831
0.94170575
1.0085107
1.0084843
1.950076
1.9323677
1.3078923
1.3079688
0.85554596
0.96344735
0.8555237
0.96337359
0.7930102
1.3001014
0.79826784
1.2982824
1.2258779
1.2255001
0.98317277
0.94196096
0.98328818
0.94179133
1.0082664
1.0080973
1.9645166
1.9751206
1.3076727
1.3077598
0.85554544
0.96318879
0.85555276
0.96309149
0.7931098
1.2966835
0.79618628
1.2972939
1.2259001
1.2259208
0.98272645
0.94140554
0.9828748
0.94122411
1.0079441
1.0079551
1.9561543
1.9456358
1.3076713
1.3076161
0.85555587
0.96304036
0.85553099
0.96308766
0.79504729
1.2996995
0.79874376
1.3009441
1.2253567
1.2255386
0.98249938
0.94101358
0.9825746
0.94085681
1.0081292
1.0082883
1.9581999
1.9581477
1.3080562
1.3078707
0.85570529
0.96328345
0.85565213
0.96346759
0.79034973
1.2953409
0.79228166
1.2960553
1.2236139
1.2261362
0.98214415
0.94014759
0.98218774
0.93984135
1.008732
1.0091465
1.9461538
1.9349423
1.3074825
1.3084366
0.85594259
0.96391718
0.85570393
0.96429844
1.1856033
1.1870501
1.9663795
1.9363644
1.8356948
1.8529827
1.1901937
1.1881999
1.9758618
1.948349
1.8385989
1.8306498
0.69421479
0.71245908
0.79449614
1.2984012
1.2989328
0.79453525
0.69656032
0.69651717
1.3094268
0.95596935
0.95946567
1.316426
1.2232717
1.2257791
1.3113714
0.95972686
0.95962811
1.3123841
0.98731896
0.93598245
0.94257839
0.98375157
0.98144195
0.93962862
0.93954263
0.98157649
0.98740805
0.94236652
0.9426575
0.9873756
1.3041879
1.2994701
0.98379717
0.94454324
0.94896318
0.98325452
1.0079742
1.0085044
1.3058477
1.3067127
0.9853047
0.94895235
0.94911963
0.98628873
0.85372914
0.95887634
0.96324212
0.85654723
0.85397455
0.96281553
0.96325556
0.85376988
1.8370138
1.8539831
1.9775993
1.9486573
1.8395486
1.8322647
1.2188353
1.2695863
1.2238949
1.2263858
0.98532343
0.94544772
0.94981925
0.98485079
1.3070897
1.3079207
0.98679702
0.94971054
0.94993883
0.98768969
0.85578415
0.9635954
0.96409349
0.85553194
1.1885353
1.1873692
1.9592594
1.9529183
1.8308489
1.8284609
1.1885683
1.1868212
1.9459228
1.9216549
1.82842
1.8249799
0.69860184
0.69786849
0.79417205
1.2971421
1.2962766
0.79594965
0.69753282
0.69910379
1.3121013
0.95974095
1.3122778
0.95983488
1.2247838
1.2240262
1.3121727
0.96010749
0.9599244
1.3120839
0.98759675
0.94231637
0.98740896
0.94226735
0.9822288
0.94078454
0.94036558
0.98255381
0.98769764
0.94238179
0.94229759
0.98788931
1.3064686
1.3067106
0.98638036
0.94890604
0.98636418
0.94875478
1.0075041
1.0075315
1.3064628
1.3063059
0.98644492
0.94877249
0.94875109
0.98655295
0.85385567
0.96270833
0.85377814
0.96247272
0.85387604
0.96239294
0.96244125
0.85390932
1.831256
1.8284555
1.9454654
1.9216028
1.8283733
1.8230353
1.2255355
1.226132
0.98764766
0.94960732
0.98770913
0.94939518
1.3075136
1.3073541
0.9876853
0.94932821
0.9493532
0.98773998
0.85555994
0.96298876
0.96308643
0.85553762
1.1983264
1.1933507
1.9540399
1.9711289
1.8333322
1.8767265
1.1835041
1.1941468
1.9453767
1.9386768
1.8540893
1.8240125
0.69971725
0.69988991
0.78978435
1.2949296
1.2971133
0.79519391
0.69422189
0.69974132
1.3121886
0.96012434
1.3120863
0.95995889
1.2242333
1.2233324
1.3121909
0.95991305
0.95992124
1.3116622
0.98774922
0.94241571
0.98790623
0.94245406
0.98228242
0.94064436
0.94060798
0.98230455
0.98772892
0.94266254
0.94249449
0.98779527
1.3063878
1.3063374
0.98694694
0.94882785
0.98666528
0.94894724
1.0076827
1.0075285
1.3064623
1.3064571
0.98707277
0.94916643
0.94901324
0.98725222
0.85392248
0.96240932
0.85390998
0.96245737
0.85392315
0.96259982
0.96249861
0.85393761
1.8359623
1.8762486
1.9524892
1.9461113
1.8604139
1.8266524
0.98810261
0.94934389
0.98782077
0.94946372
1.3074417
1.3074877
0.9882281
0.94968842
0.94951289
0.98843027
0.85548924
0.9631521
0.96303973
0.85547425
1.1883145
1.1990915
1.9848
1.9310914
1.8868547
1.8330119
1.1964437
1.1978252
1.9522283
1.9685398
1.8565606
1.8719794
0.69226282
0.70132611
0.7928829
1.2984847
1.3000198
0.79443933
0.69574027
0.69793424
1.3118872
0.95995044
1.3116124
0.96007489
1.2235961
1.2234207
1.3119767
0.96039992
0.96016767
1.311869
0.98793607
0.94274162
0.987848
0.94294149
0.98240622
0.94102167
0.94073793
0.98268428
0.98801324
0.94328228
0.9430317
0.98827469
1.3066952
1.3065324
0.9876777
0.94926972
0.98737413
0.94944686
1.0082297
1.0079925
1.3067875
1.306825
0.98779543
0.94888282
0.94952057
0.98793563
0.85400565
0.96266977
0.85395016
0.96279823
0.85401897
0.96218309
0.96285367
0.85405386
1.8900755
1.8348473
1.9338441
1.9673817
1.8354339
1.8683142
0.98885846
0.94974813
0.98853937
0.94994233
1.30777
1.3078325
0.98897105
0.95012746
0.94999762
0.98909422
0.8555109
0.96345471
0.96336468
0.85550935
1.1930618
1.183454
1.9513106
1.926301
1.8248554
1.8335704
1.1879788
1.190276
1.9373281
1.9628114
1.8338608
1.8331736
0.69911846
0.69820745
0.79430713
1.2990225
1.2972103
0.79926662
0.69819644
0.70159508
1.3121626
0.96045779
1.3119518
0.9605153
1.2244463
1.2247259
1.3122084
0.96076601
0.96054867
1.3123465
0.9883819
0.94336097
0.98834548
0.9435016
0.98268286
0.94118156
0.94102896
0.98274219
0.98840081
0.94361257
0.94354741
0.98846109
1.307026
1.3069117
0.98822085
0.94969362
0.98804279
0.94980559
1.0085284
1.0084585
1.3070948
1.3070921
0.98828801
0.94983573
0.9498352
0.98830945
0.85412093
0.96296487
0.85407329
0.96305422
0.85413233
0.96306682
0.96307561
0.85417016
1.825101
1.844582
1.9400247
1.9634595
1.8339575
1.8331524
1.2246577
1.2239157
0.98932088
0.95015501
0.98917097
0.95021097
1.3080073
1.3080065
0.98936968
0.95018718
0.95021285
0.9893441
0.85551656
0.96345914
0.96349274
0.855515
1.1889266
1.183937
1.9486677
1.9317376
1.8274673
1.8282276
1.1942038
1.1952789
1.9525079
1.9450838
1.8609259
1.8516516
0.701091
0.69873776
0.79887723
1.2978349
1.2994929
0.79371233
0.70133922
0.69738893
1.312868
0.96091449
1.3125677
0.96139261
1.2248726
1.2253755
1.3129692
0.96160933
0.96152645
1.3132056
0.9886834
0.94362884
0.98851088
0.94361438
0.98319798
0.94199577
0.94186099
0.98330684
0.98874735
0.94344914
0.94360369
0.98874262
1.307045
1.3071485
0.98821248
0.94985079
0.98835694
0.94975365
1.0083404
1.0084778
1.307049
1.3069244
0.98817776
0.94955793
0.94972463
0.98797814
0.85420841
0.96307008
0.85418132
0.96300043
0.85421297
0.96284367
0.96297993
0.85420853
1.8275512
1.8281055
1.9536297
1.9439166
1.8610442
1.8509976
1.2252494
0.98920782
0.95016715
0.98935802
0.9500784
1.3078969
1.3078329
0.98917292
0.94989419
0.9500353
0.98899901
0.85555063
0.96322209
0.96333698
0.85555379
1.192126
1.1977917
1.9657887
1.9782249
1.8745353
1.8419347
1.1941471
1.1896346
1.9465607
1.9641315
1.8288512
1.8704779
0.69667658
0.70187972
0.79694464
1.2961609
1.298098
0.79181699
0.70049789
0.69571975
1.3130377
0.9615675
1.3132019
0.96126444
1.2258879
1.2259563
1.3129934
0.96090567
0.96117432
1.3128948
0.98855047
0.94339598
0.9887217
0.94319027
0.98313364
0.94149348
0.94174158
0.98294109
0.98850651
0.94299665
0.94314299
0.98832765
1.3067507
1.3069249
0.98766663
0.94952234
0.9879458
0.94931928
1.0079748
1.0080698
1.3067485
1.3066286
0.98761143
0.94915122
0.94927596
0.98740079
0.85415361
0.96280743
0.85419606
0.9626556
0.85413075
0.96253196
0.96262588
0.85466612
1.8728075
1.8400793
1.9459598
1.9635045
1.827429
1.8700236
1.226285
1.225902
1.22629
1.2264075
0.98875227
0.949844
0.98895946
0.94971397
1.3076868
1.3076591
0.98871817
0.94961035
0.94967692
0.98856308
0.85553929
0.96303207
0.96306431
0.85552877
1.187091
1.1951848
1.957016
1.9475041
1.8650973
1.8269322
1.1977948
1.1886269
1.9504122
1.9576783
1.8273453
1.8652978
0.69668494
0.69984049
0.79774873
1.2990893
1.2980903
0.79430459
0.70099381
0.69717511
1.3128581
0.9608619
1.3128864
0.96077199
1.2258105
1.2256641
1.3128717
0.96081566
0.9607871
1.3129077
0.9881991
0.9429801
0.98829811
0.94294231
0.98270277
0.9410668
0.94120219
0.98260421
0.98819876
0.94298979
0.94295911
0.98816934
1.3066215
1.3066529
0.98722526
0.94913509
0.9873707
0.94908956
1.0081008
1.0079961
1.3066798
1.3067544
0.98722089
0.94913795
0.94910326
0.98714106
0.85463426
0.96252973
0.85465883
0.96252778
0.8546455
0.96264624
0.96255695
0.85467495
1.8642224
1.8256129
1.949494
1.956154
1.8264801
1.8641921
1.2264284
0.98845899
0.94959962
0.98854801
0.94960934
1.3077388
1.3078658
0.98846478
0.94968425
0.94961966
0.98839796
0.8555683
0.9632277
0.96311074
0.85562803
1.1909549
1.2007955
1.9581047
1.9580845
1.867972
1.8313139
1.1976712
1.18972
1.9527849
1.9850765
1.8283709
1.8874698
0.69752726
0.70126742
0.79907098
1.2982261
1.2993987
0.79147152
0.70178096
0.69424702
1.3128825
0.96084617
1.3129241
0.96081352
1.2253093
1.2258813
1.3128578
0.96045084
0.96077768
1.3128984
0.98817212
0.94301899
0.98818576
0.9430639
0.98247271
0.94034149
0.94079526
0.98225854
0.98817426
0.94313174
0.94309105
0.98807926
1.306989
1.3068432
0.98707784
0.94917605
0.9871487
0.94927918
1.0086281
1.008373
1.3071017
1.3073291
0.98708976
0.94949584
0.94933779
0.98706698
0.85473094
0.96270489
0.85469934
0.96287724
0.85473941
0.96321387
0.96296081
0.85470608
1.8687402
1.8314201
1.950684
1.9845979
1.8273611
1.8869787
1.2259187
1.226097
1.2258801
1.2264756
0.98832197
0.94971196
0.98839823
0.94982782
1.3081679
1.3084334
0.98833056
0.95004174
0.94987209
0.98830309
0.8557082
0.96379873
0.9635351
0.8556977
1.1855638
1.1867725
1.9441987
1.9357848
1.8314783
1.8257757
1.1856193
1.1826496
1.9711928
1.9388422
1.8355383
1.8533395
0.69340066
0.69511503
0.79004661
1.2983656
1.295469
0.81432401
0.69298401
0.71223944
1.3114716
0.96030471
1.3129368
0.95966749
1.2185061
1.2687991
1.309427
0.95578785
0.95938615
1.3161243
0.98808721
0.94317688
0.98807579
0.94332749
0.98214503
0.93776592
0.9398743
0.97902705
0.98803903
0.93651817
0.94322623
0.98460602
1.3064255
1.3074193
0.98589649
0.94956897
0.9870528
0.94961746
1.0059476
1.0090548
1.3048157
1.2999221
0.9843877
0.94413869
0.94944485
0.98363255
0.85432883
0.96333663
0.85471152
0.96369606
0.85407753
0.95845025
0.96367503
0.85687188
1.8321772
1.8251753
1.9723722
1.9397332
1.8356103
1.8545227
1.2242163
1.2267435
0.98713528
0.95010307
0.98828002
0.95018711
1.305872
1.3009684
0.98562558
0.94551031
0.95000832
0.98486769
0.85570551
0.95985519
0.9642689
0.8585612
2.6902719
0.85702835
2.9666981
0.85837519
2.6298616
0.85824473
0.8587332
0.85922596
2.8864742
0.85952775
0.85979133
0.86031804
2.9722816
0.86118273
2.9207641
0.86227672
2.6881102
2.9562667
1.183119
1.1913391
0.85459008
0.85609978
2.9567322
1.1832964
1.1939663
0.85853764
2.9615684
2.8665515
1.1937198
1.1907508
0.85572854
0.85520408
1.1937993
1.1934104
0.85819536
2.6237649
2.9114983
1.1932112
1.1906416
0.85506214
0.85491687
1.1933366
1.1933888
0.85854084
2.6296253
1.1906646
1.1906952
0.8548646
0.85474245
1.1934565
1.1935738
0.85907462
1.1906869
1.1906015
0.85464239
0.85435505
1.1936167
1.1936342
0.85944348
1.1904992
1.1902661
0.85413346
0.85366965
1.1935973
1.1935106
0.85968327
2.9942631
1.1901357
1.1899799
0.85339172
0.85294171
1.1934764
1.1934982
0.86009069
2.960173
1.1899691
1.1900799
0.85274053
0.85253474
1.1935748
1.1938331
0.86081702
2.9695528
2.6173244
1.192809
1.1907525
0.85253557
0.85276571
2.6236698
1.1940695
1.1946429
0.86192504
2.9151588
2.6899932
1.1909525
1.180298
0.85301848
0.85135596
1.1948739
1.1842639
0.8609434
1.0269814
0.79112454
1.025586
1.2894536
1.2655331
1.2554225
1.2630243
1.2956731
1.2611177
0.79190867
1.0374101
1.021729
1.0508809
1.2415116
1.2475496
1.0460117
0.5620882
0.53645765
0.52509304
0.5719229
0.41759835
1.2125852
0.79219152
0.78896473
0.43601897
1.2061486
0.9729941
0.98114873
0.97291991
0.93943731
0.95024569
0.95256284
0.95246195
0.93954788
0.95247637
0.98085169
0.97051645
0.97293028
1.0071647
0.83752101
0.82294311
0.83278329
1.0076868
0.8334822
2.1705912
1.9504245
2.9775123
1.9264031
1.3543814
1.3036044
1.3533676
1.2974781
1.3540291
1.0194825
0.85601663
0.96245298
0.90546465
0.91216152
0.96361113
0.84720952
1.0173221
0.87537479
0.95154475
0.95066626
0.87612444
0.97307623
0.85730488
0.97655819
0.79212318
1.0289975
1.0261475
1.2635855
1.2978188
1.2610132
0.79198714
1.0293369
1.0259544
1.2629492
1.2985349
1.2612858
1.0478884
1.2435225
1.048046
1.2432911
0.5669594
0.52737258
0.56619056
0.52831111
0.30181327
1.2251214
0.7841133
0.30272129
1.2253014
0.78435495
0.98193073
0.97370485
0.9735385
0.95259775
0.9398739
0.95278232
0.98180323
0.97320405
0.97338619
0.95314373
0.94003836
0.95297899
0.83390812
1.0077072
0.83402592
0.83416864
1.0076338
0.83411923
2.1802881
1.9716453
1.9617799
1.3076645
1.3535829
1.3077976
0.85554355
1.0183428
0.91161221
0.96333355
0.85553042
1.0186637
0.911422
0.96323027
0.87558622
0.9505438
0.95063086
0.87551927
0.97587459
0.85832033
0.97572571
0.79975301
1.0292667
1.0327755
1.2629854
1.2988329
1.264061
0.79869009
1.0291425
1.0309345
1.2637758
1.3014604
1.2662622
1.0528298
1.2472609
1.052987
1.2477038
0.56676425
0.52909375
0.56672008
0.52915899
0.30881499
1.2241208
0.78435477
0.31011623
1.2239726
0.78415137
0.9824362
0.97407962
0.97419079
0.95381303
0.9408083
0.95379454
0.98253512
0.97431512
0.9743014
0.95358869
0.94075099
0.95371675
0.83442222
1.0074941
0.83444021
0.83441843
1.0075038
0.83444613
2.329414
1.9987265
2.9465871
2.2464549
1.945159
1.3073769
1.3530466
1.3073861
1.3530667
0.85550245
1.0180854
0.91139194
0.9629856
0.85551021
1.0181267
0.91147345
0.96299373
0.8754136
0.95018961
0.95019198
0.87543135
0.97563954
0.85829569
0.97572584
0.79252809
1.0236467
1.0264631
1.2622571
1.2976943
1.2629884
0.79659084
1.0290311
1.0294257
1.2596524
1.2973842
1.2612262
1.0491301
1.2457532
1.0509736
1.2444042
0.56530096
0.52769742
0.56529436
0.52768878
0.31349116
1.2233173
0.78340415
0.31379405
1.2231541
0.78330862
0.98232702
0.97398108
0.97398765
0.95351216
0.94065004
0.95350057
0.98234156
0.97402229
0.97403155
0.95345331
0.9406516
0.95347768
0.83464067
1.0077932
0.83469793
0.83478692
1.0078611
0.8347551
2.1746846
1.9389525
2.1814388
2.6173307
2.2507412
1.9503216
1.3076613
1.3533199
1.3532625
1.3076269
1.3531204
0.85549512
1.01819
0.9117105
0.96324155
0.85548297
1.0181309
0.91185472
0.96328233
0.87564051
0.9502491
0.95022566
0.87566753
0.97649442
0.85880822
0.97661552
0.79262574
1.0276579
1.026203
1.2617241
1.2974493
1.2610911
0.79317349
1.0273902
1.026605
1.2612428
1.298346
1.2610157
1.0488878
1.243675
1.0487144
1.2437145
0.56682976
0.52828291
0.56597496
0.52921063
0.31010177
1.2239817
0.78391003
0.31226933
1.2237174
0.78405509
0.98271732
0.97425693
0.97430305
0.95380814
0.94104885
0.95380399
0.98274837
0.9743456
0.97435986
0.95371399
0.94103963
0.95377279
0.83517652
1.0083352
0.83522764
0.83527608
1.0083889
0.83526796
2.1893209
1.9738132
2.2711153
1.9342961
1.3079655
1.3536465
1.353624
1.3079593
0.8555149
1.0182325
0.9120136
0.96348872
0.85551134
1.0182421
0.91203453
0.96349333
0.87577822
0.95030521
0.95029685
0.87577486
0.97734644
0.85928015
0.97743328
0.79548526
1.0300913
1.0282361
1.2626247
1.2970948
1.2601925
0.79235448
1.0290574
1.0257149
1.2625798
1.297258
1.2619031
1.0486552
1.2426544
1.0478405
1.2432716
0.56777848
0.53002142
0.56796061
0.52998962
0.30838162
1.2249112
0.78516512
0.30699932
1.2249279
0.78537799
0.98298139
0.97472367
0.97459644
0.9538564
0.94139649
0.95397822
0.98288541
0.97437393
0.97449061
0.95427296
0.94156566
0.95413618
0.83541809
1.0085176
0.83544977
0.83547862
1.0085209
0.83547692
2.1894495
1.9359199
1.9820256
1.3079736
1.3536441
1.3080442
0.8555374
1.0181614
0.91197439
0.96342469
0.85552776
1.018186
0.91189591
0.96339786
0.87565882
0.95022271
0.95023056
0.87562594
0.97791012
0.85956219
0.97797338
0.79432813
1.0259032
1.0271699
1.2645343
1.3000421
1.2646892
0.79882433
1.0308174
1.0311688
1.2605563
1.2992178
1.2616802
1.0490852
1.2448966
1.0498582
1.2441948
0.56837382
0.53008849
0.56812965
0.53017193
0.29923982
1.225805
0.78664426
0.30162942
1.2256558
0.78674597
0.98323128
0.97493315
0.97498502
0.95459703
0.94193023
0.95459528
0.98328512
0.97502916
0.97503862
0.95450866
0.94188031
0.95457306
0.8354082
1.0082199
0.83538971
0.83531361
1.0081727
0.83536725
2.1658287
1.9570288
2.6640268
2.2839376
1.9591975
1.3077469
1.3534488
1.307816
1.3535274
0.85554666
1.018006
0.91169945
0.96315064
0.85554691
1.0180622
0.91159156
0.96311558
0.87542681
0.95011848
0.95011465
0.87540496
0.97842071
0.85984353
0.97849759
0.79225117
1.0258955
1.0250718
1.2619011
1.296726
1.2619565
0.79625749
1.0284578
1.0285311
1.26026
1.2966234
1.2595202
1.0482725
1.2438442
1.0487427
1.2434468
0.568949
0.53050032
0.56905303
0.53040362
0.29502903
1.2259471
0.78701257
0.29474479
1.2259306
0.78694927
0.98278175
0.97444075
0.9745096
0.95417683
0.94135116
0.95412372
0.98284574
0.97463321
0.97459476
0.95398414
0.94129929
0.9540677
0.83517024
1.0079505
0.83516247
0.83511779
1.007964
0.83515406
2.1697858
1.9644929
2.1676911
1.9454938
1.3076927
1.3534791
1.353457
1.3077138
1.3534044
0.85554207
1.0180457
0.91150274
0.96304784
0.85553157
1.0179855
0.91151357
0.96306125
0.87542433
0.95027602
0.95022634
0.87544449
0.97923042
0.86041199
0.9793562
0.79347669
1.0284388
1.0267799
1.2647154
1.2993868
1.2642767
0.79797311
1.0312443
1.0306324
1.2632256
1.298987
1.2615376
1.0490804
1.2446361
1.0495143
1.2443265
0.56711272
0.52918404
0.56746178
0.52882159
0.3060375
1.2254216
0.78621517
0.30454778
1.225463
0.78604688
0.98254024
0.97408996
0.97414863
0.95372721
0.9409847
0.95369999
0.98257811
0.9742232
0.97421195
0.95358551
0.94094278
0.95366306
0.83506436
1.0081891
0.83506567
0.83501514
1.0082516
0.83505955
2.1771974
1.9707025
2.677383
1.9520985
1.3080351
1.3541198
1.3539986
1.3080135
0.85569043
1.0184827
0.91161587
0.96333718
0.85566955
1.0182713
0.9117173
0.96339607
0.87575707
0.95085753
0.9507517
0.87582118
0.98050088
0.86132562
0.98071665
0.7886528
1.025282
1.0236463
1.2609497
1.2960999
1.2611978
0.79162455
1.0263091
1.026115
1.2610156
1.2966061
1.2597323
1.0500262
1.2459324
1.0497824
1.2463988
0.5620324
0.52566811
0.56381268
0.52401924
0.32605504
1.2256049
0.78321696
0.31507584
1.2262244
0.78283565
0.98216588
0.97363382
0.97360814
0.95299369
0.94001111
0.95292192
0.98217779
0.97364239
0.9736174
0.95292945
0.93991737
0.95291839
0.83457508
1.0088899
0.8344099
0.83401068
1.0090677
0.83417202
2.1794783
1.9815031
1.9307377
1.3081416
1.3557258
1.3084808
0.85577284
1.0196158
0.9119972
0.96404503
0.8557282
1.0190439
0.91233397
0.96418684
0.87657336
0.95210557
0.95196043
0.87665285
0.98277305
0.86234816
0.98324107
1.182317
1.1882909
2.1699371
1.9491787
2.2927281
1.9269313
1.8370882
1.8537233
1.5555522
1.5519904
1.8284182
1.8594273
1.1981838
1.1989477
2.1703116
1.9582386
2.3028865
2.9801655
1.9707331
1.8350932
1.8649824
1.5555556
1.5516581
1.8776393
1.8386888
1.2817966
0.69424071
1.2828449
0.59299242
0.57435459
0.57249541
0.69309539
1.290023
1.284244
1.0290987
0.79159704
1.0267029
1.2987022
1.2633068
1.2611845
1.2643181
1.3004889
1.2629209
0.79036523
1.0285837
1.0252091
1.2821465
0.69323945
1.2805885
0.69234942
1.2806608
1.2799186
0.55003046
0.47880037
0.47660436
0.5528624
1.0493611
1.2444833
1.245629
1.0484711
0.55029491
0.47747409
0.47741754
0.55021637
0.6824946
0.71208539
0.70692919
0.68855631
0.56080029
0.52389027
0.52270065
0.56220104
0.68289261
0.70891407
0.70758268
0.68427022
0.91734463
1.3079492
0.9174807
0.95824917
0.95222934
0.95231995
0.95192624
0.95917069
0.95217067
1.3048992
0.92273806
0.9179985
0.32773337
1.225238
0.78292085
0.78278162
0.31516774
1.2258586
0.91836379
1.312155
0.91875304
0.95973168
0.95128499
0.9515741
0.95193664
0.9597021
0.9517818
1.3124847
0.91886188
0.91905464
0.97785758
0.98699053
0.97737893
0.93984328
0.98188489
0.98480572
0.98678246
0.94192088
0.98624433
0.98637899
0.97311542
0.97619841
0.97298507
0.98149235
0.97298957
0.93955531
0.95246766
0.95238408
0.95239584
0.93954247
0.95238454
0.98153108
0.97309029
0.97302625
0.97795889
0.98741608
0.97793577
0.94246477
0.98649437
0.98660993
0.98684243
0.94258446
0.98675787
0.98740505
0.97782243
0.9778894
1.3532614
1.302322
1.2961816
1.0099201
0.98195154
0.94720954
0.98564826
0.98887036
0.94836625
0.97890701
1.008659
1.008156
0.83378833
0.83364147
0.83331143
1.0083734
0.83343151
1.3541521
1.306442
1.3067655
1.0105478
0.98590712
0.94905153
0.98943051
0.98928574
0.94912989
0.98625841
1.009391
1.0177576
0.85417653
0.96156833
0.90373995
0.91044572
0.96274796
0.8453304
1.0155684
1.2515039
1.2534939
1.0177507
0.85381674
0.96296774
0.910076
0.91044813
0.96313943
0.85378177
1.0171798
1.2557947
1.2551707
1.3102095
0.87279207
0.94898603
0.94811213
0.87352664
0.81478865
0.81537983
1.2732376
1.1893096
1.2806761
0.87351261
0.94904245
0.87359328
0.94889897
0.8150997
0.815072
1.1935524
1.2819221
1.282646
0.97060415
0.85498339
0.97415183
0.85617852
0.9740671
0.97453241
1.8376569
1.8541904
1.8284205
1.8608228
2.170024
1.9540789
1.9716374
1.836081
1.8620724
1.5516678
1.8798813
1.8407448
1.0511425
1.242093
1.2480682
1.0463549
0.54982623
0.47862293
0.47636161
0.55274189
1.0497407
1.2451366
1.2462706
1.0488718
0.55014137
0.47726113
0.47719873
0.55008557
0.56239764
0.53650289
0.52499675
0.57239864
0.68292488
0.71263573
0.70740933
0.68907777
0.56090211
0.52358292
0.52240873
0.56232024
0.68315053
0.70926404
0.70793095
0.68452399
0.41830476
1.213282
0.79270037
0.78948931
0.43636178
1.2069012
0.3287043
0.78338751
0.78327112
0.31590778
1.2264686
1.0103139
0.98350606
0.94808604
0.98636839
0.98950207
0.94921653
0.9804827
1.0091356
1.3552485
1.3076583
1.3079583
1.3545961
1.0108901
0.98736313
0.94981375
0.98997436
0.98987258
0.94990751
0.98767741
1.010789
1.2534145
1.3110925
1.3098881
1.2554083
1.0194587
0.85561077
0.96376105
0.91171563
0.91214782
0.96394188
0.85556066
1.0188303
1.2576973
1.257081
1.3119427
0.81753787
0.818116
1.2751301
1.1918212
1.2830525
0.87613404
0.95159991
0.87620657
0.9514595
0.8178518
0.8178327
1.1961988
1.2843271
1.2850508
0.85856111
0.97668712
0.97711446
1.195817
1.1975623
2.1795165
1.9693747
2.2750261
2.1747525
1.9628982
1.8740818
1.8333139
1.8683957
1.833959
1.1913677
1.1939263
2.180535
1.9771396
2.2467772
2.9326387
1.9269187
1.8357336
1.8785658
1.554768
1.5520324
1.836196
1.8410022
0.69490595
1.280815
1.2798359
0.56385358
0.69457769
1.2808839
1.2798679
0.56364977
1.0276612
0.79117549
1.0250235
1.2973391
1.2622478
1.2615388
1.2616956
1.2964707
1.2598276
0.79371594
1.0286848
1.0272425
1.2806161
0.69473332
1.2799197
0.56565243
0.56413206
0.69706426
1.2814563
1.2807185
0.55048501
0.47780256
0.55058904
0.47774533
1.0483872
1.2438308
1.2435879
1.0488884
0.55071587
0.47872044
0.47802086
0.5514591
0.6881334
0.71205766
0.6875597
0.71263802
0.56692577
0.52900589
0.52893245
0.56709229
0.68808449
0.7128163
0.71293567
0.68810325
1.312114
0.919104
0.91899768
0.9510613
0.95975214
0.95087056
1.3121913
0.91890169
0.9189921
0.95067873
0.95979743
0.95076633
0.30612595
1.2245375
0.7846558
0.7846477
0.30851495
1.2242668
0.9194443
1.3121924
0.91969209
0.96007796
0.95064943
0.95070919
0.95070022
0.96002148
0.95073421
1.3121964
0.91987796
0.91994862
0.98752735
0.9778707
0.97784403
0.98643214
0.94228412
0.98638741
0.98747175
0.9778152
0.9778324
0.98635767
0.94228223
0.98638602
0.97389217
0.98236867
0.97405728
0.94067632
0.95377962
0.95367011
0.95333976
0.94054219
0.95352771
0.98249675
0.97429769
0.97421797
0.97793265
0.98778514
0.97798814
0.94236147
0.98641
0.98640731
0.98637931
0.94233884
0.98640978
0.98787077
0.97805901
0.97804927
1.3065724
1.3526669
1.3066845
0.98639308
1.0087742
0.98942304
0.94884892
0.98640535
1.0103304
0.98928228
0.94881719
1.0075073
0.83440937
0.83436904
0.83424282
1.0075239
0.83432145
1.3525471
1.3064233
1.3064214
1.3522798
1.0086687
0.98650207
0.94877396
0.98930628
0.98928126
0.94877503
0.98656876
1.008477
0.85382753
1.0167703
0.90999173
0.96261487
0.85379882
1.0170279
0.90987669
0.96254979
1.2559067
1.2558308
1.0167224
0.85389409
0.96240709
0.91048602
0.90986826
0.9624321
0.85390097
1.0166563
1.2557229
1.2557655
1.3083748
0.87297975
0.94797039
0.94804976
0.87291904
0.81529275
0.81527993
1.2815198
1.1936428
1.2812847
0.8728503
0.94789626
0.87287329
0.94782426
0.81528671
0.8152665
1.1932725
1.2801672
1.2807784
0.97307295
0.85560079
0.97284542
0.85528564
0.97223717
0.972348
1.8757111
1.8344369
1.8666729
1.834244
1.5506319
2.1826359
1.978832
1.9275813
1.8363699
1.8801588
1.8368
1.8388849
1.0478769
1.2439612
1.0481874
1.2435991
0.54994269
0.47734296
0.55019035
0.47714724
1.0483852
1.2442942
1.2439153
1.0490382
0.55009038
0.47801225
0.47731305
0.55087249
0.56629129
0.52685722
0.56562878
0.52754404
0.68832689
0.71239975
0.68777346
0.71296938
0.5666524
0.52810999
0.52811789
0.56647848
0.68840732
0.71308271
0.71323045
0.68821441
0.30149548
1.2257052
0.78448372
0.30263652
1.2258946
0.78469062
0.3056115
0.78490346
0.78490767
0.30812289
1.2247665
0.98767578
1.0100483
0.98990296
0.94951908
0.98771825
1.0105856
0.98971545
0.94944466
1.3534413
1.3074559
1.3074415
1.3531317
1.009916
0.9877054
0.94932007
0.98964206
0.98967409
0.94932671
0.98775272
1.0096614
1.2577447
1.3102879
1.2576534
1.0182745
0.85555714
0.96300705
0.91137439
0.91138836
0.96303579
0.85554665
1.0181487
1.2575087
1.2575698
1.3099824
0.81809089
0.81807975
1.2834207
1.1936944
1.2831765
0.87543643
0.95045467
0.87546827
0.9503746
0.81807797
0.81805682
1.1959514
1.2825766
1.2831908
0.85821428
0.97551666
0.97552704
1.1894638
1.1926169
2.3216721
1.9935729
2.2627095
2.947444
2.2407151
1.9425006
1.8505844
1.8397565
1.8267227
1.8740059
1.190658
1.1975647
2.1950861
2.0014882
2.1603257
1.9491473
1.8595653
1.8984123
1.5481118
1.5667681
1.8552129
1.8333458
0.70356244
1.2825453
1.2838129
0.57062058
0.70213763
1.2821087
1.2830758
0.57197772
1.0244258
0.78896927
1.0233154
1.295641
1.2608762
1.2594743
1.2598707
1.2970987
1.2589521
0.79172252
1.0275696
1.0250326
1.2799024
0.69288044
1.2785502
0.56049074
0.6959511
1.2812849
1.2796253
0.55241787
0.48013181
0.55377184
0.47891685
1.0471767
1.243083
1.2424977
1.0483082
0.54865649
0.47696019
0.47590047
0.55007827
0.68776843
0.71269947
0.68776732
0.71271448
0.56601034
0.52787136
0.52805977
0.56581217
0.68733423
0.71186574
0.71218715
0.68704912
1.31217
0.9202007
0.92022868
0.95062068
0.96009402
0.95056401
1.3121417
0.92005441
0.92023783
0.95038058
0.96004672
0.95050352
0.30842762
1.2240179
0.78360257
0.78366477
0.31009909
1.2236759
0.92030297
1.3120638
0.92025723
0.95990348
0.95009015
0.95016526
0.95031878
0.95991248
0.95025719
1.3119007
0.91997992
0.92024181
0.98781744
0.97801564
0.97804876
0.98642815
0.94243372
0.98642591
0.98788797
0.97808342
0.97808574
0.9864113
0.94245672
0.9864386
0.97401785
0.98226141
0.97398846
0.94061138
0.95351712
0.95349604
0.9535203
0.94060345
0.95349907
0.9822901
0.97402567
0.97401826
0.97802546
0.98773134
0.97805101
0.94260367
0.98654775
0.98650164
0.98643395
0.94255258
0.98647611
0.9877761
0.97814631
0.97811077
1.3063936
1.35223
1.3063988
0.98687619
1.0085172
0.98936671
0.94886952
0.98678995
1.0095624
0.98947686
0.94892886
1.0076242
0.83459737
0.83453975
0.83444212
1.0075795
0.83449484
1.352252
1.3064828
1.3065277
1.3522723
1.0085465
0.98715313
0.94912952
0.9887765
0.98954321
0.94908227
0.98723974
1.0086431
0.85391728
1.0174704
0.91052215
0.96242355
0.85391383
1.0166428
0.91063547
0.96245293
1.2556587
1.255679
1.0174857
0.85392639
0.96257639
0.91084014
0.91068969
0.96254625
0.85392526
1.0166814
1.255724
1.2557
1.3081245
0.87287315
0.94763943
0.94763747
0.8728955
0.815151
0.81515285
1.2804669
1.1932302
1.2804297
0.87295984
0.94763755
0.87292189
0.94762978
0.8151455
0.81513564
1.1931049
1.2798535
1.2803611
0.97203464
0.85502765
0.97198333
0.85494604
0.97183904
0.97187177
1.8534743
1.8430423
1.8287754
1.8740115
1.5590971
2.1695427
1.9788759
2.7111483
1.9530466
1.8628951
1.8818842
1.858368
1.833414
1.0520877
1.2475125
1.0526788
1.2475781
0.5514533
0.4791712
0.55285246
0.47793892
1.0473075
1.2437095
1.2427761
1.0487768
0.54837845
0.47662436
0.47547947
0.54985857
0.56640777
0.52831454
0.56637593
0.52837228
0.68808851
0.71295215
0.68803536
0.71301592
0.56590217
0.52750017
0.52748561
0.56555173
0.68772659
0.71238416
0.71268044
0.687478
0.30903811
1.2245941
0.78462519
0.31025874
0.78444326
0.30851029
1.2245512
0.78392299
0.78399053
0.31011459
0.98802043
1.0096727
0.98965772
0.94937367
0.987939
1.0096275
0.9897874
0.94941121
1.3530651
1.307464
1.3075151
1.3530925
1.0097037
0.98831293
0.94962557
0.99000629
0.98983832
0.94956555
0.98840705
1.0098051
1.2573652
1.2573747
1.0180807
0.85548178
0.96311024
0.91165546
0.91150949
0.96306916
0.85547353
1.0181091
1.2574031
1.2573866
1.3096085
0.8179743
0.81797278
1.2823708
1.1933333
1.2823272
0.8754894
0.95017708
0.87545577
0.95016631
0.81796834
0.81796485
1.1958615
1.2822873
1.2827926
0.85848429
0.9761554
0.97604565
1.1876412
1.1906163
2.2091212
1.9313821
2.1843651
2.642377
1.9510679
1.8284664
1.8785714
1.5560268
1.8317476
1.8447116
1.1875553
1.1924463
2.3108683
1.9827934
2.1736359
1.9565169
1.8608408
1.8436615
1.5719182
1.5694494
1.8299049
1.8702768
0.69629399
1.2785972
1.2801722
0.56726749
0.70063837
1.2821839
1.2818735
0.56046849
1.0271306
0.79816977
1.031422
1.2977809
1.2613319
1.2631264
1.2623889
1.3009586
1.2654085
0.79735164
1.0270694
1.0297242
1.2796491
0.70077931
1.2813055
0.56621676
0.7003388
1.2805667
1.2812075
0.54975905
0.47803357
0.55135701
0.47692484
1.0509713
1.2455596
1.245705
1.0510953
0.55141212
0.4791487
0.47823807
0.5524277
0.68618236
0.71099638
0.6863285
0.71083794
0.56570798
0.52755241
0.52778374
0.56526951
0.68616882
0.71059173
0.71075623
0.68603973
1.3117891
0.92046805
0.92037109
0.95010531
0.95998126
0.9501514
1.3116927
0.92007528
0.92028388
0.9502985
0.96003227
0.95024108
0.31268998
1.2235563
0.78344665
0.7833268
0.31335095
1.2234673
0.92069274
1.3119588
0.92076166
0.96034126
0.95054776
0.95053182
0.95041257
0.96026893
0.9505021
1.3119429
0.92071156
0.92086254
0.98790693
0.97836991
0.97832334
0.98662067
0.94281083
0.98668186
0.98789286
0.97821826
0.97828466
0.98680373
0.94288838
0.98676256
0.97404105
0.98249631
0.9741279
0.94094026
0.95378587
0.9537048
0.95351081
0.94084689
0.95361101
0.9826122
0.97432026
0.97425116
0.97845444
0.98810131
0.97854266
0.94320907
0.98711292
0.9870439
0.98688811
0.94312969
0.98698081
0.98821209
0.97871341
0.97864883
1.3066703
1.3525049
1.3066358
0.98760397
1.0089071
0.98975803
0.94933689
0.98750862
1.0098007
0.9899735
0.94941521
1.0081564
0.83512562
0.83504978
0.83486461
1.0080833
0.83496863
1.3525658
1.3068229
1.3068813
1.3526814
1.0089718
0.9878778
0.94960512
0.98927151
0.99005211
0.9496026
0.98795094
1.0091127
0.85398589
1.0167758
0.91090894
0.96271749
0.85396583
1.0167047
0.91106133
0.9627736
1.2558448
1.3082484
1.3082096
1.2558808
1.016796
0.85403183
0.9628984
0.9106499
0.91111827
0.96290717
0.85404103
1.0168531
1.255928
1.2559037
1.3082911
0.87313485
0.94768449
0.94765933
0.87316417
0.81515381
0.81513691
1.2798583
1.1931414
1.2803669
0.87322435
0.94769954
0.87319145
0.94770334
0.81516352
0.81516408
1.1906932
1.2798937
1.2798825
0.9717551
0.85485556
0.9717256
0.85477685
0.97152308
0.97157762
1.8430145
1.8805326
1.8283915
1.8458232
1.5774695
2.3146958
1.9899278
1.9599056
1.8475514
1.8490942
1.8291048
1.8678124
1.0494336
1.2461801
1.0511987
1.244875
0.54962583
0.47774513
0.55109267
0.4767589
1.0518176
1.2464846
1.2466936
1.0518872
0.55175651
0.47934249
0.47848212
0.55271517
0.56553088
0.52781672
0.56549425
0.52788364
0.68654963
0.71145256
0.68672409
0.71125755
0.56565804
0.52777382
0.5280808
0.56538228
0.68640421
0.71102256
0.7110368
0.6863864
0.31459598
0.78374132
0.31441431
0.78366364
0.31505244
0.7838066
0.78370186
0.31585815
0.98877432
1.0100706
0.99006551
0.94981197
0.98867884
1.0098545
0.99027332
0.94987447
1.3533766
1.3078002
1.3078551
1.3534742
1.0101304
0.98903411
0.95009006
0.9904629
0.99033224
0.95004588
0.98910038
1.0102444
1.257479
1.2575028
1.018204
0.85551139
0.96343021
0.91199068
0.91189387
0.96339723
0.85550779
1.0182348
1.2575278
1.2575147
1.3096901
0.81804509
0.81802237
1.2823103
1.1934809
1.2823157
0.87572391
0.95025489
0.87569438
0.95025623
0.81805371
0.81806071
1.196047
1.2823711
1.2828651
0.8590225
0.97708015
0.9769793
1.1921275
1.1964569
2.1878914
1.9769815
2.9451876
1.9287764
1.8771715
1.8287297
1.5616569
1.8362507
1.8486282
1.5461311
1.1906326
1.1969192
2.1777145
1.9826431
2.2084998
2.2015388
1.9337943
1.8442491
1.8859975
1.5501826
1.5577978
1.8315367
1.8338656
0.69704764
1.2808298
1.2803536
0.56441022
0.6975271
1.2806983
1.2805258
0.56581414
1.0273694
0.79289977
1.0260444
1.2982256
1.2647801
1.2629123
1.2614612
1.2978787
1.2605611
0.79660941
1.0316827
1.029283
1.2805107
0.6963844
1.2799811
0.56394778
0.69949909
1.2813696
1.2808659
0.55083029
0.47830952
0.55098234
0.4780521
1.0489322
1.2437248
1.2434457
1.0493061
0.5515984
0.47890578
0.47859273
0.55200433
0.68750675
0.71149808
0.68691946
0.71204458
0.5685747
0.53091205
0.53084766
0.56865598
0.68903114
0.71357769
0.71341826
0.68920885
1.3121379
0.92095154
0.9210314
0.9506175
0.96049014
0.95067565
1.3120809
0.92087395
0.92106264
0.95070195
0.96052001
0.95072687
0.30421993
1.2245528
0.78466997
0.78449879
0.30397836
1.2246261
0.92102187
1.3122094
0.92102219
0.96066629
0.95093616
0.95082101
0.9507292
0.9606033
0.95077001
1.3122785
0.92118062
0.92117174
0.98838835
0.97889448
0.97887938
0.98719238
0.94342002
0.98724887
0.98838962
0.97879462
0.97885646
0.98732903
0.94347831
0.98731483
0.97424811
0.98268636
0.97425046
0.94110871
0.95379408
0.95374483
0.95370617
0.94106808
0.95372443
0.98271892
0.97432403
0.97429515
0.97892895
0.98841598
0.97895348
0.94360477
0.98741963
0.98741076
0.98737096
0.94358894
0.987409
0.98845235
0.97899502
0.97899059
1.3070262
1.3528925
1.3528583
1.3070111
0.98819901
1.0093078
0.99023827
0.94976948
0.98814791
1.010272
0.99035774
0.94981466
1.0085158
0.83540635
0.8353879
0.83531518
1.0085004
0.83536487
1.3529265
1.3071141
1.3071642
1.3529716
1.0093365
0.98832827
0.9498629
0.99041417
0.99039379
0.94987172
0.98836706
1.0093698
0.85410584
1.016909
0.91125149
0.96302907
0.85408939
1.0168793
0.91133516
0.96306054
1.2560032
1.3083973
1.3083767
1.2560174
1.0169123
0.85414946
0.9630825
0.91134284
0.91135118
0.96309332
0.85415848
1.0169251
1.256032
1.2560217
1.3084209
0.87330109
0.94772917
0.94771897
0.87329894
0.81517061
0.81516549
1.279893
1.1931458
1.28039
0.87328872
0.94772677
0.87329206
0.94771143
0.8151676
0.81515569
1.1906266
1.2798432
1.2798532
0.97134156
0.85460613
0.97126536
0.8544278
0.97085011
0.97096691
1.8734523
1.8285487
1.84075
1.8576041
1.5449275
2.177399
1.9829433
2.2131355
1.9357657
1.8438847
1.8857365
1.5491655
1.8330453
1.8337819
1.0489631
1.2440271
1.0488049
1.2441111
0.55039036
0.47792481
0.55063272
0.47755146
1.049023
1.2441262
1.2438492
1.0494191
0.55122208
0.47849208
0.47812141
0.55169778
0.56658389
0.52808312
0.56578336
0.52884116
0.6877302
0.71181431
0.68712605
0.71239006
0.56845408
0.53070575
0.5306299
0.56859483
0.68939996
0.71413863
0.71392591
0.68964603
0.311828
1.2243955
0.78416293
0.31432075
0.7842791
0.30521208
0.78485974
0.78468714
0.30485535
0.98930277
1.010387
0.99049348
0.95017918
0.9892659
1.0102799
0.99056824
0.95019534
1.3536673
1.308012
1.3080501
1.3536766
1.0103991
0.98937794
0.95019989
0.99055627
0.99057455
0.95020795
0.98939922
1.010384
1.257548
1.2575495
1.0182213
0.85551435
0.96347385
0.9119905
0.91202809
0.96348284
0.8555106
1.0181902
1.2575418
1.2575437
1.3097123
0.81813287
0.81812075
1.2823956
1.1936254
1.2823918
0.87576625
0.95029411
0.87576951
0.95027801
0.81813028
0.81812673
1.196131
1.2823842
1.2828966
0.85941709
0.97772262
0.97766101
1.1951936
1.19019
2.1884137
1.9347887
1.9808049
1.8367955
1.8330026
1.5548253
1.8841078
1.8399906
1.5477277
1.1979697
1.1853121
2.2162558
1.9333536
2.1539744
1.9621493
1.8645751
1.8240526
1.5654251
1.5679838
1.8725501
1.8570595
0.69791335
1.2816648
1.2805416
0.69499443
1.2806975
1.2796672
0.56784356
1.0304599
0.79764948
1.029337
1.2991954
1.2610391
1.2617343
1.2634935
1.2962184
1.2621583
0.79459322
1.0266338
1.0273563
1.2819232
0.70006136
1.2813558
0.56732699
0.69739899
1.2809994
1.280736
0.55197032
0.47848906
0.5509687
0.47938282
1.050725
1.2443023
1.245042
1.0495292
0.55395193
0.48043052
0.48111579
0.55288004
0.68835776
0.71312006
0.6886127
0.71288949
0.56693629
0.52906846
0.52925172
0.56685374
0.68810213
0.71300305
0.71279048
0.68827739
1.3128463
0.92217254
0.92209478
0.95116329
0.96107962
0.95141333
1.3127744
0.92155531
0.92195221
0.95181774
0.96126072
0.95166159
0.30982662
1.2249963
0.78615711
0.78599276
0.30858492
1.2252006
0.9224223
1.313086
0.92259124
0.96163489
0.95214149
0.95217855
0.952002
0.96161852
0.95214171
1.3132261
0.92258695
0.92277583
0.98862938
0.97910629
0.97909266
0.98744474
0.94363295
0.98745786
0.98857586
0.97903225
0.97907282
0.98746863
0.94364232
0.98748964
0.97485846
0.98326578
0.97494663
0.94198698
0.95459741
0.95456953
0.95442222
0.94195987
0.95452867
0.98330915
0.97503238
0.97501759
0.97912961
0.98877414
0.97912181
0.94351766
0.98732288
0.98738742
0.98746953
0.94357871
0.98745386
0.98878504
0.97903798
0.9791036
1.3071241
1.3529593
1.3529907
1.3071912
1.3529982
0.98830729
1.0092739
0.99043645
0.94983549
0.98837278
1.0104791
0.99031167
0.94982228
1.0083944
0.83544975
0.83548265
0.83549516
1.008453
0.83550473
1.3529366
1.307024
1.3070428
1.3528576
1.0092232
0.988138
0.94963937
0.99012228
0.99027967
0.94970408
0.988111
1.0090711
0.85420132
1.0169076
0.91134394
0.96305792
0.85419128
1.0169228
0.91126939
0.96304834
1.2559491
1.3083286
1.308357
1.255907
1.0168936
0.85422043
0.96290136
0.91110327
0.91124221
0.96295526
0.85421291
1.0168293
1.2558338
1.2558585
1.3082756
0.8731709
0.94759765
0.94761272
0.87312878
0.81505143
0.81507049
1.2797621
1.1929218
1.280227
0.87304465
0.94757101
0.87308374
0.94753357
0.81502551
0.81499516
1.1903129
1.2795771
1.2796067
0.97045342
0.85405704
0.97030937
0.85377133
0.96966458
0.96983335
1.8368996
1.8330541
1.884618
1.839987
1.5468336
2.214752
1.9322467
2.1645582
1.9621181
1.864596
1.8234765
1.5642038
1.8722197
1.8569471
1.0488735
1.2431564
1.0481002
1.2437445
0.55182694
0.4782164
0.55084855
0.47906997
1.0506012
1.2444817
1.2452165
1.0493947
0.55348449
0.47974814
0.48050705
0.55234487
0.56782276
0.52976233
0.56802754
0.52959961
0.68898422
0.71384607
0.68922238
0.71364519
0.56704966
0.52855732
0.52896019
0.56691305
0.68847032
0.71345474
0.71326482
0.6886186
0.30885225
1.2252848
0.78535839
0.30756938
0.78556125
0.3100191
0.78626592
0.78611602
0.30869563
1.2255793
0.9892932
1.0102586
0.9905366
0.95014349
0.98936557
1.0103682
0.99043619
0.95011108
1.3536218
1.3078749
1.3079017
1.0102074
0.98912303
0.9499423
0.9902505
0.99038937
0.94998894
0.98910319
1.0100707
1.2574191
1.3095825
1.3096121
1.2573758
1.0181454
0.85555402
0.96326221
0.91173812
0.91185951
0.96329869
0.85555323
1.0180823
1.2573089
1.2573296
1.3095275
0.81812317
0.81812588
1.2823425
1.1935784
1.2823138
0.87556881
0.95019742
0.87559428
0.95017031
0.81810797
0.81809717
1.1960168
1.2822412
1.2827619
0.85965956
0.97821078
0.97815066
1.1914286
1.1978572
2.1635764
1.9546399
1.9619767
1.8643924
1.8731975
1.5555427
1.8335218
1.8391487
1.5739618
1.1940664
1.1877611
2.2651139
1.9508976
2.9560701
2.1683464
1.9592925
1.8366931
1.8277757
1.8659273
1.8692873
0.69783781
1.2803229
1.2808386
0.56751991
0.70219582
1.2823577
1.282243
1.0292562
0.79707699
1.0292793
1.2965215
1.2590879
1.2595545
1.262829
1.2974589
1.2626581
0.79241254
1.0246123
1.025161
1.2812522
0.70070596
1.281201
0.56220073
0.56508063
0.69628603
1.2795806
1.279846
0.55241395
0.48021061
0.55275259
0.47997595
1.0491019
1.2435464
1.2441795
1.0483479
0.55256214
0.4796519
0.47999439
0.5520959
0.69032592
0.71455159
0.68983101
0.71508428
0.56901044
0.5303478
0.53057898
0.56891225
0.69120187
0.71614648
0.71596986
0.69134925
1.3131263
0.92196233
0.92224171
0.952099
0.96148442
0.95200715
1.3131912
0.92256495
0.92250453
0.95174095
0.961393
0.95190636
0.29545431
1.2259105
0.78703381
0.78700774
0.29492863
1.2259584
0.92186467
1.3129547
0.92172237
0.96098916
0.95131452
0.95142531
0.95163984
0.96109062
0.95154586
1.3129766
0.92138191
0.92168518
0.98862018
0.97879266
0.97887044
0.98727641
0.9433311
0.98721507
0.988689
0.97899818
0.97894956
0.98708716
0.94327414
0.9871723
0.97489667
0.98307264
0.97483536
0.94157218
0.95425152
0.95432384
0.95446891
0.94167218
0.95441333
0.9830166
0.97470601
0.9747855
0.97874388
0.98844873
0.97868704
0.94304371
0.98688987
0.98693594
0.98704334
0.94310145
0.98700407
0.98840244
0.97857753
0.97864473
1.306841
1.3526892
1.3527414
1.3069267
1.3528207
0.98779041
1.0088268
0.99009129
0.94946259
0.98789743
1.010121
0.98986526
0.94941356
1.0079984
0.83520597
0.8352396
0.83528993
1.0080419
0.83527459
1.3526529
1.3067186
1.3067358
1.3525759
1.0087726
0.98755501
0.9491979
0.98971923
0.98982255
0.94925281
0.98751675
1.009819
0.85417073
1.0175422
0.91106166
0.9627605
0.85418188
1.0167969
0.91090446
0.96272306
1.2556736
1.3081055
1.2556368
1.0175222
0.85411168
0.96256395
0.91075301
0.91086634
0.96260321
0.85467308
1.0174674
1.255587
1.2556013
0.87281647
0.9473473
0.94736305
0.87277071
0.81481709
0.81483962
1.2794685
1.192559
1.2799366
0.87270125
0.94732602
0.87272926
0.9473001
0.81479283
0.81476775
1.1899998
1.2793656
1.2793662
0.96916581
0.8533076
0.96900964
0.85302939
0.9683598
0.96851707
1.866279
1.8721805
1.5542802
1.8318339
1.838832
2.2640491
1.9496478
1.9616609
1.8358496
1.8273823
1.5700261
1.5521605
1.8684494
1.8695072
1.0489451
1.2450715
1.0497024
1.2443779
0.55182196
0.4794617
0.552125
0.47926743
1.0493045
1.2441279
1.2446456
1.048696
0.5523448
0.47945241
0.47965216
0.55203429
0.56820889
0.52960951
0.56822194
0.52972145
0.69061226
0.71493619
0.69011981
0.71545352
0.56923632
0.53033754
0.53042905
0.56925068
0.69167719
0.71672818
0.71655372
0.69184482
0.29969022
1.2262137
0.78676965
0.3018516
1.226062
0.78690456
0.29692524
0.78734482
0.78729897
0.29649204
1.2263777
0.98884254
1.009893
0.99019962
0.94979732
0.98893024
1.0100213
0.99006593
0.94975093
1.3534291
1.3076733
1.3534172
1.3077097
1.3534099
1.0098595
0.98867004
0.94962501
0.98997246
0.99002922
0.94964641
0.988654
1.0098237
1.2572013
1.3094225
1.3094364
1.2571792
1.0179906
0.85553457
0.96303651
0.91150687
0.91156107
0.96304494
0.85552897
1.0179758
1.2571604
1.2571581
1.3094053
0.81809307
0.8180881
1.2822049
1.1934701
1.2821902
0.87538813
0.95010987
0.87539044
0.95010445
0.81808867
0.81809105
1.1959731
1.2822227
1.2827099
0.8600295
0.97889277
0.97878572
1.1871937
1.1948413
2.1692805
1.9638119
1.9471675
1.8711011
1.8665474
1.5508704
1.8272118
1.8340549
1.19753
1.189665
2.256085
1.9460782
2.9633591
1.9657719
1.8336024
1.8280776
1.5715859
1.8737735
1.8671649
0.69595972
1.2801219
1.2797721
0.56419928
0.69985057
1.2807212
1.280769
1.0299967
0.79735885
1.0297349
1.2982104
1.2617968
1.260777
1.2633162
1.2982491
1.2632088
0.79319643
1.0273153
1.0262074
1.2814764
0.70044841
1.2814195
0.56518881
0.56591419
0.69629053
1.2807715
1.2803573
0.55219935
0.47986743
0.55242544
0.4797536
1.0491949
1.243779
1.2442526
1.0485996
0.55279324
0.47994077
0.48020348
0.552392
0.69150087
0.71644028
0.69164275
0.71629617
0.5686147
0.52982641
0.53024215
0.56822489
0.69074387
0.71484198
0.71545055
0.69018717
1.3128914
0.92101106
0.92117532
0.95127609
0.96082241
0.95125218
1.312907
0.92134371
0.92134158
0.95123053
0.96080606
0.95126084
0.29822499
1.2257529
0.78659316
0.78672948
0.29950237
1.2257379
0.9210312
1.3128871
0.92099804
0.96080894
0.95139379
0.95136339
0.95127805
0.96081022
0.95133651
1.3129554
0.92081977
0.92105183
0.98823272
0.97849393
0.97851441
0.98687974
0.94296344
0.98686877
0.98827614
0.97855703
0.97854444
0.98687003
0.94296344
0.9868871
0.97440236
0.98266689
0.9743515
0.94110694
0.95377494
0.95382335
0.95394118
0.94116851
0.95389474
0.98264343
0.97426759
0.97432147
0.97850653
0.98818929
0.97851194
0.94298266
0.98694392
0.9869274
0.98689681
0.94298024
0.98692764
0.98819383
0.97852022
0.97853047
1.3066551
1.3525926
1.3525822
1.3066925
0.98728774
1.0098373
0.98970711
0.94911697
0.98735355
1.0098212
0.98968779
0.94911643
1.0080608
0.83508478
0.83509924
0.83511137
1.0080369
0.83511435
1.3526251
1.3067133
1.3067957
1.0098874
0.98720169
0.94912796
0.9897383
0.98970836
0.94912452
0.98721235
1.0100501
0.85464304
1.0174724
0.91073808
0.96252579
0.85465649
1.0174705
0.91069788
0.9625388
1.255572
1.2555857
1.0175062
0.85465439
0.96261667
0.91074042
0.91070849
0.96259451
0.85467508
1.017622
1.2556521
1.2556058
0.87262946
0.94732615
0.94729065
0.87263035
0.81474971
0.81472871
1.2798822
1.192431
1.2799194
0.87266255
0.94736076
0.87263862
0.94739493
0.81477229
0.81479936
1.1925032
1.2796217
1.2800488
0.96797077
0.85269309
0.96786486
0.85256676
0.9675123
0.96758442
1.8720118
1.8663784
1.8269654
1.833842
2.2575036
1.9481246
1.9679149
1.8334519
1.8290715
1.571125
1.550578
1.8753912
1.8670495
1.0485964
1.2445247
1.0491979
1.2440286
0.55204757
0.47971482
0.55241615
0.47948983
1.0494844
1.2444183
1.2447952
1.0490046
0.55257881
0.47967806
0.47987523
0.55226907
0.56933751
0.53065785
0.56949503
0.53055956
0.69179616
0.71677546
0.69194275
0.71662724
0.56905065
0.52999347
0.53041624
0.56871049
0.69111211
0.71549995
0.71586012
0.69077413
0.29664935
1.226452
0.78735439
0.2963655
1.2264127
0.78729904
0.29948592
0.78699657
0.78711319
0.30067402
1.2262842
0.9885066
1.0099112
0.98996466
0.94959717
0.98855351
1.0098286
0.98998567
0.94959784
1.35352
1.3077783
1.3078664
1.3536985
1.0099544
0.98845218
0.94965751
0.99008185
0.99000095
0.94963497
0.98846573
1.010147
1.2572285
1.3095303
1.3094861
1.257259
1.0180754
0.8555855
0.96318331
0.91158544
0.91152367
0.96314167
0.85560405
1.0182099
1.257347
1.3095735
1.2572919
0.81825051
0.81820874
1.2823173
1.1936116
1.2823564
0.87551276
0.95031551
0.87547245
0.95036032
0.81828479
0.81832683
1.1937757
1.2826576
1.2830581
0.86071165
0.97995103
0.97978756
1.1911606
1.1985314
2.175766
1.9711034
2.1619234
1.9527258
1.8762036
1.8702053
1.5532483
1.8308175
1.8349754
1.1924151
1.1924951
2.2662308
1.959082
2.2657484
2.9465788
1.9306857
1.8333172
1.8358592
1.5762021
1.5519269
1.8386852
1.8790316
0.69601321
1.2815268
1.2807515
0.5672091
0.70039785
1.2820293
1.2818629
1.0316068
0.799359
1.0320952
1.2978633
1.2609535
1.2621933
1.2649598
1.300722
1.2657161
0.79453467
1.0256033
1.0278663
1.2829891
0.70203656
1.2830824
0.69750526
1.2801948
1.2814741
0.55247803
0.4801455
0.55276397
0.47995957
1.0518701
1.2466839
1.2470127
1.0511843
0.55363489
0.47948005
0.48038424
0.55263302
0.68870277
0.71364565
0.68907663
0.71325571
0.56671222
0.52808574
0.52862026
0.56625539
0.68804629
0.71214004
0.71252667
0.68769421
1.3129407
0.92042618
0.92066917
0.95148708
0.96085747
0.95157641
1.3129593
0.92083514
0.92085741
0.95168955
0.96086145
0.95166927
0.30868167
1.225378
0.78495474
0.78536446
0.30871543
1.2256006
0.92032246
1.3128398
0.92014083
0.96059192
0.95183659
0.95182267
0.95175588
0.96071325
0.95180975
1.3129073
0.91970822
0.92005583
0.98818829
0.97857191
0.97857529
0.98698832
0.94303883
0.98702262
0.98820218
0.97854909
0.97857611
0.98708586
0.94306625
0.98707674
0.97404231
0.98241327
0.97395733
0.94051665
0.95313369
0.95328155
0.95352578
0.9406874
0.95343192
0.98234793
0.97374434
0.9738689
0.97858849
0.98815186
0.97858574
0.94311971
0.98719992
0.9871743
0.98712917
0.94311586
0.98716881
0.98813172
0.97856095
0.97858813
1.3069665
1.3532153
1.3069449
0.98712143
1.0104472
0.98978105
0.94920988
0.98716264
1.0101463
0.98990144
0.94925885
1.0085296
0.83473217
0.83485261
0.83498454
1.0084575
0.83494141
1.3533712
1.3071907
1.3073278
1.0105969
0.9870899
0.9494468
0.99007732
0.98996061
0.94940219
0.98712236
1.0110833
0.85473044
1.0178723
0.91077305
0.96276073
0.85472409
1.0176877
0.910861
0.96283192
1.255938
1.2560097
1.0179639
0.85473398
0.96312748
0.9110567
0.91090871
0.96305166
0.85473162
1.0182809
1.2561918
1.2560861
1.3091759
0.87286065
0.94781753
0.94771518
0.87291719
0.81503429
0.81499433
1.2804384
1.192919
1.2805764
0.87306631
0.94791891
0.87298266
0.94802173
0.81505678
0.81506189
1.1931019
1.2808786
1.2811269
0.96742796
0.85255523
0.96743177
0.85269642
0.96776922
0.9676223
1.8764935
1.8712014
1.8305439
1.8354804
1.5749587
2.266549
1.9588377
1.92988
1.8335712
1.8358151
1.5515587
1.8377904
1.8790786
1.0494572
1.2452899
1.0499346
1.2449476
0.55233513
0.47990487
0.55266908
0.47965255
1.0521162
1.2471541
1.247521
1.0513797
0.55333812
0.47898674
0.4799283
0.55227995
0.56745441
0.52935086
0.56793202
0.5288414
0.68928525
0.71433052
0.68967489
0.71394558
0.56694129
0.52784729
0.52827462
0.56650528
0.68843401
0.7126021
0.71298892
0.68807132
0.30694035
1.2259778
0.78664846
0.30553188
1.2260194
0.78647513
0.30907517
0.78532227
0.78574468
0.30893745
1.2261868
0.9883685
1.010538
0.99011142
0.94974604
0.98841212
1.0102259
0.99022404
0.94978183
1.3542738
1.3082558
1.3083943
1.3549367
1.0106675
0.98832807
0.94997952
0.99041375
0.99026581
0.94992185
0.988358
1.0111634
1.2576641
1.3102924
1.3101391
1.2577417
1.0185619
0.85570649
0.96370112
0.91191345
0.91175432
0.96361137
0.85569962
1.018884
1.257931
1.2578215
1.3106781
0.81865597
0.81860797
1.2830029
1.1941624
1.2831431
0.87598635
0.95095421
0.87589574
0.95105937
0.81867938
0.81869084
1.1970073
1.2839991
1.2842436
0.86178452
0.98174983
0.98147176
1.1874586
1.1943701
2.1784839
1.9798805
2.2373305
2.2061109
1.9310282
1.8827591
1.8397691
1.8268843
1.8362829
1.1805832
1.1885984
2.1844454
1.9596027
2.2957992
2.9683761
1.9315446
1.8335289
1.8594994
1.5560198
1.5477977
1.8272681
1.8594739
0.69156038
1.2807159
1.2796119
0.56592164
0.69451939
1.2802187
1.2802396
0.56568519
1.0251695
0.79059729
1.0252017
1.2884747
1.2651589
1.2546642
1.2612104
1.2956478
1.260901
0.79112743
1.0368959
1.0209483
1.2808461
0.69408586
1.2822945
0.590738
0.57020682
0.69272451
1.289638
1.2837313
0.5498362
0.47706063
0.55020911
0.47654064
1.0505181
1.2412773
1.2472634
1.0457472
0.54912619
0.47785141
0.47547338
0.55215253
0.68384935
0.70975821
0.68528914
0.70839159
0.56205794
0.53609069
0.52502647
0.5715301
0.68251984
0.71171982
0.70691004
0.68822099
1.3124119
0.91807652
0.91882187
0.95189408
0.96012644
0.95192898
1.3128696
0.9195909
0.91941278
0.95180793
0.95991773
0.95189771
0.41607575
1.2125308
0.79185201
0.78854107
0.43585853
1.2057612
0.91694994
1.3077554
0.91681249
0.95805243
0.95173637
0.95183692
0.9516334
0.95899679
0.95172882
1.3045898
0.9219565
0.91725208
0.98810094
0.97862027
0.97863231
0.98726443
0.94323043
0.98733716
0.98809229
0.9785804
0.97861355
0.98748213
0.94330691
0.98744614
0.97372826
0.98198763
0.97372508
0.93976578
0.9510685
0.95329351
0.95305483
0.93984022
0.95312159
0.98175222
0.97150217
0.97383059
0.9785253
0.98773086
0.97803177
0.94041175
0.98244675
0.98538924
0.9874123
0.94252135
0.98683702
0.98720399
0.973803
0.97688758
1.307084
1.3548354
1.3074236
0.98658039
1.0100159
0.99012045
0.94962951
0.98696372
1.0112616
0.98980764
0.9496833
1.0077191
0.83810351
0.82355481
0.83346388
1.0082741
0.83412336
1.3539228
1.3028637
1.2966702
1.3534178
1.0093587
0.98245334
0.94756354
0.98512814
0.98937497
0.94879856
0.97933916
1.00797
0.85416997
1.0189727
0.91114484
0.96346563
0.85471505
1.018446
0.91145773
0.96361647
1.2561468
1.2555236
1.0189763
0.85452423
0.96189337
0.90406023
0.91143724
0.96314176
0.84567118
1.0158833
1.2518236
1.2538276
1.3085096
0.8736353
0.94901883
0.9488758
0.8737096
0.81487852
0.81485333
1.2818211
1.1931654
1.2825469
0.87287739
0.94895989
0.87362433
0.94808245
0.81456086
0.81514828
1.1887962
1.2726262
1.2805573
0.9686575
0.85305905
0.9691458
0.85178635
0.96483657
0.96853111
1.8841204
1.8401304
1.8266682
1.8363977
1.5538388
2.1854016
1.9599812
1.9319226
1.8333329
1.8587242
1.8269743
1.8607356
1.0502925
1.2464583
1.0500401
1.2469243
0.54957278
0.47660899
0.54991975
0.47610958
1.0507341
1.2418273
1.24773
1.0460713
0.54887193
0.47754153
0.47507677
0.5520057
0.56202068
0.52527028
0.56374143
0.52368372
0.68426913
0.71026435
0.68569848
0.70890839
0.56192729
0.53623633
0.52497116
0.57159031
0.68297616
0.71229486
0.70746348
0.68868928
0.32598246
1.2262096
0.78358483
0.31499976
1.2268274
0.78321094
0.41673395
0.79230081
0.78900702
0.43594479
1.2063699
0.98780623
1.0112408
0.9904419
0.95016482
0.98819069
1.0113224
0.99017776
0.95020842
1.3548122
1.3039188
1.2977248
1.3542939
1.0105858
0.98369142
0.9481863
0.98643607
0.98973698
0.94935882
0.98057461
1.0091975
1.2579089
1.3122277
1.2572912
1.0196165
0.85616688
0.96254819
0.90556325
0.91231078
0.96373329
0.8473595
1.017432
1.2536052
1.2555995
1.3100726
0.81857223
0.81854162
1.2849661
1.1946252
1.2851874
0.87583786
0.9520417
0.87657535
0.95116963
0.81825756
0.81884339
1.1927883
1.275823
1.2837333
0.86118235
0.97959962
0.98293871
1.8857282
0.86417736
2.1647789
0.86790059
1.7592687
0.86691737
1.9423949
2.796782
0.86711689
2.0443317
2.8308923
0.86750325
2.1179917
0.86768744
2.1873708
3.0005623
0.86774487
2.1624687
2.9633358
0.86806377
2.1691749
0.86889875
2.1358369
0.87066939
1.8867086
2.1592275
0.85313121
0.85801368
0.86138462
0.86520312
2.1652733
0.8561768
0.86114121
0.8681205
2.1495679
2.0622084
0.85799817
0.85783319
0.86497384
0.86378849
2.0742966
2.8729593
0.86112028
0.8611044
0.86694671
1.7471456
2.1080705
0.85788346
0.85816118
0.8637266
0.86348777
2.1297201
2.9283049
0.86115937
0.86172411
0.86706652
1.9164385
2.7705924
1.7514959
0.85819852
0.85835955
0.86347346
0.86337247
1.7785452
2.6410611
0.8618029
0.86227486
0.86746047
2.0634046
2.8644781
2.0781478
2.9352524
0.85835799
0.85815503
0.86334458
0.86300462
2.0873982
2.9396961
0.86231781
0.86246982
0.86767565
2.107817
2.8850759
1.9938006
2.7381244
0.85809526
0.85753759
0.86293326
0.86234658
2.0030102
2.7434641
0.86246273
0.86234879
0.86772787
2.1743904
1.8641936
2.6654744
0.8574519
0.8569147
0.86226301
0.86181173
1.8748175
2.6697026
0.86232999
0.86229373
0.86799648
2.1558245
1.893518
2.677935
0.85685619
0.85661629
0.86177853
0.86188116
1.8941882
2.6859436
0.8623001
0.86245299
0.86875334
2.1526681
1.7240716
0.85662297
0.85679165
0.86196301
0.86305101
1.7359981
0.8624849
0.86293522
0.87039562
2.124479
1.887948
0.85682222
0.85186971
0.86327779
0.85936545
1.8874682
2.691217
0.86298785
0.85818302
0.86692407
0.80467807
1.075533
1.0740632
0.81130607
0.59537451
0.51358566
0.48174381
0.61620884
0.71206755
0.699308
2.1814731
0.79076099
1.2982283
1.2972348
0.814121
0.98225094
0.93827715
0.94045362
0.97898672
1.0065042
1.0094351
1.6068271
0.86767163
1.6809285
0.80218142
1.0680596
0.80269387
1.0673932
0.60362364
0.4856483
0.60160617
0.48836866
0.70617421
0.70761099
2.1610828
2.9695696
0.79347823
1.2972611
0.79441182
1.2960254
0.98277885
0.94047272
0.98245146
0.94081412
1.0086831
1.0083524
1.6853356
0.86734537
1.6850145
0.8012893
1.0657639
0.80485299
1.0664009
0.60249981
0.48978905
0.60306204
0.48871434
0.70733392
0.70732685
2.1972237
0.79148736
1.2988208
0.79466761
1.2983195
1.2247399
1.2243983
0.98300361
0.94140274
0.98322729
0.94126005
1.0082127
1.0082124
1.6854565
0.86695032
1.6858826
0.7987548
1.0672181
0.80411434
1.0624498
0.60154926
0.48866115
0.60172203
0.48763395
0.70604054
0.70566734
1.7113836
0.78849874
1.2964288
0.79561639
1.2980957
1.2240196
1.2237416
0.98306381
0.94131554
0.98298909
0.9413948
1.0084476
1.0086455
1.6863888
0.86729841
1.6866846
0.80264056
1.0649888
0.8018006
1.0668765
0.60381447
0.48828998
0.60145773
0.49006336
0.7060932
0.70703482
2.1452136
2.9567386
0.79300207
1.2981284
0.79321613
1.2939754
0.98329852
0.94174782
0.98342063
0.94160336
1.008987
1.0090856
1.6870132
0.8676292
1.6871636
0.80439227
1.0662895
0.80231578
1.0669218
0.60360242
0.49055787
0.60410299
0.49008902
0.70793184
0.70781615
2.1376226
2.9476398
0.79672704
1.2961755
0.79447329
1.294751
1.2252474
1.2252345
0.98361816
0.94177897
0.98334602
0.94217839
1.0091319
1.0090958
1.6873727
0.86772886
1.6876685
0.80152117
1.0666506
0.80229141
1.0655939
0.6050998
0.49007409
0.60426404
0.49030329
0.70915357
0.71036414
1.8664969
0.79089794
1.298385
0.79600767
1.2966751
0.98376616
0.94239209
0.98381017
0.9423071
1.0088977
1.0087842
1.6884008
0.8678423
1.689096
0.80176555
1.0660164
0.80180455
1.0659324
0.60547522
0.49102476
0.60576778
0.49025014
0.7110318
0.71064192
1.8911648
2.6821271
0.79139105
1.2963063
0.79523421
1.2963131
1.2264035
0.98348916
0.94212064
0.98362057
0.94197272
1.0087286
1.0087802
1.6911432
0.86833248
1.6925496
0.80285134
1.0667351
0.80277708
1.0667185
0.60318516
0.48934739
0.60416853
0.48840526
0.70907057
0.70799094
1.9004683
0.79356883
1.2991626
0.79744193
1.3003773
0.9832813
0.94178922
0.98336545
0.94160907
1.0089743
1.0091294
1.695259
0.86944237
1.6969147
0.80298469
1.0671088
0.80198677
1.069994
0.59654755
0.48666173
0.60136953
0.48207418
0.70564753
0.70105157
2.1302244
2.9204474
0.78854473
1.2942312
0.79036186
1.2950819
0.98292943
0.94086254
0.98294688
0.94058246
1.0095438
1.0099536
1.6995797
0.87092934
1.6997988
2.1781236
2.9697662
2.157198
0.81524775
0.58812279
0.77420252
0.78473092
0.56643842
0.57108762
0.780793
0.65221279
0.48291358
0.45821548
0.66162726
0.80408663
1.0684504
1.0712377
0.80271465
0.65221319
0.45962233
0.45804223
0.65137958
0.63415597
0.76414237
0.75033326
0.65127402
0.59596864
0.48458242
0.48166935
0.60000638
0.6347937
0.75521705
0.75115629
0.63903049
0.70522868
0.70076142
0.8555626
0.85708721
1.6088659
0.86481818
1.6820615
2.6547643
2.8143433
0.865388
1.6854881
1.6859291
2.8228095
2.8219664
1.1846565
1.5560271
1.1853765
1.5516906
2.1732515
2.9874533
1.1892716
1.5563915
1.1867768
0.69349249
0.71209433
0.81675455
0.58723446
0.77615924
0.79344287
1.2979798
1.2983325
0.79342359
0.6959936
0.69594501
0.78652216
0.78267276
0.80464958
1.0760083
1.0743114
0.81153707
0.65207267
0.48283886
0.45783577
0.66172977
0.80409936
1.0688022
1.0715191
0.80281098
0.65211132
0.45929321
0.45763639
0.65134717
0.59547168
0.51370042
0.4815018
0.61664835
0.63438528
0.76470424
0.75076305
0.65179423
0.59598908
0.48428034
0.48138305
0.59997754
0.63495243
0.75563652
0.75155177
0.63902256
1.3102541
0.95694801
0.96042313
1.3172329
0.7126182
0.69976697
1.3121723
0.96054396
0.96055954
1.3131045
0.70568504
0.70119609
0.9882423
0.93708478
0.94360654
0.98471772
0.98231935
0.94041317
0.94040867
0.98239735
0.98831474
0.94327812
0.94365799
0.98821325
1.0088755
1.0094967
0.85865082
0.86018674
2.6511643
2.8127538
0.86826735
1.6855112
1.6849983
2.8224794
2.8204807
2.1475461
2.9629176
1.552144
1.5509942
2.1363977
0.78498464
0.56614383
0.56546002
0.78533124
0.78760801
0.5672588
0.56522059
0.78594949
0.65091734
0.46034642
0.65144873
0.46220776
0.80208894
1.0657868
1.0671125
0.80355924
0.65082799
0.46398512
0.46248984
0.65275421
0.64216636
0.75624938
0.64029543
0.75784269
0.60325216
0.48953749
0.48815407
0.60313751
0.64212292
0.7575423
0.75790641
0.64149555
0.70739122
0.70768146
0.85784733
0.85782481
1.6847873
0.86431589
1.6832127
2.8219638
2.8203804
0.86414675
1.6814353
1.6826585
2.8178273
2.8195798
1.1865758
1.5516118
1.1850118
2.1497701
2.940111
1.185525
1.55257
1.1845828
1.5515145
0.69725306
0.69722597
0.78682257
0.56383918
0.56192237
0.78782006
0.79222473
1.2959134
1.2950542
0.7941464
0.69637582
0.69799329
0.78931019
0.78834341
0.80172064
1.0683809
0.80269662
1.0673234
0.65034449
0.45989806
0.65131635
0.4611196
0.8016328
1.0662735
1.06708
0.80340898
0.65024166
0.46300144
0.46134088
0.65231163
0.60306649
0.48530114
0.60125054
0.48720155
0.64211176
0.75667801
0.6402346
0.75826655
0.60332498
0.48857999
0.48747537
0.60271159
0.64209702
0.75789749
0.75831759
0.64149528
1.3127138
0.96051276
1.3129683
0.96048031
0.7066443
0.70806079
1.2253364
1.2245257
1.3127613
0.9606875
0.96053959
1.3126434
0.70775914
0.70811049
0.98832846
0.9431964
0.98821976
0.94306491
0.98292043
0.9413683
0.94097588
0.98322412
0.98840967
0.94312033
0.94307374
0.98857367
1.008238
1.0083133
0.86105047
0.8610465
2.8223535
2.8218357
0.86720587
1.6853002
1.6850263
2.8226875
2.8221197
2.1840935
1.5738285
1.5577631
1.9992648
2.7232019
0.78786485
0.56861431
0.56883072
0.78588137
0.7856904
0.56574951
0.56329243
0.78921764
0.64990224
0.46457949
0.65401447
0.46281593
0.79888758
1.0666415
1.0645176
0.80323281
0.6478113
0.46280125
0.46176291
0.65186398
0.64141258
0.75748017
0.64144562
0.75747559
0.60247198
0.48848622
0.48839314
0.60186166
0.64117253
0.75639053
0.75733035
0.64043058
0.70634629
0.70720139
0.8580176
0.85806302
1.681065
0.86359153
1.6802925
2.8173859
2.8162204
0.86356231
1.6796924
1.6800686
2.8157118
2.8160789
1.1957214
1.5729499
1.1915845
2.0085371
1.1796868
1.5462027
1.1915669
1.5671973
0.69768621
0.69872878
0.78961341
0.56266054
0.78984366
0.78700295
1.2932396
1.2952985
0.7938214
0.69261075
0.69883605
0.78824582
0.56277166
0.55750439
0.7932878
0.80028605
1.0662075
0.80448064
1.0655832
0.6490817
0.46337445
0.65339086
0.46166646
0.7983445
1.066737
1.0635908
0.80332268
0.64738522
0.46258706
0.46083187
0.65173741
0.60264104
0.48883083
0.60268544
0.48818447
0.64146488
0.75783001
0.64144505
0.75793084
0.60247531
0.48836616
0.48774793
0.60168469
0.64132542
0.75692075
0.75783136
0.64059362
1.3127735
0.96070895
1.3126502
0.96058139
0.7077063
0.70777775
1.2247455
1.2239344
1.3127911
0.96059657
0.96055814
1.3123374
0.70684264
0.70768249
0.98843392
0.94314769
0.98859051
0.94318132
0.98294894
0.94129888
0.94123217
0.98297044
0.98841182
0.94339826
0.9432219
0.98848
1.0084013
1.0082524
0.86142196
0.86150568
2.8228443
2.8234083
0.86697182
1.686269
1.6859609
2.8235032
2.823407
1.7869515
1.5771556
1.9457245
2.6971666
0.78479522
0.5677129
0.7929354
0.78946895
0.56386113
0.56291064
0.7911904
0.6479273
0.46318534
0.65257492
0.46174347
0.79999781
1.0643594
1.0632298
0.8025095
0.64901786
0.46291757
0.4620281
0.65193457
0.63994819
0.75607065
0.64025164
0.75558278
0.60164375
0.48756055
0.48781089
0.60123821
0.64002032
0.7554432
0.75556482
0.63996443
0.70588441
0.70570111
0.85833638
0.85835879
1.679566
0.86346719
1.6793386
2.8157056
2.8153004
0.86345283
1.6790569
1.6791923
2.8147694
2.8150018
1.1865009
1.5559023
1.1979505
2.0559299
2.8405944
1.1944182
1.5699939
1.1936623
1.562135
0.69220927
0.70050296
0.78735443
0.79457358
0.79301208
1.2980907
1.2993506
0.79416331
0.69643525
0.69785872
0.79133129
0.56259574
0.56259422
0.79227842
0.79911319
1.0672674
0.80407684
1.0630354
0.64812604
0.46302354
0.6523653
0.46192026
0.80060688
1.0647237
1.064109
0.80290687
0.64944709
0.4630278
0.46235035
0.65217661
0.60146862
0.48866634
0.60161329
0.48792513
0.64008204
0.75657187
0.64041854
0.75596641
0.60153351
0.48779452
0.48817586
0.60122142
0.64009539
0.75587312
0.75589614
0.6399789
1.3126055
0.96065778
1.3123079
0.96087015
0.70652569
0.70605043
1.2240744
1.2238336
1.3126929
0.96119749
0.9609835
1.3125565
0.70608557
0.70603404
0.98867898
0.94348271
0.98854249
0.9437056
0.98314849
0.94176267
0.9414982
0.9834131
0.98876847
0.94403755
0.94380001
0.98901611
1.008954
1.0087387
0.86207016
0.86213743
2.8234536
2.8237674
0.86734448
1.6869499
1.6867627
2.8242237
2.824042
2.1301745
2.0988011
2.883575
0.78815958
0.56432
0.78518498
0.78624396
0.56604787
0.56517716
0.78632438
0.65109796
0.46290208
0.65109473
0.46399028
0.80265556
1.066448
1.0663665
0.80323563
0.65130811
0.46448226
0.46418019
0.65202601
0.64206754
0.75572483
0.64023242
0.75716828
0.60445031
0.49117413
0.49049987
0.60447884
0.64266353
0.75794763
0.75758643
0.64313862
0.70798331
0.70756411
0.8583522
0.8583219
1.6789928
0.86325754
1.678856
2.8148568
2.8145627
0.86320765
1.6785824
1.6787724
2.8144882
2.8146125
1.1937506
1.5661798
1.1807597
2.1103472
2.8919907
1.1853423
1.1872642
1.5563883
0.69809748
0.69739824
0.79041869
0.56320007
0.78705715
0.79252167
1.2976617
1.2956918
0.79754354
0.69718118
0.7006907
0.78824049
0.56242365
0.78824177
0.80238904
1.065122
0.80184684
1.0671433
0.65071969
0.46269584
0.6510271
0.46352937
0.80242175
1.0666673
1.0666099
0.80318038
0.65096091
0.46406259
0.46369182
0.65189951
0.60368284
0.48776482
0.60138241
0.48969887
0.64218844
0.75612235
0.64018588
0.75762395
0.60400616
0.49034558
0.49015011
0.60491795
0.64281766
0.75864609
0.75810437
0.64349575
1.3127598
0.96122384
1.3126249
0.96116229
0.70627007
0.70744001
1.2248543
1.2251121
1.3127806
0.96129586
0.96115962
1.312874
0.70836791
0.70783133
0.9890286
0.9441023
0.98906517
0.94419254
0.98327813
0.94171488
0.94160156
0.98331295
0.9890275
0.94424751
0.94422164
0.98904755
1.0091562
1.009126
0.86245816
0.86247859
2.8241216
2.8243613
0.86764895
1.6872452
1.6871432
2.824296
2.8242774
2.1205578
2.9428894
1.7915638
2.6712436
0.78706322
0.56517961
0.78558713
0.78707256
0.56568533
0.56845559
0.78593839
0.65355155
0.46397068
0.65110385
0.46486574
0.80507214
1.0658604
1.0666588
0.80173742
0.65441604
0.46435217
0.46507165
0.65142199
0.64212282
0.75778989
0.64282381
0.75749706
0.60343708
0.48961093
0.49002284
0.60371281
0.64193223
0.75816358
0.75742726
0.64233882
0.70870217
0.70787426
0.85791261
0.85782848
1.6784112
0.86271691
1.6780216
2.8142322
2.8135551
0.86262923
1.6773083
1.6778661
2.8130291
2.8136338
1.186264
1.5538133
1.1814054
1.8045091
2.6755786
1.1911242
1.1923563
1.5668625
0.70009776
0.69786537
0.78906071
0.78771432
0.79683356
1.2961059
1.2979001
0.79145619
0.70004899
0.69589825
0.78938352
0.7882581
0.80430984
1.0665212
0.80234746
1.0670717
0.65342782
0.46358429
0.65106677
0.46456117
0.80485042
1.0659098
1.0667215
0.80135823
0.65415403
0.46360614
0.46461778
0.65095451
0.60379942
0.48990163
0.60462277
0.49029188
0.64243348
0.75854803
0.64325394
0.75804109
0.60357276
0.48892867
0.49010788
0.60368093
0.64220469
0.75862508
0.75794664
0.64251438
1.3133598
0.96142299
1.3130883
0.96183858
0.70835759
0.70826178
1.2257746
1.3134527
0.96201568
0.96195369
1.3136797
0.7090807
0.70830036
0.98923183
0.94425306
0.98908645
0.94421954
0.98371968
0.9424198
0.94231472
0.9838201
0.98928823
0.94406703
0.94420629
0.98928465
1.0089591
1.0090897
0.86245878
0.86243831
2.8245133
2.8250845
0.86772747
1.688136
1.6876949
2.8255099
2.8249708
1.8507631
2.6543625
2.1523406
1.5701367
1.5535568
0.78486711
0.56766875
0.56399639
0.78699075
0.78727709
0.5652654
0.78526909
0.65134176
0.46471189
0.65182869
0.46466784
0.80205838
1.06541
1.066158
0.80115273
0.65178886
0.46455271
0.46485716
0.6510369
0.64417465
0.75869903
0.64292331
0.7599444
0.60543396
0.49082076
0.49057782
0.60567585
0.64453016
0.76112316
0.76032133
0.64493159
0.71103911
0.71064648
0.85723702
0.85715669
1.6770124
0.86205734
1.6763117
2.8126307
2.8122282
0.86198892
1.6748138
1.675947
2.8100487
2.8118523
1.1890711
1.1947143
1.5723166
2.1655402
2.9634185
1.1929819
1.1869143
0.69524362
0.7003799
0.78717613
0.56380175
0.78918168
0.79511804
1.2958453
1.2967848
0.7907727
0.6992957
0.69513485
0.78880068
0.56017175
0.78734575
0.80124759
1.0667257
0.80189945
1.0657325
0.65096194
0.46391412
0.65132983
0.4640346
0.80192257
1.0659998
1.066371
0.80152432
0.65154914
0.46446414
0.46435634
0.65128178
0.60547809
0.48944667
0.6042861
0.48981081
0.64448546
0.75914127
0.64309674
0.76059537
0.60582941
0.49069867
0.49020559
0.60620213
0.64486154
0.76148564
0.76096606
0.64533385
1.3135782
0.96198726
1.3136837
0.96179157
0.70952613
0.71071461
1.3135601
0.96162509
0.96175218
1.313538
0.71138605
0.71099986
0.98917566
0.94402571
0.98927517
0.9438808
0.98376237
0.94218134
0.94230201
0.98366825
0.98916353
0.94378684
0.94385848
0.98907352
1.0087404
1.0087797
0.862331
0.8623231
2.8259099
2.8264086
0.86787177
1.690668
1.6893844
2.8289261
2.826837
1.884633
2.6735663
1.5696939
2.1527057
1.5513717
0.78563273
0.56401614
0.56352621
0.78695638
0.78749537
0.56587046
0.78527051
0.6515874
0.46478812
0.65156891
0.46453941
0.80256146
1.0661016
1.0666201
0.8020274
0.65224646
0.46387686
0.46469677
0.65178636
0.64475603
0.76114605
0.64510699
0.76070948
0.60535675
0.48943936
0.49039676
0.60443455
0.64443855
0.75907994
0.76044602
0.64342715
0.7094295
0.71041005
0.85674591
0.85670763
1.6744223
0.86176596
1.6734165
2.8097133
2.808657
0.86177548
1.6720639
1.6730164
2.8067044
2.8082282
1.1856883
1.5504318
1.1931245
1.5689266
2.1661201
2.9708522
1.19626
1.1865144
0.69538474
0.69934317
0.7870975
0.56212572
0.78904487
0.79603666
1.2985342
1.2970992
0.79302837
0.6996773
0.69629912
0.78918653
0.56306912
0.78740701
0.80172924
1.0666411
0.80221448
1.0661764
0.65144508
0.46469105
0.6518438
0.46449511
0.80251043
1.0665927
1.0668347
0.80230042
0.65208861
0.46395801
0.4646626
0.65191261
0.60598515
0.49104853
0.60633451
0.49062624
0.64503773
0.76149142
0.64541381
0.76103963
0.6059069
0.48987366
0.49077449
0.60504274
0.64487364
0.75980002
0.76079852
0.64393054
1.3135758
0.96161684
1.3135519
0.96158663
0.71137944
0.71098246
1.2263558
1.2262246
1.3135953
0.9616468
0.96161015
1.3136239
0.70987936
0.71076872
0.98899327
0.94378935
0.98906372
0.94379185
0.98346895
0.94184127
0.94195714
0.98339054
0.98899828
0.94386368
0.943817
0.98898476
1.0089434
1.0088313
0.86238548
0.86240551
2.8294029
2.8310327
0.86842466
1.6946911
1.6930315
2.8341306
2.8316976
1.884154
2.6771579
1.5748533
2.1400592
0.78596989
0.56733183
0.56746745
0.78749608
0.78895092
0.56560551
0.57025995
0.78515977
0.65248661
0.46391809
0.6523846
0.46322238
0.80430912
1.0664046
1.0678827
0.80215881
0.6536896
0.46157593
0.46341723
0.65147482
0.64205445
0.75869494
0.64310181
0.75762109
0.60307093
0.48749658
0.48854892
0.60223388
0.64185567
0.75649445
0.75759363
0.64084038
0.70643039
0.70767871
0.85663559
0.85666125
1.6718039
0.86229011
1.6713816
2.8064903
2.805656
0.86244496
1.6718245
1.6713094
2.8060811
2.8055249
1.1895106
1.5530664
1.1994581
2.1449315
2.9516361
1.1953069
1.5753736
1.1880023
0.69643055
0.70035079
0.78770175
0.56517356
0.56493207
0.78939936
0.79751982
1.2970107
1.2986535
0.78946967
0.70064244
0.69274385
0.79107495
0.787085
0.802963
1.0672065
0.80304025
1.0670839
0.65246304
0.4640099
0.65250847
0.46287744
0.80437863
1.0666091
1.0682257
0.80205753
0.6536196
0.46094729
0.46310271
0.65124888
0.60367811
0.48983935
0.60480652
0.48813247
0.64249474
0.75943368
0.64361342
0.75836137
0.60354071
0.48657033
0.48858944
0.60231388
0.64228905
0.75699031
0.75808456
0.64108708
1.3135806
0.96167399
1.313638
0.96161052
0.70953703
0.70846208
1.3135499
0.96119322
0.96155925
1.3135789
0.70690466
0.70814558
0.9889812
0.94389319
0.98900397
0.94392771
0.9832466
0.94105595
0.94153491
0.98301544
0.98897549
0.9439706
0.94394815
0.98886025
1.0094424
1.0092107
0.86265673
0.86271824
2.8347241
2.8369705
0.86964856
1.6990118
1.6974269
2.839346
2.8376706
2.1288939
2.9150523
1.5519594
1.5544162
2.1610332
0.7876125
0.56562935
0.56768392
0.78390224
0.81662461
0.58683128
0.57145892
0.77658059
0.6510935
0.46071779
0.65098219
0.45790514
0.80354013
1.075023
1.0730591
0.8108179
0.65100362
0.48254215
0.45771963
0.66104117
0.63552873
0.75576157
0.64002842
0.75166096
0.59559899
0.5132727
0.48177413
0.615578
0.63454721
0.76368147
0.75059134
0.65065525
0.71160938
0.69939562
0.85588623
0.854344
1.6721786
0.86343342
1.6720685
2.8067032
2.8050392
0.86284474
1.5938406
1.6679653
2.6365277
2.7971389
1.1833281
1.551254
1.1847017
2.1739822
2.9753317
1.184245
1.5562161
1.1801201
1.5467471
0.69206833
0.6936798
0.78971749
0.56255885
0.56466608
0.78596044
0.78802975
1.2978089
1.2942247
0.81296637
0.69146657
0.71131458
0.81820746
0.77873583
0.80298668
1.0673271
0.80191753
1.0702641
0.65097462
0.46011905
0.65079194
0.45752811
0.80350448
1.0755172
1.0732658
0.81108881
0.65085328
0.48244155
0.45735461
0.66117508
0.59668489
0.48579911
0.60147519
0.48190276
0.63579977
0.75627168
0.64027896
0.75220001
0.59575287
0.51343088
0.48162918
0.61539233
0.63482604
0.7643035
0.75114371
0.65076311
1.3121558
0.9610412
1.313615
0.96041522
0.70614339
0.70157219
1.2190822
1.2694542
1.3101185
0.95656923
0.96014691
1.3168238
0.71221207
0.69992353
0.98887959
0.9440107
0.98885571
0.94415283
0.9829415
0.93855694
0.94063064
0.97984378
0.98883759
0.9373447
0.94404985
0.98543421
1.0067443
1.0098615
0.86212066
0.86060435
2.839726
2.8386473
0.8703479
1.6227106
1.6958261
2.6705833
2.8311908
2.7604251
2.8990051
2.0838426
2.6495618
0.92481736
0.94885919
0.95104303
0.92174132
0.85489221
0.86475422
2.681435
2.6669159
1.8857082
2.8578865
0.92658885
0.95403008
0.92669434
0.95396161
0.85843078
0.86768497
2.9125235
2.8216929
2.1474673
2.6470359
0.92623701
0.95375216
0.92622957
0.9537725
0.85820459
0.86690824
2.8249115
2.9204619
2.0835568
2.7323837
0.9264276
0.95400402
0.92639332
0.95404199
0.85865836
0.8671713
2.8555106
2.7368523
2.0658532
2.7021229
0.9265783
0.95420736
0.92656754
0.95421701
0.85916854
0.86754391
2.6228978
2.6422684
1.7385725
2.7797647
0.92647851
0.95414049
0.9265015
0.95410931
0.85949154
0.86769777
2.9772245
2.8749421
2.1713019
2.9037255
0.92622351
0.95384244
0.92624705
0.95381048
0.85974252
0.86776712
2.9627144
2.8498013
2.1633738
2.8509099
0.92617838
0.95371339
0.92615965
0.95372353
0.86022808
0.86813991
2.856531
2.9663345
2.1677076
2.8654236
0.92649951
0.95392255
0.92643499
0.95396705
0.86104633
0.86905776
2.9026709
2.7865054
2.1178688
2.8042687
0.92731563
0.954428
0.92717888
0.95447341
0.86217247
0.87090696
2.8941362
2.7583011
2.0716809
2.6518212
2.6497179
2.6533729
1.838224
2.8471499
0.96067163
0.98654297
0.98613975
0.96439849
0.96799747
0.98950755
0.98966653
0.96806873
0.92236875
0.94646294
0.94863707
0.91929687
1.1829228
0.85045763
0.92445431
0.9516531
0.95169069
0.92432254
0.85796284
1.191344
0.85242414
0.86196342
0.86541188
0.85597739
2.6462755
2.6503074
1.8448358
2.8463889
0.96291667
0.98878462
0.98839633
0.96661737
0.97026408
0.99178952
0.99195726
0.97032409
1.1854949
0.85348876
0.92695376
0.95408976
0.9268159
0.95413678
0.86108545
1.1939737
0.8683232
0.85848671
2.6733575
2.6642338
1.8674503
2.8549614
2.8359498
2.7131791
2.0534095
2.745635
0.96808971
0.98931805
0.96808525
0.9891312
0.96819565
0.98848467
0.98853343
0.9682395
0.92410832
0.95159435
0.92420217
0.95153915
1.1937718
0.85794281
0.92383887
0.95141102
0.95140197
0.92382418
0.85780281
1.1907056
0.85584899
0.8647351
0.86388228
0.85513573
2.8391688
2.7147311
2.0641974
2.7516583
0.97031576
0.9915897
0.99138956
0.97032731
0.9703278
0.9906422
0.99070848
0.97035271
1.1938982
0.86107106
0.92626622
0.95374037
0.92623641
0.95374972
0.86106066
1.1933693
0.86701086
0.85818596
2.902302
2.8113634
2.1339312
2.6433996
2.6740342
2.7201958
1.9429423
2.8079159
0.96839484
0.98845295
0.96830261
0.9884453
0.96880407
0.9885552
0.98853187
0.96885635
0.92384494
0.95142927
0.92382379
0.95146494
1.1931742
0.85792865
0.92398677
0.95171944
0.95167921
0.92401505
0.85812124
1.1906421
0.85508978
0.86367232
0.86350982
0.85488573
2.7233529
2.6786577
1.9548613
2.8256639
0.97047467
0.99059474
0.99057254
0.97039828
0.970833
0.99062182
0.99060546
0.97087973
1.1933428
0.8612235
0.92634393
0.95396504
0.92636302
0.95393544
0.8616428
1.193405
0.86703302
0.85859252
2.905989
2.8178859
2.0651243
2.7084919
2.8554843
2.9467604
2.1440388
2.6518622
0.96900383
0.98858021
0.96891832
0.98861751
0.96929539
0.98880615
0.98878775
0.96931543
0.92409026
0.9517585
0.92404646
0.95180723
1.190646
0.85823833
0.92424645
0.95202278
0.95200122
0.92426096
0.85835004
1.1906917
0.85486669
0.8634724
0.8633991
0.85470265
2.9401237
2.8531334
2.1554412
2.6607417
0.97101008
0.99063906
0.99066688
0.97093437
0.97123866
0.99078417
0.99077762
0.9712468
1.1934254
0.86187918
0.92655282
0.95419292
0.92655679
0.95418472
0.86222522
1.1935857
0.86742769
0.8591165
2.8514159
2.7324436
2.0559466
2.7415443
2.862943
2.7626825
2.0852766
2.8469339
0.96939151
0.98882124
0.96934528
0.98884098
0.96947498
0.98885718
0.98887071
0.96945583
0.92429469
0.95203905
0.92427393
0.95206004
1.190684
0.85835326
0.92428976
0.95205787
0.95207493
0.92426815
0.85820263
1.1905691
0.85466734
0.86332217
0.86307416
0.85427543
2.8675865
2.7638209
2.104238
2.8478081
0.97129817
0.99078859
0.99079712
0.97126521
0.97131739
0.99075009
0.99077157
0.97128845
1.1935977
0.86235463
0.92655065
0.95416265
0.92652313
0.95418842
0.86246972
1.1936208
0.86767367
0.85946167
2.6410412
2.619632
1.7366383
2.7797894
2.628584
2.6266151
1.751876
2.6895119
0.96941326
0.98883325
0.96943569
0.98880277
0.96914401
0.98852997
0.98857493
0.96908034
0.9242228
0.95203195
0.92424315
0.95200483
1.1905301
0.85803095
0.92401961
0.95173132
0.95178139
0.92396938
0.85761911
1.1902183
0.85419947
0.86286685
0.86243607
0.85356574
2.6286539
2.6334789
1.7639058
2.6923145
0.97123151
0.99072067
0.99068574
0.97126049
0.97097937
0.99044779
0.99047976
0.97092839
1.193606
0.86244965
0.92631539
0.95387295
0.92627572
0.95391264
0.86236798
1.193492
0.86772773
0.85970455
2.8751709
2.9726909
2.1593893
2.9014658
2.6737412
2.6575534
1.8815429
2.6547995
0.96896399
0.98847974
0.96901799
0.98843219
0.96867287
0.98824764
0.98825836
0.96861884
0.92388231
0.95167777
0.92392053
0.95163032
1.19017
0.85736924
0.92369888
0.95139576
0.95142131
0.92367474
0.85697428
1.189964
0.85347085
0.86219223
0.86185821
0.85285775
2.6570359
2.6733659
1.8816119
2.6563987
0.97084365
0.99041328
0.99038262
0.97088134
0.97065476
0.99032839
0.99031604
0.97062369
1.1934782
0.86231219
0.92615428
0.95370536
0.92614934
0.95371079
0.86228975
1.193513
0.86795006
0.86015054
2.9589248
2.8480699
2.1587104
2.8487739
2.6558839
2.6512156
1.8521005
2.657609
0.96854509
0.98824064
0.9685728
0.98824657
0.96843933
0.98851873
0.98844294
0.96842217
0.92366098
0.95137399
0.92365914
0.95136536
1.1899535
0.85680647
0.92374175
0.95143741
0.95141012
0.92377598
0.85662595
1.1901271
0.8527885
0.86176514
0.86182887
0.85251361
2.6564573
2.6502684
1.8591595
2.6600285
0.97059451
0.9903443
0.99037177
0.97060044
0.97056476
0.99072987
0.9906455
0.97055508
1.1935361
0.86230958
0.92633898
0.95387831
0.92637943
0.95384473
0.86241879
1.1939015
0.86863091
0.86092327
2.9610603
2.855454
2.1614547
2.8635585
2.7980657
2.6988689
2.0414107
2.641848
0.96840806
0.98859974
0.96840746
0.98869657
0.96843732
0.98964848
0.98944157
0.96845463
0.9238804
0.95146639
0.92381913
0.95150683
1.1926832
0.85662286
0.92428988
0.95186989
0.95179546
0.92440082
0.85673075
1.1908661
0.85251448
0.86205397
0.86282785
0.85284156
2.8049344
2.702639
2.0544176
2.6443892
0.97055216
0.99081814
0.99092092
0.97054646
0.97060204
0.99189942
0.99168915
0.97062238
1.1939766
0.86251997
0.92693745
0.95435442
0.92704857
0.95427936
0.86284884
1.1947675
0.87013064
0.8620502
2.8985308
2.785105
2.1174611
2.8017526
2.9049802
2.7787728
2.0767744
2.655763
0.96837762
0.98984365
0.96844521
0.99000838
0.96095435
0.98678679
0.98640599
0.96464993
0.92466087
0.95193255
0.92452356
0.95197706
1.1909469
0.85677722
0.92251882
0.9466691
0.94886119
0.91943181
0.84918353
1.1825145
0.85292956
0.86348155
0.85995888
0.84913203
2.9102528
2.7805857
2.0885022
2.653533
0.9705532
0.99209801
0.99226652
0.97061628
0.96317373
0.98909462
0.98869374
0.96688559
1.19486
0.86295927
0.92520142
0.94921147
0.95138112
0.92213826
0.8554772
1.1864628
0.86747131
0.85887902
1.0531269
0.80293449
1.0677058
1.2491366
1.2504144
1.0689395
0.80112933
1.054343
0.55926545
0.59790321
0.49767367
0.55094178
0.52140943
0.48564846
0.6063523
0.58399591
0.38608121
0.70386956
0.77521666
0.78537099
0.69967519
0.40154238
2.2960487
2.1888707
2.6556144
2.6643735
1.8015678
2.8861881
2.1368236
1.0261872
0.78995468
1.0248289
1.288838
1.2654037
1.2550958
1.2625852
1.2949672
1.2607174
0.79089136
1.036971
1.0210772
0.97383871
0.9820457
0.97377151
0.94033455
0.95110042
0.95341207
0.95330026
0.94044047
0.95332171
0.98175551
0.97138021
0.97378701
1.0082231
0.83859258
0.82402332
0.83381021
1.0087251
0.83452978
1.3457208
1.0188154
0.9094433
0.91154575
1.0192135
0.87333285
0.94776204
0.95074416
0.86930475
0.92618137
0.95354327
0.95251615
0.92694141
0.95201276
1.6458116
0.86629645
0.85823519
1.6693771
0.97757115
0.80034963
1.0502194
1.2463706
1.064477
0.80057319
1.0505574
1.2458095
1.0641903
0.60335925
0.56734916
0.52627539
0.48706761
0.60268039
0.56516928
0.52883203
0.48801534
0.3022356
0.78377588
0.70689013
0.30494295
0.78450855
0.70736835
2.2750047
2.1742795
2.6781261
2.6675267
1.8778621
2.8580508
2.2690349
0.79024612
1.0274418
1.0247589
1.2630543
1.2966532
1.2602868
0.79049281
1.0284541
1.0248752
1.2619007
1.297283
1.260348
0.98266721
0.97437212
0.97423254
0.95333647
0.94058237
0.95348646
0.98256849
0.97396008
0.97411118
0.95378379
0.94070804
0.95364874
1.3537776
1.3542825
0.8347793
1.0085546
1.3540132
0.83486565
0.83495225
1.0084563
0.83492952
1.0184226
1.310485
0.91152631
1.0185233
0.91146084
0.87566302
0.95086862
0.875759
0.95073256
0.92648969
0.95384341
0.95389575
0.92640537
0.97606493
1.6851023
0.86749393
0.85827395
1.6849479
0.97562969
0.80484491
1.0496224
1.2455101
1.0680549
0.80580584
1.0515231
1.2449786
1.0690706
0.60270216
0.56653057
0.52918083
0.48951033
0.6027221
0.56671465
0.52881242
0.48940372
0.30779668
0.78452439
0.70734506
0.31076622
0.78394565
0.70736663
2.2515065
2.9760767
2.89647
2.1172179
2.8411223
2.1724608
0.79650377
1.0262814
1.0304244
1.2622442
1.297877
1.2632898
0.79625518
1.0278166
1.0293477
1.2618471
1.3002381
1.2649374
1.2244491
0.98310779
0.97470976
0.97482154
0.95441551
0.94140403
0.95439997
0.98320719
0.9749463
0.97493256
0.95420109
0.9413555
0.95432538
1.3530488
0.83511199
1.0082187
1.3530549
0.83512325
0.83509065
1.008227
0.8351237
1.0180912
1.3096176
1.3096261
0.91140959
1.0181005
0.91143402
0.87539707
0.95022689
0.87539161
0.95019861
0.92624514
0.95383546
0.95379945
0.92625952
0.97556444
1.6855412
0.86691623
0.85835581
1.6856515
0.97583286
0.8007835
1.0467664
1.2461749
1.0669699
0.80305861
1.0516756
1.2417723
1.065825
0.60151817
0.56538751
0.52792482
0.48803739
0.60161005
0.56539211
0.52772791
0.48777986
0.31289484
0.78350271
0.70581982
0.31324359
0.7832503
0.70570172
2.7090702
2.8063758
2.0509564
2.6424673
2.187176
0.79137455
1.0235447
1.0257755
1.2619779
1.2964522
1.2624607
0.7953633
1.0283259
1.0286281
1.2598133
1.2973173
1.2610095
1.2238762
1.2237463
0.98303537
0.97467656
0.97466456
0.95415695
0.94134383
0.95416158
0.98303131
0.97466846
0.97469129
0.954154
0.94136973
0.95415799
0.83526947
1.008523
1.3531928
0.83532868
0.83542515
1.0085977
0.83538967
1.0181692
1.309673
1.3096465
0.91175798
1.0181446
0.91180367
0.8756073
0.9501859
0.87557705
0.95019889
0.92645379
0.95411654
0.95407839
0.92647854
0.97636896
1.6864186
0.86722824
0.85888387
1.6864788
0.97674675
0.80121907
1.0505043
1.2438324
1.065
0.80106007
1.0491295
1.2453982
1.0648137
0.60271884
0.56765301
0.52758367
0.48899219
0.601991
0.56537429
0.53007152
0.48932003
0.30762044
0.78376379
0.7062385
0.31354865
0.78418859
0.70663257
2.178053
2.6721953
2.6546368
1.7749231
2.8493133
2.1589006
0.79098139
1.0263464
1.02496
1.2614513
1.2965869
1.260371
0.79163024
1.0266879
1.0254565
1.2603275
1.2970534
1.2601568
1.2241317
0.98335719
0.97482957
0.97490236
0.95447782
0.94171861
0.95443552
0.98341842
0.97501394
0.97499311
0.95427929
0.94167048
0.95436706
1.353526
0.8357714
1.0090382
1.3535824
0.83581148
0.83584336
1.0090799
0.8358432
1.0182376
1.3097217
1.309714
0.91202434
1.0182366
0.91202879
0.87577255
0.95027816
0.87576623
0.95028253
0.92657718
0.95422451
0.95422139
0.92657174
0.97724992
1.687003
0.86758201
0.8593318
1.6870246
0.97752294
0.8016344
1.0511701
1.2448516
1.063612
0.80051609
1.0499444
1.2455685
1.0643129
0.60345797
0.5676343
0.5305078
0.48976787
0.60371629
0.56838669
0.52969613
0.48993906
0.30946148
0.7849924
0.70787104
0.30561053
0.78560372
0.70782476
2.2556996
2.1779841
2.8512114
2.7450557
2.0651447
2.83769
2.2064265
0.79393838
1.0287336
1.0270646
1.261616
1.2959057
1.2593032
0.79073322
1.0276664
1.0244293
1.2616423
1.2962671
1.2611583
1.2253087
0.98352548
0.97522133
0.9751081
0.9543818
0.9419055
0.95449405
0.98343984
0.97490717
0.97501496
0.95475715
0.94205762
0.95463745
1.3536768
1.3536941
0.83596302
1.0091339
1.3537015
0.83599688
0.83602925
1.0091338
0.83602622
1.0181702
0.91195018
1.0181739
1.3096449
0.9119219
0.87568453
0.95024776
0.87571043
0.95023427
0.92644325
0.95403122
0.95407006
0.92640525
0.97783797
1.687417
0.86770722
0.85959667
1.6874846
0.97804172
0.80204571
1.0484326
1.2444681
1.0671252
0.80277048
1.0493884
1.2435256
1.0663347
0.60474771
0.56864306
0.52983045
0.49036385
0.60470576
0.56777597
0.53030638
0.49029478
0.29746145
0.78651448
0.70960669
0.3042214
0.78684554
0.71001745
2.1693608
2.3102508
2.6769008
2.6574338
1.896699
2.6551682
0.79197664
1.0242805
1.0253417
1.2631901
1.2982889
1.2632999
0.79646178
1.0290161
1.0292936
1.2593827
1.2976464
1.2603799
0.98379363
0.97547635
0.97549653
0.95504193
0.94237937
0.95505436
0.98382323
0.97550316
0.97552696
0.95502539
0.94235784
0.95505607
1.3534839
0.83597101
1.0088669
1.3535136
0.83596487
0.8359226
1.0088383
0.83595793
1.0180208
0.91165841
1.0180356
1.3094692
1.3094453
0.91162001
0.87544788
0.95012341
0.8754754
0.95011146
0.92619466
0.9537546
0.95377885
0.92616982
0.97833985
1.6885522
0.86779532
0.85990202
1.6887329
0.97859151
0.80136496
1.0487075
1.2437989
1.0660218
0.80185903
1.0486915
1.2438891
1.065472
0.60560666
0.56887551
0.53050546
0.49051014
0.6057504
0.56906599
0.53035325
0.49034173
0.29581249
0.78705873
0.710966
0.29471558
0.78689072
0.71083518
2.2573751
2.2598217
2.6610299
2.6526204
1.8716547
2.6593731
0.79071614
1.0247371
1.0240858
1.2617864
1.2964118
1.261771
0.79508866
1.0279592
1.0278786
1.2595761
1.2959326
1.2590194
0.98354169
0.97516064
0.97522729
0.95487141
0.94208346
0.95482853
0.98360126
0.97533898
0.97530946
0.954695
0.94204108
0.95477593
0.83585827
1.0087509
0.8358612
1.3534422
0.83583214
1.0087777
0.83586155
1.0180179
0.91149932
1.0179936
1.3094259
0.91150073
0.87540416
0.95015161
0.87539238
0.9501798
0.92619396
0.95375773
0.95373615
0.92621507
0.97910482
1.6915213
0.8682252
0.86051139
1.6919516
0.97949907
0.80195436
1.0500254
1.2449859
1.066176
0.80245679
1.0498554
1.2452955
1.065688
0.6034343
0.56692189
0.5294771
0.48911535
0.60381686
0.5678099
0.5286658
0.48863463
0.30734532
0.78636054
0.70870699
0.30284499
0.78586672
0.70834365
2.1636935
2.2647227
2.6588243
2.6591293
1.8573012
2.6528997
2.2774874
0.79202268
1.0275436
1.0258998
1.2644035
1.2987884
1.2639045
0.7965851
1.0304821
1.0297966
1.26283
1.2983973
1.2611452
0.98332839
0.97483073
0.97489659
0.95447174
0.94175658
0.95444281
0.98336945
0.97497599
0.97496445
0.95431252
0.94170625
0.95439938
1.3537815
0.83579819
1.0090346
0.83580183
1.353895
0.83575062
1.0090955
0.83579619
1.0184052
0.91164449
1.0183304
0.91167593
0.87569462
0.9505667
0.87564148
0.9506497
0.92656251
0.95407057
0.95401361
0.92663414
0.98029576
1.6957327
0.8692337
0.86147709
1.69625
0.98096018
0.80197888
1.0512142
1.2458206
1.0673335
0.80180126
1.0498626
1.2478598
1.0679154
0.59838964
0.56019972
0.52702701
0.48549731
0.60010907
0.56517726
0.52233129
0.48343421
0.3465438
0.78384645
0.7045214
0.31065519
0.783186
0.70297005
2.2387761
2.2063344
2.6232641
2.6447069
1.7382586
2.8192427
2.2217861
0.78698446
1.0240778
1.0225845
1.2601356
1.2951619
1.2605335
0.78986663
1.0249874
1.0249448
1.2603227
1.2958736
1.2591944
0.98294036
0.97438442
0.97434624
0.95369765
0.94073077
0.95363343
0.98294306
0.97436315
0.97434533
0.95366614
0.94064596
0.95364101
1.3557015
1.3552256
0.83529729
1.0096999
1.3555252
0.83513357
0.83473718
1.009876
0.83489728
1.0194611
1.3121458
0.91209824
1.019228
0.91222102
0.87643478
0.95151175
0.87630375
0.95171475
0.92743216
0.95429869
0.95445293
0.92746441
0.98237351
1.7000503
0.87102639
0.86228866
1.7003688
0.98368063
2.1890563
2.662645
2.6538573
1.7894553
2.8810691
2.1384283
1.8590276
1.554877
1.5633403
1.8434646
2.6869861
2.6648758
1.906793
2.8811661
2.1713052
2.2538573
1.8675477
1.5757891
1.5731698
1.875406
0.75866569
0.78990796
0.56567054
0.78906418
0.56781664
0.78656912
0.55033513
0.65119087
0.46984766
0.48341567
0.47681542
0.46071218
0.65234245
0.56027972
1.0520367
0.801699
1.0658262
1.2466712
1.2486181
1.0673368
0.80088897
1.0506566
0.55073189
0.65075849
0.45884022
0.47775186
0.47734544
0.45825856
0.65026331
0.55083943
0.68087294
0.63621505
0.75762344
0.71730759
0.70557144
0.75177978
0.6433682
0.69516288
0.55973153
0.59737403
0.48353074
0.52519357
0.52160228
0.48255655
0.59854372
0.56367611
0.6815531
0.63619291
0.75399606
0.71014788
0.70626628
0.75260564
0.63764825
0.68555375
0.34925742
0.70402148
0.78334521
0.78338813
0.70252163
0.30869319
1.3522312
1.3528789
1.3445599
1.0088068
0.98690497
0.98804046
1.00746
1.3540949
1.3535795
1.3539006
1.0107083
0.98947783
0.98946272
1.0106531
1.017075
1.3093397
1.3081334
0.90771456
0.90982126
1.0174646
1.2454903
1.3082329
1.3004813
1.2489303
0.96369491
0.98899148
0.9656482
0.98773898
1.0175965
1.3102767
0.91018584
0.91032194
1.0173619
0.96769147
0.98958426
0.96710438
0.98971709
1.2560781
1.3096352
1.3099669
1.2561075
0.87076327
0.94522929
0.94821047
0.86673801
0.9237164
0.95110595
0.95009034
0.92446175
1.279587
0.81643011
0.80682448
0.85332784
1.1914278
1.281823
0.92457038
0.95151604
0.95166799
0.92460362
0.87337422
0.94845801
0.94865522
0.87324819
0.85771443
1.1930994
1.2815937
0.81517851
0.81513243
1.2827195
0.94959405
1.6474247
0.86345051
0.85584179
1.6707773
0.97505066
2.7455925
2.7935734
0.86551969
0.85611091
0.97365759
1.6861121
0.97494042
1.6865167
2.8236798
2.8238955
1.8596359
1.554843
1.1809245
1.5631665
1.1867154
1.8441408
2.3088805
2.6991677
2.6693348
1.9081506
2.8878534
2.1704289
2.2522792
1.8665339
1.5768035
1.1974911
1.5723728
1.1973435
1.8776782
1.2823801
0.69355404
1.2834477
0.57241163
0.5706308
0.69253821
1.2907571
1.2848982
0.59149515
0.76040229
0.79180568
1.0284342
0.79071208
1.0261856
1.2984396
1.2630171
1.2610436
1.2639961
1.2999456
1.262711
0.78943708
1.0278902
1.0246873
1.282787
0.69288146
1.2813227
0.56437162
0.56385968
0.56920316
0.69193841
1.2812509
1.2806115
0.79071002
0.56610544
0.78820827
1.0533551
0.80294666
1.0680468
1.249823
1.2509078
1.0692084
0.80124501
1.0547929
0.5500943
0.65109031
0.46966898
0.48330521
0.47654529
0.46041302
0.65234147
0.56024348
1.052301
0.80182362
1.0662562
1.2472588
1.2491431
1.0677588
0.80104677
1.0509915
0.55051911
0.65074361
0.45851144
0.47749337
0.47709342
0.4578686
0.65028057
0.55066758
0.5592298
0.59813442
0.49768277
0.55109731
0.52119571
0.48552136
0.60671966
0.58432788
0.68121301
0.63656036
0.75816213
0.71789706
0.70598115
0.75226564
0.6438278
0.69573751
0.55962307
0.59738842
0.48328358
0.52483655
0.52132168
0.48231075
0.59885822
0.56348029
0.68183447
0.63633077
0.754401
0.71050003
0.70663041
0.75299634
0.63777837
0.68561761
0.91839594
1.3087938
0.91854365
0.95922456
0.95324284
0.95333783
0.95294085
0.96014259
0.95319712
1.3057382
0.9237542
0.91903751
0.38727078
0.70441382
0.77577401
0.78590573
0.70017985
0.40132951
1.2258609
0.91936998
1.3129297
0.91970863
0.96059153
0.9521303
0.95246939
0.95291817
0.96060034
0.95272245
1.3132326
0.91970841
0.91995746
0.35038945
0.70446797
0.78377913
0.7839008
0.7029559
0.30914822
0.97881938
0.98792811
0.97836094
0.94092152
0.9829372
0.98583581
0.98776787
0.94297474
0.98725255
0.9873294
0.97413661
0.97719929
0.97382071
0.9823555
0.97381281
0.94037269
0.95323646
0.95317841
0.95322406
0.94038679
0.95319836
0.9823754
0.97387345
0.97383251
0.97889803
0.98830282
0.97885061
0.94340701
0.98737325
0.98751738
0.98780269
0.94355614
0.98769187
0.98826858
0.97868371
0.97877862
1.0092149
0.98758692
0.98866866
1.0078781
1.3551654
1.0090873
0.83469064
0.83457792
0.83431127
1.009337
0.83440191
1.3549516
1.0110157
0.99002146
0.99000292
1.0109592
1.2473906
1.3099676
1.302243
1.2508076
0.96596197
0.99128075
0.99001774
0.96792337
1.0192866
1.3120209
0.91184809
0.91200317
1.0190339
0.9699661
0.9918802
0.96938286
0.99201289
1.2579708
1.3113423
1.3116877
1.2579878
1.2819262
0.81913415
0.80958804
0.85640425
1.1940611
1.2842198
0.92707119
0.95396208
0.92709857
0.95411741
0.87599819
0.95103096
0.87586943
0.95122464
0.86082679
1.1957427
1.2840036
0.8179607
0.81790488
1.2851197
2.7426301
2.791402
0.86841817
0.8584608
0.97632037
1.6857404
0.97747022
1.6858163
2.8225677
2.8224055
2.6765134
2.6669451
1.8716663
2.8553829
2.2673303
1.8717098
1.5712616
1.8682272
1.5737047
2.6276486
2.6502618
1.7454809
2.8314174
2.1628577
2.1786946
1.8722798
1.5607895
1.5708691
1.8499953
0.79035801
0.79054262
0.78932092
0.7900067
0.64995207
0.55084778
0.47791277
0.46104801
0.65017922
0.55104204
0.47780328
0.46175632
1.0501232
0.80074056
1.0646643
1.245123
1.2456253
1.0644874
0.801469
1.0506398
0.55082648
0.65013987
0.46329814
0.47969677
0.47782323
0.46277662
0.6509195
0.55281138
0.64190659
0.68840094
0.71121877
0.7570477
0.64128227
0.6866832
0.71293467
0.75758288
0.56704416
0.60308606
0.48918963
0.52926083
0.52888942
0.48836083
0.60323749
0.56707249
0.68839865
0.64194795
0.75768134
0.71271705
0.71300994
0.75782988
0.64177022
0.68798499
0.30379957
0.70750052
0.78462758
0.78460284
0.70762316
0.31020694
1.3528388
1.3532938
1.3530503
1.0100102
0.98938419
1.0102236
0.98937601
1.3524467
1.3523632
1.0096934
0.98931845
0.989338
1.0096419
1.0168317
1.3086423
1.3088232
0.9099348
1.0169125
0.90989462
1.2559805
1.3093168
1.2560556
1.3090406
0.96808605
0.98883086
0.96809933
0.9889652
1.0166936
1.3084856
0.91047068
0.91043467
1.0166691
1.3082644
0.96815503
0.98871052
0.9681207
0.98860953
1.2556698
1.3081835
1.2556362
0.87304856
0.94828812
0.87313609
0.94815216
0.92401989
0.95144948
0.95148642
0.92394523
1.2817955
0.81522016
0.81525387
0.85788693
1.1935482
1.2810883
0.92385756
0.95141833
0.9514027
0.9238875
0.87283235
0.94771298
0.94775749
0.8728289
0.85782389
1.1934917
1.2800732
0.8152034
0.81523166
1.2809298
0.97332404
1.6841872
0.8645112
0.85547835
1.6836291
0.97265533
2.8214099
2.8209698
0.8640097
0.85537136
0.97214316
1.6817353
0.97248346
1.682114
2.8182172
2.8187843
1.8731309
1.5699828
1.1933066
1.867413
1.5735137
1.1953462
2.2471589
2.6332042
2.6530791
1.7579341
2.834216
2.164266
2.1831682
1.8736428
1.5603577
1.1890777
1.5708665
1.1919063
1.8505904
0.6937653
1.2809417
1.2800965
0.56121015
0.69378612
1.2814162
1.280305
0.79234854
0.5605042
0.79278011
1.0262334
0.78921845
1.0235738
1.2960944
1.2615201
1.2606112
1.2607674
1.2952563
1.2588747
0.79179083
1.0274542
1.0258252
1.2808076
0.69366182
1.2801618
0.5637404
0.56170329
0.69591451
1.2815324
1.2808694
0.56215316
0.79145003
0.5606559
0.79222634
0.80002195
1.0500826
1.2469147
1.0646891
0.8004244
1.050825
1.2459949
1.0642653
0.64950041
0.5502066
0.47756874
0.46033382
0.64989759
0.55077632
0.47711232
0.46066986
1.0500109
0.80037481
1.0648352
1.245831
1.2458428
1.0645661
0.80123039
1.0509684
0.55016454
0.64961294
0.46230842
0.47894332
0.47710894
0.4616538
0.65046828
0.55219787
0.60282235
0.56659436
0.52600695
0.48617813
0.60220937
0.56472264
0.52791784
0.48682899
0.64176107
0.68857087
0.71156802
0.7574813
0.64117243
0.68672395
0.71325651
0.75801388
0.56659532
0.60314385
0.48834946
0.52826184
0.52804538
0.48763166
0.60290727
0.56639597
0.68856971
0.64190302
0.75805541
0.7129626
0.71331864
0.75822636
0.64167276
0.68806788
1.3127513
0.91973284
0.91967436
0.95185344
0.96047853
0.95161009
1.3128546
0.91968816
0.91972203
0.95132456
0.96048081
0.95145616
0.30173398
0.78418343
0.70735719
0.30510211
0.78481144
0.70782921
1.2250691
0.92003255
1.3127622
0.92025252
0.96066037
0.95122467
0.95128413
0.95131068
0.96061542
0.9513205
1.3127561
0.92042964
0.92049718
0.30322981
0.70788731
0.78486595
0.78488017
0.70803123
0.3099705
0.98828323
0.97862387
0.97862132
0.98728151
0.94313403
0.98720874
0.98825471
0.97864745
0.97863637
0.98712936
0.94310445
0.9871812
0.97453947
0.98304739
0.97469221
0.9412617
0.95437852
0.95426945
0.95395777
0.94113555
0.9541323
0.98316893
0.97492688
0.97484794
0.97866516
0.98848281
0.97870529
0.94310893
0.98712802
0.9871326
0.98713045
0.94309828
0.9871453
0.98855933
0.9787604
0.97875662
1.0102027
0.98983054
1.0103808
0.98976091
1.3533217
1.0082528
0.83510938
0.83508489
0.83500254
1.0082874
0.83505861
1.3532293
1.009808
0.98963816
0.989645
1.0097196
1.2578331
1.3110098
1.3107176
1.2579232
0.9702952
0.99105696
0.99120862
0.97028911
1.018223
1.3101126
0.91136703
0.91136844
1.0181772
0.97030629
0.99091985
0.97029185
0.99080148
1.2574365
1.3097589
1.309848
1.2573876
1.2836901
0.81800898
0.81804955
0.86103873
1.1960972
1.2834911
0.92629914
0.95379707
0.92634057
0.95376669
0.87540781
0.95026156
0.87539229
0.95030816
0.86106416
1.1961644
1.2824847
0.81800454
0.81802717
1.2833431
2.8220704
2.8218151
0.86710404
0.85823619
0.9755157
1.685184
0.97556007
1.6850544
2.8226203
2.8224427
2.1721121
2.9627159
2.8865676
2.1034137
2.8489999
1.8395917
1.552445
1.8349845
1.5549167
2.6566271
2.6154144
1.6869634
2.6692147
2.1688644
2.232832
1.8870593
1.5639567
1.5788141
1.8596633
0.78413287
0.78203597
0.56239453
0.79001069
0.79081212
0.65293934
0.55019305
0.48034996
0.46469187
0.65434961
0.55378563
0.47719651
0.46393406
1.0474277
0.79895442
1.0638499
1.2454982
1.243095
1.0635298
0.80065779
1.0508302
0.5485912
0.64796319
0.46193453
0.47817022
0.47592806
0.46135145
0.64971886
0.55168234
0.64154521
0.68784062
0.71268034
0.75749354
0.64144421
0.68775849
0.712643
0.75752032
0.56635974
0.60220275
0.48818323
0.52810061
0.52841529
0.4881375
0.60199696
0.56579489
0.68762612
0.64087641
0.75674936
0.71154157
0.71245857
0.75708083
0.64063686
0.68678677
0.307577
0.70667291
0.78356829
0.78377967
0.70697578
0.31186464
1.3522279
1.352238
1.3522276
1.0095933
0.9894132
1.0096325
0.98949092
1.3522632
1.3522709
1.0085769
0.98962207
0.98960902
1.0086039
1.0174828
1.3081122
1.308109
0.91056652
1.0174685
1.3081087
0.91061092
1.2556285
1.3081237
1.2556166
0.9684882
0.98848422
0.96858316
0.98845748
1.0174799
1.3081121
0.91078742
0.9107504
1.0166618
1.308115
0.96874168
0.98850266
0.96866774
0.98851581
1.2557225
1.3081029
1.2557341
0.87284852
0.94767414
0.87283217
0.94764666
0.92386346
0.95155195
0.95150428
0.92388482
1.2805162
0.81517645
0.81515812
0.8579716
1.1932272
1.2804034
0.92394967
0.95159317
0.95163575
0.92391015
0.87299178
0.94762534
0.94761985
0.87302738
0.85811142
1.1932529
1.2798469
0.81511386
0.81511849
1.2803901
0.97207293
1.6807295
0.86362595
0.85499319
1.6804193
0.97194428
2.8168722
2.8164558
0.86354272
0.85496503
0.97179856
1.6797409
0.97190206
1.6798431
2.8157281
2.8158956
1.8415907
1.5524819
1.1873221
1.8366354
1.5553457
1.1906592
2.1627835
2.6218045
2.6360838
1.7071011
2.6652477
2.1713649
2.2456392
1.8778123
1.5635706
1.1877884
1.5725405
1.192378
1.8618556
0.70205751
1.2820393
1.2837537
0.56481201
0.56643402
0.7008936
1.2821323
1.2830926
0.78619648
0.56706056
0.78456165
1.0220361
0.78730445
1.0219417
1.294311
1.2600162
1.2587306
1.2581506
1.2951075
1.2578632
0.79040364
1.0265166
1.0240259
1.2794053
0.69203307
1.278531
0.69520028
1.2815642
1.279851
0.55917582
0.79246502
0.55637615
0.79363037
0.80371714
1.0487004
1.2461008
1.0683083
0.80500085
1.0516644
1.2443565
1.0690835
0.65188788
0.54941353
0.47949119
0.46326622
0.65343887
0.55303642
0.47634728
0.46255737
1.0468506
0.7989201
1.064006
1.2460662
1.2426044
1.0634105
0.80083621
1.0512278
0.54810229
0.64782979
0.46159851
0.47783694
0.47531267
0.46076628
0.64966999
0.55142309
0.60273297
0.56633678
0.52841615
0.48894432
0.60272124
0.56640742
0.52824944
0.48876287
0.64150549
0.6880693
0.71291541
0.75786023
0.64147393
0.68801024
0.71300697
0.75792636
0.56611576
0.60229752
0.48792125
0.52764514
0.5279091
0.48765146
0.60211234
0.56550051
0.68793779
0.64113071
0.75729405
0.71205312
0.71289421
0.75761486
0.64091242
0.68721331
1.3127452
0.92081827
0.92082534
0.9512042
0.96068866
0.95116084
1.3127105
0.92061775
0.92081686
0.95101244
0.96065464
0.95111677
0.30799635
0.78477977
0.70772837
0.31072634
0.7842562
0.70778026
1.2242495
0.92094572
1.3126865
0.92093105
0.96056866
0.9508103
0.95085977
0.95097043
0.96056322
0.95092965
1.3125504
0.92072504
0.92095021
0.30772367
0.70718179
0.78387936
0.78410239
0.70747784
0.31190757
0.9885029
0.97871624
0.97874894
0.98714164
0.94316241
0.98713811
0.98857282
0.97878225
0.97878466
0.98712446
0.94318429
0.98715119
0.97464724
0.98292488
0.97461745
0.94125371
0.95414971
0.95412058
0.95413629
0.94123628
0.95411852
0.98295242
0.97466213
0.97464924
0.97872562
0.98841245
0.97875173
0.94333551
0.98727185
0.98722072
0.98714738
0.94328141
0.98719121
0.98845688
0.97885497
0.97881426
1.0096416
0.98969147
1.0096221
0.98973009
1.3530751
1.0083425
0.83522975
0.83518152
0.83510674
1.0083018
0.83514895
1.3530912
1.009735
0.98994816
0.98988859
1.0097641
1.2573479
1.3096821
1.3096355
1.2573522
0.97055256
0.99058507
0.99057042
0.97063578
1.0180853
1.3096062
0.91160274
0.91155101
1.0180904
1.3095879
0.97077724
0.99059328
0.970711
0.99059764
1.2573961
1.3095824
1.2573992
1.2824132
0.81798217
0.81797117
0.86130572
1.1958339
1.2828145
0.92631522
0.95386669
0.92628201
0.95390108
0.87551548
0.95017155
0.87554385
0.95016217
0.86159321
1.1959925
1.2822867
0.81796729
0.81796047
1.2828166
2.8231049
2.8233156
0.86700871
0.85841755
0.97624938
1.6861582
0.97593442
1.6860132
2.8235446
2.8234606
2.2474464
2.1774419
2.9079842
2.7924504
2.1165199
2.6559451
1.8410996
1.5518327
1.8368265
1.5571102
2.8839366
2.9818992
2.1547503
2.6708958
2.2731584
2.1759488
1.8381658
1.5507841
1.5550599
1.8335549
0.78512403
0.78746092
0.56376276
0.56545579
0.78602627
0.78544699
0.64933087
0.54891592
0.47863554
0.46278658
0.65145348
0.55223892
0.47640192
0.46196981
1.0478383
0.8030943
1.0666378
1.2436763
1.2426044
1.066896
0.80374056
1.0494105
0.54972844
0.65146893
0.46282492
0.47927898
0.47701882
0.46248024
0.65248553
0.55233554
0.63996717
0.68613786
0.71124539
0.75582259
0.64009076
0.68654654
0.71076138
0.75566661
0.5657796
0.60128491
0.48778804
0.52743341
0.52786653
0.48794121
0.60122131
0.56520281
0.6861555
0.64001643
0.75531438
0.71073808
0.7107534
0.75555242
0.6398835
0.68616114
0.31250985
0.70577785
0.78360849
0.7832596
0.7057427
0.31382202
1.352446
1.3523112
1.352376
1.0099425
0.98987147
1.0099295
0.98997124
1.3526124
1.3526516
1.010138
0.99014929
0.99016842
1.0101959
1.0167513
0.91096679
1.0167273
1.3081269
1.3081579
0.91102732
1.2557927
1.2557505
0.96908407
0.98871519
0.96916061
0.98866383
1.0168196
1.3082649
0.91117866
0.91117369
1.0168391
0.96926599
0.98875046
0.96922077
0.98877159
1.2559216
1.3082993
1.3082819
1.255929
0.87309688
0.94762968
0.87305987
0.94763873
0.92412391
0.95190164
0.95185308
0.92415392
1.2798447
0.8151119
0.81511911
0.85830595
1.1932688
1.2803882
0.92421832
0.95193916
0.95197241
0.92418207
0.87324586
0.94770703
0.94769981
0.87326608
0.85834547
1.1931906
1.2798907
0.81515463
0.8151554
1.2803895
0.97176483
1.6794567
0.86347759
0.85483344
1.6793349
0.97169072
2.815578
2.8154427
0.86342243
0.85480518
0.97145914
1.6790188
0.97163262
1.6790353
2.8146279
2.8146995
1.8524143
1.5488312
1.1842528
1.833805
1.5623792
1.1913093
2.1881617
2.8871347
2.9668536
2.1214678
2.7445943
2.2775309
2.1797414
1.8418367
1.5483377
1.1850802
1.5567375
1.1922359
1.8310863
0.69540128
1.2795696
1.2806788
0.56495955
0.69977354
1.2825638
1.2822999
0.55938232
0.56479895
0.78771768
0.56168956
0.79003522
1.0275112
0.79816471
1.0316611
1.2972514
1.2614722
1.2633177
1.2627877
1.301224
1.2658674
0.79731293
1.0270514
1.0298742
1.281017
0.70113326
1.2825164
0.70058296
1.2814545
1.2823008
0.56468508
0.78758845
0.56570104
0.78690884
0.80085126
1.0473835
1.246646
1.0669753
0.80300547
1.0519424
1.2426216
1.0658512
0.64928066
0.54898507
0.47829836
0.46269604
0.65126258
0.55193916
0.47641068
0.46199209
1.0486886
0.80376278
1.067214
1.24442
1.2436814
1.0675626
0.80435047
1.050011
0.54998952
0.65198396
0.46314456
0.47931004
0.47719018
0.46286459
0.65293841
0.55243379
0.60144963
0.56562981
0.52780977
0.48811526
0.60151982
0.56552745
0.52799024
0.4879683
0.6401235
0.68646378
0.71173292
0.75629097
0.6402521
0.68695722
0.71113872
0.7560964
0.56574073
0.60177794
0.48814526
0.52754012
0.52817315
0.48834042
0.6016219
0.56521899
0.6864342
0.64005897
0.7558079
0.71111477
0.71108089
0.75584276
0.6399805
0.68643904
1.3125053
0.92135909
0.9212299
0.95085559
0.96071736
0.95093645
1.3124013
0.92085774
0.92110525
0.95115326
0.96079946
0.95106277
0.31448401
0.78382826
0.70627625
0.31347997
0.78361976
0.70612484
1.2239982
1.2238869
0.92160571
1.3126678
0.92168207
0.96115892
0.95140693
0.9514139
0.95129153
0.96109299
0.95139102
1.3126422
0.92160004
0.92177455
0.31454335
0.70602666
0.78393031
0.78363667
0.7060284
0.31628687
0.98863332
0.97912849
0.97906881
0.98735204
0.94355963
0.98742353
0.98860175
0.97893584
0.97901522
0.98756619
0.94364565
0.98751553
0.97475189
0.98324532
0.974846
0.94170172
0.95448801
0.95442562
0.95422831
0.94161433
0.95433609
0.98335683
0.9750183
0.97496571
0.97922188
0.98886137
0.97931337
0.94397399
0.98786991
0.9878109
0.98765645
0.94389861
0.9877509
0.98896737
0.97946882
0.97941597
1.0099958
0.9901337
1.0099189
0.99019856
1.3534186
1.0088907
0.83573343
1.3534519
0.83567166
0.83550325
1.0088273
0.83560238
1.0101769
0.99042672
0.99038014
1.0102093
1.2574386
1.3095881
1.3096073
1.2574076
0.97107726
0.99074158
0.99070158
0.9711423
1.0182185
1.3096765
0.91196335
0.91192868
1.018224
1.309674
0.97122121
0.99076409
0.97118865
0.99077327
1.2575111
1.3096684
1.2575076
1.2822907
0.81797562
0.81799451
0.86196241
1.1960018
1.2828411
0.92653402
0.95414365
0.92650442
0.95416721
0.8757399
0.95026788
0.87575295
0.95025795
0.86220275
1.1961724
1.2823763
0.81807458
0.8180628
1.2828704
2.8235252
2.8236262
0.8673965
0.85895393
0.97715507
1.6869036
0.97686379
1.6868043
2.8243657
2.8243073
2.2646015
2.1738497
2.6437218
2.6631375
1.7561216
2.8402383
2.1757835
1.8713741
1.5613168
1.849502
1.5718959
2.6141971
2.6388841
1.71985
2.7786586
2.2775955
1.8781681
1.5572359
1.5749605
1.8431307
0.78802371
0.78842504
0.56458267
0.56511779
0.78889346
0.78972868
0.6502325
0.55119788
0.47883761
0.46311492
0.65025153
0.55166861
0.47811427
0.46349376
1.0502751
0.80178416
1.0646377
1.245147
1.2450405
1.0643087
0.80229137
1.0505539
0.55143971
0.65108104
0.46462251
0.47887101
0.47830898
0.46435257
0.65159199
0.55207219
0.64138891
0.68810926
0.71103804
0.75615763
0.64073637
0.68644763
0.71259388
0.75666766
0.5682599
0.60448643
0.49135966
0.53093715
0.5306452
0.49072884
0.60463131
0.56851139
0.68863985
0.64308284
0.75799176
0.71353807
0.71307204
0.75787255
0.64325669
0.68914152
0.30548766
0.70796311
0.78484222
0.78434104
0.7078316
0.30453556
1.3527415
1.3528067
1.0103786
0.99032742
1.0103898
0.99039496
1.3529481
1.3529677
1.0104699
0.99044673
0.99046804
1.0104938
1.0169016
0.91130961
1.0168917
1.3083163
1.3083412
0.91133819
1.2559713
1.2559416
0.96942616
0.98888478
0.9694549
0.98886277
1.0177378
1.3083993
0.91136603
0.91137493
1.0177571
0.96947659
0.98888935
0.96946999
0.98888163
1.25602
1.3084046
1.3084079
1.2560115
0.87329137
0.94770862
0.87327862
0.9477102
0.92430108
0.95208621
0.95207356
0.92430024
1.2798866
0.81515351
0.81515649
0.85837291
1.1932514
1.2803958
0.92429691
0.95208631
0.95208269
0.92429511
0.87327305
0.94767352
0.94768782
0.8732555
0.85825413
1.1931495
1.2798164
0.81512139
0.8151357
1.2803796
0.97139304
1.6789145
0.86330013
0.85455345
1.6788128
0.97118238
2.8147267
2.8145638
0.86313873
0.85449202
0.97071585
1.6786289
0.97107543
1.6786618
2.8146542
2.8146595
1.8694208
1.5622064
1.1907576
1.8526353
1.5699274
1.1935747
2.6410604
2.6185446
1.7332488
2.7867414
2.201101
2.2768689
1.8783163
1.5572097
1.1886158
1.5741174
1.194357
1.8444946
0.69602414
1.2812481
1.2808
0.56229445
0.69643133
1.2812698
1.2809618
0.56207674
0.56196574
0.79031777
0.79041804
1.0259557
0.79115738
1.0246735
1.2970919
1.2637826
1.2620071
1.2604086
1.2965344
1.2595787
0.79489297
1.0303029
1.0279485
1.2808958
0.69542703
1.2803542
0.56319912
0.69856803
1.2817253
1.2812208
0.56225
0.79087912
0.56111347
0.79167578
0.80097861
1.050581
1.2443166
1.0650663
0.80088178
1.0494115
1.2458224
1.0650099
0.64987037
0.55073535
0.47864462
0.46272656
0.64997217
0.55150949
0.47757846
0.46315336
1.0503474
0.80160205
1.0648528
1.2455639
1.2454473
1.0645389
0.80216702
1.050705
0.55100426
0.65080078
0.46412018
0.47851707
0.47778866
0.46384884
0.65138594
0.55183875
0.60289903
0.56742812
0.5276379
0.4882574
0.60183352
0.56534048
0.52974262
0.48927251
0.64147163
0.68838221
0.71137659
0.75655306
0.64065124
0.68667864
0.71298496
0.75709206
0.56807588
0.60446806
0.49059511
0.53053578
0.53034853
0.49047333
0.60499144
0.56874923
0.68896447
0.64329615
0.7586397
0.71416507
0.71352519
0.75846321
0.64355302
0.68964387
1.3127624
0.9216465
0.92178043
0.95144012
0.96121754
0.95145286
1.3127322
0.9217254
0.92186626
0.9513828
0.96120653
0.95145518
0.30900867
0.78405384
0.70659146
0.31584288
0.78439527
0.70701065
1.2249497
1.2250153
0.92166772
1.3127609
0.92162887
0.96121918
0.95148768
0.95139616
0.95136763
0.96118281
0.95137322
1.3128157
0.92173656
0.9217499
0.3066265
0.70830836
0.78502939
0.78453115
0.70813327
0.30529425
0.98905814
0.97956877
0.97957495
0.98793427
0.94414546
0.98797372
0.98908426
0.97953196
0.97957327
0.98801684
0.94418677
0.98802142
0.97480242
0.98326941
0.97479489
0.94165126
0.95432528
0.95427734
0.95425207
0.94162243
0.95425998
0.98329484
0.97486337
0.97483623
0.97958287
0.98902653
0.97958986
0.94425147
0.98804566
0.98804999
0.98804021
0.94424835
0.98806184
0.98904986
0.97960324
0.97961238
1.0103583
0.9905249
1.0103191
0.99054481
1.3536759
1.0091546
0.8359521
1.3536829
0.8359369
0.83587638
1.0091546
0.83592037
1.0104008
0.99056883
0.99057126
1.0103925
1.2575264
1.3096789
1.3096898
1.2575103
0.97132004
0.99081836
0.99080739
0.97133678
1.0182117
1.3097113
0.91200595
0.91201683
1.0181963
0.97133141
0.99081115
0.97133857
0.99079238
1.2575183
1.3096777
1.3096857
1.2574996
1.2823809
0.81808525
0.81810063
0.86239537
1.1961285
1.2829047
0.9265634
0.95421559
0.92656573
0.95420428
0.87574925
0.95025501
0.87572963
0.9502624
0.8624959
1.1962787
1.2823691
0.81812217
0.81811995
1.2829188
2.8242218
2.8243633
0.86767241
0.85937548
0.97776791
1.6871617
0.97759247
1.6870946
2.8241557
2.8241815
2.2545971
2.1775617
2.8417112
2.7411691
2.0526637
2.8349127
2.2074336
1.8473594
1.5730158
1.8761485
1.5588056
2.1636477
2.907153
2.7975441
2.0832576
2.6567784
2.171901
1.8349021
1.5735321
1.549453
1.8726768
0.79133494
0.56358139
0.7897263
0.56536705
0.56579608
0.78729632
0.78624004
0.6512082
0.55364068
0.47848329
0.4637574
0.65004035
0.55138327
0.4806151
0.46413654
1.0514418
0.80420216
1.0658881
1.2439086
1.2455356
1.0663548
0.80264733
1.0488169
0.55442606
0.65367373
0.46429481
0.48006215
0.48131564
0.46470757
0.65221904
0.55233889
0.64232259
0.68832606
0.71335338
0.75759344
0.64247242
0.6889011
0.7129085
0.75739664
0.56747497
0.60324696
0.4894642
0.52939483
0.52958086
0.48974656
0.60330006
0.56725774
0.68815983
0.64180918
0.75774054
0.71342711
0.71278525
0.75749505
0.64193292
0.68869793
0.31007022
0.70830586
0.78634293
0.78581621
0.70802793
0.30661702
1.3530118
1.010432
0.99042292
1.0105285
0.9904203
1.3529161
1.3529043
1.0102883
0.99021176
0.99029136
1.0102535
1.0169151
0.91133022
1.0169201
1.3083965
0.91131561
1.2559817
1.2559973
1.308382
0.96935971
0.98872459
0.96930541
0.9887632
1.0176802
1.3082839
0.91115921
0.91122297
1.0168595
0.96918999
0.98867369
0.96924342
0.9886209
1.2558025
1.3082172
1.30824
1.2557691
0.87320188
0.94765243
0.87322929
0.94762974
0.92418608
0.95192361
0.95196495
0.92414178
1.2797856
0.81510423
0.81508696
0.85799112
1.1929936
1.280202
0.92405983
0.95187361
0.9518264
0.9240955
0.8729972
0.94745782
0.94749043
0.87295216
0.8577123
1.1928605
1.2795356
0.81492826
0.81495975
1.280157
0.97057643
1.678239
0.86280126
0.85396576
1.6780547
0.97016268
2.8139327
2.8136486
0.86252756
0.85386834
0.96948472
1.6775007
0.96999702
1.6776632
2.8134589
2.813669
1.8477422
1.5724401
1.1928944
1.8766674
1.5583384
1.1881373
2.911972
2.7981159
2.0950531
2.6594252
2.1547749
2.1731812
1.8350501
1.5722623
1.1948502
1.5484312
1.18231
1.8725812
0.6971412
1.2818883
1.2808973
0.56236488
0.69421864
1.2810715
1.2800697
0.56458515
0.56243807
0.56079045
0.79321741
0.7916336
1.0288007
0.79540316
1.0275114
1.2974217
1.2596952
1.2603477
1.2622683
1.2945113
1.2608014
0.79230441
1.0248313
1.0255079
1.2819995
0.69855946
1.281322
0.56178068
0.56484784
0.56345059
0.69586718
1.2809475
1.2806761
0.56185766
0.78973108
0.78873065
0.80167919
1.0512637
1.2452995
1.0639138
0.8006036
1.0501523
1.2459245
1.0645974
0.65119191
0.55340688
0.47818855
0.46346421
0.65005488
0.55122288
0.48022061
0.46394828
1.0514248
0.80385392
1.0658673
1.2441391
1.2458041
1.0663147
0.80226144
1.0487177
0.55406866
0.65328802
0.46366612
0.47933924
0.48080976
0.4641353
0.65177413
0.55176428
0.60404108
0.56764685
0.53016103
0.48966594
0.60430457
0.56843246
0.52966059
0.49013087
0.64268787
0.68875975
0.71404321
0.75839623
0.64296217
0.68946903
0.71343706
0.75822031
0.56743231
0.60333518
0.48919233
0.52877257
0.52952954
0.48971774
0.60333383
0.56728894
0.68855839
0.64204721
0.75822116
0.71385734
0.71328385
0.75799418
0.64213445
0.68901668
1.3133474
0.92263534
0.92258294
0.95169226
0.96156723
0.95191945
1.3132863
0.92209053
0.92246578
0.95227512
0.96172756
0.95214367
0.30981018
0.78518939
0.7083196
0.30626022
0.78576403
0.7082838
1.2253818
0.92286182
1.3135633
0.92301195
0.96203961
0.95254625
0.95258425
0.95243704
0.96203122
0.95255867
1.3136992
0.92299322
0.92318437
0.31032617
0.70869958
0.7864403
0.78595617
0.70843681
0.30666736
0.98918642
0.9796765
0.97966985
0.98805855
0.94424882
0.98806225
0.98914178
0.9796277
0.97965803
0.98806037
0.9442519
0.98808684
0.97534252
0.98377963
0.97541991
0.94241367
0.95503763
0.95501257
0.95488928
0.9423972
0.95498103
0.98381985
0.97550014
0.97548525
0.97969402
0.98931066
0.97968439
0.9441268
0.98792406
0.98798016
0.98805723
0.94418233
0.98804146
0.98932151
0.97961145
0.97966938
1.0103046
0.99051252
1.0103424
0.99047218
1.3536041
1.0090067
1.3535659
0.83600438
1.3535979
0.83603389
0.83604677
1.0090651
0.83605606
1.010161
0.99029932
0.99034084
1.0101158
1.2574572
1.3096572
1.2574779
0.97117503
0.99060812
0.99064536
0.97112102
1.0181285
1.3095396
0.91177985
0.91181904
1.0181027
0.97101542
0.99056129
0.97106268
0.99051556
1.2572847
1.3094858
1.309504
1.2572601
1.2823514
0.81812164
0.81812322
0.86244165
1.1960542
1.2828038
0.92634541
0.95398647
0.92637074
0.95394776
0.87553434
0.95013383
0.87550212
0.95014694
0.86242115
1.1961818
1.2822224
0.81808468
0.81808694
1.2827984
2.8247615
2.8250041
0.86773537
0.85962668
0.97826155
1.687906
0.97809318
1.6877192
2.8250786
2.8248877
2.1677497
2.2868419
2.674311
2.6552636
1.8914646
2.6500465
2.3104522
1.867353
1.5537931
1.8359003
1.5716881
2.2560907
2.9618369
2.8538622
2.1556629
2.8473375
2.1700672
1.8337305
1.5690112
1.5509153
1.866619
0.7840431
0.78593313
0.5651375
0.56278147
0.78664107
0.78469283
0.65163337
0.55228981
0.48017561
0.46480157
0.65215606
0.55259648
0.47990051
0.46455138
1.0489171
0.80219417
1.065765
1.243268
1.2439451
1.066497
0.80139725
1.0480728
0.55258826
0.65184243
0.4644957
0.47957176
0.48006579
0.46474553
0.65119745
0.5519936
0.64387201
0.69058639
0.71397926
0.75925278
0.6434654
0.6892676
0.71531857
0.75975542
0.56894342
0.6055881
0.49030129
0.53036284
0.53058818
0.49061956
0.60561365
0.56895287
0.69094503
0.64474766
0.76076558
0.71646284
0.71569384
0.76059149
0.64484894
0.69162721
0.2962833
0.71097017
0.78706355
0.78694839
0.71085008
0.29473922
1.3527871
1.0099982
0.99003263
1.0101242
0.9899961
1.3526236
1.3526098
1.0098425
0.98976749
0.98983434
1.0098749
1.0175697
1.3081342
0.91100958
1.0167697
1.3081817
0.91097448
1.2557006
1.2557305
1.30815
0.96889746
0.98835289
0.96883403
0.9883881
1.0174984
1.3080725
1.3080555
0.91079188
0.91083509
1.0175037
0.96871546
0.98831356
0.9687702
0.98827855
1.2555721
1.3080511
1.3080541
1.2555592
0.87285832
0.94742055
0.87290309
0.94738617
0.92383485
0.95153324
0.95157871
0.92378716
1.2794954
0.81489377
0.81486306
0.85731875
1.1926404
1.2799216
0.92372042
0.95148646
0.95144928
0.92374477
0.87267213
0.94726745
0.94727493
0.87265238
0.85705096
1.1925236
1.2793596
0.81472876
0.81474291
1.2798933
0.96931049
1.6767538
0.86213016
0.85321372
1.6764859
0.96885411
2.8124704
2.8124067
0.86191446
0.85311859
0.96820619
1.675144
0.96868149
1.6755091
2.8106169
2.8112905
1.8686862
1.5525912
1.188367
1.8356286
1.571296
1.1952717
2.2582991
2.9664669
2.8552025
2.1609237
2.8516778
2.1692805
2.1704599
1.8342757
1.5697526
1.1930438
1.5507265
1.1860032
1.8686934
0.69618317
1.2803508
1.2807449
0.70056293
1.2823003
1.282133
0.56049901
0.56130417
0.56361283
0.78648918
0.78838533
1.0279145
0.79540489
1.0281258
1.2960312
1.2589601
1.2591576
1.2619184
1.2965811
1.2619908
0.79098038
1.0240544
1.0242594
1.2814115
0.69958235
1.2814392
0.56216155
0.56227225
0.69534452
1.2801225
1.280207
0.56032294
0.78854975
0.78675816
0.80162167
1.0484466
1.2447199
1.0670961
0.8023222
1.0492987
1.2438603
1.0663018
0.65112795
0.55179859
0.47943057
0.46402725
0.65161921
0.55198761
0.47928484
0.46382942
1.0490441
0.80217156
1.0661061
1.2440644
1.2443667
1.0667309
0.80155062
1.0486415
0.55222844
0.65173833
0.46430025
0.47947241
0.47957851
0.46439959
0.65126741
0.55205997
0.60511724
0.56850267
0.52934406
0.48975507
0.60478673
0.56789994
0.52990795
0.48973124
0.64407687
0.69105456
0.71438694
0.7596748
0.64364415
0.68956935
0.71590389
0.76016839
0.56911346
0.60603144
0.49016529
0.53055193
0.53023916
0.49037875
0.60612375
0.56940531
0.6914223
0.64510041
0.76140916
0.71682728
0.71628067
0.76124376
0.64523965
0.69195105
1.3136429
0.92251315
0.9227365
0.95251718
0.96192965
0.95245361
1.3136876
0.92298467
0.92295511
0.95228094
0.96187474
0.95239424
0.29822887
0.78662364
0.7099686
0.304306
0.78704889
0.71037207
1.2263163
0.92247703
1.3135482
0.92239635
0.96166636
0.95207046
0.95213547
0.95223825
0.96172002
0.95220323
1.3135964
0.92215432
0.92241247
0.29743102
0.71133182
0.78737509
0.78719935
0.711208
0.29623121
0.9892161
0.97944788
0.97949848
0.98788963
0.94397744
0.98784565
0.9892604
0.97958396
0.97955369
0.98776383
0.94394115
0.98782448
0.97547739
0.98373811
0.97545561
0.94222346
0.95492497
0.95496508
0.95502623
0.94227928
0.95501373
0.98371633
0.97539286
0.97544301
0.97942765
0.98913826
0.97940054
0.94381103
0.98766923
0.98769191
0.98774551
0.94384291
0.98773299
0.98912249
0.97934539
0.97938744
1.0099317
0.99015333
1.0099746
0.99010211
1.0087458
0.83588107
0.83590043
0.83591794
1.0087723
0.83592067
1.3534278
1.0098381
0.98998533
0.98999957
1.0098254
1.2572166
1.2572335
0.97079548
0.99034426
0.99035839
0.97075254
1.0179821
1.3093995
0.911519
0.91153524
1.0179724
0.97067657
0.99032669
0.97070935
0.99031427
1.2571584
1.3094097
1.3094004
1.2571635
1.2822065
0.81807972
0.81808039
0.86230609
1.1959616
1.2826992
0.92615408
0.9537301
0.92615449
0.95371639
0.87538194
0.95012587
0.87538247
0.95010751
0.86232257
1.1961116
1.2822423
0.81811558
0.81809695
1.2827178
2.826075
2.8261673
0.86791605
0.85996192
0.97898589
1.6901961
0.97868158
1.6897166
2.8282282
2.8274578
2.166561
2.2569032
2.652835
2.6615935
1.852236
2.6552019
2.2582364
1.8698873
1.5510788
1.8344338
1.5707529
2.2675426
2.9573021
2.847867
2.1590543
2.855822
2.1689889
2.1670492
1.8360687
1.5734034
1.5532885
1.8723207
0.78573417
0.78751019
0.56277132
0.56436088
0.7881825
0.78616854
0.65127872
0.55239663
0.4798024
0.46475202
0.6516402
0.55235673
0.47988535
0.46443022
1.0494741
0.80229767
1.0655147
1.244341
1.244547
1.0661645
0.80161733
1.0491145
0.55285767
0.65209386
0.46402356
0.47994642
0.48020575
0.46446584
0.65153807
0.55247708
0.64494561
0.69130742
0.71650281
0.76108028
0.6450983
0.69168822
0.71607664
0.7609329
0.56885337
0.60508994
0.4897666
0.52963269
0.53044784
0.49026696
0.60472381
0.56801452
0.69106367
0.64414284
0.7597254
0.71443771
0.7158021
0.76012474
0.64377316
0.68980881
0.29698284
0.70978888
0.78647707
0.7868339
0.71012513
0.30104948
1.3525665
1.3525747
1.0098321
0.98969361
1.0098376
0.98971349
1.3526715
1.3527926
1.3527391
1.0099369
0.98972762
0.98973558
1.0100129
1.0174694
1.3080992
1.3080715
0.9107221
1.017481
0.91071917
1.255556
1.3080421
1.255548
1.308048
0.9685093
0.98829928
0.96848396
0.98826408
1.0175392
1.3081296
1.3081843
0.91073054
0.91072545
1.0175963
0.96844449
0.98833485
0.9684582
0.98838028
1.2556946
1.3083299
1.3082472
1.2557453
0.87262836
0.94726264
0.87263522
0.94726795
0.9236593
0.95136269
0.95135848
0.92366204
1.2793712
0.8147167
0.81471613
0.8567893
1.1925645
1.2799537
0.92370542
0.95136798
0.95138442
0.92367347
0.87268643
0.94749109
0.94743292
0.87272019
0.85668112
1.192619
1.2797033
0.81486458
0.81482617
1.2800058
0.96807036
1.6740602
0.86176741
0.85264225
1.6736775
0.967769
2.8094357
2.8090478
0.86180311
0.8525977
0.96745377
1.6722874
0.96766836
1.6725901
2.8070731
2.8076474
1.8709585
1.5514279
1.1862094
1.8353696
1.5708247
1.193378
2.2683923
2.9627125
2.8507926
2.1636467
2.8594137
2.1692157
2.166571
1.8367485
1.5737631
1.1964069
1.5530475
1.1880072
1.8737256
0.69484779
1.2803997
1.2801285
0.69909631
1.2813168
1.2812625
0.5609248
0.56035677
0.56209542
0.78748874
0.78943278
1.0288453
0.79578617
1.0287329
1.2977613
1.2614962
1.2604779
1.2626349
1.2975007
1.2626926
0.79183139
1.0265772
1.0254175
1.2817241
0.69924722
1.2817025
0.56207089
0.56321499
0.69530186
1.2812237
1.2807449
0.79002179
0.56337013
0.78817989
0.80145202
1.0489247
1.2446297
1.0664653
0.8021135
1.0492993
1.2443749
1.0658215
0.65125563
0.55213945
0.47972346
0.46467464
0.65178456
0.55244443
0.47953641
0.46455816
1.0496748
0.80234469
1.0659118
1.245063
1.2450115
1.066462
0.80179697
1.0496074
0.55258195
0.65201997
0.464096
0.47973049
0.47983635
0.46450776
0.65158326
0.55241648
0.60613408
0.56927383
0.5308311
0.49108949
0.60630635
0.56959061
0.53054446
0.49087414
0.6452099
0.69161421
0.71684884
0.76141297
0.64537172
0.69199973
0.71641708
0.76125834
0.56928523
0.60569026
0.49021819
0.5298741
0.53067655
0.49070468
0.60536482
0.56849938
0.69139941
0.64461493
0.76017053
0.71512204
0.71616808
0.76051379
0.64428033
0.6904188
1.3135959
0.92190583
0.92205475
0.95207227
0.9616048
0.95208069
1.313593
0.92215827
0.92219352
0.95209477
0.96160779
0.95211178
0.297322
0.78739051
0.71130358
0.29623163
0.78724549
0.7111697
1.2263093
0.92193033
1.3136103
0.9218944
0.96164007
0.95226304
0.9522357
0.95214897
0.9616386
0.95220966
1.3136746
0.92170193
0.92194149
0.29835361
0.71021124
0.78689379
0.78719936
0.71051433
0.30213962
0.98902059
0.9793185
0.9793301
0.98767832
0.94378893
0.98768355
0.98905513
0.97934492
0.9793481
0.98770778
0.94380237
0.98771484
0.97512614
0.98343886
0.97508223
0.94187649
0.9545155
0.95455594
0.95465649
0.94193058
0.95461762
0.98342285
0.97501563
0.97506141
0.97933764
0.98899444
0.97934922
0.9438535
0.98780434
0.98778498
0.9877419
0.94384523
0.98777922
0.98900464
0.97936693
0.97937371
1.0098742
0.98996718
1.0098457
0.98996827
1.353572
1.0089019
0.83581524
0.83582667
0.83583208
1.0088774
0.83583948
1.3536502
1.0100099
0.99005265
0.99002079
1.0100734
1.2571952
1.3094446
1.2571704
0.97057936
0.99046226
0.99040956
0.97057158
1.0181146
1.3096384
0.91156063
0.91153782
1.0181551
0.97056038
0.99051322
0.97056111
0.99057221
1.2573973
1.3098003
1.3097091
1.257455
1.2822698
0.81813601
0.81816707
0.86233164
1.1961478
1.2829242
0.92629246
0.95377814
0.92624618
0.95380846
0.87554854
0.95048683
0.87559038
0.95041523
0.8623999
1.1962302
1.2827517
0.81843123
0.8183734
1.2830081
2.8298336
2.8304065
0.86851717
0.86060883
0.98010703
1.6941231
0.97963512
1.6935214
2.8334086
2.8325299
2.264738
2.6573238
2.6566875
1.8419714
2.6516137
2.2765508
1.8730692
1.5543366
1.8365491
1.5743044
2.9305498
2.8451087
2.0846136
2.8488936
2.1650671
2.1809546
1.8395861
1.5623159
1.5562151
1.8510038
0.78708943
0.7889035
0.56573729
0.56802403
0.785966
0.57064784
0.78463394
0.65180442
0.55286798
0.48017605
0.46365327
0.65219643
0.55285908
0.48014606
0.46315801
1.0513763
0.80472773
1.0680609
1.2453506
1.2464717
1.068382
0.80372296
1.0497042
0.55362807
0.65392906
0.4623982
0.47843823
0.48054638
0.46314052
0.65286055
0.55144468
0.64234781
0.68838422
0.71403932
0.75831402
0.64273294
0.6894485
0.71290883
0.75794554
0.56690985
0.60285292
0.48771965
0.5277862
0.5287885
0.4884207
0.60276158
0.56600129
0.6881331
0.64172138
0.75699061
0.71160595
0.7126078
0.75733641
0.64139277
0.68716919
0.30830325
0.70696484
0.78445618
0.78566454
0.70735887
0.30907243
1.3530927
1.3528751
1.3529809
1.0103458
0.98981834
1.0102568
0.98988478
1.3535601
1.3540399
1.3537942
1.0107522
0.99004547
0.99002326
1.0109383
1.0178101
1.3087986
1.3086513
0.91080258
1.0177606
0.91084243
1.2558638
1.308413
1.2557948
1.3085197
0.96839588
0.98894376
0.96839314
0.98880835
1.0180559
1.3089578
0.91100369
0.9109614
1.018178
0.96840691
0.98908718
0.96839061
0.98925121
1.2562927
1.3097144
1.3094179
1.2563913
0.87280457
0.94755301
0.872757
0.94762534
0.92393911
0.95159966
0.95154775
0.9240041
1.2803172
0.81490383
0.81494727
0.8566235
1.1930111
1.2807364
0.92418091
0.95165318
0.95171952
0.92408041
0.87315353
0.94827692
0.94813388
0.87325608
0.8567073
1.1931392
1.2811665
0.81501508
0.81504367
1.2809268
0.96742197
1.6715916
0.86215963
0.85258332
1.6713963
0.96746439
2.806232
2.8059019
0.86263209
0.85262897
0.96796793
1.6714936
0.96751962
1.6713021
2.8056823
2.8055175
1.8737491
1.5540911
1.1896466
1.8369225
1.574225
1.1971034
2.266273
2.9343728
2.8464829
2.0963108
2.8504025
2.166054
2.1814433
1.8400974
1.561367
1.1900359
1.5558709
1.1906624
1.8507943
0.69493731
1.281837
1.2810947
0.69939457
1.2824606
1.2822511
0.56330545
0.56492532
0.78892142
0.79078822
1.0306243
0.79766478
1.0309823
1.2966874
1.2600563
1.2613528
1.2644563
1.2998607
1.2650983
0.79262073
1.0242008
1.0265372
1.2832577
0.70077618
1.283286
0.56252602
0.56504216
0.56761932
0.69607378
1.2803009
1.2816113
0.78803621
0.56783979
0.78665796
0.80210227
1.0503758
1.2456937
1.0665862
0.80265827
1.050335
1.2458975
1.0660674
0.65182275
0.55267857
0.47997199
0.46376002
0.65226863
0.55280132
0.47980062
0.46306224
1.0516921
0.80472485
1.0683056
1.2457819
1.2470457
1.0686559
0.80365795
1.0498594
0.55339102
0.65379195
0.46183871
0.47792822
0.48014692
0.46277285
0.65266155
0.55107174
0.60400339
0.56719356
0.52984048
0.48948394
0.60445022
0.56834956
0.52842741
0.48838351
0.64281841
0.68896562
0.71473517
0.75906204
0.64323589
0.69006357
0.71359827
0.7586999
0.5671305
0.60333762
0.48735515
0.52728241
0.52840373
0.48840357
0.60293762
0.5659402
0.68871238
0.64204268
0.75747715
0.71208055
0.71330017
0.7578175
0.64166324
0.68755153
1.3136452
0.9212547
0.92151691
0.95235072
0.96167849
0.95243087
1.3136695
0.92170905
0.92172061
0.9525133
0.9616721
0.95251034
0.30809616
0.78679505
0.7091767
0.3038682
0.78628196
0.70881507
1.2259628
0.92113045
1.3135278
0.92093058
0.96134447
0.952595
0.95259339
0.95256073
0.9614794
0.95259647
1.3135915
0.92046886
0.92082964
0.30887035
0.70743503
0.78481236
0.7860603
0.70782541
0.30914254
0.98900331
0.97940846
0.97941804
0.98784874
0.9439115
0.98788134
0.98902028
0.97939663
0.97942243
0.9879349
0.94393555
0.98793171
0.97477474
0.98317887
0.97468137
0.94123571
0.95383373
0.95398313
0.95424265
0.9414153
0.95413955
0.98310723
0.97446128
0.97458716
0.97941682
0.98894475
0.97940605
0.94396432
0.98802208
0.98800251
0.98797053
0.94396638
0.9880029
0.98891734
0.97936883
0.97940183
1.0104212
0.99014735
1.010317
0.99017863
1.3544605
1.0093504
0.83545422
0.83557728
0.83571815
1.0092884
0.83567086
1.3547002
1.010819
0.99036724
0.99031164
1.0109859
1.2575844
1.3098895
1.3100011
1.2575106
0.97054453
0.99117806
0.99103815
0.97054531
1.0186537
1.3104556
0.91184985
0.91179593
1.0187547
0.97056786
0.99132662
0.97054772
0.9914949
1.258036
1.3112257
1.310924
1.2581383
1.2828633
0.81848696
0.81854688
0.86256989
1.196764
1.2838248
0.92682577
0.95412873
0.9267198
0.9542
0.87607742
0.95133221
0.87618133
0.95118147
0.86279652
1.1970279
1.2842949
0.81866856
0.81868463
1.2840352
2.8353913
2.8361865
0.869887
0.86162884
0.98203169
1.6984694
0.98120583
1.6979025
2.8388726
2.8383009
2.6219235
2.6446024
1.7337443
2.816336
2.2216238
1.8762057
1.5550896
1.8401125
1.5735192
2.6649695
2.6738448
1.7912616
2.8701297
2.2053435
2.142188
1.8609658
1.5530105
1.5644561
1.8407789
0.78737423
0.78687064
0.76045899
0.79169009
0.6506225
0.54967681
0.4776613
0.45978635
0.6506579
0.55073034
0.47608946
0.45868171
1.0523626
0.80220051
1.0671046
1.2489541
1.2497696
1.0683234
0.80055292
1.0541401
0.54920254
0.65030353
0.46947536
0.48259214
0.47552093
0.46029756
0.65165004
0.55968428
0.63724578
0.68227081
0.71083957
0.7546923
0.63883303
0.68640082
0.70687738
0.7532805
0.55936819
0.59777137
0.49767444
0.55060146
0.52179725
0.48581185
0.60593747
0.58345694
0.68126917
0.6362339
0.757327
0.71667437
0.70589757
0.75174803
0.64303958
0.69452787
0.38276463
0.70347624
0.77469773
0.78496103
0.69950518
0.40290556
1.3548106
1.3543318
1.354633
1.0113254
0.99012301
1.0113991
0.99007793
1.3528456
1.3451352
1.0081853
0.98729234
0.98848728
1.0067747
1.0188396
1.3106802
1.3106053
0.91124648
1.0186431
0.91137376
1.2564303
1.3100361
1.256449
1.3103764
0.96806757
0.9899166
0.96747217
0.9900559
1.0182646
1.3097159
0.90861307
0.91079942
1.0178124
1.3008355
0.96401274
0.98930301
0.96599125
0.98803107
1.2457867
1.3085568
1.2492014
0.87349948
0.9484431
0.87336961
0.94863926
0.92477577
0.95179534
0.95195332
0.92480305
1.2814849
0.81496938
0.81492039
0.85652309
1.192682
1.2826149
0.92388084
0.95136409
0.95033368
0.92463918
0.87083624
0.94517358
0.94816916
0.86679828
0.85209432
1.1910645
1.2794735
0.81618066
0.8065656
1.2817256
0.9682512
1.6725967
0.86357745
0.852962
1.6728032
0.96953006
2.8073098
2.8072494
0.86146325
0.85266567
0.94340903
1.633153
0.96952731
1.6565979
2.7278556
2.7761208
1.8773461
1.5545498
1.185452
1.8403761
1.5735471
1.1927878
2.2969499
2.6711559
2.6779849
1.8036078
2.8741781
2.2049718
2.141314
1.8604732
1.5524083
1.1785088
1.5632004
1.1858965
1.840971
0.69035264
1.2808504
1.2797949
0.56295147
0.69324028
1.2803346
1.2804031
0.78933054
0.56276525
0.78877493
1.023759
0.78858049
1.0237698
1.287495
1.2647876
1.2539762
1.2603123
1.2943043
1.2599543
0.78940879
1.0360505
1.0197702
1.2809295
0.69259008
1.2824038
0.58523539
0.56837053
0.69148363
1.2899654
1.2839425
0.58812496
0.76242221
0.5671803
0.7938149
0.80202787
1.0514382
1.2462631
1.067669
0.80182255
1.0500369
1.248341
1.0682718
0.65053904
0.54939485
0.47717261
0.45924008
0.65054327
0.5503872
0.47564423
0.45822769
1.052556
0.80219726
1.0673969
1.2496534
1.2502214
1.0685332
0.80068274
1.0546069
0.54890385
0.65019354
0.46919254
0.48234536
0.47507345
0.45989757
0.65166779
0.55962686
0.5984972
0.5599876
0.52653883
0.48475477
0.60020035
0.56511737
0.5220629
0.4833323
0.63751322
0.68269753
0.71133056
0.75521683
0.63908992
0.68679545
0.70740179
0.75381402
0.55916185
0.59792034
0.49741307
0.55072037
0.52157532
0.48537087
0.60573693
0.58357184
0.68170628
0.63652681
0.75793101
0.71726018
0.70643252
0.75232557
0.64328506
0.69500578
1.3130904
0.91884366
0.91957556
0.95264509
0.96086194
0.95267809
1.3135459
0.92034283
0.92016179
0.95257192
0.96065716
0.95265118
0.34656259
0.78421277
0.70502687
0.31061693
0.78357597
0.70348433
1.2130698
0.91774108
1.3084597
0.91763688
0.95883295
0.95253439
0.95264282
0.95241578
0.95977206
0.9525337
1.3053046
0.92275237
0.91807349
0.38306238
0.70405698
0.77512307
0.78538601
0.70005321
0.40333866
0.98888757
0.97942415
0.97943501
0.98808135
0.94406062
0.98815083
0.98887431
0.97938421
0.97941585
0.98829256
0.94413459
0.98825797
0.97449245
0.98279425
0.97450292
0.94054902
0.95185852
0.9540743
0.95380737
0.94061229
0.95389005
0.98256367
0.9722987
0.97461948
0.97933067
0.98853667
0.97884131
0.94123658
0.98326539
0.98620564
0.98822151
0.94334491
0.98764768
0.98802624
0.97463012
0.97770995
1.0114353
0.99044345
1.0114421
0.99036831
1.3537323
1.0085177
0.83882622
0.82428375
0.83419187
1.0090781
0.83485041
1.3460249
1.0094105
0.9885696
0.98884944
1.008
1.2581845
1.3115514
1.3118971
1.2581997
0.97024909
0.99218369
0.99231907
0.96965894
1.0189382
1.3112708
0.90955145
0.91167331
1.0193265
0.96622167
0.9915759
0.9681866
0.99031295
1.2475764
1.3101424
1.3024176
1.2509988
1.2846212
0.81863442
0.81859762
0.86269976
1.1965312
1.2857653
0.92655815
0.95387157
0.92730899
0.95284851
0.87380567
0.94829616
0.95125959
0.86979187
0.85838208
1.1950433
1.2826059
0.81988222
0.81035137
1.2848964
2.8401105
2.8402606
0.86900598
0.86210527
0.95895718
1.6609533
0.98387304
1.6844263
2.7615688
2.8100773
)
;
    }
}


// ************************************************************************* //
