/*--------------------------------*- C++ -*----------------------------------*\
| =========                 |                                                 |
| \\      /  F ield         | OpenFOAM: The Open Source CFD Toolbox           |
|  \\    /   O peration     | Version:  2412                                  |
|   \\  /    A nd           | Website:  www.openfoam.com                      |
|    \\/     M anipulation  |                                                 |
\*---------------------------------------------------------------------------*/
FoamFile
{
    version     2.0;
    format      ascii;
    arch        "LSB;label=32;scalar=64";
    class       volScalarField;
    location    "1200";
    object      yPlus;
}
// * * * * * * * * * * * * * * * * * * * * * * * * * * * * * * * * * * * * * //

dimensions      [0 0 0 0 0 0 0];

internalField   uniform 0;

boundaryField
{
    inlet
    {
        type            calculated;
        value           uniform 0;
    }
    outlet
    {
        type            calculated;
        value           uniform 0;
    }
    topandbottom
    {
        type            calculated;
        value           uniform 0;
    }
    front
    {
        type            symmetryPlane;
    }
    back
    {
        type            symmetryPlane;
    }
    airfoil
    {
        type            calculated;
        value           nonuniform List<scalar> 
12960
(
52.181591
47.573738
56.098426
47.505586
47.589783
46.981002
42.475156
47.143616
42.628901
46.625771
47.106899
47.190789
56.213658
56.04877
47.090465
55.248617
47.029368
54.329353
46.426594
48.061689
56.539735
47.386634
42.020073
47.387112
55.154677
47.506972
42.508481
47.103403
47.778406
47.105977
56.299754
47.439413
51.584402
51.624063
46.103584
42.56987
54.395173
54.362977
46.301249
55.221994
41.28073
42.258685
40.576091
42.319147
40.320281
40.060856
40.502501
46.982453
40.238855
55.777749
39.940375
40.208918
39.882651
55.2045
40.044275
55.569497
39.85116
40.037572
39.631533
46.164186
39.81623
55.860615
39.922554
40.184838
39.686492
47.024391
39.930869
42.678901
39.951117
39.757503
40.029001
47.916175
40.115863
41.941087
40.221368
39.889557
40.473445
47.443458
40.292319
47.542462
40.3718
40.213722
40.102592
42.746409
39.80039
55.581736
39.923621
39.984267
39.642606
46.99083
39.567494
54.4909
39.791495
39.768442
39.584146
41.264422
39.336625
42.758219
40.978839
39.876481
19.341412
47.911147
40.71641
40.589728
19.08963
19.020157
42.145123
40.449298
40.106009
18.917883
19.017618
19.091823
41.786396
39.810809
39.877577
18.940937
18.923623
56.007536
40.056291
40.265992
19.20705
19.252234
19.223596
55.711241
40.029115
40.072581
19.299998
47.351451
39.841797
39.86359
19.063315
19.163488
18.966011
46.192474
39.661847
39.825141
55.845518
39.916257
40.18307
19.08837
19.193491
55.925805
40.036881
40.164311
19.088068
19.132965
46.640865
39.990983
39.936844
18.993515
19.040089
18.991892
19.112697
56.313145
40.369531
40.34719
19.17226
19.194653
42.055427
40.126761
39.854512
18.969863
19.035052
18.900144
18.939244
41.667868
39.963469
40.017742
18.73526
18.801817
41.797208
39.946532
39.96701
19.031597
18.93869
18.735242
18.801801
18.902085
46.371097
39.85148
39.916015
18.936726
18.927953
47.197335
39.608945
39.787172
19.21253
19.180607
18.935721
19.050454
19.169124
54.319549
39.704431
39.70454
19.35733
19.294951
54.403978
39.687546
39.709355
19.329465
19.380766
19.060066
41.124616
39.715655
39.3849
18.98942
18.893403
46.883794
39.957367
39.817132
19.573195
19.093418
56.606177
47.190735
42.626864
46.529042
46.720248
47.743064
56.503561
47.342835
56.154156
47.914344
47.132026
46.953897
42.45908
42.681506
46.943415
42.305585
46.872719
42.314858
48.288564
48.285975
42.31436
46.700772
19.018801
20.033236
56.317893
47.649858
19.076851
19.066559
18.922511
19.074205
41.870211
46.80289
19.202733
19.072921
56.376353
18.968702
47.34172
19.073556
19.050508
19.00619
46.801027
47.26427
19.132291
19.047907
41.849478
47.201485
18.964592
19.155348
19.100145
19.032305
55.485506
55.551271
19.399344
19.400757
18.974952
48.126745
56.514604
19.17601
52.307838
51.930408
19.231701
18.937446
47.804638
43.260877
19.070795
19.088951
19.748075
19.107027
41.165203
55.248541
40.361609
55.775346
39.989067
40.228823
39.780215
46.983133
40.072341
41.968317
40.310143
40.026199
40.348669
41.888163
40.133415
43.160538
40.296526
40.095764
40.483408
48.184347
40.323124
42.080468
40.220487
39.930515
40.42341
47.356255
40.196094
56.366623
40.171654
40.326475
40.111571
46.479049
40.03518
55.819509
39.971222
40.273316
39.695151
46.879649
39.913403
47.197552
39.8017
39.985845
40.099672
56.011004
40.375386
42.677546
40.292958
40.215418
40.610104
47.193476
40.683981
52.21371
40.49256
40.498845
40.730717
57.161337
40.938597
56.6457
41.462633
40.994888
19.00403
46.89265
39.613189
39.865785
19.114759
19.235264
55.53518
39.895001
40.20046
19.150193
19.172744
18.917334
19.267133
19.514752
19.260681
19.018226
55.944779
40.450668
40.398648
19.211532
19.226423
42.268122
40.226463
39.975703
19.21691
18.929063
19.131489
18.884929
18.907778
19.308465
52.157332
40.131301
40.090412
19.33817
18.837471
18.802509
46.836667
40.343751
40.312081
18.928171
19.163379
18.965497
18.829752
18.970012
19.17079
18.978038
48.173473
40.44971
40.312536
18.978493
19.168585
19.155007
42.054096
40.227402
39.932559
18.947212
19.06489
19.189631
18.950883
19.155277
19.063203
42.903587
40.08327
39.927899
19.046916
19.004565
47.988902
40.130942
40.177977
19.139646
18.940916
19.196475
19.093033
19.143506
19.073853
19.081365
41.719794
39.774951
39.781681
18.940869
55.975782
40.063096
40.309492
18.881234
19.248866
19.018385
19.233718
19.092454
54.953876
40.217459
40.168271
55.164458
40.229586
40.206649
19.088732
19.188962
19.18658
19.328509
19.331931
19.139402
19.212986
48.157042
40.361021
40.291089
47.992956
40.585537
40.43638
18.899906
19.18352
19.072523
19.185259
18.939774
19.19358
42.239885
40.512125
40.507898
18.768243
18.824843
51.890469
40.542984
40.538963
18.909437
18.748397
19.372866
18.759269
18.917396
18.806327
18.913013
56.867858
40.564629
40.879004
19.178797
19.271058
47.742848
40.293836
40.556593
19.033409
19.189192
19.245437
19.383083
0.79097485
1.2995664
1.2964151
0.81525559
1.219773
1.2702504
0.9829935
0.9387134
0.94108016
0.97970289
1.0068384
1.0099766
1.9684722
1.9385077
1.3068778
1.3019213
0.85534329
0.9596026
0.96408283
0.85809366
0.79725985
1.3019498
0.79488627
1.2993526
1.2266771
1.2270021
0.98378414
0.94156002
0.98340271
0.94197104
1.0095004
1.0092405
1.9545817
1.9368177
1.3092644
1.3094714
0.85559826
0.96366388
0.85551447
0.96343261
0.7931083
1.2960614
0.79377271
1.2929072
1.2252883
1.2259892
0.98394908
0.94240508
0.98409859
0.94236979
1.0090882
1.0090501
1.9325501
1.9307312
1.3090341
1.3090889
0.85558825
0.96329874
0.85561213
0.96332928
0.79530282
1.29912
0.79546342
1.2968399
1.2240529
1.2243783
0.98267019
0.94161534
0.98318287
0.94097868
1.008924
1.0087847
1.9502656
1.9407659
1.3088918
1.3089754
0.85550292
0.96340034
0.85553332
0.96339574
0.79803749
1.2996281
0.79454304
1.2994462
1.2233995
1.2236719
0.98248601
0.94038262
0.98237682
0.94045452
1.0085297
1.0083954
1.9514899
1.9517203
1.3085191
1.3086727
0.85541919
0.96329565
0.85544891
0.96320331
0.79126314
1.3009905
0.79854509
1.2973337
1.2228044
1.223084
0.98255814
0.94059489
0.98255182
0.94071046
1.008182
1.0080408
1.9503097
1.9646455
1.3081411
1.3083013
0.85525714
0.9630131
0.85534337
0.96286514
0.79234338
1.2971364
0.79572215
1.2969722
1.2241556
1.2236514
0.98253828
0.94107614
0.98262079
0.94116629
1.0077869
1.0076379
1.9534043
1.936447
1.3077674
1.3078847
0.85491607
0.96259039
0.85503942
0.96243824
0.79412135
1.2996364
0.79861876
1.2993812
1.2249171
1.2246393
0.98222017
0.94115175
0.98233538
0.94101363
1.0074556
1.0073653
1.9633303
1.9498245
1.3075697
1.3076189
0.85466901
0.96224238
0.85474251
0.96214546
0.79363485
1.299778
0.79825638
1.2999597
1.2248021
1.2248651
0.98200864
0.94071029
0.98212322
0.94043437
1.0072693
1.0072601
1.9632474
1.9530843
1.3075617
1.3075217
0.85454515
0.9620474
0.85458653
0.96207493
0.78971907
1.2946326
0.7914867
1.2954579
1.2226405
1.2253722
0.98107692
0.93951715
0.9814361
0.93905219
1.0075001
1.0078468
1.946165
1.9354291
1.3068032
1.3077795
0.85472187
0.962396
0.85446039
0.96280127
1.187427
1.1838121
1.9625487
1.9376439
1.8306188
1.8538176
1.1907293
1.1914417
1.9397929
1.9681319
1.832379
1.8342953
0.69320602
0.71245532
0.7918467
1.3005985
1.2987616
0.79788458
0.69388862
0.69927045
1.3109242
0.95717742
0.96092703
1.3177313
1.2247575
1.2271576
1.3129067
0.96155767
0.96119873
1.3139928
0.98891232
0.93739324
0.94413054
0.98533125
0.98307863
0.94142722
0.94112436
0.98330227
0.98901065
0.94404813
0.94424446
0.98906898
1.3060654
1.3011269
0.98548217
0.9456267
0.95022948
0.98465935
1.0096416
1.0100877
1.3077304
1.3086753
0.98702818
0.95031495
0.95042721
0.98811973
0.85398015
0.95981957
0.96434051
0.85671193
0.85426419
0.96401332
0.96438665
0.85413297
1.8343823
1.8548459
1.9380624
1.9787195
1.8332232
1.842665
1.2197135
1.2704373
1.2248113
1.2272284
0.98642103
0.94530909
0.94987028
0.98558214
1.3085481
1.3095072
0.98797166
0.95000443
0.950064
0.98908779
0.85562422
0.9637761
0.96412898
0.85549134
1.2010384
1.1903546
1.9569002
1.9585008
1.8303898
1.8635388
1.1912417
1.1974135
1.9632598
1.9816508
1.8677977
1.8428666
0.69936025
0.6963385
0.79315579
1.3003169
1.298929
0.79856896
0.69564803
0.70163961
1.3136325
0.96160349
1.313913
0.96166916
1.226663
1.2261839
1.3136332
0.96187578
0.96170588
1.3136271
0.98928666
0.94400503
0.98910625
0.94395693
0.98389281
0.9423599
0.94208802
0.98409166
0.98934835
0.94399898
0.94396596
0.98946747
1.3084219
1.3086507
0.98823081
0.95029399
0.98819582
0.95011422
1.0091102
1.0091939
1.3083784
1.3082616
0.98828057
0.95010653
0.9500971
0.98844439
0.85426046
0.96391599
0.85416248
0.96367159
0.85428822
0.96355705
0.96362444
0.85432682
1.8259519
1.8365747
1.9674454
1.9849141
1.8700303
1.8446995
1.2267842
1.227069
0.98920957
0.94995148
0.98914478
0.94981457
1.3092218
1.3091155
0.98925973
0.949795
0.94979422
0.9894312
0.85561477
0.96330774
0.9633864
0.85561864
1.188121
1.184705
1.9311196
1.9282114
1.8445487
1.8286294
1.1901009
1.1799126
1.9318107
1.9964519
1.8285309
1.851518
0.6954719
0.69734786
0.79248592
1.2992579
1.2914652
0.79743605
0.69506542
0.70191274
1.3135479
0.96193034
1.3136641
0.96192835
1.225167
1.2246575
1.3135457
0.96143378
0.96186492
1.3133192
0.98936627
0.9440163
0.98947639
0.94402743
0.98382625
0.94179828
0.94227468
0.98334565
0.98927964
0.94392711
0.94401771
0.98893199
1.3081648
1.3082465
0.98868775
0.95016398
0.9885312
0.95019846
1.0089574
1.0090347
1.3081631
1.3080938
0.98876466
0.95017165
0.95022336
0.98888864
0.85441879
0.96356334
0.85433657
0.96356537
0.85440647
0.96355218
0.963571
0.85421027
1.8461632
1.8298659
1.9323264
1.999192
1.8290304
1.8524408
0.98969452
0.94981997
0.98950029
0.94991728
1.3090436
1.3090217
0.98978215
0.95005913
0.94995993
0.98996256
0.85558044
0.96339681
0.96335125
0.85554717
1.1938918
1.1869022
1.9473806
1.9375223
1.8252694
1.8350784
1.1922214
1.200289
1.9733535
1.9598253
1.8787872
1.8316834
0.69906381
0.69978267
0.7929259
1.3008016
1.299866
0.79953634
0.69624289
0.70183717
1.3126409
0.96122889
1.313097
0.96051882
1.2240539
1.2237148
1.312539
0.95976272
0.9602879
1.3120427
0.98841822
0.94389254
0.98881493
0.94373026
0.98253124
0.94043021
0.94078123
0.98237563
0.98830387
0.94351089
0.94367128
0.98813455
1.3079321
1.3080488
0.98890359
0.95034239
0.98890905
0.95030836
1.0085843
1.0087304
1.3079072
1.3077459
0.98890666
0.94897319
0.95029787
0.98880218
0.85412306
0.963599
0.85418934
0.96356186
0.85410162
0.96224784
0.9635446
0.85400805
1.82699
1.8370301
1.9756609
1.9643481
1.8806062
1.8341625
0.99002687
0.95008251
0.98998076
0.95010103
1.3088715
1.3087194
0.99003643
0.95003603
0.95009616
0.98994373
0.85549311
0.96332602
0.96338696
0.85545821
1.1979249
1.1914705
1.9507145
1.9500904
1.8321764
1.8594323
1.1918108
1.1938584
1.9368632
1.9563802
1.8462575
1.8309628
0.70056775
0.69699694
0.79440055
1.3012319
1.2978658
0.8003397
0.69688555
0.70225739
1.3118104
0.95967775
1.3119915
0.95962829
1.2233911
1.2231702
1.3118007
0.95980184
0.95965573
1.3117399
0.98814682
0.94346622
0.98812121
0.94335829
0.98252252
0.94059493
0.94050402
0.98256741
0.98815787
0.94322598
0.94332939
0.98816047
1.3075615
1.3077111
0.9886453
0.95015154
0.98879126
0.9501003
1.008232
1.0083549
1.3075272
1.3074183
0.98860939
0.9499521
0.95006725
0.98848764
0.85398735
0.96336552
0.85401775
0.96336151
0.85398635
0.96323329
0.96333342
0.85393161
1.8319285
1.8601163
1.9383622
1.958344
1.8458022
1.8322353
1.2238646
1.2241408
0.98976888
0.95000961
0.98991306
0.94989899
1.3084775
1.3083449
0.98972352
0.94972562
0.9498602
0.98957027
0.85540789
0.96305967
0.96317156
0.85536203
1.1930891
1.1950191
1.9474757
1.9611651
1.8522676
1.8346564
1.1892493
1.1884509
1.983292
1.9291984
1.8460611
1.8378734
0.69559851
0.70152091
0.79438363
1.2952764
1.2969852
0.79206176
0.69940617
0.69688925
1.3117311
0.95986072
1.3117525
0.9600734
1.2228603
1.2234907
1.3117657
0.96041807
0.96016703
1.3120648
0.98813569
0.94319145
0.98815151
0.94307613
0.98258118
0.9410246
0.94079421
0.98262573
0.98813752
0.94288661
0.94303913
0.988106
1.3072465
1.3073962
0.98825716
0.94994063
0.98846749
0.94972165
1.0078413
1.007997
1.3071977
1.3070354
0.98819089
0.94946412
0.94966141
0.9879694
0.85379397
0.96320174
0.85389802
0.96303896
0.85376203
0.96281165
0.96298662
0.8535953
1.8545367
1.8359614
1.9822451
1.9271247
1.8444705
1.8364366
1.2233002
0.98930539
0.94967574
0.98952031
0.94949377
1.3080914
1.3079409
0.98923597
0.94923925
0.94943201
0.98902158
0.85521791
0.96264887
0.96281337
0.85508414
1.1882339
1.194055
1.9553964
1.9395559
1.8617002
1.8288535
1.1982088
1.1902172
1.9573422
1.9603769
1.8310324
1.8683254
0.69571592
0.70013021
0.79769106
1.2990515
1.2991458
0.79375574
0.70053946
0.6965563
1.3125044
0.96049137
1.3121566
0.96067051
1.2242393
1.2245982
1.3125774
0.96082423
0.96073237
1.3128339
0.9879865
0.94284141
0.98808905
0.94269266
0.98251001
0.94117887
0.94119774
0.9823791
0.98795808
0.94252323
0.94265547
0.98784362
1.3068332
1.3069868
0.9876618
0.94942763
0.98791161
0.9491553
1.0074901
1.0076035
1.3067892
1.3066596
0.98758635
0.94891706
0.94908514
0.98736032
0.85349688
0.96275793
0.85353928
0.96254776
0.85344602
0.9623247
0.9624872
0.85425727
1.8594868
1.826427
1.9578571
1.9587025
1.8303351
1.8671667
1.2246374
1.2241116
1.2247245
1.2250889
0.98875761
0.94917678
0.98895142
0.94899347
1.3077354
1.3076531
0.98869942
0.94879332
0.94894121
0.9885237
0.85487733
0.96228098
0.96239596
0.85477295
1.1911204
1.1991033
1.9640513
1.951394
1.8725783
1.8290109
1.1992013
1.1918565
1.9473138
1.9650264
1.8285751
1.8721723
0.69666269
0.70122985
0.79848028
1.2994437
1.2997873
0.79395791
0.70079864
0.69635618
1.3129428
0.96083961
1.312859
0.96077629
1.2249236
1.2249534
1.3129216
0.96057308
0.96074485
1.3128688
0.98771775
0.94249214
0.98781379
0.94237687
0.982203
0.94078
0.94097356
0.98214274
0.98770327
0.94222153
0.94234654
0.98764612
1.306519
1.3066224
0.98701851
0.94885256
0.98727848
0.94864518
1.007285
1.0073484
1.3064973
1.3064422
0.98693449
0.94840646
0.94858552
0.98666087
0.85409427
0.96227348
0.85421546
0.96211778
0.85406843
0.96197793
0.96207747
0.85400014
1.8718227
1.8277333
1.9464301
1.9639909
1.8276323
1.8715035
1.2254731
0.98827402
0.94874786
0.98846307
0.94860098
1.3075594
1.3075341
0.98820603
0.94842268
0.94855517
0.98796751
0.85464797
0.96205971
0.96211967
0.8545994
1.1917702
1.1999239
1.9639831
1.9536419
1.872321
1.8311594
1.1961776
1.1889628
1.9493557
1.984704
1.8280424
1.8865858
0.69625166
0.70046391
0.79747519
1.2972688
1.2984392
0.79052368
0.70037308
0.69359199
1.3126742
0.96051748
1.3128042
0.96027144
1.2247662
1.2251821
1.3126005
0.95975934
0.96017451
1.3126107
0.98753772
0.94219007
0.98763293
0.94207101
0.98194406
0.93974212
0.94031886
0.98157663
0.98749423
0.94194824
0.94204131
0.98726312
1.3064598
1.3064376
0.98631779
0.9483678
0.98657174
0.94829129
1.0074131
1.0072837
1.3064938
1.3066437
0.98625541
0.94835955
0.94829474
0.98612734
0.85393363
0.96196705
0.85398658
0.96198357
0.85391677
0.96220261
0.96201798
0.85386246
1.8725674
1.8308521
1.9463839
1.9842089
1.8266123
1.8860719
1.2253438
1.2254224
1.2253099
1.2257386
0.98764227
0.94838861
0.98788159
0.94832173
1.3075977
1.3077628
0.98758044
0.948398
0.94832312
0.98745921
0.85452397
0.962296
0.9621088
0.85446158
1.1845297
1.1857861
1.9432218
1.9361801
1.8306884
1.8258416
1.1845817
1.181519
1.9699524
1.9386965
1.8342644
1.8528518
0.69299119
0.69456325
0.78945949
1.2977835
1.2948473
0.81377847
0.69261179
0.71187746
1.311189
0.95959471
1.3126185
0.95894568
1.2172543
1.268071
1.3091162
0.95487765
0.95866558
1.3157704
0.98696266
0.9419514
0.98718789
0.94200713
0.98093977
0.936664
0.93901979
0.97742824
0.98680574
0.93505802
0.9418693
0.98297774
1.3056703
1.3066706
0.98491261
0.94841288
0.98606652
0.94844397
1.0045864
1.0077275
1.304023
1.2991604
0.98339776
0.94261479
0.94828226
0.98272224
0.85317712
0.96231106
0.85386621
0.9626911
0.85296833
0.9571139
0.96268509
0.85574829
1.8320698
1.8252594
1.9723
1.9397037
1.8352398
1.8540753
1.2231974
1.2259366
0.98627431
0.94845003
0.98739666
0.94854653
1.3051639
1.3003259
0.98476614
0.94404596
0.94840014
0.98411919
0.85450622
0.95852043
0.96280566
0.8574625
2.6935276
0.85729571
2.8468172
0.85849128
2.865574
0.8582372
0.85864595
0.85909401
2.9467846
0.85942187
0.85967707
0.86000124
2.9639457
0.86056848
2.9208834
0.8614889
2.6902194
2.9765198
1.1839983
1.1913801
0.85491344
0.85632043
2.9634465
1.1832881
1.1938919
0.85871613
2.7001512
2.9748314
1.1946499
1.1906595
0.85590574
0.85522763
1.1935858
1.1932462
0.85824431
2.8611057
2.9821266
1.1940032
1.1904273
0.85505571
0.85480882
1.1930415
1.1931581
0.85848903
2.9707455
1.1904198
1.1903089
0.85473352
0.85457345
1.1931153
1.1933118
0.85896434
1.190378
1.1901808
0.85448472
0.85421424
1.1932446
1.1933586
0.85933321
1.1901897
1.1898776
0.85403283
0.85358721
1.1932367
1.1932627
0.85960423
2.8991357
1.189828
1.1894845
0.85330357
0.8527338
1.1931063
1.1931289
0.85988312
2.9619712
1.1895284
1.1894239
0.85243777
0.85202955
1.1930126
1.1930935
0.86031068
2.961537
2.6175898
1.1929796
1.1898814
0.85194976
0.85201959
2.6239522
1.1932269
1.1937852
0.86118739
2.915103
2.6900752
1.1900498
1.179422
0.85224018
0.85061319
1.1938796
1.1833776
0.86015508
1.0263237
0.79153619
1.0263958
1.2894218
1.2662604
1.2556138
1.2622312
1.296856
1.2620374
0.79195483
1.0380487
1.0219804
1.0512563
1.2418319
1.2479043
1.0463844
0.56250833
0.53687823
0.52562181
0.57239211
0.4130131
1.2140956
0.79354891
0.79021155
0.43332522
1.2073835
0.97461368
0.98277318
0.97452601
0.94081492
0.9517408
0.95406612
0.95402251
0.94097036
0.95398719
0.98247553
0.97212229
0.97452349
1.0086352
0.83885702
0.82433552
0.8342742
1.0091895
0.83490938
2.1845457
1.9623961
2.9713762
1.9343692
1.355356
1.3049166
1.3542662
1.2986645
1.3547941
1.0193807
0.85575887
0.96231368
0.90530041
0.91211818
0.96353329
0.84689986
1.0171191
0.87537704
0.95153898
0.95067273
0.87612144
0.97348319
0.85757741
0.97694931
0.79645944
1.0306674
1.0302064
1.2644998
1.2994029
1.2618882
0.79232263
1.0292478
1.0265776
1.2645918
1.3001648
1.2645885
1.049711
1.2449032
1.0494094
1.2450765
0.56725644
0.52761892
0.56621581
0.52877419
0.29662127
1.2267275
0.78619783
0.29915093
1.2268517
0.78656649
0.98366657
0.975434
0.97529162
0.95437852
0.94170648
0.95455638
0.98353804
0.97496269
0.97513004
0.95488002
0.94185192
0.95473276
0.83564627
1.0093958
0.83578319
0.83594944
1.0093148
0.83588404
2.2083939
1.9421533
1.9794248
1.30934
1.3549223
1.3094191
0.85557559
1.01847
0.91178181
0.96357658
0.8555484
1.0187518
0.91166061
0.96350249
0.87554538
0.95049637
0.95059503
0.87547754
0.97609437
0.85843236
0.97593262
0.79232284
1.0250911
1.0245079
1.2609703
1.2953829
1.2591418
0.79166767
1.0270257
1.0248441
1.2583296
1.2915543
1.2577718
1.0489105
1.243871
1.0490319
1.2433207
0.56650692
0.52868553
0.56689516
0.52834096
0.30471379
1.2254917
0.78657732
0.30228805
1.2257509
0.78634587
0.98404109
0.97565141
0.975752
0.95528
0.94243218
0.95528207
0.98409106
0.97581066
0.97580319
0.95515573
0.94242859
0.95524744
0.8361371
1.0090788
0.83616055
0.83615136
1.0090715
0.83616659
2.1934921
1.93475
2.6813771
2.1615638
1.9603344
1.3090543
1.3543789
1.3090821
1.3544931
0.85559774
1.018228
0.91166764
0.96330693
0.85560786
1.0182637
0.91175554
0.96332049
0.87535489
0.95011447
0.95012595
0.87537599
0.9756839
0.85828616
0.97576076
0.79504328
1.0281884
1.0279171
1.2625097
1.2976606
1.2599237
0.79249264
1.0282581
1.0252789
1.2620013
1.2986884
1.2622162
1.0488999
1.2437262
1.0488849
1.2438299
0.56658216
0.5282328
0.56616254
0.52874763
0.31211522
1.2240613
0.78435282
0.31266395
1.2241631
0.78409491
0.9828426
0.97422561
0.97442173
0.95428817
0.94142014
0.95409969
0.98302196
0.97480219
0.97462153
0.95367731
0.94120694
0.95389224
0.83602591
1.0088877
0.83599848
0.83588683
1.0088421
0.83595307
2.2028264
1.9333588
2.2592965
2.9631974
2.1676555
1.9761925
1.3089225
1.3541352
1.3541728
1.308952
1.3542452
0.85551266
1.018158
0.91189781
0.96340732
0.85552466
1.0181955
0.91193131
0.96340821
0.87557398
0.95013516
0.95012766
0.87559628
0.97642387
0.85872508
0.97654361
0.79685999
1.0308975
1.0298688
1.262299
1.2998443
1.2619065
0.79339697
1.0278618
1.0271249
1.2642832
1.2983484
1.2633527
1.0503513
1.2442208
1.0494677
1.2449671
0.56945841
0.53213665
0.56938521
0.53223374
0.30812884
1.223472
0.78297998
0.30769455
1.2235962
0.78298574
0.98244758
0.97402185
0.97397215
0.95323948
0.9403843
0.95327072
0.98240897
0.9738882
0.97392374
0.95338199
0.94041873
0.95332688
0.83566734
1.0084828
0.83563207
0.83553459
1.0084412
0.83558819
2.2468087
1.9436346
2.2590481
1.9682283
1.3085781
1.3537233
1.3537827
1.3086356
0.85542996
1.0180165
0.91188368
0.96326944
0.8554416
1.0180679
0.91181244
0.9632403
0.87566404
0.95015006
0.95014906
0.87566144
0.97722315
0.85915948
0.97732105
0.78965097
1.0250582
1.0237639
1.2654797
1.3000306
1.2623552
0.79324013
1.0317665
1.0273529
1.2600367
1.2977657
1.2591476
1.0476045
1.2436633
1.0485955
1.2427921
0.5661697
0.52902504
0.5666526
0.52852878
0.31433502
1.2228653
0.78284856
0.31308155
1.222981
0.78295196
0.98254747
0.97415077
0.97412624
0.95348834
0.94061268
0.95348568
0.98254831
0.97412464
0.97411977
0.95354827
0.94065305
0.95350597
0.83520293
1.008137
0.83513149
0.83497569
1.0080928
0.8350579
2.180379
1.9857628
1.9337113
1.3082068
1.3532958
1.3082659
0.85529109
1.0178275
0.91163931
0.96296881
0.85532071
1.01792
0.91149105
0.96292086
0.87556
0.95008177
0.95009772
0.87552929
0.97783973
0.85947389
0.97792104
0.79170831
1.0254204
1.0250592
1.2619367
1.2955402
1.2609843
0.79490286
1.0282801
1.0274594
1.2599758
1.2975041
1.2599068
1.0485445
1.2445582
1.0494947
1.2437609
0.56636482
0.52859697
0.56639206
0.52846001
0.30847461
1.2240255
0.78451424
0.30895268
1.2238355
0.78472201
0.98257733
0.9742909
0.97432036
0.95384127
0.94111828
0.95386485
0.98261239
0.97433612
0.97434132
0.95386264
0.94114864
0.95386999
0.83462921
1.0077389
0.83457536
0.8344477
1.0076909
0.83451839
2.1684797
1.965269
2.6879097
2.2408488
1.9396114
1.3078145
1.3528848
1.3078549
1.3530083
0.85495541
1.0174787
0.91119513
0.96253914
0.85499705
1.0176087
0.91101527
0.96248999
0.87525158
0.9498845
0.94990688
0.87520643
0.97834372
0.85972673
0.97841128
0.7945015
1.0272122
1.0274797
1.2644361
1.2997671
1.2646254
0.79891459
1.0310118
1.0312746
1.2617484
1.2992842
1.2618803
1.0491898
1.2448325
1.0498743
1.2442795
0.56764005
0.52923321
0.56748314
0.52936772
0.3063456
1.2248537
0.78600868
0.30700024
1.2247315
0.78608249
0.98225997
0.97396871
0.9740186
0.95373395
0.94112019
0.9536975
0.98230637
0.97410686
0.97407059
0.95359612
0.94107505
0.95365049
0.8341828
1.0074289
0.83414653
0.8340444
1.0074009
0.83410451
2.1649627
1.9571478
2.1696163
1.9495915
1.307595
1.352712
1.3527254
1.3076129
1.3527394
0.85469125
1.0172491
0.91075245
0.96221114
0.85471623
1.0173143
0.91060484
0.96218065
0.87495537
0.94980348
0.9497961
0.87492932
0.97888652
0.86006965
0.9789735
0.79307086
1.0272836
1.0264278
1.2645881
1.2993357
1.2643866
0.79804808
1.030989
1.0308051
1.2622411
1.2980836
1.2610722
1.0491086
1.2447468
1.0496318
1.2443716
0.56724377
0.52919647
0.56748715
0.52893177
0.30660985
1.22483
0.78577949
0.30627405
1.2248271
0.78560711
0.98206691
0.97366786
0.97374391
0.95338717
0.94063913
0.95334693
0.98211049
0.97382556
0.97379939
0.95319732
0.94055039
0.95328556
0.83378863
1.007265
0.83374611
0.83361634
1.0072637
0.83369397
2.1770216
1.9649351
2.6708954
1.9547535
1.3075509
1.3529815
1.3529013
1.3075402
0.85456156
1.0173193
0.91040533
0.96204954
0.85457535
1.0172367
0.9103511
0.96206028
0.87492991
0.9501114
0.95003872
0.87496381
0.97976565
0.8606915
0.97994937
0.78797576
1.024672
1.0229658
1.2602942
1.2952865
1.2605127
0.79090311
1.0255603
1.0253846
1.2604789
1.2958641
1.2591096
1.0497715
1.2456901
1.0495166
1.2461652
0.56165209
0.52536469
0.56356358
0.52355547
0.32893683
1.2247479
0.78251111
0.3172289
1.2254094
0.78208764
0.9812128
0.97264303
0.97272713
0.95235808
0.93932406
0.9522012
0.98132271
0.97295183
0.97282138
0.95203205
0.93916983
0.95210108
0.8329878
1.0076249
0.83279255
0.83235225
1.0077726
0.83252553
2.1791691
1.9813559
1.93053
1.3074273
1.3543986
1.3077357
0.85453977
1.0183598
0.91051216
0.96252782
0.85449039
1.0177764
0.91087619
0.96268182
0.87564591
0.9512955
0.95114988
0.87573744
0.9818098
0.8615662
0.98227819
1.1818624
1.1903501
2.1830678
1.9580028
2.2872595
1.9315161
1.8319604
1.8594192
1.5570832
1.547672
1.8274073
1.8601879
1.1968193
1.1993041
2.1687853
1.9774221
2.222281
2.9095584
1.9440743
1.8430051
1.8846929
1.552058
1.5584049
1.8399199
1.833096
1.2814575
0.69429506
1.2827984
0.59326847
0.57485697
0.57321031
0.69279609
1.2900487
1.2840937
1.027189
0.79030141
1.0256121
1.3014095
1.2660858
1.2649292
1.263053
1.2994244
1.2618239
0.79479609
1.0318468
1.0295554
1.2815082
0.69199665
1.280445
0.69617066
1.2821619
1.2814745
0.54986268
0.47882508
0.47652944
0.55280289
1.0505556
1.2463022
1.2468131
1.0504547
0.55083303
0.47868229
0.4779864
0.55149587
0.68374352
0.713549
0.70823249
0.69002951
0.56119461
0.5247302
0.52345193
0.56255225
0.68358057
0.70962334
0.70842248
0.68479243
0.91899325
1.3093013
0.91889551
0.95951985
0.95338056
0.95353772
0.95336459
0.96050935
0.95343543
1.3061437
0.92406645
0.91930641
0.32472199
1.226656
0.78466353
0.78438476
0.31271729
1.2272152
0.92016449
1.3136993
0.92065778
0.96149094
0.95319154
0.95339269
0.95351591
0.96136714
0.95346738
1.3140006
0.92097058
0.92100813
0.97941699
0.98856895
0.9789107
0.94130688
0.98331159
0.98627775
0.9883124
0.94342029
0.98772634
0.98796156
0.97460928
0.97771357
0.97462221
0.98315673
0.9746673
0.94130262
0.95422812
0.95410824
0.95399902
0.94120291
0.95404033
0.98322291
0.97482938
0.97472849
0.97953675
0.98904586
0.9795446
0.94411943
0.98814264
0.98823334
0.9883968
0.94420222
0.98833531
0.98905545
0.97949113
0.9795188
1.354751
1.3041104
1.297865
1.011453
0.98354039
0.94835837
0.98687966
0.99029528
0.94956738
0.98038294
1.0099622
1.0098037
0.83548472
0.83529494
0.83485633
1.0099821
0.8350292
1.3556766
1.3083476
1.3086442
1.0121232
0.98767207
0.95041167
0.99086411
0.99075088
0.9504663
0.98802674
1.0105648
1.0181308
0.85439486
0.96256796
0.90430348
0.91111836
0.96378797
0.84551265
1.0158619
1.2515689
1.2536008
1.0181605
0.85413752
0.96414896
0.91084358
0.91116033
0.9642947
0.85413181
1.0176459
1.2559054
1.2553143
1.3106491
0.87304149
0.94915332
0.94827948
0.87378472
0.8149653
0.81555395
1.2738091
1.1903022
1.2812789
0.87377019
0.94921694
0.87385745
0.94907609
0.81528211
0.81525312
1.1944365
1.2821431
1.2832157
0.97104132
0.85531853
0.97458647
0.85644541
0.97438072
0.97489047
1.8334928
1.8624201
1.8274121
1.861518
2.174389
1.9810809
1.9351357
1.8443455
1.887453
1.5583596
1.8353771
1.8384183
1.0511987
1.2420953
1.248031
1.0465041
0.54919029
0.47815422
0.47567984
0.55233588
1.05068
1.2469915
1.2471213
1.0510037
0.55017667
0.47800383
0.47708695
0.55114604
0.56199225
0.53588118
0.52459548
0.57187589
0.68322941
0.71314366
0.70783874
0.68949132
0.56111003
0.52442529
0.52285559
0.56270961
0.68339239
0.70962225
0.70829971
0.68472871
0.41644367
1.2139177
0.79318791
0.78993048
0.43504124
1.2074006
0.32677086
0.78437233
0.78404245
0.31481227
1.2272957
1.0106322
0.98447378
0.94800265
0.98630603
0.98966885
0.9492086
0.98130955
1.009193
1.3562898
1.3091687
1.3094686
1.3557992
1.0113032
0.98861908
0.95006227
0.99039782
0.99012446
0.95010373
0.98897533
1.0113879
1.2530812
1.3110323
1.3098046
1.2551142
1.0194096
0.85549589
0.96390013
0.91185876
0.91216108
0.96403938
0.8554897
1.0188993
1.257411
1.2568229
1.3119316
0.81760759
0.81819452
1.2752645
1.1926346
1.2835127
0.87611671
0.95159181
0.87619994
0.95144799
0.81791594
0.81788624
1.1969738
1.2844074
1.2854813
0.85877932
0.97697886
0.97744161
1.1995658
1.1934494
2.2512791
1.9467554
2.273856
2.1748146
1.9717245
1.8321533
1.8344315
1.8787014
1.8659206
1.1908583
1.2000569
2.1658619
1.9658356
2.1750094
2.6727644
1.9511571
1.8677316
1.8748175
1.5542844
1.5716643
1.8302818
1.8379601
0.69823823
1.2816364
1.2813254
0.56624495
0.69414789
1.2812392
1.2803399
0.56744619
1.0269779
0.79293061
1.0268336
1.2993523
1.2653272
1.2642691
1.2618455
1.2997777
1.2619548
0.79733874
1.0316631
1.0304586
1.2806048
0.69559848
1.2805801
0.56809228
0.56590357
0.70012516
1.2825629
1.2819304
0.55207195
0.47922979
0.55176463
0.47952493
1.0494971
1.2455539
1.2447292
1.0504543
0.55214961
0.47998413
0.47966997
0.55262171
0.68892572
0.71285338
0.688037
0.71373345
0.56824036
0.53058005
0.53010009
0.56898398
0.6898825
0.71505129
0.71503914
0.69026015
1.3136864
0.92109011
0.92107162
0.95301425
0.96162796
0.9528348
1.3137976
0.92105627
0.92111564
0.95252317
0.96165322
0.95265798
0.293449
1.2265729
0.78700303
0.78698989
0.29471415
1.2263863
0.92129548
1.3136301
0.9214812
0.9618159
0.95245886
0.95245226
0.95246106
0.96175889
0.95243693
1.3136164
0.92183425
0.92172547
0.98922695
0.97954097
0.97951906
0.98808431
0.94397869
0.98804564
0.98916516
0.97948707
0.97950031
0.98800282
0.94396972
0.9880244
0.97556228
0.9839812
0.97566622
0.94228306
0.9552552
0.9551974
0.9550084
0.94219216
0.95511458
0.98405481
0.97579646
0.97574931
0.97957401
0.98940156
0.97960643
0.94399029
0.98799405
0.98799985
0.98799988
0.94398156
0.98800254
0.98944739
0.97965148
0.97963725
1.3085015
1.3542753
1.3085876
0.9882288
1.0098974
0.99097642
0.95024922
0.9882182
1.0119559
0.99072191
0.95020121
1.0091324
0.83611822
0.83609795
0.83601323
1.0091594
0.83606643
1.3541478
1.3083403
1.3083057
1.35388
1.0098026
0.98835269
0.95013226
0.99071844
0.99070661
0.95013567
0.98841139
1.0096678
0.85423193
1.017236
0.91077651
0.96383163
0.85419975
1.0175101
0.91064979
0.96375294
1.2560026
1.2559369
1.0171896
0.85431873
0.96358118
0.91157936
0.91067726
0.96360937
0.85433047
1.0171421
1.255809
1.2558924
1.3088295
0.87318978
0.94809873
0.94819571
0.87311696
0.81543693
0.81543767
1.2820507
1.1945347
1.2818036
0.8730134
0.9480162
0.87305882
0.94793315
0.81542404
0.81539273
1.1940256
1.2802725
1.2812348
0.97329593
0.85575839
0.97304246
0.85535433
0.97228345
0.97243879
1.8404558
1.8299719
1.8863026
1.8480306
1.5489635
2.1721191
1.9677232
1.954582
1.8691037
1.8746179
1.8317679
1.8390651
1.049612
1.2452482
1.0496402
1.2451218
0.55147933
0.47859777
0.55139203
0.47871957
1.0495323
1.2456914
1.2449409
1.0503791
0.55156472
0.47916446
0.47886724
0.55197783
0.56644839
0.52736966
0.56563088
0.52813734
0.68880038
0.71289789
0.68799277
0.71368486
0.56791288
0.52950568
0.52916968
0.5681297
0.68989443
0.71473519
0.71478045
0.68988307
0.29922271
1.2268242
0.78597353
0.30161461
1.2269285
0.78632157
0.29634019
0.78676593
0.78672791
0.29749689
1.2265117
0.98918937
1.0107975
0.99038093
0.94989994
0.9891715
1.011242
0.99027986
0.94985611
1.354798
1.3091835
1.3091517
1.3545425
1.0107025
0.98931676
0.9497855
0.99026315
0.99026678
0.94978736
0.98937757
1.0105085
1.2575086
1.3103739
1.2574484
1.0184115
0.85562146
0.96332259
0.91165224
0.91164668
0.96335246
0.85562359
1.0182902
1.2573179
1.2574019
1.3101095
0.81809584
0.81809172
1.2834441
1.1935868
1.2832228
0.87538701
0.95040571
0.87542677
0.9503234
0.8180812
0.81805401
1.1966313
1.2825809
1.2835393
0.85829874
0.97562899
0.97567126
1.1914834
1.1807188
2.1921048
1.9347568
2.1324998
2.6796558
2.1606717
1.959982
1.8328279
1.8540944
1.8671411
1.8407882
1.190734
1.1905486
2.161061
1.9585736
2.1899228
1.9454227
1.8392894
1.8650019
1.5537841
1.5485965
1.8373959
1.8395286
0.69463634
1.2783604
1.2782575
0.56256253
0.6944774
1.281049
1.2792141
0.5603564
1.0245588
0.79131596
1.024246
1.2973182
1.2640706
1.2613551
1.2577833
1.2947581
1.2585071
0.7937556
1.0303431
1.0270802
1.2782312
0.69478771
1.2789894
0.5612395
0.69819361
1.2822319
1.2809498
0.55242737
0.47951493
0.55204765
0.47967641
1.0478653
1.2439887
1.2426784
1.0489082
0.55127163
0.4786959
0.47874448
0.55132274
0.68810011
0.71372583
0.68854794
0.7132291
0.56681252
0.52869585
0.52863531
0.56682292
0.68776681
0.71230203
0.71246784
0.68765225
1.3135975
0.92239421
0.92238775
0.95250853
0.96196255
0.95253662
1.3136552
0.9221223
0.92235343
0.95244205
0.96196796
0.95250319
0.30931613
1.2250638
0.78518622
0.78548876
0.3105963
1.2249038
0.92253158
1.313549
0.92259633
0.96161813
0.95189158
0.9521473
0.95238724
0.96176713
0.95229743
1.3134864
0.92228354
0.92259458
0.98943274
0.97961142
0.97964996
0.98799794
0.94402921
0.98799668
0.98946868
0.97966482
0.9796672
0.98796067
0.94403951
0.98798974
0.97551454
0.98367318
0.97534424
0.94196864
0.95446848
0.95465213
0.95501896
0.94213692
0.95484497
0.98351213
0.97498031
0.97516254
0.97956254
0.98917161
0.97949759
0.9439641
0.98776942
0.98782986
0.98792924
0.94399833
0.98788662
0.9890558
0.97934268
0.97942464
1.3081937
1.353687
1.3082287
0.98864717
1.0095249
0.99087149
0.95019708
0.98859584
1.0111778
0.99079207
0.95022255
1.0089854
0.83605607
0.83608605
0.83613567
1.0090128
0.83611418
1.3536581
1.3081574
1.3081431
1.3535426
1.0094745
0.98883146
0.9502614
0.98951634
0.99080612
0.95025374
0.98887957
1.0095231
0.85443796
1.0184135
0.91160227
0.96357289
0.8544439
1.0171786
0.91168253
0.96357718
1.2556563
1.2556614
1.018402
0.85437833
0.96357634
0.91175072
0.91170814
0.96358004
0.85425085
1.017023
1.2556595
1.2556828
1.3084512
0.87295703
0.94766585
0.94768315
0.87296833
0.81519968
0.81522235
1.280872
1.1939844
1.2808197
0.87300369
0.94765522
0.87298496
0.94763664
0.81518187
0.81515825
1.1937312
1.2798356
1.2806899
0.97200965
0.85500979
0.97194454
0.85487295
0.97171668
0.97177668
1.8326508
1.8556925
1.8674834
1.8419055
1.5583625
2.1622621
1.9571974
2.863379
1.9457954
1.8400901
1.8645388
1.8375013
1.8398962
1.0490193
1.2441916
1.0491644
1.2436218
0.55208078
0.47892098
0.55163591
0.47916427
1.0480039
1.2443308
1.2430386
1.0490178
0.55094499
0.47818587
0.4782724
0.55093499
0.56650041
0.52820897
0.56680574
0.52797912
0.6883536
0.71360541
0.68875103
0.71319334
0.56640963
0.52792139
0.52781581
0.56604181
0.68783365
0.71252804
0.71262424
0.68776987
0.3069086
1.2257257
0.78650108
0.30462737
0.78633365
0.31066221
1.225422
0.78538416
0.78564474
0.31159512
0.98962962
1.0104566
0.99028654
0.94984882
0.98957191
1.010486
0.99037668
0.94988547
1.3543634
1.3090516
1.3090531
1.3542953
1.0104813
0.98986538
0.95003367
0.99050292
0.99042126
0.95000223
0.98993314
1.0105118
1.2571693
1.2571789
1.018225
0.85556999
0.96338457
0.91187924
0.9117917
0.96337278
0.8555607
1.018208
1.2571897
1.2572056
1.3097367
0.81793393
0.81794091
1.2823277
1.1931428
1.2823072
0.87543578
0.95010376
0.87540553
0.95009438
0.81792657
0.81791943
1.1964698
1.282237
1.2830818
0.85846102
0.97612571
0.97603856
1.1975328
1.1932359
2.2023308
1.931847
2.2596759
2.960268
1.9744883
1.8320442
1.8312231
1.5609625
1.8828183
1.8460477
1.193203
1.198486
2.1608594
1.948307
2.179787
1.9616414
1.8747166
1.8590425
1.5535773
1.5757767
1.8328389
1.8349922
0.6989997
1.2810859
1.2810274
0.56413666
0.69695555
1.2814395
1.2804742
0.56620632
1.0265525
0.79462197
1.0278682
1.3014325
1.2655236
1.2659435
1.2616253
1.2999719
1.2624396
0.79980747
1.0321178
1.032433
1.280517
0.69759817
1.2810682
0.56702084
0.70223973
1.282383
1.2825259
0.55223204
0.47959158
0.55249509
0.47945031
1.0498405
1.2453113
1.2447161
1.0507207
0.55225592
0.48026415
0.47955548
0.55322108
0.68782257
0.71208116
0.68759338
0.71226476
0.56874851
0.5314938
0.5308168
0.56888918
0.68871072
0.71274765
0.71301431
0.68858184
1.3127326
0.9212413
0.92150269
0.95162765
0.96100061
0.95134725
1.3128827
0.92205259
0.92181204
0.9507777
0.96076573
0.95105467
0.3087178
1.2239656
0.78322018
0.78339074
0.30801256
1.2238153
0.92108132
1.3123699
0.92082281
0.95989877
0.94986023
0.95005125
0.95052393
0.96007944
0.95026893
1.312178
0.9203201
0.92061239
0.98855285
0.97898196
0.97908202
0.98771579
0.94384709
0.98765325
0.98868988
0.97926555
0.97917919
0.98750694
0.94379565
0.98758573
0.97406827
0.98243677
0.97396184
0.94050554
0.95325069
0.95328974
0.95349597
0.94062186
0.95336694
0.98239463
0.9738872
0.97391027
0.97889258
0.98821828
0.97881722
0.94356099
0.98725263
0.98730571
0.98743423
0.94361526
0.98736723
0.98816793
0.97871687
0.97876172
1.3079704
1.3533371
1.3080094
0.98891747
1.0094384
0.99093579
0.95037032
0.98891326
1.0111075
0.99085214
0.95036747
1.0086321
0.83570451
0.83574734
0.83583517
1.0086785
0.83579207
1.3532957
1.3078641
1.3078086
1.353118
1.0094203
0.98890242
0.95020385
0.98939088
0.9908359
0.95031886
0.98886498
1.0093454
0.85414577
1.0169457
0.91178192
0.96360747
0.85417089
1.0170128
0.91179147
0.96359542
1.2556608
1.3083765
1.3083812
1.2556837
1.0169238
0.85407788
0.9634143
0.91076483
0.9117851
0.96352945
0.85404947
1.0167574
1.2556728
1.2557076
1.3083721
0.87309731
0.94758294
0.94758372
0.87310948
0.81505961
0.81506782
1.2797995
1.1937154
1.2806282
0.87312692
0.94758346
0.87311955
0.94757069
0.81505163
0.81503052
1.1904289
1.27975
1.2797813
0.97160185
0.85474304
0.97157948
0.85462466
0.97134069
0.9714087
1.8322647
1.8324808
1.8835467
1.8470591
1.5496094
2.1604844
1.9497711
1.9658982
1.8762415
1.8597849
1.83532
1.8358726
1.049151
1.2440867
1.0490138
1.2442972
0.55204552
0.47918826
0.55217321
0.47917014
1.0504204
1.2460712
1.2455203
1.0512559
0.55238977
0.48028175
0.47958003
0.5533393
0.56669435
0.5281617
0.56620764
0.52878027
0.68816855
0.71251466
0.68788547
0.71274664
0.5681856
0.53110904
0.5305971
0.56859946
0.68904393
0.71363063
0.71349247
0.68924169
0.31328727
0.78467394
0.31355664
0.78445833
0.31069853
0.78367845
0.78383082
0.31001302
0.99001619
1.0104745
0.9905185
0.95009595
0.99000063
1.0105096
0.990524
0.95010566
1.3541017
1.3088305
1.3087768
1.353933
1.0104627
0.99002121
0.9500619
0.99042232
0.99051703
0.9500845
0.98998671
1.0103351
1.2572219
1.2572451
1.0181442
0.85548051
0.96334897
0.91190326
0.91193284
0.96337311
0.85546952
1.0180889
1.2572398
1.2572724
1.309719
0.81794222
0.81793226
1.2822231
1.1932501
1.2822548
0.8756352
0.95013571
0.87561834
0.95013119
0.81794563
0.81794382
1.1966233
1.2822818
1.2831158
0.8589377
0.97697021
0.97688531
1.200116
1.189947
2.2464928
1.9440759
2.9353827
1.9673881
1.8286632
1.8389937
1.5700778
1.8761794
1.863761
1.5551873
1.1938322
1.2006456
2.1805069
1.9853049
2.1601514
2.1791074
1.9222487
1.8559443
1.8888319
1.5522721
1.5644485
1.827906
1.8338312
0.69942367
1.2818053
1.2814582
0.56712278
0.69583972
1.2809045
1.2804835
0.56936115
1.0275736
0.79279692
1.026597
1.2997055
1.2663221
1.2636887
1.2615659
1.299589
1.261469
0.79651699
1.0330896
1.0297667
1.2805651
0.69489685
1.2799783
0.56532015
0.69848798
1.2822434
1.281083
0.55280985
0.47974901
0.55237058
0.47997836
1.0486281
1.2437505
1.2432652
1.0492384
0.55210634
0.47965887
0.47954654
0.55240107
0.68880846
0.71298992
0.68884717
0.71295223
0.56833953
0.53062818
0.53092083
0.56795882
0.68813117
0.71200587
0.71233803
0.6877949
1.3118696
0.92018523
0.92026038
0.94977941
0.95963538
0.94975308
1.3119474
0.92030927
0.92035043
0.94971442
0.95962833
0.9497259
0.30875521
1.2233487
0.78289799
0.78292632
0.3093877
1.2232604
0.92027697
1.3117877
0.92034274
0.95974937
0.94993052
0.94988461
0.9497534
0.95970169
0.94981134
1.3117606
0.9204047
0.92045155
0.98813517
0.97865015
0.97865932
0.98721266
0.94342549
0.98718063
0.98812373
0.97868715
0.97866894
0.9871347
0.9433942
0.98715972
0.97407317
0.98254948
0.97411387
0.94057898
0.95350665
0.9535071
0.95343764
0.94054766
0.95348191
0.98257025
0.97414135
0.97414189
0.97864276
0.9881643
0.97863218
0.94326348
0.98703403
0.98706327
0.98711402
0.94329943
0.98709153
0.98816884
0.97860274
0.97862085
1.3076163
1.3529246
1.3529762
1.307672
0.98870917
1.009093
0.99075944
0.95021568
0.98875663
1.010843
0.99057831
0.95018477
1.0082744
0.83527785
0.83535734
0.8354835
1.0083142
0.83542818
1.3528804
1.3074939
1.3074614
1.3527466
1.0090542
0.98858859
0.95003041
0.99041236
0.99053859
0.95007445
0.98855109
1.0089706
0.85400094
1.0167764
0.91164652
0.96343317
0.85401661
1.0168125
0.91165807
0.96340768
1.2555953
1.3082553
1.3082811
1.2555894
1.0168177
0.85408004
0.96327931
0.91153298
0.91163132
0.96331512
0.85406705
1.0167596
1.2555335
1.2555818
1.3082267
0.87312854
0.94751696
0.94752031
0.87311918
0.81497134
0.81497616
1.2797447
1.1936593
1.2805678
0.87309425
0.94751398
0.87310789
0.9474975
0.81496545
0.81494862
1.1903192
1.2796495
1.2796918
0.97116878
0.85447644
0.97111361
0.85429175
0.97072578
0.97083987
1.8287223
1.8387726
1.8770764
1.8644397
1.5542265
2.1816204
1.9866155
2.1624804
1.9256126
1.855483
1.8895993
1.5518176
1.8303411
1.8342196
1.0503606
1.2445884
1.0495489
1.2452447
0.5523111
0.47932562
0.55196443
0.47943871
1.0488442
1.2441823
1.2436831
1.0494979
0.55185045
0.47931353
0.47912569
0.5522471
0.56922717
0.53157862
0.56905371
0.5317805
0.68955301
0.71388962
0.68950801
0.71390961
0.56852367
0.53067288
0.53102988
0.56819215
0.68902543
0.71308936
0.71341282
0.68872309
0.30869469
1.2239549
0.783408
0.30862743
0.78339968
0.30892967
0.78324494
0.78328247
0.30955791
0.98982403
1.0101342
0.99038844
0.94997574
0.98987617
1.0102963
0.99025723
0.94994137
1.3536723
1.3084341
1.3083924
1.3535141
1.0100867
0.98967605
0.94977364
0.99005194
0.99021404
0.94981988
0.98962675
1.0099128
1.25718
1.2571743
1.0180017
0.85539279
0.96309803
0.91168196
0.9117844
0.96313832
0.85537881
1.0179457
1.2571198
1.2571696
1.3095847
0.81799063
0.8179809
1.2822733
1.193365
1.2822981
0.87565355
0.95014368
0.87565941
0.95013267
0.81799273
0.81799162
1.1966876
1.282282
1.2831279
0.85932224
0.97763091
0.97757049
1.1984016
1.2000769
2.1783318
1.9837481
1.9326241
1.8891013
1.858487
1.5552809
1.8443521
1.8370817
1.5674261
1.1944286
1.1873001
2.2249743
1.9407327
2.1715989
1.9761833
1.8400515
1.8315735
1.5598408
1.5541392
1.8812328
1.8506733
0.69325933
1.2794803
1.2789274
0.6969283
1.2823886
1.2808502
0.56233701
1.0276308
0.79207225
1.0252616
1.2956242
1.2592631
1.2580947
1.2617109
1.2950444
1.2595196
0.78958562
1.0250186
1.0230843
1.2807879
0.69723173
1.2801035
0.56317094
0.69457258
1.2800096
1.2792955
0.54981584
0.47793419
0.55062685
0.47728558
1.0487234
1.243473
1.2439136
1.0483159
0.55046463
0.47786627
0.47768479
0.55059215
0.68595507
0.71064603
0.68628849
0.71036462
0.56586877
0.52834602
0.52836414
0.56593784
0.68664426
0.71151625
0.71118782
0.6869693
1.3117485
0.92070822
0.92071319
0.95002389
0.95992442
0.95012286
1.3117649
0.92055551
0.92070943
0.95027098
0.95999869
0.95019395
0.31333575
1.2230379
0.78380205
0.78358594
0.31184618
1.2232824
0.92085883
1.3118583
0.92100388
0.96034535
0.95072903
0.95064889
0.95039078
0.96026373
0.95052029
1.3119751
0.92118495
0.92119196
0.98813893
0.978542
0.97855927
0.98701179
0.94315467
0.98698962
0.98814456
0.97858803
0.97857425
0.9869413
0.94312087
0.98697039
0.97419534
0.98260073
0.97424162
0.940955
0.95380246
0.9537464
0.95361354
0.94087851
0.95368262
0.9826199
0.97431899
0.97428694
0.97852773
0.98813321
0.97850541
0.94294203
0.98679169
0.98683935
0.98691625
0.94299696
0.98688419
0.98812534
0.97844011
0.9784776
1.3073103
1.3525567
1.3526189
1.3073647
1.352713
0.98834906
1.0086649
0.99049526
0.9498939
0.98841786
1.0104574
0.99016344
0.94983248
1.0078942
0.83469509
0.83476705
0.83490398
1.007948
0.83483878
1.3524956
1.3071503
1.3071033
1.3523167
1.0086076
0.98814022
0.94956966
0.98990629
0.99010102
0.94964128
0.9880719
1.0084668
0.85383308
1.0165853
0.91149802
0.96316083
0.85386943
1.0166873
0.91133658
0.96310805
1.2553791
1.3079908
1.3080443
1.2553466
1.0165989
0.85381305
0.96288133
0.91107845
0.9112773
0.96294308
0.85366691
1.0163947
1.2552251
1.2553067
1.3078902
0.87296484
0.94736986
0.94739353
0.87292245
0.81485085
0.81487416
1.2796007
1.1934467
1.2804045
0.87282822
0.94734334
0.87287677
0.94730183
0.81482126
0.81477816
1.1900386
1.2793962
1.2794618
0.97037441
0.85399058
0.97025771
0.85370026
0.96962485
0.96980174
1.8899108
1.8602236
1.8432124
1.8376752
1.5673588
2.2263432
1.9406727
2.3026755
1.9759866
1.8391752
1.8312757
1.5585365
1.8807932
1.8501414
1.0477599
1.2441534
1.04888
1.2431938
0.54981458
0.47775603
0.55066559
0.47707133
1.0485405
1.2435846
1.2440367
1.0481116
0.55012377
0.47729823
0.4771788
0.55018563
0.5657833
0.52834469
0.56643613
0.52763917
0.68669788
0.71163944
0.68712569
0.7112873
0.56586311
0.52776112
0.5278682
0.56599006
0.68689249
0.7118676
0.71154625
0.6872121
0.31484895
1.2232919
0.78316834
0.31351918
0.78323904
0.31377609
0.78394638
0.78374839
0.31220874
1.2237244
0.98938612
1.0096496
0.98999804
0.94961792
0.98946203
1.0098602
0.98980479
0.94955946
1.3532345
1.3080433
1.3079989
1.0095879
0.98916833
0.94930427
0.98953775
0.98974291
0.94937012
0.98910117
1.0093865
1.2569817
1.3093917
1.3094381
1.2569561
1.0177899
0.85517315
0.96270271
0.91125772
0.91143557
0.96276077
0.85512949
1.0176575
1.2568504
1.256924
1.3092928
0.81799636
0.81800219
1.2822319
1.1933384
1.2822402
0.87546432
0.95005625
0.87549857
0.95002531
0.81797925
0.8179574
1.1966052
1.2821532
1.2830159
0.85960132
0.9781693
0.97811956
1.1851006
1.1961131
2.1676098
1.9641941
1.9404649
1.8721518
1.8634367
1.5534695
1.8252462
1.8388978
1.567666
1.1984536
1.1903799
2.2667134
1.9534813
2.9664371
2.1683327
1.963767
1.8350989
1.8301989
1.8711229
1.8691015
0.69535523
1.2797815
1.2797041
0.56474903
0.69904541
1.2811188
1.2807847
1.0302474
0.79758939
1.0301248
1.2990457
1.2614301
1.2612903
1.2638737
1.2990155
1.2637245
0.79343818
1.0268234
1.0265942
1.2812909
0.70037741
1.2813861
0.56473366
0.56594437
0.69627917
1.2804599
1.2803211
0.55124728
0.47883034
0.55168934
0.47866011
1.0493426
1.2438551
1.2444047
1.0486777
0.5523738
0.47963835
0.47969721
0.55213248
0.68806399
0.71254273
0.6879069
0.71277568
0.56677695
0.52851295
0.52869585
0.56674684
0.68824379
0.71318002
0.71296125
0.68844576
1.3124119
0.92162429
0.92159995
0.95084617
0.96055768
0.95096661
1.3122815
0.92134824
0.92153757
0.95113059
0.96062107
0.95105455
0.30800845
1.2243575
0.78551801
0.78533984
0.30779112
1.2245088
0.92174674
1.3126706
0.92182526
0.96081032
0.95139551
0.95138337
0.95122771
0.96078533
0.9513127
1.3127785
0.92182389
0.92193572
0.98802677
0.97828851
0.97833201
0.98675637
0.94279345
0.98671933
0.9880655
0.97840989
0.97837588
0.9866393
0.94274791
0.98668295
0.9742705
0.98247065
0.97423762
0.94119551
0.95377084
0.95380667
0.95386127
0.94120906
0.95384379
0.98242841
0.9741502
0.97419666
0.97825898
0.98792392
0.9782263
0.94256933
0.98650175
0.98654133
0.98661081
0.94261827
0.98658126
0.98788754
0.97814945
0.97819159
1.3068927
1.3521049
1.3521606
1.3069441
1.3522579
0.9877617
1.0081405
0.98996859
0.94935961
0.98783952
1.0099326
0.98960626
0.94928081
1.0075264
0.83423324
0.83428945
0.83439197
1.0075671
0.83434386
1.3520525
1.3067498
1.3067153
1.3519252
1.008089
0.9875277
0.94899152
0.98949553
0.98954005
0.94905979
0.98745301
1.0096137
0.85354814
1.0174913
0.91101008
0.96269786
0.85349825
1.016342
0.91077978
0.96262987
1.2549296
1.3075049
1.2548848
1.017439
0.85343245
0.9623842
0.91048771
0.91070433
0.96244032
0.85425456
1.0173037
1.254745
1.2548344
0.87253427
0.9470368
0.94707575
0.8724674
0.81452936
0.81456854
1.2792864
1.1930667
1.280076
0.87233996
0.94699945
0.87240201
0.94695312
0.81448841
0.81443965
1.1896429
1.2790661
1.279124
0.96910708
0.85323061
0.96894747
0.8528635
0.9681587
0.96836406
1.8730989
1.8623098
1.552008
1.8249941
1.8380334
2.26729
1.9531937
1.9652875
1.8345665
1.8302171
1.5721898
1.5515834
1.8731226
1.8690324
1.0483952
1.2446303
1.0492588
1.2439045
0.5508747
0.4782742
0.55124718
0.47817103
1.0495134
1.244402
1.2448014
1.0490243
0.55234794
0.47960984
0.47954133
0.55225538
0.56626224
0.52811087
0.56665086
0.52804395
0.68840073
0.71290614
0.6881868
0.71318154
0.56734053
0.52878369
0.52878554
0.56742346
0.68904334
0.71408665
0.71388796
0.68923827
0.3086555
1.2245005
0.78468254
0.30909669
1.2243024
0.78492842
0.30869181
0.78588733
0.78569242
0.30868207
1.2249918
0.98882578
1.0091741
0.98947679
0.94911268
0.98889042
1.0093312
0.98930644
0.94905433
1.352846
1.3077081
1.3528181
1.3076882
1.3527669
1.0091393
0.98864435
0.94884195
0.98911817
0.98926106
0.9488925
0.98859159
1.0090358
1.2566238
1.308995
1.309044
1.2565948
1.0174418
0.85483881
0.962316
0.91080401
0.91095976
0.96235727
0.85480555
1.0173444
1.2564874
1.2565596
1.3089011
0.81786129
0.81787436
1.2820642
1.1932015
1.2820669
0.87512596
0.94985655
0.87516539
0.94982843
0.81784015
0.81781902
1.1964625
1.2819972
1.282848
0.85986905
0.97868352
0.97862214
1.1912092
1.1982181
2.1642643
1.9561162
1.9529341
1.8656981
1.8717838
1.5533037
1.8297052
1.8350058
1.1978796
1.1908767
2.263634
1.948371
2.9573774
1.960299
1.8363365
1.8272082
1.5740335
1.8681039
1.8713939
0.69711917
1.2805547
1.2807397
0.56749442
0.70144749
1.2819008
1.2820048
1.0310278
0.79860141
1.0311237
1.298912
1.2618633
1.2616244
1.2645103
1.2994956
1.264506
0.7939976
1.0272286
1.0271422
1.2817151
0.70091055
1.2817511
0.56456516
0.56695551
0.69644805
1.2804347
1.280454
0.55277637
0.48048815
0.55317729
0.48026486
1.049716
1.2441286
1.2447275
1.0489802
0.55300973
0.48001374
0.48036778
0.55251687
0.68973157
0.71429812
0.68955522
0.71446979
0.56804853
0.529538
0.52983359
0.5678414
0.6899288
0.71410903
0.71463269
0.68948378
1.3129407
0.92155749
0.92173
0.9514342
0.96083663
0.95145902
1.3128992
0.92184438
0.92185925
0.95140078
0.96081906
0.95143914
0.3053121
1.2249458
0.78608389
0.7861638
0.30518666
1.224985
0.92148208
1.3129121
0.92135964
0.96063995
0.95127758
0.95134085
0.95138662
0.96070468
0.95136536
1.3129139
0.92098098
0.92127354
0.98775054
0.97802306
0.97805817
0.98648045
0.94245809
0.98645862
0.98778747
0.97812224
0.97809506
0.98640516
0.94242425
0.98643632
0.97394183
0.98218305
0.97391287
0.94084659
0.95342612
0.95346837
0.95356062
0.94091904
0.95351976
0.98216566
0.97385278
0.97388345
0.97800451
0.98768694
0.97798352
0.94226736
0.98631443
0.98634425
0.98638984
0.94231416
0.98637288
0.98767054
0.97792777
0.9779603
1.3065589
1.3518126
1.3518382
1.3065941
0.98711273
1.0094391
0.98943487
0.94878508
0.98720021
1.0095669
0.98924898
0.94872161
1.0073045
0.83384296
0.83390051
0.83399701
1.007329
0.83395342
1.3517966
1.3064802
1.3064707
1.0094131
0.98684987
0.94846448
0.9890137
0.98919289
0.94852879
0.98676501
1.0093618
0.85413204
1.0171457
0.91041954
0.96222148
0.85417433
1.017262
0.91021174
0.96217228
1.2545125
1.2544944
1.0171239
0.85404394
0.96200638
0.90999202
0.91015195
0.96204216
0.85402538
1.0170934
1.2544361
1.254483
0.87207245
0.94679354
0.94679801
0.87202895
0.81427962
0.81428906
1.2798434
1.1927389
1.2798757
0.87196626
0.94679566
0.87199275
0.94679552
0.81427339
0.81426647
1.1927024
1.2790828
1.2798782
0.96763554
0.85237646
0.96749239
0.85212405
0.96691163
0.96704967
1.8669165
1.8716494
1.827725
1.8350438
2.265507
1.951494
1.9632645
1.8360472
1.8287705
1.5736615
1.5536117
1.8700993
1.8715013
1.0494365
1.2454247
1.0502594
1.2447713
0.55272139
0.48045253
0.55327469
0.48011637
1.0499427
1.244714
1.2452183
1.0493172
0.55288619
0.47985869
0.48015394
0.55247676
0.56842654
0.52974129
0.56829887
0.52987092
0.69006332
0.71467371
0.68989652
0.71483549
0.56887083
0.52998375
0.53029847
0.56868171
0.69038733
0.71508124
0.71511767
0.69034652
0.30755848
1.2253906
0.78637223
0.30822615
1.2252499
0.78644358
0.30625852
0.78649896
0.7865487
0.30609012
1.2255441
0.98834661
1.0089567
0.98907885
0.94869925
0.98840958
1.0090159
0.98895451
0.94865336
1.3527085
1.3075517
1.3075509
1.3527484
1.0089506
0.98813468
0.94846507
0.98878242
0.98891655
0.94851139
0.98806068
1.0089335
1.2563342
1.3087495
1.308759
1.2563338
1.0172364
0.85462796
0.96207387
0.91043841
0.91055908
0.96209753
0.85461336
1.0172286
1.2562947
1.3087438
1.2563347
0.81781787
0.8178055
1.2819739
1.1931292
1.2820108
0.8748977
0.94980875
0.87491056
0.94981754
0.81782372
0.81783068
1.1932323
1.2821541
1.2829276
0.86025414
0.97935954
0.97925533
1.1907245
1.1964939
2.1756843
1.9661964
2.1659587
1.9553453
1.8702594
1.8722134
1.5545903
1.8308797
1.8364875
1.1904736
1.1911323
2.2647675
1.9590908
2.2563277
2.9402203
1.9309474
1.8341285
1.8357784
1.5750896
1.5521747
1.8375735
1.878178
0.69562038
1.2806842
1.2802695
0.56621914
0.70027081
1.2815983
1.2815521
1.030335
0.79805353
1.0310262
1.2966528
1.2601454
1.2612136
1.2639216
1.2996997
1.2647879
0.79337975
1.024733
1.0268313
1.2820369
0.70096238
1.2822333
0.69664298
1.2795475
1.2807295
0.55232052
0.47999251
0.55271845
0.47968343
1.0514005
1.2463605
1.246637
1.0508081
0.55312143
0.47902045
0.47981425
0.5522657
0.68886157
0.71365593
0.68906626
0.71344803
0.56687513
0.52812653
0.52874016
0.56634708
0.6885345
0.71260153
0.71308556
0.68808457
1.3127359
0.92017503
0.92046656
0.95126483
0.96045082
0.95126063
1.3127651
0.92084323
0.92072033
0.95119561
0.96037367
0.95123041
0.30783118
1.2248141
0.78442235
0.78487376
0.3083402
1.2249757
0.91998522
1.312561
0.91976646
0.95991607
0.95123075
0.95122343
0.95119422
0.96006119
0.95119925
1.3125805
0.91934072
0.91962984
0.98758204
0.97780125
0.97784473
0.98630171
0.94215472
0.98628688
0.9876172
0.97790755
0.97788338
0.98624362
0.94211954
0.98627034
0.97358251
0.98184535
0.97345846
0.93995995
0.95255814
0.95276438
0.95309728
0.94016231
0.95295444
0.98172206
0.97312151
0.97330068
0.97776616
0.98743102
0.97772098
0.94197486
0.98618424
0.98619779
0.98623178
0.94201237
0.98621865
0.98735405
0.97761042
0.97766956
1.3064525
1.3520215
1.3064465
0.98640322
1.0094708
0.98897341
0.94833496
0.98649
1.0093687
0.98889082
0.94831498
1.0073527
0.8331697
0.83332659
0.83354018
1.0073142
0.83345033
1.3521293
1.3065421
1.3066043
1.0095535
0.98620844
0.94832849
0.98890359
0.98888673
0.94831105
0.98617481
1.0099261
0.8539551
1.0171724
0.90995743
0.96196405
0.85397404
1.0171022
0.90989332
0.96197225
1.2544885
1.2545462
1.0172249
0.85389638
0.96212518
0.90998624
0.90989612
0.9620667
0.8538802
1.0174953
1.2546594
1.2546151
1.3078309
0.87196309
0.9470263
0.94695342
0.87199258
0.8143388
0.81432304
1.2801486
1.1930391
1.2802614
0.87210065
0.94711038
0.87203735
0.94719927
0.81434354
0.81432984
1.1930664
1.2801311
1.2807271
0.96669071
0.85194294
0.96666044
0.85199257
0.96685421
0.96674493
1.8700827
1.8729386
1.8306003
1.8367648
1.5750769
2.2653308
1.9588123
1.9301673
1.8342069
1.8356155
1.551694
1.836696
1.878174
1.0494247
1.2453375
1.0499807
1.2449343
0.55224928
0.47984717
0.55268948
0.47947618
1.0516098
1.2468012
1.2471115
1.0509665
0.55289873
0.47862833
0.47946559
0.55197886
0.56791915
0.5295892
0.56829031
0.52907914
0.68973992
0.71468497
0.68996325
0.71447201
0.56738528
0.52785635
0.52844965
0.56679565
0.68896507
0.71306686
0.71359382
0.68846152
0.30749686
1.2253729
0.78624362
0.30717544
1.2253762
0.78606325
0.30843336
0.78477983
0.78524797
0.30880948
1.2255267
0.98772381
1.0090679
0.9887484
0.94835799
0.98780538
1.0089506
0.98867624
0.94833833
1.3530934
1.3076485
1.3077149
1.3536621
1.0091545
0.98753439
0.94836106
0.98870212
0.98867461
0.94833803
0.98750261
1.0095279
1.2563703
1.3091295
1.309016
1.2564317
1.0173693
0.85449885
0.96221486
0.91043969
0.91035173
0.96215677
0.85447746
1.0176304
1.2565419
1.256499
1.3094561
0.81798459
0.81796085
1.2823716
1.1934058
1.2825151
0.87507867
0.9501873
0.8750135
0.95027513
0.81798899
0.81797904
1.1969926
1.2832695
1.283867
0.86108763
0.98084418
0.98060326
1.1861033
1.1931095
2.1782035
1.9796214
2.2365477
2.2057343
1.9308117
1.8820874
1.8393388
1.8261361
1.8361282
1.1795974
1.1874895
2.1842829
1.9587709
2.2953071
2.9684356
1.9307643
1.8327133
1.858566
1.5552929
1.5469341
1.8265526
1.8589257
0.69112148
1.2802262
1.2791041
0.5636233
0.6940291
1.2796215
1.2796935
0.5634495
1.0245879
0.79004425
1.0246276
1.2879208
1.2646437
1.2541701
1.2606889
1.2950382
1.2603905
0.79061118
1.0363139
1.0203917
1.2803799
0.69372908
1.2818412
0.58869354
0.5680703
0.69237459
1.2892028
1.2832929
0.5497629
0.47688818
0.55010707
0.47641207
1.0502781
1.2410658
1.2470376
1.0455176
0.54910202
0.47778563
0.47540699
0.55212754
0.68345565
0.70960186
0.68507476
0.70804727
0.56140317
0.53534823
0.52441994
0.57062842
0.6817998
0.71102019
0.70624905
0.6874342
1.3121081
0.91779316
0.91847914
0.95128135
0.95940856
0.95132321
1.3125306
0.91920537
0.91901751
0.95120627
0.95918545
0.95126138
0.42284361
1.2111472
0.79094697
0.78795717
0.4384474
1.2049211
0.91671558
1.3074883
0.91665939
0.95723935
0.95096893
0.9512013
0.95106479
0.95825386
0.95117095
1.3043101
0.92150605
0.91692993
0.98706126
0.97744152
0.9775104
0.98620136
0.9419715
0.98623569
0.98712524
0.97757116
0.97754217
0.98629375
0.94200889
0.98628482
0.97260828
0.98064533
0.97247702
0.93876198
0.94973078
0.95207229
0.95204976
0.93891208
0.95200089
0.98027523
0.96998151
0.97243309
0.97727121
0.98638458
0.97669827
0.93898356
0.981044
0.98404119
0.98617205
0.94112448
0.9855368
0.98569016
0.97226305
0.97542835
1.3063029
1.3533993
1.306618
0.98557373
1.0082804
0.98891838
0.94846851
0.98593921
1.0100686
0.98848036
0.94851157
1.0063661
0.83638039
0.82180655
0.8317784
1.0069237
0.83241067
1.3524746
1.3020773
1.295861
1.3519785
1.007588
0.98148827
0.94643044
0.98347117
0.98804329
0.9476606
0.978382
1.0063086
0.85303294
1.0182239
0.91006631
0.9624412
0.85384517
1.0176499
0.91042595
0.96258856
1.2546022
1.2540216
1.0182458
0.85344735
0.96092253
0.90276993
0.91042952
0.96217418
0.84452485
1.014721
1.2503725
1.2523758
1.3072231
0.87267674
0.94820275
0.94805115
0.87277084
0.81415276
0.81411469
1.2810515
1.1930797
1.2821118
0.87198582
0.94816482
0.87271055
0.94731011
0.81385427
0.81446111
1.1887247
1.2718899
1.2801399
0.96769415
0.85230275
0.96819124
0.85104174
0.96390577
0.96758462
1.8835352
1.8398875
1.8259208
1.836205
1.5532405
2.1852678
1.9600037
1.9318473
1.8327512
1.858292
1.8266036
1.8601866
1.0500099
1.2461912
1.0497372
1.2466817
0.54953701
0.47652469
0.54986222
0.47606689
1.0504352
1.2415813
1.2474772
1.0457817
0.54887328
0.47755213
0.47509049
0.55200528
0.56154765
0.52476617
0.56345198
0.52306632
0.68388919
0.71011644
0.68548892
0.7085822
0.56103952
0.53536595
0.5241697
0.57062957
0.68230851
0.71162946
0.70684409
0.68796134
0.32912796
1.2253099
0.78287627
0.31741549
1.2259712
0.7824568
0.4238646
0.79132386
0.78838232
0.43870652
1.2055055
0.98691208
1.0095868
0.98871725
0.94850671
0.98727229
1.009674
0.98845984
0.94856011
1.3534841
1.3032268
1.297021
1.3530155
1.0089622
0.98286697
0.94675943
0.98492441
0.98805266
0.94780473
0.97977399
1.0076973
1.2564788
1.3109795
1.2558953
1.0183817
0.85499215
0.96118038
0.90425698
0.91088231
0.96231525
0.84620922
1.0162937
1.2522369
1.2542425
1.3088676
0.81783067
0.81779403
1.2841826
1.1937409
1.2844333
0.87495128
0.95124397
0.87567602
0.95038616
0.81752717
0.81812289
1.1927163
1.275073
1.2833095
0.86040561
0.97861655
0.98195854
1.888326
0.8643746
2.0518224
0.86792208
2.1419017
0.86679799
2.1258298
2.8842925
0.86692384
1.9153812
2.6841235
0.86728226
2.1132003
0.86749955
2.0688103
2.9066997
0.86757417
2.1634418
2.9668415
0.86768203
2.1670084
0.86817082
2.1360119
0.86973094
1.8891098
2.1454765
0.8532416
0.85798799
0.86167562
0.86535468
2.1154085
0.85618452
0.86098686
0.86817453
1.9319507
2.1196673
0.85818831
0.85761243
0.86516045
0.86373611
2.1332797
2.9827275
0.86094642
0.86081374
0.86685538
2.1312381
2.1187893
0.85788214
0.857774
0.86371328
0.86327919
2.1320099
2.9892648
0.86085519
0.86135375
0.86689041
2.116496
2.8800553
2.1618346
0.85781101
0.8579118
0.8632606
0.86310826
2.1679724
2.977034
0.8614313
0.8618725
0.8672529
1.8911371
2.6838099
2.0643322
2.9100796
0.85791894
0.8577254
0.86308708
0.86277382
2.0687961
2.914133
0.86191517
0.86208159
0.86749219
2.095563
2.9376211
2.0422131
2.8052302
0.8576886
0.85718477
0.86272114
0.86217914
2.0575775
2.8146908
0.86208572
0.86201329
0.86757788
2.0560634
1.8763371
2.6696475
0.85710723
0.8564083
0.8620985
0.86148326
1.8867826
2.6724749
0.86199023
0.8617906
0.86766556
2.1557478
1.8736208
2.6662919
0.85632184
0.85580991
0.86141844
0.86124534
1.8743393
2.673658
0.86176026
0.8615969
0.86807255
2.1503115
1.7242769
0.85601485
0.85571143
0.86134696
0.86215589
1.7362871
0.86159501
0.86185094
0.86948262
2.1245794
1.8879213
0.85573877
0.85083017
0.86237494
0.85847997
1.8874287
2.6912938
0.86189284
0.85710963
0.86599524
0.80446097
1.0754604
1.0738754
0.81145204
0.59604968
0.51377291
0.48235215
0.61749936
0.7132499
0.70053318
2.1639888
0.78923135
1.2995619
1.2958646
0.8142922
0.9835215
0.93909214
0.94149755
0.98016275
1.0073532
1.0105091
1.6074483
0.86791293
1.6814246
0.80267449
1.0678682
0.80313429
1.0669756
0.60435436
0.48623789
0.60157799
0.48937825
0.70744169
0.70965982
2.158363
2.9667685
0.79560988
1.2992711
0.79370859
1.2977903
0.98438085
0.94209447
0.98404817
0.94246704
1.0100808
1.0098385
1.6856985
0.86739573
1.6852973
0.80242663
1.0673019
0.80247126
1.0637648
0.60253875
0.49005082
0.60447637
0.48804578
0.70952684
0.70824232
1.8122828
0.79198172
1.2956375
0.79235876
1.2926989
1.2255575
1.2261777
0.98456535
0.9429042
0.98466264
0.94293498
1.009719
1.0097224
1.6855979
0.86687545
1.6859578
0.8015887
1.0675314
0.80319596
1.0660722
0.60367102
0.4888302
0.60279695
0.48944023
0.7068844
0.70676725
2.1590775
0.7942178
1.2981026
0.79373405
1.2965086
1.2245353
1.2248685
0.98349827
0.94232361
0.98391773
0.94179286
1.0096631
1.0095683
1.6863737
0.86717699
1.686633
0.80405968
1.0662786
0.80281784
1.0673226
0.60534892
0.49294897
0.60481162
0.49233202
0.70693202
0.70656682
2.1148112
2.9436219
0.79635752
1.2993436
0.79356716
1.2984225
0.98319657
0.9411844
0.98318676
0.94112501
1.0093169
1.0091542
1.6869202
0.86749715
1.6870728
0.80086699
1.0682727
0.8037005
1.0661433
0.60181922
0.4907366
0.60253995
0.48862574
0.70580349
0.70538051
1.9353903
2.732951
0.78960612
1.3000006
0.79693105
1.2963042
1.2232409
1.2235186
0.98314325
0.94116807
0.98315727
0.94124875
1.0088884
1.008726
1.687303
0.86764969
1.6876104
0.80157377
1.0673565
0.80299836
1.0660894
0.60261517
0.48893342
0.60293905
0.48843946
0.70705707
0.70778425
1.8958526
0.7905582
1.2954967
0.79359091
1.2956666
0.98319379
0.94155887
0.98320385
0.94172456
1.0084552
1.008332
1.6882926
0.86770724
1.6889049
0.80209418
1.0667992
0.80289154
1.0659242
0.60413232
0.48975393
0.60354877
0.48941696
0.70880827
0.70918913
1.8678099
2.6669583
0.79244595
1.2993998
0.79776107
1.2983978
1.2251489
0.98291837
0.94185387
0.98307741
0.9417035
1.0082147
1.0081599
1.6907123
0.8679015
1.6919417
0.80229659
1.0663062
0.802545
1.0661651
0.60341577
0.48919423
0.60399415
0.48849325
0.70881158
0.70819902
1.886367
0.79221057
1.2991554
0.79695964
1.2993491
0.98263761
0.94136394
0.98277686
0.94105134
1.0081013
1.0081066
1.6943425
0.86869665
1.6958487
0.80282916
1.0668773
0.80177664
1.0697565
0.59610513
0.48666483
0.60139659
0.48156201
0.70546544
0.70038616
2.1302088
2.9201436
0.78796242
1.2935075
0.7896362
1.2944575
0.98178675
0.94009932
0.98207086
0.93966293
1.0083598
1.0087352
1.6983423
0.87005911
1.6985254
2.1629781
2.9668721
2.1219161
0.8157113
0.58850096
0.77473713
0.78372878
0.57042427
0.57135422
0.78209814
0.65184589
0.48295366
0.45862396
0.66164807
0.80384334
1.0691646
1.0708044
0.80397801
0.65192033
0.46104237
0.45868407
0.65264975
0.63502026
0.76551176
0.75150387
0.65292328
0.59652075
0.48558515
0.48242669
0.59993117
0.63547043
0.75605818
0.7522283
0.63920029
0.7064024
0.70195555
0.85589585
0.85740944
1.6095008
0.86514755
1.6825817
2.6556481
2.815197
0.86569507
1.6858746
1.6864779
2.8235224
2.8227987
1.1870946
1.5579125
1.182731
1.5480198
2.121011
2.9008592
1.1895964
1.5538998
1.1894202
0.69175184
0.71177138
0.81750399
0.58701355
0.77758177
0.78947018
1.2997308
1.2974281
0.79607382
0.69193461
0.69822
0.78556912
0.78511237
0.8038417
1.0755609
1.0734443
0.81144445
0.65105437
0.48221265
0.45753881
0.66144626
0.8032152
1.0695282
1.0703124
0.80446665
0.65111989
0.4608689
0.45765468
0.65283411
0.59532036
0.51290965
0.48133918
0.61666091
0.63442555
0.76525646
0.75122803
0.6521938
0.59593082
0.48553607
0.48156274
0.59987802
0.63500944
0.75613703
0.7520255
0.63892938
1.3112522
0.95747768
0.96127075
1.3180432
0.71299876
0.70019905
1.3132565
0.9619846
0.96155502
1.3143525
0.70635118
0.7016861
0.98943711
0.93792379
0.94468357
0.98580933
0.98363765
0.94195091
0.94156305
0.98394115
0.98956099
0.94465682
0.944811
0.98968574
1.010212
1.0106323
0.85889225
0.86041861
2.652027
2.8135843
0.86849742
1.685959
1.6855256
2.8232091
2.821294
2.1471865
2.9663666
1.5733474
1.552938
1.8547221
0.78622379
0.56828641
0.56780087
0.78596711
0.78351411
0.56915097
0.5660656
0.78750121
0.65194381
0.46140083
0.65213241
0.46375108
0.80211164
1.0680954
1.0663197
0.80331678
0.65152784
0.46493467
0.46396092
0.65231958
0.64310116
0.75713208
0.64038782
0.75958114
0.60421382
0.49087628
0.48906392
0.60517286
0.64349025
0.75981015
0.75998073
0.6434096
0.7099231
0.71001593
0.85799194
0.85795149
1.6851952
0.86444782
1.6834519
2.8226366
2.8209062
0.86425156
1.6815195
1.6829176
2.8181711
2.8200642
1.193242
1.5620009
1.1864072
1.8691982
2.6876681
1.1899227
1.5544275
1.1972906
1.5725608
0.69840825
0.69610261
0.78724091
0.56633845
0.56529262
0.78739127
0.79212711
1.2996607
1.2991961
0.79689725
0.69501282
0.70031515
0.78606889
0.78937211
0.80277378
1.0686488
0.80375071
1.0675129
0.65167945
0.4612692
0.65236917
0.46260135
0.80217461
1.0679469
1.0665747
0.80298903
0.65128989
0.46355588
0.46264662
0.65183515
0.60340625
0.48630075
0.60100649
0.48814202
0.64270176
0.7572343
0.6400578
0.75946617
0.60424523
0.48971981
0.48835202
0.6044246
0.64312943
0.75955779
0.75977988
0.64313933
1.3140442
0.96204655
1.3142755
0.96212487
0.70740756
0.70946762
1.2267657
1.2263462
1.3140434
0.96236724
0.96216295
1.314064
0.70967309
0.70976412
0.989893
0.94462258
0.98973267
0.9445849
0.98447022
0.94284449
0.94256992
0.984648
0.98994509
0.94464882
0.94459674
0.9900606
1.0097292
1.0097989
0.86108782
0.86111179
2.823045
2.8224199
0.86726841
1.6855259
1.6853396
2.8231383
2.8226724
1.8053743
1.5554942
1.5576849
2.0303448
2.8570806
0.7853964
0.56629337
0.5600972
0.7911056
0.78298889
0.56814549
0.55976124
0.79053627
0.65216345
0.46436859
0.65164965
0.46299682
0.80199712
1.0685808
1.0642275
0.80341273
0.65155838
0.46306624
0.46275279
0.65206528
0.64168567
0.7593105
0.64285364
0.75780205
0.60295628
0.48900783
0.48855505
0.60290251
0.64156303
0.75685517
0.75751447
0.6413191
0.70712557
0.70793732
0.8579868
0.85802341
1.6811747
0.86354527
1.680268
2.8176938
2.8164201
0.8634999
1.6795869
1.6800807
2.8158191
2.8162572
1.1870983
1.5558266
1.1839897
2.0406715
1.1881537
1.5532398
1.1787606
1.5487011
0.69477417
0.69635292
0.78773605
0.55735083
0.79330964
0.79122754
1.2982602
1.2910174
0.79569875
0.69432087
0.70066644
0.78528913
0.56522915
0.55706186
0.79269074
0.80233235
1.0672821
0.8022983
1.0637947
0.65198618
0.46297802
0.65130454
0.46226152
0.8019239
1.0685892
1.0643212
0.80319356
0.65139098
0.46247603
0.46200591
0.65172868
0.60285322
0.48913532
0.60394812
0.48807559
0.64156494
0.75912957
0.64269951
0.75785785
0.60279234
0.48855004
0.48808714
0.60212904
0.64144827
0.75718224
0.75764581
0.640985
1.3140505
0.96244425
1.3141162
0.96252621
0.70934505
0.70829214
1.225477
1.225123
1.3140682
0.96213812
0.96248946
1.3139246
0.70744014
0.70806384
0.99002246
0.94467624
0.99007982
0.94472752
0.98446455
0.94247317
0.94286475
0.98405293
0.98995604
0.94468888
0.94473261
0.98966651
1.0096806
1.0097229
0.86134083
0.86145969
2.8232574
2.8237324
0.86691781
1.6863279
1.6860758
2.8237454
2.8237109
2.1509742
1.5492795
1.8388012
2.6628546
0.78481045
0.56625141
0.78579987
0.78436258
0.56950535
0.56582438
0.78725456
0.65096088
0.46317921
0.65234039
0.46399142
0.80135523
1.0668299
1.0654681
0.80372325
0.65069732
0.46631554
0.46433552
0.65294469
0.64206942
0.7566813
0.64129248
0.75695026
0.60412833
0.49226449
0.49017706
0.60475332
0.64247825
0.75701723
0.75715481
0.64305847
0.70690088
0.70683404
0.85821197
0.85820848
1.6795039
0.86332899
1.6791962
2.8158013
2.8153548
0.86329447
1.6788939
1.6791016
2.8148149
2.8150567
1.1919995
1.5606868
1.1859121
1.8449438
2.6628621
1.1912601
1.553624
1.199676
1.5764296
0.69822535
0.69849685
0.78714339
0.78758874
0.79207498
1.3006737
1.2997868
0.79884043
0.69564456
0.70143958
0.78611874
0.56756435
0.56401414
0.78884363
0.80176388
1.0675406
0.80297938
1.06644
0.6510426
0.46265221
0.65201514
0.46371677
0.80165477
1.0672674
1.0659723
0.80394476
0.65090479
0.46581486
0.4640883
0.65308589
0.60320307
0.48851248
0.60216275
0.48936746
0.64195855
0.75707082
0.64102512
0.75745514
0.60366727
0.49168513
0.49000671
0.60460074
0.64231998
0.75798263
0.75764625
0.64306922
1.3133278
0.96196404
1.3137267
0.96135344
0.70725509
0.70723114
1.2245207
1.2241611
1.3132336
0.96060335
0.96114461
1.3127193
0.70737964
0.70728611
0.98925118
0.94467077
0.98957207
0.94455477
0.98338305
0.94126608
0.94162219
0.9832147
0.98915581
0.94434597
0.94450588
0.98897449
1.0093773
1.0095259
0.86194918
0.86205599
2.8236721
2.8239376
0.86724952
1.6869202
1.6867608
2.8243656
2.8242055
2.101062
1.9683029
2.7472228
0.78606925
0.56748866
0.78398589
0.78375014
0.56844051
0.56701236
0.7857769
0.65295015
0.46611033
0.65208999
0.46623916
0.80319134
1.0678353
1.0666173
0.80425437
0.65224312
0.46530053
0.46563842
0.65286056
0.64307657
0.75712943
0.64314538
0.75706025
0.60499871
0.49155442
0.49171129
0.60317311
0.6427906
0.75594872
0.75687821
0.64156118
0.70615793
0.70680625
0.85819983
0.8581522
1.6788882
0.86310406
1.67872
2.8149112
2.8146369
0.86304473
1.6784876
1.6787045
2.8146213
2.8147064
1.1968449
1.5701183
1.1892325
1.9784879
2.7539347
1.1898123
1.1915672
1.5634039
0.69927124
0.69635882
0.78797188
0.56602971
0.78633791
0.79271278
1.3002415
1.2968204
0.79867387
0.69565276
0.70130051
0.78592351
0.56369602
0.78802095
0.80391348
1.0666264
0.80284873
1.0674074
0.6526502
0.4654541
0.65201046
0.4657844
0.80315689
1.0680399
1.0667693
0.80446829
0.65206556
0.46508143
0.46527701
0.65298838
0.60540288
0.4916438
0.60466964
0.4920678
0.64359705
0.75808983
0.64316073
0.75815339
0.60461714
0.49070598
0.4916048
0.60404932
0.64333746
0.75711664
0.75801729
0.64227768
1.3123993
0.9604845
1.3126558
0.96031076
0.70744153
0.7074861
1.2238376
1.223603
1.3123646
0.96038678
0.96030434
1.3122771
0.70673992
0.70740357
0.98888369
0.94429078
0.98893764
0.94413657
0.98320452
0.94117546
0.94113993
0.9831852
0.98887193
0.94395146
0.94409224
0.98881706
1.0089456
1.0091046
0.86231681
0.86238306
2.8242538
2.8244911
0.86755112
1.6872296
1.6871167
2.8244515
2.824416
1.96851
2.7602141
2.136684
2.9798706
0.78309607
0.56859301
0.78645093
0.7850439
0.56326865
0.56437168
0.78411191
0.64961737
0.46465916
0.65213083
0.46311503
0.80178215
1.0670443
1.0672541
0.80229613
0.65033018
0.46342556
0.46327052
0.65118786
0.6401425
0.75550804
0.64095971
0.7553463
0.60204749
0.48882359
0.48879322
0.60270688
0.64030289
0.75662136
0.75559001
0.64111625
0.70671114
0.70562166
0.85783476
0.85774165
1.6783847
0.86263784
1.6779747
2.8143835
2.8137291
0.86254461
1.6772515
1.6778817
2.813188
2.8138175
1.1910949
1.5548318
1.1930428
2.161614
2.9884963
1.1862286
1.1852817
1.5525109
0.69476181
0.70072654
0.78530447
0.78897487
0.79241218
1.2936439
1.2953568
0.78993642
0.69824686
0.69546196
0.78766116
0.78677122
0.80075119
1.0684994
0.8039381
1.0661803
0.64958226
0.46435722
0.6523144
0.46256274
0.80153175
1.066963
1.0672059
0.80188962
0.65015742
0.46263084
0.46257838
0.65080383
0.60173065
0.48991191
0.60332906
0.48858734
0.64025107
0.75664569
0.64163125
0.75580136
0.60186366
0.4880534
0.48864892
0.6025963
0.64036253
0.7569749
0.75597009
0.64119961
1.3122653
0.9604323
1.3122906
0.96060142
0.70637431
0.70576221
1.2239402
1.312297
0.96089244
0.96067682
1.3125768
0.70699791
0.70594812
0.98875359
0.94390621
0.98879431
0.94376186
0.98315981
0.94150259
0.94131244
0.98319785
0.98875057
0.94355703
0.94371709
0.98871552
1.0085057
1.0086771
0.8623763
0.86240764
2.8246673
2.8252366
0.8676839
1.6881061
1.6876968
2.8256189
2.8251225
1.8816672
2.679746
2.1535278
1.5724372
1.5527785
0.7840683
0.565213
0.56304925
0.78681333
0.78693324
0.56557092
0.78499378
0.65097952
0.46363332
0.65190252
0.46310839
0.80244081
1.0660745
1.0667465
0.80191479
0.65182257
0.46353102
0.46340268
0.65167201
0.64155075
0.75697623
0.64141488
0.75722736
0.60284751
0.48931397
0.48870264
0.60325028
0.64173953
0.75852178
0.75742103
0.64226489
0.70862613
0.70799124
0.8571463
0.85702383
1.6769977
0.86195194
1.6761743
2.8127752
2.8122703
0.86184619
1.674497
1.6758307
2.8098768
2.8118559
1.1851556
1.1913261
1.5661947
2.1676948
2.9750084
1.1970292
1.1877209
0.69455333
0.69867247
0.78670285
0.56085378
0.78920568
0.79604956
1.2988123
1.2980002
0.79289827
0.69946126
0.6961542
0.78864055
0.56262817
0.78736882
0.8013739
1.0672621
0.80257163
1.0661507
0.65076889
0.46285755
0.65149191
0.46263794
0.80234562
1.0665803
1.0668329
0.80232907
0.65172531
0.46359148
0.46306303
0.65203325
0.60334031
0.48829663
0.60294763
0.4880636
0.64210831
0.75734045
0.64154863
0.7581979
0.6036313
0.48939454
0.48846281
0.60421916
0.64235462
0.75899484
0.75843977
0.64294745
1.3130631
0.96097054
1.312671
0.961225
0.70736319
0.70824084
1.3131583
0.96152063
0.96132529
1.3134778
0.70905158
0.70848749
0.98865635
0.9435145
0.98870639
0.94339159
0.98319638
0.9418679
0.94179387
0.98311943
0.98865141
0.94327948
0.94336787
0.98857973
1.0082338
1.0083116
0.86221207
0.86222423
2.8259871
2.8263692
0.86774185
1.6903526
1.6892167
2.8286652
2.8267535
1.8614674
2.6588256
1.5739353
2.1528732
1.5545034
0.78506477
0.5671716
0.5651172
0.78754893
0.78847117
0.56691552
0.78596569
0.651969
0.46399785
0.65254241
0.46400618
0.80276512
1.0656896
1.066507
0.80184976
0.65250359
0.46362943
0.46425974
0.65171226
0.64335409
0.75875432
0.64277328
0.75921626
0.60432134
0.48920164
0.48977989
0.60408776
0.64324455
0.75857958
0.75929399
0.64303134
0.70895717
0.70924347
0.85638219
0.85630961
1.6741054
0.8613857
1.6728683
2.8094789
2.808195
0.86135378
1.6712566
1.6724603
2.8059377
2.8076947
1.1899319
1.5530945
1.1970103
1.5731533
2.1670922
2.9654486
1.1976704
1.1896833
0.69541933
0.7007848
0.78679441
0.56511263
0.78979381
0.79682927
1.2988865
1.2987925
0.79270096
0.69957495
0.6955256
0.79021482
0.56232007
0.7882025
0.80200415
1.0672859
0.80329416
1.066067
0.65184268
0.46405085
0.65288844
0.46423935
0.80266115
1.0661258
1.0666469
0.80205534
0.65235996
0.46396694
0.46449604
0.65183087
0.60509559
0.4900321
0.60456167
0.49025341
0.6437765
0.75916589
0.6432327
0.75959045
0.60530336
0.49002389
0.49057335
0.60512996
0.64393904
0.75966176
0.75969557
0.64381785
1.3136549
0.96155822
1.3135271
0.96151611
0.70920795
0.7095634
1.2254904
1.2255125
1.3136354
0.96129616
0.96148342
1.3135658
0.70952837
0.70963605
0.98843396
0.94325965
0.98855308
0.94316844
0.98288786
0.94144097
0.94165563
0.98279984
0.98841292
0.94303909
0.94314437
0.98834148
1.0081084
1.0081535
0.8619741
0.86195981
2.8290677
2.8304741
0.86795965
1.6938936
1.6924237
2.8332805
2.8310691
1.8704261
2.6703277
1.575179
2.1378356
0.78691319
0.56630305
0.56509251
0.78857644
0.78964503
0.56312581
0.56751417
0.78629029
0.65201747
0.46373435
0.65226298
0.46308536
0.80359437
1.0661614
1.0673164
0.80189616
0.65304672
0.46142958
0.46325117
0.65126337
0.6423467
0.75843665
0.64292815
0.7579381
0.60333584
0.48755444
0.48865362
0.60244583
0.64219951
0.75677632
0.75818027
0.6410094
0.70643561
0.70797501
0.85595159
0.85595318
1.6709924
0.86159538
1.6703653
2.8056559
2.804626
0.86172016
1.6706604
1.6703055
2.8048731
2.8044471
1.1901356
1.5542149
1.1984188
2.142841
2.945341
1.1937236
1.5741809
1.18715
0.69521915
0.69958657
0.78868307
0.56404244
0.56250893
0.79050214
0.79599483
1.2960376
1.2976861
0.78859383
0.69930087
0.69214633
0.79175958
0.78823277
0.80237446
1.0667296
0.80274307
1.0664915
0.6520025
0.46406259
0.65237552
0.46285529
0.80363356
1.0663504
1.0676236
0.80175111
0.65298731
0.46088017
0.4630446
0.65102678
0.60432299
0.4900532
0.60506078
0.48833189
0.64305361
0.75956026
0.64371732
0.75902215
0.60419079
0.48646583
0.48892599
0.60255895
0.64287062
0.75727293
0.75877687
0.64126466
1.3133466
0.96123341
1.3134989
0.9609495
0.70940072
0.70876819
1.3132653
0.96038647
0.96083781
1.3132579
0.70690625
0.70847986
0.98821641
0.94301118
0.9883268
0.94289806
0.98256651
0.94032153
0.94092309
0.98219743
0.98816878
0.94278541
0.9428685
0.98793916
1.0082653
1.0081332
0.86192911
0.86200492
2.8337987
2.8358587
0.86890319
1.6978593
1.6963806
2.8380674
2.8365123
2.1288864
2.9147852
1.5514069
1.5538035
2.1610155
0.78831638
0.56322998
0.56546713
0.78469405
0.81726974
0.58537715
0.56927292
0.7774037
0.6510414
0.46055519
0.65084754
0.45765719
0.80339461
1.0748352
1.0728069
0.81066038
0.65096561
0.48221112
0.45748045
0.66097415
0.63497108
0.75581581
0.63998587
0.75115941
0.59505557
0.51264544
0.48128256
0.61470755
0.63388023
0.76296694
0.74999213
0.64972848
0.71079097
0.69861406
0.85509741
0.85357256
1.6710459
0.86262904
1.6708518
2.8054692
2.8037429
0.86205013
1.5927299
1.6668042
2.635291
2.7958413
1.1822067
1.5506283
1.1836532
2.1739545
2.9753799
1.183081
1.5554182
1.1789126
1.5458961
0.69169964
0.69318304
0.79040374
0.56015281
0.56244024
0.78669063
0.78748587
1.2971773
1.2935648
0.81246316
0.69113073
0.71096517
0.81885776
0.77949962
0.80276199
1.0670793
0.80165965
1.0700207
0.65087831
0.46002823
0.65063945
0.45733852
0.80328184
1.0753276
1.073039
0.81086399
0.65076582
0.48212503
0.4571613
0.66106443
0.59618746
0.48556511
0.60149677
0.48138116
0.63524414
0.75633032
0.6402389
0.75171955
0.59514953
0.51272376
0.48108321
0.6142957
0.63417066
0.76352024
0.75056209
0.64971579
1.311839
0.96021878
1.3132638
0.95958539
0.70596044
0.7009125
1.2177784
1.2686802
1.3097769
0.95553326
0.9593178
1.3164119
0.71128232
0.69913521
0.98771665
0.9427942
0.98787552
0.94288569
0.98168662
0.93731666
0.93964375
0.97829519
0.98759343
0.93602788
0.94276506
0.98391392
1.005521
1.0086286
0.86127704
0.85980561
2.838413
2.8372786
0.86950866
1.6215303
1.6946128
2.6692731
2.8298212
2.7940423
2.9169715
2.0909619
2.6562157
0.92474095
0.94874585
0.95091183
0.92169791
0.85517606
0.86495174
2.6121175
2.6328851
1.7218784
2.7530657
0.92649592
0.95390418
0.92661106
0.95384185
0.85856546
0.86769258
2.635635
2.6388183
1.7589182
2.7649646
0.92613968
0.95365106
0.92614375
0.95367062
0.85821395
0.86677989
2.635513
2.6129428
1.7305256
2.781006
0.92632398
0.95389612
0.92630462
0.95392974
0.85858138
0.86697987
2.6551323
2.6485271
1.8387153
2.6593915
0.92641101
0.95402876
0.92641572
0.95403133
0.85904107
0.86732914
2.8315957
2.7201343
2.1019906
2.8603683
0.92630943
0.95392937
0.92633925
0.95390234
0.85938232
0.86752422
2.9346286
2.8274086
2.1371625
2.8101202
0.92599565
0.95358638
0.92604661
0.9535355
0.85964185
0.86759005
2.9681538
2.8595072
2.1629942
2.859632
0.92566669
0.95317113
0.92570283
0.95313205
0.85994849
0.86772302
2.8597286
2.9687184
2.1649194
2.8549036
0.92559382
0.95293401
0.92558007
0.95293314
0.86046724
0.86829977
2.9026985
2.7863606
2.1177174
2.80422
0.92625977
0.95321878
0.92612821
0.95326986
0.86139625
0.86996509
2.9073079
2.7813634
2.0778032
2.6561017
2.8905904
2.7879964
2.1054452
2.8614919
0.96063041
0.98665141
0.98626806
0.96435896
0.96805085
0.9896847
0.9898597
0.96813228
0.92255026
0.94664271
0.9488243
0.9194903
1.1830221
0.85076666
0.9246675
0.95187466
0.951924
0.92453826
0.8579884
1.1913924
0.85275075
0.86229945
0.86559204
0.85617779
2.8739756
2.7665604
2.1147237
2.8665397
0.96249427
0.98856377
0.98816932
0.96622691
0.96990655
0.99158725
0.99176262
0.96998651
1.1854415
0.85351978
0.92686489
0.95397275
0.92674025
0.95401848
0.86101412
1.1938046
0.86842197
0.85864376
2.6458684
2.655621
1.8223334
2.6735917
2.9404267
2.8445057
2.1476768
2.8931827
0.96813055
0.9894953
0.96815798
0.98930529
0.96820601
0.9885876
0.98866006
0.96825502
0.9242945
0.9518137
0.92441475
0.95174739
1.1945877
0.85812966
0.92395603
0.9515345
0.95154681
0.92393446
0.85763098
1.1906183
0.8560473
0.86491762
0.86385771
0.85514169
2.9484335
2.8527211
2.1594985
2.8990572
0.96998805
0.99139958
0.99121202
0.97001271
0.97007965
0.99051065
0.99058078
0.97013045
1.1937285
0.86089552
0.92617351
0.9536509
0.92615882
0.95365726
0.8608453
1.1931147
0.86695994
0.85821595
2.6310991
2.6359027
1.7486848
2.7625784
2.8012254
2.8913474
2.1419992
2.8895696
0.96834925
0.98854424
0.96831347
0.9885159
0.96866426
0.98851841
0.98851781
0.96871958
0.92391082
0.95154041
0.92392304
0.95155311
1.193853
0.85792778
0.92398051
0.9517053
0.95168491
0.92400286
0.85780012
1.1903384
0.85509825
0.86366045
0.86333633
0.85476199
2.8972576
2.8047904
2.1530251
2.8929015
0.970231
0.99047124
0.99044766
0.97019149
0.97057884
0.99048967
0.99048092
0.97064371
1.1930906
0.86092172
0.92625004
0.95387181
0.92628449
0.95384026
0.86133593
1.1930908
0.86688625
0.85852921
2.6075583
2.6328969
1.7187075
2.7795894
2.8769372
2.9740336
2.1604629
2.8743234
0.96879571
0.98852893
0.96876872
0.98854471
0.96896416
0.98857803
0.98859052
0.96897664
0.92403025
0.95173096
0.92402203
0.95175541
1.19035
0.85789236
0.92407819
0.95182467
0.95182806
0.92408286
0.85793181
1.1903121
0.8547382
0.86327448
0.86314577
0.85453333
2.9781552
2.8804907
2.1678312
2.8786173
0.97073329
0.99050779
0.99053002
0.97069996
0.970912
0.99058148
0.99059218
0.97092618
1.1931206
0.86152094
0.92640534
0.95403247
0.92641792
0.95402982
0.86188591
1.1932397
0.86724664
0.85899834
2.6508461
2.6461547
1.8360959
2.6598289
2.8476023
2.7378681
2.0971038
2.837784
0.96897592
0.98857491
0.96899148
0.98857046
0.96891707
0.988457
0.98848943
0.96889936
0.92407164
0.9518257
0.92408329
0.95182283
1.1903193
0.85796371
0.92401433
0.95173007
0.95175771
0.9239973
0.8577886
1.1901647
0.85450278
0.86308914
0.86284107
0.8541451
2.8508127
2.7373503
2.1153459
2.8378247
0.97093427
0.99058255
0.99058189
0.97094534
0.97087607
0.99047623
0.99050763
0.97085908
1.1932611
0.86196762
0.92637368
0.95396023
0.92636451
0.95398217
0.86213378
1.1932683
0.86750746
0.85935299
2.7089516
2.8124189
2.088835
2.8543972
2.6122323
2.6370975
1.721547
2.6999795
0.9688294
0.98842961
0.96887963
0.98839801
0.96852751
0.98805914
0.98813265
0.96845329
0.92393402
0.9517033
0.92397321
0.95166913
1.1901517
0.85768916
0.92370682
0.95134304
0.95141199
0.92365361
0.85729017
1.1898397
0.8540834
0.86269048
0.86227633
0.85348261
2.6391495
2.616523
1.7311907
2.7052483
0.97079303
0.9904519
0.99042389
0.97084114
0.97053696
0.99014641
0.99020573
0.97047785
1.1932714
0.86210044
0.9261326
0.95364509
0.92609644
0.95369703
0.86209449
1.1931583
0.86760653
0.85961771
2.8256245
2.9288982
2.1244891
2.8064829
2.6663028
2.6544882
1.8705371
2.6547636
0.96828112
0.98799236
0.9683779
0.9879277
0.96782082
0.9875102
0.98757996
0.96772818
0.92352316
0.95127592
0.92359437
0.95120534
1.1898069
0.85706943
0.92320031
0.95075887
0.95083318
0.92314577
0.85652816
1.1894536
0.85338651
0.86204293
0.86157216
0.85261852
2.6527479
2.6651553
1.8703743
2.6545269
0.97033925
0.99009637
0.99004906
0.97041978
0.96998414
0.98976186
0.9898094
0.96991412
1.1931498
0.86198004
0.92577323
0.95322255
0.92574222
0.95327239
0.86188174
1.1930337
0.86767914
0.85990941
2.9634203
2.8574829
2.157757
2.8552986
2.6713679
2.6578256
1.873438
2.6550051
0.9675364
0.987456
0.96763945
0.98741425
0.9671326
0.98732519
0.98731798
0.9670648
0.92303428
0.95069356
0.92309225
0.95063254
1.1894373
0.85628708
0.92287114
0.95037031
0.95040053
0.92286664
0.85588873
1.1894538
0.85251801
0.86138809
0.86123891
0.85197303
2.6719999
2.6571103
1.8807596
2.6571515
0.96976785
0.98973027
0.98970939
0.96984879
0.96943457
0.98969667
0.98968336
0.96937223
1.1930382
0.86174603
0.92557019
0.95295217
0.92557631
0.95297264
0.86163166
1.1931376
0.86799713
0.86038402
2.9631934
2.8583733
2.1589563
2.8538594
2.8005366
2.7014138
2.0417559
2.6417712
0.96693542
0.9873574
0.96700478
0.98741297
0.96682719
0.98821435
0.98802266
0.96684992
0.92287606
0.95035392
0.92286966
0.95034775
1.1927516
0.8559986
0.92316898
0.95057204
0.95050588
0.92328422
0.85572257
1.1898988
0.85195885
0.86142191
0.86197261
0.85207381
2.8070077
2.7049654
2.0545574
2.6443477
0.96924796
0.98973332
0.98979112
0.96931565
0.96912999
0.9905814
0.99039494
0.969147
1.193196
0.86161204
0.92589014
0.95315935
0.92600643
0.95309387
0.86184094
1.1938116
0.86925877
0.86129246
2.8985658
2.7849477
2.1173492
2.8015282
2.9048937
2.7785146
2.0767596
2.6558216
0.96678697
0.98841829
0.96685655
0.98860374
0.95960083
0.98563703
0.98519973
0.96340256
0.92354556
0.95064235
0.92341362
0.95069668
1.1899867
0.85574025
0.92153709
0.94560678
0.94774636
0.91850714
0.8481774
1.1815933
0.85215343
0.86259485
0.85908972
0.84839332
2.9101405
2.7802785
2.0884753
2.6535894
0.96906965
0.99077941
0.99095807
0.96914667
0.96184828
0.98795997
0.98751744
0.9656459
1.1939048
0.86187429
0.92423049
0.94816511
0.95029329
0.92121568
0.85444043
1.1855284
0.86656085
0.85809064
1.0531851
0.80304597
1.0676679
1.2494212
1.2505091
1.0689929
0.80128128
1.0546838
0.55979272
0.598689
0.49788677
0.55148907
0.5220568
0.48608631
0.60733701
0.58471611
0.3815922
0.70506052
0.77646948
0.78668135
0.70089494
0.40336762
2.2889495
2.2161724
2.6690527
2.675764
1.8026558
2.8662432
2.1426107
1.0252924
0.78999252
1.0255156
1.2888978
1.2662655
1.2553095
1.2617554
1.2965612
1.2617076
0.79068876
1.0376148
1.0212586
0.97511479
0.98327373
0.97500223
0.9412041
0.95216359
0.9545004
0.95449341
0.94137289
0.95443708
0.98295102
0.97256437
0.97498008
1.0091527
0.83920869
0.82468021
0.83463821
1.009713
0.83526443
1.3465261
1.0186708
0.90930813
0.91146359
1.0190371
0.87334881
0.94779559
0.95076351
0.86934599
0.92610548
0.95341211
0.95239121
0.9268672
0.95247113
1.646417
0.86654364
0.85850321
1.6700176
0.97794685
0.80226136
1.0502027
1.2465038
1.0659563
0.80194421
1.0508148
1.2455509
1.066285
0.60369708
0.56794051
0.52652336
0.48771317
0.60270549
0.56517397
0.52947486
0.48892002
0.29468769
0.78573708
0.70833826
0.3023562
0.78681059
0.70909092
2.2703921
2.1687277
2.8958598
2.78144
2.1315809
2.8494148
2.1954969
0.7936521
1.0295629
1.0282169
1.2635008
1.2984601
1.2610805
0.79044759
1.0283435
1.0253142
1.2637866
1.2996751
1.2634346
0.98428505
0.97599323
0.97587701
0.95497192
0.94223601
0.95513763
0.98417524
0.97558305
0.97573881
0.9554087
0.94236547
0.95528889
1.355093
1.3555323
0.83605509
1.0099834
1.3552982
0.83619303
0.83635612
1.0099077
0.83629324
1.0185472
1.3105626
0.91172956
1.0186455
0.91169348
0.87563292
0.95083742
0.87573325
0.95070822
0.92639942
0.9537242
0.95378292
0.92631868
0.9763127
1.6855172
0.86750866
0.85839087
1.685395
0.97581806
0.8021844
1.0489833
1.2455083
1.0648737
0.80186979
1.0501566
1.2432398
1.0639755
0.60278872
0.56635011
0.52969925
0.48869682
0.60328447
0.56769553
0.52817389
0.48833045
0.30659063
0.78678596
0.70905449
0.2995586
0.78608566
0.70861009
2.132671
2.8639481
2.7518776
2.0411394
2.6309003
2.1959323
0.79116878
1.0244574
1.0238381
1.2606271
1.2949054
1.2588034
0.79032954
1.0261671
1.0240204
1.258187
1.2911569
1.257553
1.2259606
0.98463634
0.97622082
0.97630116
0.95577654
0.94295029
0.95579187
0.98466805
0.97633134
0.97633563
0.95570422
0.94296872
0.95577465
1.3544141
0.8365564
1.0097227
1.3544582
0.83659185
0.83661101
1.0097295
0.8366116
1.0182382
1.3097466
1.309775
0.91169532
1.0182556
0.91172862
0.87534609
0.95016246
0.8753428
0.95014299
0.92614866
0.95371593
0.95369453
0.9261657
0.97563489
1.6857379
0.86679993
0.85835408
1.6858852
0.97585443
0.80181955
1.0490806
1.2456804
1.0651228
0.80199423
1.0505864
1.2442434
1.0653871
0.60323581
0.5671624
0.52838394
0.48830981
0.6029111
0.56613238
0.52937135
0.48885933
0.31114821
0.78462586
0.70674945
0.31259412
0.78384397
0.7067309
2.7797481
2.8928492
2.1171904
2.8439659
2.2110801
0.79375065
1.0275965
1.0270786
1.2617414
1.2967131
1.2592732
0.79095037
1.0270267
1.0242022
1.2618301
1.2979563
1.2617744
1.2245528
1.2246587
0.98364026
0.97502388
0.975189
0.95497954
0.94216397
0.95482576
0.98378725
0.97550404
0.9753558
0.95447198
0.94198659
0.95465318
0.83656189
1.009643
1.3542084
0.83655593
0.8364871
1.0096127
0.83653212
1.0181745
1.3097172
1.3097171
0.91191669
1.0181929
0.91193105
0.87555388
0.95010026
0.87552863
0.95011705
0.92634525
0.95397646
0.95395936
0.92636424
0.9763162
1.6864697
0.86705814
0.85881352
1.6865771
0.97666864
0.80325267
1.0511629
1.2446762
1.0657338
0.80231563
1.0499413
1.2457185
1.0665433
0.60496446
0.56930348
0.53197923
0.49309579
0.60492299
0.56927632
0.53205144
0.49259872
0.30835432
0.78303261
0.70663602
0.30743141
0.78296792
0.70661926
2.167608
2.8383947
2.9474671
2.1491791
2.8457117
2.1633494
0.79522423
1.0297711
1.0288364
1.2622351
1.2993416
1.2615705
0.79198507
1.0273913
1.0262996
1.2636076
1.2976106
1.2628241
1.2240815
0.98319112
0.97469412
0.97468192
0.95402546
0.94114247
0.95401539
0.98318683
0.97467261
0.97467249
0.95404124
0.94113068
0.95402709
1.3538902
0.83630464
1.0092622
1.353842
0.83626175
0.83614665
1.0092107
0.83620895
1.0180343
1.3096268
1.3096495
0.91186427
1.0180574
0.911843
0.87566829
0.95013217
0.87566648
0.9501445
0.92640642
0.95401212
0.95402743
0.92639997
0.97713366
1.6869887
0.86739427
0.85923231
1.6870705
0.97741835
0.79987735
1.0488463
1.2463814
1.0651314
0.80098423
1.0513875
1.2442498
1.0641407
0.6014019
0.56602341
0.52996653
0.48928405
0.60186223
0.56738681
0.52811371
0.48879825
0.31481826
0.78283415
0.7054822
0.31154123
0.78314046
0.7053033
2.1764937
2.1700991
2.6285071
2.6510414
1.763257
2.6904075
2.2802334
0.7882192
1.0237372
1.0226581
1.2647098
1.2989474
1.261586
0.79173418
1.0305656
1.0261913
1.2591854
1.2969127
1.2584809
1.22341
0.98313913
0.97469671
0.97468218
0.95404934
0.94117831
0.95404225
0.98314612
0.97469245
0.97468232
0.95408336
0.94120782
0.95405476
1.353363
1.353471
0.83579965
1.0088364
1.3534234
0.83572514
0.83555877
1.0087849
0.8356459
1.0178631
0.91159479
1.0178998
1.3094785
0.91154758
0.87559102
0.95010819
0.87561462
0.95010775
0.9262779
0.95382098
0.95386764
0.92624359
0.97776497
1.6874328
0.86756752
0.85953384
1.6875641
0.97800078
0.80127291
1.0488154
1.2452812
1.0666146
0.80226472
1.0502736
1.2440363
1.0657415
0.60253196
0.56648609
0.52867056
0.48888129
0.60298241
0.56638537
0.5284705
0.48857723
0.30821975
0.7842858
0.70736517
0.30957074
0.78492123
0.70761778
2.1716655
2.2287066
2.661813
2.6498068
1.8529681
2.666435
0.78966918
1.0240988
1.0235157
1.2607051
1.2941204
1.2598441
0.79275646
1.0265903
1.0258045
1.2590904
1.2961731
1.2588656
0.98320262
0.97490034
0.9748979
0.95433807
0.94161698
0.95438048
0.98321272
0.97486683
0.97489167
0.95443929
0.94167345
0.9544131
1.3529306
0.83521398
1.0084133
1.3529695
0.83516831
0.83506854
1.0083736
0.83512269
1.0175206
0.9111349
1.0175698
1.3091356
1.3090874
0.9110772
0.87530049
0.94994244
0.87534555
0.94992716
0.92594681
0.95342079
0.95348233
0.9258991
0.97828381
1.688502
0.8676275
0.85978788
1.6887152
0.97848596
0.80230645
1.0489695
1.2447033
1.0669116
0.80306195
1.0497252
1.2440577
1.0662442
0.60396459
0.56784909
0.52903825
0.48931622
0.6038209
0.56725591
0.5295569
0.48933034
0.30583216
0.78589383
0.7089667
0.30745929
0.78614241
0.70909726
2.2680238
2.2682104
2.6726805
2.6536528
1.8957155
2.6551185
0.79306498
1.0260884
1.0265973
1.2644384
1.2993266
1.2644264
0.79778663
1.0306138
1.0306431
1.2610926
1.2987065
1.2614903
0.98297448
0.97463621
0.97470523
0.95443688
0.94182448
0.95439443
0.98303755
0.97482016
0.97477455
0.95426091
0.94177394
0.95433268
0.83490747
1.0082011
0.83488641
1.3527285
0.83481177
1.0081843
0.83485787
1.0172687
0.91070391
1.0172962
1.3087911
0.9106572
0.87498778
0.94978367
0.87501978
0.94979022
0.92563601
0.95305116
0.95309412
0.92560995
0.97881338
1.6911148
0.86778965
0.86015006
1.6915467
0.97907044
0.80197164
1.0494656
1.2446566
1.0663088
0.80258173
1.0495608
1.2447742
1.0657767
0.60358363
0.5671396
0.52939225
0.48907313
0.60383486
0.56770572
0.52883996
0.48869386
0.30702265
0.7859097
0.70863983
0.30585386
0.78541361
0.70843359
2.1676074
2.2698724
2.6700169
2.6635845
1.8722708
2.6532166
2.2655064
0.79163993
1.0264333
1.0255599
1.2642487
1.2986778
1.2640027
0.79667059
1.0302208
1.0299731
1.2618649
1.2974181
1.2606681
0.98270425
0.97425288
0.9743399
0.95400211
0.94128294
0.95395277
0.98275682
0.97444009
0.9744059
0.95377836
0.94118181
0.95387961
1.3527772
0.83462736
1.0081028
0.83459329
1.3528285
0.83447535
1.0081057
0.83454705
1.0172836
0.91038119
1.0172621
0.91036534
0.87490952
0.94991066
0.87489551
0.9499725
0.92562086
0.95295247
0.95294055
0.92566242
0.97961124
1.6948451
0.86846666
0.86083345
1.6953743
0.98015786
0.80181773
1.0509574
1.2455679
1.0671086
0.80162047
1.0495833
1.2476209
1.0676948
0.59804977
0.55971609
0.52687815
0.48529791
0.59991412
0.56510288
0.52179668
0.48301671
0.35054898
0.78319743
0.70415559
0.31200356
0.78246071
0.70244168
2.237944
2.2059561
2.6233176
2.6447296
1.7380964
2.8188135
2.221637
0.78635778
1.0235039
1.0219458
1.259509
1.2943308
1.2598705
0.78920397
1.024298
1.0242664
1.2597898
1.2951043
1.2585818
0.98189105
0.97328678
0.97334583
0.95292117
0.93991312
0.95277718
0.9819761
0.97353309
0.97341924
0.95264206
0.93976883
0.95269292
1.3543751
1.3539236
0.8338714
1.0084924
1.3542043
0.83368263
0.83326179
1.0086492
0.83342362
1.0181974
1.3108874
0.9106177
1.0179704
0.91075433
0.87550693
0.95069276
0.87537338
0.95090652
0.92638731
0.95311882
0.95326342
0.92643706
0.98142959
1.6988789
0.87010484
0.86152336
1.699247
0.98271456
2.2075338
2.6739408
2.6658598
1.790596
2.8665825
2.1426612
1.8615339
1.5533982
1.5654013
1.8408137
2.6097733
2.6341441
1.7234571
2.804447
2.2158663
2.2878643
1.8796467
1.5643123
1.577788
1.8498243
0.75909847
0.79014715
0.56976664
0.78641066
0.56918699
0.78564709
0.5500108
0.65108157
0.46997211
0.48348658
0.47665925
0.46100068
0.65232578
0.56027627
1.0519741
0.8027092
1.0675846
1.2475902
1.2485576
1.0683766
0.80284422
1.0517768
0.55053598
0.65147703
0.46034774
0.47912864
0.47734545
0.45942365
0.6518731
0.55208017
0.68190686
0.63729941
0.7589627
0.71886305
0.70671042
0.75303329
0.64472462
0.6968186
0.5602358
0.59778046
0.48471804
0.52582948
0.52230606
0.4835076
0.59867509
0.56383631
0.68239948
0.63671309
0.75487978
0.71076126
0.70724809
0.75357251
0.63798997
0.68593791
0.3456111
0.70517366
0.78519944
0.78484642
0.70368424
0.30648471
1.3536686
1.3542097
1.3459392
1.0102637
0.98820964
0.98938846
1.0088295
1.3556474
1.3551724
1.3554644
1.0123205
0.99100317
0.99095487
1.012232
1.0174205
1.3097442
1.3085165
0.9083128
0.91046697
1.0177864
1.2455409
1.3085574
1.300836
1.2489824
0.96372294
0.98915287
0.96570531
0.98790367
1.0180318
1.3107095
0.91094534
0.91106884
1.0178281
0.96777378
0.98976407
0.96719437
0.98992014
1.2562076
1.3100841
1.3104181
1.2562391
0.8710091
0.9453932
0.94837617
0.86698827
0.92391713
0.95132271
0.95030506
0.92467833
1.2798433
0.81659379
0.80699496
0.85367841
1.1924235
1.2824241
0.92479019
0.95174802
0.95191074
0.92483261
0.8736339
0.94862299
0.94883594
0.87350045
0.85797378
1.1940548
1.2818063
0.81534762
0.8153115
1.2833105
0.95007486
1.6480496
0.86380262
0.85616628
1.6714439
0.97546665
2.7464766
2.7944567
0.86578459
0.85641646
0.97394399
1.6866146
0.97533846
1.6871171
2.8244427
2.8247027
1.863534
1.5527089
1.1804248
1.5663691
1.1898187
1.8402743
2.2174622
2.6155888
2.6386691
1.7321159
2.7952489
2.2015856
2.296961
1.8814684
1.5620762
1.1933623
1.5785307
1.1985397
1.8478656
1.2814034
0.69302434
1.2828593
0.57143801
0.57008127
0.6918194
1.2904178
1.2843299
0.59069643
0.76135574
0.79268785
1.0254915
0.78848212
1.0245633
1.299667
1.265284
1.2638612
1.2619044
1.2990336
1.2613983
0.79297114
1.0305725
1.0282336
1.2812647
0.69066046
1.2804628
0.56799602
0.56729939
0.56765662
0.69519274
1.2823924
1.2817171
0.78821866
0.56613551
0.78808107
1.0529568
0.80262857
1.0675562
1.2498475
1.2504882
1.06873
0.80109286
1.0549703
0.54916947
0.65048519
0.46912344
0.4829299
0.47566225
0.46000077
0.65196239
0.55993918
1.0517332
0.80244802
1.0678796
1.2484136
1.248516
1.0682623
0.80305043
1.052532
0.54967932
0.65096899
0.45989286
0.47862019
0.47631975
0.45863167
0.65177438
0.55195936
0.55897943
0.59792233
0.49696079
0.55052248
0.52107118
0.48507933
0.60654676
0.58384397
0.68145662
0.6366395
0.75867386
0.718469
0.70636751
0.75273167
0.64402887
0.6962741
0.55955843
0.59747828
0.48446037
0.52571976
0.52146707
0.48295249
0.59902158
0.56371749
0.68206228
0.63644485
0.75489196
0.71080385
0.70699949
0.75347818
0.63790011
0.68557996
0.91933531
1.309625
0.91925408
0.95983714
0.9536375
0.9538272
0.95368652
0.96084605
0.95376003
1.3064668
0.92431703
0.91961136
0.38438864
0.70475403
0.77602665
0.786348
0.70054145
0.40336772
1.2267422
0.92051172
1.3140611
0.92102441
0.96189551
0.9535885
0.95376931
0.95384562
0.96174606
0.9538195
1.3143631
0.92136236
0.92139033
0.3478158
0.70507063
0.78495108
0.7844777
0.70350091
0.30864979
0.97994821
0.98907157
0.97942518
0.94184117
0.9838313
0.98680257
0.98885845
0.94396294
0.98825941
0.98845173
0.97510696
0.97821923
0.97515347
0.98374781
0.97523121
0.94180218
0.95481455
0.95467153
0.95449731
0.941671
0.95457119
0.98384258
0.97544408
0.9753228
0.98008803
0.98962184
0.9801174
0.9447161
0.98875301
0.98883007
0.98895836
0.94478403
0.98891423
0.98965503
0.98010097
0.98011271
1.0094487
0.98758797
0.98877015
1.0080238
1.3562672
1.0103656
0.83588801
0.83569101
0.83523204
1.0105369
0.83541698
1.3560845
1.0115042
0.99039627
0.99033347
1.0115205
1.2470524
1.3098421
1.3021308
1.2504921
0.96558905
0.99105587
0.98980775
0.96756753
1.019281
1.3119946
0.91195395
0.91207164
1.019078
0.9696328
0.99166805
0.96905575
0.99182391
1.2577092
1.3113623
1.3116972
1.2577386
1.2820573
0.81923461
0.80967584
0.85663556
1.1949476
1.2846889
0.9269878
0.95384154
0.92702762
0.95400545
0.87598193
0.95100769
0.87585257
0.9512133
0.86099584
1.1965898
1.2840529
0.81798873
0.81794872
1.2855744
2.7434897
2.7922596
0.86860608
0.85871252
0.97659887
1.6862406
0.97783073
1.6864012
2.8233304
2.8232012
2.9494998
2.8428144
2.1541315
2.8609681
2.1758651
1.8409194
1.5763693
1.8757659
1.5581456
2.6628985
2.6516642
1.8785583
2.6652918
2.2589946
2.3108546
1.8743306
1.554281
1.5762415
1.8362806
0.78893324
0.7873508
0.78530685
0.7877469
0.65169922
0.55225359
0.47917108
0.46210675
0.65143037
0.55194393
0.47964861
0.46316571
1.0496159
0.80207314
1.0670386
1.2462583
1.2449608
1.0660436
0.80301122
1.0509922
0.55204821
0.65155008
0.4649044
0.47997828
0.47955188
0.46435085
0.652233
0.5526359
0.6424072
0.68959801
0.7118434
0.75810916
0.64146193
0.68702426
0.71441295
0.75894659
0.56786772
0.60458039
0.49083157
0.53062134
0.5296823
0.48957609
0.60530661
0.56885632
0.68999323
0.64377624
0.7601076
0.71478105
0.71485536
0.7601523
0.64390245
0.68998816
0.29347882
0.71014941
0.7869392
0.78693226
0.71017674
0.29690324
1.3544484
1.3549025
1.3546608
1.0116345
0.99095966
1.0118863
0.99090908
1.3540435
1.3539544
1.0113153
0.99084817
0.99085098
1.0112574
1.0173103
1.3090887
1.3092793
0.91072592
1.0174055
0.91068833
1.2561072
1.3097776
1.2562104
1.3095073
0.9681426
0.98896523
0.9681457
0.98913517
1.0172071
1.3089435
0.91157205
0.91151351
1.0171794
1.3087294
0.96819313
0.98884251
0.96817803
0.98875187
1.2557823
1.308646
1.2557435
0.87327858
0.94845116
0.87338282
0.94831431
0.92419771
0.95162414
0.95168828
0.92411411
1.2823163
0.81539224
0.81542491
0.85806398
1.1944234
1.2815918
0.92399356
0.95158696
0.95156734
0.92404854
0.87298556
0.94779076
0.94785926
0.87296597
0.85788728
1.1943187
1.2801668
0.81530646
0.81535045
1.2814151
0.97359023
1.6845831
0.86467851
0.85561353
1.6840428
0.97281866
2.8220388
2.8215566
0.86407116
0.85548175
0.97216582
1.6819345
0.97261958
1.6824151
2.8186124
2.8192307
1.8511153
1.577854
1.1982486
1.8806811
1.56398
1.1946287
2.1823045
2.6712609
2.6625438
1.8862143
2.6771914
2.2656268
2.3156379
1.8736237
1.5544148
1.1897515
1.5747542
1.1973722
1.8370948
0.69615632
1.2818714
1.2812875
0.56391655
0.69310154
1.2817338
1.2806307
0.79133467
0.5645299
0.7904195
1.0265932
0.79111174
1.0255151
1.2988884
1.2647701
1.2638614
1.26203
1.2984627
1.2610546
0.79572868
1.0305656
1.0294723
1.2809309
0.69423507
1.2806828
0.56597797
0.56340255
0.69881583
1.2826904
1.2820505
0.56481572
0.7879852
0.56263658
0.79033865
0.80187799
1.0507392
1.2476028
1.0658273
0.80190266
1.0517745
1.2463421
1.0658138
0.65119458
0.5517128
0.47868475
0.46166194
0.65121102
0.5518415
0.47881416
0.46217863
1.0500323
0.80180452
1.0668019
1.2464628
1.2455602
1.0658508
0.80261317
1.0509826
0.55154225
0.65111432
0.46349273
0.47919542
0.47875667
0.46293134
0.6516925
0.55202967
0.60282352
0.56698827
0.52665708
0.48706278
0.60200473
0.56477771
0.52857655
0.48781041
0.64189197
0.68937464
0.71190011
0.75818482
0.64106292
0.6866706
0.71426352
0.75893771
0.56729332
0.60455724
0.48972207
0.52949148
0.52879625
0.48869044
0.60464055
0.56797985
0.68972851
0.64334732
0.75982998
0.71448848
0.71462433
0.75990199
0.64337754
0.68964588
1.3140876
0.92153853
0.92151421
0.95342759
0.96208016
0.95326172
1.314178
0.92145985
0.92154019
0.95296003
0.96210827
0.95309256
0.29741811
0.78551214
0.70828438
0.30464314
0.78654239
0.70897622
1.2266777
0.9217389
1.3140397
0.92192145
0.96228947
0.95293052
0.95290405
0.95289786
0.96222103
0.95287703
1.3140359
0.92230282
0.92217458
0.29633331
0.70986468
0.78674158
0.78665877
0.7098936
0.29949721
0.98984435
0.98015982
0.98014139
0.9887043
0.94460183
0.98867148
0.98979101
0.98010698
0.98012408
0.98863164
0.94459605
0.98865249
0.97609885
0.98454412
0.97618659
0.942759
0.95574279
0.95568204
0.95551388
0.94266673
0.95560476
0.98461048
0.97631002
0.97626205
0.98019018
0.98999184
0.98022265
0.94463228
0.98864316
0.98864062
0.98863004
0.94461705
0.98863636
0.99003617
0.98027931
0.9802577
1.010932
0.99034797
1.0110882
0.99031963
1.3546973
1.0097447
0.83652887
0.83650458
0.8364195
1.0097692
0.83647274
1.3546081
1.0106226
0.99025569
0.99026434
1.0105686
1.2576086
1.3110554
1.3107864
1.25771
0.97000495
0.99087729
0.9910451
0.97001079
1.0183604
1.3102273
0.91164149
0.91164317
1.0183259
0.97006395
0.99075724
0.97004635
0.9906696
1.2572882
1.3099263
1.3100077
1.2572537
1.2837306
0.8180345
0.81807206
0.86089456
1.1967984
1.2838549
0.92620925
0.95369223
0.9262601
0.95367563
0.8753629
0.9502029
0.87535011
0.95025932
0.86108
1.1969055
1.2824626
0.8179893
0.81802257
1.2837126
2.8227346
2.8224491
0.86713628
0.85834879
0.97561595
1.6854628
0.97573599
1.6854212
2.8231065
2.8229682
2.1949497
2.8572256
2.7480537
2.0302119
2.6320501
1.8427153
1.5672297
1.8663422
1.5505717
2.6423995
2.6365743
1.7605984
2.7496133
2.2266232
2.3248451
1.8646628
1.5580482
1.5661539
1.843902
0.78946024
0.79062241
0.56536564
0.78827983
0.7915355
0.65191846
0.5525525
0.47964297
0.46377158
0.65142951
0.55216031
0.47965625
0.46323758
1.0489192
0.80068425
1.0653463
1.2465449
1.2434616
1.0635479
0.80135524
1.0512657
0.55201986
0.65041305
0.4627817
0.47908069
0.47922294
0.46257778
0.65067807
0.55209362
0.64198201
0.68810664
0.71427705
0.7587345
0.64223643
0.68913596
0.7128876
0.75820433
0.56669828
0.60299325
0.48902425
0.52877992
0.52839558
0.48887222
0.60296442
0.56674699
0.68791466
0.64147072
0.75708679
0.71214217
0.71264347
0.75729948
0.6414043
0.6875427
0.30801836
0.70740273
0.78489997
0.78579205
0.70767072
0.31178537
1.3537309
1.3538292
1.3537836
1.0111361
0.99091142
1.0112513
0.99092285
1.3536298
1.353596
1.0094791
0.99076448
0.9908288
1.0094895
1.0184302
1.3084745
1.3085085
0.91164238
1.0183691
1.3085538
0.91166767
1.2556978
1.3085852
1.2557337
0.96842282
0.9884786
0.96848418
0.98850238
1.0183137
1.3084589
0.91173644
0.91173425
1.0170919
1.3084091
0.96862174
0.98848767
0.96856616
0.98851253
1.2556821
1.3084286
1.2556802
0.87295363
0.9477445
0.8729578
0.94771197
0.92391591
0.95158596
0.95157389
0.92392561
1.280914
0.81527702
0.8152508
0.85796611
1.1939663
1.2807764
0.92395983
0.95161806
0.95165807
0.9239433
0.87302857
0.94759861
0.94761933
0.87304928
0.8580182
1.1939473
1.2797973
0.81510305
0.81513125
1.2807449
0.97208192
1.6808351
0.86360603
0.85496291
1.6805537
0.97188664
2.8171452
2.8166997
0.86344774
0.85492166
0.97166607
1.6797313
0.9718343
1.6799158
2.8158626
2.8160581
1.8430857
1.5673718
1.1903245
1.8671094
1.5504556
1.1794879
2.1912096
2.6416547
2.645618
1.7707714
2.7524671
2.2282664
2.3259703
1.8649557
1.5576192
1.1889311
1.5658654
1.1890173
1.8442688
0.69388059
1.2787208
1.2785888
0.56350863
0.55975311
0.69356626
1.2813478
1.2795257
0.79173408
0.55750851
0.79289654
1.023777
0.78986073
1.023276
1.2964328
1.263325
1.2606994
1.257471
1.2940586
1.2580006
0.79211257
1.0291256
1.0259523
1.2786059
0.69387246
1.2793133
0.69708083
1.2824235
1.2812025
0.56254508
0.79049666
0.55846137
0.7937357
0.80207658
1.0491033
1.2458246
1.0648751
0.8017533
1.0502741
1.2435658
1.0639704
0.65171074
0.55224706
0.47894754
0.4624705
0.65117438
0.55165665
0.47918635
0.46227492
1.0490793
0.80057568
1.0653998
1.2468348
1.2438406
1.0636128
0.80119489
1.0513192
0.55172554
0.65020356
0.46214044
0.47855325
0.47877125
0.4618895
0.65039911
0.55166286
0.60302983
0.56641218
0.5289694
0.4885671
0.60339736
0.56744741
0.52795656
0.48827734
0.64180916
0.68808115
0.71407673
0.75863709
0.64220444
0.68922412
0.71290045
0.75819016
0.56639361
0.60278328
0.48845102
0.52793053
0.52794007
0.48825179
0.60267496
0.56596987
0.68792015
0.64139719
0.75735392
0.71243253
0.71272794
0.7575032
0.64130935
0.6876885
1.314083
0.92297002
0.92293587
0.95300478
0.96250292
0.95306215
1.3141238
0.92261349
0.92287244
0.95302975
0.96253693
0.95306009
0.30854438
0.78664406
0.70895313
0.30199552
0.78613253
0.70858607
1.2253193
0.92313603
1.3140965
0.92323331
0.96229405
0.95260387
0.95282518
0.95300452
0.962417
0.95294433
1.3140627
0.92299683
0.92326739
0.30968359
0.70766458
0.78513386
0.78589713
0.70786964
0.31252727
0.99006908
0.98029958
0.98032056
0.98865793
0.9447015
0.98867018
0.99008678
0.98030384
0.98032087
0.98866416
0.94472578
0.98867816
0.97610597
0.98433294
0.97595898
0.94261251
0.95512581
0.95527701
0.9555903
0.94275242
0.95544118
0.98419394
0.97565077
0.9758031
0.98026837
0.98986708
0.98022112
0.9447103
0.98853715
0.98858169
0.98864806
0.94472874
0.98862146
0.98976993
0.98010229
0.98016638
1.0104588
0.99031158
1.0104765
0.9903515
1.3543505
1.009696
0.83657498
0.83658977
0.83661126
1.0097139
0.83660399
1.3543291
1.0105025
0.99048498
0.99046432
1.0105249
1.2572057
1.3098648
1.3098181
1.2572452
0.97030745
0.9904202
0.9904384
0.97037449
1.0182188
1.3097361
0.91185313
0.91182726
1.0182194
1.3097377
0.97052782
0.99043582
0.9704635
0.99046836
1.2572249
1.3097283
1.2572278
1.2823856
0.81796774
0.81795399
0.86103847
1.196454
1.2831128
0.92622186
0.95375804
0.92619568
0.95380612
0.87547001
0.9500952
0.87550269
0.95009571
0.86150729
1.1966564
1.2822139
0.81790887
0.81791513
1.283123
2.8234944
2.8236809
0.86693456
0.85841633
0.97621753
1.6862594
0.9759507
1.6861922
2.8238085
2.8237502
2.1666809
2.2102587
2.8855101
2.7765976
2.0955818
2.8434406
1.8455026
1.5757375
1.8782709
1.5601066
2.6587809
2.6847295
1.9050463
2.6632966
2.2878388
2.2852054
1.8643311
1.5544561
1.5707505
1.8358168
0.78835676
0.78718187
0.56533785
0.56950307
0.78411187
0.78579665
0.65151517
0.55172633
0.47946127
0.46329324
0.65183874
0.55253366
0.47912512
0.46355322
1.0488306
0.80250735
1.066953
1.2452141
1.243886
1.0663517
0.80368721
1.0506757
0.55153577
0.65167911
0.46593146
0.48038883
0.4790392
0.46501737
0.65285168
0.55334309
0.64170821
0.68813291
0.71204692
0.75664421
0.64142832
0.68749947
0.71253014
0.75675921
0.56816905
0.60405703
0.49193544
0.53191217
0.53009555
0.4911139
0.60449717
0.56922256
0.68845749
0.642786
0.75692327
0.71287472
0.71280839
0.75729608
0.64286998
0.68872948
0.30984614
0.70685996
0.78311157
0.78360242
0.70688221
0.30757712
1.353383
1.3534823
1.3534299
1.0110638
0.99103569
1.0111828
0.99102006
1.3532409
1.3531759
1.0109755
0.99083437
0.99095555
1.0109343
1.0169776
0.91180106
1.0170026
1.3083891
1.3083805
0.91180458
1.2556711
1.2556886
0.96886619
0.98856535
0.96890913
0.98856754
1.016897
1.3083793
0.91167863
0.91177356
1.0168583
0.96897312
0.98858156
0.96896206
0.98859945
1.2556749
1.3083293
1.3083506
1.2556617
0.87308425
0.94759075
0.87306969
0.9475889
0.92404627
0.95178919
0.95178097
0.92405805
1.2797843
0.81508518
0.8150751
0.85816612
1.1939098
1.2806523
0.92407333
0.95180749
0.95182588
0.92406926
0.87313656
0.94753605
0.94755557
0.8731396
0.85798171
1.1937206
1.2797414
0.81498953
0.8150101
1.2806205
0.97162932
1.6794086
0.86333789
0.85472622
1.6793336
0.97154216
2.8156618
2.8155193
0.86320176
0.8546861
0.97128072
1.678936
0.97148303
1.6790194
2.8146803
2.8147596
1.8456073
1.5751689
1.1955763
1.8786698
1.5595532
1.1914916
2.1792197
2.6591607
2.6872266
1.9124482
2.6617124
2.2907891
2.2886391
1.8651471
1.5546516
1.192435
1.5711542
1.1979637
1.836774
0.69800113
1.2815224
1.2813349
0.56324818
0.69578512
1.2816108
1.280693
0.56405188
0.56123628
0.79052661
0.56274045
0.7891647
1.0261969
0.79403429
1.0277415
1.3014217
1.2656325
1.2661339
1.2616748
1.3000783
1.26269
0.79921305
1.031866
1.0322671
1.2811025
0.69725416
1.2817616
0.70191545
1.2830405
1.2832232
0.56776425
0.78568555
0.5653751
0.78725273
0.8018733
1.0494381
1.2459589
1.0652404
0.80188968
1.0506276
1.2448202
1.0656251
0.65146317
0.55166683
0.47896882
0.46285784
0.65162513
0.55212005
0.47897168
0.46321066
1.0493085
0.80291326
1.0675029
1.2458771
1.2445882
1.0669621
0.80405208
1.0510976
0.55159013
0.65198776
0.46556698
0.48030927
0.47899565
0.4647388
0.65313694
0.55333745
0.60278389
0.56722309
0.52795978
0.48813296
0.60240375
0.56600909
0.52940116
0.48878327
0.64158462
0.68849022
0.71240938
0.75709353
0.64124402
0.6877158
0.71302838
0.75725105
0.5677301
0.60456187
0.49149306
0.53139609
0.5300287
0.49081045
0.6049145
0.56886128
0.68879054
0.64267033
0.75789693
0.7137444
0.71329128
0.75779469
0.64294222
0.68936052
1.3134047
0.92213139
0.92235262
0.95237738
0.96176941
0.95213842
1.3135348
0.92280857
0.92261476
0.95164941
0.96156905
0.95188845
0.31261379
0.78490213
0.70716705
0.31330536
0.78424106
0.70718022
1.2244144
1.2242548
0.92199844
1.3130634
0.92174942
0.96075976
0.95073975
0.95095461
0.95142243
0.9609456
0.9511787
1.3128645
0.9212131
0.92153037
0.31161502
0.70735114
0.78355593
0.78402307
0.70732742
0.30936982
0.98936138
0.97982053
0.97990194
0.98849992
0.94464221
0.98845463
0.98947205
0.98004404
0.97997819
0.98833942
0.94460708
0.98840392
0.97489046
0.98329904
0.9747956
0.94135894
0.9540685
0.95412372
0.95431717
0.94147666
0.95420222
0.98325164
0.9747009
0.9747405
0.9797452
0.9890783
0.97967651
0.9444018
0.98809271
0.98815418
0.98827728
0.94445559
0.98821582
0.98902342
0.97956251
0.97961919
1.0104913
0.9905243
1.0105078
0.99053673
1.3540531
1.0094294
0.8363466
1.3539909
0.83638793
0.83645447
1.0094786
0.83642527
1.0104304
0.9904588
0.9904995
1.0103941
1.2572267
1.3097152
1.3097118
1.2572426
0.9708065
0.99055965
0.99055743
0.97085321
1.0181247
1.3097224
0.91191629
0.91192973
1.0181116
1.3096895
0.97091953
0.99057835
0.9709067
0.99059907
1.2572448
1.3097033
1.257235
1.282216
0.81791187
0.81792196
0.86164831
1.1965854
1.2831002
0.92639672
0.95400194
0.92638588
0.95402473
0.87565114
0.95012938
0.87566274
0.95013199
0.86208346
1.1968028
1.2822649
0.81794304
0.81794276
1.2831385
2.823734
2.8238245
0.86728519
0.85888811
0.97705079
1.6869065
0.97678704
1.6868759
2.8245156
2.8244697
2.2558727
2.1665284
2.9398669
2.8352031
2.1355123
2.840876
2.1635545
1.8366865
1.5753506
1.8740783
1.5534965
2.6143999
2.6408961
1.7318236
2.6733854
2.2679106
1.88051
1.5591694
1.5777551
1.8434425
0.7869804
0.78507544
0.56885773
0.56651573
0.78836807
0.78948156
0.65237569
0.55309212
0.47996376
0.46607796
0.65165129
0.55269194
0.48007502
0.4662717
1.0503787
0.80163624
1.0648312
1.2462393
1.2450866
1.06436
0.80230685
1.0515781
0.55260496
0.65124512
0.46537513
0.47960494
0.47977405
0.46524744
0.65176853
0.55275217
0.64319585
0.68867924
0.71297027
0.75719315
0.64320685
0.68881876
0.71282438
0.75717952
0.56887445
0.60404065
0.49169955
0.53056934
0.53153531
0.49122028
0.603655
0.56760462
0.6884385
0.64241446
0.75633483
0.71160074
0.71261406
0.75664188
0.64204873
0.68735636
0.30844334
0.70646056
0.7828689
0.78295951
0.70668289
0.31028533
1.3530765
1.3530314
1.0107436
0.9908229
1.0108912
0.99077421
1.3528366
1.352791
1.0105985
0.99059729
0.99064597
1.0105562
1.0167972
0.91170915
1.0168158
1.3083201
1.3083065
0.91169207
1.2556373
1.2556688
0.96898977
0.98853383
0.96897843
0.98856498
1.018001
1.308231
0.91158536
0.91161921
1.0179853
0.9689549
0.98852148
0.96897941
0.9885169
1.2555261
1.308156
1.3081991
1.2555018
0.87313599
0.94752951
0.87314103
0.94752739
0.92406593
0.95179714
0.95181844
0.92405583
1.2797311
0.8149819
0.81497963
0.85819666
1.1938366
1.2805835
0.92402934
0.95178662
0.95177894
0.92404562
0.87308176
0.94745066
0.94747757
0.873061
0.85788172
1.1936289
1.2796284
0.81491279
0.81493223
1.2805412
0.97122425
1.6788396
0.86313453
0.85443949
1.6788006
0.97104313
2.8147894
2.8146395
0.86292526
0.85437718
0.97060929
1.6786008
0.97095096
1.6786849
2.8147803
2.8147767
1.8373445
1.5755633
1.1989251
1.8751423
1.5533489
1.1883714
2.6431808
2.6187623
1.7483385
2.6782733
2.1788048
2.2666681
1.8812402
1.5596158
1.1924823
1.5776183
1.198918
1.8450338
0.69814066
1.2819338
1.2816492
0.56522953
0.69479269
1.2814488
1.2808376
0.56574773
0.56440879
0.78927479
0.78754676
1.0264355
0.7910628
1.0254342
1.2989685
1.2655924
1.2630705
1.2608756
1.2987136
1.2608071
0.79482162
1.0319059
1.0286281
1.2807198
0.69369127
1.2801408
0.56537113
0.69738441
1.2824758
1.2812615
0.56332074
0.79057711
0.56203987
0.7916833
0.80298297
1.0512609
1.2452491
1.0658399
0.80210677
1.050237
1.2460591
1.0665463
0.6519814
0.55263042
0.4797171
0.46541816
0.65133413
0.55248698
0.47952072
0.46580757
1.0505472
0.80169472
1.065004
1.2467083
1.2454798
1.0645345
0.80245233
1.0518889
0.55223983
0.65118615
0.46512217
0.47933007
0.47927226
0.46496138
0.65181707
0.55268277
0.60544382
0.56922937
0.53149516
0.49184861
0.60480142
0.56897812
0.53181771
0.49248316
0.6436454
0.68948061
0.71383898
0.75818409
0.64327231
0.68944579
0.71383209
0.75822315
0.56894864
0.60431352
0.49111953
0.53020734
0.53148412
0.49129174
0.6044624
0.56812079
0.6892871
0.64305874
0.75752012
0.7126755
0.71366188
0.75781605
0.64276721
0.68827582
1.3124864
0.920882
0.92100613
0.95061927
0.96040002
0.95054322
1.3125908
0.92116201
0.92114974
0.95041072
0.96034977
0.9504667
0.30870267
0.78346053
0.70750535
0.30882029
0.78337204
0.70753306
1.2237858
1.2236953
0.92092968
1.3123349
0.92095996
0.96034969
0.95051455
0.95048556
0.95041064
0.96032255
0.95043622
1.3123002
0.92098312
0.92104471
0.30867757
0.70705279
0.78320722
0.78332628
0.70727163
0.31052084
0.98889812
0.97941159
0.97944237
0.98803858
0.94423605
0.98798958
0.98891411
0.97951407
0.97947444
0.98790734
0.94418908
0.98795041
0.9747124
0.98320616
0.97472547
0.94116947
0.95407276
0.95408328
0.95406172
0.9411567
0.9540781
0.98320462
0.97471733
0.97473147
0.97938466
0.98885715
0.97935646
0.94400036
0.98774936
0.98779155
0.98786983
0.94404836
0.98783236
0.98884216
0.97929655
0.97932967
1.0101936
0.99034612
1.0102544
0.99031169
1.3536211
1.0089983
0.83587723
1.3535673
0.83595759
0.83609019
1.0090522
0.8360307
1.0100317
0.99010706
0.99016862
1.0099826
1.2572149
1.3096822
1.3096693
1.2572464
0.97095025
0.99054956
0.99057863
0.97094125
1.0179825
1.3096033
0.91171769
0.91175466
1.0179695
0.97091481
0.99053759
0.97094076
0.99053423
1.2571127
1.3095336
1.3095581
1.2570916
1.2822688
0.81795515
0.81797011
0.86205586
1.1966843
1.2831347
0.92638588
0.95400602
0.92639719
0.95400134
0.87564669
0.95011589
0.87563493
0.95012675
0.86237053
1.1968846
1.2822525
0.81799003
0.81799125
1.2831618
2.8243592
2.8245054
0.86756681
0.85928972
0.97769525
1.6871672
0.97750402
1.687156
2.8243084
2.8243336
2.1813207
2.1660631
2.6194764
2.646889
1.7295277
2.7046531
2.2776859
1.8817116
1.5689991
1.8571205
1.5791566
2.3054291
2.9049313
2.8047238
2.1198011
2.8792423
2.1627515
1.8406941
1.5725724
1.5546804
1.8755157
0.78788229
0.56539483
0.78970343
0.56168568
0.56187928
0.78797636
0.78657805
0.64906431
0.5499914
0.47892767
0.46375632
0.65006352
0.55202374
0.47725264
0.46309944
1.0497393
0.8010939
1.065185
1.2449658
1.2451073
1.0657245
0.80086342
1.0497772
0.55043981
0.65007814
0.46321511
0.47834992
0.47752797
0.46324352
0.65008182
0.55130894
0.64018277
0.68622923
0.71111947
0.75509308
0.64036548
0.68682209
0.71074349
0.75486234
0.56617451
0.60221447
0.4887893
0.52856187
0.52831392
0.48889386
0.60242543
0.56621217
0.68639358
0.64053934
0.75626186
0.71188287
0.71092398
0.75591292
0.64082207
0.68730986
0.31443283
0.7063391
0.78404059
0.78336553
0.70596518
0.31048452
1.3526726
1.0103312
0.99045576
1.0104946
0.99038164
1.3524383
1.3523815
1.0101307
0.9901142
0.9901857
1.0100701
1.0166262
0.91145475
1.016662
1.3081255
0.91140179
1.2554396
1.2554914
1.3080907
0.96880041
0.98829289
0.96874283
0.98835955
1.0176757
1.3079305
0.91115133
0.91123198
1.0164992
0.96861682
0.98824237
0.96869344
0.98819862
1.2551842
1.3077459
1.3078137
1.2551246
0.87300299
0.94743335
0.87303636
0.94741737
0.92389747
0.95157115
0.95162966
0.92385436
1.2796035
0.81490128
0.81489064
0.85787684
1.1936004
1.2803992
0.92375758
0.95152129
0.9514734
0.92380938
0.87278008
0.94720239
0.94725586
0.87272397
0.85742659
1.1933688
1.2793522
0.81468418
0.81473357
1.280334
0.97049131
1.6782495
0.86270213
0.85391886
1.6781315
0.97012616
2.8140979
2.8138278
0.8623921
0.85382116
0.96944619
1.6775307
0.96997371
1.6777592
2.813638
2.8138605
1.8824256
1.56773
1.196022
1.8563071
1.5789529
1.1983174
2.9147983
2.8101366
2.1315525
2.8820627
2.1724948
2.1651236
1.8406778
1.5713248
1.1913471
1.5535753
1.184294
1.8752835
0.69263107
1.2796475
1.2791991
0.56556704
0.69630184
1.2827018
1.2812065
0.55854926
0.55816924
0.56222309
0.79007099
0.79199801
1.0259956
0.79002638
1.023588
1.2939218
1.2580234
1.2568067
1.2604948
1.2934072
1.2582749
0.78746964
1.0233192
1.0213647
1.2808034
0.6959424
1.2800413
0.55886136
0.56027284
0.55889547
0.69318261
1.2798766
1.2791803
0.55748921
0.79060115
0.78923342
0.79993864
1.0488365
1.2468724
1.0653842
0.80118358
1.0517112
1.2445109
1.0643198
0.64917569
0.54987976
0.47872055
0.46339491
0.65025879
0.55202615
0.47695382
0.46271922
1.0496121
0.8007629
1.0651082
1.2450727
1.2452702
1.0656517
0.80048643
1.0495628
0.55020003
0.64980531
0.46247254
0.47775745
0.47711728
0.46248826
0.64974224
0.5508621
0.60193623
0.56558844
0.52941038
0.48895573
0.60252593
0.5673873
0.52763856
0.48871699
0.64044634
0.68655372
0.71216373
0.75618631
0.64095564
0.68770817
0.71118081
0.75587924
0.56575362
0.6020601
0.48846448
0.52779544
0.52790247
0.48870477
0.60228859
0.56627707
0.68665605
0.64059577
0.7566124
0.71223459
0.71130011
0.75627021
0.64088188
0.68755712
1.312283
0.92123629
0.92125621
0.95059392
0.96048329
0.95068064
1.3123011
0.92112209
0.92126442
0.95079909
0.96054336
0.95073869
0.31533521
0.78317098
0.70602136
0.31186849
0.78337175
0.70579441
1.2234822
0.92136891
1.3123843
0.9214939
0.96082527
0.95119579
0.95112353
0.95090003
0.96075645
0.95101053
1.3124926
0.92164345
0.92166261
0.31491847
0.70662542
0.78417675
0.78355419
0.70626427
0.31074043
0.98876315
0.97919281
0.97921769
0.98771468
0.94385912
0.98768127
0.98877691
0.97926791
0.97924226
0.98761477
0.94381574
0.98765218
0.97472948
0.98317294
0.97476483
0.94143899
0.95429011
0.95423588
0.95413104
0.9413773
0.9541835
0.9831887
0.97483791
0.97480365
0.97917265
0.98874188
0.97914639
0.94361232
0.98745417
0.98750096
0.98758284
0.94366943
0.98754642
0.98873207
0.9790821
0.97911778
1.0097252
0.98993487
1.0098027
0.98987942
1.3531784
1.0085605
1.3530647
0.83527409
1.3531245
0.83534356
0.83548411
1.0086215
0.83541571
1.0095219
0.98960513
0.98968102
1.0094644
1.2570391
1.3095077
1.2570845
0.97077113
0.9903333
0.99039235
0.97072066
1.0177455
1.3093385
0.91131658
0.91137885
1.0177065
0.97061378
0.99029196
0.97067981
0.9902596
1.2568218
1.3091889
1.3092414
1.2567755
1.2822423
0.81799665
0.81800318
0.86215146
1.1966376
1.2830591
0.92617257
0.95378294
0.92621223
0.95374673
0.87542926
0.94996855
0.87539049
0.9499992
0.86236204
1.1968193
1.2821079
0.81791181
0.81793538
1.2830678
2.824925
2.8251729
0.86768156
0.85957916
0.97822496
1.6879164
0.97806846
1.6878001
2.8252101
2.8250386
2.1712365
2.2416333
2.6596583
2.6488873
1.846268
2.663052
2.2272126
1.8707168
1.5493325
1.8336517
1.5717335
2.2788015
2.9613456
2.8560412
2.1569067
2.8658374
2.1661388
1.8354439
1.5731952
1.5531772
1.8706445
0.78519737
0.78729553
0.56297416
0.56442516
0.78711645
0.78530509
0.65067933
0.55150844
0.47881874
0.46343357
0.65142693
0.55189057
0.47890237
0.46300739
1.0495259
0.80234716
1.0659019
1.2440286
1.2446008
1.0665312
0.80166716
1.0488775
0.55220104
0.65188627
0.46327296
0.47986567
0.47945751
0.4634005
0.65141007
0.55236928
0.64163309
0.68787677
0.71223791
0.75728455
0.64160854
0.68764395
0.71255633
0.75750882
0.56673033
0.60297961
0.48851575
0.52869911
0.52871824
0.48877037
0.6030658
0.56694658
0.68805509
0.64190035
0.75781798
0.71383328
0.71275744
0.75761573
0.6420409
0.68902287
0.30814144
0.70838037
0.78572104
0.78514219
0.70818931
0.30763908
1.3522088
1.0097991
0.98991439
1.0099615
0.989831
1.352009
1.3519716
1.0096215
0.98957003
0.98962468
1.0096704
1.0174775
1.3075705
0.9109359
1.016334
1.3076757
0.91086865
1.2550003
1.2550778
1.3076152
0.96821756
0.98777547
0.96812491
0.98786387
1.0173891
1.3074366
1.3073828
0.91056312
0.91063535
1.0173534
0.96793281
0.98770634
0.96804058
0.98765021
1.254716
1.3073186
1.3073701
1.2546622
0.87260042
0.94715838
0.87266511
0.94711883
0.92345791
0.95104817
0.95113423
0.92339031
1.2793063
0.81464183
0.81460482
0.85722096
1.1932094
1.2800621
0.92325898
0.95097408
0.95090721
0.92332513
0.87228402
0.94686256
0.94690842
0.87222651
0.85668412
1.1929713
1.2790368
0.81435339
0.81439597
1.2799931
0.96927177
1.6767455
0.86203313
0.85313031
1.6765089
0.96877268
2.8125912
2.8124996
0.86168715
0.85300649
0.96796662
1.674956
0.9685759
1.6754299
2.810515
2.8112516
1.8716405
1.5488108
1.1826213
1.8342583
1.5713317
1.193764
2.2823803
2.9676527
2.859197
2.1631489
2.871667
2.1681047
2.1650408
1.8360058
1.5740157
1.1976844
1.5529498
1.1886758
1.8725651
0.69396551
1.2799059
1.2796962
0.69754553
1.2809837
1.2806742
0.55946785
0.55903222
0.56051417
0.78792612
0.7899167
1.0290663
0.79607865
1.0291036
1.2987966
1.2614306
1.2611361
1.2631221
1.2982298
1.2631755
0.79229097
1.0264259
1.0259555
1.2814838
0.69938175
1.2816627
0.56225801
0.56294945
0.69560557
1.28106
1.2807797
0.56192685
0.78918874
0.78763462
0.80092163
1.0488187
1.2453834
1.0664575
0.80182722
1.0500525
1.2443233
1.0656473
0.65034375
0.55123904
0.47823094
0.46274923
0.6510168
0.55142857
0.47850719
0.46242622
1.0496084
0.80236925
1.0661802
1.2447735
1.2449378
1.066657
0.80188559
1.0494271
0.55204436
0.65191955
0.46323178
0.47991817
0.47917433
0.46321232
0.65162194
0.5525976
0.60316601
0.56643071
0.52812535
0.48831412
0.60312082
0.56663053
0.52813567
0.48809981
0.64193115
0.68861529
0.71259468
0.7576662
0.64179408
0.68790527
0.71343339
0.75794819
0.56712166
0.60382415
0.48853688
0.52919005
0.52845209
0.4886657
0.60396432
0.56773855
0.68883964
0.64254996
0.75882645
0.71428774
0.71367376
0.75864896
0.64272414
0.68945175
1.3129515
0.92218582
0.9221172
0.95131859
0.96105304
0.95146004
1.3128057
0.92180954
0.92202015
0.95169859
0.96114239
0.95158099
0.30849318
0.78443368
0.70769157
0.3097258
0.7851869
0.70798207
1.2248417
0.92235931
1.3132735
0.92249055
0.96147792
0.95214293
0.9520931
0.95184351
0.96141754
0.95197754
1.3134022
0.92258107
0.92264995
0.30859258
0.70888738
0.7860794
0.78545742
0.70870433
0.30867268
0.98867406
0.97897161
0.97899902
0.98742189
0.94347217
0.98739084
0.98869496
0.97905639
0.97903038
0.987332
0.94343553
0.98736361
0.97491264
0.98318253
0.97490913
0.94186174
0.95446592
0.95448279
0.9544739
0.94184294
0.95449102
0.98315867
0.97485926
0.97489135
0.97895936
0.98863666
0.97894276
0.94331183
0.98724773
0.98727594
0.98731694
0.94334537
0.98730144
0.98861464
0.97889007
0.97892218
1.0092254
0.98941476
1.009283
0.98936805
1.0082573
0.8349383
0.83497355
0.83503302
1.0082877
0.83500651
1.3527927
1.0091035
0.98916391
0.98921857
1.0090794
1.2566829
1.2567445
0.97029696
0.98993928
0.99000647
0.97022492
1.0174044
1.3089411
0.910853
0.91090761
1.0173775
0.97007649
0.98989199
0.97016176
0.98985845
1.2564647
1.308825
1.3088615
1.2564287
1.2820844
0.81789675
0.81788611
0.86200807
1.1964939
1.2828834
0.92581308
0.95337013
0.92585784
0.95332547
0.87509024
0.94979224
0.87505565
0.94981011
0.86216216
1.1966743
1.2819682
0.81778885
0.8178024
1.2828938
2.8261271
2.8261862
0.86774425
0.85983822
0.97874704
1.6899597
0.97855915
1.6895901
2.8280343
2.8273287
2.1683853
2.2674696
2.6540691
2.6743533
1.8761136
2.6509505
2.2647199
1.867768
1.5532853
1.835086
1.5718436
2.2591825
2.9604321
2.8525382
2.1549269
2.8492237
2.1694986
2.1698531
1.8344009
1.5720624
1.5529972
1.8686997
0.78496095
0.78690267
0.56551056
0.56477146
0.78805428
0.78590761
0.6521096
0.55270132
0.48034803
0.46410645
0.65271483
0.55302566
0.48022206
0.46385243
1.0496169
0.80280814
1.065838
1.2440589
1.2446044
1.0666024
0.80198343
1.0488789
0.55305325
0.65249978
0.46373909
0.47990711
0.48042938
0.46412861
0.65182022
0.55241978
0.64322848
0.68987594
0.71408927
0.75893958
0.64306407
0.68932254
0.71459806
0.7590964
0.5680912
0.60432339
0.48943504
0.52945672
0.52987841
0.48982925
0.60419461
0.56778777
0.68995077
0.64323242
0.75915242
0.71397082
0.71466774
0.75929445
0.64313488
0.68935475
0.30553523
0.70912697
0.78599696
0.78618539
0.70922612
0.30538306
1.3518859
1.3518602
1.0094813
0.98937505
1.0095256
0.98931712
1.3517938
1.351808
1.3518022
1.0093924
0.98907563
0.98913782
1.0093793
1.0171828
1.3071701
1.3071961
0.91035078
1.0172229
0.91028309
1.2545631
1.3072648
1.254625
1.3072255
0.96747309
0.98733777
0.96738882
0.98738334
1.0171084
1.307153
1.3071552
0.91004149
0.91009624
1.0170999
0.96722526
0.98731851
0.96731599
0.98732125
1.2544458
1.3071949
1.30717
1.2544457
0.87212046
0.94683196
0.87217288
0.94681307
0.92298875
0.95051585
0.95057838
0.92294727
1.2790406
0.81432194
0.81430359
0.85644027
1.1929162
1.2798735
0.92288554
0.95046973
0.95043598
0.92291376
0.87195076
0.94681465
0.94680265
0.87193933
0.85619878
1.1929081
1.2791339
0.81426433
0.81426204
1.279885
0.96779197
1.6737097
0.86141597
0.85229856
1.6733209
0.96734785
2.8091321
2.8086743
0.86131816
0.85221412
0.9668063
1.6716186
0.96719985
1.6720467
2.8063886
2.8070448
1.8690767
1.5530419
1.1898443
1.8350807
1.5720841
1.1969051
2.2602602
2.9662751
2.855885
2.1605315
2.8531267
2.1699372
2.1694592
1.8350024
1.5723147
1.1966317
1.5525725
1.189064
1.8701052
0.69609091
1.280831
1.281107
0.70073054
1.2824952
1.2824965
0.56237284
0.56296902
0.5652259
0.78692938
0.78901665
1.0299236
0.79708282
1.0301531
1.2984118
1.2615737
1.2613179
1.2638626
1.2986971
1.2639957
0.7926637
1.0265064
1.026365
1.2819808
0.6998058
1.2820558
0.56237316
0.56416042
0.695527
1.280884
1.2808496
0.78993786
0.56432575
0.78796837
0.80234608
1.049108
1.2454391
1.0672355
0.80328577
1.0502685
1.2444602
1.0664767
0.65210952
0.55253907
0.48039932
0.46421333
0.65290044
0.55324267
0.47999004
0.46420462
1.0497465
0.80280189
1.066189
1.2447193
1.2450006
1.0668527
0.80210164
1.0492976
0.55287216
0.65243607
0.4640643
0.47979151
0.48017745
0.46441898
0.65186612
0.5524331
0.6049157
0.56862794
0.52968793
0.49030977
0.60477663
0.56813393
0.53007449
0.49027314
0.6436111
0.69022068
0.7144898
0.75932478
0.64345624
0.68968932
0.71497448
0.75946661
0.56888077
0.60533658
0.49026895
0.5299547
0.53040212
0.49063377
0.60522274
0.56861252
0.69034682
0.64398118
0.75973057
0.71499656
0.71507985
0.75974715
0.64391614
0.69026174
1.3136436
0.92241083
0.92257609
0.95221274
0.96156936
0.95225894
1.3135861
0.92264143
0.92268613
0.95221474
0.96155848
0.95225048
0.30694794
0.78625618
0.70934698
0.30860653
0.78650097
0.70946703
1.2255137
0.92233365
1.3136218
0.92220359
0.96137013
0.95206924
0.95214119
0.95219898
0.96144038
0.95217307
1.3136155
0.92180314
0.92210609
0.30654691
0.7096193
0.78644405
0.78654985
0.70965881
0.30625865
0.98847527
0.97876584
0.97880279
0.98723457
0.94323481
0.98721805
0.98852143
0.97886819
0.97884146
0.98717095
0.94320882
0.98719914
0.97459242
0.98285622
0.97454961
0.94151497
0.95404664
0.95409607
0.95420999
0.9415944
0.95415697
0.98282944
0.9744719
0.97450979
0.97874587
0.98839049
0.9787241
0.94307885
0.98709299
0.98711951
0.9871579
0.94311832
0.98714372
0.98836907
0.97866924
0.97870128
1.0089781
0.98903645
1.0090029
0.98900534
1.3527168
1.0081215
0.83466832
0.83471178
0.83477904
1.0081414
0.83475003
1.352731
1.0089424
0.98882605
0.98887845
1.0089465
1.2563666
1.3087691
1.2564111
0.96972514
0.98966803
0.98969785
0.96965648
1.0172256
1.308755
0.91047343
0.91051695
1.0172282
0.96951949
0.98966276
0.96959766
0.98967798
1.2563115
1.3088096
1.3087767
1.2563176
1.2819662
0.81778769
0.81779509
0.86177167
1.196438
1.2828674
0.92557716
0.95302084
0.92559328
0.95299946
0.87489179
0.94986851
0.87489143
0.9498405
0.86170838
1.1964614
1.2821913
0.81786509
0.81784599
1.2829288
2.8294339
2.8299379
0.86795399
0.86021244
0.97947888
1.693413
0.97916419
1.6929365
2.8326341
2.8318354
2.2696938
2.6619731
2.6682282
1.8564702
2.651864
2.2654657
1.868727
1.5534237
1.8354221
1.5713531
2.9308049
2.8436717
2.0844013
2.8400439
2.1668603
2.180641
1.8392882
1.5606794
1.5554241
1.8495963
0.78710533
0.78897168
0.56424094
0.56543114
0.78672397
0.56796888
0.78542534
0.65176529
0.55244255
0.48007118
0.46352991
0.65227457
0.55275923
0.47968295
0.46306327
1.0507088
0.80420281
1.067763
1.2450813
1.2458974
1.0680511
0.80334978
1.0493991
0.55305709
0.65341259
0.4622528
0.47810682
0.47996107
0.46298132
0.65251457
0.55121031
0.64253283
0.68866162
0.71383014
0.75828666
0.64275862
0.68923286
0.71322172
0.75811259
0.5671487
0.60310952
0.48774279
0.52777348
0.52897063
0.48850288
0.60307932
0.56607923
0.68847074
0.64214026
0.7574682
0.71188011
0.7129846
0.75793899
0.64173324
0.68737486
0.30747074
0.70713798
0.78386432
0.78519714
0.70763744
0.30951263
1.3519441
1.3518312
1.3518793
1.0094227
0.98894062
1.0093914
0.98891676
1.3522767
1.3526845
1.3524656
1.0096607
0.98889761
0.98889281
1.0097914
1.0171417
1.3075017
1.3073906
0.90992941
1.0171197
0.90990955
1.2544699
1.3072338
1.2544675
1.3073004
0.9669101
0.98756974
0.96687205
0.98749121
1.0172938
1.3076412
0.90993936
0.90991171
1.0173837
0.9668362
0.98769009
0.96685483
0.98785139
1.2547629
1.3083468
1.3080643
1.2548536
0.87194485
0.94684659
0.87193802
0.94689559
0.92290257
0.95036281
0.95035526
0.92294238
1.2800323
0.81428129
0.81430283
0.85597848
1.1931041
1.2803956
0.92307234
0.95039449
0.95044746
0.92299954
0.87218345
0.94743203
0.94730556
0.87228003
0.8559334
1.1931769
1.280388
0.81425699
0.81429942
1.2805593
0.96673823
1.6707492
0.86150377
0.85194527
1.6705556
0.96665535
2.8053316
2.8049428
0.86186263
0.85196497
0.96703347
1.6704336
0.96668294
1.6703363
2.8045175
2.8044
1.8691995
1.5530728
1.1890679
1.835764
1.5710757
1.1948649
2.2569672
2.9348898
2.8453349
2.0961567
2.8416689
2.1677693
2.1811233
1.839661
1.5596756
1.1880318
1.554938
1.1891824
1.8493652
0.69458744
1.281014
1.2806197
0.69930136
1.2820311
1.2819415
0.56172834
0.56383392
0.78899125
0.79090732
1.0294156
0.79644037
1.0299808
1.2954781
1.2592775
1.2604141
1.2634587
1.298821
1.2642074
0.79154681
1.0233895
1.0255707
1.2823284
0.69977347
1.2824663
0.56004053
0.56244524
0.56483801
0.69527775
1.2796801
1.2808969
0.78879117
0.56514668
0.78745511
0.80206533
1.0497749
1.2453078
1.0666605
0.802717
1.0499711
1.245335
1.0660985
0.65177888
0.55233224
0.47996236
0.46383481
0.65233357
0.55276911
0.47944392
0.46308664
1.0509868
0.80416583
1.0679883
1.2454855
1.2464325
1.0682981
0.80324552
1.0495169
0.5528996
0.65328036
0.46178522
0.47769233
0.47967139
0.46271371
0.65231235
0.55089604
0.60454194
0.56770474
0.52999886
0.4897083
0.60484147
0.56857732
0.52867363
0.48854369
0.64327003
0.68952788
0.71486773
0.75941618
0.64352658
0.69014418
0.71423772
0.75923518
0.56763178
0.60390767
0.4874197
0.52711853
0.52865286
0.4886802
0.60335052
0.56603811
0.68930164
0.64255807
0.75795829
0.712351
0.71396625
0.75844253
0.64203161
0.68775008
1.3134171
0.92093522
0.92124844
0.9520478
0.96115725
0.95203175
1.3134542
0.9216563
0.92152043
0.95193046
0.96106759
0.95198527
0.30782961
0.78637417
0.70922913
0.30672478
0.78585148
0.70901832
1.2253622
0.92072504
1.3132201
0.92048832
0.96055251
0.95189994
0.95190546
0.95191022
0.96071068
0.95189773
1.3132333
0.92003083
0.92033442
0.30817447
0.70760089
0.78421568
0.78559887
0.70810847
0.30984346
0.98826586
0.97853594
0.97858202
0.98708192
0.94297843
0.98706768
0.98830667
0.97864888
0.97862298
0.98702341
0.94294505
0.98705075
0.97415815
0.9824629
0.97402708
0.94054343
0.95311236
0.95331786
0.9536666
0.94075511
0.95351415
0.98233797
0.97369057
0.97386613
0.97849785
0.98810244
0.97845112
0.94280684
0.98696957
0.98697828
0.98700972
0.94284051
0.9869961
0.988025
0.97834705
0.97840114
1.0090162
0.98871617
1.0089837
0.98870173
1.3532453
1.0082018
0.83404571
0.8341972
0.83440345
1.0081641
0.83431674
1.3534354
1.0092606
0.98868687
0.98868382
1.0093976
1.2563491
1.3088532
1.3089223
1.2563441
0.96922302
0.98994785
0.98987048
0.9691824
1.0174314
1.309268
0.9103906
0.9103657
1.0175218
0.96914347
0.99006805
0.9691652
0.99022737
1.2566437
1.3099676
1.3096869
1.2567319
1.2822705
0.81789472
0.81792925
0.8616762
1.1967914
1.2834944
0.92579678
0.95298601
0.92572361
0.95303841
0.87516036
0.95052147
0.87525829
0.95038777
0.86202411
1.1970827
1.2835321
0.81792276
0.81795745
1.2836933
2.8344075
2.8351464
0.86910276
0.86096907
0.98111426
1.6973729
0.98037851
1.6969035
2.8376313
2.8371054
2.6220002
2.6446518
1.7336103
2.8159656
2.2213105
1.8754967
1.5540506
1.8392761
1.572579
2.6651941
2.6740474
1.7911874
2.8700755
2.2047917
2.1419469
1.8602374
1.5523338
1.5636213
1.8402357
0.78809192
0.78760844
0.76125423
0.7924771
0.65055683
0.54962471
0.47742753
0.45959194
0.65056637
0.55058085
0.47598984
0.45846487
1.052111
0.80206741
1.066882
1.2487384
1.2495313
1.0680859
0.80042892
1.0538907
0.54916802
0.65027834
0.46922015
0.48248857
0.47544207
0.46007743
0.65162987
0.5596093
0.63682337
0.68173535
0.71089557
0.75452397
0.63858138
0.6863914
0.70638987
0.7529187
0.55880509
0.59712792
0.49726077
0.54972893
0.52121719
0.48543181
0.60515855
0.58244332
0.68062798
0.635471
0.75663273
0.71594898
0.70530482
0.75108517
0.64217711
0.6936937
0.3887042
0.70267269
0.77363868
0.78435168
0.69866501
0.40211216
1.3533828
1.3529433
1.3532181
1.0100616
0.98891084
1.0101762
0.98882607
1.3513955
1.3436765
1.0064395
0.98597762
0.98717347
1.0050755
1.0180633
1.3093254
1.3092325
0.91017469
1.0178418
0.91030875
1.2548946
1.3086709
1.2549293
1.3090198
0.96653291
0.98855227
0.96597598
0.98868175
1.0175049
1.3083987
0.9076279
0.90981765
1.0167103
1.2995836
0.96262007
0.98798306
0.96455518
0.9867765
1.2444009
1.3073614
1.2479024
0.87253224
0.94760112
0.872398
0.94780944
0.92367964
0.95055608
0.95069832
0.92373407
1.2807009
0.81421255
0.81417217
0.85570111
1.1926822
1.2822006
0.92286714
0.95016374
0.94918013
0.9236031
0.86997769
0.94444832
0.9474238
0.86597751
0.85129128
1.1910408
1.2787438
0.81553997
0.80589283
1.2813128
0.96730737
1.6714708
0.86275585
0.8522199
1.6717181
0.96857938
2.8060523
2.8059778
0.86065648
0.85192954
0.94250071
1.6320369
0.96858443
1.6555126
2.7265842
2.7748345
1.8766345
1.5534548
1.1840188
1.8395132
1.5725553
1.1914422
2.2964439
2.6713864
2.6782045
1.8035186
2.8741039
2.2043951
2.1410757
1.8598694
1.551693
1.177409
1.5623404
1.1847078
1.8405173
0.68995729
1.2803792
1.2793091
0.56064363
0.69279946
1.2797617
1.2798809
0.79001975
0.5605129
0.78948708
1.0232007
0.78806762
1.0232097
1.2868905
1.2642675
1.2534723
1.2597836
1.2936601
1.2594344
0.78893254
1.0355018
1.0192366
1.280478
0.69226428
1.2819614
0.58377887
0.56618002
0.69115587
1.2895279
1.2835095
0.5860556
0.76321379
0.56502508
0.79457185
0.80180684
1.0511388
1.2459845
1.0674142
0.80158718
1.0497196
1.2480833
1.0680216
0.65043622
0.54937419
0.47703008
0.45911299
0.65042424
0.55028954
0.47562807
0.45807535
1.0522508
0.80198497
1.0671877
1.2494052
1.2499612
1.0683196
0.80048208
1.0543067
0.54889639
0.65011772
0.46896257
0.48230981
0.47507614
0.45970762
0.65159884
0.55957417
0.59814336
0.55926408
0.5262004
0.48439913
0.60000337
0.5650023
0.52136699
0.482896
0.63709489
0.68218495
0.71138599
0.75506024
0.63884231
0.68678273
0.706941
0.75347057
0.55835652
0.59719203
0.49679571
0.54977525
0.52083106
0.48481396
0.60474799
0.58253357
0.68110074
0.63578617
0.75721255
0.71654041
0.70587536
0.75166789
0.64241771
0.69421274
1.3127518
0.91849124
0.91916275
0.95194471
0.96003417
0.9519858
1.313173
0.9198881
0.91969689
0.95188375
0.95981661
0.95192853
0.35084847
0.78355723
0.70466677
0.31222847
0.78283733
0.70296334
1.211629
0.91744163
1.3081641
0.91741597
0.95790042
0.95164102
0.95189884
0.9517604
0.95891713
0.95188355
1.3049877
0.92217965
0.91765956
0.38934521
0.70318732
0.77397594
0.78475259
0.69918352
0.40245554
0.98778686
0.97824026
0.97828652
0.98699324
0.94282295
0.98703772
0.98782883
0.97831641
0.97830021
0.98712723
0.94287218
0.98710068
0.9732806
0.98143188
0.97318019
0.93940437
0.95042512
0.9527406
0.9526797
0.93954766
0.95265055
0.98109789
0.97075563
0.97316834
0.97809633
0.98721255
0.97755812
0.93992858
0.98199246
0.98495849
0.98702539
0.94204231
0.98641692
0.98657788
0.97321865
0.97634126
1.0097779
0.98870884
1.0097927
0.98865228
1.3524156
1.0072897
0.83734594
0.82277395
0.83270209
1.0078369
0.83334998
1.3447071
1.0078199
0.98733835
0.98724399
1.0064616
1.256766
1.3102879
1.3106363
1.2568047
0.96880902
0.99089108
0.99102988
0.96824135
1.0177243
1.3100471
0.90820139
0.91028549
1.0181507
0.9648759
0.99031517
0.96681448
0.98910398
1.2462605
1.3090185
1.3012487
1.2497587
1.2838503
0.81788624
0.81785069
0.86165979
1.1964529
1.2853365
0.92556533
0.95272199
0.92630401
0.95173428
0.87294353
0.94754573
0.95049524
0.86895991
0.85755244
1.1950176
1.2818592
0.81919262
0.80963535
1.2844819
2.8387818
2.8389193
0.86815765
0.86134839
0.95799192
1.659773
0.98291095
1.6832926
2.7602233
2.8087189
)
;
    }
}


// ************************************************************************* //
