/*--------------------------------*- C++ -*----------------------------------*\
| =========                 |                                                 |
| \\      /  F ield         | OpenFOAM: The Open Source CFD Toolbox           |
|  \\    /   O peration     | Version:  2412                                  |
|   \\  /    A nd           | Website:  www.openfoam.com                      |
|    \\/     M anipulation  |                                                 |
\*---------------------------------------------------------------------------*/
FoamFile
{
    version     2.0;
    format      ascii;
    arch        "LSB;label=32;scalar=64";
    class       volScalarField;
    location    "800";
    object      yPlus;
}
// * * * * * * * * * * * * * * * * * * * * * * * * * * * * * * * * * * * * * //

dimensions      [0 0 0 0 0 0 0];

internalField   uniform 0;

boundaryField
{
    inlet
    {
        type            calculated;
        value           uniform 0;
    }
    outlet
    {
        type            calculated;
        value           uniform 0;
    }
    topandbottom
    {
        type            calculated;
        value           uniform 0;
    }
    front
    {
        type            symmetryPlane;
    }
    back
    {
        type            symmetryPlane;
    }
    airfoil
    {
        type            calculated;
        value           nonuniform List<scalar> 
12960
(
52.181952
47.573518
56.097589
47.498806
47.581831
46.960002
42.454608
47.112322
42.60011
46.598568
47.081154
47.179999
56.20454
56.058833
47.101398
55.271741
47.050123
54.359155
46.45297
48.087769
56.540113
47.386734
42.017983
47.384107
55.139104
47.491568
42.483587
47.074548
47.746876
47.075227
56.277215
47.423403
51.584858
51.626289
46.118538
42.584219
54.42158
54.390249
46.327591
55.25311
41.280754
42.259004
40.576066
42.319024
40.319662
40.060428
40.501631
46.981144
40.237663
55.77134
39.935191
40.204671
39.876447
55.19329
40.036881
55.547211
39.835898
40.023597
39.615105
46.140184
39.798516
55.824324
39.899834
40.16245
39.66363
46.992175
39.907806
42.652902
39.931485
39.736928
40.010552
47.891772
40.098728
41.929708
40.214214
39.880675
40.468027
47.43989
40.288694
47.547725
40.377651
40.218166
40.109752
42.757103
39.808777
55.603076
39.937954
39.997808
39.657655
47.012044
39.583257
54.519877
39.810542
39.787117
39.603396
41.288318
39.355997
42.781989
40.998547
39.895974
19.341502
47.911609
40.716276
40.589649
19.089701
19.020236
42.145026
40.449099
40.105718
18.917865
19.017674
19.091643
41.784749
39.808728
39.875993
18.940232
18.923141
56.002652
40.053605
40.262563
19.204991
19.250573
19.22108
55.697874
40.019183
40.063962
19.295902
47.334457
39.830591
39.851007
19.056928
19.157652
18.959079
46.166716
39.642049
39.80631
55.810126
39.895438
40.161333
19.078554
19.183818
55.888016
40.01416
40.141233
19.078206
19.122958
46.61134
39.968764
39.915354
18.985024
19.030463
18.982583
19.105226
56.286951
40.355372
40.331467
19.166059
19.187769
42.043094
40.114326
39.843888
18.966735
19.029618
18.895496
18.937673
41.66695
39.963268
40.015837
18.735202
18.80102
41.800077
39.947947
39.969982
19.034214
18.940688
18.735895
18.803137
18.905754
46.384187
39.862129
39.925556
18.941331
18.932112
47.21401
39.62056
39.799783
19.218698
19.186437
18.940736
19.055887
19.175576
54.344961
39.721574
39.721046
19.364651
19.302
54.432111
39.705251
39.727583
19.337394
19.388325
19.068162
41.148332
39.735409
39.404442
18.997706
18.901594
46.910131
39.977201
39.836794
19.581549
19.101654
56.627101
47.204324
42.639031
46.539118
46.728895
47.743399
56.500833
47.333393
56.140726
47.901713
47.120166
46.947069
42.454001
42.678864
46.941286
42.302147
46.868949
42.309714
48.282611
48.275044
42.328493
46.71598
19.018716
20.038013
56.332148
47.661237
19.075869
19.070051
18.924931
19.077268
41.875709
46.807226
19.19808
19.072299
56.368637
18.960213
47.333486
19.064585
19.046939
18.996291
46.789005
47.252054
19.128491
19.039897
41.841528
47.193211
18.961601
19.153382
19.097403
19.029947
55.481043
55.547152
19.398319
19.399893
18.978119
48.12395
56.511206
19.175596
52.301847
51.924265
19.239747
18.93676
47.796677
43.25314
19.07913
19.087728
19.745809
19.105377
41.177287
55.268106
40.372871
55.79182
39.99826
40.238282
39.789132
46.996589
40.081027
41.977912
40.316357
40.032995
40.354238
41.894816
40.138247
43.162171
40.29575
40.096041
40.481596
48.180821
40.32028
42.072944
40.212734
39.923434
40.415137
47.344258
40.187465
56.351862
40.162905
40.317417
40.103183
46.467959
40.027171
55.810492
39.966454
40.267908
39.690919
46.875064
39.909628
47.194163
39.800022
39.984022
40.098048
56.008344
40.373785
42.673847
40.290807
40.213451
40.607763
47.189
40.681483
52.207196
40.489038
40.49551
40.726989
57.153875
40.934661
56.634413
41.456316
40.98922
19.004113
46.908791
39.623421
39.876464
19.118713
19.239407
55.552353
39.904937
40.210146
19.153778
19.176592
18.917362
19.270909
19.519159
19.264372
19.017917
55.959979
40.458819
40.407082
19.214772
19.229787
42.277862
40.234233
39.983003
19.215608
18.931924
19.134921
18.887579
18.909918
19.305444
52.165102
40.134467
40.094466
19.334617
18.838551
18.803966
46.838952
40.346016
40.31334
18.92885
19.158143
18.965754
18.831565
18.969833
19.169717
18.970543
48.169115
40.444951
40.308725
18.970476
19.166243
19.153074
42.046414
40.221817
39.926207
18.943916
19.06219
19.180238
18.947874
19.153769
19.053211
42.892932
40.074166
39.919017
19.042809
19.000526
47.97675
40.121703
40.168786
19.13574
18.932011
19.192437
19.088908
19.139407
19.069903
19.07764
41.71051
39.767853
39.774128
18.937619
55.966429
40.056463
40.303431
18.877354
19.246617
19.014879
19.231214
19.090776
54.949011
40.214592
40.164923
55.160543
40.22715
40.204593
19.088239
19.188365
19.185156
19.327299
19.331207
19.138978
19.21259
48.154198
40.359412
40.289511
47.989178
40.58383
40.434561
18.89929
19.183067
19.072021
19.184863
18.939218
19.200323
42.235219
40.509328
40.505257
18.767358
18.824018
51.884131
40.54001
40.535817
18.908302
18.747455
19.380629
18.758267
18.916637
18.805263
18.92114
56.859546
40.560193
40.87484
19.177267
19.269628
47.733936
40.289071
40.551418
19.04169
19.18738
19.244111
19.38107
0.79102331
1.2995937
1.2964236
0.81529485
1.2190391
1.2692666
0.98283278
0.9386204
0.94074083
0.97974286
1.0066864
1.0097816
1.9680532
1.9387243
1.3061671
1.301305
0.85535368
0.95956711
0.96400099
0.85816913
0.79361008
1.3010602
0.79475636
1.2967059
1.2260504
1.2262874
0.98310945
0.94101006
0.98290062
0.94139449
1.0092428
1.0089172
1.9327802
1.9371121
1.3084924
1.3087181
0.85546734
0.96355584
0.85541709
0.96331113
0.79775907
1.2996979
0.7942455
1.299018
1.2257173
1.2257311
0.98300356
0.94174126
0.9831915
0.94168074
1.0085372
1.0083077
1.9580197
1.957482
1.3080398
1.3081753
0.85536456
0.96306369
0.85542226
0.96296221
0.79622098
1.2975948
0.79272165
1.297256
1.2254449
1.225639
0.98272077
0.94152341
0.98277648
0.94144382
1.0079611
1.0078225
1.9487627
1.9592007
1.3078084
1.3078732
0.85530098
0.96284292
0.85530957
0.96280131
0.79761208
1.2973167
0.79187608
1.2991526
1.2248206
1.2250418
0.98275276
0.94133748
0.98276806
0.941249
1.007771
1.0078399
1.948918
1.9624889
1.3078395
1.3078104
0.85530169
0.96279638
0.85530248
0.96282459
0.79814555
1.2974617
0.79316635
1.2967175
1.2250981
1.2251126
0.98277022
0.94114996
0.98261854
0.94147762
1.0080227
1.0081657
1.9428625
1.9471351
1.3079581
1.3079464
0.85530217
0.96290843
0.85530582
0.96295939
0.79254776
1.296904
0.79659392
1.2994068
1.2252828
1.2251453
0.98303712
0.94194999
0.98303057
0.94197071
1.0083491
1.0083821
1.9759736
1.9737004
1.3079753
1.3079882
0.85529119
0.96299462
0.85529505
0.9629676
0.79364039
1.2988038
0.79308714
1.2982279
1.2254819
1.2253698
0.98305001
0.9417353
0.98303514
0.94154757
1.0083274
1.0082766
1.953975
1.9728321
1.3077685
1.3078512
0.85521841
0.962836
0.85524908
0.96272943
0.79233341
1.2972712
0.79222872
1.2977791
1.225237
1.2254597
0.98288003
0.94121792
0.98300951
0.94101755
1.0082903
1.0084099
1.9672717
1.964799
1.3078506
1.3077385
0.85518635
0.96267543
0.85520071
0.96278005
0.79081452
1.2969789
0.79333523
1.2965391
1.2233162
1.2258245
0.98232252
0.9404365
0.98246262
0.94019192
1.008914
1.0093934
1.946351
1.9277136
1.3073349
1.3082376
0.85526098
0.96322921
0.85508156
0.96363886
1.1875225
1.1838739
1.963078
1.9380104
1.8305974
1.8537432
1.1913024
1.1914477
1.9397646
1.974555
1.8321451
1.8380289
0.6931917
0.71242774
0.79187879
1.3008846
1.2987512
0.79803627
0.69385016
0.69924346
1.3102174
0.95692307
0.96049125
1.3169166
1.2240088
1.2264114
1.3122396
0.96109934
0.96074596
1.3133597
0.98875761
0.93729999
0.94398717
0.98533522
0.98285079
0.9409153
0.9407359
0.98287231
0.98881498
0.9438423
0.94408986
0.98872698
1.3054232
1.3005754
0.9853074
0.94558441
0.9501296
0.98456556
1.0094083
1.0098911
1.3070993
1.3079556
0.98685072
0.95012094
0.95031822
0.98791395
0.85400174
0.95980806
0.96426165
0.8568298
0.85424663
0.96387521
0.9642977
0.85402244
1.8337486
1.8544414
1.9385537
1.9831553
1.8329935
1.8452897
1.2188254
1.2693515
1.2239781
1.2265218
0.98615817
0.94522375
0.94974543
0.98540896
1.3078533
1.3087898
0.98771557
0.94985973
0.94992611
0.98880818
0.85560362
0.96366356
0.96402813
0.85540572
1.1992197
1.1892367
1.9342401
1.9566585
1.8286003
1.8600777
1.1885011
1.1967565
1.9818617
1.9522775
1.8854485
1.8277187
0.69593761
0.69622354
0.79138269
1.2986417
1.2973329
0.79853564
0.69412518
0.7015874
1.3132133
0.96116791
1.3133471
0.96131376
1.226004
1.2257151
1.3132507
0.96151658
0.96138245
1.3132284
0.98876342
0.94378525
0.98872438
0.94365539
0.98318268
0.94175231
0.94153152
0.98324488
0.98879269
0.94351574
0.94363422
0.98876041
1.3076099
1.3079474
0.98792885
0.95011916
0.98795349
0.94982516
1.0086286
1.0088493
1.3075519
1.3072559
0.98794436
0.9496366
0.94977572
0.98789903
0.8540123
0.96377094
0.85401738
0.96346338
0.8540075
0.96315647
0.96338928
0.85398992
1.8231419
1.8339441
1.9852553
1.9550192
1.8872008
1.8291858
1.226323
1.2264508
0.98892273
0.94979955
0.98888586
0.94965469
1.3084541
1.3082565
0.98896244
0.94954143
0.94961654
0.98900247
0.85546946
0.96310182
0.96324585
0.85543801
1.1984322
1.1896456
1.9580815
1.9539596
1.8306016
1.8639042
1.1885766
1.1964816
1.9560759
1.9505664
1.8628693
1.8266701
0.70045789
0.69712099
0.79350914
1.2983023
1.2985597
0.79727008
0.69652631
0.70043156
1.3131991
0.96153196
1.3132982
0.96142839
1.2257598
1.2256392
1.3132057
0.96122325
0.96138357
1.3129985
0.98850706
0.94347474
0.98871875
0.94328987
0.98294832
0.94157562
0.9416641
0.98282358
0.98844698
0.94303812
0.94323355
0.98828061
1.3069713
1.3072304
0.98785402
0.94966405
0.98790365
0.94944211
1.0080378
1.0082452
1.3069421
1.3067041
0.9878595
0.94906719
0.94938686
0.9877253
0.85404368
0.9631134
0.85398128
0.96292288
0.85399825
0.96263818
0.96287124
0.85367074
1.8314482
1.867409
1.9582348
1.9521456
1.8656657
1.8280957
0.98908663
0.94952113
0.98905052
0.94947367
1.3080415
1.3079345
0.98912472
0.94941897
0.9494572
0.98912087
0.85534629
0.9628608
0.96293
0.8553127
1.1951835
1.1872183
1.9474684
1.9557211
1.8252329
1.86332
1.1878112
1.1940858
1.9587824
1.9451794
1.8655975
1.8251571
0.69976833
0.69619965
0.79162174
1.2974303
1.2966106
0.79613356
0.69543487
0.6998361
1.3127919
0.96118058
1.312997
0.96103125
1.225419
1.225099
1.3127932
0.96091271
0.96099909
1.3125954
0.98815221
0.94299301
0.98824488
0.9428685
0.9827242
0.94137824
0.94143378
0.98276982
0.98815085
0.94283829
0.94285489
0.98818058
1.3065201
1.3066941
0.98764092
0.94926606
0.98769971
0.94911835
1.007779
1.0078068
1.306536
1.3064626
0.98765989
0.94799068
0.94910234
0.9876418
0.85357682
0.96266597
0.85363709
0.96254637
0.85356304
0.9613829
0.96252727
0.85344399
1.8269878
1.8658573
1.9623576
1.9490189
1.8688323
1.827453
0.98913966
0.94940533
0.98914498
0.9493851
1.3078406
1.307836
0.98917913
0.94939948
0.94938235
0.98921597
0.85529814
0.9627904
0.96279031
0.85529882
1.1956173
1.1902818
1.9480552
1.9625899
1.8265504
1.8693077
1.1904639
1.1971979
1.958092
1.9608107
1.8667696
1.8318196
0.70104905
0.69574629
0.79299095
1.2996617
1.2984848
0.79838071
0.69653231
0.70165814
1.3123907
0.96089531
1.3125983
0.96078919
1.2248737
1.2249886
1.3124007
0.96073621
0.96075946
1.3123533
0.98822915
0.94286318
0.988206
0.94294067
0.9827286
0.94114421
0.94121918
0.98263928
0.98823294
0.94308245
0.94298216
0.98821406
1.3065095
1.3065113
0.98777469
0.94905154
0.98767324
0.94914601
1.007998
1.007885
1.3065809
1.3066576
0.98785083
0.94931932
0.94918894
0.98799498
0.85353944
0.96238281
0.85350686
0.96252933
0.85357753
0.96265749
0.96256436
0.85361471
1.8268508
1.8692167
1.9586904
1.9625648
1.866372
1.833212
1.2256988
1.2258986
0.98932673
0.94940762
0.98926264
0.94945585
1.3078986
1.3079575
0.98938856
0.94954477
0.94947492
0.98947537
0.85529925
0.96288891
0.96283516
0.85530138
1.1938432
1.185846
1.9432443
1.9455718
1.8270689
1.8541953
1.1946898
1.1935726
1.9504342
1.950571
1.8602493
1.8569257
0.70153215
0.69690808
0.79748187
1.2976959
1.2981318
0.79250388
0.70056479
0.69619875
1.3127088
0.96080007
1.3124886
0.9611852
1.2250424
1.2251567
1.3128386
0.96176527
0.96136109
1.3132706
0.98835908
0.94313191
0.98823089
0.94327391
0.98286164
0.94191002
0.94163696
0.98301287
0.98843626
0.94343371
0.94333368
0.98856612
1.3067932
1.3067484
0.98819401
0.94943719
0.98806314
0.94948864
1.0083353
1.0082293
1.3068525
1.3069213
0.98824554
0.94964624
0.9495399
0.98831414
0.85364756
0.96271274
0.85359468
0.96281642
0.85369666
0.96295863
0.9628663
0.85373444
1.8266731
1.8546504
1.9517832
1.9495157
1.861588
1.8571459
1.2257931
0.98954329
0.94956496
0.98952931
0.94962358
1.3079915
1.3080253
0.98956333
0.94965269
0.94963487
0.98955713
0.85529657
0.96299413
0.96296933
0.85529434
1.1868469
1.2000568
1.9756284
1.9587986
1.8813369
1.8316103
1.1981127
1.1972511
1.9583575
1.9550446
1.8658894
1.8638797
0.69565372
0.70064004
0.79367213
1.2993893
1.2987929
0.79432094
0.69665937
0.69719362
1.3133674
0.96185728
1.3133313
0.96188674
1.2252852
1.2253257
1.3133633
0.9616084
0.96185447
1.3131858
0.98860648
0.94346931
0.98860358
0.94348499
0.98304469
0.94181467
0.94196392
0.98304515
0.98861189
0.94341013
0.9434857
0.98857952
1.3069763
1.3069812
0.9883132
0.94973631
0.98832684
0.94965658
1.0083605
1.0083959
1.3070119
1.3069569
0.98830754
0.94966628
0.94965291
0.98811515
0.85404026
0.96299676
0.85375341
0.96300795
0.85406929
0.96298523
0.96301429
0.85484234
1.882075
1.839388
1.9194768
1.9562154
1.8219771
1.8645873
1.2258082
1.2257849
1.2257196
1.2256309
0.98946645
0.94964489
0.98956329
0.94959714
1.3079856
1.3079108
0.9894329
0.94944648
0.9495663
0.98921614
0.85528303
0.96286912
0.96294615
0.85525749
1.1985705
1.1962015
1.9546949
1.9676547
1.8628928
1.8752671
1.1949103
1.1967892
1.9660827
1.961339
1.8736928
1.8674923
0.69671746
0.69600696
0.79253183
1.2969857
1.2977309
0.7922657
0.69567015
0.69540779
1.3129227
0.96151485
1.3131639
0.96117232
1.225521
1.2255085
1.3128903
0.96083011
0.96107699
1.3127141
0.98854164
0.94338922
0.9885777
0.94328896
0.98306205
0.94130003
0.94150071
0.98304319
0.9885433
0.94319157
0.94326881
0.98850772
1.3069182
1.3069853
0.98785534
0.94964256
0.98808237
0.94953189
1.0082862
1.0082805
1.3069552
1.3069605
0.98781117
0.94945072
0.94951291
0.98761016
0.85491834
0.96297737
0.85487521
0.9629224
0.85494099
0.96293131
0.96292381
0.85498782
1.8612251
1.8777483
1.9660163
1.9621077
1.8734381
1.8675198
1.2257174
0.98887337
0.9493927
0.98915956
0.9492278
1.3077842
1.3077623
0.9888045
0.94906712
0.94917478
0.98853281
0.85520813
0.9626646
0.96269716
0.85519861
1.1956308
1.1966598
1.9692973
1.964448
1.8748176
1.870325
1.1964892
1.1987842
1.961392
1.9787838
1.8655515
1.8832627
0.69499975
0.69525811
0.79447967
1.2978392
1.3002042
0.79192836
0.69679301
0.69466406
1.3126252
0.96078929
1.3127099
0.96070398
1.2251915
1.2255894
1.3126544
0.9606291
0.96070321
1.3128446
0.98843442
0.94318938
0.98850308
0.94318597
0.98282282
0.94059189
0.9409546
0.9825536
0.9884178
0.9432904
0.94320974
0.98831337
1.3071485
1.3070303
0.98746253
0.94946261
0.9875859
0.94952685
1.0087844
1.0084908
1.3072608
1.3075085
0.98747228
0.94976811
0.94958343
0.98747114
0.85503089
0.96296706
0.85501248
0.96310626
0.85503179
0.96346359
0.96318787
0.85496044
1.8735372
1.8706176
1.9602347
1.9783667
1.8657393
1.8825537
1.2254212
1.2256529
1.2253791
1.2257938
0.98831217
0.94904773
0.98848058
0.94907523
1.3079534
1.3082207
0.9883126
0.94928782
0.94910917
0.98830515
0.85516776
0.96310703
0.96283768
0.85509502
1.1883934
1.1871956
1.9440634
1.9285037
1.8311406
1.8253399
1.1868362
1.1838948
1.9718141
1.939177
1.8361925
1.854013
0.69348497
0.6960323
0.79065123
1.2992456
1.296372
0.8149163
0.69312373
0.71234698
1.3116925
0.96057705
1.3129487
0.96017778
1.2181969
1.2685787
1.3097043
0.95639834
0.95994874
1.3164079
0.98829308
0.94335818
0.98830638
0.94357651
0.98228468
0.93810755
0.94022985
0.97908413
0.98822751
0.93679648
0.94349102
0.98468291
1.3066656
1.3076056
0.98641274
0.94985781
0.98746608
0.94987761
1.0062323
1.0093167
1.3050694
1.3002244
0.98492614
0.94403029
0.94970067
0.98421611
0.85438818
0.96359937
0.85494166
0.96398946
0.85411624
0.95835943
0.96397486
0.85658328
1.8322657
1.8247651
1.9734139
1.9400197
1.836853
1.8550637
1.2235411
1.226046
0.98723206
0.94935882
0.9882955
0.94948295
1.3057391
1.300895
0.98574847
0.94490115
0.94932506
0.98506614
0.85500271
0.95924458
0.96362254
0.85780854
2.6935287
0.85739565
2.8535804
0.85863502
2.6808851
0.85828973
0.85843983
0.85878031
2.6938967
0.85923196
0.85969145
0.8600696
2.6704511
0.8605894
2.9063316
0.86152857
2.6901547
2.9793002
1.1837107
1.1915352
0.85486587
0.85627799
2.9636633
1.1835121
1.1941468
0.85883717
2.7061397
2.9455273
1.1943083
1.1907188
0.85585925
0.85510231
1.1938767
1.1934832
0.85835513
2.6772111
2.9643131
1.193467
1.1901578
0.85481871
0.85434397
1.1932349
1.1931727
0.8583723
2.959601
1.1900337
1.1898293
0.85413562
0.85384716
1.1930586
1.1931535
0.8586556
1.1898898
1.1898387
0.85374873
0.85360012
1.1931093
1.1932842
0.85906922
1.1899603
1.1899191
0.85354984
0.85338716
1.1932562
1.1934027
0.85954417
2.9523858
1.1900041
1.1898824
0.85326754
0.85293331
1.1933391
1.1934105
0.85994915
2.653166
1.1899582
1.1899917
0.85272991
0.85242871
1.1933198
1.1933828
0.86034347
2.6694639
2.6164081
1.1931151
1.1905756
0.85240075
0.85256284
2.6226749
1.1935122
1.1940668
0.86121389
2.9011153
2.690104
1.1907727
1.1801288
0.852816
0.85120027
1.194188
1.1836428
0.86018071
1.0263164
0.79156196
1.0263701
1.2894228
1.2662558
1.2555865
1.2622118
1.2968541
1.2620019
0.79197748
1.0380504
1.0219597
1.0514633
1.2419712
1.248038
1.0466079
0.56296669
0.53768336
0.52626895
0.57285325
0.41455753
1.213355
0.7927589
0.78938227
0.43498863
1.206512
0.9744177
0.98269217
0.97442392
0.94063177
0.95178767
0.9540194
0.95378678
0.94071281
0.95385641
0.98246385
0.97219422
0.97452199
1.008466
0.83884535
0.82432376
0.83421296
1.0090192
0.83487972
2.1846778
1.9623159
2.9713443
1.9346761
1.3549384
1.3042515
1.3538654
1.298057
1.3544279
1.019396
0.85579491
0.96226321
0.90529573
0.91206156
0.9634573
0.84696286
1.0171866
0.87541431
0.95162562
0.95075333
0.87615991
0.97372596
0.85765773
0.97716893
0.79493215
1.0272152
1.0285643
1.2639579
1.2990969
1.2616576
0.79226217
1.028887
1.0264113
1.2615284
1.297176
1.2626865
1.0495214
1.2450041
1.0494949
1.2450744
0.5673538
0.52755589
0.56622572
0.5287919
0.30159175
1.2261055
0.78544503
0.30356924
1.2261926
0.78589116
0.9830481
0.97469633
0.97460222
0.95379593
0.94114474
0.95392781
0.9829842
0.97439341
0.97451074
0.95417804
0.94128689
0.95407183
0.83544444
1.0091261
0.8355503
0.83564276
1.0090295
0.83562201
2.2020343
1.9300642
1.9820818
1.3086111
1.3544251
1.3087256
0.85545219
1.018394
0.9116917
0.96346071
0.85543326
1.018699
0.91155504
0.96337771
0.8756194
0.95060265
0.9507004
0.87554626
0.97637888
0.85857222
0.97621028
0.79691514
1.0304025
1.029746
1.2622221
1.2984088
1.2608086
0.79257578
1.0275726
1.0259681
1.2640068
1.2989858
1.2635931
1.0494582
1.244254
1.0490745
1.2445616
0.56823459
0.52984633
0.56805362
0.53004363
0.30088499
1.2257098
0.78683587
0.30134176
1.2257417
0.7868469
0.98308342
0.97472163
0.97478885
0.95443545
0.94174157
0.95441206
0.98315675
0.97488396
0.97485818
0.95431986
0.94173211
0.95438504
0.83560032
1.0084703
0.83556415
0.83543367
1.0084045
0.83551482
2.2629517
1.9495103
2.9733869
2.1751397
1.9695682
1.3081218
1.3536323
1.3082064
1.3538409
0.85538036
1.0179688
0.9114512
0.96302514
0.85539985
1.0180963
0.91141078
0.96298904
0.87527554
0.95007399
0.95010979
0.87525476
0.97584963
0.85830475
0.97588249
0.79616437
1.0287051
1.0287569
1.2603832
1.2974767
1.2599039
0.79194849
1.0257635
1.0250882
1.2623478
1.29789
1.2625676
1.0491092
1.2438775
1.0485726
1.2443375
0.5682598
0.52987375
0.56817153
0.53007088
0.2975249
1.2255066
0.78665283
0.29748216
1.2256019
0.78660036
0.98274511
0.97448426
0.97450743
0.9541496
0.94150455
0.95413535
0.98277241
0.97454246
0.97453968
0.95409169
0.94149038
0.95412981
0.83513259
1.0079168
0.83509282
0.83498801
1.0078815
0.83505176
2.2577717
1.9476425
2.2620545
2.9645268
2.1680568
1.9637277
1.3078634
1.3533437
1.3533691
1.3079249
1.3534153
0.8552998
1.0178069
0.91136598
0.96282362
0.8553022
1.0178402
0.91135495
0.96280717
0.87520312
0.94990975
0.94991048
0.87520208
0.97626281
0.85848689
0.97634063
0.79721493
1.0301735
1.0298124
1.2598194
1.2980651
1.2603867
0.79234602
1.0250182
1.0255413
1.2638271
1.2989784
1.2635576
1.0498731
1.2442921
1.0489894
1.2450066
0.56794924
0.5299816
0.56778154
0.53026771
0.30108368
1.2248533
0.78570961
0.30072951
1.2249605
0.78561051
0.98278172
0.97442292
0.97446582
0.95402724
0.94132212
0.95401566
0.98279363
0.97449095
0.97450007
0.9539413
0.94130462
0.95400079
0.83490221
1.0077975
0.8349216
0.83492962
1.0078325
0.83493817
2.2621693
1.9464712
2.266686
1.9599195
1.3078656
1.3533647
1.3533616
1.3078961
0.85529905
1.0178101
0.91138018
0.96280076
0.8552992
1.0178006
0.91141517
0.96280773
0.87527361
0.94993846
0.94992338
0.87528609
0.97691704
0.85884462
0.97701081
0.79568542
1.0298442
1.0285134
1.260765
1.2978646
1.2599996
0.7911991
1.0263269
1.024901
1.2626222
1.2972108
1.2622026
1.0488505
1.2430605
1.0475259
1.2440321
0.56908904
0.53098016
0.56914992
0.5310476
0.30038017
1.2251791
0.78546519
0.2993732
1.2251983
0.78556486
0.98270556
0.97442996
0.97434832
0.95375895
0.94122932
0.95381257
0.98265988
0.9742503
0.97429702
0.95401462
0.9413554
0.9539159
0.83504102
1.0080763
0.83509216
0.83517679
1.0081354
0.83514486
2.2446699
1.9440734
1.9773588
1.3080019
1.3534822
1.3080378
0.8553025
1.0178697
0.91149759
0.96292388
0.85530297
1.0178446
0.91154093
0.96293875
0.87538719
0.95001633
0.95000269
0.87539334
0.97767568
0.85930556
0.97778205
0.79561615
1.0260193
1.0281728
1.262378
1.3009272
1.264762
0.79854679
1.0289849
1.0310297
1.2611204
1.2969387
1.261825
1.050442
1.2460625
1.0510109
1.2457394
0.56770431
0.52992347
0.56760816
0.52988998
0.30768694
1.2252439
0.78629527
0.30803734
1.2251792
0.78633999
0.98305369
0.97474304
0.97475766
0.95437597
0.94199045
0.95440853
0.98306523
0.97473779
0.97477431
0.9543968
0.94200342
0.95442245
0.83534636
1.0083782
0.83538226
0.83539997
1.008398
0.83540891
2.1714153
1.9545732
2.6444924
2.296179
1.9648749
1.3080279
1.3535073
1.3080646
1.3535134
0.8552914
1.0178836
0.91155687
0.9629873
0.855291
1.017893
0.91151211
0.96297606
0.87538208
0.95003414
0.95003146
0.8753639
0.97843181
0.85975431
0.97851476
0.79777096
1.0266793
1.0302384
1.2610025
1.2983934
1.2631664
0.79696848
1.026263
1.0295421
1.2611033
1.2985083
1.2636515
1.0506313
1.2456728
1.0504776
1.2458004
0.56850433
0.5299732
0.56819238
0.53030502
0.30031464
1.2254525
0.78657604
0.30180281
1.2254225
0.78660764
0.98305611
0.97474047
0.97474808
0.95431784
0.94168209
0.95431204
0.98306018
0.97474024
0.97476155
0.9542768
0.94162953
0.95431027
0.83542871
1.0083184
0.83544085
0.83542318
1.0083112
0.83544735
2.2761594
1.9540382
2.1684336
1.9488731
1.3078353
1.3533449
1.35337
1.3079016
1.3534038
0.85522505
1.0177642
0.91133906
0.96279698
0.85523498
1.0178158
0.91119674
0.96275824
0.87518647
0.94999441
0.94998674
0.87515752
0.97903582
0.86012979
0.97910884
0.79601269
1.0258243
1.0290288
1.260203
1.2973193
1.2626618
0.79614863
1.0255605
1.0290055
1.2606156
1.2978969
1.2628905
1.0502981
1.245583
1.0502486
1.2456682
0.56725884
0.52931061
0.56768976
0.52887701
0.29977598
1.225327
0.78601902
0.29822765
1.2254076
0.7858431
0.98294476
0.974494
0.9745741
0.95412053
0.94116235
0.9540773
0.98299729
0.97467287
0.97464764
0.9539346
0.94110576
0.95402677
0.83537618
1.0083284
0.83537138
0.83530435
1.0083779
0.83535661
2.2564844
1.9456102
2.6613989
1.9473064
1.30784
1.3536914
1.3535865
1.3078409
0.85519321
1.0179491
0.91104924
0.96269468
0.85519622
1.0178068
0.911066
0.96272706
0.87516509
0.95030789
0.95022567
0.87520563
0.97984727
0.86070607
0.98002192
0.78937923
1.0257917
1.024424
1.2620911
1.2963699
1.2615574
0.79215221
1.0274091
1.0265733
1.2615015
1.2975346
1.2605142
1.05075
1.2466522
1.0506469
1.2469796
0.56188914
0.52555087
0.56364311
0.52392491
0.32881579
1.2253114
0.78308504
0.31713421
1.225919
0.78275517
0.98238012
0.97383042
0.97384008
0.95329774
0.94032586
0.95320743
0.98242279
0.97393798
0.97387971
0.95317121
0.94025016
0.95318141
0.83484424
1.0090933
0.83467605
0.83426889
1.0092921
0.83443447
2.1802028
1.981922
1.9268812
1.3079703
1.3553403
1.3082864
0.85511096
1.0190403
0.91133145
0.96336589
0.85508702
1.0184785
0.91168768
0.9635175
0.87590291
0.951488
0.95134962
0.87598307
0.98191093
0.86160214
0.98237307
1.1819245
1.1904261
2.1832289
1.9584751
2.2875262
1.9319324
1.8316872
1.8594014
1.557031
1.5475615
1.8273237
1.8600185
1.1967534
1.1996234
2.1687355
1.9772142
2.2227763
2.9094935
1.9451434
1.842777
1.8845069
1.5528335
1.5582941
1.8402454
1.8345131
1.2814936
0.69426177
1.28283
0.59367338
0.57521851
0.57361345
0.69276676
1.290079
1.2841299
1.0271627
0.79041644
1.025682
1.3013169
1.2662116
1.2648028
1.2630188
1.2995895
1.2619017
0.79475193
1.0319376
1.0294333
1.2815232
0.69201343
1.2804702
0.69600362
1.2820514
1.2813834
0.54997406
0.47860325
0.47625365
0.55295771
1.0506441
1.2462829
1.2468539
1.050477
0.55071908
0.47811164
0.47749458
0.5513029
0.68327119
0.71258599
0.7075375
0.68926972
0.56123628
0.52463919
0.52348261
0.56256281
0.68345291
0.70935393
0.70811194
0.68467872
0.91822878
1.3085917
0.91814202
0.95918805
0.95301126
0.95309701
0.9528758
0.96012101
0.95298021
1.3054046
0.92331337
0.9185817
0.32773932
1.2258914
0.78385339
0.78357948
0.3161714
1.2264534
0.9194463
1.3130477
0.91995947
0.96103174
0.95272791
0.95290539
0.95303025
0.96091053
0.95299536
1.3133932
0.92030252
0.92036686
0.97927339
0.98847117
0.97880399
0.94119805
0.98322422
0.98616904
0.9881623
0.94330164
0.98760972
0.98793221
0.97457008
0.97765427
0.97434668
0.98285957
0.97431143
0.94082697
0.9537117
0.95365531
0.9536869
0.94077442
0.95366254
0.98286407
0.97433591
0.97431292
0.97937156
0.9888024
0.97934968
0.94393452
0.98791417
0.98802826
0.98823544
0.94403673
0.98816258
0.98877496
0.97923103
0.97930312
1.3544082
1.303516
1.2973265
1.011365
0.98340177
0.94829476
0.98681863
0.99018303
0.9494935
0.98028522
1.0099387
1.0095832
0.83532025
0.83516067
0.83477596
1.0097818
0.83492932
1.3553193
1.3076983
1.3080089
1.0120276
0.98747508
0.95026624
0.99062496
0.99063302
0.95034755
0.98783728
1.0106777
1.0181748
0.85444872
0.96252909
0.90445707
0.91123037
0.96373997
0.84560364
1.0159663
1.2518456
1.2538472
1.0181762
0.8540854
0.96403121
0.91089251
0.91125136
0.96419828
0.8540448
1.0175972
1.2561383
1.2555281
1.3108005
0.87304368
0.94916969
0.94829072
0.87378709
0.81494338
0.81552644
1.2736094
1.1899794
1.281051
0.87377494
0.94923224
0.87385839
0.94909201
0.81525993
0.81523314
1.1941269
1.2823208
1.2830144
0.97106303
0.85525014
0.97459254
0.85639338
0.9744201
0.97491237
1.8330463
1.8620682
1.8270134
1.8610285
2.1751729
1.9817042
1.9361352
1.8439756
1.8871901
1.5578021
1.83495
1.8393175
1.0511814
1.2420688
1.2479807
1.0465225
0.54916578
0.47780037
0.475265
0.55236602
1.0504905
1.2467495
1.246929
1.0507569
0.54990499
0.47728602
0.47644451
0.55080467
0.56198764
0.5362411
0.52479575
0.57189212
0.68248543
0.71188183
0.70688597
0.68844169
0.56093079
0.5242852
0.52268242
0.56262832
0.6833018
0.70958383
0.70808001
0.68482032
0.41892375
1.2129691
0.79218645
0.78897005
0.43703048
1.2064027
0.3290847
0.78358316
0.78319953
0.31712213
1.2265298
1.0107459
0.98424293
0.94790367
0.98626443
0.98959651
0.94908795
0.98112299
1.0093297
1.3558618
1.3084628
1.3087879
1.3553363
1.0114026
0.98835659
0.94991463
0.99031103
0.99003845
0.94995511
0.98873017
1.0114832
1.2533486
1.3112157
1.3099962
1.2553567
1.0193996
0.85544952
0.96378795
0.91176604
0.91208513
0.96392435
0.85541907
1.0188487
1.2576585
1.2570421
1.3120911
0.81767877
0.81826038
1.2754923
1.1924122
1.2833756
0.87616481
0.95167918
0.87623918
0.95153992
0.81798845
0.81796423
1.196763
1.2846595
1.2853552
0.85889044
0.9772444
0.97768264
1.1989274
1.1876428
2.2627368
1.9523682
2.214475
2.184207
1.9761617
1.8291844
1.8407339
1.8796586
1.8629785
1.1915347
1.1935607
2.1613155
1.929658
2.1754359
2.6115904
1.9528369
1.8778606
1.8395772
1.5504646
1.5748668
1.8330583
1.8324811
0.69687644
1.2801432
1.2804449
0.56528655
0.69406745
1.2810289
1.2800117
0.56556503
1.025187
0.79453505
1.0278154
1.2998855
1.2642269
1.264848
1.2601326
1.2981572
1.2620503
0.7987918
1.0310055
1.0314105
1.279831
0.69751763
1.2811353
0.57037352
0.56766064
0.70176095
1.2826825
1.2826862
0.55122332
0.47824771
0.55124531
0.47832927
1.0508096
1.2466752
1.2460617
1.0517483
0.55284019
0.48066932
0.47984727
0.5538519
0.68892675
0.71264072
0.68802985
0.71352332
0.56843384
0.53066777
0.53032729
0.56895873
0.68983724
0.71482457
0.71468785
0.69016457
1.3132528
0.9207464
0.92068427
0.95259259
0.96121894
0.95246451
1.3133249
0.92048038
0.92066545
0.95228292
0.96127747
0.95237856
0.30028798
1.2258974
0.78677716
0.78665567
0.30099993
1.2257721
0.92102327
1.313246
0.92121884
0.96149739
0.9522242
0.9522528
0.95227019
0.96145399
0.9522741
1.3132607
0.9214834
0.92147802
0.9887528
0.9791487
0.97916692
0.98783941
0.94373616
0.98777476
0.98874496
0.97920201
0.97919051
0.98767574
0.94370513
0.98774014
0.97479943
0.98323149
0.97487355
0.94171452
0.95446726
0.95445293
0.95430134
0.94164659
0.95440361
0.98326659
0.97492759
0.97493542
0.97915229
0.98880364
0.97914168
0.94356825
0.9874843
0.98754974
0.98764606
0.9436127
0.98761489
0.98881008
0.97907362
0.97913095
1.3077564
1.3537414
1.3078977
0.98793732
1.0099151
0.99076273
0.9500652
0.98796877
1.0117922
0.99034172
0.94998924
1.0087037
0.83564458
0.83567674
0.83567526
1.0087845
0.83569667
1.3535712
1.307468
1.3074143
1.3531391
1.0097639
0.98791154
0.94975551
0.9901766
0.99029195
0.94981442
0.98792633
1.0094477
0.85401869
1.0170823
0.91080272
0.96367081
0.8540185
1.0174318
0.91062486
0.96358138
1.2561559
1.2560486
1.0170184
0.85404582
0.9632371
0.91125078
0.91061421
0.96332005
0.85402342
1.0169456
1.2558583
1.2559495
1.3087612
0.87316319
0.94807281
0.94818213
0.87307062
0.81538307
0.81539373
1.2818207
1.194211
1.2815644
0.8729165
0.94796866
0.87298639
0.94786325
0.81535091
0.8153007
1.193648
1.2803372
1.2809504
0.97333039
0.85570043
0.97306051
0.85525247
0.97222036
0.97239786
1.8278961
1.8348713
1.885336
1.8446604
1.5497874
2.1628175
1.9320839
1.9631593
1.8788802
1.8405341
1.8363773
1.8337615
1.049298
1.2452143
1.0495655
1.2450186
0.55064427
0.47757248
0.55084621
0.47752658
1.0509079
1.2469248
1.2463325
1.0518051
0.55247408
0.48018761
0.47929442
0.55350494
0.56714983
0.52791125
0.56624399
0.52878721
0.68926262
0.7132179
0.68844321
0.7140152
0.56806208
0.52955631
0.5294606
0.5681089
0.68997061
0.71454707
0.71466059
0.68984234
0.30210469
1.2263651
0.78539429
0.30388045
1.2264062
0.78584095
0.3027596
0.78674321
0.78659702
0.30403376
1.2259702
0.98893229
1.0108768
0.99028748
0.94974446
0.98894046
1.0113321
0.99017138
0.9496948
1.3542772
1.3083843
1.3083527
1.3539235
1.0107524
0.98898268
0.94956017
0.99004833
0.99013435
0.9495845
0.98902292
1.0104587
1.2577432
1.3104896
1.2576556
1.0183194
0.85546381
0.96314355
0.91146488
0.91152367
0.9631886
0.85545164
1.0181435
1.2574986
1.2575716
1.3101787
0.81819321
0.81818265
1.2837264
1.1938465
1.2834731
0.87543598
0.95050255
0.87548406
0.95041029
0.81816936
0.81813409
1.196423
1.2827994
1.283398
0.8584238
0.97587104
0.97592407
1.1977571
1.190803
2.2616893
1.9495461
2.2771122
2.9692557
2.1740593
1.9695788
1.8298983
1.8339019
1.8757431
1.8669311
1.1904912
1.1978344
2.1668568
1.9662185
2.1677049
1.9461844
1.8650449
1.8741771
1.5508332
1.5697512
1.8286205
1.8327464
0.69949834
1.2816803
1.281401
0.56543068
0.69538468
1.2811918
1.2803699
0.56672264
1.0266724
0.79260976
1.0258602
1.2987817
1.2633351
1.2633283
1.2612865
1.2984453
1.2606995
0.79687129
1.029762
1.0295278
1.2805699
0.69572044
1.280227
0.56456255
0.69987063
1.2814833
1.2813293
0.55268829
0.47998516
0.55250103
0.48007942
1.0487812
1.2445316
1.2440176
1.0493973
0.55233517
0.48016372
0.47988535
0.55274695
0.68971795
0.71459647
0.68959323
0.71468382
0.56868464
0.5302574
0.53008964
0.56885676
0.69036267
0.71512751
0.71505453
0.69045331
1.313261
0.92184561
0.92190692
0.95222636
0.96151983
0.95220012
1.3133309
0.92174211
0.92195026
0.95205759
0.96149495
0.95215862
0.29880261
1.2257425
0.78678908
0.78679
0.29846056
1.2256754
0.92196191
1.3131573
0.9219755
0.96128556
0.95176795
0.95185852
0.95200424
0.96134295
0.95194769
1.3131064
0.92185044
0.92203623
0.98859143
0.97882908
0.97890935
0.98743244
0.94342129
0.98736813
0.98867077
0.97903257
0.97898551
0.98722369
0.94337031
0.98731655
0.97467973
0.98289821
0.97464089
0.94160903
0.95419493
0.95422734
0.95428716
0.94164536
0.95426422
0.98287148
0.97458708
0.97462944
0.97877105
0.98838765
0.97870939
0.94310755
0.98694312
0.987017
0.98716172
0.9431789
0.98710216
0.9883493
0.9785892
0.97866366
1.3070871
1.3527312
1.3072005
0.98787443
1.0089978
0.99030561
0.94963839
0.98791194
1.0106308
0.98990629
0.94958734
1.0081052
0.83519528
0.83526188
0.83538201
1.0081827
0.83533358
1.3526532
1.3068765
1.3068412
1.3524049
1.0088545
0.98783083
0.94925102
0.98856464
0.98981225
0.94934426
0.98781611
1.008708
0.85408143
1.0177273
0.91121873
0.96306505
0.85409027
1.0169117
0.91106909
0.96301282
1.2554781
1.2554158
1.0176715
0.85392693
0.96274386
0.910933
0.91103409
0.96282457
0.85373475
1.0164721
1.2553135
1.2553617
1.308009
0.87263839
0.94738293
0.94743978
0.87259065
0.81493545
0.814988
1.2804362
1.193434
1.2803439
0.87251039
0.94732695
0.8725457
0.94726727
0.81488193
0.81482648
1.1930454
1.2795583
1.2800861
0.97180389
0.85472453
0.9716746
0.85445056
0.97121261
0.97132307
1.8296392
1.8354818
1.8759795
1.8702136
1.5530179
2.1693308
1.9656243
2.6805481
1.946195
1.8676787
1.8739412
1.8282381
1.8339829
1.0499712
1.2448274
1.0494691
1.2452344
0.55273047
0.47980276
0.55243999
0.4799833
1.0491055
1.2449782
1.2445314
1.0496337
0.5522078
0.47982726
0.4796332
0.55252033
0.56818632
0.52923161
0.56787725
0.52961173
0.689918
0.71449283
0.6897131
0.71468281
0.56858277
0.53002734
0.52975154
0.56843678
0.69065631
0.71561155
0.71541005
0.69084876
0.30326881
1.2261324
0.78697235
0.30423014
0.78705642
0.29952089
1.2263864
0.7872741
0.78721137
0.29876734
0.98909627
1.0102082
0.99002653
0.94950352
0.98910375
1.0103878
0.98996068
0.94948616
1.3535879
1.3080077
1.3080067
1.3534486
1.0101603
0.98913682
0.94942889
0.98987474
0.98993855
0.94944123
0.98916227
1.0100282
1.2572334
1.2571944
1.0179321
0.85533111
0.96288048
0.91137065
0.91139609
0.96290085
0.85531885
1.0178553
1.2571378
1.2571641
1.3095912
0.81792418
0.81794236
1.2825038
1.1932765
1.2824253
0.87523039
0.95003091
0.87523847
0.94999191
0.81789232
0.81786423
1.196055
1.2822376
1.2827382
0.85838006
0.97607977
0.9760302
1.1961527
1.1889985
2.256995
1.945743
2.2638536
2.9625929
1.9632433
1.8273083
1.8322709
1.5690317
1.8715495
1.8652341
1.188406
1.1949525
2.1676154
1.9608388
2.1694858
1.9456085
1.8662195
1.8687547
1.5507785
1.5687906
1.8260634
1.8330939
0.69958565
1.2810335
1.2809846
0.5635156
0.69551292
1.2802311
1.2799063
0.56507086
1.0246907
0.79140008
1.024541
1.2976432
1.2623631
1.262415
1.2594114
1.2968077
1.2593723
0.79603017
1.0286636
1.0286228
1.2797882
0.69525089
1.2797173
0.56299755
0.69969687
1.2811723
1.2810385
0.55251005
0.47981596
0.55222403
0.47999188
1.0483974
1.2444097
1.243791
1.0491333
0.55197549
0.47994092
0.47964512
0.55242156
0.69037204
0.71513412
0.69042432
0.71507627
0.56837964
0.52999345
0.52980386
0.56805146
0.68986875
0.71400271
0.71458278
0.68940627
1.3128689
0.92178423
0.9218937
0.95172544
0.9611337
0.95167751
1.3129729
0.92194073
0.92201969
0.95155704
0.96109461
0.95163758
0.29818798
1.2253338
0.78614186
0.78627366
0.29891969
1.2251995
0.9218686
1.3127453
0.92186108
0.9609465
0.95138962
0.95144917
0.95153138
0.96097801
0.95150582
1.312698
0.9217056
0.92190512
0.9881849
0.97843967
0.97847688
0.9868966
0.94294816
0.98685088
0.98822327
0.97854984
0.97852119
0.9867775
0.94291783
0.9868297
0.9744864
0.9827329
0.97448898
0.94139856
0.95405737
0.95406957
0.95408456
0.9414236
0.95408466
0.98276376
0.97450867
0.97451599
0.97843446
0.98815509
0.97843379
0.94284173
0.98674565
0.98674856
0.98676651
0.9428529
0.98676691
0.98818321
0.97845054
0.97845521
1.3065995
1.3521953
1.3066848
0.98765155
1.0084559
0.98978117
0.94928607
0.9876926
1.0099454
0.98951168
0.94924744
1.0077814
0.83490932
0.83492533
0.83496456
1.0077987
0.83495276
1.3521771
1.3065269
1.3065471
1.3521246
1.0084237
0.98763418
0.94904309
0.98841069
0.98949334
0.94916276
0.98765895
1.0084708
0.85359196
1.0163144
0.91091432
0.96264402
0.85361111
1.0164177
0.9108238
0.96261187
1.2551298
1.3077397
1.3077618
1.2551068
1.0162937
0.85355033
0.96238534
0.90986642
0.91081164
0.96251676
0.85351378
1.0160912
1.2550809
1.2550902
1.3077135
0.87236573
0.94703068
0.94704871
0.87234472
0.81459467
0.81461538
1.2794045
1.1928332
1.279826
0.87232376
0.94701309
0.8723283
0.94699088
0.81457423
0.81454376
1.189927
1.2792754
1.2792841
0.97092574
0.85410283
0.97084274
0.85390588
0.97049228
0.97057074
1.8283264
1.8339207
1.8712829
1.8670402
1.550788
2.1677769
1.9617031
1.9486802
1.8687341
1.8693963
1.8279925
1.8344161
1.0496788
1.2444953
1.0489889
1.2450831
0.55258898
0.47961217
0.55214153
0.47993576
1.0492886
1.2454452
1.2448234
1.0500278
0.55239381
0.48018396
0.47990206
0.55282948
0.56862702
0.53002029
0.56844894
0.53033581
0.69097766
0.71584568
0.69098514
0.71583281
0.56834161
0.53032572
0.53024039
0.56831836
0.69062991
0.71524573
0.71544372
0.69046284
0.2977024
0.78730788
0.29748277
0.78730315
0.29893368
0.78697987
0.78707183
0.2996236
0.98915579
1.0099202
0.98985619
0.94939465
0.98917765
1.0099942
0.98981601
0.94938601
1.3533445
1.3078399
1.3078724
1.3533286
1.0099112
0.98919961
0.94938893
0.98981705
0.98981037
0.94938264
0.98923835
1.0099067
1.2570373
1.2570259
1.0177992
0.85529644
0.96278633
0.91136932
0.91135203
0.96278342
0.8552955
1.0177963
1.2570226
1.2570216
1.3094593
0.817819
0.81780891
1.2821664
1.1931363
1.2821454
0.87521562
0.94989906
0.87520489
0.94989
0.81781346
0.81781012
1.1960081
1.2821313
1.2825951
0.85864164
0.97667701
0.97660186
1.1967515
1.1902908
2.2632026
1.9476517
2.9599586
1.9580572
1.8267731
1.8337567
1.5706952
1.8670564
1.8687964
1.5524499
1.1898985
1.1991619
2.1669094
1.9619268
2.1656195
2.2662186
1.9489159
1.8680808
1.871007
1.5525072
1.5715744
1.8270454
1.8344978
0.70079369
1.2819608
1.2818241
0.56483633
0.6961773
1.2801097
1.2803768
0.56770916
1.0261876
0.79300834
1.0264033
1.298855
1.2645122
1.2637055
1.2609115
1.2993542
1.2613433
0.79745767
1.0309563
1.0300745
1.2806498
0.6964837
1.2806654
0.56544437
0.70090736
1.2820045
1.2818995
0.55295097
0.48000071
0.55240725
0.48033381
1.0489193
1.2446287
1.2441369
1.0495958
0.55218754
0.47960467
0.47963
0.55240781
0.68893659
0.71349709
0.68894401
0.71345741
0.56839076
0.53107991
0.53068452
0.56874527
0.68928587
0.71391535
0.71374559
0.68950595
1.3124679
0.92147742
0.92164526
0.95137005
0.96086897
0.95133457
1.3125746
0.92177446
0.92181954
0.9512046
0.96084332
0.95129449
0.29974139
1.2249027
0.7854401
0.78546343
0.29927709
1.2249161
0.92150097
1.3123757
0.9214454
0.96072836
0.95106558
0.95107631
0.95116232
0.96074279
0.95112512
1.312373
0.92131827
0.92147232
0.98823734
0.97853669
0.97852799
0.98677164
0.94288889
0.98679658
0.98823537
0.97848
0.97851519
0.98684866
0.94292697
0.98684187
0.97438558
0.98269306
0.97433786
0.94115387
0.95377217
0.9538022
0.95389703
0.94118945
0.9538545
0.98267347
0.97427297
0.97431446
0.97856285
0.98822619
0.97858007
0.94305436
0.98695719
0.9869363
0.98688624
0.94302643
0.98692464
0.98823442
0.97861044
0.9786099
1.3065325
1.3521683
1.3521567
1.3065609
0.98772962
1.0084552
0.98961134
0.94918804
0.98771755
1.0097291
0.9895261
0.94921473
1.0079606
0.83501617
0.83499979
0.8349561
1.0079306
0.83498835
1.3522066
1.3066248
1.3066954
1.3523026
1.0084975
0.98788099
0.94934665
0.98975907
0.98957485
0.94931469
0.98795923
1.0087045
0.85353289
1.0163067
0.91068479
0.96250655
0.85352893
1.0162233
0.91084831
0.9625393
1.2550885
1.3077251
1.3077098
1.2551056
1.0163489
0.85373722
0.96264315
0.91096328
0.91087419
0.96262052
0.85374625
1.0164079
1.2551502
1.2551279
1.3078068
0.87235131
0.94698295
0.94696544
0.87236505
0.8145199
0.81450956
1.2792593
1.1927223
1.2797228
0.87240832
0.94699893
0.87238185
0.94700791
0.81452934
0.81452716
1.189909
1.2793136
1.2792908
0.97030923
0.85374646
0.97025534
0.85363527
0.97001303
0.97007385
1.8265545
1.8342097
1.8687413
1.8691907
1.5521068
2.1674634
1.9628944
2.1672437
1.9507427
1.8680512
1.8721334
1.5524412
1.8289266
1.835445
1.0500709
1.244854
1.0492985
1.2454857
0.55267013
0.47976627
0.55225596
0.47997524
1.0492583
1.2452947
1.2447618
1.0499746
0.55198631
0.47939098
0.47934076
0.55227448
0.5680628
0.53001287
0.56798915
0.53014881
0.69005757
0.71474909
0.68997148
0.7147536
0.56874988
0.53129647
0.53084352
0.56918197
0.6904593
0.71529981
0.71509639
0.69076405
0.30090647
1.2257295
0.78660024
0.30075616
0.78650262
0.29952077
0.78622603
0.78624046
0.29910377
0.9893201
1.0099693
0.989827
0.94941968
0.98931884
1.0099171
0.98987565
0.94943411
1.3533909
1.3079217
1.3079753
1.3534347
1.0099984
0.98942903
0.94951926
0.98997465
0.98989845
0.9494953
0.98948464
1.0100849
1.2570482
1.2570579
1.0178127
0.8552979
0.96286904
0.91147871
0.91142657
0.96284821
0.85529715
1.0178335
1.2570915
1.2570736
1.3095189
0.8178647
0.81784267
1.2821504
1.1932069
1.2821536
0.87532046
0.9499413
0.87530047
0.94994361
0.81786969
0.81787484
1.196128
1.2822097
1.2826605
0.85904203
0.97738005
0.97729345
1.1975901
1.1881229
2.2459985
1.9428811
1.975422
1.827839
1.8356675
1.5661942
1.8817115
1.8596069
1.5500733
1.1932844
1.185331
2.2094394
1.9305542
2.160522
1.964241
1.8646553
1.8232579
1.5671919
1.566999
1.8713863
1.8603239
0.69927208
1.2821563
1.2815165
0.69507129
1.2806349
1.2802727
0.56833657
1.0290563
0.79602009
1.0280784
1.2961462
1.2605676
1.2592861
1.2622088
1.295794
1.2613485
0.79176333
1.0258012
1.0247479
1.2817361
0.69875632
1.2808746
0.56587405
0.69492938
1.280476
1.2797485
0.55182631
0.47842982
0.55072946
0.47927561
1.049811
1.2437531
1.2445486
1.0486102
0.55293391
0.47955283
0.48025052
0.55189295
0.68965098
0.71409436
0.68967838
0.714073
0.56753338
0.52933398
0.52984025
0.56705813
0.68905764
0.71356183
0.71377484
0.68880309
1.3126814
0.92197184
0.92188645
0.95115971
0.96090321
0.95130761
1.3126345
0.9215272
0.92180257
0.95165146
0.96104595
0.95149348
0.3055774
1.2250574
0.78599868
0.78592548
0.3070019
1.225127
0.92229045
1.3130091
0.92258833
0.96166296
0.95241978
0.95229504
0.95188105
0.96153262
0.95211727
1.3132148
0.92294178
0.92294054
0.9883084
0.97877601
0.9787311
0.98700226
0.94317907
0.98704612
0.98827071
0.97864558
0.9786935
0.98714648
0.94323834
0.98711365
0.97453697
0.98292923
0.9746158
0.94184109
0.95434591
0.95429818
0.95414387
0.94176517
0.95424712
0.98298685
0.97471715
0.97468675
0.97884464
0.98849473
0.97889672
0.94341283
0.98730877
0.98728654
0.98721039
0.9433866
0.98726715
0.98855076
0.97896271
0.97894867
1.3068161
1.3524496
1.3524293
1.3068286
1.352356
0.98815822
1.0088533
0.98998846
0.94950267
0.98813519
1.0100437
0.9898976
0.94954226
1.0083057
0.83532932
0.83530877
0.83523024
1.0082813
0.83528211
1.3524837
1.3068949
1.3069712
1.3525965
1.0088944
0.98825513
0.94969159
0.99010591
0.98995116
0.94966676
0.9883149
1.0090669
0.85362482
1.0164795
0.91101528
0.96275938
0.85360574
1.0164004
0.91111821
0.96280653
1.2553097
1.3079329
1.3079122
1.2553287
1.0165326
0.85383946
0.96294863
0.91124649
0.91115456
0.9629301
0.85374016
1.0166078
1.2553582
1.2553389
1.3080012
0.87254159
0.94712094
0.94709299
0.87256307
0.81461508
0.81459698
1.2793671
1.1928059
1.2798439
0.87260638
0.9471428
0.87258246
0.94715496
0.81462669
0.81462694
1.1899961
1.2794418
1.2794223
0.9698318
0.85355519
0.96977059
0.85343606
0.96944381
0.96953719
1.8292145
1.8357054
1.8831315
1.8599846
1.5497199
2.2076564
1.9263108
2.1577509
1.9580835
1.8661323
1.8201745
1.5672289
1.868428
1.8612968
1.0496194
1.2440409
1.0482186
1.2450689
0.55219026
0.47857553
0.55095041
0.47954639
1.0506739
1.244639
1.2456433
1.0492589
0.55347403
0.47975569
0.48065635
0.55220602
0.56984668
0.53144058
0.56986926
0.53149995
0.6908922
0.71552846
0.69100619
0.71544065
0.56834591
0.52913585
0.53014513
0.56760563
0.68974293
0.71420215
0.71450977
0.68936961
0.30053886
1.2259697
0.7862849
0.29946734
0.78636465
0.30535865
0.78652072
0.78652685
0.30653493
1.2258218
0.98956802
1.0101722
0.99000038
0.94958549
0.98958272
1.0101152
0.99005953
0.94960376
1.3534874
1.3080025
1.3080559
1.0101834
0.98957091
0.94964979
0.99009294
0.99007118
0.94964281
0.98960187
1.0102136
1.257144
1.3095564
1.3095587
1.2571408
1.0178744
0.85529337
0.96298869
0.91156033
0.91154784
0.96297738
0.85529269
1.0178896
1.2571361
1.2571309
1.3095497
0.81794161
0.81792376
1.2822485
1.193353
1.2822513
0.87540712
0.95001535
0.87539861
0.9500133
0.81793933
0.8179397
1.1962569
1.2822828
1.2827416
0.85951659
0.97816653
0.97807858
1.1950473
1.1884834
2.2040851
1.9234489
1.9556808
1.82076
1.8764082
1.5505834
1.84195
1.8339293
1.5763999
1.1909866
1.1914769
2.2764579
1.9556506
2.6692376
2.2812186
1.960232
1.8668806
1.8297714
1.8326095
1.8667025
0.69926769
1.2803635
1.2815617
0.56920963
0.7021471
1.2820284
1.2825972
1.0267643
0.79891288
1.0313347
1.2997488
1.2618689
1.2645352
1.2613783
1.300139
1.2648465
0.79872561
1.0273419
1.0310778
1.2805802
0.70159912
1.2821121
0.56562235
0.56781282
0.70141939
1.2808966
1.2820938
0.55268761
0.48030367
0.55319434
0.48001695
1.0509021
1.24609
1.2460625
1.0509482
0.55306729
0.48039635
0.48031233
0.55316458
0.68913533
0.71369185
0.68906202
0.71377114
0.56773709
0.52966121
0.52974507
0.56773171
0.68915232
0.71391989
0.71368868
0.68934875
1.313381
0.92298233
0.92311507
0.95253135
0.96190399
0.95258704
1.3133772
0.92310177
0.92321207
0.95256956
0.96192098
0.95261676
0.30638733
1.225278
0.78641854
0.78638229
0.30557703
1.2252929
0.92296611
1.3133094
0.92282547
0.9617119
0.95219745
0.95233551
0.95253251
0.96180078
0.95245911
1.3132841
0.92238967
0.92274015
0.98862239
0.9790062
0.97902139
0.98734745
0.94348823
0.98736848
0.98863214
0.97900081
0.97902907
0.98737554
0.9435035
0.9873951
0.97475193
0.98304469
0.97475178
0.94187514
0.95434876
0.95437053
0.95439987
0.94193625
0.95439835
0.98305566
0.97475422
0.97476778
0.97900839
0.98860632
0.97899604
0.94344743
0.98730783
0.98734126
0.98738092
0.94347927
0.98737872
0.98861005
0.97894648
0.97898874
1.3070141
1.3526659
1.3526635
1.3070376
1.3526212
0.9883249
1.0090699
0.99030507
0.94976522
0.98834596
1.010374
0.99008636
0.94976059
1.0083783
0.83543495
0.83543949
0.83541851
1.0083996
0.83544134
1.3526745
1.3070143
1.3070417
1.3526632
1.0090676
0.98824399
0.94970707
0.99028186
0.99008713
0.9497242
0.9882128
1.0104531
0.85398322
1.0177274
0.91127487
0.96301809
0.85380691
1.0166371
0.91124859
0.96303689
1.255446
1.308109
1.2554501
1.0177628
0.85411076
0.96301101
0.91120193
0.91124996
0.96302933
0.85479143
1.0177602
1.2554433
1.2554466
0.87265201
0.94721235
0.94720032
0.87264452
0.81467387
0.81466639
1.2794692
1.1928355
1.2799354
0.87262516
0.94721694
0.87263301
0.94721087
0.81467399
0.81465975
1.1899748
1.2794906
1.2794802
0.96914498
0.8532424
0.96904271
0.85301736
0.96850106
0.96864659
1.8604452
1.8774474
1.5546743
1.8330891
1.838748
2.234691
1.9483286
1.9440618
1.838884
1.8386844
1.5710324
1.5543225
1.8232913
1.8672535
1.0491488
1.2453153
1.0498062
1.2447711
0.55162471
0.47934141
0.5520192
0.47908323
1.0518245
1.2470849
1.2470073
1.0517527
0.55369178
0.48039968
0.4805405
0.55348015
0.56739266
0.52905613
0.56760791
0.52918078
0.68942361
0.71404647
0.6892993
0.71415311
0.5686329
0.53026281
0.53030634
0.56868671
0.69001897
0.71482479
0.714664
0.69017462
0.30781869
1.2258318
0.78659386
0.30781238
1.2257945
0.78660822
0.30788246
0.78671031
0.78671752
0.30737523
1.225611
0.98953027
1.0101874
0.99009001
0.94963338
0.98957619
1.0102142
0.99004836
0.94961624
1.3534903
1.3079617
1.3534707
1.3079745
1.3534276
1.010162
0.98937361
0.94949017
0.98990082
0.99001881
0.9495295
0.98933082
1.0100627
1.2571424
1.3095441
1.3095526
1.25713
1.0178728
0.85527406
0.96289809
0.91138118
0.91148379
0.96292105
0.85526476
1.0178318
1.2570867
1.2571048
1.3095063
0.81797033
0.81795902
1.2822941
1.1934217
1.2822876
0.87532534
0.95002119
0.87534343
0.95000656
0.81795902
0.81794775
1.1962783
1.2822793
1.2827468
0.85993249
0.97883554
0.97876407
1.1899562
1.1890304
2.2720335
1.9520289
1.9466262
1.8273496
1.8653584
1.5743026
1.8281783
1.8733895
1.1874202
1.1888564
2.2541716
1.9445341
2.6541584
1.946338
1.8719296
1.8269887
1.5699042
1.8248645
1.8675002
0.70063167
1.2803502
1.281495
0.56641124
0.69980598
1.2803913
1.2813177
1.0257064
0.7962189
1.0289094
1.2971943
1.260049
1.2625822
1.2603248
1.2975814
1.2625513
0.79645541
1.0254971
1.0290943
1.2799227
0.69919203
1.2807736
0.56284599
0.5650377
0.69947259
1.2796823
1.2808203
0.55294097
0.48013192
0.55286718
0.48014227
1.0502674
1.245546
1.245496
1.050291
0.5525547
0.47956405
0.47971031
0.55244811
0.69074672
0.71518208
0.69047677
0.71546205
0.56877147
0.5303603
0.53050048
0.5686575
0.69098618
0.71526509
0.71576204
0.69066799
1.313022
0.9215022
0.92182998
0.95209183
0.9614069
0.95196993
1.3131276
0.922284
0.92215969
0.95169651
0.96130096
0.95185312
0.29684336
1.2255418
0.78644669
0.78654269
0.29642003
1.2255396
0.92136577
1.3128375
0.92116353
0.96090586
0.95136252
0.95143076
0.95160183
0.96099387
0.95152148
1.3128122
0.92068694
0.92104489
0.9885617
0.97885116
0.9788855
0.98729389
0.94335981
0.98727199
0.98858148
0.97893258
0.97892049
0.98722515
0.94333683
0.98726696
0.97475017
0.98306184
0.97474555
0.94136838
0.9541768
0.95421598
0.95426938
0.94144537
0.95425639
0.98306692
0.97471804
0.97475088
0.9788398
0.98853574
0.97882103
0.94321932
0.98716273
0.98718005
0.98721678
0.94325153
0.98721091
0.98853879
0.97877898
0.97881436
1.306965
1.35267
1.3526719
1.3070143
0.98795028
1.0103916
0.99026309
0.94960997
0.98804418
1.0104529
0.99016882
0.94958433
1.0082782
0.83539802
0.83541684
0.8354275
1.0082858
0.83543396
1.352692
1.3069649
1.3070139
1.0104052
0.98775042
0.94947123
0.99008691
0.9901551
0.94949922
0.98771202
1.0104562
0.85491138
1.0177767
0.91118269
0.96296131
0.85490241
1.0177753
0.91109329
0.96295485
1.2554242
1.2554263
1.0177984
0.85495946
0.96292682
0.9110325
0.91107795
0.96293213
0.85498347
1.0178741
1.2554571
1.2554368
0.87254377
0.94723009
0.9472097
0.87252665
0.81467238
0.8146561
1.2800323
1.1927737
1.2800127
0.87251331
0.94725226
0.87251373
0.94727388
0.81468744
0.81470364
1.1927971
1.279708
1.2801069
0.96810474
0.85268896
0.96798459
0.85250164
0.96752673
0.96762898
1.827378
1.8642714
1.8298579
1.873548
2.2535938
1.94626
1.9484691
1.8720277
1.8283369
1.5687963
1.5715959
1.8257319
1.8674513
1.050387
1.2457912
1.0502875
1.245885
0.55215924
0.47925113
0.55217209
0.47917986
1.0501624
1.2457875
1.2456896
1.0502506
0.55197723
0.47889818
0.47893613
0.5519783
0.56873542
0.52993311
0.56860399
0.53008947
0.69076698
0.71530467
0.69057374
0.71551462
0.56891922
0.52997952
0.53011378
0.56886139
0.69114386
0.7159043
0.71593672
0.69111207
0.30216232
1.2256983
0.78660632
0.30377985
1.2256863
0.78657364
0.29814298
0.78636845
0.78643566
0.29766423
1.2257358
0.98899156
1.0099187
0.98985222
0.94933686
0.98910626
1.0100268
0.98969271
0.94927946
1.3533428
1.3077721
1.3078015
1.3533777
1.009894
0.98871895
0.94909213
0.98953442
0.98964229
0.94912788
0.98865695
1.0098858
1.2570062
1.3094543
1.3094526
1.2569938
1.0177529
0.85520123
0.96266448
0.91106086
0.91114987
0.96267297
0.85519734
1.017777
1.2569868
1.3094598
1.2569873
0.81794152
0.81792703
1.2822854
1.1934019
1.2822875
0.87512087
0.94999447
0.87513371
0.95000165
0.81793978
0.81793486
1.1934592
1.2824295
1.2828836
0.86029166
0.97945712
0.97935747
1.1878292
1.1893672
2.2563109
1.9486231
2.1741364
1.9483494
1.8294892
1.8722182
1.5711001
1.8267116
1.8692735
1.1919922
1.188685
2.2867653
1.9683195
2.1784397
2.6970784
1.9400481
1.8663647
1.834631
1.574609
1.5719773
1.8337381
1.8767767
0.69858277
1.279897
1.2806947
0.56467391
0.69889265
1.2796627
1.2806818
1.0280771
0.79784507
1.0309301
1.2987476
1.2609413
1.2632188
1.2628851
1.2990003
1.2646324
0.79539378
1.0258672
1.0288632
1.2806241
0.70009753
1.2816037
0.69781695
1.2802722
1.2810637
0.55204583
0.47913241
0.55210226
0.47905687
1.0513373
1.2468976
1.2467695
1.0514422
0.55239398
0.47890561
0.47911258
0.5523136
0.68923511
0.71436591
0.68970712
0.71388864
0.56615491
0.52750558
0.52791187
0.565706
0.68805296
0.71212397
0.71269424
0.68755403
1.3126704
0.92013893
0.92035253
0.95136829
0.96075526
0.95139843
1.3127176
0.92061587
0.92057362
0.95150816
0.96073679
0.9514628
0.30526891
1.225228
0.78473079
0.78513152
0.3069297
1.225373
0.92012477
1.312696
0.9200644
0.96067424
0.95204619
0.95190548
0.95162936
0.96070264
0.95177385
1.3128026
0.91988891
0.92010244
0.98846878
0.97874272
0.97875918
0.98717333
0.94318589
0.98718261
0.9884995
0.97877642
0.97877814
0.98721573
0.94319543
0.98721482
0.97441708
0.98274038
0.97430916
0.9407303
0.9534455
0.9535961
0.95385394
0.94086432
0.95374726
0.98265732
0.97406196
0.97420116
0.97875015
0.98838577
0.97874865
0.94325915
0.9873684
0.9873232
0.98725489
0.94323973
0.98729934
0.98836284
0.97874882
0.97876014
1.3071258
1.3531729
1.3071127
0.9875125
1.0107737
0.99010246
0.94947792
0.98757097
1.0105232
0.99017635
0.94951109
1.0086682
0.83500231
0.83512574
0.83526838
1.0085811
0.83521983
1.3533328
1.3073546
1.3074899
1.0109224
0.98747753
0.94970593
0.99038513
0.99023429
0.94965067
0.9875106
1.0114343
0.85503689
1.018092
0.91104276
0.96300621
0.85503442
1.0179265
0.91109582
0.96306503
1.255667
1.2557364
1.0181801
0.85501824
0.96336541
0.91130765
0.91114074
0.96328142
0.85500178
1.0184966
1.2559159
1.2558153
1.3092133
0.87262025
0.9476255
0.94753202
0.87266934
0.81488698
0.81485296
1.2804396
1.1932205
1.2805714
0.87281119
0.94772528
0.87273057
0.94783002
0.81490624
0.81490834
1.1932996
1.2808757
1.2810919
0.96737237
0.85240808
0.9673578
0.85251624
0.9676471
0.96750866
1.8272061
1.8718799
1.8259959
1.8697521
1.5720144
2.2870914
1.9670979
1.9390852
1.8671587
1.8334818
1.5716871
1.8323176
1.8764998
1.0504688
1.2459654
1.0503672
1.2460923
0.55189295
0.47872917
0.55188701
0.4786902
1.051415
1.2471893
1.2471154
1.0514467
0.55216894
0.47845547
0.47871163
0.55201019
0.56752299
0.52908051
0.5680458
0.52853401
0.68983013
0.71509372
0.69029588
0.71462617
0.56626488
0.52692997
0.52725361
0.5658087
0.68823436
0.71224331
0.71291647
0.68761694
0.30127232
1.2255097
0.78604356
0.29963125
1.2255938
0.78587942
0.30690685
0.78469929
0.78510786
0.30856919
1.225569
0.98837505
1.0101331
0.9895171
0.94904213
0.98844985
1.0099153
0.98953938
0.94904957
1.3538404
1.30804
1.3081721
1.3545012
1.0102563
0.98831239
0.94921694
0.98972517
0.98957207
0.94915602
0.98834389
1.0107617
1.257111
1.3099244
1.3097949
1.2571699
1.0180155
0.85514392
0.96300174
0.91124326
0.91108847
0.96290951
0.85511741
1.0183216
1.2573277
1.257237
1.3102765
0.81809044
0.81805671
1.2826669
1.1936592
1.2827821
0.87533517
0.95038863
0.87526082
0.95048271
0.81809657
0.81809168
1.1968129
1.2835602
1.2837797
0.8611121
0.9809323
0.98068163
1.1874129
1.1955624
2.1792544
1.9803317
2.2380895
2.2020735
1.9273794
1.8834206
1.8393422
1.8245884
1.8390657
1.1817126
1.1898216
2.1845503
1.9597542
2.2965519
2.9683301
1.9319894
1.8340013
1.8599946
1.5568352
1.5485781
1.8276463
1.8600692
0.69194997
1.2809209
1.2799521
0.56730368
0.69489259
1.2807575
1.2805835
0.56701413
1.0258765
0.79116825
1.0258685
1.2893326
1.2659
1.2553973
1.2619562
1.2965262
1.2616226
0.79173242
1.0375808
1.0216298
1.2810697
0.69415542
1.2824799
0.59167155
0.57117018
0.6928118
1.2898395
1.283924
0.55037185
0.47744377
0.5508253
0.47688806
1.0509713
1.2416058
1.2476079
1.0461775
0.54940231
0.47796864
0.47562151
0.55239068
0.68330549
0.70926792
0.68479638
0.70782866
0.56186921
0.53588722
0.52491645
0.57117726
0.68201128
0.71124343
0.70638314
0.6877232
1.312572
0.91881361
0.91943722
0.95222169
0.96048939
0.95237196
1.3129566
0.91991741
0.91989114
0.95244898
0.96035449
0.95243955
0.41789116
1.212445
0.79180123
0.78852887
0.43695512
1.2057776
0.91779455
1.3080746
0.91767796
0.95865471
0.95249983
0.95257772
0.95234783
0.95958359
0.95246507
1.3049031
0.92282763
0.91809744
0.98831902
0.97885444
0.97885763
0.98745314
0.94343608
0.98754835
0.98831815
0.97878094
0.97882737
0.98772973
0.94353335
0.98767343
0.97388787
0.9820929
0.97385067
0.94011436
0.95122024
0.95346324
0.95327115
0.94019351
0.95331276
0.98183175
0.97156827
0.97391997
0.97876221
0.98789587
0.97826147
0.94068927
0.98269768
0.98564505
0.98767274
0.94279534
0.98710075
0.98730652
0.97397677
0.97707638
1.3073052
1.3548673
1.307621
0.98703443
1.010147
0.99044596
0.94993725
0.987389
1.0116256
0.98994999
0.94998972
1.0079996
0.83834926
0.82381362
0.83372002
1.0085478
0.83437618
1.3539683
1.3031328
1.2969547
1.3534916
1.0094544
0.98300942
0.94775694
0.98505832
0.98948761
0.94905382
0.9799133
1.0081252
0.85426585
1.0192215
0.91140698
0.9637438
0.854909
1.0186592
0.91174701
0.9639053
1.2559091
1.2553034
1.0192127
0.85452041
0.96211479
0.90399384
0.91173294
0.96343995
0.84548626
1.0157377
1.2516226
1.2536221
1.3085401
0.87340458
0.94884177
0.94869915
0.8734866
0.81472357
0.81469824
1.2818183
1.1933603
1.2825089
0.87266266
0.9487854
0.87340741
0.94791008
0.81440481
0.81498974
1.1890024
1.2726255
1.2805216
0.96852978
0.8528792
0.96902301
0.85161953
0.96474525
0.96841716
1.8846637
1.839865
1.8241521
1.8391312
1.5535434
2.1854928
1.960379
1.9325259
1.8340729
1.8594821
1.8275191
1.8611293
1.0508524
1.2470061
1.0507163
1.2473546
0.55013726
0.47702552
0.55056328
0.47649569
1.0510143
1.2420131
1.2479336
1.0463275
0.54918021
0.47769822
0.47526787
0.55227337
0.56139575
0.52471513
0.56313735
0.52317695
0.68334921
0.70938647
0.68482746
0.70796234
0.56116355
0.53560471
0.52445149
0.57076678
0.68210249
0.71146092
0.7065845
0.68778781
0.33023066
1.2255468
0.78307191
0.31859229
1.2261456
0.78275392
0.42018082
0.79184966
0.788652
0.43786924
1.2060805
0.98787206
1.0109214
0.98976708
0.9494317
0.98822609
1.0109359
0.98955879
0.94949017
1.3544411
1.3038046
1.2976321
1.3539643
1.0102945
0.98384388
0.94770157
0.98593033
0.98914679
0.94872976
0.9807615
1.0089489
1.2572782
1.3117765
1.2566645
1.0190372
0.85544278
0.96197324
0.90493958
0.91167081
0.9631109
0.84660787
1.0168447
1.2529717
1.254975
1.3096081
0.81790778
0.81787771
1.2844997
1.1940154
1.2847175
0.87516278
0.95141997
0.87590435
0.95054421
0.81758443
0.81816123
1.1925389
1.2753323
1.2832073
0.86043773
0.97869477
0.98204223
1.8883581
0.86442333
2.0552229
0.86802512
1.9000438
0.86684005
1.8895825
2.6799947
0.86666255
1.8834015
2.6696425
0.86685397
1.9183341
0.8672038
2.1808537
2.9976775
0.86753427
1.8460335
2.6536564
0.86774467
1.8798785
0.86818672
2.1275535
0.86975313
1.8891281
2.146725
0.85318278
0.85801661
0.86159877
0.86532546
2.114252
0.85619616
0.86108421
0.86826395
1.9393326
2.1367307
0.85838373
0.85751347
0.86518231
0.86357444
2.1514657
2.9581369
0.86104742
0.86089747
0.86691567
1.8903929
2.1529849
0.85790662
0.85720277
0.86356144
0.86270826
2.1657238
2.9701577
0.86090562
0.86113494
0.86666271
1.8820766
2.6758349
2.1570532
0.85718115
0.85707374
0.86263374
0.86227732
2.1617135
2.9645495
0.86116197
0.86145157
0.86682221
1.8580379
2.6663333
2.1570711
2.9737499
0.85707695
0.85709706
0.86224751
0.86212906
2.1714073
2.9777876
0.86148451
0.8617911
0.86716197
1.908792
2.6869053
1.9744107
2.7274055
0.85711208
0.85705519
0.86212186
0.86201704
1.9812362
2.727899
0.86181885
0.86200063
0.8675041
2.1576277
1.8923737
2.677724
0.85703683
0.85667449
0.86199214
0.86172951
1.90118
2.6830515
0.86199865
0.86190662
0.86772285
1.8503307
1.8710558
2.6736156
0.85661342
0.85627074
0.86169171
0.86166684
1.8859984
2.6752516
0.86186696
0.86165742
0.86809152
1.8635268
1.7274598
0.85665812
0.85626387
0.86183797
0.86272024
1.7403404
0.86164271
0.86190765
0.86949696
2.1163621
1.8880829
0.85629831
0.8513589
0.86294715
0.85905227
1.8875765
2.6913243
0.86194485
0.85710803
0.86598224
0.8046571
1.0755409
1.0738925
0.81173172
0.59618198
0.51461968
0.4825925
0.61709902
0.71230416
0.6997992
2.1639869
0.78881324
1.2990915
1.2953115
0.81394921
0.98318081
0.93875708
0.9409484
0.98002861
1.0070879
1.0101983
1.6078101
0.86803082
1.6818534
0.80137886
1.0676699
0.80315646
1.0653653
0.6045127
0.48578994
0.60158488
0.48906184
0.70674619
0.70897004
2.143073
2.9228186
0.79089491
1.2969256
0.79249903
1.2935322
0.98367451
0.9414414
0.98345604
0.94186251
1.0097594
1.009507
1.6861474
0.86756431
1.6857244
0.80280467
1.066997
0.80302822
1.0670671
0.60456678
0.49045228
0.60494496
0.48997222
0.7095294
0.7097015
2.1636279
0.79708314
1.3003221
0.79338969
1.2993856
1.2262251
1.2260141
0.98371447
0.94231591
0.98379931
0.94237215
1.0092714
1.009145
1.6859101
0.8668749
1.6861356
0.80224267
1.0665752
0.80198042
1.0669613
0.60507467
0.49059834
0.60520532
0.49017931
0.70998712
0.70983595
2.1621438
0.79539237
1.2970503
0.79119408
1.2973302
1.2262678
1.2264324
0.98382386
0.94245433
0.98371512
0.94253831
1.0089627
1.0089166
1.6863083
0.86687375
1.6864413
0.80309046
1.0665115
0.8017555
1.0675789
0.60452212
0.49090661
0.60394208
0.49103589
0.7087879
0.70819124
2.1648664
2.967706
0.79601905
1.2971899
0.79092372
1.2984183
0.98381108
0.94247201
0.98389652
0.94230245
1.0089194
1.0089728
1.6866313
0.86714493
1.6867855
0.8042297
1.0664489
0.801272
1.0674953
0.60498692
0.49167774
0.60498594
0.49124011
0.70871347
0.70887205
2.1624013
2.9498452
0.79713281
1.2969937
0.79175933
1.2966654
1.2258813
1.2259463
0.9836514
0.94213376
0.98359007
0.94235859
1.0090713
1.0091381
1.6871247
0.86750819
1.6875314
0.80086591
1.0673651
0.80293144
1.0647036
0.60382136
0.48989545
0.60393979
0.48970902
0.70859764
0.70862958
1.7822748
0.79042916
1.2985095
0.79568132
1.2981661
0.98371069
0.94257102
0.98370534
0.94258651
1.009165
1.0091392
1.6883967
0.86779108
1.6890857
0.80130247
1.0646564
0.80114247
1.064771
0.60510879
0.49035577
0.60435646
0.49038661
0.70952304
0.71014736
1.9011442
2.6877313
0.79142248
1.2965639
0.79047126
1.2966223
1.225669
0.98361494
0.94236485
0.98372093
0.94203128
1.008994
1.0088708
1.6909442
0.86801255
1.6921574
0.80102418
1.0641385
0.8007358
1.0643856
0.60329492
0.48945275
0.60465437
0.48800747
0.70965871
0.70846675
1.8516247
0.79063887
1.2960354
0.79029228
1.2966552
0.98328758
0.94159064
0.98344818
0.94137692
1.0087813
1.0088686
1.6945256
0.86876067
1.6960221
0.80364166
1.0677267
0.80292444
1.0703135
0.59632282
0.48656858
0.60112277
0.48201326
0.7053315
0.70055836
2.1297007
2.9203234
0.78896697
1.2956167
0.7913212
1.2953464
0.98269718
0.94076741
0.98281791
0.94055437
1.0093367
1.0098172
1.6985296
0.87013676
1.6987032
2.1630503
2.9669637
2.1223648
0.81567476
0.58883571
0.77488748
0.78461029
0.57001076
0.57161429
0.78237834
0.65203968
0.48343206
0.45843117
0.66192385
0.8039898
1.0689771
1.0707838
0.80398021
0.65205518
0.46019586
0.45819574
0.65262005
0.63499705
0.76441117
0.75087962
0.6520861
0.59658968
0.48510028
0.48237842
0.599989
0.63549166
0.75558055
0.75168628
0.63915443
0.70570091
0.7012552
0.85612441
0.85763685
1.6094971
0.86515227
1.6826636
2.6555657
2.815131
0.86570988
1.6859688
1.6865107
2.8234435
2.8227275
1.186357
1.5573873
1.1818567
1.5474637
2.1207821
2.9001663
1.1884774
1.5537158
1.1884782
0.69150932
0.7115718
0.81800486
0.58632269
0.77845708
0.78895742
1.2988642
1.2967951
0.79527595
0.69160288
0.69761565
0.78700977
0.78609521
0.8038281
1.0755148
1.0732573
0.81157156
0.65110167
0.4823498
0.45706184
0.66161899
0.80313045
1.0691371
1.0700795
0.80424588
0.65109097
0.46004869
0.45695608
0.65265457
0.59514344
0.5133369
0.48119081
0.61595587
0.6341216
0.76380699
0.75043311
0.65106481
0.59578679
0.4851941
0.48119321
0.60020514
0.63484557
0.75602384
0.75143956
0.63930382
1.3104324
0.95698161
0.96062309
1.3170999
0.71172729
0.69931327
1.3124817
0.96137188
0.96089767
1.3136489
0.705974
0.70094541
0.98911194
0.9376924
0.94439439
0.98566033
0.983242
0.94131164
0.94098191
0.98340087
0.98920319
0.9443445
0.94451565
0.98922862
1.0099002
1.0103247
0.85921848
0.8607475
2.6524212
2.8139779
0.8686168
1.6863512
1.6859036
2.8235876
2.8216779
2.1194486
2.9099081
1.57105
1.5559172
1.7159515
0.78718811
0.5676041
0.56496371
0.78943925
0.78404378
0.57019348
0.56490711
0.78969314
0.65090091
0.4605189
0.65208656
0.46278826
0.80160104
1.0680434
1.0653221
0.80447112
0.65124879
0.46507613
0.46341355
0.65383009
0.64322345
0.75666572
0.64044799
0.75906761
0.60440711
0.49094622
0.48910065
0.60527852
0.64348911
0.75951647
0.75940983
0.64361777
0.70954214
0.7093131
0.85823128
0.85816191
1.685224
0.86445137
1.6834815
2.8225398
2.8207442
0.86423744
1.6814009
1.6828614
2.8178208
2.8198604
1.1891253
1.5582109
1.182598
1.7411142
2.6243494
1.1883657
1.5514677
1.195227
1.5749087
0.69431291
0.69532872
0.78864499
0.5637539
0.56117443
0.79093687
0.78962225
1.2988186
1.2966256
0.79751558
0.69300907
0.70063512
0.78659049
0.79169527
0.80143519
1.0682968
0.80360356
1.0658877
0.65066203
0.46052807
0.65222269
0.46203653
0.80166446
1.0679577
1.0655413
0.80430513
0.6510954
0.4639915
0.46243196
0.65360395
0.60401037
0.48616712
0.60152024
0.48839566
0.64319402
0.75724123
0.64058958
0.75941344
0.60457613
0.48975601
0.48867033
0.60448031
0.64349302
0.75921873
0.75953822
0.64324434
1.3136669
0.96148179
1.3136657
0.96173609
0.70713853
0.70919169
1.2262523
1.2259486
1.3137255
0.96211221
0.9618432
1.3137808
0.70931808
0.7093713
0.98932886
0.94431236
0.98925304
0.94425245
0.98374559
0.94229543
0.94201054
0.98383043
0.98936825
0.9442298
0.94425703
0.98938835
1.0093295
1.0094675
0.86144672
0.86151052
2.8234219
2.8227621
0.86743422
1.685815
1.6856952
2.8233652
2.8229904
2.1585535
1.5717976
1.5518062
1.8827809
2.6839303
0.7862801
0.56732438
0.5670721
0.78502036
0.78433125
0.56634535
0.56523818
0.78647989
0.65231829
0.46468519
0.65260687
0.46448744
0.80213762
1.0671983
1.0665314
0.80274983
0.65178066
0.46484113
0.46427448
0.65231548
0.64365376
0.7594234
0.64345418
0.75953597
0.60504633
0.49092717
0.49027083
0.60540393
0.6438586
0.75981214
0.75960816
0.64413881
0.7099765
0.70977964
0.85792223
0.85789234
1.6809433
0.86324926
1.6798941
2.8172724
2.815777
0.86314988
1.6789415
1.6795798
2.8148539
2.8155271
1.1993272
1.5742226
1.1898212
1.9032618
1.1873286
1.5510234
1.1967041
1.5713862
0.69987078
0.69629163
0.78862176
0.56529008
0.78684823
0.79261336
1.297679
1.2988114
0.79573076
0.69571255
0.6990419
0.78661397
0.56384461
0.56322121
0.78840481
0.80312345
1.0670553
0.80299849
1.0674304
0.65252656
0.46359053
0.65250257
0.46412819
0.80236938
1.0672756
1.0668435
0.80266908
0.65190369
0.46445806
0.46389177
0.65213731
0.60494343
0.48950095
0.60435792
0.49014236
0.64371936
0.75918702
0.64314598
0.75964224
0.60510387
0.49066913
0.49012144
0.60501533
0.64394296
0.76042222
0.75986306
0.64412343
1.3139019
0.96217596
1.3138917
0.96220886
0.70935775
0.70987199
1.2263423
1.2263988
1.3139418
0.96218058
0.96220649
1.3138332
0.71058868
0.71008166
0.98926814
0.94422147
0.98937428
0.94414114
0.98369885
0.94245111
0.94239781
0.98370707
0.98924652
0.9440373
0.94412071
0.98920448
1.0090048
1.009118
0.86152775
0.86164567
2.8234469
2.8237655
0.86687806
1.6862521
1.6861459
2.823536
2.8236804
2.1552646
1.5499853
1.8748221
2.6730915
0.78598592
0.56421149
0.78435041
0.78390988
0.56560467
0.56304572
0.78608569
0.65184793
0.46454671
0.65168082
0.46472164
0.80147154
1.0670735
1.066313
0.80231551
0.65120347
0.46511003
0.46438634
0.6518906
0.64388643
0.75982633
0.64405852
0.75965956
0.60493097
0.49045096
0.48999441
0.60413705
0.6437266
0.75834623
0.75951984
0.64297878
0.70898198
0.70971161
0.8577429
0.85764502
1.6787392
0.86264363
1.6783205
2.8147569
2.8141275
0.86256374
1.6779262
1.6781318
2.8134696
2.8137788
1.1941333
1.5695137
1.1868731
1.8791293
2.6723503
1.1876365
1.5514659
1.1942471
1.5701892
0.69904247
0.69481709
0.78820368
0.78590557
0.79096125
1.2977747
1.2969589
0.79562673
0.69483607
0.69936596
0.78525459
0.5646257
0.56205805
0.78751948
0.80274069
1.0666977
0.80196191
1.0675036
0.65223249
0.46423095
0.65156296
0.46484027
0.8020953
1.0677687
1.0669429
0.80292664
0.65171882
0.46512687
0.46461046
0.65237185
0.60504865
0.49048633
0.60498913
0.49048766
0.64410997
0.76051093
0.64412557
0.76044163
0.60493602
0.49063126
0.49033868
0.60457952
0.64398684
0.75972441
0.76029632
0.64352295
1.3137295
0.96218801
1.313861
0.96218488
0.7106705
0.71060365
1.2262393
1.2259398
1.3137463
0.96212683
0.96218799
1.3135596
0.70994783
0.71047385
0.98926492
0.94402906
0.98921737
0.94400423
0.98386282
0.94253364
0.94256669
0.9839188
0.98929481
0.94403415
0.94401511
0.98934218
1.0089251
1.0089253
0.86181922
0.86194434
2.8234103
2.8235259
0.86692319
1.6865825
1.6864786
2.8238303
2.8237492
2.1514611
1.873613
2.6674143
0.78555328
0.56412623
0.7831013
0.78448537
0.56717784
0.56556128
0.78525964
0.65251521
0.46499838
0.65145104
0.4656922
0.80220715
1.0670549
1.0667951
0.80266839
0.65175653
0.46549068
0.46534472
0.651788
0.64293265
0.75819301
0.64280402
0.75803737
0.60465281
0.49216115
0.49095114
0.6049486
0.64305328
0.75841138
0.75805632
0.64362796
0.70867528
0.70846462
0.85769358
0.85761537
1.677864
0.86237128
1.6777947
2.8135581
2.8133439
0.86232634
1.6777628
1.6777593
2.8135532
2.8134491
1.1947854
1.5707546
1.1886321
1.8862724
2.6752301
1.1890603
1.1954331
1.5709465
0.69962016
0.69485554
0.78712752
0.56532778
0.78515911
0.7914631
1.2991123
1.2977456
0.79687243
0.69525388
0.70044386
0.78601867
0.56331385
0.78717972
0.80304135
1.0670888
0.80212327
1.0678716
0.65234129
0.4647757
0.65168906
0.46527284
0.80222762
1.0676503
1.0671604
0.80287546
0.65164184
0.46543381
0.46496366
0.6518782
0.60488262
0.49037672
0.60439084
0.49079398
0.64372358
0.75954953
0.64333125
0.75936918
0.60464884
0.49171795
0.49078381
0.60616837
0.64379253
0.75985719
0.75944467
0.64479897
1.3133223
0.96209329
1.3135579
0.96191938
0.70977503
0.70947448
1.2257419
1.2258329
1.3133229
0.96181266
0.96187232
1.3132645
0.70968517
0.70947696
0.98932539
0.94405732
0.98935468
0.94410713
0.98376731
0.94214386
0.94225344
0.98362999
0.9893116
0.94418284
0.94413457
0.98924013
1.0090664
1.0090082
0.86215677
0.86228523
2.8237102
2.8239464
0.86721583
1.6869645
1.6867825
2.823984
2.8238785
2.144277
2.9457202
1.7814009
2.6527497
0.78640334
0.56483218
0.78464436
0.78743044
0.56489634
0.56752623
0.78582949
0.65331429
0.46490931
0.65046766
0.46562236
0.80443009
1.0660199
1.0668665
0.801481
0.65371619
0.46400203
0.46547085
0.65108133
0.64356283
0.75846297
0.64367649
0.75882855
0.60464364
0.48948111
0.49086906
0.60370228
0.64320589
0.75818236
0.75867592
0.64237672
0.70855135
0.70880838
0.85773227
0.85764296
1.6776732
0.86228376
1.677547
2.81339
2.8130157
0.86224073
1.6771868
1.6774854
2.8128998
2.8132017
1.1924481
1.5658683
1.1848254
1.7967441
2.6571118
1.1930134
1.1931152
1.5677085
0.70081427
0.69581401
0.78771118
0.78546723
0.79667361
1.2967948
1.2983014
0.79107006
0.70013534
0.69464825
0.78989344
0.78650047
0.80492009
1.0671875
0.8016102
1.0684953
0.65394249
0.46498081
0.6506882
0.46618077
0.80520476
1.0660534
1.0679704
0.80128916
0.65443607
0.46343309
0.46594963
0.65092616
0.60588904
0.49152214
0.60626939
0.49237866
0.64443728
0.75993774
0.644879
0.75970226
0.60539606
0.48884678
0.4918838
0.60387595
0.64395553
0.75873596
0.75944196
0.64269403
1.3135664
0.9618605
1.3133965
0.96214221
0.70975096
0.70969886
1.2258331
1.3136588
0.9624798
0.96226116
1.3139508
0.70912486
0.70955973
0.98927601
0.94420896
0.98923615
0.94426335
0.9836996
0.94257058
0.94246471
0.98371852
0.98931348
0.9442875
0.9442884
0.98932192
1.0091779
1.0091722
0.86245645
0.86256689
2.824237
2.8249229
0.867578
1.6881191
1.6875957
2.8254713
2.8248467
1.7732231
2.643029
1.930635
1.5714132
1.5709356
0.78444781
0.56788235
0.56497431
0.78896429
0.78831321
0.5650536
0.7886776
0.65086246
0.46447325
0.65230954
0.46410343
0.80116591
1.0648925
1.0647628
0.80139871
0.65117208
0.4643393
0.46409088
0.65146587
0.64268426
0.75823059
0.64258049
0.75793129
0.60389072
0.49029846
0.48970211
0.60419277
0.64276887
0.7591168
0.75796748
0.64319554
0.70927722
0.70865625
0.85753507
0.85740049
1.6769686
0.86208517
1.6764468
2.8125905
2.8123974
0.86201709
1.6750582
1.6761259
2.8103561
2.8120736
1.1894485
1.1976935
1.5759964
2.0972811
2.8865965
1.1963043
1.1873965
0.69393686
0.69904939
0.78811148
0.56336633
0.79037896
0.79394886
1.2987652
1.2963536
0.79270997
0.69787912
0.6963589
0.79026491
0.56265283
0.7878613
0.80125967
1.0666876
0.80190577
1.0657284
0.65098035
0.46343732
0.65140152
0.4635325
0.80281016
1.0655564
1.0669547
0.80180436
0.65235784
0.46440838
0.46423958
0.65167241
0.60438797
0.48896144
0.60400538
0.48926085
0.64317002
0.75868618
0.64275864
0.75887821
0.60477096
0.49048245
0.48993692
0.60514348
0.6434699
0.7594983
0.75902392
0.64390577
1.3140009
0.96253004
1.3139872
0.96253027
0.70909102
0.70918057
1.313955
0.96224398
0.96250791
1.3137312
0.70955751
0.70926101
0.98930941
0.94429336
0.98932933
0.94425125
0.98374449
0.94247801
0.94261063
0.98375843
0.98932626
0.9441226
0.94424158
0.98928361
1.0090488
1.009142
0.86252805
0.86259731
2.8258837
2.8263644
0.86784278
1.6905252
1.6893565
2.8287221
2.826768
1.8878854
2.6782375
1.5697184
1.8483726
1.5727074
0.78881795
0.56470114
0.56440652
0.78854018
0.78994551
0.56353049
0.7891598
0.6513656
0.46429447
0.65125534
0.46456746
0.80107482
1.0642283
1.0645371
0.80078644
0.65116643
0.46385245
0.46440581
0.65084601
0.6443703
0.75946763
0.64359232
0.76029493
0.60525412
0.48989344
0.49040169
0.60499275
0.64430698
0.7597401
0.76046749
0.64406452
0.70992272
0.71027811
0.85702256
0.85695471
1.6746723
0.86179766
1.6736336
2.8100292
2.8089445
0.86178312
1.6721892
1.6732152
2.8068989
2.8084969
1.1944437
1.5723013
1.1929461
1.5680197
1.8612335
2.6586438
1.1921249
1.19373
0.69512412
0.69407111
0.79171613
0.5601662
0.79164883
0.79018475
1.2956296
1.2960914
0.79030955
0.69396115
0.69408608
0.79257516
0.5586335
0.79216997
0.80080286
1.0647929
0.80103959
1.064618
0.65075567
0.46396307
0.65100854
0.46394989
0.80063805
1.0642899
1.0644188
0.80060821
0.65063433
0.46350543
0.46383447
0.65061007
0.60553547
0.49032926
0.60517088
0.49028022
0.64445933
0.75967906
0.64398574
0.76032966
0.60564437
0.4898773
0.49027292
0.60548073
0.64457832
0.76050993
0.76050904
0.64442835
1.3133551
0.96211579
1.3136943
0.96162597
0.70968793
0.71015731
1.2257475
1.2257092
1.3132934
0.96118388
0.96148921
1.3130725
0.71021833
0.71028355
0.98911548
0.94407781
0.98925632
0.94389487
0.98358889
0.94167948
0.94194318
0.98349565
0.98908376
0.943709
0.94384791
0.98897894
1.0087914
1.0088521
0.86230375
0.86227224
2.8291341
2.8305354
0.8680558
1.6940234
1.6925715
2.8333108
2.8311197
1.8504013
2.6554151
1.5729834
1.8961144
0.79036811
0.56272629
0.56343398
0.79090254
0.78862853
0.56575985
0.56480347
0.79044292
0.65094949
0.46348332
0.65077593
0.46241802
0.8015133
1.0666961
1.0647683
0.80282483
0.65134078
0.46135643
0.46216897
0.65204158
0.64234007
0.75945754
0.64373369
0.75818187
0.60289393
0.48720378
0.48770568
0.60194795
0.64187777
0.75633827
0.75806103
0.64053665
0.70626792
0.70808543
0.85671405
0.85672799
1.6719055
0.86214753
1.6714247
2.8066577
2.8057569
0.86229353
1.6718283
1.6713404
2.8061339
2.8056102
1.1931669
1.570439
1.1941999
1.9041215
2.6977062
1.1934291
1.5732938
1.1966862
0.69398718
0.69395954
0.79292643
0.55858382
0.55965194
0.79320096
0.79274987
1.2962543
1.2991831
0.78977499
0.69571613
0.69319464
0.7913196
0.79280453
0.80107966
1.0642469
0.80061893
1.0646404
0.65096525
0.46323297
0.65061583
0.4620087
0.80152667
1.0667083
1.064986
0.80258235
0.65132084
0.46059539
0.46178628
0.65178931
0.60383321
0.48955846
0.60522721
0.48757538
0.64276747
0.76028132
0.64415065
0.75898288
0.60339657
0.48595211
0.48760423
0.60171581
0.64226667
0.75644045
0.75843294
0.64042672
1.3129942
0.96114077
1.3130684
0.96106196
0.71000483
0.70880105
1.3130288
0.9609907
0.96106224
1.3132345
0.7063486
0.7082808
0.98886241
0.94369083
0.98896068
0.94365166
0.98321701
0.94092256
0.9413061
0.98291287
0.98883502
0.94372892
0.94366581
0.9887044
1.0092089
1.0089419
0.86220429
0.86232571
2.833828
2.8358798
0.86897209
1.6979856
1.696495
2.8380866
2.836529
2.1284164
2.9150257
1.554904
1.5542959
2.1609352
0.78678767
0.56711195
0.56872673
0.78362421
0.81657028
0.58748964
0.57248721
0.77638133
0.65169042
0.46073945
0.65181927
0.45793053
0.80409915
1.075204
1.0733087
0.81125713
0.65149907
0.48230841
0.45766926
0.66140055
0.6350818
0.7554084
0.63966214
0.75107273
0.59538299
0.51290506
0.48167868
0.6150959
0.63411603
0.76331535
0.75003259
0.65014524
0.71135535
0.69892788
0.85596386
0.85442741
1.67218
0.86328178
1.6720622
2.8067502
2.8050694
0.86269874
1.5938343
1.6679591
2.6365387
2.7971656
1.1856976
1.5539744
1.1846915
2.1738524
2.9752896
1.1850364
1.556735
1.1809317
1.5473808
0.6922728
0.69466436
0.78945634
0.56292583
0.56474873
0.78618694
0.78860673
1.2984861
1.2949126
0.81355029
0.69173593
0.71154184
0.81860724
0.77905998
0.80351553
1.067748
0.80271031
1.070403
0.65154432
0.4599993
0.65159633
0.45738676
0.80393452
1.075584
1.0733716
0.81140532
0.65132252
0.48203289
0.4571476
0.66150185
0.59593335
0.48534634
0.60084137
0.48151432
0.63492619
0.75552447
0.6395227
0.75123973
0.59497434
0.51273688
0.48120832
0.61430867
0.63395904
0.76357691
0.75022421
0.64962686
1.3121088
0.96094316
1.3133421
0.96058274
0.70543432
0.70069904
1.2183606
1.2688971
1.3101358
0.95684307
0.96037781
1.3168218
0.71157686
0.6990768
0.98869596
0.94379377
0.98869478
0.94401322
0.98267136
0.9385238
0.94061104
0.97950282
0.9886392
0.93724778
0.94392973
0.98512786
1.0066565
1.0097427
0.8615668
0.86013353
2.8384366
2.8372926
0.86958416
1.6215784
1.6947219
2.6692191
2.829823
2.7942148
2.916982
2.0911477
2.6562973
0.92479303
0.94880035
0.95097031
0.92173441
0.85527643
0.86500004
2.6193288
2.639405
1.7253657
2.7604027
0.92656845
0.95397295
0.92667704
0.95390944
0.85870508
0.86779797
2.6588434
2.6579494
1.8557952
2.6534619
0.92608524
0.95361091
0.9261176
0.95359267
0.85829116
0.86678949
2.6532071
2.6654093
1.8730662
2.659572
0.9259581
0.95351391
0.92596551
0.95351076
0.85840418
0.86667795
2.6730503
2.6561944
1.8807009
2.6564261
0.92599676
0.95354995
0.92598553
0.95356484
0.85872636
0.86689864
2.6520149
2.6532371
1.8434356
2.663849
0.92611017
0.95367828
0.92609872
0.95369186
0.85916674
0.86725595
2.9870321
2.8873906
2.1592313
2.902178
0.92612644
0.95370662
0.9261351
0.95369719
0.8596348
0.86757238
2.9625377
2.8524506
2.1669104
2.6548457
0.92594754
0.95350442
0.925977
0.95346825
0.86001922
0.86778049
2.850736
2.9647021
2.1613624
2.6587278
0.9258857
0.95328876
0.92586257
0.95329403
0.86049259
0.86830604
2.9022992
2.7831853
2.1185762
2.7862861
0.92659875
0.95364299
0.9264668
0.95368959
0.86143357
0.86998565
2.9071943
2.7813813
2.0779447
2.6561429
2.8913441
2.7900516
2.1051629
2.8667798
0.96080587
0.98673231
0.98635111
0.96451215
0.96817284
0.98972949
0.9899065
0.96823494
0.9225818
0.94668886
0.94887642
0.91950365
1.1831245
0.85091837
0.92468693
0.95190176
0.95195161
0.92455002
0.85799101
1.1915345
0.85269064
0.86227748
0.86555684
0.85613704
2.873614
2.766502
2.1145925
2.8678948
0.96261719
0.98862429
0.98822861
0.96633168
0.97001057
0.99164776
0.99181256
0.9700848
1.185633
0.85357923
0.92692268
0.95403155
0.92679552
0.9540709
0.8611323
1.19407
0.86850542
0.85877218
2.6549054
2.6663946
1.8187633
2.6801577
2.9257851
2.8371865
2.0848566
2.8478181
0.96822222
0.98952452
0.96824202
0.98932002
0.96812968
0.98839814
0.98851158
0.96812011
0.924293
0.95182612
0.92441458
0.95174668
1.1943044
0.85838626
0.92382514
0.95134546
0.95139643
0.92375936
0.85754676
1.1906319
0.85600244
0.86494205
0.86372732
0.85498357
2.9484286
2.8603636
2.1082125
2.8573155
0.97010809
0.99145794
0.99127213
0.97010793
0.9701267
0.99048388
0.99057434
0.97014042
1.1939803
0.86099993
0.92619887
0.95363401
0.92615355
0.95366357
0.8609839
1.1933366
0.86704245
0.85830898
2.6519993
2.6541955
1.8385797
2.6513903
2.8472634
2.9555264
2.1541996
2.8572564
0.96811731
0.98829835
0.96812073
0.9882121
0.96808046
0.98781088
0.98786605
0.96806483
0.92364261
0.95129568
0.92369675
0.95125263
1.1934065
0.85796778
0.92341447
0.95102345
0.95105583
0.92337987
0.85732066
1.1900297
0.85489973
0.86346821
0.86282148
0.85425288
2.9641491
2.8512363
2.1682682
2.8588543
0.97019722
0.99040883
0.99035096
0.97016734
0.97029442
0.99011209
0.99014079
0.97030507
1.1932722
0.86093682
0.92598515
0.95351989
0.92597309
0.95352851
0.8611961
1.1930749
0.86670271
0.85837816
2.657162
2.649406
1.8558416
2.6567571
2.8497597
2.9599095
2.1549855
2.8497507
0.96805871
0.98776371
0.96805921
0.98772862
0.96807971
0.9876301
0.9876333
0.96809017
0.92331912
0.95099118
0.92334564
0.95096709
1.1899871
0.85725829
0.92324855
0.95091325
0.95090911
0.92325069
0.85709046
1.1898082
0.85418112
0.86260634
0.86231771
0.85379965
2.9632749
2.85258
2.1622048
2.8534148
0.97034729
0.99008904
0.99007686
0.97032482
0.97043916
0.99005878
0.99005511
0.97045595
1.1930552
0.86120773
0.92596541
0.95353754
0.92597356
0.9535279
0.86150676
1.1930805
0.8668274
0.85868135
2.6678776
2.6523307
1.878965
2.6545437
2.9622318
2.8572481
2.1541156
2.8748017
0.96813718
0.9876328
0.96810892
0.98764756
0.96831077
0.98781798
0.98778227
0.96835408
0.92326577
0.95091823
0.92325407
0.95093239
1.1898084
0.85717156
0.92337188
0.95109461
0.95105977
0.92340208
0.85709831
1.1898422
0.8537626
0.86225957
0.8621431
0.85357259
2.9651498
2.8571351
2.1683702
2.8751885
0.97051453
0.99006687
0.99008433
0.97048316
0.97063929
0.99018512
0.99017049
0.97065521
1.1930842
0.86153594
0.92606989
0.95366361
0.92608375
0.9536484
0.86184904
1.1932195
0.86715436
0.85910873
2.6525012
2.6513739
1.824112
2.6599418
2.6348301
2.6317583
1.7553361
2.6800469
0.96844552
0.98785493
0.96840041
0.98789696
0.96855231
0.98805487
0.98803692
0.96855907
0.92346151
0.95112643
0.92342988
0.9511621
1.1898629
0.85721373
0.92358216
0.95130978
0.95129236
0.92359892
0.85708503
1.1899129
0.85355173
0.862152
0.86204491
0.85334075
2.6293895
2.6392503
1.7783332
2.6829417
0.9706974
0.99019967
0.99021827
0.97067712
0.970689
0.9902462
0.99024763
0.97067617
1.1932288
0.86186205
0.92613996
0.95371343
0.92613829
0.95371648
0.86208542
1.1933272
0.8675057
0.85958191
2.8338386
2.9221475
2.0893157
2.8541851
2.9712937
2.8708847
2.1519755
2.6550223
0.96856346
0.98806718
0.96856097
0.98808317
0.96841817
0.98805909
0.98807225
0.96836283
0.92361591
0.95131778
0.92360766
0.95132586
1.1899214
0.85710084
0.92358416
0.95126154
0.95128128
0.92357025
0.85674973
1.1898628
0.85329657
0.86200141
0.86177538
0.85285475
2.8322856
2.9386076
2.1496338
2.6541483
0.97065013
0.99024087
0.99023994
0.9706629
0.97043277
0.99012223
0.99014867
0.97036822
1.1933246
0.86200884
0.92603136
0.95354039
0.92600385
0.95357537
0.86203176
1.1933223
0.86773713
0.859976
2.9583346
2.8481123
2.1602707
2.6495667
2.9610056
2.8514775
2.1561116
2.6585315
0.96826582
0.98804717
0.96831289
0.98804412
0.96801023
0.9881503
0.9881072
0.96796291
0.9235374
0.95123604
0.92355179
0.95121446
1.1898633
0.85664066
0.92351027
0.95114247
0.95113927
0.92352748
0.85631357
1.1900227
0.85278236
0.8616938
0.86163888
0.8523898
2.9665148
2.8533882
2.1609834
2.6608293
0.97025116
0.99009813
0.99008219
0.97031031
0.96991048
0.9900853
0.99006128
0.96984396
1.1933105
0.86184395
0.92584908
0.9532953
0.92584956
0.95331124
0.861687
1.1934042
0.86801802
0.86041012
2.9592874
2.8496021
2.1559068
2.657805
2.8995291
2.7941552
2.1127085
2.6391579
0.96790519
0.98820856
0.96792717
0.9882914
0.96790843
0.98921841
0.98901132
0.96793267
0.92359029
0.95114988
0.92355131
0.95117133
1.1929211
0.85672094
0.92397655
0.95151583
0.95143553
0.92409759
0.85629756
1.1906082
0.85239027
0.86193734
0.86252633
0.85263291
2.9070422
2.7990614
2.1253556
2.6421908
0.96975031
0.99012549
0.99019215
0.96979002
0.96969677
0.99105547
0.99085666
0.96971308
1.1934468
0.86164517
0.9262262
0.95357683
0.92633919
0.95350552
0.86192957
1.194099
0.86927371
0.86132183
2.8982579
2.782014
2.118277
2.7840753
2.9054902
2.7800132
2.0768944
2.6560307
0.96788181
0.98942168
0.96793536
0.98960313
0.96054091
0.98644746
0.9860608
0.96425382
0.92436652
0.95158587
0.92422729
0.95163884
1.1906925
0.85635166
0.92226034
0.94638651
0.94857096
0.91918274
0.84876757
1.1822555
0.85272082
0.86318205
0.85966958
0.84897293
2.9106943
2.7817645
2.088599
2.6538278
0.96964532
0.99125125
0.9914267
0.96970789
0.96227358
0.98825837
0.98786499
0.96598361
1.194177
0.86192164
0.9244856
0.94843641
0.95060756
0.92142566
0.85450456
1.1857504
0.86656081
0.85810028
1.0533758
0.80326666
1.0677154
1.2495924
1.2506296
1.0690361
0.80152859
1.0549448
0.56003334
0.5987942
0.49864865
0.55220328
0.52242881
0.48659511
0.60727662
0.58493898
0.38345298
0.70417298
0.77578902
0.78585154
0.70010738
0.40222545
2.2888519
2.2163532
2.6692012
2.6758856
1.8025474
2.8660845
2.1426393
1.0247842
0.78959654
1.0250278
1.2883891
1.2658528
1.2548685
1.2612682
1.2960292
1.2612386
0.79032095
1.0371867
1.0208004
0.9747267
0.98300661
0.97469679
0.94078329
0.95198501
0.9542265
0.95405583
0.94089077
0.95408874
0.98275439
0.97243685
0.97477164
1.0088667
0.83914187
0.82460578
0.83451823
1.0094246
0.83517257
1.3461568
1.0187057
0.90928834
0.91141596
1.0190901
0.87338375
0.94786196
0.9508382
0.86936963
0.92615004
0.95346343
0.95243842
0.9269119
0.95269752
1.6467728
0.86664169
0.85860059
1.6703192
0.97817548
0.80182055
1.0489053
1.2465174
1.0658908
0.8019155
1.0508728
1.2443133
1.0662482
0.60385115
0.56811823
0.52643634
0.48718635
0.60279843
0.56511908
0.52961912
0.4884196
0.30041305
0.78494244
0.70766214
0.30637578
0.78623558
0.70842095
2.2193489
2.1765308
2.9075954
2.7839889
2.1331028
2.8028974
2.2021844
0.79088801
1.0250282
1.0252913
1.2618255
1.2961747
1.2594312
0.78914312
1.0268689
1.0238316
1.2595666
1.294894
1.2601643
0.98361673
0.97522893
0.97514268
0.95430011
0.94159634
0.95444305
0.98355206
0.97492545
0.97505367
0.95468214
0.94174779
0.95458378
1.3546133
1.3550673
0.83585962
1.0096667
1.3548293
0.83598446
0.83611467
1.0095938
0.83607502
1.0184764
1.3106859
0.91163283
1.0185746
0.91158615
0.87570248
0.95094258
0.87579801
0.95080863
0.92646772
0.95378655
0.95384406
0.92638284
0.97658934
1.6858866
0.86761841
0.85853084
1.6857002
0.97609343
0.80244422
1.0498768
1.2452761
1.0658991
0.80201931
1.0501189
1.2450294
1.0663762
0.60445397
0.56830388
0.53022737
0.48981912
0.60439987
0.56822032
0.53000603
0.49004466
0.30019531
0.78684054
0.70955904
0.30160218
0.78683446
0.70962493
2.2768317
2.9648277
2.855414
2.1719377
2.8648273
2.1622515
0.79628408
1.0303403
1.0296843
1.2626317
1.2986491
1.2611041
0.79179172
1.0274001
1.0258006
1.2643915
1.2991349
1.2639159
1.2260927
0.98375664
0.97538156
0.97541104
0.95497548
0.9423522
0.95498156
0.98379463
0.9754428
0.97544567
0.95496391
0.94238246
0.9549904
1.3537026
0.83620781
1.0092385
1.3537803
0.83620563
0.83614572
1.0092072
0.83619102
1.018006
1.3096703
1.3097235
0.91143519
1.0180473
0.91141917
0.87529869
0.95019806
0.87532514
0.95014787
0.92605312
0.95355739
0.95357241
0.92602952
0.97582775
1.6859331
0.86677736
0.85834276
1.6859781
0.97593643
0.80220819
1.0491882
1.2442655
1.066164
0.80163549
1.0489622
1.2444531
1.0667632
0.60513944
0.56824867
0.52992626
0.49001415
0.60514581
0.56825082
0.53001212
0.49026514
0.29763093
0.78671382
0.70997149
0.29769856
0.78651251
0.70992735
2.8502429
2.9624094
2.1676368
2.8526742
2.1693382
0.79517679
1.028483
1.0283658
1.2600093
1.2969237
1.2596472
0.79066561
1.024912
1.0244296
1.2625384
1.2976128
1.2625533
1.2263273
1.2264135
0.98380013
0.97554771
0.97552126
0.955034
0.94249296
0.9550807
0.98377012
0.97543742
0.97549499
0.95514828
0.94253523
0.95513501
0.8360325
1.0089518
1.3534017
0.83603252
0.83599849
1.0089477
0.83602821
1.0178133
1.3094632
1.3094715
0.91135864
1.0178229
0.91135215
0.8752053
0.94992048
0.87520894
0.94991093
0.92594871
0.95350523
0.95350503
0.92594681
0.97618749
1.6862818
0.86672408
0.85855379
1.6862892
0.97643572
0.80297996
1.0499995
1.2440501
1.0667734
0.80202147
1.0487242
1.2450995
1.0675363
0.60400856
0.56806852
0.52988489
0.49111035
0.60391366
0.56779247
0.53046267
0.49092424
0.30097763
0.78589415
0.70836013
0.30016003
0.78553134
0.70823188
2.1676334
2.8546564
2.9657322
2.1646498
2.8582265
2.1699606
0.79557882
1.0292206
1.0288456
1.2598819
1.2976826
1.2601254
0.79091562
1.0246632
1.024775
1.2633531
1.2983289
1.2630989
1.2258302
0.98386289
0.97543391
0.9755018
0.95511574
0.94242907
0.95507452
0.98389855
0.97558157
0.97556356
0.95494397
0.942383
0.9550298
1.3533453
0.83598129
1.008944
1.3533623
0.83599672
0.83599105
1.0089734
0.83600722
1.0178043
1.3094896
1.3094784
0.91138828
1.0177997
0.91139721
0.8752607
0.94989427
0.87524799
0.94990551
0.92600467
0.95359223
0.95357624
0.92601838
0.97682352
1.686618
0.8669714
0.85892708
1.6866429
0.9771165
0.80160098
1.0511518
1.2443208
1.064975
0.80000636
1.0488549
1.2458553
1.0658409
0.60476819
0.56887379
0.53130171
0.49098316
0.60488717
0.56932109
0.53077918
0.49121908
0.30183685
0.78543244
0.70874059
0.29889306
0.78571449
0.70877017
2.246074
2.1760501
2.9573833
2.8363953
2.1634928
2.8389662
2.164223
0.794627
1.0294507
1.0281525
1.2605059
1.2977498
1.2599716
0.78994095
1.0255635
1.0243212
1.2627418
1.2974752
1.2624397
1.2260126
0.98362408
0.97526587
0.97522359
0.95468917
0.94218943
0.9547191
0.98360819
0.9751809
0.97520394
0.95484576
0.94228118
0.9547893
1.3534895
1.3534664
0.83603516
1.0091023
1.3534914
0.83606592
0.8360978
1.0091357
0.83609413
1.0178598
0.91151151
1.0178499
1.3095629
0.91152352
0.87537767
0.94996968
0.87536561
0.94998395
0.9261152
0.95370395
0.9536982
0.92612242
0.97756562
1.6872082
0.86733325
0.8593949
1.6873152
0.97789613
0.80312299
1.0478602
1.245224
1.0682607
0.80389137
1.050083
1.2429928
1.068095
0.60379378
0.56770398
0.52971375
0.49019107
0.60409903
0.56740803
0.52974983
0.49000873
0.30741879
0.78621461
0.70868492
0.30822849
0.78634071
0.70873402
2.1754396
2.3081093
2.6806067
2.661728
1.9466951
2.6499554
0.79154487
1.0244879
1.0251729
1.2632171
1.2990186
1.2639228
0.79663558
1.0288751
1.0297468
1.260152
1.2970487
1.2602408
0.98371093
0.97537185
0.97536492
0.95497302
0.94258927
0.95498743
0.98372312
0.97535936
0.97537949
0.95500432
0.94260019
0.95500434
1.3535251
0.83609511
1.0091705
1.3535271
0.83610272
0.83608763
1.0091701
0.83610941
1.0178874
0.91154481
1.0178888
1.3095575
1.3095505
0.9115274
0.87539519
0.9500178
0.87540384
0.95002245
0.92610972
0.95365849
0.95367946
0.92609333
0.97834095
1.6885575
0.86763366
0.85983235
1.6887385
0.97860878
0.80346692
1.0481026
1.2429317
1.0680527
0.80330953
1.0479265
1.243088
1.0681707
0.60488642
0.5687298
0.52976646
0.49003451
0.60461792
0.56797022
0.53046923
0.49033002
0.29894906
0.78654787
0.70975208
0.30328481
0.78661743
0.70997218
2.2603509
2.1776429
2.9733206
2.8643046
2.1679666
2.6626618
0.79532468
1.0250006
1.0283475
1.2593457
1.2971964
1.2620978
0.79458588
1.0241416
1.0278054
1.2599316
1.2967587
1.2623074
0.9836631
0.97526939
0.97532132
0.95496523
0.9422655
0.95491577
0.98370896
0.97539804
0.97537963
0.95478469
0.94216197
0.95486534
0.83601894
1.0089616
0.83599914
1.3534024
0.83591905
1.0089295
0.83597402
1.0177769
0.9112899
1.0177934
1.309468
0.91123908
0.87521636
0.94997959
0.87524604
0.94997909
0.92591428
0.95339032
0.95342733
0.925888
0.9789632
1.6912651
0.86784634
0.86020695
1.6916328
0.97919783
0.8028079
1.0481662
1.2428328
1.0674596
0.80280601
1.0477343
1.2433657
1.067424
0.60373203
0.5668842
0.52978086
0.48903507
0.60420831
0.56819074
0.52847916
0.48852521
0.3016389
0.78618282
0.70932704
0.2971413
0.78564823
0.7089186
2.1742227
2.2595612
2.9613962
2.8500666
2.1701085
2.6592394
2.1721798
0.79421863
1.024613
1.0277037
1.259288
1.2961237
1.2617967
0.79428472
1.0241422
1.0276493
1.2598561
1.2965755
1.262
0.98336379
0.97486507
0.97495729
0.95450808
0.94153123
0.95445686
0.98342582
0.97507617
0.97504084
0.95429546
0.94147088
0.9543982
1.3534288
0.83575261
1.0088073
0.83573169
1.3535099
0.8356361
1.0088458
0.83570213
1.0178898
0.9110429
1.0178409
0.91104576
0.87513593
0.95009264
0.87511788
0.95015079
0.92591798
0.95333491
0.95330655
0.92596959
0.97969353
1.6949437
0.86847206
0.86085124
1.6954103
0.98023268
0.80281147
1.0517826
1.2464748
1.0680184
0.80278121
1.0506721
1.248298
1.0684145
0.59813579
0.56007784
0.52684064
0.48545506
0.59984541
0.56494906
0.52226186
0.48339491
0.3497985
0.78367358
0.70409955
0.31170878
0.7831717
0.70249113
2.2394569
2.2019811
2.6237324
2.645444
1.7388069
2.8195754
2.2038921
0.78766691
1.0244604
1.023231
1.2610925
1.2951843
1.2607262
0.79033732
1.0259125
1.0252627
1.2606591
1.296564
1.2598199
0.98274458
0.97416577
0.97416432
0.9536066
0.94066234
0.95351943
0.98278015
0.97425305
0.97419673
0.95350498
0.94059731
0.95350207
1.355301
1.3547979
0.83512168
1.0095156
1.3551089
0.83495031
0.8345413
1.0097146
0.83470706
1.0188897
1.3116986
0.91143921
1.0186626
0.91156845
0.87576774
0.95090612
0.87563737
0.95110934
0.92671652
0.95351672
0.95367071
0.92675465
0.98152422
1.6989855
0.87012702
0.86156094
1.6992916
0.98281004
2.2076298
2.6740819
2.6658927
1.7904931
2.8668714
2.1427507
1.8613566
1.5533141
1.565348
1.8406008
2.6096024
2.6346207
1.7233765
2.8051105
2.2179364
2.2957983
1.8796543
1.5642584
1.578006
1.8497477
0.7591258
0.79021553
0.56954607
0.78716625
0.569332
0.7861295
0.55006656
0.65130935
0.4702689
0.48332111
0.47632272
0.46106168
0.65258379
0.56045902
1.0521287
0.80277307
1.0673975
1.2475909
1.2486513
1.0682829
0.8028358
1.051815
0.55051466
0.65152663
0.45953474
0.47847691
0.47693607
0.45867441
0.65185295
0.55184014
0.68162994
0.63712134
0.75801083
0.71765005
0.70620781
0.75227588
0.64427095
0.69573337
0.56031655
0.59776693
0.48429079
0.5256888
0.52244799
0.48326263
0.59870637
0.56384038
0.68222925
0.63669947
0.75439405
0.71052464
0.70686725
0.75307373
0.63792657
0.68585165
0.34806591
0.70447631
0.78439416
0.78403641
0.70299526
0.31022461
1.3533466
1.3539144
1.3456373
1.0102035
0.98812674
0.98930814
1.008798
1.3552699
1.3547483
1.355069
1.0122045
0.99081908
0.99082855
1.0121161
1.0174848
1.309939
1.3087274
0.90845855
0.91058951
1.0178677
1.2458133
1.308806
1.3010664
1.2492362
0.96386643
0.98922833
0.96583417
0.98797234
1.0180259
1.3108763
0.91100572
0.91114095
1.0177903
0.96788531
0.98982712
0.96730026
0.9899664
1.2564074
1.3101973
1.3105423
1.256425
0.87100897
0.94538789
0.94838186
0.86697645
0.92394173
0.95136869
0.95034467
0.92470074
1.2799882
0.81654231
0.80696082
0.85388253
1.1921071
1.2822012
0.92480895
0.95178379
0.95193554
0.9248479
0.87363471
0.94863499
0.94884458
0.87349833
0.85816083
1.1937613
1.2819799
0.81532047
0.81528132
1.2830906
0.95006484
1.6480535
0.86379128
0.85609861
1.6713981
0.97547691
2.7464043
2.7943805
0.86579419
0.85635291
0.97398354
1.686634
0.97534715
1.6870721
2.8243648
2.8246221
1.8631932
1.5521317
1.1796245
1.5658815
1.1890009
1.8397517
2.2175612
2.6157231
2.6392386
1.7318955
2.7949336
2.202732
2.3016303
1.8810499
1.5608593
1.1916568
1.5779936
1.1976187
1.8469171
1.2811207
0.69280159
1.2826051
0.57011339
0.56889713
0.69162121
1.2901901
1.2841053
0.58960092
0.76206742
0.79344165
1.0248887
0.78795153
1.0239481
1.2985458
1.2644423
1.26292
1.2613282
1.2984026
1.2608118
0.79217185
1.0296824
1.0273071
1.2809147
0.69031641
1.2800791
0.56566277
0.56523555
0.56614246
0.69460589
1.2817562
1.2811813
0.78953486
0.56444804
0.78920347
1.0528925
0.80267005
1.0674437
1.2498679
1.2503947
1.0685988
0.80118135
1.0550366
0.5490758
0.65059085
0.46907885
0.48263144
0.47517802
0.45973481
0.65211625
0.55999679
1.051613
0.80227836
1.0675084
1.2481778
1.2483798
1.0679636
0.80281574
1.0522958
0.54949989
0.65085218
0.45901313
0.47784234
0.47575814
0.4577456
0.65159287
0.55159306
0.55889126
0.59770437
0.49729156
0.55084143
0.52107282
0.4851648
0.60616831
0.58373033
0.68096465
0.63615192
0.75739833
0.71694112
0.70568868
0.75170742
0.64326646
0.69490492
0.55940196
0.59740106
0.48398025
0.52576071
0.52132023
0.48247917
0.59906889
0.56393074
0.68178043
0.6364225
0.75466055
0.7108672
0.70656216
0.75308315
0.63803739
0.68588351
0.91837604
1.3088078
0.91831939
0.9592737
0.953017
0.95315649
0.95298921
0.96023947
0.95309643
1.305619
0.92331842
0.91867662
0.38670312
0.70356919
0.77508396
0.78541125
0.69950999
0.40221088
1.2259411
0.91959115
1.3133106
0.92012881
0.96126121
0.95296427
0.95310034
0.95315282
0.96109741
0.95315014
1.3136682
0.92052897
0.92056361
0.35007592
0.70458427
0.7842241
0.78358321
0.70289542
0.31082012
0.97964036
0.98880119
0.97915359
0.94158784
0.98360152
0.98654333
0.98855394
0.94369653
0.98798783
0.9882567
0.97492032
0.97800177
0.9747027
0.98329966
0.97472081
0.9411759
0.95418598
0.95408306
0.95400335
0.94107006
0.95403445
0.9833526
0.97484061
0.97477482
0.97976438
0.98922957
0.97977415
0.94441039
0.98840882
0.98849542
0.98864758
0.94448608
0.98860047
0.98924166
0.979721
0.9797619
1.0095693
0.98754587
0.98869754
1.0081546
1.3558259
1.0100531
0.83571331
0.83552983
0.83510016
1.0102336
0.83527619
1.3556464
1.0115991
0.99030977
0.99023568
1.0116046
1.2473097
1.3100582
1.3023332
1.2507312
0.96568149
0.9911097
0.98985226
0.96764994
1.0192551
1.3121595
0.91186316
0.9119803
1.0190316
0.96971458
0.9917156
0.96912234
0.99186282
1.2579345
1.3115069
1.3118411
1.257962
1.2822934
0.81927968
0.80973151
0.85689058
1.1947205
1.284536
0.92703669
0.953886
0.92706778
0.95404579
0.87603357
0.95110586
0.87590682
0.95130386
0.86128822
1.1963915
1.2843286
0.81807189
0.81802137
1.285428
2.7438884
2.792648
0.86872355
0.85880583
0.97686106
1.6866071
0.97804883
1.6867045
2.8237123
2.8235773
2.9572413
2.8441758
2.1510993
2.796559
2.178927
1.834192
1.5756618
1.8751577
1.5513764
2.8023793
2.6980068
2.046217
2.6359498
2.2561939
2.2650712
1.8524522
1.5551785
1.5633373
1.8388718
0.78976568
0.78829554
0.78391409
0.78574079
0.65108991
0.55129553
0.47839682
0.46113544
0.6512402
0.55162845
0.47853085
0.46207548
1.0489566
0.80347538
1.0682619
1.2463594
1.2442584
1.0676068
0.80473449
1.0514301
0.55172521
0.65276072
0.4649741
0.48077219
0.47898203
0.46421628
0.65398422
0.55383543
0.64255827
0.68957987
0.71162931
0.75764461
0.64158179
0.68699734
0.71418079
0.75847439
0.56815566
0.60465323
0.49089103
0.53076753
0.52994016
0.48973458
0.60527567
0.56891648
0.68990138
0.64373024
0.7595744
0.71477665
0.71456387
0.75952884
0.64387021
0.69005642
0.29998789
0.70953955
0.78684128
0.78648306
0.7094777
0.30153576
1.3539541
1.3544587
1.3541969
1.0114162
0.99074682
1.0117051
0.9906623
1.3534152
1.3532752
1.0109514
0.99040414
0.99047592
1.0108486
1.0171816
1.3091027
1.3093203
0.91073331
1.0172956
0.91067205
1.2562627
1.3098672
1.2563635
1.3095705
0.96819625
0.98894257
0.968171
0.98912412
1.0170505
1.3089093
0.91128802
0.91127249
1.017003
1.3086108
0.96814236
0.98878001
0.96815423
0.98863967
1.2557687
1.3084813
1.2556891
0.8732624
0.94845624
0.87337137
0.94830767
0.92417681
0.95158615
0.95166267
0.9240723
1.2821206
0.81536302
0.81538557
0.85830712
1.1940857
1.2813375
0.92389476
0.95151229
0.95144971
0.92397518
0.87285161
0.94766321
0.94775635
0.87279234
0.85802122
1.193981
1.2801971
0.81516077
0.81522531
1.2811388
0.97361861
1.6845757
0.86468768
0.85554203
1.6839633
0.97282339
2.8219226
2.8214127
0.8640202
0.85539325
0.9720591
1.6817873
0.97259707
1.6822452
2.8183134
2.8189756
1.8416294
1.5743821
1.1942652
1.8781295
1.5551314
1.186089
2.1821937
2.7837564
2.6914232
2.0395134
2.6460249
2.2777684
2.271456
1.8523761
1.5549763
1.1906596
1.5620817
1.1907208
1.8390132
0.69414026
1.2799144
1.2799569
0.56128232
0.69231477
1.2809438
1.2797494
0.79240373
0.56130766
0.79145261
1.0240723
0.79267129
1.0264412
1.2998914
1.2643747
1.264975
1.2595552
1.2967037
1.2610526
0.79778488
1.0306158
1.0310247
1.2798564
0.69616042
1.2811961
0.56726311
0.56133638
0.70088331
1.2829892
1.2829503
0.56717567
0.7864178
0.5640641
0.78823706
0.80137695
1.0493324
1.2474219
1.0656852
0.80177654
1.051606
1.2450163
1.0657493
0.65058387
0.55080841
0.47782322
0.46094938
0.65098285
0.55144595
0.47775735
0.46145843
1.0492897
0.80334751
1.0681814
1.246612
1.2447762
1.0675315
0.80455233
1.0514929
0.55133987
0.65252784
0.46384792
0.48037036
0.47833373
0.46307848
0.65372383
0.55354129
0.6035092
0.56765524
0.52695314
0.48711369
0.60264059
0.56521434
0.52924023
0.48795261
0.64250873
0.68978795
0.71209772
0.75827782
0.64166337
0.68711227
0.71449944
0.75901101
0.56777089
0.60468912
0.48980738
0.52955009
0.52935657
0.48897642
0.60465011
0.56801686
0.69000303
0.64351765
0.75934053
0.71444262
0.71468544
0.75947877
0.64340612
0.68970642
1.3136683
0.92118948
0.92107415
0.95287346
0.96157091
0.95279217
1.3136898
0.92075012
0.92099355
0.95269975
0.96166438
0.95275168
0.30141475
0.78485768
0.70808698
0.30671866
0.78617285
0.70878055
1.2261162
0.92150856
1.3137374
0.92174408
0.96204534
0.95283256
0.95280738
0.95273022
0.96195668
0.95277935
1.3137765
0.92211052
0.92204938
0.30171208
0.70934971
0.78684552
0.7864147
0.7093947
0.3048218
0.98930988
0.9797216
0.97972262
0.98835895
0.9442867
0.98831722
0.98929155
0.97971832
0.9797284
0.98826119
0.94427862
0.98830388
0.97532549
0.98379605
0.97539736
0.94223105
0.95498563
0.9549579
0.95480041
0.9421419
0.95490278
0.98383827
0.97546624
0.97546285
0.97974416
0.98939237
0.9797559
0.94425051
0.98818016
0.98821515
0.98825498
0.94426399
0.98825032
0.98941618
0.97974242
0.97977155
1.0110199
0.99025278
1.0111744
0.9902094
1.3541444
1.009375
0.83621998
0.83622177
0.83616958
1.00943
0.83621586
1.3540347
1.0106428
0.99007482
0.99010037
1.0105448
1.2578299
1.3111926
1.3109139
1.2579144
0.97010479
0.99093581
0.99109694
0.97010049
1.0182553
1.3103141
0.91148061
0.91149765
1.0181954
0.97011706
0.99079599
0.97010571
0.99067884
1.2574247
1.3099464
1.310044
1.2573668
1.2840043
0.8181194
0.81815709
0.8610446
1.1966086
1.2837348
0.92624864
0.95373519
0.92630821
0.95369489
0.87539203
0.95025573
0.8753536
0.95032623
0.86142219
1.1967204
1.2826828
0.81804011
0.81808059
1.2835641
2.8230972
2.8227957
0.8672787
0.8584797
0.97582587
1.6857562
0.97599564
1.6856781
2.8233677
2.8232536
2.1610217
2.9605651
2.8531965
2.1570979
2.8640005
1.8368477
1.5735976
1.8728611
1.5542175
2.647986
2.6527105
1.8536829
2.6606083
2.2555206
2.2687604
1.8727772
1.5540294
1.5736768
1.8368108
0.78791653
0.78626199
0.56619876
0.78520299
0.78715146
0.65212483
0.55275062
0.48028871
0.46453534
0.65181767
0.55300514
0.48007899
0.46448875
1.0492257
0.80179705
1.0667103
1.2448618
1.2444898
1.0660298
0.80249208
1.0496887
0.55238919
0.65159317
0.4647133
0.48018457
0.47986241
0.4642848
0.65216669
0.55281049
0.64356221
0.69010042
0.71463098
0.7594023
0.64334041
0.68966041
0.71485948
0.75944965
0.56854371
0.60524886
0.49089362
0.53037798
0.52995041
0.49058229
0.60540748
0.56885486
0.69026453
0.6439938
0.7597661
0.71516984
0.71497066
0.75968966
0.64411516
0.69048997
0.29939174
0.70992995
0.78677296
0.78680707
0.70986005
0.29810323
1.3528336
1.3530379
1.3529422
1.0104281
0.99029714
1.0106335
0.99022216
1.3525711
1.3524911
1.0087638
0.98962454
0.98975412
1.0086976
1.0177923
1.3081391
1.3082186
0.91116379
1.0178029
1.3083079
0.91112658
1.2555455
1.3083737
1.2556192
0.96811253
0.98805483
0.96810392
0.98813147
1.017567
1.3080652
0.9109762
0.91100676
1.0165576
1.3078691
0.96808933
0.98798443
0.96809698
0.98792393
1.2552685
1.307916
1.2552267
0.87268603
0.94757972
0.87273534
0.9475049
0.92358726
0.95116555
0.95120649
0.92353695
1.2805442
0.81510453
0.81504335
0.85794774
1.1933715
1.2802562
0.92344828
0.9511228
0.95108667
0.92348734
0.87247591
0.9471532
0.94720423
0.87244388
0.85778192
1.1933246
1.2794997
0.81470979
0.8147582
1.2801753
0.9719176
1.6805189
0.86335592
0.85462907
1.6801177
0.9715572
2.8166504
2.8161243
0.86303221
0.85453893
0.97109925
1.6790761
0.97143526
1.679266
2.8149687
2.815238
1.8371315
1.5743569
1.1976123
1.8737574
1.5544528
1.1903259
2.1679959
2.6607212
2.6527201
1.8603727
2.6586774
2.2576063
2.2685487
1.8731003
1.5535011
1.1889268
1.5736795
1.1968709
1.8367659
0.69899653
1.2822453
1.2820235
0.56485641
0.56335618
0.69468093
1.2816227
1.2808928
0.7899048
0.56499098
0.78804677
1.026424
0.79142797
1.0253125
1.2981108
1.2629252
1.2629624
1.2615171
1.298126
1.2605833
0.79546046
1.0288887
1.0287476
1.2810178
0.69466219
1.2805614
0.69862003
1.2816639
1.2815727
0.56378011
0.78738304
0.56230583
0.7892324
0.80276323
1.0503811
1.2456552
1.0661798
0.80220037
1.0503105
1.2456882
1.0667624
0.65232431
0.55280823
0.4799884
0.46353776
0.65189033
0.55281204
0.47998785
0.4638881
1.0496611
0.80189564
1.0668552
1.2452516
1.2450971
1.0662405
0.80247703
1.0498633
0.55237505
0.65158508
0.46431781
0.47981943
0.47970964
0.46390453
0.6520433
0.55254379
0.60470498
0.56844019
0.52937417
0.48960746
0.60443526
0.56787444
0.52987367
0.49004823
0.64345887
0.69017094
0.71441282
0.75926647
0.64322058
0.68964024
0.71492022
0.75943954
0.56851234
0.60525959
0.49060149
0.53007366
0.52984083
0.4903051
0.60532804
0.56847339
0.69041926
0.64415843
0.76028529
0.71573221
0.71517037
0.76008885
0.64428712
0.69089419
1.3139301
0.92266183
0.92268425
0.95288883
0.96221145
0.95291414
1.3139645
0.92242525
0.92268453
0.952862
0.96223213
0.95291966
0.30198673
0.78691088
0.70947985
0.30481246
0.7871161
0.70966834
1.2263843
0.92281682
1.3139267
0.92287168
0.96219578
0.95275378
0.95279499
0.95285117
0.96220874
0.95283825
1.3139092
0.92283902
0.92297713
0.30060992
0.71046023
0.7873134
0.78715965
0.71028519
0.29813514
0.98931529
0.97963449
0.97967843
0.9881598
0.94420208
0.98812893
0.98935887
0.97973214
0.97971886
0.98805406
0.94418635
0.988112
0.97537995
0.98369004
0.97538365
0.9424335
0.95502136
0.95500189
0.95497226
0.94242325
0.95499279
0.98370655
0.97542523
0.97541722
0.97961342
0.9892267
0.97959025
0.9440694
0.98792167
0.98795784
0.9880274
0.94410298
0.98800458
0.98922923
0.97955138
0.97958491
1.0102656
0.99000764
1.0103277
0.98998101
1.3535402
1.0090401
0.83605553
0.83608358
0.83613131
1.0090882
0.83611896
1.3535019
1.0101152
0.98989677
0.98991525
1.0100706
1.2572756
1.3098617
1.3097861
1.2573204
0.97021988
0.99024765
0.99029683
0.9702392
1.0179021
1.3096208
0.9113768
0.91138293
1.0178749
1.309552
0.97028175
0.99020594
0.97026147
0.99017343
1.2571086
1.309523
1.2570843
1.2825792
0.81800147
0.81796803
0.86105805
1.1961075
1.2828351
0.92599546
0.95354318
0.92600866
0.95353425
0.87522081
0.94993434
0.87521179
0.94995784
0.86160126
1.1962875
1.2822058
0.81781526
0.81782971
1.2827931
2.8236299
2.8237594
0.86683862
0.85836704
0.97611873
1.6862082
0.97598116
1.686131
2.8236561
2.8236517
2.1669276
2.1669388
2.9585306
2.8488473
2.1528911
2.8535708
1.8355066
1.5719051
1.8708342
1.5526068
2.6536092
2.666304
1.8699147
2.6579365
2.2587864
2.2587471
1.8687886
1.5516858
1.5704213
1.8342054
0.78655336
0.78475149
0.56509403
0.56524082
0.78409909
0.78611782
0.65187586
0.55245205
0.47989847
0.46447397
0.65143488
0.55236826
0.47992846
0.46465615
1.0484764
0.80140162
1.0669821
1.2445039
1.2438661
1.0662472
0.80218707
1.0492525
0.55199867
0.65115179
0.46485828
0.48001702
0.47964139
0.46438727
0.65178414
0.55251414
0.64398497
0.69027218
0.71517044
0.75980613
0.6440162
0.69046439
0.71497441
0.75975916
0.56846131
0.60436151
0.4904145
0.53003564
0.52983027
0.49011817
0.60425721
0.56800305
0.69011297
0.64345178
0.7585756
0.71378175
0.71482244
0.75928944
0.64314598
0.68920525
0.29775666
0.70918943
0.7860352
0.78639635
0.70952734
0.29960304
1.3522433
1.3523497
1.3523015
1.0098253
0.98986053
1.0099852
0.98980278
1.3521578
1.3521436
1.0097191
0.98960414
0.98970633
1.0097329
1.0163413
0.91088894
1.0163756
1.3078275
1.3077911
0.910866
1.2551601
1.2551911
0.96805647
0.9876689
0.96805462
0.98769694
1.0162762
1.3077175
0.91067729
0.91079671
1.0162237
0.96807264
0.98764979
0.96806224
0.98764072
1.2550673
1.3076851
1.3076909
1.2550675
0.87238807
0.94710876
0.87241245
0.9470735
0.92329171
0.95092516
0.95094195
0.92327078
1.2794457
0.81466673
0.81463229
0.8576789
1.192987
1.2798017
0.92324702
0.95091064
0.95090592
0.92325258
0.87232144
0.94695598
0.94696797
0.87232326
0.85719553
1.1928077
1.2792597
0.81450444
0.8145185
1.2797748
0.97099733
1.6785604
0.86267359
0.85404981
1.678375
0.97076238
2.8145459
2.8143346
0.86238939
0.85398157
0.97041795
1.6779027
0.97066137
1.6779447
2.813342
2.8134403
1.8360957
1.5714357
1.194721
1.8708619
1.5524958
1.1879179
2.1701264
2.6548873
2.6700866
1.8797512
2.6569754
2.2612159
2.2623086
1.8697671
1.5523536
1.1882751
1.5711541
1.1949906
1.8354263
0.6987393
1.2816329
1.2814885
0.56183435
0.69438366
1.2804385
1.280253
0.56384257
0.56153303
0.78843699
0.56355692
0.78641453
1.0246383
0.79096554
1.0246851
1.2980375
1.2628184
1.2629319
1.2597869
1.2972696
1.2599126
0.79563592
1.028724
1.0287711
1.280478
0.69485193
1.2805101
0.69934422
1.281931
1.2818583
0.56448074
0.78530795
0.56222392
0.78733974
0.80257271
1.0498591
1.2447015
1.0664943
0.80181488
1.0491893
1.2452802
1.067225
0.65211234
0.55267535
0.4795808
0.46428464
0.65148805
0.55215225
0.48001316
0.46462694
1.0492483
0.80214912
1.0677591
1.2454516
1.2447796
1.0670185
0.80293874
1.0500329
0.55234071
0.65177213
0.465045
0.48015265
0.47983673
0.46463983
0.65240458
0.55279563
0.60508667
0.56865216
0.52996023
0.49004546
0.60502367
0.56842122
0.53037817
0.49045773
0.64418473
0.6908967
0.71581526
0.76054755
0.64416716
0.69094537
0.71575512
0.76053397
0.5685061
0.60516359
0.49070859
0.53028145
0.53026679
0.49045861
0.60509383
0.56830093
0.69076403
0.64391304
0.75992677
0.71504507
0.71561891
0.76012249
0.64377526
0.69023445
1.3137858
0.92297679
0.92303987
0.95276455
0.96219268
0.95277248
1.3138646
0.92298014
0.92311322
0.95275535
0.9622036
0.95278729
0.29802445
0.78731771
0.71070276
0.2976249
0.78725379
0.7106876
1.2261518
1.2260243
0.92309699
1.3137068
0.92310932
0.9621659
0.95264626
0.95271434
0.95276759
0.96218929
0.95276488
1.3136623
0.9229463
0.92315646
0.29837194
0.71013664
0.78686703
0.78716691
0.710316
0.30014468
0.98925653
0.97956319
0.97956545
0.98791276
0.94402032
0.98790439
0.98924648
0.97955451
0.97956901
0.9878964
0.94402403
0.98791829
0.97558687
0.98389099
0.97561034
0.94256229
0.95516937
0.95519266
0.95518005
0.94258018
0.95520297
0.98392416
0.97562179
0.97564078
0.97958532
0.98931759
0.97960325
0.94403288
0.98792145
0.9879214
0.98790979
0.94403181
0.98792827
0.98935084
0.9796289
0.97963412
1.0099411
0.98984215
1.0099684
0.98982382
1.3533416
1.0089231
0.8359874
1.3533395
0.83599763
0.83600357
1.0089332
0.83601269
1.0099072
0.98981268
0.98980748
1.0099051
1.2570526
1.3095052
1.3094855
1.2570683
0.97036278
0.9900537
0.99006392
0.97037831
1.0177961
1.3094526
0.91136028
0.91135194
1.0177937
1.3094577
0.97042181
0.99004888
0.97039887
0.99005251
1.2570174
1.3094487
1.2570216
1.2821764
0.81780642
0.81780425
0.86134014
1.1960001
1.2826057
0.92595493
0.95350702
0.9259471
0.95351536
0.87522452
0.94988509
0.87523351
0.94988339
0.86190589
1.1962115
1.2821328
0.81780325
0.81779778
1.282609
2.8234117
2.8234472
0.86692532
0.85860452
0.97673614
1.6865581
0.97651936
1.6864869
2.8239979
2.8239721
2.2639126
2.16493
2.9599947
2.8535958
2.1521885
2.8539853
2.1690084
1.8344034
1.5713429
1.8683372
1.5528026
2.6632858
2.6526063
1.8651578
2.6533864
2.2867398
1.8712697
1.5524506
1.5741436
1.8338631
0.78512464
0.783126
0.56738178
0.56721919
0.78474602
0.78608944
0.65245442
0.55296735
0.47987711
0.46516816
0.6516684
0.55224085
0.48029569
0.46556095
1.0492206
0.80189161
1.0667695
1.2449495
1.244454
1.0663434
0.80259779
1.0498697
0.55241054
0.65148613
0.46562309
0.47922961
0.47987352
0.46530064
0.65197127
0.55209153
0.64277926
0.68902017
0.71361581
0.75810937
0.64274014
0.68903707
0.71349743
0.75805103
0.56817291
0.60444159
0.49205674
0.53149018
0.5305313
0.49111489
0.60474313
0.56903239
0.689129
0.6431917
0.75830329
0.71404933
0.71359964
0.75816537
0.64345324
0.68966038
0.30034518
0.70861397
0.78543864
0.78551181
0.70854516
0.29893263
1.352136
1.3521531
1.0097498
0.9897418
1.0098359
0.9897499
1.3522402
1.3522756
1.0098647
0.98988604
0.98985784
1.0099367
1.016288
0.9108058
1.0162713
1.3076938
1.3077012
0.91084242
1.2550795
1.2550697
0.96816453
0.98768537
0.96819459
0.98766483
1.0172944
1.3077446
0.91091399
0.91089032
1.0173273
0.9682717
0.98771312
0.96823418
0.9877477
1.2551759
1.3078346
1.3078259
1.2552181
0.8723381
0.94695027
0.87232686
0.94695318
0.92327656
0.95096836
0.95094613
0.92329319
1.2792544
0.81449525
0.81449417
0.8576103
1.1929087
1.2797375
0.92333924
0.95099177
0.95102293
0.92331102
0.87243429
0.94702722
0.94701358
0.87246131
0.85718541
1.1927608
1.2793256
0.81453896
0.81452863
1.2797471
0.97035061
1.6777988
0.86236459
0.85372349
1.6777201
0.97020586
2.813442
2.813305
0.86218492
0.85368415
0.96994515
1.677739
0.97013675
1.677709
2.8136351
2.8135647
1.8351369
1.5718826
1.1958601
1.8698949
1.5528322
1.1889327
2.6535549
2.6661432
1.8770315
2.6570559
2.2652025
2.2863222
1.8725414
1.553004
1.1888973
1.5743887
1.1979545
1.8355789
0.69926532
1.2822022
1.2820398
0.56263714
0.69481879
1.2806711
1.2807082
0.56501602
0.56278516
0.78715052
0.7852815
1.0252815
0.79148368
1.0255211
1.298428
1.264156
1.2633715
1.2604667
1.2988279
1.2609739
0.79591999
1.0300872
1.0291929
1.2809791
0.69524084
1.281032
0.56526618
0.69964333
1.2824515
1.2822791
0.56511345
0.78646885
0.56327697
0.78790859
0.80290454
1.0502356
1.244862
1.067076
0.80208529
1.0493133
1.2456249
1.067765
0.65227885
0.55266621
0.47982976
0.46479469
0.65163588
0.55230887
0.47990694
0.46522448
1.0495179
0.80196777
1.0672533
1.2456925
1.2450372
1.0667669
0.80272641
1.0503179
0.55215095
0.65143154
0.46539841
0.47911087
0.47951823
0.46498263
0.65197764
0.55204705
0.6047517
0.5682593
0.53010416
0.49040742
0.60430696
0.56814037
0.53041226
0.49093845
0.64360828
0.69014264
0.71486913
0.75942249
0.64328983
0.69005089
0.71480793
0.75937279
0.56847263
0.60495709
0.49160256
0.53154343
0.53054944
0.49111143
0.60577156
0.56984318
0.69024253
0.64407474
0.75973592
0.71546594
0.71492204
0.75958502
0.64451446
0.69096846
1.3134103
0.9226183
0.92281133
0.95260661
0.96204457
0.95254487
1.3135268
0.92299416
0.92301317
0.9523636
0.96199501
0.95247761
0.30066663
0.78673143
0.7096313
0.30046424
0.78639717
0.7095361
1.22576
1.2257661
0.92262395
1.3132906
0.92255763
0.96181646
0.95217981
0.95219754
0.95230345
0.96184208
0.95225424
1.313285
0.92242532
0.92258043
0.30007958
0.70961241
0.78623179
0.78629966
0.70953528
0.2988205
0.98935206
0.97966746
0.97967428
0.98794386
0.94407689
0.98796135
0.98936792
0.97965097
0.97967514
0.98798974
0.94410563
0.98799606
0.97537647
0.98371517
0.97531323
0.94216409
0.95471861
0.95475961
0.95487945
0.94220994
0.95482268
0.98368019
0.97522156
0.97527672
0.9796772
0.98928794
0.97967802
0.94417464
0.98803228
0.98803091
0.98801243
0.9441635
0.98803531
0.98927903
0.97967219
0.97969119
1.0099499
0.98984262
1.0099352
0.98985412
1.3534101
1.0090488
0.83602823
1.3534277
0.83602708
0.83600893
1.0090391
0.83602996
1.0100291
0.98995041
0.98992185
1.0100576
1.2570401
1.3094648
1.3094696
1.2570314
0.97053895
0.99011344
0.99009877
0.97056263
1.0178183
1.3094974
0.91145969
0.91143966
1.0178237
0.97061897
0.99013062
0.97059072
0.99015285
1.2571012
1.3095402
1.3095215
1.2571164
1.2821335
0.81781203
0.81782478
0.86167352
1.1960888
1.2826358
0.92605102
0.95360773
0.92603215
0.95362733
0.87533612
0.94995533
0.87534935
0.94994633
0.86224851
1.1963172
1.2822211
0.81788015
0.81786939
1.2826581
2.8238025
2.8239439
0.86723661
0.85899183
0.97745804
1.6868513
0.97720562
1.6867577
2.8238106
2.8238061
2.2475526
2.1749568
2.9547039
2.8370353
2.1582166
2.838384
2.1623018
1.8363075
1.5750785
1.8764198
1.5524316
2.1570686
2.8988375
2.7859262
2.0760714
2.6420966
2.171238
1.8349985
1.5692936
1.5496158
1.869423
0.78888957
0.56432595
0.78700162
0.56686352
0.56372029
0.78862642
0.78712785
0.65109971
0.55335494
0.47854681
0.46469039
0.64965118
0.55110739
0.48033291
0.46507429
1.0510608
0.80295969
1.0653817
1.2440665
1.2455246
1.0659931
0.80143327
1.0487587
0.55376635
0.65247591
0.46400371
0.47948389
0.48072246
0.46470372
0.65107855
0.55186194
0.64369259
0.68973651
0.71410207
0.75845911
0.64362291
0.68970597
0.71428114
0.75844639
0.56847027
0.60405859
0.489548
0.52940003
0.53045451
0.49018804
0.60367943
0.56712812
0.68943355
0.64271983
0.75825377
0.71349649
0.71406307
0.7584413
0.64240183
0.68875914
0.30371327
0.7085784
0.78610554
0.78584039
0.70868192
0.30790188
1.3524051
1.0101391
0.99008143
1.0101986
0.990108
1.3525245
1.3525755
1.0102593
0.99025247
0.99023292
1.0103225
1.0164453
0.91105507
1.0164184
1.3078627
0.9110984
1.2552876
1.2552558
1.3078903
0.9684752
0.98795687
0.96849514
0.98793027
1.0174545
1.3079426
0.91122116
0.9111827
1.0166004
0.96852859
0.98798113
0.96851102
0.98800994
1.2553904
1.308024
1.3080001
1.2554142
0.87251541
0.94704401
0.87248657
0.94706581
0.92348669
0.9512182
0.95118989
0.92351148
1.2793438
0.81455165
0.81456855
0.85765386
1.1929988
1.2798665
0.92355703
0.95124031
0.95126565
0.92353154
0.87262471
0.94716984
0.94716082
0.87263879
0.85719548
1.1928526
1.2794474
0.81463638
0.81462978
1.2798791
0.9698772
1.6775876
0.86226986
0.85353488
1.677492
0.96970951
2.8131886
2.8130052
0.86209575
0.85349303
0.96933755
1.6772995
0.96962393
1.6773769
2.8132351
2.8133446
1.837984
1.5754635
1.1968388
1.8776909
1.5533699
1.1879796
2.9077758
2.7904712
2.0919117
2.6447255
2.1527765
2.1722428
1.8341831
1.5703326
1.193824
1.5490465
1.1840136
1.8697168
0.69848735
1.2829521
1.2822508
0.56317163
0.69411112
1.2811885
1.2809142
0.56726205
0.56568417
0.56290605
0.78992378
0.78787193
1.0288117
0.79519787
1.0277126
1.2969997
1.2599404
1.2600503
1.2624607
1.2955584
1.2613738
0.79149049
1.0247631
1.0250134
1.2827376
0.698349
1.2818927
0.56173636
0.5667582
0.56501149
0.69470683
1.2806684
1.2806944
0.5624661
0.78967672
0.78780332
0.80221911
1.0519422
1.2451739
1.0658799
0.80050135
1.0494143
1.2468926
1.0668277
0.65161777
0.55383621
0.47855548
0.46497411
0.65002545
0.55118545
0.48071596
0.46560928
1.0519146
0.80375522
1.066234
1.2442722
1.2466241
1.0670958
0.80198157
1.048703
0.55432547
0.6532034
0.46394969
0.479312
0.48116663
0.46497844
0.65155709
0.5516894
0.60614792
0.56968085
0.5315265
0.49152569
0.60624433
0.56994927
0.53160311
0.49222367
0.64471622
0.6906408
0.71554289
0.75995374
0.64484021
0.69103828
0.71522177
0.75988738
0.56920165
0.60469146
0.48972899
0.52877744
0.53120889
0.49092825
0.60409545
0.56739835
0.69022253
0.64335512
0.75889386
0.71403416
0.71488681
0.75914987
0.64287732
0.68920098
1.3135638
0.9229824
0.92294449
0.95226243
0.96194016
0.95239048
1.3135335
0.92262876
0.92288985
0.95265294
0.96204898
0.9525436
0.30195735
0.78624767
0.70978883
0.29886039
0.78644414
0.70978332
1.2257895
0.92323214
1.3137831
0.92344723
0.96243473
0.95314143
0.95308211
0.95281853
0.9623689
0.95298056
1.3139382
0.92364248
0.92371202
0.30370067
0.70922743
0.78653936
0.78650815
0.70938755
0.30728191
0.98926036
0.97972656
0.97971555
0.98805442
0.94422999
0.98807286
0.98925183
0.97968472
0.97970722
0.98811238
0.9442601
0.98811172
0.97532758
0.98372113
0.97535835
0.94255315
0.95497808
0.95497618
0.95492593
0.94253493
0.95497679
0.98373306
0.97537057
0.97538204
0.97975742
0.98932992
0.97977089
0.94429896
0.98813834
0.98814847
0.98814113
0.94430636
0.98816256
0.98934428
0.9797647
0.97978564
1.0101621
0.99002662
1.0101453
0.99004205
1.353499
1.0091798
1.353521
0.83611168
1.3535212
0.83612688
0.83612011
1.0091911
0.83613716
1.0101968
0.99009163
0.99008022
1.0102091
1.2571454
1.30955
1.2571333
0.97070299
0.99023239
0.99022925
0.9706982
1.0178807
1.3095392
0.91155917
0.91155228
1.0178847
0.97069111
0.99023429
0.97069118
0.99024238
1.2571417
1.3095557
1.3095506
1.2571459
1.2822283
0.81789262
0.8179071
0.86198814
1.196232
1.2827302
0.92613413
0.95370582
0.92612667
0.95371073
0.87540907
0.9500128
0.87540616
0.95001101
0.86250905
1.1964544
1.2822855
0.81793581
0.81793085
1.2827463
2.8245246
2.8248071
0.86759473
0.85946414
0.97824289
1.687869
0.97798909
1.6876548
2.8250188
2.8247981
2.1762434
2.2500152
2.887667
2.7829329
2.0883125
2.6503023
2.2736727
1.8356153
1.5611025
1.8469825
1.5531018
2.1689248
2.9712772
2.8675187
2.1424215
2.6541272
2.1634108
1.8345297
1.5531526
1.5532471
1.8354336
0.78303181
0.78358581
0.56750363
0.56785645
0.78272993
0.78283561
0.65233521
0.55193255
0.48000792
0.4646521
0.65305512
0.55271648
0.47968209
0.46430494
1.0480495
0.80371381
1.0684908
1.2431496
1.2430778
1.0684416
0.80379131
1.0481762
0.55217393
0.65286716
0.46435064
0.48011373
0.47986485
0.46422442
0.65296315
0.55246168
0.64275891
0.68894115
0.71356626
0.75833287
0.64276518
0.68889411
0.71347866
0.7583741
0.56774007
0.60395034
0.48976675
0.52969099
0.52976493
0.48981619
0.60404896
0.56783064
0.6890152
0.64287797
0.75834023
0.71453763
0.71354462
0.75809427
0.64302618
0.68982409
0.30702518
0.70892416
0.78650422
0.78636344
0.70875089
0.30456321
1.3526489
1.010396
0.99036057
1.0104918
0.99034477
1.3526757
1.3526784
1.0103895
0.99031949
0.99031652
1.0104906
1.0176696
1.3080966
0.91128319
1.0166958
1.308034
0.91127319
1.2554403
1.2554273
1.3080512
0.96855096
0.98808963
0.96852903
0.98809018
1.0177758
1.308108
1.3081178
0.91123234
0.9112494
1.0177775
0.96846542
0.98808487
0.9685011
0.98808085
1.2554358
1.3081782
1.3081636
1.2554276
0.87265211
0.94717718
0.87264589
0.94718696
0.9236144
0.95131924
0.95132348
0.92361004
1.2794563
0.81463979
0.81464684
0.85750026
1.1930118
1.2799465
0.92359182
0.95130619
0.95129373
0.92359887
0.87261193
0.94719356
0.947199
0.87259625
0.85690653
1.1928491
1.2794907
0.81464068
0.81464712
1.279948
0.9692296
1.6767802
0.86209606
0.85318849
1.6765725
0.96893321
2.8125104
2.8125162
0.86184799
0.85311084
0.96835375
1.6753784
0.96879152
1.6757239
2.8109081
2.8115543
1.8629382
1.5527996
1.1892345
1.8349217
1.5677208
1.193348
2.1920755
2.9186151
2.8199699
2.0989592
2.7717526
2.2514613
2.1642146
1.8468353
1.5476257
1.1840772
1.559667
1.192305
1.8306514
0.69501711
1.2803338
1.2805803
0.69983445
1.2818762
1.2820542
0.56135049
0.56162044
0.56382138
0.78709635
0.78887289
1.0270773
0.79732405
1.0301412
1.2962164
1.2614185
1.2623047
1.2613041
1.2998058
1.2641611
0.79620792
1.0263363
1.028791
1.2816814
0.70116806
1.2829481
0.56389698
0.5663387
0.70028226
1.2812349
1.2826082
0.56571073
0.78442336
0.78470876
0.80162732
1.0485621
1.2447865
1.0673035
0.80233392
1.0492959
1.2440584
1.0666663
0.6510584
0.55172739
0.4793846
0.463375
0.65163507
0.55195651
0.4792339
0.46315112
1.0499126
0.80471279
1.0692483
1.2440503
1.2451845
1.0690124
0.80448594
1.0488165
0.55275616
0.65381381
0.46474915
0.47977143
0.47995656
0.46472544
0.653541
0.5523987
0.6041569
0.56765145
0.52897075
0.48908549
0.60412829
0.56757709
0.52944037
0.48903774
0.64296892
0.68960176
0.7139974
0.75870659
0.64287358
0.68921066
0.71430037
0.75877596
0.56836011
0.6050419
0.49029788
0.53023816
0.52988035
0.49041644
0.60514435
0.56868425
0.68982243
0.64369627
0.75934126
0.71497605
0.71448393
0.75918594
0.64383027
0.69029837
1.3140389
0.9236652
0.92379836
0.95321185
0.96255277
0.95325271
1.3140336
0.92376654
0.92388043
0.95324081
0.96256096
0.95328251
0.30796048
0.78657907
0.70909742
0.30770218
0.78664045
0.70913163
1.225638
0.92363679
1.313868
0.92348973
0.96236669
0.95286775
0.95301938
0.95321116
0.96246036
0.95314347
1.3138326
0.92305744
0.92340843
0.30806559
0.70945369
0.78668886
0.78669232
0.70935756
0.30652369
0.98932085
0.97973736
0.97975761
0.98814785
0.94428749
0.98814574
0.98933829
0.97977271
0.97977878
0.98812495
0.94428351
0.98815536
0.97541347
0.98376494
0.97543983
0.94255292
0.95502738
0.95505995
0.95504602
0.94260752
0.95507609
0.98378098
0.97544072
0.97546499
0.97973929
0.98932824
0.9797252
0.94417882
0.98801384
0.98806473
0.98812296
0.94422443
0.988113
0.98932906
0.97965142
0.97971028
1.010207
0.99008501
1.0102159
0.99006752
1.009088
0.83605463
0.83608404
0.83609481
1.0091306
0.8361057
1.3534615
1.0101328
0.98994657
0.98998264
1.0101
1.2571454
1.2571451
0.97062885
0.99021547
0.99023315
0.97059017
1.0178617
1.3095153
0.91141919
0.91145098
1.0178465
0.97049035
0.99019258
0.97054115
0.99017244
1.2570647
1.3094718
1.309483
1.2570473
1.2822834
0.81793987
0.81794721
0.8620988
1.196285
1.2827564
0.92605265
0.95363055
0.92607205
0.95360305
0.87530069
0.94998266
0.8752722
0.94999165
0.86249732
1.1964916
1.282276
0.81792007
0.81792595
1.282762
2.8260543
2.8261421
0.86784198
0.85989068
0.97888944
1.690102
0.97868725
1.6896616
2.8280802
2.8273544
2.1660924
2.2550772
2.8611645
2.9684443
2.1535716
2.6570643
2.1685881
1.8329673
1.5533481
1.8359488
1.5511709
2.1691379
2.9576391
2.8465504
2.1544654
2.6494394
2.2616027
2.1699811
1.835467
1.5503559
1.5526779
1.8324014
0.78349771
0.78316028
0.56665319
0.56506281
0.78430779
0.78431552
0.6526946
0.55232731
0.47998198
0.46442093
0.65256973
0.55230231
0.47986558
0.46450367
1.0479025
0.80302422
1.0677078
1.242822
1.2429201
1.0676988
0.80298602
1.0477449
0.55215177
0.65228794
0.46411503
0.47922587
0.47969135
0.46424986
0.65221406
0.55177635
0.64419123
0.69094865
0.71488822
0.75976343
0.64392441
0.69017081
0.71568684
0.76005361
0.56882837
0.60523999
0.4902354
0.53018325
0.53055662
0.4904006
0.60515489
0.56854518
0.69100915
0.64429889
0.76029151
0.71508301
0.71580062
0.76051359
0.64425027
0.69044604
0.29773855
0.71019095
0.78632309
0.78660195
0.71031563
0.2965313
1.352668
1.3526757
1.0104191
0.99023415
1.0104524
0.99022262
1.3527191
1.3527949
1.3527594
1.0104165
0.99010809
0.99014571
1.0104521
1.0177794
1.3082249
1.3082057
0.91115551
1.0177893
0.91113495
1.2554224
1.3081832
1.2554239
1.3081901
0.96821256
0.98804163
0.96815589
0.98804086
1.0178187
1.3082506
1.3082913
0.91104642
0.91106765
1.0178586
0.9680566
0.98805019
0.96810365
0.98807405
1.2554795
1.308407
1.3083387
1.2555121
0.87256034
0.94719111
0.87257665
0.94719767
0.92351923
0.9511683
0.95118828
0.92350593
1.2795109
0.81463411
0.81463551
0.85700465
1.1929667
1.2800333
0.92349763
0.95114836
0.95113888
0.92349478
0.87251767
0.94733484
0.94729602
0.87252953
0.85680134
1.1930012
1.2797769
0.81473648
0.81470995
1.2800726
0.96821466
1.6743075
0.86179202
0.85262957
1.6739137
0.96787102
2.8097504
2.8093521
0.86175115
0.85256464
0.96744286
1.67244
0.96774488
1.6727675
2.8072952
2.8078938
1.8324685
1.5533168
1.1878085
1.8373182
1.5495948
1.185649
2.1697883
2.9605866
2.8474436
2.1685545
2.6523452
2.2625595
2.1719792
1.8365874
1.5492638
1.1845007
1.5522719
1.1863262
1.8326193
0.6987434
1.2801961
1.2811765
0.69788971
1.2801341
1.280988
0.55972756
0.56164269
0.56142522
0.78695002
0.78650555
1.0239052
0.79400607
1.0272554
1.2957439
1.2590838
1.2615247
1.2590608
1.2962139
1.261459
0.7943828
1.0240494
1.0275389
1.2797193
0.69757531
1.2805981
0.56067976
0.55884062
0.69800931
1.2796634
1.2807219
0.78708873
0.56047281
0.78722586
0.80291056
1.0479104
1.2433876
1.0678142
0.8028303
1.048094
1.2432226
1.0679384
0.65203668
0.5515753
0.47932067
0.46387763
0.65199839
0.55186473
0.47892131
0.46405509
1.0477461
0.80266627
1.0676919
1.2431274
1.2430779
1.0676276
0.80271906
1.047775
0.55147695
0.65184944
0.46371328
0.47866363
0.47881887
0.46379045
0.65187995
0.55140694
0.60539179
0.56887855
0.53015838
0.4903352
0.60524455
0.56865436
0.53020025
0.49043415
0.64428058
0.69096269
0.71513162
0.75988417
0.64410507
0.69042168
0.71571886
0.76011602
0.56896667
0.60566486
0.49019113
0.52993074
0.53026762
0.49032592
0.60562414
0.56877051
0.69109834
0.6446092
0.76061997
0.7157671
0.7158731
0.76061563
0.64456927
0.69097431
1.3134882
0.92197381
0.92236351
0.95272926
0.96196136
0.95255749
1.3136288
0.92292741
0.92275421
0.95216922
0.96180398
0.9523827
0.30057153
0.78665551
0.70983882
0.30528883
0.78653522
0.71000752
1.2257599
0.92178462
1.3132179
0.92154504
0.96126884
0.95172809
0.95180305
0.95202719
0.96137574
0.9519132
1.3131769
0.9210422
0.92140441
0.29915653
0.71033412
0.78629321
0.78649331
0.71035247
0.29776303
0.98917186
0.97943838
0.97950477
0.98797645
0.94402177
0.987928
0.9892277
0.97961289
0.97957152
0.98782427
0.94397082
0.98789455
0.97523988
0.98355729
0.97520373
0.94175968
0.95457501
0.95462919
0.95473658
0.94185703
0.95469211
0.98353772
0.97513458
0.97518497
0.97939681
0.98904789
0.97935244
0.94375464
0.9876754
0.98770959
0.98778862
0.94380692
0.98775926
0.98902795
0.97927279
0.97932537
1.0099549
0.98980266
1.0099939
0.98974423
1.353346
1.0088024
0.83579259
0.83583196
0.83589518
1.0088341
0.83587453
1.3533696
1.00988
0.98956362
0.98959679
1.0098768
1.2570184
1.309453
1.2570344
0.97018485
0.99004827
0.99006494
0.97011101
1.0177514
1.3094791
0.9110815
0.91110904
1.0177577
0.96997674
0.99004023
0.97004197
0.99004714
1.2569901
1.3095549
1.3095048
1.2570052
1.2822719
0.81791672
0.81791824
0.86190591
1.1962596
1.2827728
0.92585317
0.95335517
0.9258651
0.95332915
0.87511102
0.95004655
0.87510771
0.950016
0.86181322
1.1963007
1.2824794
0.81796532
0.81794407
1.2828174
2.8294954
2.8299931
0.86798329
0.86025864
0.97955806
1.6935243
0.97927253
1.6929948
2.8326692
2.831873
2.260111
2.8483248
2.958255
2.1534743
2.6571973
2.1715335
1.8366485
1.551241
1.8335321
1.5535991
2.9705644
2.8580612
2.149204
2.674837
2.2188871
2.1747734
1.832847
1.5588155
1.5506655
1.8439113
0.78543994
0.78582703
0.56482598
0.56666251
0.78594235
0.56704141
0.78520808
0.65197335
0.55160743
0.47907462
0.46310362
0.65198448
0.55165934
0.47889907
0.46266608
1.0486498
0.80379303
1.0682272
1.2457333
1.2438315
1.0682943
0.80390981
1.0502522
0.55181121
0.6527492
0.46169457
0.47845133
0.47897921
0.46193294
0.65281951
0.55175056
0.64281852
0.68875323
0.71477925
0.75909038
0.64330391
0.69012332
0.71337267
0.75864802
0.56656288
0.60244536
0.48706584
0.52742639
0.52822956
0.48746605
0.60236943
0.56564158
0.68829242
0.64152573
0.75708278
0.71139664
0.7128297
0.75768363
0.64112533
0.68689379
0.30352675
0.70700424
0.78425304
0.78543828
0.70761446
0.30882941
1.3530555
1.3528651
1.352957
1.0106808
0.9901199
1.0106096
0.99016502
1.353526
1.3540152
1.353761
1.0110832
0.99033876
0.99030105
1.0112762
1.0180333
1.3088381
1.308697
0.91105517
1.0179877
0.91108259
1.2556064
1.3084829
1.2555531
1.3085791
0.96788383
0.98850595
0.96786945
0.98838871
1.0182719
1.3089972
0.91124419
0.91119536
1.0183908
0.96788394
0.98864584
0.96786613
0.98881838
1.2560171
1.3097499
1.3094528
1.2561204
0.87257937
0.94738644
0.87254762
0.94745184
0.92363635
0.95123907
0.95119762
0.9236974
1.2803329
0.81477582
0.81481265
0.85671305
1.1933037
1.2807218
0.92386497
0.95128853
0.95135561
0.92376999
0.87290316
0.9480839
0.94794314
0.87300898
0.85667966
1.1934123
1.2811648
0.81484727
0.81487885
1.2808982
0.96738771
1.6716729
0.86203071
0.85242631
1.6714595
0.96737621
2.8063752
2.8060238
0.86244522
0.85246348
0.96784165
1.6715066
0.96741892
1.6713239
2.8057449
2.8055902
1.8357698
1.5504771
1.185366
1.8336436
1.5522104
1.1865337
2.1773959
2.975957
2.8609693
2.1554655
2.6729428
2.220374
2.1755429
1.8325576
1.5571737
1.1887476
1.5495965
1.1859977
1.8431091
0.69747427
1.2800391
1.2807959
0.69767561
1.2796578
1.2807199
0.56097284
0.56066851
0.78792966
0.78822484
1.0268501
0.79596363
1.0295453
1.2971333
1.2597868
1.2620907
1.2621435
1.2977082
1.2637219
0.79331596
1.0242259
1.0272771
1.2807253
0.69886992
1.2816378
0.56149463
0.56247734
0.56092316
0.69642807
1.2802328
1.2810471
0.7885548
0.56299922
0.78773564
0.80281944
1.0483803
1.2431768
1.0676136
0.80275116
1.0478072
1.243835
1.0676231
0.65195092
0.55148393
0.47860636
0.46299005
0.65189442
0.55137203
0.4785708
0.46244071
1.0488244
0.80370088
1.0682957
1.2459759
1.2442663
1.0684133
0.80372448
1.0502018
0.55166105
0.65263533
0.46102518
0.4779757
0.47863315
0.46147523
0.65261421
0.55141152
0.60433041
0.56704624
0.5297015
0.48908445
0.60482001
0.56853212
0.52798984
0.48803598
0.64325934
0.68934097
0.71549587
0.75992989
0.64373723
0.69069847
0.71410751
0.75949376
0.56669668
0.60290582
0.48643898
0.52654432
0.52774604
0.48726651
0.6023697
0.56529363
0.68881518
0.6417147
0.75718509
0.71149527
0.7135412
0.75783834
0.64111862
0.68691536
1.3130351
0.92053538
0.9207374
0.95173604
0.96110844
0.95177349
1.3130788
0.9209765
0.92094566
0.95189815
0.96109271
0.95184593
0.30318583
0.78619077
0.70968465
0.29842825
0.78567954
0.70928125
1.2254244
0.92053139
1.3130768
0.92048133
0.96103397
0.95245375
0.95230916
0.95202497
0.961062
0.95217402
1.3131886
0.92032082
0.92052674
0.3051262
0.70708302
0.78421812
0.78543435
0.70771484
0.31042971
0.98890674
0.97919178
0.97921772
0.98767113
0.94367383
0.98766828
0.98894671
0.9792559
0.9792463
0.98768147
0.9436717
0.98769004
0.974774
0.98312075
0.97465124
0.94106518
0.95375763
0.95391679
0.95420171
0.94120701
0.95408086
0.98302518
0.97438128
0.97452974
0.9791896
0.98879233
0.97917995
0.94370196
0.98780985
0.98776838
0.98771155
0.94368804
0.98774889
0.98876011
0.97916988
0.97918555
1.0100399
0.98951439
1.0099698
0.98951728
1.3540247
1.009099
0.83528563
0.83541799
0.83558721
1.0090229
0.83552499
1.3542591
1.0104076
0.98967263
0.98961609
1.0105796
1.257065
1.3096127
1.3096909
1.2570292
0.96971354
0.99037843
0.99027509
0.96968512
1.0180978
1.3100712
0.91117578
0.91112263
1.0181966
0.96968083
0.99050889
0.96967245
0.99067247
1.2574211
1.3107971
1.3105067
1.2575171
1.2825566
0.8179901
0.81802127
0.86174538
1.196603
1.2833993
0.92612323
0.95337574
0.92603598
0.95343434
0.87541995
0.95073297
0.87551815
0.95059419
0.86229986
1.1969113
1.2838463
0.81803029
0.81806155
1.2835829
2.8344264
2.8351581
0.86916091
0.86098658
0.98119601
1.6974714
0.98044806
1.6969367
2.8376482
2.8371151
2.6223655
2.645229
1.7343409
2.8166603
2.2039836
1.8767337
1.5543801
1.8388957
1.5742377
2.6648029
2.6737374
1.7913616
2.8703163
2.2066134
2.1425537
1.8614758
1.5536301
1.5652579
1.8410371
0.78649751
0.78629172
0.76033257
0.79157083
0.65137112
0.55010291
0.47796968
0.45988958
0.65152746
0.55130741
0.47636215
0.45877628
1.0528601
0.80270208
1.067284
1.249284
1.2501526
1.0685267
0.80101858
1.0545601
0.54954023
0.65073665
0.46928351
0.48268723
0.47572103
0.46016811
0.65204349
0.55989046
0.6367844
0.68172031
0.71047005
0.75419669
0.63839385
0.68600478
0.70629572
0.75270632
0.5592448
0.59750697
0.49744624
0.55027423
0.52172186
0.48568079
0.60553632
0.58298063
0.68073806
0.63579369
0.75688993
0.71625262
0.70533412
0.75124014
0.64254651
0.69405432
0.38625312
0.70317685
0.77483371
0.7850063
0.69911685
0.40121497
1.3548268
1.354317
1.3546321
1.0116654
0.99046569
1.0117718
0.99038977
1.3529036
1.345206
1.0082887
0.98738292
0.98860287
1.0069013
1.019087
1.3106974
1.310619
0.91152067
1.0188588
0.91165239
1.256179
1.3100747
1.2561884
1.3104162
0.96760114
0.98952944
0.96702116
0.98966538
1.0184642
1.3097423
0.9088609
0.91109478
1.0178494
1.3008487
0.96359249
0.98892819
0.96555651
0.98767663
1.2455992
1.3085665
1.2490271
0.87326494
0.94825471
0.87312852
0.94845871
0.92448997
0.95147582
0.9516246
0.92453008
1.2814839
0.81480171
0.81475525
0.8565061
1.1929597
1.2825765
0.92361719
0.95105479
0.95003423
0.92437433
0.8706279
0.94499594
0.94799672
0.86659369
0.85208539
1.1913413
1.2794721
0.81600339
0.80639322
1.2816876
0.96812318
1.6725966
0.86339334
0.85279422
1.6728015
0.96941364
2.8073516
2.8072856
0.86128825
0.85250189
0.94331457
1.6331528
0.96941217
1.6565935
2.7278762
2.7761447
1.8776711
1.5535072
1.1849058
1.8389254
1.5739322
1.1934904
2.2976894
2.6710415
2.6779372
1.803677
2.8743951
2.2061108
2.1416234
1.8610133
1.5527961
1.179217
1.563755
1.1866705
1.8412179
0.69086289
1.2809914
1.280068
0.56329491
0.69371329
1.2807553
1.2806596
0.78897504
0.56310008
0.78870359
1.024348
0.7891358
1.024322
1.2881491
1.2653941
1.2545759
1.2609168
1.2949675
1.2605381
0.79001028
1.0366339
1.0203527
1.2810964
0.69279389
1.2825392
0.58529826
0.56847413
0.69170497
1.2901185
1.2840914
0.58820784
0.76282869
0.56724138
0.79421611
0.802736
1.0518321
1.2467313
1.068152
0.80266684
1.0506414
1.2486242
1.0685672
0.65126041
0.54985148
0.4775118
0.45918158
0.65138279
0.55099194
0.47595846
0.45815217
1.0528771
0.80257263
1.0674532
1.2498456
1.2504563
1.0686087
0.80102278
1.0548599
0.54927345
0.65060273
0.4688595
0.48246618
0.47531719
0.45963135
0.65203727
0.55984603
0.59779929
0.55930152
0.52591813
0.48436622
0.59953007
0.56450202
0.52160051
0.48296115
0.63665427
0.6817715
0.71057407
0.7543317
0.63826113
0.6860214
0.70644475
0.75285782
0.55844799
0.59706376
0.49684165
0.54995787
0.52110247
0.48489171
0.6047316
0.58264741
0.68080935
0.63562465
0.75714214
0.71645529
0.7055064
0.75146518
0.64225519
0.6940599
1.3129773
0.91930973
0.91990304
0.95263503
0.96086363
0.95279504
1.3133541
0.92035557
0.92033891
0.95291159
0.96074134
0.95287804
0.35134729
0.78365453
0.70421665
0.31323502
0.78319827
0.70262207
1.2125768
0.91834047
1.3085322
0.91827424
0.95910402
0.95298929
0.9530931
0.95284691
0.96003285
0.9529961
1.3053701
0.92332292
0.91865907
0.38827053
0.70338838
0.77486705
0.78509128
0.69928908
0.40114228
0.98871435
0.97928228
0.97928067
0.98789211
0.94387071
0.9879873
0.98870815
0.97919967
0.97924692
0.9881732
0.94396863
0.98811414
0.9742367
0.98249204
0.9742138
0.94052268
0.95160996
0.9538414
0.95362075
0.94059186
0.95367821
0.98224027
0.97195502
0.97429543
0.97919545
0.98831742
0.97870207
0.94113572
0.98316275
0.98610412
0.98811915
0.94323741
0.98755213
0.98774157
0.97443729
0.97752846
1.0110945
0.98978584
1.0110799
0.98973167
1.3533765
1.0084221
0.83862635
0.82408591
0.83399322
1.0089735
0.83464938
1.3456848
1.0091375
0.98820144
0.98831858
1.0077206
1.2575564
1.3111153
1.3114558
1.2575768
0.96935349
0.99134146
0.99148329
0.96876496
1.0183542
1.3108139
0.90893195
0.91104275
1.0187425
0.96533312
0.99073736
0.96729707
0.98948494
1.2469375
1.3096669
1.3019457
1.2503555
1.2841614
0.81798652
0.81794127
0.86174713
1.1962822
1.2852495
0.92584297
0.95309406
0.92659938
0.95207338
0.87313204
0.94765676
0.95062949
0.8691164
0.85782076
1.1948589
1.2821193
0.81917594
0.80964197
1.2843692
2.8387978
2.8389277
0.86821176
0.86138098
0.9580254
1.6598416
0.98299538
1.6833161
2.7601988
2.8087034
)
;
    }
}


// ************************************************************************* //
