/*--------------------------------*- C++ -*----------------------------------*\
| =========                 |                                                 |
| \\      /  F ield         | OpenFOAM: The Open Source CFD Toolbox           |
|  \\    /   O peration     | Version:  2412                                  |
|   \\  /    A nd           | Website:  www.openfoam.com                      |
|    \\/     M anipulation  |                                                 |
\*---------------------------------------------------------------------------*/
FoamFile
{
    version     2.0;
    format      ascii;
    arch        "LSB;label=32;scalar=64";
    class       volScalarField;
    location    "100";
    object      yPlus;
}
// * * * * * * * * * * * * * * * * * * * * * * * * * * * * * * * * * * * * * //

dimensions      [0 0 0 0 0 0 0];

internalField   uniform 0;

boundaryField
{
    inlet
    {
        type            calculated;
        value           uniform 0;
    }
    outlet
    {
        type            calculated;
        value           uniform 0;
    }
    topandbottom
    {
        type            calculated;
        value           uniform 0;
    }
    front
    {
        type            symmetryPlane;
    }
    back
    {
        type            symmetryPlane;
    }
    airfoil
    {
        type            calculated;
        value           nonuniform List<scalar> 
12960
(
48.22967
44.357536
52.384921
43.867739
43.642776
43.174642
38.721777
43.278724
38.859491
42.821416
43.381425
43.211306
51.656742
51.391994
42.952334
50.194499
41.818669
40.070078
44.96564
53.503028
44.51919
38.509399
43.786255
43.506989
38.746427
43.301239
43.961926
43.351336
51.800394
43.391355
46.21121
46.263172
41.91708
38.35903
42.784069
51.564574
39.391992
39.190394
43.554163
51.768048
51.386533
42.397441
51.49737
43.197992
38.879518
44.128662
38.02495
43.294392
43.389517
38.666257
50.663022
40.576759
36.239689
39.545969
45.203117
39.105143
38.303291
51.974187
43.614712
42.398419
51.522166
51.586389
42.81571
51.925126
38.101327
37.560452
37.733685
42.198914
42.802141
37.090975
43.621189
44.155342
39.53342
42.747541
42.858343
43.864976
52.200632
43.419015
51.839461
44.365016
43.620432
43.514469
38.731945
38.72044
43.418027
38.849499
43.472633
39.361335
45.463111
45.736127
39.541532
44.259091
52.498349
44.066786
37.904879
42.853684
52.081088
43.512166
43.092985
43.638827
38.0872
43.378666
44.773211
52.691229
47.89177
47.537863
45.481145
40.995041
52.639699
43.898353
38.245037
37.978622
39.31961
44.41474
38.209414
43.593015
52.26232
42.869215
51.924232
42.322859
42.44865
52.205436
39.219032
43.800405
48.128726
54.146549
54.084469
43.54159
52.701004
52.338113
38.635678
47.021895
42.951041
44.400273
38.243349
39.18258
44.305304
38.08821
51.865997
44.74084
44.495387
38.866018
47.607913
54.046897
45.581264
3.3956489
23.780229
23.91133
24.37458
23.499537
18.910782
18.902838
17.692872
18.105421
18.113629
17.684245
17.039103
17.049392
25.989865
25.987183
16.709666
16.700297
15.608172
15.996221
16.007605
15.599411
23.765196
24.236395
23.690403
24.335776
18.930069
18.923712
17.70906
18.124406
17.703334
18.130418
17.060546
17.066394
26.014347
26.041061
16.709376
16.710266
15.616748
16.011652
15.616206
16.011975
23.636818
24.307575
23.735211
24.138903
18.926475
18.929895
17.708135
18.131352
17.710589
18.128625
17.068684
17.06685
26.090939
25.993039
16.70993
16.709056
15.618466
16.012655
15.617511
16.013943
23.643022
24.371003
23.78236
24.170365
18.915016
18.919695
17.699184
18.122523
17.702546
18.118847
17.061724
17.058953
26.053703
25.991173
16.714664
16.712648
15.622052
16.016729
15.620971
16.018458
23.779464
24.241647
23.690807
24.361444
18.920234
18.916091
17.702504
18.119468
17.699735
18.122679
17.059263
17.061735
26.005436
26.017495
16.711507
16.713771
15.618328
16.017352
15.620721
16.015301
23.663177
24.23673
23.677171
24.190206
18.924042
18.922526
17.706494
18.125268
17.705196
18.126706
17.064357
17.065676
26.047327
25.993226
16.708319
16.709403
15.614322
16.012697
15.615605
16.011707
23.757254
24.312451
23.753417
24.336456
18.923448
18.926598
17.705367
18.128186
17.707705
18.125692
17.066328
17.064333
25.992152
26.024672
16.709347
16.707359
15.616306
16.011129
15.614316
16.013192
23.763564
24.129028
23.614141
24.364992
18.917621
18.91711
17.700711
18.120605
17.700827
18.120737
17.060124
17.059824
25.956793
26.065055
16.715183
16.713944
15.622441
16.017444
15.621078
16.018699
23.678387
24.229938
23.679155
24.221996
18.92365
18.921179
17.704179
18.123382
17.702966
18.125079
17.061192
17.061927
26.027071
26.018397
16.713866
16.715416
15.618711
16.017762
15.62167
16.015315
23.759603
24.362777
23.773718
24.320045
18.919132
18.923639
17.699736
18.123977
17.702789
18.120778
17.059648
17.056253
26.051706
26.004969
16.705639
16.708722
15.598194
16.007321
15.608832
16.001038
24.02874
24.56475
26.029432
25.53729
25.631463
25.039976
24.360087
24.586896
26.07672
25.918172
25.686761
25.445409
23.563162
23.330369
23.784906
24.189745
24.388395
23.668846
23.569311
23.477204
18.724645
18.249567
18.257654
18.715627
18.912669
18.920844
18.726395
18.266152
18.259267
18.734187
17.568691
17.149273
17.159766
17.559872
17.694592
18.121881
18.115228
17.701013
17.570475
17.168288
17.161832
17.576913
16.667689
16.65526
16.498258
16.069287
16.083424
16.485757
17.058218
17.051628
16.670379
16.677929
16.501163
16.095876
16.086826
16.509203
15.557149
15.946035
15.960494
15.545427
15.561901
15.973838
15.964203
15.573895
25.524258
25.52322
25.989339
26.098727
25.533026
25.6955
18.948518
18.944361
18.948008
18.94703
16.541232
16.118373
16.129426
16.53177
16.710452
16.710595
16.542189
16.132304
16.130833
16.542792
15.610984
16.01139
16.009328
15.615649
24.41607
24.520397
26.006944
25.975193
25.590293
25.522851
24.50568
24.503932
25.994716
26.004935
25.570143
25.585135
23.55825
23.492636
23.761035
24.320852
24.322432
23.752806
23.556929
23.546756
18.743202
18.268742
18.736952
18.27484
18.931106
18.93081
18.744261
18.276223
18.275945
18.744177
17.584855
17.170602
17.57918
17.17642
17.710249
18.131937
18.131544
17.71107
17.586054
17.178802
17.177671
17.587008
16.68646
16.680322
16.51814
16.09873
16.511753
16.105845
17.068903
17.067687
16.687916
16.689671
16.519692
16.109994
16.107528
16.521728
15.584444
15.97677
15.57709
15.984019
15.586096
15.98834
15.985738
15.588714
25.552878
25.611398
26.023141
26.011648
25.56866
25.549039
18.943449
18.946446
16.541908
16.132472
16.542563
16.13262
16.709258
16.709071
16.54185
16.132843
16.13267
16.541865
15.61683
16.012372
16.012089
15.617298
24.49564
24.303308
25.891969
26.020321
25.401334
25.59945
24.565147
24.359747
25.941274
26.025342
25.470144
25.625132
23.44904
23.528988
23.662182
24.375703
24.186826
23.788196
23.469379
23.575934
18.740047
18.275581
18.74333
18.27273
18.925312
18.921312
18.738901
18.267874
18.271645
18.734986
17.584194
17.178535
17.586551
17.176597
17.707188
18.123884
18.127575
17.703829
17.583267
17.172494
17.175727
17.580004
16.688041
16.689546
16.520343
16.110171
16.521708
16.109294
17.06282
17.066016
16.687318
16.684405
16.519661
16.105947
16.10866
16.51686
15.587831
15.988541
15.588878
15.987718
15.58712
15.984407
15.987094
15.584386
1.6944055
25.672742
25.525979
26.051049
26.003296
25.619353
25.528178
16.542876
16.133113
16.541908
16.134398
16.710441
16.712083
16.543417
16.136555
16.13494
16.545175
15.618928
16.016082
16.014499
15.620494
24.561702
24.344856
25.935741
26.034015
25.462652
25.631884
24.342912
24.309624
25.939749
25.935286
25.45686
25.461818
23.44919
23.570597
23.610878
24.168379
24.133978
23.641437
23.419545
23.447665
18.728993
18.266466
18.733418
18.262637
18.914094
18.914846
18.728137
18.262365
18.2619
18.728831
17.575476
17.171367
17.578734
17.168505
17.698592
18.118565
18.118151
17.698997
17.574905
17.168184
17.167986
17.575311
16.680746
16.683331
16.513286
16.105005
16.515838
16.102675
17.058624
17.058467
16.680327
16.6805
16.512878
16.102174
16.102242
16.51305
15.580785
15.98346
15.583393
15.981114
15.580269
15.980532
15.980671
15.580021
25.620313
25.513834
26.054976
26.054252
25.632319
25.621053
16.547736
16.137237
16.545764
16.139108
16.71512
16.71448
16.548174
16.138674
16.139438
16.547609
15.622217
16.017949
16.018771
15.621422
24.423198
24.549033
26.01941
25.979847
25.612638
25.531967
24.426168
24.524954
26.017425
25.976752
25.600852
25.53198
23.569202
23.490582
23.763847
24.245153
24.338576
23.694402
23.556601
23.493997
18.733821
18.26332
18.729963
18.266686
18.921186
18.922341
18.73475
18.268931
18.26755
18.736035
17.578663
17.168843
17.575998
17.171375
17.703322
18.124929
18.123529
17.70486
17.579465
17.173596
17.172134
17.581039
16.68325
16.681018
16.515723
16.10264
16.513575
16.104644
17.063944
17.062497
16.684006
16.685543
16.516471
16.106698
16.105309
16.518024
15.581734
15.980955
15.58033
15.98284
15.582288
15.984833
15.983482
15.583686
25.533807
25.563349
26.002269
26.029646
25.537885
25.581492
18.941887
18.945833
16.544665
16.138085
16.546907
16.136054
16.710996
16.70975
16.544133
16.133866
16.135464
16.54287
15.6177
16.013068
16.014723
15.61612
24.42452
24.36448
25.943772
26.016525
25.47525
25.571734
24.496646
24.447681
26.009106
25.99406
25.570202
25.567867
23.469399
23.476846
23.70229
24.314764
24.261939
23.753033
23.50075
23.548858
18.737738
18.269252
18.736257
18.270718
18.924877
18.926707
18.738509
18.272508
18.271357
18.740139
17.58264
17.174
17.581366
17.175329
17.707046
18.128359
18.127318
17.707933
17.583167
17.17629
17.175785
17.584013
16.68715
16.68592
16.519615
16.10713
16.518431
16.108357
17.066548
17.066127
16.687573
16.6879
16.520024
16.108763
16.108694
16.520313
15.584986
15.985254
15.584076
15.986446
15.585267
15.986824
15.986773
15.585461
25.60983
25.542031
25.995108
26.022189
25.536267
25.567077
18.939336
16.54137
16.133515
16.542489
16.132534
16.70801
16.707296
16.541057
16.131573
16.132225
16.540414
15.614115
16.010882
16.011443
15.614077
24.493218
24.525335
26.026093
25.991301
25.612744
25.562481
24.290962
24.493434
26.027165
25.929199
25.604084
25.437039
23.548636
23.550275
23.729161
24.118804
24.303853
23.605815
23.522675
23.417582
18.737004
18.272342
18.739993
18.269752
18.921817
18.917729
18.735485
18.265024
18.268445
18.731656
17.581479
17.176074
17.583762
17.174037
17.704286
18.121158
18.124451
17.701395
17.580432
17.1703
17.173066
17.577648
16.685633
16.687604
16.518021
16.108504
16.520031
16.106694
17.060653
17.063399
16.684774
16.682177
16.517164
16.103232
16.105856
16.514557
15.583638
15.986571
15.585239
15.984827
15.582981
15.981509
15.984025
15.581126
25.518763
25.572364
25.984129
26.064865
25.512307
25.649118
18.940066
18.937269
18.941703
18.946045
16.542419
16.131798
16.540481
16.133842
16.71045
16.713339
16.543491
16.137352
16.134824
16.54634
15.617356
16.016744
16.014193
15.620353
24.301413
24.562639
26.067972
25.929973
25.66933
25.440737
24.406331
24.55925
26.061466
25.980149
25.659651
25.524818
23.549861
23.425251
23.766692
24.225929
24.363526
23.681884
23.55418
23.484701
18.731422
18.264459
18.731039
18.264655
18.918278
18.92044
18.732027
18.26684
18.265134
18.734104
17.576888
17.169772
17.577066
17.169525
17.701091
18.122789
18.121188
17.702509
17.577237
17.17069
17.169774
17.578597
16.680998
16.681571
16.513222
16.102645
16.513955
16.101812
17.060854
17.060059
16.68115
16.681649
16.513319
16.101517
16.101759
16.513634
15.580066
15.980938
15.580687
15.980098
15.580058
15.979719
15.980028
15.580055
25.470687
25.648856
25.96389
26.027389
25.481436
25.588607
18.947479
16.54811
16.138045
16.546932
16.139298
16.715496
16.715626
16.54838
16.138895
16.139461
16.548394
15.622657
16.018214
16.018869
15.622229
24.412979
24.402552
25.980625
25.98955
25.524796
25.539663
24.595979
24.39571
25.93596
26.070247
25.476335
25.681844
23.481395
23.479972
23.691609
24.398588
24.222972
23.791307
23.495749
23.576115
18.73707
18.267466
18.734803
18.269313
18.924385
18.92455
18.737711
18.269208
18.269739
18.737682
17.580091
17.171058
17.579004
17.171905
17.704425
18.124805
18.125453
17.703625
17.580291
17.170647
17.171964
17.579445
16.681985
16.68179
16.513611
16.101466
16.51373
16.100818
17.060507
17.061961
16.68187
16.679947
16.513392
16.096925
16.100298
16.511129
15.578781
15.979618
15.579942
15.978759
15.577957
15.974439
15.978149
15.573344
7.5919065
10.85102
25.58924
25.575148
26.062424
25.97476
25.62881
25.50261
18.949229
18.949405
18.948595
18.945601
16.546312
16.138506
16.548098
16.136294
16.713126
16.709902
16.545473
16.130529
16.13518
16.541979
15.61731
16.009124
16.014139
15.611432
24.554875
24.502166
25.998266
26.042513
25.575011
25.637834
24.002952
24.579253
26.069244
25.466515
25.674384
24.968999
23.554184
23.564164
23.780032
23.893993
24.384267
23.500092
23.561992
23.334298
18.732622
18.26836
18.736769
18.264989
18.91777
18.91033
18.731446
18.25673
18.264012
18.723042
17.57552
17.169814
17.578591
17.166599
17.698792
18.112515
18.119853
17.691177
17.574515
17.155851
17.165309
17.56674
16.674452
16.678821
16.504972
16.095362
16.509908
16.089031
17.045573
17.054851
16.672676
16.660909
16.50297
16.070759
16.086232
16.490847
15.559478
15.972698
15.570914
15.965503
15.554158
15.945411
15.96228
15.534735
25.622292
25.55464
25.9553
26.015236
25.485788
25.563255
18.943225
18.944587
16.536958
16.128923
16.540657
16.123608
16.704525
16.693381
16.535564
16.105683
16.121277
16.523866
15.593446
15.981296
15.998278
15.574584
21.030714
13.080921
21.057572
12.863866
21.054135
12.777434
12.749033
12.738971
21.057582
12.74244
12.749492
12.757619
21.055287
12.784065
21.058777
12.885524
20.940121
20.959267
13.763416
13.658408
13.00644
26.709009
27.618636
12.839917
28.14666
27.860551
21.052005
13.845606
13.748464
12.93091
20.954876
20.946357
13.622376
13.591521
12.771582
28.643211
28.002948
12.708712
27.576873
28.060577
13.709788
13.673481
12.801938
20.945817
20.946167
13.581725
13.568995
12.68972
27.981879
2.6646686
29.745814
12.667675
27.566035
28.185792
13.659848
13.649272
12.760161
20.956143
13.565314
13.5607
12.660597
26.940074
27.87923
12.650354
27.685107
27.954101
13.643937
13.640243
12.745296
13.560928
13.559419
12.647196
27.09115
27.702526
12.638937
27.993869
27.048048
13.637105
13.638152
12.744179
13.559589
13.557137
12.635012
27.700557
27.372244
12.62451
27.59002
27.270003
13.638017
13.640355
12.751074
20.946399
13.555779
13.549511
12.618046
28.127516
27.56171
12.602905
27.821434
27.355862
13.639979
13.643112
12.758256
20.951947
13.547419
13.547968
12.596377
27.165499
26.453487
12.594608
26.560747
26.646989
13.643752
13.650283
12.77411
20.947772
20.944982
13.554706
13.574836
12.605004
26.092941
26.783748
12.646372
7.9012219
29.875293
12.927944
21.057373
13.654598
13.67495
12.835049
20.947221
20.939777
13.597258
13.652157
12.697805
27.093506
26.057259
12.812668
25.596128
25.729184
13.697596
13.761865
13.009751
24.013671
23.716827
23.944147
24.13419
23.828899
24.004433
24.224244
24.294041
24.149185
23.607625
23.67874
23.816632
22.101304
22.286757
22.316352
22.078141
20.425646
20.614549
20.61977
20.421233
19.069595
18.909481
19.205307
19.207411
19.067768
18.908291
17.823927
17.691227
17.822318
18.110048
17.954874
17.959384
17.963223
18.112162
17.961657
17.688846
17.815507
17.819996
17.043835
16.919441
16.923413
16.929046
17.046969
16.926491
26.622395
25.986094
21.051373
26.051238
16.855198
16.708513
16.854206
16.706024
16.847346
15.751779
15.604916
16.001669
15.858594
15.870471
16.005253
15.60138
15.74024
14.513546
14.363113
14.373079
14.507022
12.938162
13.051942
12.906938
23.757993
23.989129
23.984654
24.099922
24.305072
24.158497
23.730047
23.90543
23.954183
24.191981
24.338528
24.190853
22.148566
22.353784
22.140041
22.364145
20.457691
20.650792
20.454779
20.653918
19.090003
18.928431
19.226546
19.087772
18.926277
19.228819
17.707508
17.840199
17.838608
17.973785
18.126769
17.976109
17.70555
17.83434
17.836609
17.979747
18.128817
17.978141
16.940561
17.062766
16.942803
16.946511
17.064767
16.944839
26.629732
25.996219
25.994539
16.709698
16.853944
16.709994
15.616684
15.758794
15.875658
16.011817
15.61654
15.758317
15.876082
16.011954
14.48175
14.320054
14.322613
14.479915
12.69725
12.847992
12.679006
23.654512
23.839181
23.862515
24.162245
24.255718
24.114547
23.697612
23.958927
23.916138
24.018711
24.1771
24.048904
22.118869
22.338854
22.126652
22.32899
20.450185
20.647135
20.452178
20.644917
19.088821
18.927626
19.228466
19.090021
18.928786
19.227205
17.709081
17.838995
17.839938
17.980853
18.130558
17.980109
17.709904
17.841488
17.840779
17.978268
18.129637
17.979237
16.949035
17.068239
16.948638
16.947346
17.067631
16.948079
26.630172
26.050335
21.047572
26.62832
25.995637
16.709607
16.854203
16.709296
16.853372
15.618105
15.760697
15.876848
16.013028
15.617792
15.759585
15.878071
16.013496
14.469302
14.305194
14.30502
14.469397
12.598548
12.773423
12.594027
23.694167
23.852618
23.911212
24.220627
24.326526
24.178668
23.74754
24.011669
23.973028
24.040599
24.245718
24.107484
22.117204
22.35157
22.13416
22.331299
20.43632
20.635962
20.440371
20.631213
19.077139
18.91637
19.217006
19.07886
18.917991
19.215156
17.700147
17.82979
17.830758
17.97231
18.121162
17.970997
17.701291
17.833203
17.831925
17.968791
18.119902
17.969792
16.942341
17.060674
16.941319
16.939671
17.059742
16.940422
26.630537
26.017617
26.629608
21.052666
26.629933
25.98474
16.714117
16.858856
16.858254
16.713401
16.856762
15.621811
15.764621
15.880753
16.017392
15.621436
15.763278
15.882305
16.018024
14.467745
14.302298
14.301511
14.468224
12.567457
12.748596
12.566976
23.773505
24.007035
24.001946
24.103626
24.31911
24.171731
23.741481
23.907638
23.966584
24.213812
24.359361
24.209978
22.144775
22.348618
22.131907
22.363413
20.444268
20.636047
20.440463
20.64046
19.080016
18.918969
19.216653
19.078441
18.917528
19.218352
17.701621
17.833261
17.832318
17.969343
18.120552
17.970375
17.700653
17.830317
17.831292
17.972432
18.12167
17.97145
16.939949
17.060064
16.940721
16.942366
17.060932
16.94157
26.630688
25.991738
26.630824
25.984857
16.712251
16.855603
16.856307
16.713022
15.619143
15.761121
15.881078
16.016684
15.619956
15.763322
15.878981
16.016016
14.464002
14.298196
14.297546
14.464084
12.557178
12.740219
12.558555
23.644045
23.872583
23.849371
24.094268
24.190496
24.057118
23.654643
23.895422
23.866292
24.060443
24.155722
24.03206
22.110178
22.319741
22.109316
22.320568
20.443303
20.637073
20.442751
20.63763
19.084297
18.923326
19.221952
19.083765
18.922821
19.222487
17.70602
17.837264
17.836743
17.975021
18.125662
17.975419
17.705575
17.83588
17.836273
17.976449
18.126149
17.975903
16.944988
17.064786
16.945415
16.946301
17.065246
16.945873
26.632041
26.081275
26.032598
16.708747
16.852541
16.7091
15.61474
15.757297
15.876284
16.012368
15.615163
15.758391
15.87528
16.012073
14.460842
14.296282
14.29543
14.461152
12.562235
12.744775
12.564944
23.762871
23.983355
23.986469
24.172431
24.319366
24.178547
23.757761
23.973396
23.978651
24.189064
24.332808
24.189125
22.151618
22.373866
22.156463
22.369203
20.452329
20.65147
20.454765
20.648729
19.086169
18.924883
19.225944
19.087315
18.925971
19.224711
17.706398
17.836171
17.837206
17.977786
18.127663
17.977275
17.707188
17.838511
17.838001
17.975391
18.126813
17.976459
16.946855
17.065878
16.9464
16.944895
17.065213
16.945749
26.631137
26.013556
21.054901
26.630418
26.023386
16.708499
16.85354
16.707807
16.851474
15.615495
15.759153
15.874851
16.011625
15.614814
15.757067
15.876952
16.012362
14.460463
14.296688
14.295148
14.461652
12.571833
12.751802
12.573818
23.717386
23.995979
23.939317
24.00271
24.186132
24.055718
23.656597
23.818978
23.866979
24.209169
24.283211
24.140379
22.119301
22.317929
22.10628
22.334476
20.437045
20.62975
20.435383
20.631908
19.07792
18.917123
19.215624
19.077651
18.916918
19.215943
17.700543
17.831432
17.831205
17.970466
18.120383
17.970235
17.700553
17.831426
17.831177
17.97055
18.120454
17.97029
16.940715
17.059833
16.940401
16.940346
17.059763
16.940307
26.629443
26.007397
26.627751
26.055084
16.714949
16.859492
16.85918
16.714535
16.858166
15.622158
15.765003
15.881306
16.018012
15.621701
15.763676
15.882599
16.018464
14.465584
14.301469
14.299565
14.46703
12.582982
12.760624
12.586322
23.678016
23.892313
23.894409
24.091399
24.226039
24.08988
23.678954
23.89547
23.895162
24.085843
24.22901
24.090381
22.116186
22.325697
22.114235
22.327601
20.445078
20.638242
20.44359
20.639797
19.083942
18.922795
19.221314
19.08302
18.921954
19.222297
17.70386
17.83518
17.834778
17.973013
18.123987
17.973576
17.703428
17.833767
17.834283
17.974578
18.124576
17.974122
16.941489
17.061517
16.941759
16.942074
17.061795
16.941987
26.625582
26.017395
21.05537
26.035418
16.714621
16.858528
16.859144
16.715129
15.619946
15.761267
15.881595
16.017151
15.620931
15.764077
15.878936
16.016379
14.468315
14.304793
14.303439
14.468776
12.615569
12.791729
12.624683
23.733324
23.980706
23.944548
24.211397
24.290579
24.153241
23.741444
24.002194
23.957642
24.179743
24.263571
24.133616
22.152767
22.374911
22.157806
22.370394
20.449544
20.650314
20.453216
20.646288
19.081973
18.920696
19.22247
19.083702
18.922282
19.220576
17.700776
17.830836
17.831829
17.97331
18.12294
17.972307
17.701807
17.833833
17.832852
17.970242
18.121834
17.971252
16.939506
17.058644
16.938441
16.935901
17.057532
16.937266
26.628136
26.110353
26.072974
16.706728
16.851312
16.707712
15.602398
15.74327
15.87027
16.00545
15.605897
15.752083
15.862849
16.003451
14.461507
14.30761
14.306187
14.460188
12.737853
12.908565
12.76465
24.313796
24.48038
26.568765
25.992981
26.565713
25.947015
25.342768
25.562076
24.305929
24.918268
25.457025
24.721794
24.398022
24.508857
26.571344
26.028847
26.571814
20.945096
25.938501
25.391522
25.611407
24.697749
24.953087
25.480911
25.123276
23.364337
23.506799
23.315135
22.960873
23.05966
23.019209
23.415718
23.172817
23.240498
24.018426
23.742221
23.966218
24.223107
24.062441
24.091117
24.23197
24.318297
24.170662
23.689676
23.87644
23.900945
23.372499
23.53613
23.348123
23.494736
23.301698
23.316231
21.454054
21.244839
21.254111
21.442507
22.133908
22.345862
22.351311
22.131869
21.478369
21.279849
21.275785
21.481726
19.896548
19.707888
19.71061
19.893592
20.439103
20.63947
20.634889
20.443585
19.90624
19.723103
19.719372
19.910181
18.552053
18.72337
18.550609
18.254143
18.383826
18.388302
18.391786
18.256207
18.39034
18.721589
18.543967
18.548532
19.076044
18.915076
19.217458
19.214315
19.079004
18.917883
18.553769
18.728679
18.555978
18.263623
18.400645
18.397998
18.393439
18.261275
18.395537
18.731352
18.561322
18.558564
17.431582
17.566928
17.429704
17.154451
17.283995
17.288934
17.293845
17.157522
17.291786
17.564491
17.422278
17.427085
17.825586
17.696574
17.827515
18.11944
17.971356
17.968988
17.964871
18.117195
17.966804
17.698728
17.831978
17.829665
17.433437
17.572471
17.435476
17.166106
17.302274
17.300046
17.295803
17.163945
17.297872
17.574653
17.439913
17.437663
16.814183
16.664932
16.661387
16.338256
16.495255
16.075438
16.19404
16.207478
16.079776
16.491482
16.325383
17.056026
16.938298
16.93608
16.931507
17.053876
16.933862
16.816677
16.673034
16.67551
16.34128
16.504
16.093072
16.219372
16.210662
16.090064
16.506682
16.349702
15.702131
15.552315
15.951907
15.807169
15.822102
15.956568
15.547727
15.687589
15.270753
15.275157
15.706509
15.566322
15.970828
15.836451
15.826135
15.967683
15.570329
15.717635
15.284267
15.279756
15.438106
14.440866
14.287012
14.297256
14.434617
14.092877
14.106841
13.960655
13.73964
13.94085
14.427139
14.279013
14.430131
14.27266
14.080637
14.070539
13.675313
13.879556
13.891548
12.872554
12.973168
12.835984
22.531967
28.921676
28.26946
23.287163
23.15562
12.869928
12.687902
12.72154
28.33887
27.927472
22.945166
23.142777
25.199554
25.523661
25.586803
25.185403
26.622324
26.02846
26.093457
25.217722
25.59847
24.791037
25.689765
25.39814
22.152152
22.360999
22.365035
22.14815
21.505801
21.302111
21.305045
21.502446
22.168528
22.390874
22.385219
22.172584
21.514266
21.312715
21.311702
21.515701
20.471912
20.665386
20.667219
20.47039
19.939765
19.752132
19.752977
19.938853
20.473874
20.670362
20.670033
20.474088
19.939941
19.752735
19.752749
19.939976
19.109659
18.949141
19.247307
19.247925
19.109215
18.94928
19.108683
19.246879
19.247071
19.108428
18.947362
16.382207
16.539781
16.124102
16.242039
16.252406
16.12737
16.537082
16.372392
16.855773
16.710917
16.71091
16.855391
16.383268
16.542775
16.132204
16.254819
16.253617
16.131754
16.542974
16.384217
15.32783
15.481755
15.478551
15.330754
15.754243
15.613168
16.011109
15.875385
15.872611
16.010534
15.614693
15.757921
15.33587
15.333522
15.486982
14.172965
14.186046
14.041027
13.824583
14.023226
14.497765
14.354874
14.501804
14.347935
14.16106
14.150777
13.765049
13.964444
13.976691
12.958711
12.773233
12.804216
24.494209
24.527606
26.57111
26.028281
26.568195
26.57524
26.028264
25.616202
25.293374
25.604674
25.201446
24.499281
24.496143
26.567326
25.992184
26.567559
20.947572
25.995115
25.270629
25.564558
24.856183
24.848687
25.57006
25.284134
23.549127
23.369346
23.359105
23.045146
23.524182
23.312461
23.337266
23.063314
23.981903
23.756897
23.976662
24.317327
24.177648
24.176532
24.181695
24.315357
24.175476
23.756166
23.975736
23.97687
23.37038
23.553922
23.368392
23.072037
23.075596
23.552181
23.358599
23.36571
21.497014
21.290686
21.492022
21.294996
22.160154
22.372893
22.377121
22.156133
21.503991
21.298237
21.300779
21.501059
19.923109
19.733183
19.920591
19.735614
20.461017
20.656019
20.657571
20.459718
19.926077
19.737996
19.738575
19.925354
18.741596
18.57025
18.568643
18.403296
18.271179
18.405757
18.739485
18.564045
18.566547
18.409438
18.273234
18.407831
19.093096
18.931527
19.231595
19.231876
19.092878
18.931398
18.571337
18.744747
18.571879
18.276595
18.410748
18.411148
18.410538
18.276527
18.411105
18.744691
18.571436
18.571884
17.583299
17.44779
17.446243
17.304548
17.172869
17.306746
17.5814
17.442184
17.444368
17.310208
17.174809
17.308636
17.841374
17.711008
17.84207
18.132264
17.981419
17.981704
17.980914
18.132171
17.981572
17.711251
17.842017
17.842252
17.449004
17.586831
17.449816
17.178866
17.312567
17.312627
17.311441
17.178503
17.312264
17.587143
17.450083
17.450169
16.684719
16.831905
16.682647
16.516328
16.358852
16.222095
16.101455
16.51421
16.352341
16.228871
16.103827
17.068936
16.949274
16.949261
16.947905
17.06858
16.948851
16.833298
16.68898
16.689523
16.834802
16.360447
16.520849
16.109613
16.232898
16.230507
16.108805
16.521518
16.362722
15.582374
15.72801
15.839454
15.979513
15.579922
15.720715
15.846744
15.981971
15.300175
15.301906
15.729707
15.587346
15.987871
15.851166
15.848465
15.987047
15.588223
15.732399
15.304157
15.303201
15.458828
14.42082
14.254941
14.256102
14.420434
14.037847
14.04162
13.854732
13.614009
13.848238
14.419342
14.253898
14.420025
14.252133
14.035769
14.034286
13.596869
13.83382
13.836533
12.609379
12.755134
12.590685
22.98259
27.545877
27.59144
22.633788
22.689686
12.718854
12.535609
12.547798
27.823182
28.057491
22.532726
22.619046
25.529751
25.223539
25.537164
25.307372
24.781281
26.629367
26.024293
26.021625
25.241938
25.57208
25.566308
25.219258
22.146992
22.371763
22.15682
22.360211
21.500273
21.304657
21.506284
21.299537
22.132398
22.345859
22.345031
22.133173
21.489058
21.289565
21.289528
21.489281
20.46677
20.665156
20.469562
20.661931
19.93501
19.750022
19.936926
19.7483
20.460527
20.654572
20.65493
20.460095
19.930442
19.743665
19.744146
19.92995
19.105457
18.944511
19.244866
19.106565
18.945577
19.243632
19.102504
19.239952
19.240425
19.102031
18.941377
16.542145
16.383542
16.254828
16.132645
16.542414
16.384107
16.25456
16.13265
16.853769
16.709268
16.709188
16.853361
16.383514
16.541892
16.13281
16.254764
16.254568
16.132759
16.541924
16.383684
15.339783
15.490831
15.339628
15.758934
15.616952
16.012282
15.876633
15.876252
16.012239
15.617121
15.759375
15.339372
15.339457
15.490808
14.109358
14.114283
13.935332
13.700322
13.927627
14.476924
14.317898
14.478427
14.315371
14.106166
14.1037
13.679995
13.908908
13.912697
12.812638
12.626157
12.638473
24.441254
24.350107
26.572529
25.940875
26.569318
20.9575
26.573804
26.008879
25.467492
25.067236
25.568757
25.290681
24.536835
24.464251
26.57295
26.01201
26.571733
26.029536
25.139485
25.577545
24.916309
24.703935
25.620263
25.338045
23.462234
23.276393
23.286122
23.024158
23.496499
23.341155
23.313311
23.003399
23.87088
23.715035
23.935338
24.347048
24.226204
24.198353
24.058051
24.278393
24.135659
23.763852
24.017637
23.991253
23.292891
23.512382
23.327865
23.037265
23.554132
23.382101
23.363064
21.479012
21.283191
21.483096
21.279786
22.132785
22.360744
22.346923
22.143214
21.483893
21.284874
21.282575
21.487556
19.918902
19.733699
19.920476
19.732212
20.448118
20.643521
20.643631
20.447584
19.915571
19.727438
19.728702
19.914392
18.741191
18.567498
18.568622
18.410042
18.274759
18.409145
18.742312
18.570665
18.569705
18.407024
18.273777
18.408111
19.085223
18.924093
19.222209
19.223568
19.083862
18.922777
18.566371
18.737713
18.565204
18.269247
18.402119
18.403503
18.405919
18.270499
18.404764
18.736421
18.562523
18.563931
17.585107
17.447398
17.448295
17.312232
17.178095
17.311698
17.585934
17.449693
17.449102
17.310085
17.177407
17.310941
17.838022
17.706201
17.83698
18.125228
17.97366
17.974976
17.97727
18.126469
17.976191
17.70507
17.834524
17.835803
17.446493
17.582294
17.445546
17.173691
17.306022
17.307195
17.3092
17.174774
17.308255
17.581215
17.443312
17.444492
16.688717
16.832988
16.689234
16.520988
16.361508
16.233008
16.110132
16.521485
16.362775
16.231922
16.109813
17.064004
16.943476
16.944641
16.946595
17.065108
16.945717
16.832243
16.686501
16.685496
16.829226
16.360843
16.51888
16.106978
16.228602
16.231272
16.107898
16.517939
16.358162
15.588394
15.731659
15.851366
15.988495
15.588757
15.732583
15.850507
15.988227
15.304222
15.303434
15.730999
15.586304
15.985397
15.847189
15.849868
15.986335
15.585382
15.728298
15.301654
15.302552
15.457144
14.413851
14.243802
14.244825
14.412698
14.021355
14.024235
13.826629
13.578764
13.823119
14.410119
14.242698
14.411534
14.240708
14.020175
14.019453
13.572133
13.816131
13.817412
12.511861
12.685098
12.50642
22.615789
3.8165656
29.673969
13.319401
22.872759
12.672648
12.487463
12.493192
27.862651
27.461961
22.421127
22.544101
25.617653
25.361872
25.53868
25.19941
24.918806
26.627862
25.99752
21.052682
25.993907
25.307607
25.541175
25.523508
25.187758
22.15174
22.362379
22.147368
22.368196
21.499
21.295755
21.497128
21.297178
22.141726
22.346408
22.356074
22.134278
21.493867
21.291053
21.293218
21.490821
20.462718
20.657343
20.462165
20.658023
19.931089
19.744277
19.930782
19.744529
20.461602
20.655792
20.656429
20.461225
19.930819
19.74456
19.744416
19.930885
19.102425
18.941666
19.240199
19.102225
19.240404
19.102644
18.941945
19.240791
19.24057
19.102865
16.542506
16.384785
16.254968
16.133547
16.542209
16.383823
16.256055
16.133955
16.854679
16.711064
16.711596
16.856153
16.385332
16.544044
16.136054
16.25837
16.256601
16.135519
16.544657
16.387173
15.339803
15.339984
15.761223
15.61946
16.015582
15.880218
15.878648
16.015095
15.619995
15.762778
15.340668
15.340263
15.492779
14.087893
14.089634
13.897872
13.656893
13.894738
14.470077
14.305578
14.469847
14.30519
14.088068
14.08869
13.652197
13.891386
13.892021
12.764856
12.579381
12.584754
24.516212
24.42724
26.575206
25.980323
26.574163
20.956236
26.029375
25.533414
25.130504
24.915272
25.611626
25.34072
24.308955
24.304186
26.57549
25.952039
26.574826
25.939748
25.111834
25.468412
24.690241
24.662468
25.456717
25.129251
23.493837
23.271646
23.310772
23.054576
23.53983
23.37739
23.350524
22.987665
23.818354
23.600624
23.808363
24.133256
24.03871
24.004082
24.004786
24.126275
23.995615
23.610296
23.850896
23.817712
23.244612
23.409504
23.235083
22.955206
23.418994
23.2701
23.244048
21.469138
21.276379
21.478839
21.268327
22.081374
22.294022
22.28886
22.085682
21.448678
21.253484
21.251524
21.451068
19.905457
19.721506
19.908165
19.719076
20.428514
20.622955
20.621843
20.429446
19.900611
19.715335
19.714829
19.901192
18.73028
18.55676
18.557992
18.400657
18.265074
18.399184
18.731817
18.561008
18.559467
18.396614
18.263741
18.39778
19.074294
18.913737
19.212398
19.212067
19.074577
18.914009
18.555948
18.72782
18.555655
18.261782
18.396409
18.395761
18.395845
18.261613
18.395558
18.728072
18.556592
18.555887
17.576402
17.438901
17.439807
17.304848
17.170329
17.303729
17.577544
17.442096
17.440927
17.301794
17.169322
17.302657
17.829174
17.698403
17.828943
18.118026
17.968519
17.968019
17.968148
18.117888
17.967896
17.698538
17.829543
17.829067
17.438351
17.574716
17.438177
17.167859
17.30159
17.301201
17.301264
17.167784
17.30108
17.574873
17.438753
17.43833
16.681466
16.825502
16.682351
16.514005
16.354645
16.22764
16.104157
16.514903
16.357177
16.225199
16.103346
17.058325
16.9394
16.939122
16.939254
17.058295
16.939094
16.825083
16.680186
16.680226
16.82525
16.35423
16.51274
16.102016
16.224868
16.224776
16.102038
16.512806
16.354416
15.58155
15.72484
15.846226
15.982582
15.582438
15.727318
15.843822
15.9818
15.296641
15.451437
15.452187
15.295761
15.724347
15.580001
15.980372
15.843152
15.843354
15.980449
15.579914
15.724095
15.294922
15.295205
15.450601
14.404912
14.235421
14.235493
14.40451
14.012001
14.013726
13.813059
13.56415
13.810922
14.40383
14.235349
14.404236
14.234482
14.01205
14.012593
13.562399
13.809526
13.809428
12.478971
12.658937
12.477367
22.313332
27.020276
27.905995
12.65362
12.465875
12.470152
27.648107
27.943023
22.449519
22.498653
25.563311
25.307399
25.512326
25.175142
24.871476
26.624564
26.047136
26.055394
25.32979
25.626921
25.632944
25.308267
22.150809
22.350777
22.139055
22.364728
21.503016
21.296293
21.496119
21.302075
22.176579
22.391515
22.395477
22.173308
21.517684
21.312701
21.314194
21.515875
20.46872
20.66045
20.465633
20.664007
19.936706
19.748036
19.934572
19.749953
20.474696
20.670127
20.671041
20.47389
19.940645
19.752947
19.753462
19.940074
19.10711
19.24375
19.105687
19.245266
19.109541
19.247454
19.247903
19.109096
16.547194
16.38967
16.259043
16.13801
16.546535
16.387823
16.260876
16.138633
16.85932
16.715315
16.715075
16.858615
16.390077
16.548354
16.139249
16.260665
16.261247
16.139518
16.54816
16.389578
15.342618
15.342715
15.764867
15.622223
16.018526
15.881773
15.88262
16.018854
15.621958
15.764029
15.342655
15.342736
15.495144
14.082165
14.083182
13.886732
13.642916
13.88493
14.468826
14.302999
14.468787
14.302593
14.082972
14.084005
13.64237
13.884888
13.885003
12.748119
12.563772
12.567061
24.508607
24.54928
26.570317
26.030959
20.946161
26.027965
25.624865
25.321267
24.774901
25.608231
25.211925
24.898771
24.432349
24.478912
26.570559
25.995715
26.569332
26.567843
25.955946
25.301334
25.562963
24.777256
24.87512
25.510165
25.213533
23.562671
23.37738
23.370491
23.049669
23.534081
23.307543
23.345083
23.078774
23.988544
23.736832
23.956583
24.255691
24.107466
24.121048
24.192861
24.296446
24.155699
23.711492
23.91147
23.92719
23.367582
23.533992
23.348658
23.056372
23.511684
23.311039
23.328664
21.486432
21.276056
21.478196
21.283103
22.143117
22.347642
22.35953
22.133061
21.488567
21.281563
21.285844
21.483119
19.910647
19.721368
19.908104
19.723625
20.447806
20.642126
20.643957
20.446497
19.914037
19.726811
19.726923
19.913725
18.732645
18.56131
18.560189
18.397415
18.264484
18.39862
18.73131
18.557659
18.558928
18.400903
18.265639
18.399822
19.082952
18.921799
19.221597
19.221373
19.083229
18.922145
18.56222
18.735395
18.562882
18.268631
18.403188
18.402888
18.401793
18.268195
18.402451
18.735791
18.563589
18.563308
17.577803
17.441971
17.441145
17.302254
17.169709
17.303099
17.576905
17.439432
17.440291
17.304757
17.170558
17.30394
17.834096
17.704015
17.83476
18.124617
17.9747
17.974379
17.973286
18.124185
17.97394
17.704501
17.835557
17.835218
17.442757
17.580145
17.443442
17.17325
17.30709
17.306708
17.305532
17.172774
17.306198
17.580666
17.44436
17.443972
16.682499
16.828108
16.827322
16.681731
16.515003
16.356971
16.225359
16.103306
16.514289
16.354931
16.227365
16.103976
17.0636
16.944633
16.944287
16.94317
17.063159
16.943837
16.828884
16.684679
16.685159
16.830384
16.357693
16.517141
16.106356
16.229583
16.22806
16.105902
16.517654
16.359284
15.581253
15.726031
15.843532
15.981552
15.580772
15.724433
15.845289
15.982219
15.296043
15.452177
15.451679
15.296421
15.726603
15.582842
15.984464
15.847227
15.845896
15.984058
15.583294
15.727937
15.297485
15.296941
15.453232
14.405038
14.236572
14.235604
14.405754
14.012546
14.013274
13.810377
13.560792
13.809342
14.406644
14.237329
14.406384
14.237064
14.013374
14.014457
13.560936
13.810324
13.809957
12.46093
12.646411
12.460115
27.367899
28.26412
22.403123
22.564933
12.642285
12.449343
12.453872
27.679742
27.985566
22.522185
22.463487
22.523617
25.515584
25.196309
25.512667
25.24121
24.749745
26.628857
26.014151
26.629069
26.045997
25.207961
25.559774
24.824861
25.600315
25.261656
22.132334
22.352663
22.140505
22.343452
21.490955
21.296393
21.496472
21.291578
22.135871
22.35688
22.349103
22.142542
21.490688
21.2937
21.290648
21.494477
20.462363
20.660101
20.465207
20.656881
19.93194
19.747475
19.934029
19.745548
20.460337
20.656462
20.654972
20.461485
19.929821
19.743846
19.743445
19.930345
19.103645
18.942931
19.243154
19.105075
19.241625
19.10166
19.239721
19.239606
19.101702
16.5454
16.386651
16.260049
16.137494
16.546202
16.388928
16.257862
16.136768
16.8551
16.710619
16.710199
16.853891
16.386097
16.543722
16.134418
16.255903
16.257291
16.13495
16.543315
16.384834
15.339465
15.338584
15.760546
15.617194
16.013637
15.876771
15.878446
16.014233
15.616672
15.758904
15.337268
15.337855
15.489927
14.077701
14.078582
13.881147
13.636852
13.879691
14.464281
14.298856
14.464376
14.298541
14.078776
14.080176
13.639166
13.882126
13.881474
12.745161
12.563376
12.564616
24.369099
24.323678
26.569224
25.903499
25.964488
25.422183
25.146225
24.78798
25.50037
25.240389
24.710196
24.504029
24.496597
26.570349
26.019499
26.567475
26.003824
25.248525
25.598093
24.842354
24.805363
25.582988
25.266023
23.453418
23.291715
23.278134
23.459472
23.294704
23.281166
23.007045
23.921238
23.735769
23.959628
24.319348
24.173852
24.176039
24.120192
24.308691
24.163179
23.750826
23.973969
23.973927
23.317074
23.529479
23.341624
23.047654
23.544677
23.362304
23.356521
21.470335
21.270734
21.469648
21.271367
22.136549
22.362539
22.351628
22.146274
21.486438
21.290459
21.284997
21.492842
19.913115
19.726198
19.912571
19.726735
20.450349
20.649159
20.645905
20.453067
19.917629
19.732045
19.730688
19.919232
18.737085
18.565301
18.564684
18.403481
18.269661
18.403858
18.736597
18.563852
18.564208
18.404928
18.270139
18.404332
19.086898
18.925699
19.226175
19.225325
19.087635
18.926365
18.566024
18.739269
18.566735
18.272373
18.406928
18.40674
18.405608
18.271953
18.406261
18.739862
18.567507
18.567274
17.582178
17.445936
17.4455
17.307468
17.174467
17.307884
17.581775
17.444718
17.445116
17.308713
17.174889
17.308278
17.837841
17.707569
17.83836
18.128255
17.977997
17.977923
17.977053
18.127888
17.97759
17.707882
17.838736
17.838677
17.44644
17.583656
17.446911
17.176356
17.309875
17.309878
17.309196
17.176167
17.309626
17.583974
17.447238
17.44721
16.686754
16.832017
16.831593
16.686341
16.830728
16.519246
16.360826
16.230007
16.107609
16.518874
16.359704
16.231159
16.108001
17.066639
16.94715
16.947264
16.946784
17.06651
16.947152
16.832467
16.687915
16.688014
16.832815
16.361208
16.520349
16.108958
16.231722
16.231518
16.108929
16.520461
16.361497
15.584748
15.729393
15.847638
15.985698
15.584445
15.728335
15.848786
15.986118
15.299408
15.455338
15.455071
15.299572
15.729678
15.5855
15.986984
15.849149
15.849091
15.986998
15.585559
15.72978
15.300057
15.299833
15.455805
14.408191
14.239129
14.238339
14.408706
14.014332
14.015235
13.811148
13.559328
13.809963
14.409053
14.239667
14.409094
14.239125
14.014975
14.015821
13.558978
13.81011
13.81004
12.442979
12.633895
12.441629
22.39876
27.962526
27.979457
22.506041
22.507155
12.628497
12.427757
12.433303
27.665324
27.310157
22.437036
22.453813
22.390512
25.654901
25.293855
25.594298
25.230868
24.855696
26.629495
25.993891
26.628848
26.012571
25.216631
25.526527
24.796605
25.550158
25.240005
22.15491
22.37264
22.156115
22.371306
21.501863
21.300426
21.502616
21.299777
22.138718
22.346757
22.352282
22.133568
21.49161
21.287568
21.29091
21.487819
20.463904
20.660045
20.464341
20.659576
19.931301
19.744902
19.931723
19.744474
20.458723
20.651471
20.653702
20.456769
19.927574
19.739916
19.741083
19.926254
19.101619
18.940791
19.240136
19.101984
19.239754
19.099122
19.236181
19.23708
19.098275
18.937704
16.541792
16.383268
16.255542
16.133275
16.542198
16.384467
16.254407
16.132916
16.852222
16.707766
16.707492
16.38295
16.540805
16.131727
16.253525
16.254094
16.131968
16.540577
16.382398
15.334551
15.486951
15.487323
15.334075
15.757107
15.614052
16.010999
15.874667
15.875096
16.011254
15.614023
15.756863
15.333743
15.333837
15.486622
14.076956
14.07751
13.880713
13.638416
13.879843
14.461616
14.297038
14.461589
14.29679
14.078114
14.07948
13.641375
13.882661
13.882071
12.75169
12.572991
12.573685
24.500804
24.517215
26.568369
26.005225
25.993651
25.586925
25.311775
24.837289
25.567702
25.259789
24.880271
24.327744
24.411126
26.575918
25.980296
20.947374
26.575098
25.933602
25.292767
25.529895
25.454949
25.087938
23.556238
23.358458
23.367535
23.073691
23.553691
23.36468
23.367235
23.95324
23.680731
23.896838
24.154236
23.99309
24.026058
24.157294
24.229439
24.092029
23.631989
23.810018
23.839828
23.334525
23.481189
23.298866
22.967118
23.010273
23.43991
23.245367
23.26405
21.494827
21.295469
21.499047
21.291626
22.112715
22.309363
22.324995
22.099907
21.469463
21.263767
21.269829
21.462233
19.917973
19.732294
19.919727
19.730698
20.440328
20.631092
20.634874
20.437029
19.909813
19.721312
19.723403
19.907497
18.738368
18.564468
18.565775
18.406763
18.271827
18.40621
18.739405
18.567351
18.566775
18.404019
18.270925
18.405258
19.081106
18.920191
19.217594
19.219229
19.079571
18.918781
18.563025
18.733984
18.561605
18.265962
18.399128
18.400078
18.402649
18.26714
18.401292
18.732664
18.55937
18.560345
17.582476
17.444738
17.445718
17.309648
17.175661
17.309183
17.583281
17.447005
17.446517
17.307474
17.17494
17.308415
17.83505
17.703235
17.833927
18.122071
17.971042
17.971936
17.974225
18.123219
17.973044
17.70223
17.832002
17.832868
17.443721
17.579409
17.442735
17.17114
17.303789
17.304587
17.306486
17.172088
17.30551
17.578462
17.441023
17.441817
16.68647
16.830559
16.831389
16.687142
16.832498
16.518875
16.359176
16.231448
16.108117
16.519585
16.361219
16.22949
16.107481
17.061496
16.941322
16.942169
16.944033
17.062467
16.943125
16.829699
16.683906
16.682992
16.827059
16.358316
16.516294
16.104086
16.226063
16.228639
16.104986
16.515405
16.355757
15.584318
15.727937
15.848906
15.986173
15.584866
15.729547
15.847238
15.985598
15.299131
15.454121
15.298493
15.727214
15.582339
15.982293
15.84412
15.846469
15.98319
15.581696
15.725091
15.297561
15.297992
14.407864
14.237728
14.237672
14.407654
14.012224
14.013905
13.809382
13.554791
13.807465
14.406697
14.237554
14.407352
14.236344
14.012119
14.012268
13.552088
13.804665
13.805245
12.417966
12.615945
12.415513
22.423636
27.315907
27.160068
22.356676
22.340682
12.607684
12.397742
12.404054
27.272454
27.034057
22.342532
22.289713
22.331184
22.262878
25.549313
25.185089
24.803257
25.568003
25.246884
26.63102
26.01764
26.056629
25.183767
25.564308
24.919086
24.749239
25.626965
25.349277
22.12887
22.339886
22.12716
22.341005
21.48582
21.284085
21.483612
21.286221
22.152662
22.37914
22.367601
22.162006
21.502121
21.304903
21.300508
21.507323
20.456975
20.649669
20.455357
20.651415
19.926908
19.739458
19.925624
19.740653
20.465754
20.664129
20.661227
20.468353
19.933558
19.748743
19.746822
19.935597
19.099267
18.93867
19.236061
19.098235
18.937718
19.237121
19.10418
19.243888
19.242278
19.105703
18.944852
16.541581
16.384364
16.253699
16.132352
16.540949
16.382526
16.25559
16.133019
16.854669
16.711638
16.855826
16.712609
16.857523
16.385401
16.544622
16.13668
16.259302
16.256599
16.135823
16.54562
16.38823
15.335196
15.488973
15.488104
15.335961
15.760204
15.618478
16.016046
15.880659
15.878014
16.015226
15.619493
15.762999
15.338165
15.33702
15.491126
14.077553
14.077632
13.881347
13.640394
13.880688
14.463932
14.29819
14.463016
14.298649
14.079256
14.081207
13.643867
13.885014
13.883984
12.758791
12.582228
12.582144
24.360773
24.468734
26.573046
25.996768
25.937408
25.566312
25.368697
24.649552
25.469032
25.094847
24.405433
24.472105
26.571723
25.9793
20.943988
25.937177
25.359418
25.545929
24.758215
25.48067
25.198083
23.512304
23.355744
23.324973
22.998334
23.46192
23.252332
23.283474
23.997706
23.733488
23.953287
24.232188
24.089661
24.101045
24.209369
24.291154
24.151705
23.698069
23.895958
23.910572
23.360963
23.530006
23.343696
23.018131
23.050226
23.501113
23.304615
23.32037
21.46993
21.264272
21.463782
21.269019
22.134243
22.343164
22.350969
22.128583
21.480055
21.276866
21.277754
21.478407
19.906247
19.719274
19.905474
19.719875
20.441876
20.637842
20.637477
20.442434
19.909536
19.723635
19.722811
19.910342
18.731
18.55904
18.558671
18.398542
18.264266
18.398332
18.730849
18.558768
18.55856
18.398756
18.264342
18.39842
19.079958
18.918991
19.21892
19.218147
19.080695
18.919717
18.559599
18.732713
18.560253
18.266272
18.401125
18.400506
18.399275
18.265696
18.399884
18.733413
18.561577
18.560919
17.576744
17.440193
17.440086
17.303246
17.169536
17.302973
17.576811
17.440467
17.440188
17.30296
17.169441
17.302866
17.831843
17.701588
17.832337
18.122259
17.972488
17.971997
17.970992
18.121732
17.971504
17.702059
17.833282
17.832814
17.440509
17.577697
17.440946
17.170418
17.304384
17.304028
17.303248
17.170104
17.303636
17.57817
17.441797
17.441395
16.681034
16.825999
16.825977
16.681215
16.513327
16.354279
16.225459
16.102277
16.513589
16.355152
16.224576
16.101989
17.060628
16.941275
16.941099
16.9406
17.060386
16.940894
16.826206
16.681382
16.681528
16.35432
16.513489
16.101666
16.224579
16.22457
16.101744
16.513605
16.354526
15.580173
15.723864
15.843582
15.980548
15.580378
15.724598
15.842768
15.980296
15.296347
15.296399
15.723798
15.580074
15.979853
15.842417
15.842687
15.979986
15.58009
15.723636
15.296919
15.296623
14.405137
14.234796
14.234075
14.405599
14.008191
14.00925
13.803142
13.546873
13.80152
14.406643
14.235571
14.406213
14.235511
14.009135
14.010642
13.548311
13.803973
13.802704
12.388871
12.595464
12.388049
22.020512
27.136252
27.275639
22.049265
22.123611
12.595143
12.384765
12.386239
26.084961
26.526444
21.549298
21.71139
21.795646
21.793107
25.54482
25.136626
25.622298
25.347892
26.630729
26.026825
26.060551
25.147596
25.569446
24.842344
24.712124
25.622323
25.276196
22.149596
22.374603
22.158748
22.362783
21.502912
21.305228
21.506984
21.302155
22.141799
22.36133
22.353939
22.14755
21.498446
21.300742
21.298637
21.501126
20.469286
20.665718
20.470182
20.66447
19.937536
19.751032
19.937822
19.750859
20.468326
20.664156
20.663042
20.469264
19.937487
19.751631
19.751001
19.938161
19.108227
18.947352
19.24625
19.108068
18.947207
19.246345
19.108799
19.247335
19.246845
19.109241
18.94844
16.547875
16.389936
16.259965
16.13868
16.547541
16.388865
16.261089
16.139066
16.859822
16.715788
16.715819
16.86
16.390167
16.548594
16.139304
16.261017
16.261288
16.139493
16.54863
16.390105
15.342234
15.495409
15.495028
15.342614
15.765205
15.622733
16.018646
15.882164
15.882812
16.018908
15.622592
15.76465
15.343297
15.495674
15.343015
14.081997
14.081694
13.884937
13.644646
13.884706
14.46927
14.303201
14.468486
14.303715
14.084073
14.086314
13.650143
13.891008
13.889474
12.772106
12.602507
12.600165
24.405945
24.412309
26.574083
25.990484
26.573947
25.966038
25.540902
25.196895
24.769087
25.51655
25.213062
24.552804
24.457091
26.571409
25.970528
26.569944
20.956035
26.043366
25.159925
25.531013
24.958101
24.735046
25.638285
25.391269
23.478743
23.30158
23.297073
23.008728
23.47921
23.298362
23.296848
23.903124
23.727542
23.945109
24.360738
24.241317
24.209646
24.092657
24.278299
24.141193
23.771323
24.025921
24.000427
23.316159
23.526231
23.34195
23.560499
23.381344
23.368858
21.474385
21.273145
21.472557
21.274906
22.141889
22.368026
22.357012
22.151127
21.490844
21.293605
21.288977
21.496383
19.913891
19.726046
19.912625
19.727231
20.452532
20.651064
20.648521
20.454568
19.918602
19.732037
19.731292
19.919579
18.736325
18.564325
18.563662
18.401773
18.268134
18.402453
18.735558
18.562251
18.562961
18.403715
18.268755
18.403109
19.086297
18.924857
19.225229
19.224974
19.086442
18.924946
18.564882
18.738108
18.565207
18.269761
18.403838
18.404354
18.404205
18.269924
18.404459
18.738127
18.564672
18.56516
17.579813
17.443126
17.442904
17.304768
17.171465
17.305159
17.579461
17.442199
17.442606
17.30563
17.171734
17.305434
17.835475
17.704494
17.835548
18.125381
17.974166
17.974764
17.974922
18.125601
17.975021
17.704221
17.83468
17.835278
17.44328
17.580312
17.443271
17.171387
17.304675
17.305324
17.305742
17.171824
17.305674
17.580047
17.442373
17.442982
16.68203
16.827462
16.681953
16.513779
16.354193
16.224579
16.101424
16.513837
16.354576
16.224053
16.1012
17.061295
16.940507
16.941355
16.942115
17.061814
16.941921
16.827447
16.68157
16.680895
16.35388
16.512981
16.098408
16.220799
16.223643
16.099533
16.512233
16.351416
15.579336
15.722355
15.842289
15.979479
15.579713
15.723508
15.841234
15.979231
15.297213
15.296785
15.721588
15.576805
15.976
15.836533
15.840529
15.977282
15.575301
15.717355
15.294906
15.296059
15.44874
14.409971
14.240912
14.239516
14.410625
14.016414
14.015937
13.80908
13.557611
13.809893
14.410811
14.242031
14.411024
14.242112
14.018554
14.020977
13.570477
13.821652
13.818049
12.396122
12.610643
12.406362
21.229291
3.3456573
12.816719
29.5631
19.218295
21.325535
12.634362
12.453539
12.448151
10.956117
13.198257
13.21364
19.391895
17.001147
25.574022
25.278911
25.591979
25.26297
24.847444
26.630097
26.036561
25.985748
25.311566
25.589733
24.868815
25.518077
25.178676
22.161914
22.377967
22.162044
22.377752
21.509925
21.307842
21.509728
21.308099
22.151055
22.361798
22.364449
22.149015
21.504434
21.302491
21.303721
21.503117
20.472948
20.668199
20.472677
20.668491
19.940525
19.753602
19.940381
19.753696
20.470719
20.664856
20.665974
20.469614
19.938652
19.750807
19.751851
19.937594
19.110565
18.949558
19.248775
19.110553
18.949615
19.248803
19.108703
19.245877
19.246953
19.107611
18.946659
16.547127
16.387749
16.260671
16.138051
16.547781
16.389789
16.258525
16.137281
16.85785
16.712312
16.711198
16.854786
16.386828
16.544527
16.13231
16.253444
16.257519
16.133879
16.543375
16.383156
15.341141
15.492187
15.49334
15.339968
15.759965
15.615679
16.011037
15.872407
15.877727
16.012779
15.613729
15.754426
15.336916
15.338616
15.48909
14.088025
14.087495
13.892683
13.657198
13.893303
14.468776
14.30595
14.469129
14.306052
14.090277
14.092807
13.670425
13.905464
13.901807
12.823059
12.67732
12.662962
24.469248
24.434895
26.566238
25.931941
26.567724
26.570473
25.970288
25.48293
25.274194
25.533089
25.342017
24.334362
24.540648
26.571168
26.052573
26.56958
20.942604
25.937849
25.376577
25.643821
24.265262
24.940943
25.457998
24.66322
23.537211
23.365336
23.356486
23.07036
23.54211
23.374077
23.359765
23.067521
24.015736
23.737696
23.97389
24.154825
23.81867
24.023927
24.22971
24.344354
24.189027
23.622674
23.674509
23.834165
23.3633
23.520701
23.324208
22.968778
23.025012
23.428166
23.178788
23.250644
21.494375
21.295655
21.499682
21.290581
22.106511
22.292278
22.320838
22.083696
21.461455
21.251777
21.261994
21.449061
19.914417
19.729482
19.917181
19.72697
20.434196
20.622331
20.628302
20.429162
19.904824
19.715853
19.718735
19.90161
18.734044
18.559829
18.561161
18.402962
18.267304
18.401821
18.73551
18.563768
18.562551
18.399326
18.266112
18.400538
19.077077
18.916758
19.213003
19.215053
19.075343
18.915706
18.558718
18.730504
18.557643
18.261162
18.3911
18.395443
18.398302
18.262982
18.397253
18.728901
18.551325
18.55577
17.576578
17.438385
17.439491
17.30385
17.168906
17.302906
17.577653
17.441545
17.440592
17.300656
17.167792
17.301797
17.829944
17.697674
17.82885
18.116991
17.96193
17.966285
17.969353
18.118848
17.968279
17.6956
17.822502
17.826827
17.43731
17.573286
17.435974
17.160872
17.290712
17.295466
17.299487
17.163621
17.297983
17.571172
17.429068
17.433686
16.676114
16.820945
16.677571
16.506863
16.344697
16.219388
16.093649
16.508549
16.350115
16.213567
16.09151
17.050198
16.925803
16.929742
16.934461
17.053035
16.932534
16.819411
16.670523
16.667179
16.809496
16.342496
16.5005
16.078064
16.197128
16.211112
16.082787
16.496855
16.329619
15.564087
15.705581
15.834593
15.970707
15.567876
15.715209
15.826321
15.968365
15.278973
15.273005
15.701139
15.54808
15.952934
15.803691
15.822527
15.958335
15.541043
15.680965
15.258553
15.266113
15.416446
14.402839
14.240759
14.241289
14.399717
14.031638
14.029702
13.834321
13.606633
13.838911
14.393634
14.240248
14.396568
14.240146
14.034568
14.038089
13.640627
13.866868
13.858867
12.503625
12.71921
12.52888
21.233491
26.417278
25.970775
21.898677
21.676285
12.790715
12.639021
12.613008
27.089455
26.573345
21.562132
21.78343
25.707138
25.311481
25.656701
25.241138
24.873803
26.621889
25.937483
26.053196
25.168251
25.453456
25.583913
25.226474
22.156428
22.372012
22.155601
22.373233
21.50359
21.301908
21.503578
21.301731
22.147861
22.356001
22.361176
22.143184
21.500264
21.296729
21.299269
21.497182
20.466519
20.662609
20.467087
20.662099
19.933972
19.747796
19.934632
19.747137
20.465961
20.659787
20.661225
20.464778
19.934087
19.746688
19.747413
19.933342
19.104098
18.943249
19.242835
19.104604
18.943754
19.24228
19.10457
19.242117
19.242717
19.104119
18.944288
16.538276
16.377484
16.251978
16.127427
16.539526
16.381782
16.2472
16.125638
16.850496
16.702989
16.699911
16.841267
16.375845
16.533602
16.113463
16.231341
16.245265
16.118164
16.530194
16.363212
15.320838
15.469797
15.315447
15.73938
15.587884
15.989283
15.840742
15.859631
15.994703
15.581074
15.719354
15.302633
15.309409
15.458141
14.106559
14.102603
13.917944
13.708186
13.923993
14.458178
14.30927
14.459102
14.311387
14.111716
14.117512
13.748095
13.960559
13.950335
12.985881
12.881977
12.854303
11.965998
13.365539
11.994565
13.169811
11.996334
13.083787
11.996338
21.054715
13.055509
11.993951
21.056571
13.04505
12.003234
13.046864
11.993846
21.051551
13.052268
11.985402
21.051777
13.057574
11.994019
13.073646
12.0002
13.141414
11.917981
11.89515
13.531288
13.36242
13.289368
7.3871169
13.093088
11.983647
13.609665
13.456134
13.188454
11.882582
11.871607
13.347249
13.288379
13.074279
12.999367
11.994232
21.05188
13.440557
13.374646
13.089435
11.87048
11.871693
13.284769
13.263617
12.994824
12.968971
11.994189
21.052335
13.36975
13.348179
13.057008
11.871107
20.946198
11.89252
13.262689
13.25457
12.967828
12.956706
11.985072
21.052527
13.34671
13.338038
13.04507
11.881429
20.952929
11.881408
20.949528
13.254971
13.250828
12.956901
12.949457
11.986901
21.050297
13.337678
13.33777
13.045521
11.864901
20.943425
11.871586
20.946045
13.251182
13.245453
12.949563
12.940232
11.993743
21.051137
13.338597
13.341386
13.051132
11.872056
11.888875
20.95333
13.24528
13.23444
12.93975
12.925399
11.987007
21.052813
13.342045
13.3451
13.056201
11.888583
11.877632
20.947467
13.234078
13.235084
12.924853
12.925514
11.993415
21.054741
13.34603
13.355446
13.069796
11.87797
11.870515
13.238408
13.27806
12.929449
12.981415
11.997691
13.358167
13.397745
13.126999
11.870642
11.92021
13.288909
13.388462
12.995486
13.122994
11.963291
21.028405
13.408638
13.519272
13.279036
21.897674
22.448667
22.54682
21.845367
20.244704
20.812472
20.833301
20.231067
19.346363
19.35551
11.977252
23.712504
24.214492
24.24456
23.698989
17.730748
18.145956
18.151076
17.724965
17.081713
17.089092
12.663074
13.289633
12.570756
21.934447
22.542403
21.915497
22.575078
20.273219
20.856689
20.265178
20.866479
19.370792
19.377647
11.994323
21.053279
23.703061
24.345575
23.776928
24.248431
17.726815
18.148584
17.72868
18.146533
17.088214
17.087053
12.416926
13.127309
12.362642
21.901782
22.552428
21.918261
22.52079
20.263703
20.859021
20.269025
20.85185
19.376494
19.372579
11.978093
23.772519
24.241911
23.705508
24.36126
18.941781
18.941365
17.726066
18.144945
17.725655
18.145438
17.086274
17.087003
12.308774
13.07122
12.294294
21.883412
22.57089
21.921849
22.506177
20.247829
20.849777
20.257714
20.834115
19.365414
19.359662
11.985286
23.764333
24.203707
23.673282
24.331715
18.947416
18.943751
17.730899
18.147529
17.728426
18.150444
17.089421
17.091615
12.274559
13.052056
12.270535
21.927347
22.527884
21.896154
22.57487
20.260348
20.839293
20.251004
20.85379
19.361197
19.36649
11.994004
21.05241
23.679844
24.275707
23.727789
24.217055
17.726866
18.149077
17.729807
18.145926
17.090515
17.088149
12.260513
13.046049
12.260013
21.899273
22.521838
21.897064
22.524109
20.259914
20.845855
20.25829
20.847492
19.368137
19.369753
11.990905
21.053088
23.748074
24.288426
23.743081
24.315101
18.940144
18.941308
17.724322
18.144682
17.725468
18.143648
17.086227
17.08526
12.256618
13.050756
12.257867
21.920328
22.576165
21.934648
22.561756
20.262612
20.862934
20.268836
20.854095
19.373568
19.369723
11.996286
23.686024
24.262858
23.706907
24.219426
17.724972
18.141558
17.722733
18.144091
17.084043
17.086211
12.256493
13.055584
12.272206
21.908278
22.498532
21.881593
22.551864
20.253452
20.835825
20.250049
20.843296
19.36189
19.362898
12.001586
21.058787
23.679549
24.372541
23.79106
24.194572
18.946809
17.731601
18.149922
17.730519
18.151014
17.091044
17.092399
12.27557
13.062763
12.293113
21.904889
22.525277
21.899093
22.531129
20.261838
20.845859
20.257623
20.850717
19.366939
19.370029
11.993724
23.755904
24.304825
23.751166
24.315807
17.731988
18.152393
17.732808
18.151916
17.092915
17.091851
12.330568
13.08995
12.365824
21.920168
22.579642
21.936818
22.566197
20.258403
20.863292
20.268022
20.850493
19.371187
19.365302
11.985729
21.052649
23.755304
24.287467
23.737941
24.327886
17.726425
18.147315
17.727645
18.146329
17.087174
17.08532
12.459887
13.197695
12.546422
11.875056
20.949107
11.86564
22.634799
22.901364
22.75828
22.737597
23.019727
23.069425
22.769281
21.678687
21.027696
21.052111
21.636123
21.907796
22.539022
22.558365
21.912696
21.687913
21.072364
21.058665
21.69683
20.069372
19.517395
19.527143
20.057103
20.248757
20.852977
20.839103
20.261503
20.072989
19.540017
19.529774
20.085142
19.367582
19.357918
13.452471
13.426371
12.628755
13.201437
12.534705
13.826542
13.737553
13.170627
12.383838
12.493969
22.941878
13.549993
13.686496
24.375642
24.71368
24.420407
24.766668
11.999659
21.059103
24.602748
24.963426
24.44831
23.51785
23.504972
22.749428
23.033782
22.768912
23.733501
24.408399
24.272737
23.809798
23.535916
23.595837
22.803507
22.779162
21.937527
22.551597
22.567966
21.921346
21.721155
21.085587
21.096538
21.70617
21.942274
22.595183
22.576723
21.94923
21.724956
21.099859
21.098347
21.729845
20.286592
20.867568
20.877306
20.280092
20.110519
19.561533
19.566384
20.104655
20.287022
20.879632
20.878671
20.287131
20.110734
19.565609
19.566143
20.110685
18.762171
18.290218
18.295093
18.756777
19.389667
19.394258
18.761608
18.293105
18.294559
18.7605
19.393263
19.39394
17.606845
17.191371
17.198986
17.600847
17.730507
18.149078
18.150585
17.72923
17.606691
17.19814
17.199139
17.605542
17.088564
17.089413
13.541128
13.517278
23.601757
13.884579
13.773371
13.261749
12.442192
12.535582
13.597879
13.719738
11.873067
20.947986
24.765544
24.868965
11.872797
22.742047
23.026662
23.073783
22.780656
22.771153
23.063644
23.076685
22.78472
21.715894
21.075985
21.699853
21.086751
21.938098
22.566199
22.579551
21.927406
21.719012
21.082435
21.088549
21.709514
20.096443
19.543328
20.088741
19.550346
20.274313
20.862834
20.868
20.271332
20.097486
19.550105
19.551348
20.095048
19.377698
19.378657
13.314962
13.308048
12.354344
13.032972
12.286371
13.513557
13.42998
13.0239
12.23156
12.269961
13.364652
13.409696
22.638411
24.529402
24.879053
24.428425
11.994023
21.05252
24.425038
24.777455
24.442228
24.798081
23.504638
23.570221
22.792165
23.085559
23.035835
22.749894
23.706881
24.245251
24.259655
23.700983
23.506054
23.502894
22.748172
22.745951
21.921435
22.58614
21.944454
22.549392
21.706262
21.09744
21.725879
21.085218
21.916798
22.547424
22.544831
21.918331
21.701963
21.081445
21.082104
21.702873
20.27886
20.877553
20.285777
20.867056
20.103406
19.5648
20.109509
19.560505
20.276911
20.8633
20.864298
20.275425
20.101653
19.557668
19.559184
20.100125
18.757154
18.292607
18.759958
18.290422
19.392536
19.38867
18.942502
18.94126
18.756283
18.288649
18.289712
18.75515
19.385983
19.387465
17.603198
17.197755
17.604978
17.196485
17.726338
18.144881
18.14589
17.725658
17.602752
17.195515
17.196134
17.602161
17.086174
17.08676
13.405791
13.397815
22.715407
13.565186
13.491697
13.117316
12.317577
12.350111
22.803369
13.433067
13.475121
22.76744
11.895662
24.85303
24.638137
11.881287
20.951925
22.756031
23.047189
22.996683
22.71697
22.78322
23.081196
23.009811
22.72737
21.688253
21.077871
21.701755
21.06969
21.905842
22.574121
22.529336
21.924794
21.691206
21.072788
21.070307
21.704438
20.088117
19.548757
20.093057
19.544636
20.26292
20.852416
20.851967
20.260026
20.087176
19.539372
19.543466
20.083762
19.367238
19.371388
13.275511
13.27348
12.224405
12.982966
12.206738
13.36015
13.33809
12.980394
12.180963
12.199081
13.307039
13.331308
22.554623
24.417973
24.764404
24.555003
11.99
24.386221
24.739951
24.514611
24.870613
23.562249
23.508851
22.755144
23.073445
22.779106
23.756245
24.208053
24.327619
23.673293
23.549569
23.47865
22.734406
23.017022
23.065453
22.772705
21.931061
22.553979
21.922714
22.572751
21.712854
21.083287
21.706508
21.086164
21.928023
22.536325
22.567365
21.913887
21.710404
21.081479
21.084996
21.699986
20.277215
20.864727
20.276051
20.866982
20.101562
19.557883
20.100602
19.558535
20.276882
20.863866
20.866104
20.276771
20.101335
19.559211
19.558489
20.101572
18.755613
18.288716
18.755213
18.289205
19.386152
19.386745
18.94185
18.94282
18.75571
18.290413
18.289355
18.756753
19.387527
19.386743
17.60256
17.195599
17.602135
17.196279
17.726348
18.146711
18.145622
17.727711
17.602853
17.19793
17.196611
17.604286
17.088698
17.087375
13.359699
13.358071
13.422455
13.406243
13.068796
12.279053
12.291933
22.673034
13.395717
13.40475
11.892417
24.69192
11.888191
20.952338
22.779723
23.077179
22.704543
22.702844
22.986041
22.96385
22.683873
21.669501
21.070052
21.701523
21.051447
21.872393
22.504452
22.488041
21.881961
21.660367
21.050819
21.046396
21.668247
20.07288
19.537462
20.081555
19.531188
20.245451
20.833648
20.829971
20.247657
20.070861
19.531059
19.529845
20.072751
19.359512
19.358458
13.260038
13.259848
12.178473
12.963843
12.172262
13.303999
13.296665
22.335847
12.963326
12.161275
12.170438
13.284854
13.295176
22.445923
24.379693
24.730441
24.517344
11.986658
21.052456
24.518468
24.872485
24.549943
24.901092
23.55927
23.479134
22.73542
22.786481
23.790871
24.332842
24.364107
23.765174
23.583192
23.560068
22.787402
23.079
23.096506
22.802082
21.942265
22.537482
21.91548
22.581723
21.724142
21.083173
21.701665
21.096625
21.950205
22.582662
22.5952
21.943038
21.730704
21.096885
21.100311
21.7248
20.285698
20.865506
20.278179
20.876977
20.109573
19.560334
20.102905
19.565312
20.287568
20.877119
20.880043
20.285615
20.1112
19.565057
19.566455
20.109445
18.761065
18.291249
18.757634
18.2943
19.388593
19.393184
18.948235
18.947163
18.761832
18.293953
18.294937
18.760852
19.392903
19.394229
17.607332
17.198657
17.604964
17.200912
17.731465
18.150104
18.15106
17.730759
17.607867
17.200551
17.201356
17.607221
17.091238
17.092059
13.344101
13.344288
13.393314
13.390704
13.051891
12.263591
12.270801
22.63983
13.38312
13.390616
11.872014
11.870347
20.945111
22.729864
23.017942
22.782736
22.734597
23.021891
23.07178
22.778034
21.707002
21.057609
21.680099
21.074536
21.92702
22.533499
22.571656
21.904337
21.707187
21.066777
21.075506
21.688805
20.083796
19.532951
20.075607
19.53877
20.261513
20.848346
20.854864
20.259344
20.084949
19.540166
19.539842
20.083666
19.368153
19.367531
13.255265
13.255667
12.160057
12.955755
12.155253
22.344678
13.2826
13.272428
12.955789
12.140773
12.15297
13.255335
13.269999
24.455238
24.804862
24.395918
11.995612
21.053199
24.472809
24.413894
24.76602
23.484069
23.527887
22.767737
23.019719
22.73578
23.693208
24.290349
24.234839
23.734957
23.495234
23.533401
22.768565
23.026512
22.740678
21.912677
22.565727
21.932904
22.536771
21.698599
21.091889
21.716326
21.080116
21.913649
22.565197
22.540388
21.928929
21.699066
21.086176
21.07975
21.711628
20.275689
20.872886
20.28288
20.862587
20.100534
19.563275
20.107029
19.558289
20.275026
20.867108
20.862092
20.277296
20.099856
19.558192
19.557607
20.101562
18.755804
18.292875
18.759581
18.289601
19.391262
19.386622
18.941246
18.941198
18.755174
18.288469
18.288978
18.755039
19.386298
19.385955
17.603434
17.199796
17.606284
17.197348
17.726305
18.144725
18.145321
17.725644
17.602872
17.195705
17.196777
17.602182
17.086441
17.087601
13.33851
13.339972
22.738654
13.380408
13.380345
13.047452
12.258757
12.261864
13.375735
13.380649
11.881973
20.952992
11.868679
20.946367
22.721464
23.007071
22.723134
22.777075
23.06878
23.027198
22.739255
21.684786
21.063594
21.682763
21.065267
21.907342
22.572257
22.537677
21.931494
21.691597
21.082268
21.069366
21.712533
20.084548
19.540027
20.08292
19.541653
20.262048
20.86178
20.850955
20.268357
20.086386
19.546058
19.542883
20.091671
19.373565
19.370852
13.25111
13.251357
12.138356
12.947947
12.128561
22.462598
13.25085
13.233621
12.947791
12.105754
12.124435
13.198734
13.227671
24.464627
24.806434
24.500651
12.000784
21.057004
24.441025
24.440371
24.785489
23.54302
23.542199
22.775842
22.771828
23.721298
24.258137
24.26372
23.704958
23.521997
23.504217
22.743635
22.76169
21.930363
22.57171
21.933127
22.567716
21.712825
21.088206
21.715176
21.086649
21.92536
22.541985
22.559282
21.911793
21.708557
21.075651
21.083911
21.696404
20.276893
20.868764
20.27816
20.86734
20.101
19.558531
20.102255
19.557354
20.27526
20.857768
20.864959
20.270522
20.099538
19.553279
19.556251
20.09538
18.75394
18.288453
18.755087
18.287414
19.38656
19.385404
18.937266
18.75315
18.285102
18.286741
18.751286
19.381685
19.384394
17.600814
17.195505
17.601961
17.194524
17.723812
18.141474
18.143021
17.722675
17.600323
17.193071
17.194086
17.5993
17.083877
17.084862
13.341743
13.34347
13.374036
13.376052
22.478762
13.052598
12.257634
12.259944
22.40544
13.381538
13.377874
22.509956
11.871497
20.946779
11.869587
24.640101
24.852815
22.780844
23.072019
23.061773
22.767783
22.689065
23.040161
22.748405
21.701858
21.083743
21.715248
21.07381
21.908241
22.494298
22.544189
21.879734
21.691375
21.052768
21.067157
21.667589
20.08642
19.546115
20.092001
19.541939
20.258918
20.836015
20.848387
20.250618
20.08318
19.534116
19.539636
20.075781
19.362544
19.367632
13.24301
13.24246
12.100549
12.935857
12.08057
22.533208
13.190295
5.3868583
13.163315
12.934904
12.044703
12.073228
7.2032206
13.122393
13.154236
24.446665
24.395612
24.744542
12.00149
21.058709
24.564937
24.404771
23.490724
23.505084
22.741826
23.030134
22.742496
23.69918
24.376389
24.230709
23.794988
23.503684
23.584721
22.797704
23.093689
22.753551
21.916446
22.539868
21.909786
22.54302
21.701426
21.074604
21.694627
21.080538
21.923936
22.589982
22.553292
21.944284
21.708035
21.095494
21.084995
21.72496
20.27441
20.856923
20.270101
20.862422
20.099051
19.553143
20.095056
19.556507
20.277207
20.875555
20.866347
20.283984
20.101597
19.563681
19.558526
20.107863
18.753975
18.285176
18.751288
18.287774
19.38159
19.384806
18.755551
18.292969
18.289193
18.759759
19.391598
19.386713
17.601532
17.193227
17.599345
17.195429
17.726271
18.149135
18.145476
17.729802
17.602791
17.199618
17.196574
17.606277
17.090283
17.087345
13.344952
13.346732
13.388266
13.393673
23.385368
13.057353
12.273731
12.277282
13.403143
13.393338
23.419046
11.867475
20.943514
24.928377
11.867877
24.922032
22.694134
22.973162
23.05581
22.759384
22.732686
23.061637
22.765452
21.689724
21.052811
21.668844
21.062521
21.912969
22.532338
22.557837
21.903406
21.693867
21.064885
21.065205
21.687624
20.077788
19.533454
20.075157
19.534718
20.254949
20.846308
20.845601
20.257171
20.079103
19.538114
19.535647
20.081506
19.366142
19.363741
13.233745
13.234889
12.03671
12.923738
12.013226
22.186852
13.115152
13.102613
12.924889
11.987154
12.006726
13.124282
13.102181
24.561354
24.916379
24.363445
24.703466
12.001856
21.05885
24.490924
24.369628
23.488407
23.580916
22.794971
23.090489
22.747893
23.679629
24.30835
24.199058
23.748647
23.487273
23.544663
22.773998
23.064865
22.74473
21.925302
22.587695
21.943357
22.549672
21.710577
21.09568
21.724393
21.089834
21.922902
22.570132
22.546474
21.934341
21.708555
21.093199
21.088809
21.717467
20.283132
20.875899
20.284607
20.871616
20.107598
19.564439
20.10854
19.564549
20.282876
20.874415
20.870844
20.28513
20.107452
19.566189
19.56461
20.109481
18.761274
18.293762
18.760548
18.294807
19.392368
19.392695
18.947668
18.948951
18.761488
18.295987
18.295043
18.762739
19.394278
19.392807
17.608077
17.200381
17.606968
17.201717
17.731901
18.152133
18.151269
17.732717
17.608374
17.202341
17.201992
17.609164
17.092935
17.092691
13.350527
13.353159
13.397559
13.407412
22.602049
13.065613
12.322995
12.301613
13.436772
13.41601
11.877397
20.947522
24.755418
11.895899
22.725274
23.010952
23.015599
22.730816
22.785772
23.081709
23.029578
22.743754
21.689946
21.063922
21.684319
21.068981
21.912887
22.578539
22.542933
21.934798
21.69683
21.084041
21.073261
21.715414
20.086089
19.5389
20.082103
19.542206
20.264099
20.863146
20.854356
20.268562
20.088029
19.544883
19.543449
20.091502
19.372094
19.37111
13.251476
13.257652
11.985133
12.945985
11.954756
13.134418
13.394578
12.954079
12.035517
11.932674
21.435744
13.255259
13.610002
24.485026
24.832768
24.497685
11.980283
21.050441
24.4086
24.749546
24.509315
23.551609
23.548896
22.780575
23.071189
23.071239
22.780054
23.749984
24.23634
24.321262
23.708131
23.544345
23.513236
22.762504
22.773286
21.939105
22.576499
21.938849
22.575882
21.721834
21.095365
21.721279
21.096323
21.935728
22.561648
22.569884
21.931242
21.719148
21.091594
21.09497
21.71513
20.286845
20.876205
20.286199
20.877144
20.110926
19.566836
20.110409
19.567055
20.286104
20.872749
20.876034
20.283007
20.110235
19.563326
19.566414
20.107162
18.762839
18.296286
18.763124
18.295886
19.394864
19.394993
18.762206
18.292165
18.295217
18.75923
19.391259
19.394362
17.6083
17.202352
17.609198
17.201366
17.731347
18.14822
18.151255
17.728565
17.607647
17.197635
17.200655
17.604926
17.088063
17.091148
13.370541
13.376829
22.947096
13.445611
13.489695
13.097939
12.436794
12.381747
13.588108
13.510856
11.880377
20.951385
24.911549
24.849353
11.859998
22.785508
23.078584
23.069074
22.774074
22.641635
22.908068
23.059796
22.760125
21.700617
21.084529
21.717122
21.070597
21.905685
22.455347
22.550356
21.851489
21.687582
21.034621
21.061979
21.642321
20.082099
19.543999
20.090823
19.537527
20.253846
20.819675
20.843112
20.238843
20.078221
19.525236
19.535113
20.064963
19.354152
19.363216
13.329712
13.345414
12.065081
13.049016
12.153427
13.239698
13.325517
13.069412
12.252861
12.184969
13.410584
13.357435
22.101667
24.465972
24.811986
24.516139
11.989516
21.056004
24.402881
24.748573
24.407183
24.74543
23.549666
23.536717
22.771585
23.061208
23.068705
22.777142
23.712831
24.23567
24.236124
23.70249
23.518898
23.504372
22.743754
22.767706
21.934167
22.568163
21.93301
22.572294
21.716525
21.091232
21.716076
21.090254
21.931921
22.545747
22.565531
21.915884
21.714949
21.080236
21.08971
21.70081
20.280315
20.872174
20.28209
20.870899
20.104353
19.562282
20.106192
19.560594
20.280299
20.862173
20.870535
20.27462
20.104421
19.556202
19.56084
20.099191
18.756956
18.291241
18.758253
18.290227
19.39021
19.388604
18.943588
18.939346
18.757354
18.285359
18.290506
18.751815
19.384405
19.388887
17.602659
17.196762
17.603987
17.195131
17.726473
18.141189
18.146583
17.720363
17.602589
17.186263
17.19465
17.596214
17.076384
17.0847
13.452507
13.470038
23.182115
13.620317
13.740708
13.219665
12.647706
12.577962
22.595734
13.850503
13.783904
23.198402
26.349236
21.090376
11.997751
26.349394
14.683832
14.828829
14.822857
14.69294
13.101738
13.344862
21.059455
26.317895
12.001949
26.319238
14.663791
14.817674
14.665256
14.81694
12.882473
13.15367
21.057386
26.316679
12.001068
26.315387
14.654734
14.811808
14.655111
14.811534
12.782471
13.079056
26.317038
21.05852
12.001579
26.315758
14.654449
14.812216
14.654129
14.812442
12.749916
13.054312
21.05832
26.317055
12.001299
26.317982
14.651619
14.81052
14.652026
14.809826
12.738172
13.045306
21.05339
26.316436
11.99111
26.315102
14.64731
14.805314
14.647416
14.804898
12.740334
13.048295
21.051888
26.316431
11.99394
26.316193
14.64604
14.803232
14.645371
14.803705
12.747479
13.053473
21.051367
26.316522
11.982856
26.315601
14.65149
14.808981
14.650362
14.809824
12.755133
13.059185
26.315499
21.050962
11.981315
26.315086
14.654233
14.812185
14.654006
14.811949
12.777597
13.07825
21.054853
26.319503
11.990237
26.31764
14.643178
14.800743
14.645555
14.79731
12.864827
13.157994
20.97541
26.276735
11.87503
26.309261
20.956379
26.235466
11.893659
26.237445
15.083136
14.910798
14.907836
15.083563
15.101059
14.921878
14.918939
15.104568
14.614854
14.763393
14.757087
14.624627
13.785546
13.508172
14.604904
14.760747
14.758999
14.605026
13.380615
13.643985
13.032099
13.264156
14.264715
4.2297136
30.92316
13.115987
12.812997
27.954563
28.197161
21.050533
26.317414
11.98132
26.319109
15.143616
14.973677
14.970762
15.144184
15.153255
14.975167
14.974571
15.154309
13.864356
13.590398
14.669022
14.818179
14.667159
14.818641
13.47411
13.733634
13.210839
12.905289
20.948544
26.239078
11.870349
26.239965
20.946622
26.23231
11.87199
26.232758
15.110151
14.924431
15.107606
14.92647
15.11614
14.931225
14.93104
15.116446
14.606321
14.762479
14.605502
14.763982
13.632191
13.333888
14.606626
14.766278
14.766687
14.605507
13.292979
13.587378
12.790307
13.058616
27.375454
27.979766
13.006958
12.699427
28.185228
27.545285
21.051764
26.315761
11.99403
26.31532
15.155012
14.975334
14.975121
15.154856
15.154013
14.972633
14.97279
15.153993
13.720781
13.426575
14.657996
14.812142
14.656337
14.813033
13.380583
13.667868
13.09882
12.791234
20.94654
26.236502
11.868724
26.2344
26.234504
20.945209
11.870238
26.233938
15.11602
14.931097
15.116408
14.93048
15.111393
14.924398
14.925294
15.110424
14.604544
14.765962
14.604938
14.765439
13.584581
13.280495
14.598496
14.758457
14.759768
14.596718
13.265246
13.566969
12.693753
12.991292
28.193735
27.499137
12.972946
12.662736
27.89698
27.25072
21.053568
26.314867
11.995698
26.315242
15.154026
14.972526
14.972362
15.153999
15.155233
14.973565
14.973054
15.15572
13.663516
13.364755
14.655235
14.811856
14.654516
14.811967
13.35013
13.646824
13.062113
12.754314
20.946973
26.238354
11.869341
26.235678
26.235846
20.952274
11.888296
26.237542
15.108497
14.923537
15.109462
14.922525
15.105613
14.919965
14.919654
15.105822
14.595688
14.757649
14.595954
14.757002
13.566257
13.260767
14.593262
14.754226
14.754292
14.592762
13.254755
13.560071
12.661124
12.967328
28.488707
27.601678
12.959275
12.646848
27.854982
27.512239
21.052266
26.315235
11.986434
26.317155
15.156406
14.973974
14.974153
15.156116
15.15619
14.973225
14.973602
15.155713
13.645285
13.344475
14.654585
14.811045
14.653146
14.811974
13.338831
13.638522
13.048824
12.741014
20.946932
26.238281
11.869471
26.239258
20.951709
26.233345
11.883491
26.233602
15.106613
14.920443
15.106191
14.920826
15.108819
14.923572
14.922975
15.109336
14.594438
14.754769
14.593354
14.755502
13.560686
13.254193
14.596646
14.75788
14.757669
14.596396
13.250992
13.558837
12.646574
12.95758
28.413481
27.842532
12.952125
12.63516
27.463531
28.391314
21.049704
26.316433
11.986033
26.315065
15.154183
14.972624
14.971742
15.155024
15.150472
14.967558
14.967951
15.149972
13.637733
13.336491
14.649567
14.805662
14.648259
14.806549
13.337252
13.637547
13.047716
12.741604
26.235135
20.949837
11.879766
26.236077
20.94602
26.23264
11.871457
26.232004
15.110127
14.924091
15.109785
14.92436
15.111023
14.925319
14.925199
15.111064
14.597965
14.758452
14.597006
14.759054
13.559431
13.250271
14.598834
14.759645
14.759897
14.59813
13.246048
13.556139
12.634644
12.950135
27.745599
28.020524
12.943457
12.61992
27.347832
27.687088
26.315354
21.051457
11.993952
26.315606
15.148822
14.967111
14.966478
15.149414
15.147318
14.964856
14.964647
15.147451
13.637787
13.338451
14.646536
14.802893
14.645641
14.803276
13.340998
13.639662
13.053306
12.748699
26.232671
20.946883
11.872442
26.232083
20.956762
26.23783
11.892834
26.236114
15.110618
14.925265
15.110943
14.924873
15.108257
14.922507
14.922632
15.108009
14.5985
14.759651
14.598191
14.759595
13.556241
13.243698
14.596269
14.756953
14.757416
14.595325
13.235552
13.547965
12.618572
12.939665
26.864942
28.203936
12.929142
12.597727
26.922002
28.284892
26.318
21.053227
11.985619
26.316281
15.148074
14.965151
14.965471
15.147661
15.152588
14.970578
14.969494
15.153576
13.63979
13.341797
14.650232
14.808024
14.650057
14.807599
13.34453
13.642695
13.058224
12.756058
20.954375
26.235663
11.892507
26.234788
20.955907
26.235146
11.896049
26.235534
15.107746
14.922435
15.107848
14.922297
15.108878
14.92437
14.92383
15.109201
14.595861
14.756952
14.595358
14.757119
13.547825
13.232625
14.597677
14.759306
14.758902
14.597746
13.232955
13.549033
12.596358
12.925185
27.446931
28.128677
12.925306
12.594449
27.619026
27.59177
21.049841
26.317098
11.980007
26.315228
15.155005
14.971447
14.972063
15.154347
15.156945
14.974276
14.974184
15.156815
13.643156
13.34616
14.65518
14.812151
14.654396
14.812506
13.353362
13.650897
13.069634
12.77494
20.953858
26.235749
11.894594
26.236274
20.945935
26.237673
11.869422
26.237274
15.109446
14.924765
15.109413
14.924906
15.105305
14.918914
14.921249
15.102883
14.599692
14.759937
14.598634
14.760472
13.551865
13.241131
14.59813
14.75536
14.757651
14.59593
13.268902
13.58076
12.598818
12.934881
28.325798
28.396212
12.971186
12.660059
28.051716
28.186547
21.058454
26.316564
12.000943
26.315744
15.15579
14.974082
14.973511
15.156435
15.148557
14.964103
14.966588
15.145891
13.652573
13.360528
14.650667
14.803494
14.648049
14.806174
13.388592
13.68078
13.116613
12.848195
20.954435
26.237716
11.884146
26.238444
20.97595
26.276405
11.87822
26.314502
15.09529
14.915648
15.099589
14.911262
15.060217
14.870876
14.877185
15.052518
14.590761
14.752411
14.593688
14.74852
13.588651
13.300625
14.567008
14.713559
14.718126
14.564653
13.376998
13.661784
12.677834
13.011928
28.472207
28.794754
13.109198
12.827501
26.911206
28.665933
21.089312
26.350777
11.994495
26.350232
15.138563
14.960937
14.956917
15.142584
15.10765
14.922652
14.927949
15.100674
13.688507
13.420949
14.627254
14.769903
14.773238
14.626375
13.505864
13.773526
13.263354
13.026406
22.12059
21.881964
22.47953
22.260354
22.340049
22.517816
21.8637
22.056057
20.429868
20.241087
20.821107
20.606946
20.624755
20.82736
20.237309
20.41444
19.071332
19.351097
19.201431
19.209281
19.3535
19.064499
26.620361
26.647917
21.057112
26.315401
11.973126
26.310786
26.638925
23.923394
23.712069
23.923968
24.253965
24.091962
24.120628
24.11287
24.244869
24.113677
23.715164
23.907345
23.928839
17.861598
17.730651
17.861552
18.15021
17.99536
17.999527
18.00074
18.151258
18.000773
17.729256
17.856058
17.860229
17.086038
16.962525
16.966112
16.969252
17.088181
16.968203
16.852254
15.748669
15.863882
15.867729
15.74474
14.522401
14.39851
14.384443
14.533615
14.678134
14.818915
14.81995
14.674668
12.960907
12.638651
13.317999
13.020501
12.605764
12.872294
21.928194
22.155902
22.345345
22.553122
21.921146
22.133254
22.372589
22.56565
20.271178
20.459896
20.64731
20.86031
20.268431
20.451419
20.656356
20.863723
19.091666
19.223781
19.373621
19.085108
19.230496
19.37594
26.630365
26.628608
21.05567
26.316606
11.996631
26.316641
26.628627
23.708847
23.918244
23.921674
24.202772
24.276114
24.142768
23.734922
24.000527
23.949852
24.112455
24.245611
24.113031
17.727475
17.8574
17.858051
17.998292
18.14798
17.997716
17.728097
17.85925
17.858673
17.996391
18.147283
17.997073
16.854274
16.854938
16.968735
17.087843
16.854603
16.968402
16.967722
17.087472
16.968083
15.758724
15.490827
15.875869
15.758569
15.876012
14.483981
14.331624
14.487257
14.326687
14.662376
14.815214
14.816024
14.661014
12.719745
12.394676
13.139686
12.833228
12.377009
12.663832
21.903061
22.117225
22.352097
22.536504
21.909253
22.137585
22.32673
22.523991
20.264954
20.448966
20.650138
20.85548
20.266775
20.45476
20.643743
20.85297
19.087632
19.229703
19.375153
19.091198
19.225978
19.373825
26.631687
21.053377
26.318119
11.99097
26.317996
26.628981
23.757614
24.001054
23.981106
24.109374
24.270235
24.136024
23.727119
23.91819
23.942521
24.209967
24.32806
24.183862
18.941508
17.725925
17.856538
17.856361
17.994897
18.145103
17.995053
17.725765
17.856038
17.856174
17.995426
18.145289
17.99525
16.85387
16.967072
17.086473
16.853559
16.967292
16.967888
17.086744
16.967593
15.760282
15.491961
15.491631
15.877194
15.759894
15.877619
14.469614
14.309262
14.471399
14.306592
14.654509
14.811254
14.81127
14.654359
12.606627
12.300763
13.075163
12.768368
12.296572
12.590981
21.898038
22.099637
22.365206
22.554772
21.912145
22.145652
22.310385
22.530766
20.251111
20.432447
20.639888
20.845292
20.254611
20.443845
20.626594
20.839671
19.075673
19.218884
19.363406
19.080656
19.213561
19.361401
26.318098
21.056783
11.9941
26.317124
26.630516
23.726324
23.986605
23.942689
24.072743
24.222804
24.092301
23.691707
23.883667
23.902962
24.188329
24.274227
24.13776
18.946216
18.944923
17.730174
17.861424
17.860616
17.99755
18.148522
17.99851
17.729288
17.85875
17.859664
18.000371
18.149561
17.999515
16.970355
17.090219
16.857497
16.971141
16.972517
17.091008
16.971917
15.764287
15.495125
15.4949
15.881349
15.763805
15.881903
14.467397
14.30406
14.468396
14.302316
14.654678
14.812545
14.812483
14.654704
12.571183
12.270441
13.053507
12.74635
12.269958
12.567544
21.921667
22.150925
22.328697
22.551116
21.910526
22.114944
22.36997
22.568009
20.257972
20.446914
20.630968
20.845317
20.254674
20.436162
20.643423
20.850464
19.081359
19.214904
19.363118
19.076863
19.219771
19.364967
26.630131
26.31584
21.054543
11.996081
26.315737
26.630543
23.678228
23.892054
23.888698
24.139249
24.225472
24.09497
23.694487
23.944147
23.905651
24.083363
24.209016
24.077877
18.944321
17.727753
17.857241
17.858104
17.999042
18.14793
17.997944
17.728759
17.860187
17.859119
17.996026
18.146842
17.996903
16.857834
16.971437
17.089703
16.857069
16.97065
16.969155
17.088908
16.969886
15.761861
15.491198
15.491989
15.880384
15.762591
15.879688
14.464119
14.300672
14.465657
14.298578
14.651154
14.808302
14.809005
14.650563
12.55917
12.257391
13.046024
12.739633
12.258112
12.561062
21.894225
22.116144
22.325155
22.515246
21.893401
22.113767
22.327599
22.515878
20.258463
20.444956
20.637912
20.844707
20.257916
20.443334
20.639535
20.845277
19.08506
19.22169
19.368344
19.083488
19.223292
19.368881
26.630841
26.628575
21.047471
26.317563
11.9781
26.317915
26.626026
23.76307
23.970371
23.98903
24.153858
24.318759
24.177789
23.756793
23.959575
23.977897
24.171977
24.343961
24.195308
18.941175
17.724857
17.854783
17.855287
17.994668
18.144523
17.994494
17.725225
17.855831
17.855626
17.993657
18.144188
17.994167
16.852925
16.85352
16.967141
17.085987
16.853243
16.966884
16.966186
17.085687
16.96659
15.757647
15.875929
15.757991
15.487804
15.875616
14.460649
14.297642
14.461766
14.296052
14.647149
14.804011
14.804394
14.646829
12.562567
12.254123
13.049975
12.745134
12.255408
12.568513
21.929267
22.141897
22.373883
22.576585
21.934046
22.156816
22.358877
22.57242
20.265799
20.448689
20.652401
20.861978
20.267972
20.455664
20.644553
20.858894
19.084617
19.22659
19.372888
19.087959
19.223025
19.371554
26.6309
26.629788
21.052533
26.316472
11.994153
26.316363
23.690765
23.897468
23.905593
24.123154
24.254809
24.115774
23.701213
23.925485
23.918905
24.087584
24.235804
24.099593
17.723949
17.855366
17.854266
17.991682
18.142047
17.992164
17.723166
17.852974
17.853435
17.994171
18.142926
17.993028
16.852631
16.965035
17.084516
16.851901
16.9655
16.967171
17.085279
16.966253
15.758296
15.875356
15.757566
15.486912
15.48743
15.876092
14.459493
14.29636
14.460003
14.295209
14.646813
14.805003
14.804241
14.647505
12.572428
12.255889
13.054936
12.752299
12.26126
12.576256
21.899454
22.1302
22.30512
22.514717
21.889264
22.096307
22.347874
22.535523
20.251863
20.438981
20.628546
20.837535
20.250583
20.434562
20.634291
20.840342
19.078476
19.215736
19.361811
19.077813
19.216556
19.362198
26.628807
26.62634
21.055819
26.316759
11.992476
26.314759
23.71263
23.885825
23.926294
24.224941
24.327951
24.183857
23.758766
24.018438
23.981543
24.069762
24.252876
24.118795
17.731383
17.862084
17.86183
17.999834
18.15045
18.00037
17.731033
17.860935
17.861464
18.000985
18.150791
18.000734
16.971855
17.091642
16.972451
16.858713
16.97323
17.092104
16.972921
15.764726
15.881885
15.764266
15.493823
15.882333
14.464218
14.300007
14.464308
14.299242
14.652568
14.811337
14.810572
14.653383
12.582759
12.277903
13.061272
12.762091
12.284652
12.590964
21.899472
22.12218
22.328115
22.522646
21.897532
22.116263
22.334066
22.524412
20.259872
20.447292
20.637648
20.846247
20.258458
20.442851
20.642302
20.847869
19.084881
19.220432
19.367844
19.082196
19.223322
19.368891
26.625914
26.627703
21.055574
26.315178
11.994248
26.315653
26.62562
23.753763
23.976718
23.972267
24.166824
24.308086
24.168379
23.751888
23.969745
23.970472
24.175926
24.306882
24.169193
17.732514
17.862638
17.863099
18.002235
18.152489
18.002295
17.732763
17.86328
17.863292
18.001701
18.152351
18.002138
16.859783
16.973578
17.092762
16.973378
16.85954
16.972421
17.092437
16.973023
15.76244
15.880913
15.763354
15.880049
14.467763
14.304552
14.468445
14.303484
14.654215
14.810695
14.811428
14.653756
12.610337
12.338807
13.084008
12.79898
12.351259
12.636067
21.930028
22.143034
22.376678
22.576995
21.935362
22.159255
22.361552
22.57315
20.2627
20.44464
20.652361
20.861242
20.266048
20.455236
20.640696
20.856847
19.080196
19.223967
19.369606
19.085145
19.218578
19.367534
26.624074
26.627984
21.048703
26.318611
11.976388
26.315886
26.62689
23.786141
23.97882
24.019725
24.151079
24.363849
24.213712
23.775913
23.955392
24.005008
24.182187
24.39124
24.234226
17.72659
17.857117
17.85717
17.997106
18.146653
17.996456
17.726971
17.858148
17.857498
17.996131
18.146329
17.996141
16.852088
16.853682
16.967591
17.086448
16.852836
16.966804
16.965488
17.085888
16.966166
15.746707
15.474511
15.868095
15.749566
15.865697
14.462663
14.306243
14.464467
14.305654
14.640272
14.788552
14.793242
14.636787
12.714867
12.485696
13.177098
12.933156
12.515242
12.793746
26.573003
26.240508
20.95067
11.864169
26.236827
26.360271
25.25704
24.673849
24.831938
25.115702
20.948954
26.23777
11.878596
26.239572
26.569177
26.571811
25.305042
24.739728
24.867935
25.165669
22.67676
22.724309
23.031034
22.745784
23.053755
22.760807
21.464568
21.665853
21.037447
21.233912
21.262753
21.044986
21.651383
21.429683
22.131491
21.911871
22.544727
22.342504
22.351478
22.55455
21.912327
22.130556
21.472873
21.692946
21.068611
21.283176
21.270164
21.064176
21.695148
21.48438
19.89926
20.066254
19.522369
19.702571
19.713034
19.524936
20.062946
19.888138
20.434425
20.253111
20.848977
20.64357
20.629893
20.844392
20.257446
20.447696
19.902496
20.077034
19.536471
19.726788
19.715934
19.532957
20.081184
19.914011
19.073443
19.364201
19.220689
19.21154
19.360886
19.082124
16.811668
16.803404
16.808708
16.335143
16.200103
16.204136
16.331301
16.819118
16.823689
16.821408
16.344248
16.216636
16.213731
16.34706
15.697448
15.428728
15.423972
15.812877
15.817797
15.692469
15.267228
15.417538
15.4199
15.265414
15.085437
14.909776
15.088934
14.907816
15.710594
15.433543
15.833271
15.829878
15.714268
15.097142
14.912708
15.093024
14.915868
15.288375
15.445869
15.442223
15.29203
14.450107
14.32508
14.30946
14.462428
14.609229
14.754327
14.754448
14.606305
13.982559
14.143497
14.122879
13.480442
13.716207
13.922451
14.604798
14.7555
14.757224
14.605097
14.42483
14.264286
14.26766
14.423347
13.402384
13.6946
13.869364
14.055692
14.062352
13.905837
12.901078
12.607842
13.233175
12.93782
12.574037
12.796764
13.824178
22.935263
27.418083
28.780088
13.785823
22.826588
23.032725
13.142071
12.902798
12.658215
12.416807
12.758094
12.454126
27.862318
28.156642
22.837322
13.591813
22.882398
13.63757
23.014128
22.91117
25.202001
24.805748
24.437981
24.770669
24.421836
25.253379
26.621273
21.055566
26.315004
11.990988
26.314141
26.626457
26.628879
25.29614
24.959025
24.598837
24.86982
24.521549
25.393017
23.339221
23.51626
23.336583
23.054146
23.051157
23.517957
23.32652
23.337299
23.050641
22.760141
22.764444
23.947302
23.773267
23.995705
24.404863
24.254626
24.251553
24.139447
24.33868
24.19682
23.807862
24.042228
24.039722
23.354719
23.567814
23.380021
23.100656
23.100321
23.06668
23.594465
23.401235
23.40036
22.803557
23.085661
22.793198
22.156256
21.933889
22.558327
22.352645
22.369586
22.562951
21.929962
22.139346
21.508452
21.718003
21.092318
21.295126
21.307209
21.094849
21.714311
21.494882
22.162145
21.947112
22.595456
22.39038
22.376821
22.587692
21.949995
22.171924
21.511472
21.728626
21.100637
21.311899
21.309581
21.099945
21.730665
21.514868
20.47252
20.28623
20.873838
20.659684
20.668134
20.876028
20.284994
20.465179
19.939716
20.110386
19.565704
19.747706
19.752852
19.566557
20.109344
19.93441
20.473203
20.287494
20.880362
20.669685
20.669127
20.879884
20.287649
20.473496
19.939747
20.111062
19.565964
19.752344
19.752724
19.566063
20.111159
19.939548
18.589512
18.762765
18.589889
18.294399
18.424622
18.428668
18.429224
18.295345
18.429536
18.762254
18.58493
18.589033
19.109366
19.393692
19.24406
19.24766
19.394512
19.106537
18.947631
18.588969
18.761213
18.58856
18.293597
18.427374
18.427806
18.428675
18.294056
18.428209
18.760885
18.587823
18.588215
19.108969
19.393631
19.246502
19.247298
19.393787
19.108109
17.470031
17.606603
17.469663
17.196163
17.325631
17.330207
17.332633
17.198245
17.332076
17.605151
17.463556
17.468026
17.861264
17.730188
17.860845
18.149594
17.998838
17.999373
18.000356
18.150106
17.999892
17.729743
17.859811
17.860345
17.469966
17.60641
17.469751
17.198648
17.331706
17.33217
17.332681
17.199002
17.332506
17.606039
17.468948
17.469416
16.380654
16.247664
16.250634
16.377877
16.85599
17.089048
16.969159
16.96961
16.969805
17.089419
16.969911
16.855765
16.383963
16.254773
16.254399
16.384267
15.325236
15.473432
15.475508
15.323654
15.145094
14.971037
14.970174
15.147275
15.75607
15.484635
15.874916
15.874084
15.757218
15.151645
14.972409
15.149605
14.973663
15.33763
15.489773
15.48868
15.338795
14.060189
14.219217
14.200694
13.566149
13.803372
14.006319
14.670581
14.818776
14.672288
14.81878
14.494103
14.336615
14.490696
14.341956
13.494911
13.783367
13.953343
14.133974
14.141932
13.990635
13.890748
23.277712
13.835956
13.23537
12.988747
12.745344
12.470327
12.837512
12.501815
22.900105
13.633411
13.67364
20.947832
26.236386
11.872191
26.234107
26.575551
25.315624
24.853054
25.293038
24.883229
20.94706
26.232457
11.872451
26.233059
26.566896
26.567173
25.262863
24.845315
24.840439
25.269039
22.75567
22.770544
22.780178
22.784286
21.710621
21.501442
21.286649
21.079781
21.704735
21.487645
21.298724
21.083576
22.160035
21.938181
22.575188
22.364319
22.377041
22.579457
21.934471
22.148234
21.50405
21.719022
21.08624
21.293722
21.300886
21.088416
21.715691
21.495747
20.094523
19.924938
19.730199
19.546229
20.091904
19.917521
19.737393
19.548604
20.461078
20.274307
20.866026
20.653339
20.657676
20.86787
20.273232
20.457466
19.925953
20.097544
19.551114
19.736819
19.738398
19.551584
20.09666
19.923979
19.092705
19.378588
19.230805
19.231529
19.378957
19.092206
16.830214
16.825941
16.828187
16.357001
16.224699
16.354845
16.226942
16.834274
16.834726
16.36167
16.232541
16.231751
16.362421
15.725946
15.456224
15.454256
15.842213
15.723487
15.844672
15.297941
15.449065
15.295231
15.451862
15.112109
14.929418
15.113678
14.928057
15.731004
15.457727
15.850659
15.849783
15.731883
15.459556
15.115573
14.93036
15.114849
14.930875
15.304755
15.459929
15.305077
14.42115
14.26143
14.422322
14.258669
14.606753
14.765774
14.765054
14.607003
13.861342
14.050706
14.046271
13.323321
13.607588
13.842918
14.607248
14.76649
14.766923
14.60737
14.417776
14.250442
14.25091
14.417215
13.300402
13.602086
13.830651
14.030714
14.03272
13.839429
12.632304
12.327673
13.045234
12.740352
12.305187
12.574734
13.481365
22.813371
28.24593
28.255507
13.454001
22.830284
22.84423
13.015938
12.728959
12.526859
12.240434
12.561083
12.254474
27.949748
27.589484
13.375785
13.391655
22.642051
22.697558
25.203303
24.794052
24.451522
25.22131
24.768017
24.42155
26.62982
21.052181
26.316296
11.994042
26.316489
26.629385
26.629588
25.246886
24.795527
24.440019
24.803332
24.447049
25.239159
23.51223
23.323321
23.332137
23.063553
23.535866
23.381265
23.353285
22.774992
23.045302
22.75945
23.924534
23.709075
23.927485
24.257645
24.109544
24.119389
24.121184
24.263876
24.124791
23.70566
23.915729
23.923005
23.322615
23.50741
23.323139
23.03426
23.033225
23.505123
23.321735
23.321892
23.032636
22.745375
23.032902
22.744956
21.928502
22.1391
22.383154
22.572112
21.936845
22.166092
22.351567
22.558624
21.712503
21.494813
21.309073
21.093692
21.719583
21.511538
21.294794
21.089327
22.134252
21.914877
22.54416
22.349223
22.346716
22.543435
21.915499
22.136355
21.490909
21.700049
21.080306
21.29108
21.291295
21.080438
21.700476
21.491224
20.281251
20.464049
20.66789
20.874364
20.283706
20.471941
20.658822
20.870625
20.105541
19.933089
19.751429
19.563538
20.107706
19.938517
19.746605
19.562022
20.461869
20.275659
20.862484
20.655125
20.656375
20.862747
20.275198
20.460464
19.931503
20.100503
19.55773
19.743634
19.745163
19.558233
20.100022
19.929972
18.758176
18.584689
18.585651
18.426859
18.292013
18.42619
18.759175
18.587308
18.586582
18.424446
18.291234
18.425333
19.104295
19.245845
19.39143
19.107506
19.242354
19.390071
18.941769
18.58388
18.755644
18.583299
18.288821
18.422656
18.42279
18.423691
18.289174
18.423135
18.755256
18.582833
18.582946
19.10327
19.386096
19.239804
19.241246
19.386593
19.10193
17.603813
17.466704
17.467296
17.331247
17.19742
17.330794
17.604459
17.468442
17.467928
17.329695
17.196945
17.330226
17.856885
17.72604
17.856506
18.145058
17.994888
17.995069
17.995838
18.145418
17.995407
17.725797
17.856045
17.856208
17.466289
17.602465
17.466039
17.195676
17.328785
17.328898
17.329317
17.195884
17.32907
17.602286
17.465779
17.465884
16.383752
16.254835
16.383994
16.254689
16.853669
17.086334
16.967049
16.967196
16.967549
17.086579
16.967408
16.853493
16.383594
16.254717
16.254646
16.383668
15.339763
15.490399
15.490724
15.339478
15.154846
14.97431
14.9747
15.154625
15.759087
15.490792
15.876505
15.876411
15.759212
15.154094
14.97385
15.154373
14.97331
15.33936
15.490987
15.49088
15.339399
13.943531
14.126558
14.120266
13.415159
13.692829
13.921227
14.659257
14.814495
14.660261
14.81392
14.474739
14.311575
14.473315
14.313536
13.389134
13.686274
13.904437
14.098161
14.101285
13.916646
13.53737
22.807832
13.512756
13.108723
12.822736
12.616384
12.326271
12.651266
12.337812
22.686922
13.445261
13.460082
26.569964
20.95297
26.235477
11.881862
26.23293
25.134137
24.799913
25.245144
24.695837
26.235869
20.94566
11.86835
26.234542
26.569372
26.567241
25.260056
24.891877
24.820298
25.322069
22.737164
22.721454
23.065537
22.770802
22.748632
21.689343
21.47799
21.288256
21.073654
21.694332
21.489217
21.278758
21.070758
22.122579
21.913477
22.564203
22.368271
22.333578
22.546401
21.921122
22.148635
21.48001
21.696755
21.073107
21.285187
21.280005
21.07185
21.702173
21.488715
20.089391
19.917614
19.735298
19.547295
20.091076
19.922248
19.730935
19.545897
20.4484
20.262313
20.853192
20.642422
20.643472
20.852721
20.261482
20.446268
19.916563
20.086341
19.540958
19.72584
19.729812
19.542286
20.085303
19.912808
19.086452
19.368822
19.220645
19.224796
19.370177
19.082352
16.833684
16.834582
16.834221
16.362129
16.232897
16.362594
16.232493
16.831389
16.830343
16.360091
16.229615
16.230513
16.35919
15.732181
15.458793
15.459403
15.851302
15.732491
15.459825
15.851013
15.304789
15.459998
15.305106
15.115196
14.928783
15.114366
14.929601
15.730209
15.458012
15.848172
15.849095
15.729281
15.455093
15.112333
14.927788
15.113461
14.926585
15.300644
15.456143
15.299586
14.414746
14.249253
14.416419
14.247245
14.603531
14.763236
14.76447
14.602316
13.828614
14.029486
14.027583
13.277679
13.576718
13.820117
14.600086
14.762277
14.761261
14.601377
14.407919
14.239247
14.239477
14.407186
13.269552
13.574638
13.81425
14.017242
14.018567
13.818648
12.519584
12.218402
12.98771
12.679628
12.215863
12.502429
22.799675
13.351556
22.911212
27.495877
27.722087
13.318659
23.251636
22.648979
22.698669
12.97778
12.676233
12.48452
12.183738
12.49867
12.191275
28.1852
28.175372
13.31303
22.767118
13.320602
22.443391
22.752731
25.305758
24.79153
24.446925
25.221169
24.869535
24.514457
26.629685
21.056686
26.316218
12.000176
26.317669
26.629046
26.630722
25.222419
24.751448
24.401984
24.790195
24.443391
25.191654
23.551327
23.370832
23.362938
23.041362
23.054498
23.527582
23.328532
23.344544
22.765775
23.068142
22.775737
23.980022
23.721138
23.936879
24.225112
24.075139
24.092614
24.183035
24.265584
24.130743
23.689852
23.884602
23.9019
23.360741
23.521213
23.337796
23.493923
23.300782
23.314427
23.028454
22.743623
23.04747
22.758729
21.930689
22.152501
22.355137
22.562837
21.927403
22.141516
22.369563
22.570519
21.712713
21.499015
21.293431
21.085105
21.71024
21.494176
21.297144
21.086204
22.148786
21.922537
22.543779
22.340654
22.36507
22.556047
21.916901
22.130018
21.497069
21.706186
21.081709
21.290394
21.295624
21.083213
21.702001
21.48958
20.277175
20.462731
20.656218
20.866154
20.276737
20.461294
20.658012
20.867014
20.101519
19.931135
19.743908
19.558182
20.101159
19.930335
19.744616
19.558428
20.462259
20.276425
20.863798
20.65606
20.657364
20.864805
20.276254
20.461647
19.930987
20.101044
19.5586
19.745161
19.744529
19.558437
20.101014
19.931471
18.755503
18.583283
18.583182
18.422719
18.288915
18.422887
18.755377
18.582901
18.58306
18.423137
18.28907
18.423022
19.102531
19.239941
19.386429
19.102042
19.240501
19.386655
18.942222
18.583401
18.755852
18.58359
18.289894
18.424377
18.42382
18.423274
18.289567
18.42348
18.756174
18.584507
18.583933
19.102575
19.386945
19.241348
19.240528
19.386754
19.103462
17.602398
17.466192
17.466032
17.328827
17.195845
17.328992
17.602286
17.465795
17.465929
17.329322
17.196041
17.329127
17.856801
17.726748
17.857133
18.146201
17.996799
17.996295
17.995671
18.145883
17.995959
17.727174
17.858026
17.857507
17.466499
17.603256
17.466926
17.197449
17.33108
17.330541
17.329645
17.197016
17.330065
17.603739
17.467983
17.467426
16.384412
16.255319
16.384119
16.255651
16.855212
17.088226
16.969727
16.969254
16.968356
17.087834
16.968842
16.855666
16.385976
16.25781
16.257212
16.386607
15.339645
15.491135
15.491366
15.339507
15.153985
14.972447
14.97228
15.154162
15.761775
15.492331
15.879724
15.879225
15.762278
15.493258
15.15473
14.972676
15.154455
14.972859
15.341105
15.493706
15.341583
13.90049
14.094606
14.092291
13.361722
13.655388
13.892623
14.655347
14.811476
14.655035
14.811943
14.469298
14.305095
14.469267
14.30538
13.354441
13.654059
13.889384
14.087793
14.088896
13.892245
13.415281
22.664774
13.410739
13.066898
12.767259
12.575842
12.282371
12.589044
12.287611
22.569106
13.398082
13.402669
26.574361
26.569817
20.952989
26.239265
11.88147
26.237673
25.214452
24.872669
25.306695
24.778414
26.235493
20.950089
11.88646
26.235909
26.574801
26.574098
25.117667
24.661953
24.661709
25.111514
22.7609
22.732922
23.021117
22.963228
22.683179
22.6762
21.681594
21.45918
21.282371
21.064888
21.693298
21.48584
21.260139
21.058181
22.086465
21.868092
22.487289
22.308688
22.294808
22.481206
21.871645
22.098035
21.451657
21.656769
21.04601
21.259317
21.25397
21.044396
21.659686
21.458143
20.075701
19.902999
19.723837
19.535303
20.078762
19.910707
19.716918
19.53311
20.429612
20.244538
20.829671
20.626256
20.62318
20.828337
20.24533
20.432206
19.901262
20.070096
19.529765
19.716808
19.715403
19.529335
20.070772
19.902891
19.074675
19.358382
19.213399
19.212478
19.358008
19.075501
16.826222
16.828101
16.827104
16.355363
16.226753
16.356254
16.225893
16.824931
16.824963
16.354093
16.224643
16.224605
16.354164
15.725554
15.845325
15.726388
15.454059
15.453105
15.844516
15.297592
15.298596
15.107395
14.92101
15.106652
14.921597
15.724078
15.450884
15.843013
15.843101
15.723975
15.105598
14.920447
15.106082
14.919951
15.294831
15.450539
15.450473
15.294923
14.405202
14.238482
14.406512
14.237106
14.59504
14.755344
14.756198
14.594379
13.813608
14.016898
14.016007
13.260176
13.563831
13.809317
14.593758
14.754951
14.754735
14.594151
14.4028
14.235483
14.234453
14.40334
13.257562
13.563377
13.809006
14.013001
14.013003
13.809264
12.482308
12.174689
12.966376
12.656119
12.173075
12.475676
22.770592
13.303281
22.49048
28.478144
27.597535
13.300963
22.498254
22.758891
22.59679
12.962552
12.655139
12.464341
12.162127
12.473926
12.166701
27.890957
27.523773
13.288172
22.581442
22.651616
13.292491
22.497763
22.585573
25.240828
24.743872
24.397343
25.181527
24.803959
24.453903
26.626477
26.314087
21.05265
11.98699
26.315313
26.626471
26.629718
25.329339
24.901793
24.550651
24.905308
24.557062
25.330478
23.526366
23.371993
23.343375
23.017892
23.496211
23.301507
23.317023
23.07814
23.031422
22.74706
23.053857
22.766021
24.015548
23.799951
24.024801
24.364772
24.189372
24.2199
24.219304
24.372428
24.228309
23.791293
23.987539
24.016057
23.393328
23.591754
23.401177
23.583554
23.372796
23.393662
23.096852
22.802452
23.103381
22.807982
21.931832
22.163341
22.341971
22.547676
21.921977
22.131487
22.379684
22.564074
21.715493
21.510172
21.292117
21.086805
21.70725
21.491302
21.308008
21.091684
22.172899
21.953275
22.595594
22.380609
22.391105
22.60033
21.950588
22.164206
21.515582
21.733248
21.100472
21.308404
21.312469
21.101726
21.731047
21.510703
20.283104
20.471711
20.657631
20.868693
20.280413
20.463139
20.667504
20.872841
20.107312
19.938699
19.746346
19.561885
20.104931
19.93273
19.751766
19.563657
20.47389
20.288241
20.880146
20.667543
20.670077
20.881211
20.287539
20.471676
19.940131
20.111784
19.566315
19.751564
19.753042
19.566822
20.111157
19.938542
18.759983
18.58862
18.58761
18.425224
18.292315
18.426294
18.758783
18.585374
18.586475
18.428347
18.293372
18.427383
19.108391
19.242364
19.390057
19.104431
19.246642
19.391692
18.948474
18.948097
18.589344
18.76209
18.589598
18.294785
18.428092
18.428925
18.429028
18.295128
18.429254
18.761748
18.588415
18.589273
19.109273
19.394087
19.246333
19.247603
19.394568
19.108095
17.606636
17.470905
17.470258
17.331787
17.199529
17.332613
17.605838
17.468684
17.469511
17.333982
17.200284
17.333349
17.862018
17.731709
17.862224
18.150907
18.000071
18.000848
18.000994
18.151262
18.001189
17.731447
17.861183
17.861917
17.471408
17.608086
17.471624
17.201211
17.333794
17.334413
17.33446
17.20149
17.334639
17.607876
17.470805
17.471426
16.389169
16.259785
16.388556
16.260389
16.85949
17.091891
16.972223
16.859201
16.972864
16.973015
17.092218
16.973177
16.390256
16.26118
16.261381
16.390086
15.342382
15.494142
15.494578
15.342017
15.156458
14.974458
14.97427
15.156604
15.764889
15.495204
15.882348
15.882669
15.76458
15.494295
15.156423
14.97446
15.15666
14.974145
15.342355
15.494836
15.341823
13.887513
14.085782
14.084862
13.343977
13.643093
13.883899
14.655286
14.812589
14.655329
14.812631
14.467589
14.302067
14.467082
14.302631
13.342014
13.643143
13.883193
14.083274
14.084399
13.884488
13.391056
22.600364
13.390408
13.052061
12.748117
12.562123
12.265031
12.568795
12.268571
13.386278
13.389586
26.567862
26.574554
20.946262
26.235697
11.871345
26.233686
26.57535
25.330333
24.865689
25.301298
24.903017
20.946217
26.234552
11.869436
26.233858
26.569608
25.254969
24.774851
24.826913
25.199806
22.75663
22.775706
23.071724
23.038666
22.750051
22.765592
21.701819
21.49111
21.267501
21.064782
21.692221
21.468001
21.287291
21.070802
22.149891
21.921689
22.547531
22.335273
22.367985
22.561289
21.913335
22.122405
21.49166
21.703074
21.070642
21.276673
21.288093
21.073938
21.696266
21.477031
20.081654
19.912587
19.718954
19.535089
20.078771
19.905355
19.725407
19.537125
20.448074
20.261494
20.851351
20.639826
20.644556
20.853838
20.260603
20.444774
19.91372
20.085122
19.540352
19.726442
19.726512
19.540325
20.084558
19.913125
19.082348
19.368215
19.221629
19.220793
19.368077
19.083362
16.825762
16.826507
16.356285
16.226026
16.355609
16.22669
16.829549
16.830011
16.358361
16.229194
16.22869
16.358888
15.72548
15.84408
15.724921
15.450809
15.451242
15.844696
15.295636
15.295251
15.106875
14.921903
15.107387
14.92126
15.727141
15.45269
15.846853
15.846443
15.727555
15.108236
14.922384
15.107884
14.922707
15.297966
15.454039
15.453662
15.298382
14.404073
14.236039
14.404015
14.235985
14.595094
14.756403
14.756039
14.595604
13.809686
14.01398
14.014374
13.2546
13.561327
13.808652
14.596658
14.757016
14.757573
14.596329
14.406052
14.23853
14.237375
14.406768
13.253702
13.56151
13.809886
14.015271
14.01517
13.80931
12.463342
12.157163
12.957596
12.644177
12.155985
12.458986
13.280912
22.457538
28.144711
27.211911
13.277969
22.675377
22.510417
12.955355
12.643617
12.447465
12.142784
12.457595
12.148294
27.825666
27.505548
22.534152
13.259752
22.35215
22.706585
22.61192
13.266634
22.547979
25.17847
24.745743
24.399851
25.182491
24.735158
24.38504
26.316164
21.054461
11.998699
26.315211
26.630721
26.628996
25.235758
24.832344
24.474501
24.795851
24.443181
25.276239
23.483864
23.304953
23.305861
23.055547
23.499088
23.344979
23.319948
23.021572
23.034256
22.749664
22.73832
23.907381
23.711512
23.92874
24.288707
24.150891
24.14657
24.1002
24.262131
24.124677
23.726861
23.953292
23.946818
23.313979
23.510773
23.327173
23.057985
23.524272
23.349012
23.339397
23.04845
22.759508
23.037425
22.749638
21.915809
22.129149
22.366237
22.549966
21.92301
22.152113
22.340333
22.539678
21.701598
21.488133
21.302466
21.086708
21.707914
21.503618
21.288965
21.082515
22.130795
21.917706
22.556821
22.364378
22.342854
22.54795
21.92332
22.149088
21.488227
21.702253
21.083542
21.296932
21.28879
21.08112
21.706899
21.498409
20.277381
20.460519
20.663924
20.868451
20.279934
20.468551
20.654868
20.864787
20.102113
19.930459
19.749608
19.56131
20.104416
19.936382
19.744191
19.559553
20.459885
20.275291
20.864984
20.658163
20.654289
20.863079
20.276188
20.46286
19.929776
20.099997
19.557745
19.744402
19.743509
19.557479
20.100688
19.931042
18.75685
18.583551
18.584582
18.426948
18.291709
18.425688
18.758188
18.587211
18.585876
18.423466
18.290547
18.424456
19.102545
19.244809
19.38947
19.106672
19.240466
19.38784
18.940983
18.941024
18.582923
18.754925
18.582668
18.288528
18.422497
18.422487
18.422843
18.288657
18.422558
18.754935
18.582707
18.582646
19.101894
19.385969
19.239957
19.23981
19.385793
19.101927
17.604294
17.467128
17.467985
17.332982
17.199008
17.332093
17.605317
17.46994
17.468993
17.330316
17.198126
17.331136
17.856678
17.72602
17.856359
18.144825
17.994787
17.994926
17.995461
18.145008
17.995136
17.725815
17.855987
17.856145
17.466565
17.602559
17.466248
17.19604
17.328894
17.329143
17.329755
17.196378
17.329402
17.602374
17.465839
17.466045
16.387405
16.259384
16.38822
16.258599
16.854716
17.086813
16.967469
16.854283
16.967872
16.968678
17.087223
16.968297
16.385677
16.256373
16.256827
16.385271
15.340356
15.493571
15.492826
15.341148
15.153145
14.97019
14.970866
15.152366
15.760034
15.490496
15.877348
15.877939
15.759463
15.150954
14.969502
15.151697
14.968718
15.336717
15.488805
15.489366
15.336154
13.881586
14.08115
14.080223
13.337177
13.637882
13.879108
14.650362
14.807734
14.650705
14.807377
14.463102
14.298586
14.462816
14.298795
13.339043
13.638885
13.881267
14.080492
14.08104
13.880275
13.379345
22.628319
13.379213
13.049304
12.74326
12.56367
12.258953
12.564317
12.261274
13.378931
13.380116
26.572549
26.572869
20.95715
26.233461
11.895738
26.235925
26.57524
25.092319
24.722032
25.166631
24.662048
26.574057
20.945639
26.234428
11.870501
26.236596
26.567089
25.289568
24.853966
24.853067
25.281487
22.713441
22.996693
22.713611
22.995679
23.06175
22.769373
22.756308
21.680516
21.473943
21.272671
21.062082
21.679761
21.472079
21.274417
21.062675
22.125716
21.916618
22.564466
22.370065
22.338984
22.552408
21.925171
22.153273
21.479695
21.699517
21.078825
21.29456
21.279274
21.074203
21.706956
21.497663
20.083267
19.914255
19.726146
19.540162
20.082722
19.91263
19.727772
19.540703
20.447452
20.264495
20.858918
20.651519
20.64247
20.855032
20.26677
20.455005
19.91585
20.088466
19.545341
19.732913
19.729168
19.544198
20.090373
19.920292
19.085977
19.372989
19.226643
19.224298
19.372011
19.088047
16.831153
16.360483
16.230454
16.360133
16.230813
16.832817
16.832919
16.361521
16.231871
16.231791
16.361633
15.729096
15.848067
15.728731
15.454418
15.848465
15.299159
15.298812
15.454797
15.110241
14.925103
15.110563
14.924656
15.729886
15.455582
15.849293
15.849296
15.729899
15.110831
14.92532
15.110799
14.925317
15.300153
15.455758
15.455853
15.300102
14.407392
14.239054
14.407443
14.238882
14.59845
14.759607
14.759436
14.598758
13.810542
14.016215
14.016495
13.250569
13.559735
13.809108
14.599226
14.759954
14.760184
14.599219
14.408089
14.23978
14.239078
14.408347
13.249131
13.559763
13.809255
14.015867
14.016208
13.809603
12.445982
12.134127
12.950016
12.631236
12.131229
12.43993
22.58527
13.245509
27.293827
27.321007
13.240399
22.497618
12.947116
12.630284
12.424754
12.109872
12.437868
12.1177
27.571555
27.774435
13.209201
22.381629
22.483205
13.219937
25.339712
24.851679
24.501615
25.283182
24.896715
24.535193
21.053821
26.315494
11.996061
26.31662
26.630026
26.629707
25.199209
24.778428
24.425805
24.763456
24.416512
25.220287
23.555244
23.355885
23.366036
23.066084
23.552333
23.357741
23.365259
23.062708
23.071016
23.071537
22.77983
22.778642
23.936449
23.703039
23.915854
24.245536
24.119294
24.109327
24.129693
24.240056
24.107206
23.700204
23.922522
23.915178
23.339238
23.506204
23.325705
23.03126
23.049775
23.038497
23.50187
23.320753
23.320443
23.032742
22.746364
22.752272
21.933841
22.15078
22.370079
22.574882
21.934885
22.154007
22.366401
22.573523
21.715763
21.499367
21.299399
21.089043
21.716651
21.501381
21.297647
21.088479
22.144874
21.919992
22.545305
22.343149
22.359369
22.551102
21.915274
22.129927
21.495703
21.703867
21.077854
21.285029
21.294488
21.080788
21.699613
21.484937
20.278012
20.462655
20.659506
20.869442
20.27845
20.463943
20.658172
20.868936
20.102031
19.930342
19.744832
19.558541
20.102463
19.931593
19.743614
19.558143
20.460815
20.273407
20.859672
20.649831
20.656087
20.862234
20.27171
20.455377
19.929024
20.097905
19.553959
19.739135
19.742416
19.555038
20.096415
19.925356
18.754563
18.581563
18.582187
18.422496
18.288343
18.422362
18.754969
18.582731
18.582596
18.421373
18.287977
18.42197
19.100946
19.24016
19.386553
19.10208
19.239035
19.386166
18.938429
18.580817
18.752354
18.580076
18.285464
18.419003
18.419355
18.420669
18.286055
18.41996
18.751668
18.579081
18.579443
19.100065
19.382312
19.235599
19.238097
19.383297
19.097798
17.601328
17.46444
17.464954
17.328687
17.195329
17.328455
17.601746
17.465632
17.465388
17.327563
17.194968
17.328045
17.854249
17.723361
17.85372
18.141819
17.991638
17.991968
17.993098
18.142399
17.992514
17.722932
17.852932
17.853227
17.463968
17.599886
17.463566
17.19331
17.326183
17.326379
17.327113
17.193678
17.326713
17.599528
17.463043
17.46324
16.383708
16.255238
16.384143
16.254823
16.851932
17.084114
16.851395
16.964957
16.851604
16.965185
16.965877
17.084511
16.965556
16.382719
16.253643
16.25385
16.382522
15.335066
15.48823
15.335633
15.148125
14.965636
14.965925
15.147785
15.756992
15.486702
15.874739
15.874936
15.756867
15.14724
14.965308
15.147527
14.964928
15.333754
15.48666
15.486608
15.333851
13.880468
14.079001
14.078639
13.339906
13.639835
13.879623
14.647051
14.803748
14.647175
14.803711
14.460628
14.297019
14.460615
14.297088
13.342727
13.64103
13.881786
14.079809
14.080304
13.880896
13.375181
22.633709
13.375553
13.054706
12.749333
12.573518
12.257674
12.572622
12.259596
13.379058
22.523936
13.378895
26.571115
26.567764
20.947145
26.233596
11.87256
26.235696
26.567506
25.289038
24.845222
25.267109
24.865123
26.575048
20.953429
26.239516
11.881656
26.238408
26.575816
25.205986
24.675527
24.764965
25.117432
22.781774
22.778438
23.071907
22.981962
22.700669
22.723466
21.709921
21.487655
21.296411
21.082782
21.71447
21.499932
21.285312
21.079325
22.128066
21.895321
22.503747
22.301745
22.343194
22.52275
21.884796
22.093736
21.478617
21.680504
21.055493
21.260663
21.27755
21.06062
21.671811
21.458645
20.089233
19.91547
19.733039
19.545399
20.091181
19.92051
19.728466
19.543949
20.444444
20.255332
20.838439
20.628909
20.639643
20.842821
20.252429
20.435048
19.912604
20.080029
19.53545
19.719878
19.72591
19.537369
20.077449
19.905954
19.082856
19.36381
19.216391
19.22112
19.365576
19.078457
16.832042
16.360036
16.231013
16.360758
16.230319
16.828809
16.827875
16.357458
16.226891
16.22777
16.356586
15.728627
15.45471
15.848522
15.729167
15.455554
15.847966
15.299639
15.299964
15.455233
15.109995
14.92415
15.109547
14.924445
15.726485
15.453523
15.452951
15.844841
15.845671
15.725736
15.108546
14.923685
15.10907
14.923155
15.297123
15.451902
15.452393
15.296749
14.407776
14.239745
14.408471
14.238927
14.598271
14.758714
14.759262
14.59786
13.809394
14.016262
14.015897
13.243269
13.554417
13.805818
14.597088
14.758399
14.758093
14.597652
14.405245
14.236061
14.235743
14.405206
13.239408
13.553651
13.803276
14.011209
14.012046
13.805541
12.422138
12.093088
12.938806
12.612208
12.086765
12.412722
22.311189
13.181369
2.6822929
14.495333
30.614349
13.172626
12.933512
12.610308
12.394497
12.05213
12.409613
12.063364
4.2876977
14.456419
30.527619
22.370914
13.131831
22.546895
13.143548
25.216508
24.794996
24.438191
25.239944
24.77134
24.41662
26.630583
21.057096
26.318577
11.994285
26.3175
26.629946
26.626848
25.243838
24.882828
24.528669
24.809325
24.460666
25.317226
23.492614
23.311871
23.311466
23.50031
23.320599
23.316707
23.026682
23.024316
23.027172
22.739677
22.738727
23.910516
23.732297
23.94894
24.342178
24.22887
24.197637
24.100079
24.281162
24.144397
23.771082
24.022392
23.994661
23.324455
23.532144
23.348955
23.038564
23.059058
23.564685
23.392594
23.376115
23.080842
22.78786
22.770592
21.911585
22.13385
22.340921
22.538305
21.909535
22.127753
22.345885
22.538532
21.696831
21.490065
21.283752
21.075022
21.694636
21.483413
21.290089
21.077045
22.142272
21.932678
22.582101
22.385378
22.355254
22.567889
21.940283
22.16696
21.495867
21.715408
21.09335
21.307318
21.295174
21.089587
21.721659
21.510111
20.272097
20.459517
20.649156
20.8574
20.270617
20.454844
20.654233
20.859287
20.09695
19.928834
19.738947
19.553638
20.095578
19.92511
19.74247
19.554793
20.46262
20.280025
20.873621
20.665901
20.65771
20.870345
20.282403
20.470021
19.931173
20.104178
19.56235
19.750116
19.744636
19.560568
20.106371
19.937024
18.752674
18.581719
18.58047
18.419053
18.285704
18.419547
18.751769
18.579111
18.579591
18.421639
18.286576
18.420418
19.10072
19.235538
19.382103
19.097765
19.238637
19.38321
18.943352
18.583244
18.757177
18.584831
18.291949
18.427078
18.425999
18.423112
18.29065
18.424636
18.75862
18.587361
18.586245
19.102437
19.390336
19.245093
19.240445
19.388651
19.106921
17.60053
17.465225
17.464264
17.326303
17.193759
17.326771
17.599815
17.463134
17.463583
17.328411
17.194478
17.327459
17.856704
17.727657
17.858079
18.148146
17.999103
17.998145
17.995551
18.14691
17.996945
17.728853
17.86022
17.859269
17.466444
17.604125
17.467752
17.198798
17.332871
17.331972
17.329597
17.197757
17.330846
17.605336
17.469874
17.46894
16.383562
16.254173
16.382966
16.254783
17.089495
16.971203
16.970442
16.968343
17.088532
16.969504
16.856765
16.386507
16.258575
16.257648
16.387488
15.334557
15.334085
15.148522
14.96697
14.966035
15.149437
15.761277
15.489996
15.879921
15.879057
15.762199
15.151415
14.967885
15.15047
14.968704
15.33925
15.493044
15.492163
15.340204
13.881011
14.078482
14.078375
13.343144
13.641903
13.880758
14.649848
14.80592
14.648945
14.807034
14.463701
14.300178
14.464387
14.299639
13.346113
13.643274
13.884537
14.082614
14.082609
13.882388
13.406036
22.500473
13.421409
22.795603
13.059499
12.75647
12.583263
12.271399
12.580144
12.273475
13.416573
22.853706
13.424437
26.574923
26.572139
26.238302
20.951215
11.88144
26.23837
26.574538
25.256941
24.706403
25.141514
24.822626
26.574842
20.952807
26.237613
11.8834
26.238412
26.56991
26.574152
25.242101
24.74424
24.817708
25.16713
22.714059
22.73972
23.031185
23.032314
22.744978
22.758402
21.682606
21.475651
21.261018
21.055192
21.674674
21.4594
21.273605
21.058844
22.135415
21.91275
22.54291
22.334431
22.353536
22.553328
21.908778
22.121614
21.479262
21.694268
21.066031
21.274974
21.276726
21.066355
21.691612
21.475575
20.076475
19.907343
19.719215
19.533427
20.075483
19.905303
19.720811
19.53391
20.4407
20.256081
20.846878
20.637702
20.636277
20.846799
20.256769
20.442611
19.908506
20.080185
19.53736
19.724355
19.721849
19.53655
20.08095
19.911
19.079194
19.365392
19.219655
19.217339
19.3646
19.081439
16.826432
16.826103
16.354437
16.225063
16.354748
16.224748
16.826472
16.826826
16.826655
16.354445
16.224635
16.224622
16.354526
15.724018
15.451265
15.45125
15.843205
15.724245
15.842953
15.296393
15.451551
15.296526
15.451354
15.10762
14.922701
15.107814
14.922339
15.723771
15.451346
15.451449
15.84253
15.842634
15.72371
15.108471
14.923085
15.10815
14.923476
15.297146
15.451598
15.45154
15.297332
14.40465
14.235826
14.405233
14.235033
14.596056
14.757386
14.757241
14.596327
13.803139
14.011351
14.010986
13.232865
13.547399
13.800567
14.597442
14.757943
14.7586
14.597004
14.406351
14.237921
14.236235
14.407498
13.234043
13.548022
13.80464
14.01283
14.011989
13.801451
12.39218
12.027052
12.925284
12.593529
12.019535
12.38759
22.4924
13.109287
22.647521
27.447994
27.352308
13.105947
12.926286
12.594271
12.387079
11.990178
12.387684
11.998477
28.432653
27.916272
22.782275
13.112397
22.822378
13.105746
22.764191
25.217354
24.870536
24.514567
25.30848
24.779451
24.430573
26.627945
21.054827
26.31792
11.991686
26.315171
26.630332
26.625906
25.238993
24.853172
24.491689
24.793435
24.437644
25.299911
23.515372
23.312761
23.334849
23.553353
23.389008
23.3659
23.030128
23.04773
23.072078
22.780627
22.76183
23.887297
23.706777
23.922911
24.303401
24.168259
24.159091
24.072702
24.255777
24.1183
23.735395
23.969177
23.95729
23.310683
23.507569
23.325687
23.052916
23.027336
23.53113
23.358089
23.344984
22.763446
23.037771
22.751741
21.931128
22.142219
22.383571
22.576196
21.938159
22.165616
22.353534
22.561128
21.71514
21.499364
21.307303
21.094207
21.720509
21.509848
21.299426
21.091913
22.139465
21.924472
22.560863
22.369231
22.350493
22.551467
21.928926
22.154139
21.497709
21.709616
21.090885
21.303602
21.298107
21.08922
21.713066
21.504679
20.283763
20.468412
20.666366
20.874893
20.284411
20.470578
20.663288
20.873193
20.108059
19.937209
19.750854
19.564679
20.108507
19.937738
19.750676
19.564629
20.468018
20.283178
20.872537
20.665698
20.662726
20.871193
20.284006
20.47057
19.937151
20.107772
19.565481
19.752403
19.750688
19.564925
20.108514
19.939017
18.761154
18.588941
18.588809
18.427864
18.294314
18.42836
18.760974
18.588152
18.588606
18.42877
18.294605
18.428604
19.108307
19.24587
19.39269
19.107703
19.246372
19.392725
18.947969
18.589164
18.761829
18.589511
18.29568
18.43009
18.429712
18.429002
18.295347
18.429331
18.762257
18.590359
18.589926
19.108475
19.393655
19.24789
19.246519
19.39314
19.109805
17.607841
17.471685
17.471455
17.333612
17.201035
17.334192
17.60753
17.470599
17.47115
17.334787
17.20143
17.334531
17.862383
17.732264
17.862707
18.151872
18.002068
18.001852
18.001282
18.151589
18.001595
17.732535
17.86316
17.862964
17.471977
17.60871
17.472308
17.202358
17.335666
17.335581
17.335076
17.202233
17.335368
17.609004
17.472722
17.472584
16.38973
16.260541
16.389423
16.260871
16.860085
17.093
16.973744
16.973861
16.973589
17.092955
16.973841
16.860095
16.390346
16.261313
16.261393
16.390347
15.341691
15.494513
15.340986
15.155442
14.973534
14.972734
15.156094
15.765247
15.495798
15.882593
15.882839
15.76504
15.156799
14.974048
15.156606
14.974241
15.343309
15.495416
15.495718
15.343089
13.884154
14.081705
14.082041
13.348039
13.646721
13.885236
14.655316
14.812
14.654743
14.812623
14.468725
14.304983
14.469007
14.304625
13.353613
13.648763
13.891055
14.088038
14.087907
13.887367
13.399235
13.402262
22.542986
13.069144
12.767717
12.606715
12.314636
12.596729
12.308571
22.742573
13.429491
13.423372
26.570923
26.236224
20.947684
11.877639
26.235462
26.574219
25.213976
24.757324
25.195483
24.769122
20.953113
26.237155
11.883297
26.23497
26.572754
26.57194
25.224774
24.910152
24.800812
25.341609
22.722671
22.724179
23.009698
23.071508
22.777193
23.050793
22.761126
21.685129
21.478623
21.273363
21.064043
21.683238
21.47318
21.278616
21.065734
22.1314
21.921755
22.570932
22.374804
22.34458
22.557672
21.929547
22.157129
21.484516
21.704325
21.081571
21.296699
21.283643
21.077738
21.710908
21.500163
20.084341
19.915449
19.725109
19.539822
20.083002
19.911696
19.728635
19.54094
20.449937
20.26625
20.861234
20.652497
20.645402
20.858097
20.267866
20.455599
19.917118
20.089814
19.544987
19.732067
19.730075
19.54445
20.09108
19.919783
19.085721
19.372324
19.224905
19.224281
19.371947
19.086085
16.827403
16.82699
16.827224
16.354456
16.224568
16.354604
16.224371
16.827222
16.825787
16.826632
16.353391
16.222081
16.223024
16.352577
15.722922
15.45071
15.451177
15.842089
15.723276
15.841765
15.297399
15.451571
15.297435
15.451441
15.109243
14.92472
15.108895
14.924873
15.720542
15.449919
15.838203
15.839556
15.719123
15.107027
14.924115
15.108209
14.923
15.293214
15.445049
15.447142
15.290914
14.408932
14.238994
14.408605
14.239422
14.600139
14.76047
14.760649
14.600287
13.806727
14.014669
14.015995
13.245872
13.561653
13.811375
14.599561
14.760128
14.759326
14.600284
14.409482
14.243256
14.242514
14.408824
13.262894
13.566012
13.82489
14.024638
14.023082
13.814523
12.391271
11.981743
12.940827
12.615519
11.975621
12.421496
13.141452
21.013425
28.020032
27.758685
13.198705
22.983501
22.905042
12.96308
12.62368
12.464498
11.992504
12.438163
11.946123
28.056728
28.108697
23.084507
13.407233
23.018763
13.611855
17.042358
23.054418
25.262464
24.84168
24.490542
25.27599
24.833341
24.486543
26.629887
21.055075
26.31835
11.991814
26.317514
26.627931
26.62721
25.267483
24.760137
24.416027
24.82613
24.471114
25.193041
23.551551
23.364752
23.366321
23.550111
23.363611
23.365465
23.073953
23.073658
22.783412
22.783337
23.9733
23.729581
23.948986
24.24179
24.107068
24.110566
24.176297
24.287792
24.147624
23.70782
23.918613
23.920108
23.357012
23.527481
23.343226
23.048107
23.045487
23.063801
23.511587
23.334263
23.331853
22.760124
23.053095
22.765103
21.941271
22.159265
22.375106
22.579423
21.941282
22.15936
22.374678
22.57921
21.723534
21.508625
21.306229
21.096742
21.723431
21.507856
21.307131
21.097038
22.155075
21.932555
22.559732
22.363165
22.369587
22.56334
21.930885
22.149842
21.5065
21.716609
21.092316
21.301928
21.305446
21.093498
21.715161
21.502782
20.287145
20.472601
20.667189
20.877383
20.286926
20.471826
20.668068
20.877687
20.111222
19.940224
19.753123
19.567244
20.111044
19.939833
19.753421
19.567328
20.471782
20.285097
20.873598
20.663918
20.667132
20.874747
20.28402
20.468635
19.939564
20.109284
19.564417
19.74972
19.752777
19.565495
20.108219
19.936517
18.76323
18.59032
18.590747
18.430414
18.296453
18.43057
18.763331
18.590714
18.590885
18.429996
18.296309
18.430424
19.110238
19.248423
19.395244
19.110291
19.248482
19.395302
18.947694
18.589668
18.761349
18.58881
18.293276
18.426338
18.427427
18.429336
18.294331
18.428466
18.760312
18.586685
18.587775
19.109601
19.392383
19.244731
19.247852
19.393466
19.106522
17.608836
17.471731
17.472301
17.335689
17.202295
17.335595
17.609165
17.47276
17.472675
17.334647
17.201934
17.335217
17.862007
17.73058
17.861185
18.149327
17.998054
17.999159
18.001074
18.150399
18.000223
17.729604
17.859088
17.86016
17.471062
17.606865
17.470286
17.198755
17.331164
17.332195
17.333965
17.19979
17.333153
17.605944
17.46837
17.469373
16.388644
16.260221
16.389374
16.259461
16.857034
17.089214
16.968633
16.969819
16.971776
17.090317
16.970935
16.85593
16.385812
16.255003
16.256371
16.384591
15.34204
15.494916
15.494264
15.34268
15.15481
14.971946
14.972781
15.153819
15.758425
15.490773
15.874441
15.876262
15.756546
15.150663
14.970649
15.152493
14.968848
15.3348
15.484619
15.487044
15.332196
13.891246
14.08723
14.087659
13.365013
13.661219
13.89486
14.652514
14.809636
14.653564
14.808343
14.467154
14.306627
14.466167
14.306511
13.38233
13.665732
13.908535
14.096323
14.094993
13.898142
13.457645
22.991981
13.47196
13.107727
12.810848
12.695095
12.415504
12.649633
12.397983
23.090339
13.559568
13.534293
20.958427
26.235026
11.897065
26.235975
26.572696
25.180582
24.810826
25.230768
24.767855
20.944921
26.24169
11.852485
26.237046
26.565933
26.318996
25.339678
24.6915
24.904142
25.126901
22.781176
22.777992
22.683162
22.728529
21.710105
21.485544
21.297575
21.082522
21.715515
21.501461
21.282548
21.077772
22.12738
21.887981
22.485313
22.266762
22.345311
22.521878
21.8695
22.062249
21.474034
21.672624
21.044727
21.240555
21.272525
21.053205
21.657541
21.436068
20.085871
19.911109
19.731228
19.54233
20.088918
19.919011
19.724093
19.540053
20.439283
20.249589
20.828672
20.614394
20.634405
20.835789
20.245319
20.422081
19.907811
20.074661
19.530248
19.710457
19.72129
19.532896
20.070983
19.89603
19.078572
19.358888
19.20915
19.216757
19.361304
19.072121
16.822377
16.824734
16.823628
16.346775
16.217795
16.348625
16.215812
16.817527
16.814833
16.339841
16.203945
16.208122
16.336018
15.70944
15.429389
15.434607
15.832319
15.712601
15.829609
15.283926
15.442352
15.287865
15.43893
15.089828
14.899503
15.083438
14.905818
15.695733
15.423264
15.811757
15.817884
15.689001
15.409002
15.068128
14.89231
15.076177
14.884574
15.250367
15.401347
15.241889
14.40529
14.243145
14.407587
14.242363
14.586653
14.737535
14.743525
14.581757
13.829328
14.026701
14.028462
13.31462
13.617183
13.844543
14.571339
14.730996
14.724302
14.576495
14.391622
14.244174
14.241184
14.391651
13.361557
13.628606
13.875792
14.050376
14.042621
13.851364
12.482171
12.09229
13.030046
12.742047
12.122028
12.556173
13.268856
21.44452
28.616997
28.856133
13.297715
23.294754
23.307835
13.090051
12.766422
12.658378
12.239975
12.58463
12.21481
27.987755
28.467495
13.415624
13.390237
22.018005
23.260475
25.403169
24.915551
24.555524
25.352743
24.958754
24.590031
26.618191
21.061828
26.315748
11.982477
26.310667
26.650697
26.640735
25.130653
24.796678
24.427871
24.710574
24.374335
25.246389
23.571995
23.362128
23.377871
23.075365
23.564943
23.352369
23.372962
22.780923
23.078805
22.783288
23.921882
23.696685
23.9022
24.243514
24.106831
24.11019
24.108384
24.206723
24.084232
23.705916
23.916149
23.918817
23.340115
23.505742
23.32939
23.028846
23.054176
23.509673
23.323125
23.329953
23.044393
22.754669
23.046266
22.760702
21.935281
22.154736
22.367626
22.574671
21.934775
22.152748
22.370602
22.576384
21.717306
21.502987
21.301861
21.090995
21.71707
21.503136
21.301231
21.090685
22.151497
21.929122
22.553174
22.34686
22.365906
22.559346
21.924935
22.133729
21.501868
21.712806
21.086835
21.289808
21.300432
21.088928
21.709173
21.489566
20.280659
20.46615
20.663193
20.871733
20.281292
20.467801
20.661711
20.871309
20.104686
19.933668
19.748689
19.561371
20.105348
19.935513
19.74692
19.560759
20.466038
20.280353
20.868282
20.654249
20.661489
20.870039
20.279396
20.459716
19.933811
20.104601
19.560337
19.742316
19.747135
19.561117
20.103779
19.928975
18.756993
18.58442
18.584471
18.425383
18.290599
18.42467
18.757476
18.58571
18.584945
18.424234
18.290225
18.424249
19.104013
19.243682
19.389334
19.105486
19.242158
19.388755
18.944159
18.584766
18.75787
18.585039
18.289584
18.419726
18.423807
18.42456
18.290621
18.424753
18.75729
18.579987
18.584109
19.104292
19.38841
19.238878
19.242447
19.389188
19.101442
17.602884
17.465959
17.466278
17.330284
17.196154
17.329625
17.603357
17.467475
17.46681
17.328685
17.195588
17.329069
17.857279
17.726252
17.857126
18.145499
17.990698
17.994938
17.996361
18.146652
17.996289
17.724737
17.851446
17.855697
17.465772
17.602199
17.465231
17.191328
17.320788
17.325549
17.328363
17.193666
17.327609
17.600617
17.458834
17.463439
16.379035
16.250576
16.380491
16.248958
16.849219
17.081085
16.956923
16.961012
16.964805
17.083562
16.963502
16.846802
16.373641
16.23858
16.24267
16.369979
15.32536
15.481777
15.478523
15.329087
15.133622
14.94699
14.952254
15.12816
15.734386
15.464322
15.849241
15.855366
15.727728
15.114659
14.940894
15.121821
14.934262
15.295148
15.443539
15.451109
15.287016
13.912398
14.097338
14.099748
13.435958
13.720424
13.931563
14.629971
14.783304
14.633364
14.778072
14.458073
14.319335
14.314499
14.459794
13.488276
13.733872
13.971429
14.133843
14.124212
13.940558
13.656827
23.266734
13.697458
13.242223
12.959659
12.902717
12.6333
12.8241
12.607885
23.179631
13.855815
13.825239
)
;
    }
}


// ************************************************************************* //
