/*--------------------------------*- C++ -*----------------------------------*\
| =========                 |                                                 |
| \\      /  F ield         | OpenFOAM: The Open Source CFD Toolbox           |
|  \\    /   O peration     | Version:  2412                                  |
|   \\  /    A nd           | Website:  www.openfoam.com                      |
|    \\/     M anipulation  |                                                 |
\*---------------------------------------------------------------------------*/
FoamFile
{
    version     2.0;
    format      ascii;
    arch        "LSB;label=32;scalar=64";
    class       volScalarField;
    location    "1000";
    object      yPlus;
}
// * * * * * * * * * * * * * * * * * * * * * * * * * * * * * * * * * * * * * //

dimensions      [0 0 0 0 0 0 0];

internalField   uniform 0;

boundaryField
{
    inlet
    {
        type            calculated;
        value           uniform 0;
    }
    outlet
    {
        type            calculated;
        value           uniform 0;
    }
    topandbottom
    {
        type            calculated;
        value           uniform 0;
    }
    front
    {
        type            symmetryPlane;
    }
    back
    {
        type            symmetryPlane;
    }
    airfoil
    {
        type            calculated;
        value           nonuniform List<scalar> 
12960
(
52.204705
47.591264
56.116995
47.508739
47.591049
46.959321
42.45329
47.104701
42.593466
46.592029
47.075113
47.178852
56.20387
56.062961
47.10481
55.275302
47.05273
54.355981
46.448889
48.07819
56.56272
47.405476
42.031275
47.39798
55.144343
47.494759
42.479846
47.069932
47.738606
47.067374
56.271709
47.418987
51.586032
51.628587
46.122427
42.588157
54.422776
54.390494
46.321642
55.245169
41.295854
42.27694
40.590796
42.335524
40.332497
40.073646
40.514009
46.996684
40.249393
55.783946
39.942228
40.212679
39.882541
55.202148
40.041994
55.54859
39.835201
40.023812
39.61355
46.13825
39.796121
55.81617
39.894064
40.156999
39.657616
46.98506
39.901569
42.646496
39.926074
39.731229
40.005458
47.886144
40.094087
41.927838
40.212936
39.87878
40.467414
47.439305
40.288744
47.55142
40.380642
40.220692
40.11308
42.760799
39.812329
55.607685
39.941519
40.001534
39.660878
47.014503
39.586123
54.517991
39.810258
39.787455
39.602461
41.283795
39.354416
42.77391
40.993305
39.891409
19.34773
47.931456
40.730687
40.60423
19.095636
19.026242
42.161662
40.463161
40.119341
18.923281
19.023456
19.096673
41.798332
39.819017
39.886994
18.944356
18.927572
56.017096
40.063205
40.271403
19.207737
19.253715
19.223426
55.705071
40.02235
40.068116
19.296986
47.336881
39.832742
39.852173
19.056343
19.157469
18.958119
46.163382
39.638198
39.803135
55.803327
39.890939
40.156257
19.075735
19.181136
55.878859
40.007895
40.134895
19.075204
19.119939
46.603915
39.962638
39.909393
18.982489
19.027526
18.979749
19.103091
56.281242
40.351808
40.327276
19.164389
19.18586
42.039884
40.111346
39.841475
18.966236
19.028225
18.894405
18.937726
41.666868
39.964401
40.016463
18.735829
18.801358
41.802875
39.949543
39.972039
19.035784
18.942071
18.736799
18.804295
18.907605
46.388346
39.865988
39.929333
18.943369
18.934075
47.218511
39.624406
39.803599
19.220688
19.188502
18.942814
19.057979
19.177457
54.347088
39.723567
39.723492
19.36607
19.303601
54.431335
39.706737
39.728505
19.3381
19.38953
19.068326
41.143389
39.732602
39.402239
18.997016
18.901198
46.902165
39.973795
39.832801
19.579723
19.100129
56.621587
47.199523
42.634342
46.529037
46.71757
47.724438
56.477205
47.309335
56.112728
47.883773
47.103528
46.944232
42.452826
42.691687
46.956547
42.324674
46.894374
42.332854
48.308164
48.293876
42.324691
46.71185
19.023959
20.037288
56.323974
47.653428
19.079696
19.069033
18.922006
19.075305
41.862757
46.791671
19.198729
19.066259
56.342161
18.95826
47.310454
19.062352
19.039206
18.993385
46.766595
47.230289
19.120719
19.03755
41.830613
47.182749
18.957744
19.152171
19.094161
19.029727
55.487433
55.55629
19.400039
19.402325
18.979839
48.144841
56.537243
19.182314
52.332247
51.95447
19.240186
18.945145
47.819534
43.273257
19.078145
19.09622
19.752554
19.112874
41.1746
55.263
40.370434
55.786585
39.995297
40.235605
39.785829
46.991063
40.077281
41.969564
40.30879
40.026217
40.345876
41.883628
40.129107
43.145828
40.281605
40.082757
40.466632
48.159649
40.304648
42.051555
40.19491
39.905811
40.397267
47.320818
40.169851
56.328884
40.149163
40.302652
40.090519
46.453174
40.015717
55.8045
39.963621
40.263405
39.68972
46.875506
39.9101
47.206714
39.810276
39.99282
40.109798
56.028818
40.386983
42.696014
40.309728
40.231703
40.627335
47.215254
40.701492
52.236897
40.50901
40.515732
40.74675
57.182955
40.9541
56.658058
41.472024
41.005563
19.010179
46.904548
39.621147
39.874156
19.118168
19.238847
55.547393
39.902611
40.207683
19.152919
19.176016
18.922955
19.270267
19.518539
19.263634
19.022663
55.952747
40.453973
40.402818
19.213069
19.228333
42.270171
40.228785
39.97692
19.219115
18.929678
19.133701
18.885011
18.906629
19.307389
52.14981
40.123678
40.084517
19.336138
18.834107
18.799929
46.822105
40.334343
40.300822
18.923982
19.158373
18.960489
18.827914
18.964192
19.163299
18.969226
48.147222
40.428099
40.292469
18.968825
19.158982
19.146066
42.025414
40.204607
39.908782
18.936287
19.054771
19.177758
18.940351
19.147044
19.050234
42.871825
40.057346
39.90181
19.035451
18.993004
47.955489
40.105455
40.15324
19.129652
18.929319
19.185916
19.081771
19.132549
19.062223
19.072044
41.698621
39.758988
39.763944
18.933158
55.957246
40.048927
40.29737
18.876567
19.244693
19.009821
19.22861
19.090299
54.952544
40.218501
40.167099
55.172393
40.232756
40.211855
19.092645
19.192131
19.185413
19.328292
19.334323
19.144033
19.21826
48.173884
40.375021
40.303933
48.012982
40.600566
40.45215
18.907406
19.190246
19.079553
19.191074
18.947046
19.202076
42.259184
40.529715
40.525469
18.776064
18.832669
51.914101
40.560466
40.556211
18.916872
18.756177
19.381595
18.766966
18.925201
18.813903
18.921028
56.887511
40.578409
40.893761
19.185089
19.277759
47.755075
40.306554
40.568328
19.040432
19.194602
19.252473
19.388038
0.79080411
1.2991747
1.2959336
0.81508004
1.2186576
1.2689059
0.9824562
0.9382132
0.94026059
0.97938039
1.0065713
1.0095833
1.967296
1.9386309
1.305799
1.3009866
0.8555444
0.95963443
0.96407034
0.85832516
0.79619414
1.3012587
0.79467335
1.2979034
1.2256242
1.22599
0.98262104
0.94051311
0.98246927
0.94085787
1.0089912
1.0086625
1.9470736
1.9360747
1.3080002
1.3082736
0.85555726
0.96357509
0.85557013
0.963294
0.79741061
1.2983557
0.7937994
1.2979666
1.2253384
1.2252997
0.98260187
0.94122265
0.98269273
0.94125094
1.0083134
1.0080998
1.9517923
1.9568883
1.3075013
1.3076432
0.85533237
0.96299138
0.85542875
0.96286734
0.79590815
1.2969488
0.79236647
1.2968338
1.2253201
1.2253814
0.98248653
0.9412114
0.98250293
0.94116142
1.007762
1.0076147
1.947549
1.9586567
1.3072793
1.3073416
0.85523526
0.9627153
0.85525114
0.96265613
0.79655847
1.2975352
0.79153577
1.299048
1.2248327
1.2251869
0.98270863
0.94123304
0.98257373
0.94138342
1.0075672
1.0076558
1.9700404
1.965508
1.3073359
1.3072897
0.85525508
0.96264436
0.85524828
0.9626942
0.78792934
1.2984119
0.79890919
1.2952439
1.2249025
1.2245218
0.98240572
0.94133086
0.98262983
0.94102539
1.0078908
1.0080274
1.945991
1.9440304
1.3076234
1.3074456
0.85528508
0.96283984
0.85526228
0.96294867
0.79159851
1.2950384
0.79426718
1.2961361
1.224161
1.2237307
0.98262829
0.94119672
0.98259743
0.94127532
1.0083262
1.0083914
1.9316609
1.9495483
1.3079486
1.3077927
0.85544453
0.96314669
0.85536982
0.96322796
0.80235597
1.2969688
0.79029497
1.3018989
1.2249839
1.2243684
0.98306152
0.94158396
0.9829531
0.94162029
1.008366
1.0082817
1.9529506
2.0024527
1.3079695
1.3079627
0.85562049
0.96324857
0.85556058
0.96322002
0.79132332
1.2962949
0.79512282
1.2977141
1.2248359
1.225024
0.98303923
0.94147315
0.98316681
0.94119481
1.0082425
1.0083167
1.9375392
1.9546573
1.3081261
1.3080026
0.85583819
0.96324968
0.85577641
0.96336711
0.79058728
1.2977589
0.79315487
1.2970436
1.2234098
1.2259615
0.98217776
0.94038557
0.98243544
0.94007603
1.0087113
1.0091448
1.9471311
1.9264824
1.3075397
1.3084784
0.85602159
0.96379405
0.8558165
0.96420674
1.1866463
1.1828609
1.962263
1.9377369
1.8300286
1.8534235
1.1895909
1.1906311
1.9389674
1.9660749
1.8317107
1.8325924
0.69320237
0.71242375
0.79167746
1.2999371
1.2983118
0.79769048
0.69388217
0.69919955
1.3096876
0.95646728
0.95997285
1.3163911
1.223671
1.2261316
1.3117109
0.96058501
0.96022311
1.312841
0.98840212
0.93714349
0.94373395
0.98501816
0.98247129
0.94042622
0.94025026
0.98245657
0.98845163
0.94354302
0.94381907
0.98832905
1.3051648
1.3003865
0.98503517
0.9456635
0.95014376
0.98439676
1.0091634
1.0096747
1.3068284
1.3076535
0.98655877
0.95009496
0.95031645
0.98754723
0.85428652
0.95986206
0.96427471
0.85713076
0.8545194
0.96383194
0.96430066
0.85425631
1.8332019
1.8544885
1.9381705
1.977839
1.8329363
1.8416353
1.2187901
1.2693387
1.2239335
1.2264368
0.98577007
0.94534093
0.94986046
0.98508572
1.3074746
1.3083654
0.98730999
0.94992977
0.95003025
0.98833924
0.85579454
0.96369252
0.9640894
0.85557501
1.1999388
1.1886531
1.9509323
1.9577332
1.8281672
1.8629285
1.1896455
1.1971519
1.9688348
1.9526028
1.8736008
1.8283984
0.69825019
0.6962248
0.79278954
1.2991045
1.2982876
0.79860459
0.69517105
0.70125703
1.3126472
0.96065766
1.3128249
0.9608244
1.225567
1.2252698
1.312691
0.96109463
0.96090224
1.3126729
0.98833153
0.94347855
0.98831798
0.9433465
0.98267346
0.94121156
0.94097672
0.98272609
0.98835416
0.94324694
0.94333021
0.98833741
1.3072968
1.3076387
0.9875479
0.95007056
0.9876041
0.94975266
1.0083987
1.0085958
1.3072473
1.3069634
0.98757035
0.94955993
0.94969738
0.98753102
0.8541971
0.96372618
0.8542364
0.96336616
0.85419048
0.96306395
0.96328277
0.8541345
1.822119
1.8356308
1.9721041
1.9533814
1.8752197
1.8289794
1.2260628
1.2263232
0.98837566
0.94985926
0.98839236
0.94967556
1.307956
1.3077335
0.98840788
0.94951194
0.94962378
0.98841532
0.85554039
0.96303697
0.96321698
0.8554597
1.1962732
1.1879069
1.9513235
1.9543664
1.8271175
1.8635456
1.1874432
1.1945985
1.9561505
1.9487268
1.8633681
1.825922
0.70043896
0.69669901
0.79287157
1.2976495
1.2973075
0.79701421
0.69619612
0.70039323
1.3127336
0.96113628
1.3127578
0.96112261
1.2254002
1.2253497
1.3127671
0.96096743
0.96109993
1.3126054
0.98818214
0.94321553
0.98831696
0.94305685
0.98257972
0.94124924
0.94126144
0.98252963
0.98814617
0.94282962
0.94300783
0.98802547
1.3067023
1.306943
0.98750332
0.94956845
0.98756626
0.94931031
1.007841
1.0080399
1.3066809
1.306447
0.98751207
0.94901894
0.94923135
0.98736908
0.85397718
0.96302233
0.85409322
0.96277387
0.85392111
0.96246038
0.96269603
0.85373015
1.8279052
1.8654433
1.9582418
1.9498548
1.8655927
1.8266301
0.9884814
0.94948303
0.98845831
0.94941534
1.307507
1.3074037
0.98851924
0.94933535
0.94939266
0.98851002
0.85530694
0.96273777
0.96282933
0.85525858
1.1941909
1.186598
1.9463538
1.9555858
1.8249612
1.863711
1.188409
1.1935409
1.9589729
1.9454135
1.8663227
1.8273319
0.69955183
0.69601223
0.79119788
1.297407
1.2961545
0.79542154
0.6950474
0.69895907
1.3124628
0.96091898
1.3126194
0.9607537
1.2253473
1.2252018
1.3124918
0.96072748
0.96072565
1.3124247
0.98792337
0.94278288
0.98800177
0.9426463
0.98249471
0.94121633
0.94116474
0.98255169
0.98792147
0.94261594
0.94262953
0.98794231
1.3062684
1.3064388
0.98726401
0.94911476
0.98736368
0.94893682
1.0075726
1.0075959
1.3062895
1.3062209
0.98728401
0.94808731
0.94892079
0.98727026
0.853608
0.96249289
0.85368842
0.96234407
0.85358775
0.96142728
0.9623211
0.85348464
1.8263546
1.8656553
1.9618809
1.9481725
1.8688476
1.8285777
0.98852248
0.94931699
0.98853674
0.94928099
1.3073146
1.3073138
0.98855842
0.94928349
0.94927354
0.98858092
0.85523495
0.96263371
0.96264171
0.85524352
1.1964392
1.190405
1.9700794
1.9644101
1.8375003
1.8726395
1.1977767
1.1934418
1.9472714
1.9558772
1.854583
1.8659245
0.7000784
0.69521004
0.79210978
1.3004358
1.2971988
0.79784486
0.69571175
0.70080067
1.3126093
0.96077184
1.3125034
0.96094353
1.2247405
1.2244172
1.3126933
0.96096331
0.96099859
1.3124754
0.9880977
0.9426431
0.98798096
0.94274369
0.98274881
0.94143802
0.94143999
0.98271743
0.98814463
0.94293602
0.94279939
0.98816312
1.3062903
1.3062754
0.98742174
0.94894911
0.98733246
0.94901197
1.0078627
1.0077117
1.3063599
1.3064001
0.9874928
0.94923937
0.94906442
0.98759895
0.85358679
0.96226113
0.85352004
0.962369
0.85360005
0.96255548
0.96241503
0.85361161
1.8375214
1.8730002
1.9489396
1.9564395
1.855359
1.8660166
1.2252706
1.2256126
0.98869034
0.94929552
0.9886297
0.94936311
1.3073956
1.3074412
0.98874324
0.94949472
0.94939109
0.98879989
0.85525702
0.96280406
0.96271669
0.85525828
1.1883284
1.1916181
1.9424657
1.9423914
1.8527495
1.8275086
1.1850573
1.1955302
2.0078462
1.9355465
1.9023766
1.8277609
0.69270999
0.70252789
0.78737386
1.2954908
1.2953751
0.79534088
0.69156065
0.70088968
1.3124691
0.96089443
1.312472
0.96067586
1.224717
1.2237731
1.3123979
0.96089503
0.9606939
1.3120961
0.98805115
0.94298278
0.98814063
0.94310024
0.98242594
0.9411995
0.94103829
0.98258844
0.98809518
0.94336719
0.9431719
0.98827069
1.3066609
1.3064986
0.98793422
0.94935332
0.98770666
0.94942853
1.0082993
1.0081034
1.3067407
1.3067798
0.98800983
0.94965236
0.9494905
0.9880633
0.85365486
0.96262657
0.85360905
0.9627212
0.85367976
0.96292479
0.9627791
0.85375359
1.8551274
1.8275283
2.0085376
1.934107
1.9018085
1.8267394
1.2251264
0.98905896
0.94953353
0.98887633
0.94966579
1.3076987
1.3077775
0.98912405
0.9498339
0.94970889
0.98917721
0.85529464
0.96310784
0.96298708
0.85534363
1.1839911
1.1907838
1.9337328
1.954525
1.8378201
1.8297469
1.1937457
1.1877203
1.9562461
1.9398335
1.8318014
1.8473197
0.69566877
0.69964595
0.79755919
1.2976076
1.2980296
0.79312414
0.70138878
0.69614084
1.3125672
0.96096595
1.3122183
0.96114517
1.2242092
1.2242469
1.3126222
0.96129432
0.96121833
1.3127067
0.98835138
0.94341957
0.98831509
0.94347479
0.98269385
0.94157819
0.9413741
0.98291099
0.98839555
0.94345998
0.94349282
0.98849939
1.3069574
1.306872
0.98820017
0.9497455
0.98813708
0.94970336
1.0084044
1.0084166
1.3069989
1.306911
0.988201
0.94973683
0.94970892
0.98798218
0.85394159
0.96298495
0.85378784
0.96299576
0.85397267
0.96302377
0.96300834
0.8546474
1.8346567
1.8266619
1.9570294
1.9409119
1.8318032
1.8487089
1.2246256
1.224205
1.2246566
1.2246518
0.98933779
0.94986958
0.98924354
0.94995107
1.3080024
1.3079973
0.98935246
0.94993106
0.94995977
0.98919406
0.85546632
0.96325205
0.96324238
0.85553694
1.1980573
1.1920998
1.951684
1.9988959
1.8289868
1.8959962
1.1859699
1.1909772
1.9505452
1.9553818
1.8249068
1.8295729
0.70426429
0.69269687
0.80130287
1.2960271
1.3009391
0.79520814
0.70326605
0.69825897
1.3127668
0.96129183
1.3128006
0.96118538
1.2251713
1.2252166
1.3127799
0.96105002
0.96115232
1.3127099
0.98853268
0.94343818
0.98852983
0.94330843
0.9830971
0.94154276
0.94163282
0.98316413
0.98854452
0.94318429
0.94327848
0.98856469
1.3068627
1.3069411
0.98769477
0.94971006
0.98793869
0.94957217
1.008246
1.0082731
1.3068959
1.3068628
0.98764268
0.94944998
0.9495438
0.98737855
0.8547454
0.96301466
0.85468139
0.96293914
0.85477774
0.96292144
0.96293348
0.85486103
1.8288765
1.8990883
1.9484037
1.9556754
1.823757
1.8286431
1.2255071
0.98897474
0.94990761
0.98916526
0.94982597
1.3080132
1.3080351
0.98893406
0.94973089
0.94979644
0.98868902
0.85564339
0.96322662
0.96321183
0.85574203
1.1865042
1.195285
1.9390243
1.9542195
1.8507008
1.8263823
1.2002416
1.1925151
1.9551027
1.9859194
1.8299324
1.8884212
0.69473528
0.69855535
0.79668938
1.3
1.30017
0.7923675
0.69969627
0.69490494
1.3124223
0.96102747
1.3126379
0.96088281
1.2249529
1.2257049
1.3124212
0.9605425
0.96082223
1.3124588
0.98852655
0.94318016
0.98859115
0.94313494
0.98294447
0.94057347
0.94107385
0.98255829
0.98847988
0.94313616
0.94313528
0.98826214
1.3069843
1.3069089
0.98713978
0.94944585
0.98731835
0.9494597
1.008603
1.0083756
1.3070974
1.3072933
0.9871483
0.94965487
0.9495027
0.987097
0.85494872
0.96294828
0.85489811
0.9630529
0.85495375
0.96337457
0.96312299
0.85490146
1.8501405
1.8267045
1.952799
1.9859974
1.8290477
1.8883768
1.225337
1.2255019
1.2254643
1.2262372
0.98845553
0.94971937
0.98862677
0.9497525
1.3082407
1.3084814
0.98846477
0.94993896
0.9497835
0.98842152
0.8558397
0.96367491
0.96342389
0.85581782
1.1900351
1.1878823
1.9449458
1.9269139
1.8314794
1.8271601
1.1876698
1.184904
1.9732866
1.9399291
1.8373736
1.8544305
0.6934286
0.69580439
0.79040871
1.2997507
1.2970077
0.81456136
0.69304588
0.71224294
1.3112761
0.96044038
1.3125318
0.95999823
1.2182313
1.2691011
1.309305
0.95619319
0.9597777
1.3164333
0.98809667
0.94317759
0.9882227
0.94332581
0.98208409
0.93784658
0.94009091
0.97871248
0.98798676
0.93652749
0.94322442
0.98432074
1.306388
1.3073727
0.9859632
0.94973087
0.98707344
0.94971198
1.0059901
1.0090588
1.3047879
1.2999497
0.98447836
0.94419574
0.94952828
0.98381916
0.85450505
0.96350324
0.85489892
0.96384781
0.85424515
0.95850655
0.96382574
0.8568681
1.8324952
1.8269008
1.9747471
1.9409419
1.8379864
1.855951
1.2239662
1.2265033
0.98729002
0.95000401
0.98839456
0.95012721
1.3059412
1.3010952
0.98580343
0.94555837
0.94997535
0.98514939
0.85577235
0.95985078
0.9642013
0.85859328
2.6934608
0.85748969
2.8487526
0.85861342
2.6776434
0.85810942
0.85808096
0.85836135
2.9193597
0.85898252
0.85978101
0.86053186
2.9863697
0.86125238
2.8804999
0.8621573
2.6901634
2.9766205
1.1838813
1.1919527
0.85530933
0.85664257
2.9635857
1.1837234
1.1943035
0.85889663
2.7007991
2.964234
1.1943154
1.1910094
0.8562439
0.85531161
1.1940443
1.1934988
0.85827885
2.6729599
2.962733
1.1933318
1.1902785
0.85502806
0.85434358
1.1932594
1.1930376
0.8581139
2.9572561
1.1900903
1.1898885
0.85407176
0.85367249
1.1929384
1.1929202
0.85827474
1.1898807
1.1899304
0.85359804
0.85345326
1.1929423
1.1931181
0.85876632
1.1900437
1.1901737
0.85349316
0.85340442
1.1932461
1.1935203
0.85953484
2.9284628
1.1902565
1.1902862
0.85338966
0.85311705
1.1936455
1.1938545
0.86032081
2.6246824
1.1903223
1.1904089
0.8529829
0.85270232
1.1939303
1.1941191
0.86097304
2.9801622
2.6135725
1.1931555
1.1909217
0.8527226
0.85273767
2.6200973
1.1942928
1.1947949
0.86191381
2.875194
2.690157
1.191078
1.1803596
0.85294449
0.8512418
1.1949597
1.1842833
0.86075407
1.026005
0.79135987
1.0260788
1.2890118
1.2659676
1.2553043
1.2618797
1.2963826
1.2616902
0.79178073
1.0377654
1.0216839
1.0512371
1.2418518
1.2479131
1.0463858
0.56302847
0.53772676
0.5264342
0.57278418
0.41560798
1.2129296
0.7922668
0.78891435
0.43558197
1.2061411
0.97400159
0.9823111
0.97400755
0.94018206
0.95139973
0.95359415
0.9533391
0.940242
0.95341492
0.98207868
0.97181427
0.97411438
1.0083084
0.83890066
0.82437191
0.83420058
1.008839
0.83488961
2.1846566
1.9618695
2.9714394
1.9343315
1.3547531
1.3039015
1.3536941
1.2977229
1.3542797
1.0194705
0.85598326
0.96234628
0.90530102
0.91207706
0.9635355
0.84714311
1.0172354
0.87554791
0.95179888
0.95093707
0.87628467
0.9738253
0.85779414
0.97728164
0.79589599
1.0294135
1.0293942
1.2639624
1.29832
1.2611435
0.79201946
1.0288028
1.0260002
1.263295
1.298723
1.2636008
1.0493128
1.2447325
1.0491504
1.244818
0.56734
0.52781356
0.5664258
0.52881756
0.30211576
1.2257141
0.78504768
0.303628
1.2258544
0.78547579
0.98257939
0.97416468
0.97409677
0.95331418
0.94063749
0.95342659
0.98253436
0.97393423
0.97403152
0.9536217
0.94076595
0.95354482
0.83531984
1.0088714
0.83540537
0.83545815
1.0087733
0.83545563
2.2065553
1.9386771
1.9792093
1.3081351
1.3541101
1.3082701
0.85556429
1.0183797
0.91165956
0.96346794
0.85556736
1.0187324
0.91148626
0.96337324
0.87562837
0.95063592
0.95075468
0.87553907
0.97636225
0.8585659
0.97618934
0.79708118
1.0298707
1.0296792
1.2613287
1.2981251
1.2607631
0.7929071
1.0268744
1.0261051
1.2633016
1.2982992
1.2632837
1.0496086
1.2442771
1.0490902
1.2446891
0.56853014
0.52998276
0.56826908
0.53029703
0.30235982
1.2253146
0.78642809
0.30277342
1.2253297
0.78646954
0.98264469
0.97425948
0.97429024
0.95385385
0.94124942
0.95385646
0.98268416
0.97432769
0.97432902
0.95382804
0.94126936
0.95385911
0.83536176
1.008253
0.83532342
0.83519433
1.0081919
0.83527275
2.2585693
1.9459754
2.9689195
2.1685605
1.9637769
1.3075864
1.3532636
1.3076764
1.3534802
0.85535998
1.0178613
0.91132232
0.96294442
0.85539276
1.0180141
0.91125445
0.96290135
0.8751344
0.94996483
0.95001922
0.87509727
0.97562038
0.85813314
0.97563961
0.79586259
1.0284477
1.0284441
1.2599375
1.2967424
1.2594911
0.79165694
1.0253742
1.0247695
1.2620837
1.2971437
1.2621611
1.0490651
1.243728
1.0485254
1.2441758
0.5685754
0.53009014
0.56840607
0.53032325
0.29735659
1.2253338
0.78652099
0.29777019
1.225385
0.78652424
0.98250036
0.97421738
0.97422759
0.9538116
0.94120171
0.95381631
0.98251396
0.97422941
0.97424651
0.95380172
0.94119587
0.95382528
0.83492811
1.0077156
0.8348973
0.8348086
1.0076766
0.83486369
2.2582021
1.9469786
2.2604587
2.9634783
2.169066
1.9632002
1.3073367
1.3529743
1.3530005
1.3074005
1.3530483
0.85523614
1.0176624
0.91116454
0.96268989
0.85524157
1.0177069
0.91113204
0.96266813
0.87491754
0.94968983
0.9497032
0.87490587
0.97579091
0.85814251
0.97586239
0.79733294
1.029531
1.0301532
1.2598945
1.2986691
1.2611015
0.79287139
1.0248892
1.0261973
1.2635884
1.2993988
1.2640603
1.0497822
1.2441988
1.0490273
1.2448865
0.56827764
0.53031257
0.56838752
0.53036228
0.30261313
1.2249657
0.7858723
0.30032418
1.2251162
0.78577681
0.98267586
0.97443382
0.97440484
0.9538895
0.94128739
0.95393879
0.98263655
0.97432049
0.9743801
0.95401663
0.94135076
0.95399486
0.83475683
1.0075988
0.8347835
0.83480772
1.0076395
0.83480676
2.2849719
1.9595756
2.3021416
1.9566192
1.3073613
1.3530216
1.3530112
1.307388
0.85525106
1.0177018
0.9111456
0.9626543
0.85524887
1.0176626
0.91120506
0.96266927
0.87495481
0.94971741
0.94969574
0.87498116
0.97635702
0.85846491
0.97647805
0.79327202
1.0224334
1.0272555
1.2637774
1.2999791
1.2651007
0.79879627
1.0307685
1.0316021
1.2580723
1.2979432
1.2619346
1.0500492
1.2473149
1.0523948
1.245835
0.56882677
0.531291
0.56911888
0.53080862
0.30360186
1.2248966
0.78499853
0.30521226
1.2247345
0.78484406
0.98245905
0.97403376
0.97410852
0.95392305
0.94121955
0.95380107
0.98255525
0.97433631
0.97423966
0.9535842
0.94111203
0.95368225
0.8349186
1.0079425
0.83492802
0.83493885
1.0079947
0.83494283
2.2464237
1.9438612
1.9714775
1.3076133
1.3532828
1.3075869
0.85527397
1.0178501
0.91135335
0.96287193
0.85526621
1.0177872
0.91145824
0.96290652
0.87525463
0.94996838
0.94992509
0.87530142
0.9773377
0.8591247
0.97751001
0.78718876
1.0251545
1.0210337
1.2605471
1.295611
1.2587075
0.79018011
1.0268348
1.0237315
1.2597769
1.2943401
1.2565414
1.0465474
1.2423481
1.0474285
1.2415331
0.56577737
0.52784671
0.56552352
0.5280669
0.31350556
1.2240326
0.78452223
0.31383565
1.2238606
0.78450541
0.98261252
0.97420267
0.97417876
0.95371209
0.94120994
0.95370839
0.98261895
0.97418596
0.97419792
0.95374635
0.94123822
0.95372062
0.83517
1.0083656
0.83520061
0.83522709
1.0083947
0.83522649
2.1931278
1.9939022
2.8689595
2.1691483
1.9541747
1.3079535
1.3536137
1.3079356
1.3534635
0.85541922
1.0180882
0.91163472
0.9631766
0.85539387
1.0180064
0.91169762
0.96320244
0.87558944
0.95029553
0.95025388
0.87561973
0.97854483
0.85992461
0.97871003
0.79813544
1.0344268
1.0309147
1.2589375
1.2979408
1.2607246
0.79236642
1.0238202
1.0259146
1.2672329
1.2999221
1.2644744
1.0503771
1.2429635
1.0480534
1.2448377
0.5674237
0.52834384
0.56627838
0.52963402
0.30816755
1.2247752
0.7853491
0.31112768
1.2245648
0.7855077
0.98304394
0.97477073
0.97473648
0.95418391
0.94161187
0.9542493
0.98301809
0.97462517
0.97470443
0.95433535
0.94163532
0.95431168
0.8352897
1.0083486
0.83528985
0.8352379
1.0083293
0.83527883
2.2327454
1.9340727
2.2622462
1.9441255
1.3080118
1.3537043
1.3537051
1.3080505
1.3536792
0.8555981
1.0182038
0.91168544
0.96323758
0.85557902
1.0181726
0.91163127
0.96322582
0.87572181
0.95055265
0.95051425
0.87573044
0.9796421
0.86066013
0.97978256
0.78997412
1.0254797
1.0240866
1.2617795
1.2956889
1.2594632
0.79144473
1.0280851
1.0249013
1.2606317
1.298329
1.2597178
1.0473056
1.2429277
1.0478614
1.2426562
0.56508885
0.52707467
0.56535232
0.52675855
0.30626303
1.2248077
0.78535151
0.30545801
1.2248722
0.78525586
0.98312498
0.97466884
0.97477923
0.9543561
0.94141287
0.95431419
0.98317789
0.97487691
0.9748663
0.95410383
0.94132773
0.95423849
0.83511461
1.0082718
0.83510671
0.83501606
1.0083056
0.83508318
2.206462
2.0078148
2.740028
1.9403463
1.3081116
1.3541432
1.3540356
1.3081108
0.85582345
1.0185485
0.91158706
0.96327683
0.85580152
1.0183692
0.91162933
0.96331409
0.8758792
0.95102781
0.95093915
0.87592796
0.9807198
0.86140732
0.98092008
0.78922298
1.0259523
1.0247026
1.2625419
1.2972648
1.2621969
0.79208767
1.0276445
1.0269581
1.2618665
1.2983112
1.2610337
1.050753
1.2466091
1.0506857
1.2469306
0.56137712
0.5254242
0.56336175
0.52352934
0.32436355
1.2254283
0.7830689
0.31231202
1.2260491
0.78279926
0.98228186
0.97371057
0.97376613
0.95327855
0.94024917
0.9531619
0.98236294
0.97393201
0.97384492
0.95305781
0.9401522
0.95310471
0.83451948
1.0088741
0.83435652
0.83395956
1.0090571
0.8341197
2.1815967
1.9830511
1.930445
1.3081879
1.3557242
1.3085203
0.85586452
1.0196551
0.91188631
0.96392825
0.85583228
1.0190862
0.91224687
0.96408089
0.87658405
0.95218055
0.95205333
0.87665438
0.98273223
0.86224754
0.98319117
1.1810706
1.1894439
2.1832136
1.9581389
2.286854
1.9314994
1.8312432
1.8590136
1.556395
1.5467943
1.8270371
1.859647
1.1954955
1.1982756
2.1690228
1.9769513
2.2219206
2.9097942
1.9432157
1.8425606
1.883988
1.5510629
1.5577809
1.8387697
1.8321215
1.2813663
0.69428868
1.2827199
0.59260692
0.57409039
0.57250293
0.69278995
1.2899766
1.2840267
1.0268648
0.79010691
1.0252395
1.3006728
1.2655931
1.2644073
1.2627009
1.2988504
1.2613968
0.79457009
1.0314381
1.0291211
1.2813963
0.69197186
1.280311
0.69610865
1.2819437
1.2813048
0.55004281
0.47873192
0.47640831
0.55300825
1.0504713
1.2462338
1.2467688
1.0503372
0.55091142
0.4784199
0.47776313
0.55153464
0.68304417
0.71225508
0.70728456
0.68892607
0.56171362
0.52516258
0.52394041
0.56310919
0.68357704
0.70947171
0.70816729
0.6848795
0.91759184
1.3080739
0.91752396
0.95869343
0.95248979
0.95254855
0.95231527
0.95961321
0.95243271
1.3048861
0.92270395
0.91795806
0.32757083
1.2255838
0.78344411
0.78314638
0.3157772
1.2261684
0.9187985
1.3125222
0.91930912
0.96050989
0.95215751
0.95233355
0.95246443
0.96038738
0.95242812
1.312876
0.91966008
0.91972268
0.97894153
0.98811909
0.97848359
0.94099341
0.98300276
0.98590389
0.98785891
0.94306859
0.98732363
0.98758966
0.9743046
0.97735236
0.97392803
0.98247067
0.97388672
0.94033807
0.95324211
0.95319316
0.95323382
0.94028597
0.95320519
0.98246233
0.97389242
0.97388175
0.9790271
0.98842791
0.97899247
0.94364058
0.98756857
0.9876872
0.98791737
0.94375139
0.98783252
0.98838801
0.97885442
0.97893468
1.354372
1.3032797
1.2971121
1.0112531
0.98315435
0.94834131
0.98685843
0.99014849
0.94952182
0.98006607
1.0099102
1.0093433
0.83521352
0.83507306
0.83473518
1.0095507
0.83486291
1.3552655
1.3074138
1.3077175
1.011897
0.98716363
0.95023335
0.99065681
0.99057927
0.95033382
0.98751185
1.0107
1.0183892
0.854748
0.96256317
0.90469085
0.91144199
0.96376159
0.84591425
1.0161785
1.2522274
1.2542215
1.0183801
0.85434699
0.96400409
0.91106376
0.91145283
0.96418878
0.85429364
1.0177764
1.2564984
1.2558925
1.3109898
0.87340017
0.94956748
0.94870165
0.87413151
0.81544227
0.81604593
1.2739754
1.1900802
1.2813951
0.87408857
0.94961343
0.87418853
0.94945596
0.81573771
0.81568826
1.1942574
1.2825956
1.2833251
0.97161097
0.85573228
0.97515412
0.85681602
0.97487844
0.97541316
1.8327479
1.861712
1.8270366
1.8610129
2.1746457
1.9812514
1.9353009
1.8439627
1.8870551
1.5577061
1.8347729
1.8376352
1.0511504
1.2420892
1.2480118
1.0464757
0.54936826
0.47807924
0.47557671
0.55253779
1.0505324
1.2468597
1.2470176
1.0508177
0.5502461
0.47776425
0.4768841
0.55117716
0.56220197
0.53649342
0.52517381
0.572015
0.68254055
0.71201403
0.70700628
0.68846136
0.56131109
0.52475752
0.52320033
0.56299441
0.68332901
0.70952826
0.70809502
0.68480472
0.41866389
1.2129705
0.79222705
0.78900747
0.43668885
1.2064511
0.32920789
0.78354821
0.78319176
0.31737761
1.2264706
1.0107415
0.98387305
0.94803801
0.9864171
0.98973416
0.94921382
0.98077101
1.0093622
1.3556624
1.3080692
1.3083825
1.3550904
1.0113816
0.98793011
0.94999713
0.99039971
0.99016264
0.95004883
0.98828453
1.0114258
1.2535637
1.3112545
1.3100386
1.2555633
1.0194718
0.8556378
0.96382984
0.9117475
0.91209632
0.96397727
0.85560071
1.018896
1.2578492
1.2572379
1.3121175
0.81793362
0.81852939
1.2755903
1.1923071
1.2834751
0.87626356
0.95183839
0.87635306
0.95168285
0.81822565
0.81818113
1.1966273
1.2846918
1.2854171
0.85900512
0.9773014
0.97777715
1.1976678
1.1908866
2.2522129
1.9461324
2.2642115
2.1775011
1.9723484
1.8299849
1.8342372
1.8778948
1.8654886
1.190349
1.1977287
2.1606788
1.9556832
2.17627
2.6631154
1.950869
1.8711072
1.8656836
1.5519503
1.5727134
1.8280204
1.8338606
0.6976939
1.2808952
1.2807852
0.56462908
0.69392296
1.280947
1.2799572
0.56555641
1.0263653
0.79387002
1.0272028
1.2994485
1.2643979
1.2646572
1.2611631
1.2989869
1.2618151
0.79869999
1.0310563
1.0312516
1.2801283
0.69638519
1.2805721
0.56814029
0.56561257
0.70121776
1.2821287
1.2820875
0.5518571
0.47881699
0.5516414
0.47908657
1.0496941
1.2456473
1.2449743
1.050596
0.55282963
0.48079904
0.48011918
0.55366542
0.68881786
0.7126632
0.68808042
0.71339708
0.56803227
0.53018051
0.52976179
0.56857955
0.68947501
0.71434802
0.71426788
0.68976226
1.312696
0.92008423
0.92002368
0.95202711
0.9607124
0.95190139
1.3127891
0.91983843
0.92001671
0.95172937
0.96078071
0.95182385
0.30173632
1.2254543
0.78631478
0.78618235
0.30251918
1.2253246
0.92036821
1.3126908
0.92057053
0.96104796
0.95170618
0.95171934
0.95172363
0.96098641
0.9517354
1.3127075
0.92084768
0.92083566
0.98832775
0.97876604
0.97878208
0.98748961
0.94342473
0.9874224
0.98832746
0.97882003
0.97880467
0.98733222
0.94339296
0.98739256
0.97423965
0.98270718
0.9742931
0.9411552
0.95386333
0.9538381
0.95371276
0.94108176
0.95379336
0.98273833
0.97435089
0.97435077
0.97877219
0.9883627
0.97876707
0.94328521
0.98718316
0.98723261
0.98730865
0.94331666
0.98728702
0.98837403
0.9787243
0.9787666
1.3074411
1.3536214
1.3075883
0.9875839
1.0099604
0.99067936
0.95001017
0.98761582
1.0116556
0.99035985
0.94991613
1.0084633
0.83540745
0.83544409
0.83546972
1.0085352
0.83547408
1.3534525
1.3071654
1.3071197
1.3530269
1.0098058
0.98756948
0.94966236
0.99016271
0.99030672
0.94971943
0.98758772
1.0094362
0.85421094
1.0172474
0.91096947
0.96362262
0.85422332
1.0176044
0.91075571
0.96351107
1.2564585
1.256337
1.017167
0.85419728
0.96315466
0.9111673
0.91070339
0.96323835
0.85417195
1.016984
1.2561293
1.2562259
1.3088566
0.87339816
0.94833967
0.94846325
0.87329111
0.81571843
0.81574958
1.282059
1.1941999
1.2817801
0.87310368
0.94821934
0.87319129
0.94809765
0.8156677
0.81559733
1.1936541
1.2804758
1.2811274
0.97375439
0.85607638
0.97346573
0.8555246
0.97246253
0.97269243
1.8368824
1.8287672
1.8852384
1.8471669
1.5470828
2.1674557
1.9572741
1.9551133
1.8721597
1.864659
1.8301777
1.834665
1.0491994
1.2450481
1.0493526
1.2448499
0.55131265
0.47824433
0.55130374
0.47834937
1.0497129
1.245742
1.2451715
1.0504683
0.55230743
0.4800677
0.47940928
0.55306523
0.56691625
0.52779635
0.56617166
0.52848867
0.68881549
0.71285186
0.68812531
0.71356755
0.56764244
0.52920595
0.52897527
0.56781725
0.68962581
0.7144475
0.71439825
0.68969723
0.30323693
1.2261249
0.78527433
0.30491299
1.2262204
0.78569605
0.30272578
0.78654082
0.78639189
0.30345527
1.2257609
0.98839971
1.0107486
0.99036169
0.94979389
0.98842341
1.0112566
0.99019957
0.94972922
1.3539514
1.3078773
1.3078403
1.3535698
1.0106056
0.98841657
0.94954258
0.99003016
0.99014812
0.94957879
0.98844707
1.0102733
1.257865
1.3104309
1.257761
1.01829
0.85551765
0.96309111
0.91134852
0.91144479
0.96314844
0.85548956
1.0180728
1.2575826
1.2576636
1.3100949
0.81827737
0.81828989
1.2837154
1.1939289
1.2834306
0.87539291
0.95051598
0.87546036
0.95040472
0.81823417
0.81817615
1.1961449
1.2826806
1.2833149
0.85840588
0.97574995
0.97584654
1.1969837
1.1893202
2.2566198
1.9454208
2.2678454
2.9646469
2.166476
1.9636038
1.8273997
1.832712
1.872356
1.8660613
1.188642
1.1957617
2.1667136
1.9638475
2.1662077
1.945647
1.8651352
1.8715362
1.5501443
1.5686822
1.827141
1.8324839
0.69997594
1.2814377
1.2813429
0.56469715
0.69588094
1.2807111
1.280291
0.56613124
1.0258841
0.79231942
1.0254261
1.2979176
1.262918
1.2628809
1.2603704
1.2973991
1.2600898
0.79673356
1.0294358
1.0292588
1.2801724
0.6957218
1.2799422
0.56344211
0.7000122
1.2811815
1.2811055
0.55321977
0.48046485
0.55294496
0.48060892
1.0488001
1.2445251
1.2439951
1.0494522
0.55270111
0.48049629
0.4802589
0.553094
0.6896778
0.71435678
0.68959076
0.7144572
0.56878863
0.53048832
0.53036587
0.56891494
0.69025975
0.71503047
0.7148974
0.69039555
1.3127703
0.9213411
0.92136566
0.95173515
0.96115218
0.95174151
1.3128154
0.92112884
0.92137166
0.95167026
0.96116034
0.95174099
0.3002439
1.2254034
0.78653742
0.78650952
0.29972577
1.2253606
0.92148528
1.3127382
0.92151373
0.96102441
0.95141423
0.9515088
0.95164226
0.96107367
0.95159926
1.3127048
0.92138713
0.92157949
0.98823844
0.97855635
0.97861708
0.98714545
0.94317062
0.98709352
0.98829045
0.97870138
0.97867232
0.98697684
0.94312839
0.98705804
0.97425038
0.98255711
0.97424157
0.94125831
0.95382867
0.95382903
0.95382549
0.94126818
0.95383344
0.98255401
0.97424773
0.97426143
0.97851387
0.98810543
0.97846302
0.94289436
0.98672073
0.98679067
0.98692466
0.94295919
0.98687271
0.98808153
0.97835566
0.9784248
1.3068123
1.3526406
1.306923
0.98754777
1.0090305
0.99018195
0.94953601
0.98758184
1.0104649
0.98988152
0.94946448
1.0079052
0.8349788
0.83503431
0.83514273
1.0079795
0.83509801
1.3525672
1.3066185
1.306589
1.3523272
1.0089296
0.98748141
0.94909867
0.98869174
0.98980144
0.94917671
0.98746368
1.0086945
0.85402623
1.0175657
0.91113119
0.96296869
0.8540706
1.0169135
0.91096373
0.96289515
1.2556922
1.2556128
1.0175067
0.85386283
0.96254486
0.91074439
0.91091008
0.96263321
0.85377975
1.0164589
1.2554819
1.2555425
1.3079877
0.87273385
0.94752064
0.94759315
0.87266778
0.81512095
0.81519357
1.2805288
1.1932747
1.2804102
0.87254618
0.94744655
0.87260331
0.94736804
0.81504902
0.81497379
1.1928808
1.2795438
1.2801063
0.97198249
0.85491878
0.97182604
0.85452522
0.97117461
0.9713461
1.8273097
1.8338933
1.8720357
1.8678115
1.5509339
2.1690089
1.9631778
2.675167
1.9454909
1.8670753
1.8710787
1.8266683
1.8331842
1.049872
1.2446465
1.049251
1.2451395
0.55304065
0.48002385
0.55263338
0.48029299
1.048917
1.244788
1.2443225
1.0494824
0.55245491
0.48007097
0.47989422
0.55276797
0.56837669
0.52941619
0.56806663
0.52984209
0.69015869
0.71470779
0.68995781
0.71489795
0.56860557
0.53003689
0.5298489
0.56847675
0.69067325
0.71561483
0.71546297
0.6908121
0.3027526
1.2258276
0.7867708
0.30329481
0.78684149
0.30052996
1.2259551
0.78694957
0.78691798
0.30009814
0.98849238
1.0099948
0.98999739
0.9494587
0.98850434
1.0101908
0.98991312
0.94943369
1.3532189
1.3074739
1.307477
1.3530814
1.0099401
0.98852841
0.94935245
0.98981145
0.9898853
0.94937079
0.98855347
1.0097995
1.2572495
1.2571954
1.0178195
0.85528641
0.96276624
0.91117974
0.91123375
0.96279445
0.85526982
1.0177271
1.2571168
1.2571503
1.3093998
0.81784206
0.81787979
1.2823353
1.193216
1.2822245
0.87503658
0.94990458
0.87506441
0.94984951
0.81779446
0.81774821
1.1956256
1.281962
1.2824969
0.85818278
0.97571275
0.97571059
1.1947475
1.1875761
2.2577577
1.9456056
2.2619715
2.9615935
1.9630979
1.8266369
1.8323914
1.5686176
1.8707415
1.8654702
1.1870133
1.1939676
2.1708183
1.9621263
2.1685143
1.9460103
1.8668322
1.8688881
1.5524621
1.5688846
1.8256247
1.8354464
0.69944448
1.280621
1.2806345
0.56230257
0.69538348
1.2798526
1.2795605
0.56377634
1.0243467
0.7909982
1.0242398
1.2968539
1.2621752
1.2619492
1.2590905
1.2962576
1.2590771
0.79540286
1.0282223
1.0281285
1.2792885
0.69484129
1.2792333
0.56146346
0.69902466
1.2805456
1.2804685
0.55265979
0.47997088
0.55242053
0.48008348
1.0482075
1.2440159
1.2434568
1.0488651
0.55187424
0.47965271
0.47946234
0.5521966
0.69067771
0.71534134
0.69059832
0.71543746
0.56885862
0.53041659
0.53022708
0.56870087
0.69071166
0.71513823
0.71546371
0.69047223
1.3125231
0.92127836
0.92139671
0.95136541
0.9608625
0.95130737
1.3126128
0.92146848
0.92153649
0.95117539
0.9608194
0.95126412
0.2967349
1.2253179
0.7862603
0.78636874
0.29717782
1.2252449
0.92136476
1.3124783
0.921375
0.96071396
0.9511031
0.95111006
0.95115274
0.96071827
0.95114123
1.3124769
0.92132462
0.92145999
0.9879526
0.97820764
0.97824621
0.98667364
0.9427338
0.98662353
0.98798528
0.97831968
0.97829042
0.98654427
0.94269913
0.98660117
0.97422775
0.98250306
0.97423827
0.94118644
0.95386644
0.95383732
0.95380655
0.9411761
0.95382448
0.98253455
0.97429933
0.97428135
0.97819877
0.98792065
0.97819177
0.94261564
0.98650084
0.98650244
0.98652899
0.94262531
0.98652547
0.98794362
0.97820156
0.97820752
1.3063466
1.3521255
1.3064345
0.98730665
1.0084456
0.98964387
0.94911474
0.98735437
1.0097539
0.98945006
0.94906218
1.0075701
0.83475426
0.83476115
0.83478878
1.0075857
0.83478139
1.3521085
1.3062788
1.3063051
1.352063
1.0084131
0.98728616
0.94891854
0.98850248
0.98943554
0.94897901
0.98731296
1.0083978
0.85362926
1.0163057
0.9107403
0.9624797
0.85365582
1.0164141
0.91063472
0.96243228
1.2552294
1.3076605
1.3076901
1.255197
1.016275
0.85356708
0.96224448
0.90988377
0.9106151
0.96232817
0.85351925
1.0161519
1.2551666
1.2551743
1.3076284
0.87230971
0.94704258
0.94707145
0.87227751
0.81465109
0.81468303
1.2793344
1.1925629
1.2797568
0.87223644
0.94701628
0.87225124
0.94698878
0.81461835
0.81457954
1.1899273
1.2791582
1.2791617
0.97079472
0.85406698
0.97070967
0.85377444
0.97023614
0.97034841
1.827059
1.8337861
1.8700548
1.8668294
1.5503215
2.1707645
1.9626028
1.9488254
1.8688733
1.8689918
1.8272235
1.8361309
1.0494513
1.2441864
1.0487596
1.2447557
0.55269534
0.47973107
0.55228281
0.48000453
1.0489106
1.2448417
1.2443014
1.0495541
0.55226994
0.4798942
0.47971797
0.55258087
0.56874379
0.53003602
0.56850133
0.53038831
0.69119356
0.71596461
0.69108507
0.71607696
0.56878133
0.53060241
0.53046731
0.56884965
0.69131461
0.71606106
0.71615901
0.69127121
0.29885692
0.78694825
0.29889193
0.78695892
0.29899896
0.78674932
0.78682069
0.29942364
0.98854157
1.0096762
0.98978674
0.94930208
0.98856663
1.0097606
0.9897333
0.94928716
1.3529731
1.3073136
1.3073505
1.3529582
1.0096598
0.98857202
0.94927432
0.98972735
0.98972281
0.94927039
0.98860759
1.0096481
1.2569636
1.2569421
1.0176539
0.85523668
0.96263175
0.91113413
0.91112652
0.96263231
0.85523915
1.0176531
1.2569318
1.2569304
1.3092048
0.81762031
0.81761995
1.281852
1.1929365
1.2818051
0.87490073
0.94966966
0.87490005
0.94965391
0.81761071
0.81760131
1.1954665
1.2817595
1.282244
0.85830537
0.97613862
0.97608958
1.1969942
1.1903722
2.2868363
1.961639
2.9886208
1.9546484
1.8326657
1.8372128
1.5726659
1.863706
1.8716112
1.5540494
1.1877807
1.1963295
2.1484165
1.9578533
2.1707074
2.1914123
1.9262581
1.85855
1.8702039
1.5713755
1.5656878
1.8260384
1.8692188
0.70073351
1.2816579
1.2816548
0.56382722
0.69642667
1.2796598
1.2802398
0.56631355
1.0255102
0.79296802
1.0261928
1.2971536
1.2635246
1.262191
1.2603231
1.298309
1.2609474
0.79631927
1.0298671
1.0286371
1.2804981
0.69592109
1.2805622
0.56548053
0.69886966
1.2827151
1.2815613
0.55243777
0.47959203
0.55209537
0.47983105
1.0495161
1.2453388
1.2443379
1.0510029
0.55264833
0.48115912
0.4802079
0.55398358
0.68947185
0.71438828
0.68981494
0.71403011
0.56734036
0.5300635
0.52966324
0.56761272
0.68854483
0.71330539
0.71320766
0.6886834
1.3125854
0.92177538
0.92174089
0.95117019
0.96082577
0.95125525
1.3125813
0.9215038
0.92171556
0.95141926
0.9608996
0.95136586
0.30891726
1.2246028
0.78542892
0.78550651
0.30962949
1.2244635
0.92196108
1.3126828
0.92198088
0.96101785
0.95132268
0.95144958
0.95149751
0.96103403
0.9515244
1.3126274
0.92162911
0.92196496
0.98806526
0.97835159
0.97831704
0.9865303
0.94267272
0.98656113
0.98803068
0.978237
0.97828378
0.98664306
0.94271851
0.98662104
0.97447051
0.98276444
0.97448477
0.94147585
0.95403
0.95407597
0.95405574
0.94147923
0.95408664
0.98276942
0.97443849
0.97449729
0.97840563
0.98817163
0.97844523
0.94289971
0.98680113
0.98677596
0.98669908
0.94285816
0.9867546
0.98819554
0.978484
0.97848727
1.3063109
1.3521356
1.3521182
1.3063361
0.98740514
1.0084771
0.98949144
0.94904528
0.98738848
1.0095339
0.98951012
0.94906599
1.0078133
0.83491563
0.83490075
0.83484126
1.0077694
0.83488404
1.3521737
1.3063894
1.3064483
1.3522446
1.0085183
0.98753765
0.94923744
0.98974851
0.9895651
0.9491908
0.98760144
1.0086765
0.85357528
1.0163105
0.91053916
0.96235898
0.85356069
1.0162109
0.91068664
0.96238647
1.2551832
1.3076518
1.3076352
1.2551985
1.0163338
0.85363299
0.96253201
0.9108579
0.91072647
0.9624942
0.85363269
1.0164119
1.2552522
1.2552181
1.3077135
0.87226639
0.94697697
0.94695493
0.87229052
0.81453998
0.8145304
1.2791263
1.1924065
1.2796079
0.87235504
0.94699907
0.8723186
0.94701674
0.81454539
0.81454225
1.1899231
1.2792205
1.2791756
0.97005263
0.8536455
0.97002575
0.85350822
0.96978523
0.9698487
1.8316393
1.8376825
1.8653374
1.8720716
1.553452
2.1493447
1.9580838
2.1727783
1.9272308
1.8592447
1.8702897
1.5711308
1.8261859
1.8695475
1.0497924
1.2445235
1.0491325
1.2451324
0.55214731
0.47935401
0.55193375
0.47946055
1.0496876
1.2458561
1.2447812
1.0512404
0.55236737
0.48078321
0.47981169
0.55373908
0.56818814
0.53016674
0.56838402
0.53003077
0.69021904
0.71527558
0.69054709
0.71494479
0.56727182
0.52977253
0.52939502
0.56752394
0.68924819
0.7141597
0.71406826
0.6894012
0.30371676
1.2254107
0.78632777
0.3017848
0.78620176
0.30996969
0.78573093
0.78581836
0.31075251
0.98868691
1.009717
0.98973777
0.94931386
0.98868591
1.0096575
0.98980064
0.94933394
1.3530501
1.3074117
1.3074602
1.3530911
1.0097424
0.98876804
0.94945687
0.98993519
0.98982816
0.94942187
0.98881163
1.0098385
1.2569664
1.2569776
1.0177177
0.85525759
0.96277363
0.91132106
0.91123134
0.96274236
0.85525675
1.0177682
1.2570167
1.2569914
1.3092743
0.81766013
0.81763406
1.2817908
1.1929805
1.2817878
0.87504963
0.94973109
0.87501284
0.94974732
0.81767364
0.81768654
1.1956279
1.2819008
1.2823479
0.85875377
0.97694169
0.97684064
1.1897213
1.190547
2.2507636
1.9444155
1.9697646
1.8288026
1.8588323
1.5518977
1.8363921
1.8360624
1.5653687
1.1807166
1.1881738
2.164581
1.9423863
2.2410884
1.9398529
1.8883808
1.8485908
1.5517956
1.5785082
1.8212972
1.8386354
0.69819888
1.2788869
1.2817274
0.70284064
1.2835044
1.2835832
0.56049868
1.0214482
0.79026373
1.0232696
1.2932608
1.2608749
1.2593351
1.2572062
1.2940134
1.2578619
0.79377559
1.0273815
1.0258672
1.2775078
0.69496587
1.2787177
0.55956625
0.69911046
1.2814408
1.2805313
0.55058965
0.4797735
0.55303777
0.47772952
1.0483865
1.2447059
1.2433045
1.050108
0.55042596
0.4784528
0.47732102
0.55186047
0.68982567
0.71423464
0.6897733
0.71431143
0.56706391
0.52864312
0.52900118
0.56652001
0.68906599
0.71322071
0.71372426
0.68853214
1.3125277
0.9212403
0.92141679
0.95122422
0.96080479
0.95112158
1.3125325
0.92158316
0.92159037
0.95094677
0.96073482
0.95104611
0.30610883
1.2243725
0.78465638
0.78467712
0.30892444
1.2240139
0.92123967
1.3122548
0.92116953
0.96082454
0.95104845
0.95099548
0.95094086
0.96075572
0.95096926
1.3121717
0.92110089
0.92122555
0.98806472
0.97852521
0.97850762
0.98683959
0.94301894
0.98686654
0.98810943
0.97849937
0.97851061
0.98694373
0.94306627
0.98691893
0.97403889
0.9824751
0.97408027
0.94115168
0.95371989
0.95368345
0.95358186
0.94109435
0.953633
0.98255011
0.97418839
0.97415924
0.97858646
0.98815456
0.9786524
0.94331398
0.98719247
0.9871412
0.98701409
0.94325071
0.98709224
0.98823473
0.9787721
0.97873273
1.3066461
1.3524749
1.3524292
1.3066126
1.3522994
0.9878865
1.0089646
0.98988392
0.94942797
0.98781555
1.009876
0.98996324
0.94946647
1.0082408
0.83513829
0.83509413
0.83498036
1.0081804
0.83504822
1.3525188
1.3067715
1.3068292
1.3526059
1.0090243
0.98804507
0.94966302
0.99020564
0.99003266
0.94962034
0.98809049
1.0091734
0.85363383
1.0165206
0.91091938
0.96268393
0.85361783
1.0164332
0.91103168
0.96272358
1.2554924
1.3079421
1.3078974
1.2555393
1.0165553
0.85372599
0.96290481
0.9112073
0.91107957
0.96286556
0.85372591
1.0166793
1.2556026
1.2555703
1.308014
0.87257598
0.94720007
0.94715595
0.87262041
0.81468596
0.81465261
1.2793164
1.1926035
1.2798325
0.87270457
0.94723893
0.87266169
0.9472694
0.81470897
0.81472021
1.1901655
1.2795084
1.2794578
0.96969124
0.85356752
0.9696826
0.85346432
0.96942665
0.9695102
1.8290075
1.8602553
1.8365593
1.8358452
1.5655008
2.1657797
1.9428421
2.2101863
1.9398354
1.8879643
1.8485835
1.5505165
1.8208793
1.8385417
1.0500012
1.2475869
1.0524099
1.2460289
0.55041801
0.4794293
0.55284469
0.47738707
1.0484674
1.2449726
1.2436069
1.0501246
0.55013298
0.47794059
0.47687157
0.55149821
0.56867556
0.53075739
0.56895713
0.53018812
0.69039506
0.71498111
0.6903736
0.71502869
0.56726652
0.52832308
0.5288166
0.56671428
0.68940674
0.71364352
0.71415564
0.68886048
0.30468077
1.2252644
0.78532341
0.30640676
0.78514304
0.3063392
0.78482977
0.78485635
0.30888015
1.2244553
0.98902342
1.0100763
0.98997933
0.94957635
0.98897404
1.0098888
0.99013488
0.94961834
1.3533211
1.307725
1.3077839
1.0101263
0.98915157
0.94979385
0.99031725
0.99018266
0.94975143
0.98919347
1.0102559
1.2572153
1.3094735
1.3094352
1.2572564
1.0178765
0.85530669
0.96306975
0.91160425
0.91149563
0.96302702
0.85532229
1.0179725
1.2573151
1.257283
1.3095223
0.81789038
0.81784126
1.2820404
1.1933145
1.2820694
0.87539733
0.95000062
0.87534893
0.9500333
0.81792322
0.81795401
1.1960252
1.2822603
1.2826961
0.85950236
0.97811626
0.97798706
1.1918985
1.1939941
2.1932211
1.995517
1.9514516
1.8941404
1.8482721
1.5488307
1.8569764
1.8337487
1.5607247
1.1874007
1.1871597
2.2115502
1.9359037
2.9119707
2.2517217
1.9495135
1.8351544
1.8256792
1.8286067
1.8566489
0.69098578
1.2795068
1.2772972
0.55998467
0.69468409
1.2808787
1.2787493
1.0301174
0.79943281
1.0313092
1.29757
1.2608842
1.2630295
1.2634507
1.2982788
1.2641573
0.79736923
1.0263357
1.029689
1.2817403
0.70272096
1.282002
0.5625102
0.56702325
0.70075998
1.2796002
1.281325
0.54917205
0.47720862
0.54987195
0.47673931
1.0517742
1.2454154
1.2460174
1.0509203
0.55327521
0.47973541
0.47980242
0.55295189
0.68731137
0.71203948
0.68730542
0.71201885
0.56641215
0.52796002
0.52870035
0.56580986
0.68754436
0.71204813
0.71208535
0.68740023
1.3125162
0.9216525
0.92165653
0.95116273
0.96102429
0.95128035
1.3124056
0.92132681
0.92160112
0.95147244
0.9610945
0.95140933
0.31279271
1.2242006
0.78480727
0.78467754
0.31347521
1.2242038
0.92177257
1.3126352
0.92178246
0.9612954
0.95163721
0.95164052
0.95156673
0.96127684
0.95163213
1.3127018
0.92169297
0.92186788
0.98834266
0.97887087
0.97886541
0.98724751
0.94344959
0.98727913
0.98834252
0.97882354
0.97885941
0.98731826
0.94347678
0.98732132
0.97428436
0.98276683
0.97437836
0.94153178
0.95413206
0.95405048
0.95384206
0.94146974
0.95395793
0.98285374
0.97456926
0.9744959
0.9788998
0.98843671
0.97891667
0.94348697
0.98732046
0.98733978
0.98734314
0.94350282
0.98736106
0.98848832
0.97891877
0.97893782
1.3069757
1.3527824
1.352765
1.3069697
1.3526656
0.98821718
1.0093296
0.99031993
0.94979054
0.98820156
1.0103545
0.99028441
0.94979014
1.0084173
0.8352973
0.83529725
0.83525273
1.0084298
0.83528876
1.3527911
1.3069911
1.3070103
1.3527718
1.0093352
0.98815379
0.94977364
0.99034199
0.99029777
0.94977823
0.98810367
1.0104537
0.85389987
1.0176531
0.91124803
0.96302326
0.85383211
1.0167141
0.91125433
0.96303564
1.2557412
1.308183
1.2557586
1.0176819
0.85399959
0.96304503
0.91122462
0.91125681
0.96304591
0.85461024
1.0177315
1.2557586
1.2557567
0.87285806
0.94744132
0.94740943
0.87287263
0.81489192
0.81486131
1.2795909
1.192802
1.2800957
0.87288651
0.94746451
0.87288009
0.94747744
0.81490958
0.81491364
1.1902994
1.2797127
1.2796766
0.96923694
0.85343514
0.96918987
0.85321907
0.9687028
0.96884699
1.892482
1.8461621
1.5470134
1.8593311
1.8326603
2.2113253
1.9351558
1.9473557
1.8351065
1.8248999
1.5648486
1.5498065
1.8275516
1.8576975
1.0464863
1.2425496
1.0473272
1.2417711
0.54872396
0.47661816
0.54939002
0.47618772
1.0520008
1.2459957
1.2465165
1.0512404
0.55309799
0.47952239
0.47951657
0.55285889
0.56555886
0.52738388
0.56564045
0.52756938
0.68747215
0.71238204
0.68750974
0.71232532
0.56640994
0.52786372
0.52844928
0.565976
0.68779838
0.71246924
0.71251716
0.68767966
0.31342376
1.2245085
0.78470649
0.31354921
1.2243386
0.78473129
0.31383804
0.78517975
0.78506052
0.31486293
1.2246098
0.98934172
1.010451
0.99035889
0.94990321
0.98932199
1.0103058
0.99046607
0.94992887
1.353635
1.3080063
1.3536487
1.3080416
1.3536687
1.0104697
0.98932073
0.94994852
0.99045438
0.99047974
0.94995838
0.98929431
1.010451
1.2574812
1.3097013
1.3096733
1.2575078
1.0181093
0.85548909
0.96325544
0.91169886
0.91170722
0.96325065
0.85551276
1.0181596
1.2575334
1.2575172
1.309728
0.81823376
0.81817811
1.2824122
1.1937057
1.2824384
0.87567032
0.95032232
0.8756463
0.95034697
0.81826929
0.81830013
1.1963788
1.2825981
1.2830437
0.86029558
0.97929053
0.97917347
1.1955065
1.192372
2.2341676
1.9364857
1.945658
1.825406
1.8337982
1.578816
1.8558081
1.8842587
1.1990101
1.2007591
2.1531359
1.9473639
2.9297296
1.9821351
1.8305598
1.8593084
1.5496964
1.884492
1.8331152
0.70075494
1.2834542
1.2823244
0.56373152
0.69496027
1.2782499
1.2797373
1.0334787
0.79613138
1.0293892
1.2988778
1.2616835
1.2612249
1.2663887
1.3015163
1.2638734
0.79301355
1.0281223
1.0265047
1.2830452
0.69839778
1.2814173
0.56595434
0.56755148
0.69567785
1.2805463
1.280218
0.55275088
0.47885373
0.55118677
0.47995862
1.0492977
1.2431218
1.2437056
1.0485077
0.55268623
0.47918666
0.48000479
0.55175468
0.68895422
0.71317627
0.68828212
0.71378595
0.56836538
0.52969378
0.53045385
0.56771225
0.68974851
0.71387542
0.71443541
0.68918523
1.3128293
0.92131804
0.92158857
0.95166813
0.96127089
0.95167385
1.3128687
0.92177326
0.92181457
0.95157884
0.96124843
0.95166555
0.3013174
1.2253002
0.78561717
0.7856862
0.30134867
1.2253292
0.92124945
1.3127933
0.92114517
0.96108637
0.95148895
0.95152013
0.95155528
0.96112719
0.9515509
1.3128234
0.92078871
0.92112198
0.98854473
0.97884529
0.97888056
0.98731144
0.94340108
0.98728661
0.98855234
0.97892
0.97891388
0.98722934
0.94336771
0.98727885
0.97481925
0.98312061
0.97484914
0.9415826
0.95439104
0.95440065
0.95437861
0.94162355
0.95440719
0.98315333
0.97489128
0.9748906
0.97883532
0.98854973
0.97882005
0.94321415
0.98716109
0.98717436
0.98721633
0.94325257
0.98720825
0.98857077
0.97879877
0.97882113
1.3069182
1.3527588
1.3527717
1.3069733
0.98779706
1.0103656
0.99031889
0.94966925
0.98789608
1.0104431
0.99020621
0.94963433
1.0082449
0.83513986
0.83516839
0.83521924
1.0082649
0.8352022
1.352769
1.3068987
1.306943
1.0103694
0.9875681
0.94948236
0.9900645
0.99018312
0.94952024
0.98751413
1.0103586
0.8547287
1.0177472
0.91120571
0.962993
0.85471227
1.0177474
0.91110473
0.96297902
1.2557562
1.2557636
1.0177708
0.85480665
0.96292379
0.91102825
0.91108486
0.96293466
0.85484347
1.0178548
1.2558086
1.2557786
0.87286419
0.94757107
0.94753955
0.87285717
0.81502763
0.81500057
1.2802686
1.1928572
1.2802853
0.87285425
0.94760088
0.87285145
0.9476284
0.81505305
0.81507763
1.1929111
1.2799841
1.2804013
0.96837194
0.85300061
0.96828883
0.85281972
0.96781536
0.96794324
1.8233905
1.8336599
1.8548518
1.8867072
2.1535296
1.9500851
1.9832447
1.8306237
1.8613179
1.5485611
1.550087
1.8845438
1.8323919
1.0505716
1.2435104
1.0483394
1.2453095
0.55250794
0.47856843
0.55104657
0.47957443
1.0494201
1.2436209
1.244109
1.0487361
0.55238328
0.47882606
0.47955217
0.55156763
0.56793604
0.52861688
0.56678775
0.52994737
0.68917174
0.71335472
0.68845723
0.7139936
0.56896692
0.52991886
0.53075355
0.56832452
0.69013136
0.71455673
0.71484959
0.68977565
0.30927408
1.2252646
0.78562233
0.31251564
1.2250123
0.78576492
0.3020636
0.78592951
0.78594546
0.30219419
1.2258281
0.98906173
1.0104229
0.99043177
0.94988255
0.98914303
1.0104392
0.99035861
0.94985257
1.353724
1.3080229
1.3080732
1.3538143
1.0104212
0.98886777
0.94974785
0.99026485
0.99033208
0.94976961
0.98881879
1.0104461
1.2576037
1.3098656
1.3098302
1.2576247
1.0182201
0.85567278
0.96321555
0.91158566
0.91161356
0.96320885
0.85570641
1.0183194
1.2576832
1.3099029
1.2576484
0.81853743
0.81848575
1.2827266
1.1939775
1.2827526
0.87575673
0.9505826
0.87574116
0.9506169
0.81857349
0.81861025
1.1940966
1.2830122
1.2834233
0.86092613
0.98027981
0.98016419
1.1916044
1.2013052
2.2046864
2.007347
2.1544802
1.9408675
1.9046007
1.8599901
1.5499384
1.8484141
1.8321853
1.1935226
1.1923773
2.3001551
1.9797518
2.271962
2.9553765
1.9311438
1.8358122
1.8416697
1.578082
1.5552948
1.8286566
1.8801865
0.69314277
1.2799356
1.2786337
0.56195915
0.69504333
1.2804216
1.2791879
1.0304509
0.79948765
1.0329512
1.300009
1.2623432
1.2642732
1.2646781
1.3016994
1.266805
0.7959127
1.0268759
1.0297768
1.2820807
0.70159981
1.2825808
0.69824303
1.2808604
1.2817235
0.55026314
0.47808114
0.55082932
0.47771949
1.0524597
1.2472281
1.2474127
1.0521088
0.55267666
0.47917405
0.47926168
0.5526014
0.68691019
0.71211974
0.68726633
0.7117317
0.56612934
0.52801258
0.52817085
0.56596704
0.68706415
0.71133057
0.7115948
0.68686863
1.3124851
0.92003712
0.92030616
0.95150213
0.96099004
0.95151321
1.3125714
0.92068325
0.92057954
0.95154909
0.96095467
0.9515539
0.30460373
1.2251556
0.78452591
0.78484391
0.30406037
1.2254231
0.9199283
1.3124161
0.91973867
0.96064686
0.95171687
0.95166119
0.95159321
0.96074781
0.95163667
1.3124691
0.91931899
0.91964459
0.98857699
0.97877018
0.97880291
0.9871772
0.94316967
0.98718534
0.98860609
0.97881365
0.97882484
0.98719291
0.94316564
0.98721131
0.97454763
0.9828189
0.97439465
0.94074706
0.95345026
0.95362802
0.95396952
0.94092579
0.95381427
0.98269637
0.97408299
0.97425262
0.9787516
0.98841028
0.97871702
0.94313158
0.9872286
0.9872151
0.98720836
0.94313945
0.98722511
0.98834896
0.97864477
0.97869292
1.3069715
1.353159
1.3069741
0.98719846
1.0105868
0.99005663
0.94944286
0.98727529
1.0103945
0.99007467
0.94945891
1.0085069
0.8346741
0.83479885
0.83496394
1.0084426
0.83490156
1.3533094
1.3071817
1.3073036
1.0107248
0.9871431
0.94960243
0.99021637
0.99011871
0.9495573
0.98716147
1.0111818
0.8549453
1.0180704
0.9110334
0.96297635
0.85493111
1.0179101
0.91106316
0.96302298
1.2559938
1.256062
1.018153
0.85494292
0.96328254
0.9112473
0.91109897
0.96320565
0.85493165
1.0184602
1.2562489
1.2561448
1.309299
0.8729451
0.94797852
0.94788865
0.87298771
0.81527985
0.81524805
1.2807202
1.193249
1.2808396
0.87310927
0.94807101
0.87304033
0.94816644
0.81529757
0.81529392
1.1933549
1.281109
1.2813506
0.96766938
0.85272969
0.96764942
0.85275686
0.96781862
0.96772766
1.9055096
1.8601901
1.8488142
1.832924
1.5676719
2.3001559
1.9788152
1.9303182
1.8360238
1.8410434
1.5549656
1.8278782
1.8804501
1.0476766
1.2435425
1.0481923
1.2432986
0.55010352
0.47775498
0.5506511
0.4773778
1.0527598
1.247713
1.2479592
1.052328
0.55249416
0.47876394
0.47889902
0.55233797
0.56545166
0.5271709
0.5658421
0.52674405
0.68751626
0.71281741
0.68786778
0.71244791
0.56646515
0.52784272
0.52788823
0.56636354
0.68750686
0.7117704
0.71207662
0.68728247
0.30721619
1.2252982
0.78573927
0.30651995
1.2253531
0.78563331
0.30518365
0.78473913
0.78508016
0.3045391
1.2259495
0.98851283
1.0106838
0.99024713
0.94971948
0.98858798
1.0104684
0.99026909
0.949728
1.354295
1.3083265
1.3084521
1.3549261
1.0108066
0.98846129
0.94987795
0.99043259
0.99029985
0.94982515
0.98848179
1.0112869
1.2578854
1.3105271
1.310379
1.2579578
1.01862
0.85583519
0.96357787
0.91180274
0.91165604
0.96349253
0.85582593
1.0189294
1.2581453
1.2580408
1.3109109
0.81888194
0.8188356
1.2833016
1.1943832
1.2834145
0.8760608
0.95111287
0.87598785
0.95120847
0.81890094
0.8189007
1.1972418
1.2842052
1.284444
0.86185621
0.98182089
0.98159559
1.1887966
1.1967698
2.18042
1.9811396
2.2385436
2.2056413
1.9306176
1.8836351
1.8393239
1.8259876
1.8416899
1.1825112
1.1907124
2.1852963
1.9607968
2.2972815
2.9684566
1.9327955
1.8346384
1.8607558
1.5573113
1.549189
1.8281625
1.8605136
0.69193572
1.2812747
1.2803431
0.56918148
0.69493529
1.281116
1.2810236
0.56877831
1.026041
0.79087331
1.0259894
1.2898547
1.2662068
1.2557434
1.2623671
1.2971076
1.2619827
0.79140389
1.0376337
1.0217101
1.2813727
0.69405706
1.2827502
0.59288294
0.57248257
0.69274251
1.290092
1.284193
0.55040229
0.47763591
0.55085552
0.47709571
1.0508251
1.2414188
1.2474321
1.0459954
0.54943983
0.4781431
0.47585209
0.55238077
0.6828211
0.70890908
0.6843536
0.70750541
0.56060103
0.53417032
0.52353114
0.56979082
0.6815002
0.71122599
0.70621511
0.68734519
1.3121434
0.9182151
0.91879672
0.95183776
0.96032034
0.95196402
1.3125257
0.91928233
0.91923509
0.95207401
0.96017526
0.95204256
0.4164378
1.2123646
0.79207425
0.78884521
0.43503616
1.2059351
0.91726566
1.3077432
0.91728864
0.95847235
0.95227318
0.95233706
0.95201732
0.95942064
0.9521993
1.3047309
0.92270413
0.91784706
0.98816337
0.97861552
0.97865281
0.98728286
0.94322992
0.98734732
0.98819915
0.97864339
0.978656
0.98747457
0.94330402
0.98744662
0.97371053
0.98182699
0.97360609
0.93989908
0.95088566
0.95318247
0.95310998
0.94002333
0.95309505
0.98150088
0.97120548
0.9736094
0.97849016
0.98760558
0.97795505
0.94040404
0.98238572
0.98532639
0.98739419
0.94251624
0.98680124
0.9869696
0.9736327
0.97673974
1.3070388
1.3547296
1.3073737
0.98661714
1.0100919
0.9902561
0.94979319
0.98698313
1.0113533
0.98986048
0.94982509
1.0077355
0.83806706
0.82351295
0.83341342
1.0082834
0.83407314
1.3538239
1.3028492
1.2966709
1.3533398
1.0094455
0.98256818
0.947669
0.98521583
0.98941727
0.94889518
0.97947704
1.0081453
0.85434643
1.0191675
0.91134254
0.96363852
0.85489792
1.0186271
0.91167523
0.96378291
1.2561978
1.2555827
1.0191743
0.85467414
0.96203345
0.90413899
0.91166132
0.96330045
0.84574536
1.0159372
1.2518966
1.2538953
1.30863
0.87363582
0.94911395
0.9489816
0.87370549
0.81504921
0.81503394
1.2820108
1.1933449
1.2827019
0.87285244
0.94904649
0.87361295
0.94815975
0.81472028
0.81529455
1.1889398
1.272758
1.2806763
0.9686344
0.85304047
0.96913126
0.8517278
0.96474418
0.96845939
1.8853501
1.8398568
1.8260639
1.8419895
1.5540394
2.1862469
1.961368
1.9333679
1.8348623
1.8603998
1.8281906
1.8618699
1.0510986
1.247151
1.0509863
1.2475125
0.55021578
0.47726411
0.55064472
0.47674646
1.0510803
1.2420009
1.2479403
1.0463503
0.54923569
0.47788082
0.47551316
0.55227564
0.5613525
0.52501247
0.56333136
0.52316029
0.68322105
0.70934815
0.68476252
0.70795081
0.56032042
0.53419391
0.52337489
0.56967417
0.68185817
0.71168574
0.70667252
0.68769007
0.32445547
1.2259786
0.78330364
0.31247119
1.2265917
0.78305115
0.41692752
0.79243511
0.78919438
0.43529038
1.2064815
0.98793894
1.0114009
0.99046273
0.9500741
0.98830795
1.0114449
0.99023673
0.95013104
1.3548201
1.3040027
1.2978235
1.3543292
1.0107679
0.98389691
0.94826234
0.98658654
0.98982051
0.94937143
0.98081051
1.0094495
1.2580802
1.3124148
1.2574584
1.0196585
0.85622297
0.9625688
0.9055278
0.91224137
0.96370707
0.84739872
1.017462
1.2537584
1.2557622
1.3102461
0.81868719
0.81866634
1.2851346
1.1947115
1.2853304
0.87580703
0.95210168
0.87656442
0.95121456
0.81835761
0.8189235
1.192891
1.2759033
1.2838052
0.86107011
0.97940715
0.9828009
1.8882542
0.86454277
2.0548907
0.8680861
1.8926753
0.86672198
1.8881071
2.677423
0.86631754
1.8739723
2.6613929
0.86639122
2.1600875
0.8668966
2.1319872
2.9339822
0.86760906
1.7001466
2.6256805
0.86823351
2.1750673
0.86891357
2.099077
0.87046144
1.8890407
2.1459231
0.85385938
0.85863738
0.86208583
0.86576978
2.1153078
0.85657117
0.86140899
0.86835252
1.9351906
2.1539044
0.85877108
0.85796586
0.86563045
0.86384331
2.1665221
2.9702165
0.86134598
0.86104733
0.86683479
1.8833068
2.1526041
0.85811691
0.85740633
0.86382807
0.86269827
2.1651835
2.9684985
0.86102366
0.86106386
0.86635547
1.8807801
2.6731394
2.1575554
0.85735665
0.85711736
0.86260133
0.86211742
2.1623657
2.9620917
0.86105847
0.86123752
0.86637275
1.8491915
2.6583243
1.7849861
2.6422343
0.85712577
0.85720968
0.862098
0.86203385
1.7889465
2.6478106
0.86126139
0.86168096
0.86682947
2.1474379
2.913724
2.0173067
2.8637858
0.85725627
0.85737707
0.86206195
0.86211883
2.0300359
2.8705408
0.86173956
0.86225316
0.86753741
2.1198028
2.0172017
2.7617792
0.85739272
0.85717776
0.86213328
0.86200509
2.0224602
2.7618879
0.86229685
0.86256879
0.86817707
1.6928173
2.1737671
2.965587
0.85713794
0.85686713
0.86199244
0.86205786
2.1770335
2.971447
0.86256594
0.86256391
0.86880329
2.1711743
1.722782
0.85702946
0.85671383
0.86224307
0.86293371
1.7357067
0.86256436
0.86282975
0.87023019
2.0877768
1.8877525
0.85672722
0.85159032
0.86314407
0.85907005
1.8873266
2.6914584
0.86284573
0.85783085
0.86653508
0.80451176
1.0754967
1.0738394
0.81156301
0.59614871
0.51478808
0.48303945
0.61668617
0.71195411
0.69951515
2.1642554
0.78912375
1.2991199
1.2953428
0.81419058
0.98290588
0.9386779
0.94077731
0.9797887
1.0068408
1.0098954
1.607835
0.86829849
1.6818871
0.80213634
1.0677146
0.80304446
1.0663591
0.60426945
0.48633669
0.60187614
0.48900339
0.70669992
0.70861137
2.163048
2.964525
0.79424434
1.2982733
0.79339113
1.2957023
0.98316368
0.94112254
0.98303912
0.94143115
1.0093955
1.009103
1.6860845
0.86766127
1.68559
0.80297717
1.0666092
0.80273459
1.0669991
0.60481215
0.49043399
0.6048621
0.49042974
0.70902769
0.70933011
2.1625236
0.7963133
1.2978382
0.7922408
1.2977139
1.2258738
1.2257863
0.98312408
0.94176007
0.98319123
0.94180186
1.0088215
1.0086845
1.6855974
0.8667675
1.685719
0.80222658
1.066315
0.8020448
1.0665691
0.60539465
0.49088051
0.60525622
0.49052122
0.70996235
0.7102244
2.161586
0.79496438
1.2960142
0.79066499
1.2965912
1.2258125
1.2259462
0.98317961
0.9418109
0.98310129
0.94183745
1.008488
1.0084201
1.6857004
0.86655484
1.685761
0.80205593
1.0655876
0.80134729
1.0664509
0.60434578
0.49103173
0.60488158
0.49053428
0.70956863
0.70848691
2.1882349
2.9955886
0.79489284
1.2970632
0.79048668
1.2980022
0.98335962
0.9418838
0.98328187
0.94195338
1.0084008
1.0084646
1.6858955
0.86679746
1.6861042
0.79879671
1.0685411
0.8064005
1.0641292
0.60471011
0.49227116
0.60470603
0.48944065
0.70840678
0.70864166
2.0021882
2.718974
0.78612103
1.2976435
0.79734108
1.2943721
1.2253024
1.224896
0.98303942
0.94188748
0.98327897
0.94156777
1.0086397
1.0087487
1.6866357
0.86742565
1.6872379
0.80037282
1.0669541
0.80253586
1.0649537
0.60221625
0.4881212
0.60220646
0.48832642
0.70697939
0.70680838
2.1108322
0.7898772
1.2935444
0.79238892
1.2946981
0.98331082
0.94171223
0.98320617
0.94187515
1.0090266
1.0091299
1.6884646
0.86812406
1.6894032
0.80597118
1.0626807
0.79985089
1.0685667
0.60421525
0.487811
0.60175871
0.49052315
0.70752661
0.70893501
2.0681928
2.9130804
0.80031695
1.2962898
0.78912944
1.3003432
1.224799
0.98384842
0.94231809
0.98374318
0.94235005
1.0091891
1.009144
1.6916284
0.86870165
1.6930358
0.80017854
1.0664059
0.80230674
1.064606
0.60154391
0.48751187
0.60232663
0.48663576
0.70803777
0.70704577
2.0399422
0.79028418
1.2957437
0.7939091
1.2972426
0.98383091
0.94220119
0.9839536
0.94190888
1.0091431
1.0092282
1.6955936
0.86960431
1.6971438
0.8034799
1.0674358
0.80287569
1.0702871
0.59559219
0.48696691
0.60088664
0.48160296
0.70524153
0.70070697
2.1297348
2.9201174
0.78892842
1.2967212
0.79139699
1.2961117
0.98302071
0.94106844
0.98322142
0.94081065
1.0096174
1.0100557
1.6996156
0.87088529
1.6997415
2.1632359
2.9669665
2.1228337
0.81610055
0.58809448
0.7753369
0.78462249
0.56922427
0.57051401
0.78275938
0.65203572
0.48374623
0.45897136
0.66186846
0.8038761
1.0690564
1.0707545
0.80392701
0.65209141
0.46087684
0.45883189
0.65274011
0.63492641
0.76408211
0.75064081
0.65163123
0.59672285
0.48575672
0.48290757
0.60050822
0.63556499
0.75565538
0.75155374
0.63951487
0.70568018
0.70105846
0.85658161
0.85806926
1.6101779
0.86572846
1.6833375
2.6563715
2.8159373
0.86626041
1.6865481
1.6871655
2.8241568
2.8235158
1.1862731
1.5572323
1.1817809
1.5472244
2.1217266
2.9010621
1.1882591
1.5528705
1.1885316
0.69185312
0.7118405
0.81805752
0.5864793
0.7783905
0.78935144
1.2989187
1.296918
0.79583009
0.69201607
0.69814443
0.78666663
0.78598336
0.80386969
1.0755577
1.0733521
0.81154186
0.65124665
0.48275558
0.45768729
0.66167625
0.80321418
1.0693549
1.0702007
0.80437512
0.6512854
0.46064543
0.45764057
0.65291467
0.59529125
0.51361422
0.4817647
0.61589028
0.63422122
0.76406102
0.75054169
0.6509942
0.59598847
0.48565596
0.48182029
0.60038315
0.63497025
0.7558746
0.75150523
0.63934078
1.3101714
0.95694751
0.96052226
1.3169054
0.71196273
0.69941887
1.3122132
0.96119339
0.96077834
1.3133558
0.70586384
0.70101334
0.98882257
0.93744604
0.94408609
0.98540848
0.98294768
0.94102547
0.94078105
0.98301562
0.98889939
0.94398513
0.94419423
0.9888552
1.0095508
1.0100093
0.85938631
0.86089766
2.6523977
2.8139479
0.86887147
1.6863114
1.6859265
2.8234903
2.8216369
2.1520334
2.9646513
1.5725385
1.5520604
1.8503451
0.78722695
0.56688361
0.56565898
0.78777324
0.78511851
0.5681036
0.56461621
0.78892233
0.65171912
0.46114144
0.6521883
0.46317682
0.80190022
1.0673386
1.0658794
0.80373819
0.65167504
0.46506423
0.46348547
0.65344268
0.64294531
0.75671585
0.64065239
0.7587315
0.60416383
0.49066977
0.48877383
0.60496438
0.64316286
0.75901257
0.75895368
0.64338612
0.70902551
0.7088535
0.85855764
0.85845355
1.6857792
0.86489218
1.6839512
2.823221
2.8213168
0.86463957
1.6817087
1.683292
2.8182141
2.82039
1.1916122
1.5607329
1.1835928
1.8657388
2.6784288
1.1879653
1.5518782
1.1962485
1.5730936
0.69721508
0.69597043
0.78839745
0.56454798
0.5628164
0.78919244
0.79148627
1.2981911
1.2980382
0.79676014
0.69447234
0.69981432
0.78778381
0.79079514
0.80225951
1.0684564
0.80364072
1.066923
0.65150112
0.46101552
0.65243241
0.46229918
0.80198639
1.0671227
1.0661471
0.80331277
0.65148668
0.46393502
0.46244311
0.65291221
0.60363796
0.48642824
0.60156647
0.4881587
0.6427057
0.75698799
0.64050307
0.75899406
0.60408536
0.48960975
0.48827812
0.60440962
0.64294698
0.75925756
0.75918581
0.64324354
1.3132392
0.96127654
1.3133514
0.96142793
0.70694951
0.70888652
1.2260069
1.2257382
1.3132826
0.96166684
0.96149451
1.3132747
0.709334
0.70910879
0.98885788
0.94393617
0.98885704
0.94382542
0.98320154
0.94174743
0.94153514
0.98322432
0.98887149
0.94375928
0.94381434
0.98883947
1.0088866
1.0090492
0.86147403
0.86149095
2.823299
2.8225431
0.86753496
1.6855393
1.6855304
2.8229844
2.8227323
2.1576341
1.5701024
1.5504478
1.8760582
2.6778744
0.78689973
0.56563609
0.56611095
0.78513745
0.78470565
0.56520169
0.56394291
0.78680802
0.65268439
0.46489718
0.652592
0.46507313
0.80221796
1.0670087
1.066363
0.80286715
0.6520519
0.46529938
0.46484292
0.6525413
0.64370906
0.7589672
0.6433549
0.75919838
0.6051167
0.49120273
0.49068967
0.6053774
0.64383048
0.75974091
0.75933491
0.6441325
0.70985414
0.70946855
0.85804473
0.85796804
1.6812137
0.86348966
1.6800471
2.8176157
2.8159695
0.86334523
1.6789099
1.6796866
2.8148431
2.8156667
1.1952817
1.5707862
1.1870782
1.8962368
1.1855062
1.5498125
1.1937934
1.5694547
0.69969734
0.69553016
0.78934267
0.56354875
0.78712388
0.79164119
1.2966196
1.2969788
0.79526337
0.69532778
0.69906121
0.78709091
0.56209662
0.56124628
0.78885317
0.80304844
1.0665157
0.80244281
1.0671819
0.65266197
0.46376244
0.65219275
0.46462109
0.80223394
1.0669574
1.0665199
0.80260482
0.65198172
0.46480346
0.46434313
0.65222567
0.6050578
0.48958582
0.60447688
0.49046709
0.6438896
0.75931462
0.64331751
0.75975174
0.60512224
0.49077949
0.49039341
0.60502596
0.64401483
0.76036463
0.75992264
0.64415961
1.3133599
0.96170971
1.3133689
0.96171154
0.70943155
0.70989386
1.2259489
1.2259209
1.3134033
0.96161015
0.96169766
1.3132842
0.71044272
0.71005185
0.98872372
0.94374314
0.98882294
0.94365074
0.98311185
0.94182873
0.94181635
0.98310323
0.98870379
0.94354194
0.94362843
0.98864473
1.0085367
1.0086541
0.86135635
0.86142136
2.8230219
2.8232016
0.86676743
1.6856783
1.6856914
2.8227915
2.8230681
2.1550628
1.5498259
1.8757869
2.6716256
0.78647842
0.562932
0.78501708
0.78569614
0.563767
0.56155424
0.78696118
0.65187137
0.46495175
0.65184466
0.46500819
0.80137259
1.0661328
1.0658079
0.8018233
0.65113545
0.46502587
0.46459839
0.65142665
0.64427307
0.75986607
0.64411539
0.76016207
0.60537766
0.49065682
0.49033132
0.60509594
0.64428903
0.75948209
0.76018455
0.64405187
0.70978911
0.71024304
0.85760529
0.85750749
1.6786684
0.86264957
1.678165
2.8146991
2.8139489
0.86252417
1.6776729
1.6779453
2.8131902
2.8135675
1.1924545
1.5686027
1.1857206
1.8801781
2.671276
1.1874269
1.5525246
1.1930051
1.5697652
0.69897039
0.6947338
0.78878286
0.78672296
0.79043939
1.2973021
1.2961303
0.7947974
0.69463324
0.69867305
0.78741804
0.56203468
0.55993172
0.78856733
0.8025742
1.0663222
0.80185537
1.0669748
0.6521606
0.46453354
0.65160204
0.46506655
0.80185354
1.0665768
1.0662935
0.80226834
0.651563
0.46503721
0.46477997
0.65181221
0.60534362
0.49060499
0.60503115
0.49068699
0.6444998
0.76048152
0.64420577
0.7607472
0.60532538
0.49076831
0.4905476
0.60531659
0.64452224
0.7604058
0.76076132
0.6444373
1.3131601
0.96158625
1.313309
0.96149768
0.71053973
0.7107252
1.2258135
1.2256235
1.3131847
0.96146462
0.96148488
1.3130765
0.71039464
0.7107192
0.98866292
0.94352546
0.98864918
0.9434714
0.98321163
0.94189396
0.94185826
0.98327768
0.98868272
0.94347852
0.94347277
0.98871598
1.0084095
1.0084201
0.8614391
0.86152305
2.8226262
2.8226437
0.86661363
1.6858455
1.6857795
2.8228928
2.8228423
2.1751191
1.9677132
2.7220935
0.78736681
0.56258713
0.7856456
0.78495634
0.5702331
0.56476646
0.78782806
0.65149526
0.46482924
0.65103389
0.46505125
0.80147865
1.0673807
1.0656513
0.80591945
0.65106148
0.4665344
0.46470082
0.65504404
0.64283306
0.7592287
0.6438333
0.75821003
0.60392085
0.49205578
0.49015668
0.60417518
0.64241898
0.75796437
0.75788096
0.64288176
0.70824469
0.70837557
0.85751879
0.85746831
1.6776022
0.86233882
1.6775495
2.8132672
2.8130533
0.86227431
1.6775635
1.6775197
2.813332
2.813169
1.1950054
1.57242
1.1882437
1.9795109
2.7291846
1.1961352
1.1915031
1.565304
0.69889187
0.69452142
0.78937409
0.56303234
0.78817017
0.7904775
1.2998036
1.2962612
0.79636653
0.69459079
0.69968955
0.7870874
0.56144945
0.79024198
0.80186773
1.0658849
0.80154905
1.0664481
0.65123685
0.46459925
0.65117895
0.4645525
0.80133534
1.0676995
1.0657142
0.8059229
0.65083598
0.46596823
0.46417069
0.65494781
0.60446127
0.49045261
0.60511945
0.49011583
0.64330074
0.76013126
0.64420858
0.75908753
0.60370098
0.4910247
0.48974092
0.6046019
0.6428617
0.75882904
0.75876112
0.64335984
1.3131836
0.96148153
1.3131388
0.96156087
0.71016588
0.70923912
1.2251586
1.2247948
1.3132531
0.96153226
0.96159636
1.3130127
0.70875934
0.70893169
0.98880966
0.94349819
0.98874165
0.94356266
0.98339075
0.94199279
0.94199674
0.98336524
0.98884451
0.94370475
0.94360433
0.98884888
1.0086216
1.0085107
0.86174016
0.86185975
2.822777
2.823072
0.86691217
1.6864243
1.6861301
2.8232962
2.823038
1.9776111
2.7194325
1.6830002
2.6215626
0.78291027
0.57173182
0.79001924
0.78515216
0.56482159
0.5574434
0.79212114
0.64801583
0.46650305
0.65510582
0.46253676
0.79868034
1.067086
1.0627601
0.8036213
0.64813405
0.46325401
0.46207605
0.65239543
0.64355312
0.75826936
0.64338738
0.75889066
0.60429558
0.48847438
0.48883121
0.60268407
0.64317679
0.75733793
0.7586862
0.6415273
0.70731963
0.7084825
0.85772287
0.85767848
1.6774991
0.86240492
1.6774759
2.8131969
2.812925
0.86235811
1.6772296
1.6774423
2.8129616
2.8131485
1.1862229
1.5510605
1.1898253
1.6960868
2.6270746
1.1820024
1.1927828
1.5772705
0.69162025
0.70130157
0.78519728
0.79268592
0.785601
1.2940353
1.2941264
0.79349323
0.69039697
0.69954806
0.78786513
0.79476487
0.79870391
1.0687701
0.80635425
1.0641681
0.64793812
0.46587884
0.65500618
0.46208272
0.79861144
1.0670323
1.0627727
0.80335151
0.64802537
0.46264574
0.46161304
0.65206154
0.60484498
0.49131086
0.60511378
0.48945006
0.64380036
0.75911994
0.6438236
0.75933499
0.6044479
0.48795772
0.48887277
0.60277334
0.64342465
0.75776793
0.7591027
0.64174289
1.3129901
0.96145825
1.313008
0.96120791
0.70892708
0.7090092
1.224241
1.3129152
0.96138242
0.96120971
1.3126001
0.70768806
0.70881374
0.9887075
0.94373852
0.98882206
0.94381989
0.98304697
0.9417083
0.94156849
0.98319083
0.98873862
0.94406211
0.94388022
0.98889618
1.0089954
1.0088175
0.86229987
0.86243449
2.8236139
2.8245295
0.86757044
1.6881102
1.687373
2.8254388
2.8245381
2.0985245
2.8566589
2.0636156
1.5651952
1.5511594
0.78530973
0.56396177
0.56208477
0.78894209
0.7913859
0.56645878
0.7865749
0.6493618
0.46278939
0.65125368
0.46236263
0.80292509
1.0633095
1.0661561
0.80104222
0.65181262
0.46229154
0.46315278
0.65084142
0.6410361
0.75694317
0.64106278
0.75645899
0.60251534
0.48784703
0.48882304
0.6016528
0.64128352
0.75700439
0.756544
0.64074861
0.70720817
0.70689643
0.85773445
0.85764067
1.6770454
0.86240882
1.6766334
2.8126913
2.8126091
0.86233354
1.6753236
1.6763366
2.8106777
2.8123178
1.180751
1.1873747
1.5582724
2.0746439
2.9154665
1.1918143
1.1847839
0.69455806
0.69826008
0.78796347
0.55990748
0.79108428
0.7958875
1.2968987
1.2967148
0.79194551
0.70026417
0.69548964
0.79321214
0.55987605
0.78871119
0.80022307
1.0669315
0.80222213
1.0651659
0.64910266
0.46211462
0.65086984
0.46182175
0.80285506
1.0637406
1.0663805
0.80122234
0.65164664
0.46218068
0.46271452
0.65091796
0.60244236
0.48760804
0.60231267
0.48778465
0.64117103
0.75736037
0.64123951
0.75714892
0.60272134
0.48765824
0.48837964
0.60215157
0.64140702
0.75725267
0.75721903
0.64105389
1.3131252
0.96146176
1.3127264
0.96172936
0.70735851
0.70728106
1.3131978
0.96202863
0.96184459
1.313326
0.70746901
0.70738194
0.98904459
0.94411772
0.98894616
0.94421405
0.9834081
0.94230232
0.94201247
0.9836932
0.98911671
0.94428445
0.94425267
0.98928971
1.009211
1.0091748
0.86277903
0.86287752
2.8259473
2.8267195
0.86825665
1.6911407
1.6897547
2.8294455
2.827218
2.0533564
2.9029467
1.5527295
2.1280728
1.55102
0.79262178
0.56037694
0.5716566
0.78278171
0.78593699
0.57071168
0.78336437
0.65452711
0.46198747
0.64968947
0.46491877
0.80543581
1.0666481
1.0683002
0.8026224
0.65418341
0.46265848
0.46486041
0.65151779
0.64310811
0.75738037
0.6410039
0.75904746
0.60457459
0.48847006
0.49068252
0.60314737
0.64331977
0.75821523
0.75931175
0.64209134
0.70851957
0.70920189
0.85737132
0.85731256
1.6749552
0.86225242
1.6739643
2.8103706
2.8093225
0.86224107
1.6724993
1.6735475
2.8072638
2.8088779
1.1962946
1.5791695
1.1891535
1.5514062
2.1424329
2.9346802
1.1838279
1.1882571
0.70288915
0.69204058
0.79447025
0.55769754
0.78504254
0.79920174
1.2951993
1.2994245
0.79400322
0.70181487
0.69760932
0.78767829
0.56357051
0.78562868
0.80579884
1.0630679
0.79997925
1.0686781
0.65428347
0.46186856
0.64972878
0.4648284
0.80525467
1.0670819
1.0684156
0.80274447
0.65392418
0.46252095
0.4647442
0.65155763
0.60495077
0.48780071
0.60238424
0.49100302
0.64350343
0.75757977
0.64128168
0.75928733
0.60535113
0.48875569
0.49114919
0.60392004
0.64388506
0.75899409
0.75960243
0.64268542
1.3134333
0.96204509
1.3134335
0.96195005
0.70773587
0.70916267
1.2257101
1.2257075
1.3134503
0.96181423
0.96191572
1.3133513
0.70901782
0.70945685
0.98934649
0.94427894
0.98933216
0.9441854
0.98387994
0.94227127
0.94235876
0.98394828
0.98935905
0.94409839
0.94416471
0.98939089
1.0091397
1.009147
0.86289501
0.86289156
2.8299415
2.8315656
0.86877778
1.6950649
1.6935018
2.8345489
2.8322124
2.019918
2.738812
1.5680304
2.1590822
0.78617686
0.56500183
0.56361164
0.78979584
0.78797272
0.56805595
0.56841604
0.78720003
0.6497119
0.46197197
0.65134939
0.4613502
0.80242558
1.0664289
1.0660997
0.80299815
0.65147452
0.46221303
0.46219278
0.65204679
0.64040961
0.75764448
0.6413248
0.75660339
0.60191013
0.48789335
0.48747472
0.60182708
0.64060379
0.75598613
0.75679241
0.64021156
0.70602875
0.70695581
0.85703925
0.85701987
1.6722084
0.86256925
1.6716896
2.8070091
2.8060521
0.86268363
1.6719854
1.6715827
2.8063158
2.8058802
1.1850443
1.5498901
1.1938192
2.1610875
2.959817
1.198024
1.5774189
1.1909733
0.69418075
0.69784512
0.78795584
0.56270517
0.56167383
0.79142162
0.7955621
1.2988685
1.2996273
0.79056316
0.69900804
0.69360501
0.7901263
0.78894462
0.80041285
1.0668439
0.80241063
1.0651482
0.64979477
0.46184816
0.65135465
0.46107206
0.8026407
1.0666285
1.0665629
0.80293072
0.65155496
0.46168166
0.46198928
0.65188353
0.60215001
0.48782524
0.60309721
0.48646038
0.64093926
0.75843946
0.64190866
0.75742198
0.60251851
0.48699858
0.48767151
0.60207511
0.64115422
0.7563678
0.75732058
0.64056108
1.3130631
0.96178881
1.3132774
0.96161827
0.70856059
0.70757034
1.313061
0.96123584
0.96154563
1.3130956
0.70636164
0.70740446
0.98936204
0.94409949
0.98942172
0.94406068
0.98373155
0.94125395
0.94177803
0.98333785
0.98931185
0.94405915
0.94405996
0.98908832
1.0095078
1.0092888
0.86294118
0.86303714
2.8350999
2.8372102
0.86984034
1.6990864
1.6976218
2.8394078
2.8378649
2.128336
2.914521
1.5568334
1.5544503
2.1597835
0.78604625
0.56897159
0.57035987
0.78226137
0.81554294
0.58822128
0.57395864
0.77502625
0.65148488
0.46139786
0.65166305
0.45802378
0.80391507
1.0750384
1.0732756
0.81087476
0.6512973
0.48144867
0.45754755
0.66104607
0.63444818
0.7552134
0.63933032
0.7511071
0.59446101
0.5112292
0.48096532
0.61418372
0.63337791
0.76372309
0.75012662
0.64965995
0.71182207
0.6991257
0.85609994
0.85453863
1.672311
0.86353886
1.6721316
2.8069004
2.8051266
0.86293403
1.5937893
1.6680026
2.6364763
2.7971914
1.1879486
1.5562766
1.1859284
2.1727614
2.975425
1.1863721
1.5576119
1.1826171
1.5485105
0.69231226
0.69454766
0.78818213
0.56626117
0.56778063
0.78424279
0.78853801
1.2992386
1.2958485
0.81332003
0.69174879
0.71151682
0.81703403
0.77705038
0.80354427
1.0676324
0.80285042
1.0705803
0.6514304
0.46087914
0.65154069
0.45768442
0.80392548
1.0755669
1.0735465
0.81116324
0.65119786
0.48133854
0.45720609
0.66120368
0.59562559
0.48611155
0.60111525
0.48138863
0.63464831
0.75561252
0.63965853
0.75155198
0.59444693
0.51131267
0.48077415
0.61378018
0.63353248
0.76422601
0.75058375
0.64957684
1.3119177
0.9611304
1.3131624
0.96071639
0.70560281
0.70112866
1.2187771
1.2696609
1.3099584
0.95700967
0.96051848
1.3170954
0.71232838
0.69956456
0.98896382
0.94410012
0.98905305
0.94425332
0.98295199
0.93870008
0.94085379
0.9796427
0.98887014
0.93747348
0.94415459
0.98526959
1.0068993
1.0099723
0.86220066
0.86072192
2.8397432
2.8385338
0.87033793
1.6224911
1.6957356
2.6702985
2.8310332
2.793495
2.9167049
2.0909774
2.6562078
0.9249474
0.94894709
0.95113224
0.92187694
0.85533335
0.8651933
2.6129445
2.6333289
1.7210986
2.7537911
0.92660921
0.95403206
0.92673328
0.95395352
0.85869191
0.86785381
2.6625895
2.6534315
1.8696598
2.6553018
0.92598284
0.95352451
0.92603085
0.95349143
0.85812663
0.86665715
2.6548661
2.6672409
1.8742013
2.6577355
0.9257169
0.9532826
0.92573798
0.95326717
0.85805783
0.86632107
2.6805106
2.6605825
1.8917579
2.654375
0.92570672
0.95325013
0.92568964
0.95327338
0.85829722
0.8664515
2.950955
2.8696176
2.0980882
2.8228505
0.92597556
0.95350375
0.92592886
0.95355936
0.85887676
0.86700264
2.6959635
2.6647343
1.9038083
2.8360498
0.9263136
0.95385584
0.92627479
0.95389853
0.8596704
0.86771473
2.7189708
2.6551844
1.9723262
2.6648715
0.9264654
0.95400516
0.92645474
0.95401286
0.86043387
0.86832566
2.6772833
2.7412466
1.9944678
2.8742865
0.92661136
0.95403852
0.9265745
0.95405819
0.8611365
0.86906064
2.9037821
2.7860412
2.1127901
2.7622162
0.92731926
0.9544175
0.92719481
0.95445717
0.86206898
0.87069147
2.9070898
2.7808216
2.0778315
2.6561133
2.8903178
2.7878973
2.1046523
2.8606656
0.96133277
0.98714367
0.98676852
0.9650287
0.96864667
0.99007548
0.99026408
0.9686965
0.9229511
0.94704929
0.94924706
0.91986462
1.1836082
0.8514087
0.92498897
0.95218684
0.95225603
0.9248333
0.8586209
1.1919316
0.85309931
0.86281716
0.86601884
0.85648449
2.873469
2.7661279
2.1142084
2.8662046
0.96299664
0.9888494
0.98846399
0.96669791
0.97032652
0.99180413
0.9919835
0.97038514
1.1859088
0.85397344
0.92702141
0.95410738
0.92687233
0.95417022
0.86146362
1.1942711
0.86865665
0.85878411
2.6468049
2.6580153
1.8199806
2.6729355
2.9629965
2.8574536
2.1545158
2.8598369
0.96865594
0.98985747
0.96868948
0.98963618
0.96848771
0.98862046
0.98875005
0.96846072
0.9245508
0.9520971
0.92468326
0.95200719
1.1943899
0.85874426
0.92400761
0.95150555
0.951579
0.92392127
0.85801927
1.1908998
0.856374
0.86540904
0.8640209
0.85516955
2.9702582
2.8651307
2.1667532
2.8627702
0.97037173
0.99159853
0.99139168
0.97039003
0.97030716
0.99049915
0.99060541
0.97030488
1.1941667
0.86128193
0.92615669
0.95356491
0.92608817
0.95361922
0.86114488
1.1933967
0.86703431
0.85817746
2.6557758
2.6485218
1.8545634
2.6533338
2.8484589
2.9567124
2.1532161
2.8555369
0.96842375
0.98850286
0.96844284
0.98839426
0.96828588
0.98787897
0.98795016
0.9682535
0.92377305
0.95143798
0.92384151
0.95137989
1.1933559
0.85814074
0.92345026
0.95102863
0.95108498
0.92339299
0.85753829
1.1901902
0.85510301
0.8637473
0.86287888
0.85419776
2.9650318
2.8521468
2.1671794
2.857058
0.97032552
0.99040788
0.99032897
0.97031354
0.97033411
0.98998151
0.99002633
0.97032867
1.1933168
0.86103223
0.92580076
0.95330478
0.92576605
0.95333803
0.86113982
1.1929854
0.86647142
0.85806369
2.6591449
2.6511708
1.8571157
2.6547934
2.8506873
2.9614027
2.155749
2.8475214
0.96821769
0.98781633
0.96823246
0.98776354
0.96820189
0.98762928
0.98762801
0.9682173
0.92330205
0.95097935
0.9233413
0.95094355
1.1901244
0.85739079
0.92318541
0.95084072
0.95084145
0.92318258
0.85714254
1.189868
0.85410551
0.86259253
0.86217853
0.85360907
2.9644916
2.8533356
2.1628492
2.8508459
0.97033699
0.98994355
0.98991244
0.97033122
0.970374
0.9898396
0.98983616
0.97038981
1.1929522
0.86108309
0.92568063
0.95323572
0.92568105
0.95323511
0.86128691
1.1929088
0.86643226
0.85826342
2.6752601
2.6568307
1.8899263
2.6524441
2.8824295
2.7638519
2.0650401
2.6400883
0.96827132
0.98763614
0.9682391
0.98765335
0.96845789
0.9878743
0.98781974
0.96851203
0.92320737
0.95084919
0.92318804
0.95087294
1.18986
0.85720957
0.92336287
0.95109267
0.95104539
0.92340532
0.85719319
1.1899539
0.85357762
0.86215646
0.86204318
0.85343286
2.8859164
2.7651381
2.0762532
2.6418105
0.97044995
0.98985127
0.98986971
0.97041714
0.97059097
0.99003966
0.98999967
0.9706277
1.1929162
0.86131707
0.92585532
0.95345605
0.92588875
0.95342223
0.86169503
1.1931433
0.86683819
0.85879932
2.8670004
2.9453655
2.0889657
2.8183
2.9258421
2.8216038
2.1267826
2.7833405
0.96866127
0.98793619
0.9685818
0.98800475
0.96887343
0.98827888
0.98824684
0.96888578
0.92350772
0.9511473
0.92345208
0.95121246
1.1899868
0.85737251
0.92372911
0.95147589
0.95144663
0.92376091
0.85738404
1.1901919
0.85343987
0.86216209
0.86213576
0.85337184
2.8240352
2.9315516
2.1395726
2.7870413
0.97074967
0.99008981
0.99014753
0.97068336
0.97093773
0.99040869
0.99037311
0.97095509
1.1931864
0.86182724
0.92620465
0.95381707
0.9262385
0.95378707
0.86227568
1.1935486
0.86753599
0.85958315
2.6630955
2.6946043
1.8967908
2.8357853
2.9251083
2.8310353
2.1118675
2.6836782
0.96893572
0.9883118
0.96890737
0.9883479
0.96883957
0.988384
0.98839396
0.96878338
0.9238236
0.95150512
0.92379033
0.95153995
1.1902141
0.85747194
0.92387472
0.95155066
0.95156935
0.9238663
0.85723998
1.1902838
0.85336037
0.86221479
0.8620512
0.85304276
2.8294187
2.9270157
2.1182106
2.6818766
0.97102297
0.99044907
0.99049486
0.97098479
0.97101644
0.99063294
0.9906238
0.97098226
1.1935905
0.86236383
0.92644318
0.95400172
0.92644772
0.95400631
0.86263615
1.1938657
0.86819167
0.86035891
2.7167588
2.6559928
1.9682972
2.6624211
2.6440894
2.657546
1.8265944
2.8567775
0.96870112
0.98837877
0.96873753
0.98838339
0.96848765
0.98852043
0.98848297
0.96843153
0.92385696
0.95153373
0.9238575
0.95152683
1.1902879
0.85716435
0.92386251
0.95147992
0.9514865
0.92387315
0.8569114
1.1904374
0.85299086
0.86205133
0.86203725
0.85265755
2.6477168
2.6591932
1.8366096
2.8620676
0.97094067
0.99064739
0.99066977
0.97095804
0.97078758
0.99087205
0.99082897
0.97073681
1.1938909
0.86258548
0.92653562
0.9540306
0.9265502
0.95403389
0.86258082
1.1941637
0.86873002
0.86104495
2.7362551
2.6777633
1.9898618
2.8695771
2.861401
2.7563966
2.1052952
2.639364
0.96834433
0.98856741
0.96837797
0.98863779
0.96833439
0.98952975
0.98933206
0.96834702
0.92392786
0.95147953
0.92389161
0.9514971
1.1930344
0.85706972
0.92427487
0.95179027
0.95172679
0.92438025
0.85675362
1.1910045
0.85269137
0.86237005
0.86280022
0.85276067
2.8675089
2.7597008
2.1177475
2.6426074
0.97065593
0.99092374
0.99099736
0.97068705
0.97064997
0.99189169
0.9916971
0.97065927
1.1942182
0.86258535
0.92697688
0.9543589
0.92707878
0.95429967
0.86285196
1.1948871
0.87006636
0.86197967
2.8996173
2.7847482
2.1113776
2.7595456
2.9046073
2.780237
2.0764525
2.6567602
0.9682686
0.98972218
0.96833588
0.98989012
0.96089464
0.98668221
0.98631544
0.9645908
0.92462764
0.9518478
0.92449757
0.95189168
1.1910722
0.85674309
0.9224607
0.94656106
0.94877472
0.91935257
0.84904197
1.182535
0.85283387
0.86340197
0.85977908
0.8489622
2.9099948
2.7822203
2.0882219
2.654599
0.97056695
0.99207957
0.99224114
0.97064198
0.96314243
0.98899709
0.98862713
0.96683146
1.1949604
0.86280807
0.92515055
0.9491165
0.95131965
0.92205819
0.85526632
1.1864398
0.86720414
0.85861912
1.0531529
0.80310595
1.0676538
1.2494816
1.2505041
1.0689781
0.80136614
1.0547272
0.56018505
0.59865546
0.49893946
0.55210437
0.52272457
0.48696867
0.60699508
0.58471793
0.38406009
0.7038083
0.77530881
0.78538009
0.69976112
0.40194692
2.2885517
2.2157033
2.6691504
2.6759992
1.8025179
2.8661678
2.1425697
1.0249651
0.78988411
1.0251931
1.2884398
1.2659359
1.2549629
1.2613651
1.2960486
1.2613248
0.79058671
1.0373304
1.0209584
0.97445671
0.98274309
0.97444719
0.94066841
0.95183883
0.95404721
0.95381934
0.94074791
0.95388186
0.98249684
0.97223124
0.97454235
1.008589
0.83891892
0.82437487
0.83424959
1.0091339
0.83491915
1.3460023
1.0187804
0.90931058
0.91143737
1.019159
0.8735234
0.94805207
0.95103355
0.86950498
0.92629823
0.9536049
0.95259457
0.92704588
0.95277741
1.6468044
0.86687655
0.85875553
1.6703504
0.9783014
0.80194242
1.0494835
1.2463709
1.0657889
0.80178114
1.0506202
1.2449427
1.0660787
0.60375205
0.56791881
0.52687267
0.48756612
0.60289414
0.56551378
0.52937895
0.48861254
0.30135126
0.78455349
0.70754051
0.30607293
0.78579383
0.70818613
2.2607998
2.1699991
2.8981991
2.7808165
2.1315845
2.8434339
2.1961788
0.79280998
1.0279417
1.0270603
1.262742
1.2970713
1.2600804
0.78997342
1.0277244
1.0245112
1.2620464
1.2977236
1.2620467
0.98313758
0.974696
0.97464568
0.9538974
0.94124333
0.95400516
0.98310381
0.97449866
0.97459366
0.95416445
0.94135723
0.95410738
1.3543135
1.3548049
0.83550419
1.0092901
1.3545493
0.83561211
0.83570437
1.0092034
0.83568316
1.0184789
1.3106428
0.91158815
1.0185916
0.91153015
0.87572956
0.95104086
0.87584761
0.95088415
0.92649181
0.9537932
0.9538718
0.92638595
0.97658893
1.6857973
0.86769974
0.8585469
1.685587
0.97606617
0.80279924
1.0498177
1.2448005
1.0660841
0.80222964
1.0496186
1.2449159
1.0666447
0.60473008
0.56858672
0.53013548
0.49004465
0.60455433
0.56825678
0.5303188
0.49044499
0.30170691
0.78641181
0.70908601
0.30302513
0.78649229
0.70919889
2.2682533
2.9628266
2.8516338
2.1684874
2.8585576
2.1644423
0.79593726
1.0292874
1.0290237
1.2608804
1.297457
1.2603232
0.79149877
1.0259047
1.0252207
1.2631628
1.2977992
1.2630289
1.2258326
0.98315815
0.97475973
0.97478544
0.9543522
0.94179144
0.95435982
0.98318918
0.97481162
0.97481816
0.95433998
0.94181671
0.95436808
1.3533347
0.83573372
1.0087845
1.3534162
0.83572931
0.83567138
1.008749
0.83571363
1.0179061
1.309502
1.3095683
0.91129614
1.017954
0.911272
0.87517632
0.95014771
0.87522636
0.95007645
0.9259344
0.95341854
0.95345507
0.9258901
0.97562511
1.6855819
0.866662
0.85818799
1.6855921
0.97567927
0.80224064
1.049107
1.2441036
1.0659054
0.8016863
1.0488984
1.244236
1.0664667
0.60535292
0.5686202
0.53021756
0.49031868
0.60526729
0.56842694
0.53032654
0.4905887
0.29697715
0.786535
0.71006907
0.29838223
0.78650097
0.71016482
2.8507557
2.9630528
2.167532
2.8514906
2.1679191
0.79475563
1.0279691
1.0277914
1.2592406
1.2958579
1.2589527
0.79024135
1.0242139
1.0238408
1.2620027
1.2965377
1.2618689
1.2258532
1.2259302
0.98316301
0.97485571
0.97483725
0.95436132
0.94182686
0.95439199
0.98314329
0.97478088
0.97482559
0.95443269
0.94184808
0.95442978
0.83557961
1.0084705
1.3530349
0.83558197
0.83555105
1.0084582
0.83557828
1.0176726
1.3092151
1.3092307
0.91114919
1.0176843
0.91113661
0.87493522
0.94974398
0.87496074
0.94971791
0.92569492
0.95323287
0.95324918
0.92567761
0.97573842
1.685642
0.86638929
0.85823449
1.6856253
0.97595389
0.80256609
1.0492809
1.2435434
1.0663244
0.8018609
1.0483933
1.244389
1.0670904
0.60439783
0.56798499
0.53032025
0.49109311
0.60466228
0.56852264
0.530217
0.49068981
0.30506172
0.78601621
0.70911928
0.29868764
0.7856796
0.70881543
2.1674256
2.8764476
2.9796586
2.1694178
2.8966242
2.1694653
0.79563758
1.0283919
1.0289964
1.2597013
1.2978779
1.2605703
0.79135539
1.0243175
1.0252199
1.2628838
1.2983427
1.2633422
1.2255543
0.98334237
0.97501669
0.97500318
0.954511
0.94190795
0.95453268
0.9833233
0.9749651
0.97500057
0.95456726
0.94194266
0.95456339
1.3529799
0.83553681
1.0084256
1.3530041
0.83555461
0.83556111
1.0084574
0.83556867
1.0176854
1.3092434
1.3092295
0.91115953
1.0176691
0.91117797
0.87493503
0.94966343
0.87492421
0.94967449
0.9257237
0.95331575
0.95329428
0.92574477
0.97625589
1.6858895
0.86657623
0.85859875
1.6859327
0.97661627
0.80167099
1.0469084
1.2473382
1.0692606
0.80476149
1.0532012
1.2424892
1.0682802
0.60472399
0.56832334
0.53150454
0.49135782
0.60488597
0.5690737
0.52992679
0.4904521
0.3031394
0.7851861
0.70855522
0.30723122
0.78476011
0.70863674
2.1591921
2.2935185
2.9454597
2.8381318
2.1671311
2.6618264
2.2430056
0.79135366
1.0211838
1.0259757
1.2633635
1.2992699
1.2646006
0.79702743
1.0298389
1.0304973
1.2573932
1.2972144
1.2613037
1.2251031
0.98310227
0.97462025
0.97470213
0.95448657
0.94177613
0.95436731
0.98320345
0.97493142
0.97483613
0.9541416
0.94166402
0.95424652
1.3532449
1.3531351
0.83563044
1.0086817
1.3531918
0.83563214
0.8356249
1.0087244
0.83563785
1.0178255
0.91138497
1.0178013
1.3093832
0.91141847
0.8752102
0.94984253
0.87517132
0.94987934
0.92601881
0.95365514
0.95361005
0.92606153
0.97718001
1.6867754
0.86716871
0.85929291
1.6869479
0.97769313
0.79872799
1.0483976
1.2453366
1.0632201
0.79973876
1.0503212
1.2436156
1.0621746
0.6018147
0.56624315
0.52800938
0.48789063
0.60196754
0.56569082
0.52852854
0.48792875
0.31283891
0.78457202
0.70681518
0.31322658
0.7845084
0.70679418
2.1875965
2.2577492
2.6499711
2.6605562
1.8005116
2.7519723
0.78534073
1.0238884
1.0197057
1.2595643
1.2943322
1.2577776
0.78827277
1.0254419
1.0223351
1.2589029
1.2930056
1.2556685
0.98326429
0.97484945
0.97479255
0.95424922
0.94174475
0.95426472
0.98324501
0.97475366
0.97478419
0.95436667
0.94180242
0.95430604
1.3535847
0.83582514
1.009075
1.353535
0.83586095
0.83591093
1.0091169
0.8358962
1.0180628
0.91165914
1.0180322
1.3095962
1.3096298
0.91167892
0.8755565
0.95016364
0.87552462
0.95020612
0.92634494
0.95395934
0.95393335
0.92637191
0.97838796
1.6887033
0.86787598
0.8600923
1.6889677
0.97888721
0.80320198
1.0531064
1.2419512
1.0640315
0.80060064
1.0471442
1.2473595
1.0658665
0.603409
0.56829001
0.52748563
0.48819217
0.6024321
0.5654984
0.53054482
0.48961007
0.30503725
0.78518173
0.70798542
0.31316434
0.78562378
0.7085008
2.1547235
2.2066956
2.9339932
2.8256466
2.1454034
2.8389915
0.7962955
1.0328175
1.0294848
1.2585893
1.2968376
1.2600894
0.79096864
1.0230856
1.0249314
1.2660654
1.2983884
1.2634237
0.98383475
0.97551524
0.97548634
0.95491725
0.9423483
0.9549819
0.98381059
0.97537789
0.97545761
0.95505715
0.94236952
0.95503986
0.83604642
1.0091865
0.83605485
1.3537114
0.83601689
1.0091797
0.83605087
1.0181908
0.91166709
1.0181781
1.3097747
0.91164699
0.87571459
0.95044289
0.875711
0.95047449
0.92647129
0.95401597
0.9540156
0.92647832
0.97951184
1.6920139
0.86847328
0.86080662
1.6924466
0.97993287
0.79967119
1.0480189
1.245083
1.0637707
0.80046917
1.0499736
1.2435167
1.0635797
0.60139334
0.56533322
0.52790223
0.48671264
0.60166325
0.56609884
0.52706298
0.48632587
0.30629099
0.78544447
0.70758976
0.30407096
0.78515963
0.70725422
2.1543066
2.1635929
2.6203399
2.6674671
1.6959802
2.6674119
2.2790309
0.78886007
1.0248991
1.0234549
1.2614313
1.2951604
1.2591373
0.79023147
1.0272981
1.0241457
1.2604442
1.2979149
1.2594994
0.98391777
0.97540565
0.97551812
0.9550688
0.94213831
0.95502724
0.98396819
0.97561246
0.97560383
0.95481302
0.94204913
0.95495129
1.3538688
0.83593439
1.0091776
0.83593061
1.3539552
0.83584544
1.0092145
0.83590984
1.0184817
0.91159266
1.0184188
0.91160503
0.875841
0.95078521
0.87581548
0.9508547
0.92665415
0.95411809
0.95408319
0.92670974
0.98054862
1.6960308
0.86927828
0.86159482
1.696515
0.98115164
0.80268113
1.0517351
1.2463938
1.0679091
0.80267639
1.0507472
1.2482145
1.0683714
0.59760014
0.55933284
0.52699351
0.48558122
0.5994814
0.56489381
0.52157607
0.48326544
0.34597155
0.78359377
0.70410463
0.30689529
0.78328755
0.70256844
2.2402341
2.2057139
2.626827
2.6484609
1.7412755
2.8205698
2.1896852
0.78771161
1.0248338
1.0237551
1.2618108
1.2964347
1.2616302
0.79048217
1.0264444
1.0259105
1.2612271
1.2976676
1.2605799
0.98310129
0.97450074
0.97452941
0.95396784
0.94094241
0.95386586
0.98316246
0.97465811
0.974586
0.95381234
0.94086328
0.95383117
1.3556929
1.3552105
0.8353561
1.0097816
1.3555117
0.83519557
0.83480363
1.0099661
0.83496106
1.0195009
1.312338
0.91199252
1.0192698
0.91212375
0.87646024
0.95163076
0.87634488
0.95182333
0.92742786
0.95426143
0.95442949
0.92745175
0.98236107
1.7000533
0.87085989
0.8622288
1.7003437
0.98362253
2.2070705
2.6741784
2.6659172
1.790433
2.8665183
2.1426424
1.8609121
1.5527285
1.5645973
1.8403215
2.6097428
2.6342962
1.7233614
2.8042085
2.2159655
2.2866348
1.8789954
1.5631404
1.57693
1.8488072
0.75961513
0.79068958
0.56871632
0.78722232
0.56825478
0.78638464
0.55016267
0.65128349
0.47069324
0.48340434
0.47650629
0.46154228
0.65254904
0.56047406
1.0519221
0.80270889
1.0674919
1.2475022
1.2485371
1.0683046
0.80281356
1.051632
0.5506548
0.65161689
0.46025811
0.47882429
0.47715913
0.45941156
0.65198384
0.55208524
0.68153323
0.63691644
0.7576604
0.71730254
0.70605947
0.7519587
0.6439203
0.69533125
0.56061531
0.59812405
0.48495211
0.52620789
0.52284765
0.4838455
0.59924
0.56435246
0.68225446
0.6369239
0.75443809
0.71066965
0.70683013
0.75304419
0.63828459
0.68606981
0.34823683
0.70442949
0.78400191
0.78357849
0.7028848
0.30977122
1.3533294
1.3539347
1.3456439
1.0101101
0.98812799
0.98929241
1.0087257
1.3552005
1.3546551
1.354988
1.0120604
0.9907547
0.99075878
1.011997
1.017707
1.3101461
1.3089434
0.90868136
0.91080483
1.0180938
1.2462001
1.3090269
1.301287
1.2496197
0.96438127
0.98963321
0.966343
0.9883833
1.0182198
1.3110735
0.9111849
0.91132694
1.0179749
0.96836758
0.99022031
0.96779755
0.99034064
1.256757
1.3103628
1.3107201
1.2567636
0.87137472
0.94581291
0.94880562
0.86734033
0.92430174
0.95171575
0.95070751
0.92504381
1.2803496
0.81707602
0.80750053
0.8543505
1.1921909
1.2825291
0.92512701
0.95211748
0.95225734
0.92517696
0.87393159
0.94897414
0.94919653
0.87378308
0.85858812
1.1938416
1.2822362
0.81573291
0.81571495
1.2834086
0.95060778
1.6487323
0.86436563
0.85658017
1.6720777
0.97603096
2.7472192
2.7951954
0.86629427
0.85681628
0.97441903
1.6872362
0.9758818
1.6877006
2.8251061
2.8253882
1.8629466
1.5520558
1.1795999
1.5656489
1.1888987
1.8398172
2.2173112
2.6155624
2.638813
1.7316613
2.7951991
2.2016963
2.2968128
1.8809037
1.5608864
1.1919249
1.5776803
1.1974574
1.8469925
1.2813174
0.69312689
1.2827899
0.57044463
0.5691727
0.69191932
1.2903521
1.2842717
0.58984282
0.76206679
0.79342721
1.0251493
0.78832554
1.0241638
1.2988343
1.2646566
1.2632502
1.261504
1.2984058
1.2609187
0.7927461
1.0300538
1.0277365
1.2811463
0.6907036
1.2803073
0.56639863
0.56588921
0.56655406
0.69516205
1.2821012
1.2815001
0.78924916
0.56489655
0.78903256
1.0528859
0.80267404
1.0674955
1.2498853
1.2504466
1.0686659
0.80116096
1.0549867
0.54931879
0.65069487
0.46959117
0.48286963
0.4755278
0.46030905
0.65219223
0.56013697
1.0516311
0.80240291
1.0677113
1.2482702
1.2484494
1.0681169
0.80297032
1.0523273
0.54979258
0.65109539
0.45970107
0.47834836
0.47615215
0.45848057
0.65186838
0.55196551
0.55919702
0.59777405
0.49769435
0.55094914
0.52153699
0.48566492
0.6061483
0.58379406
0.68104072
0.63619653
0.7575957
0.71711371
0.70579055
0.75185934
0.64323493
0.69492524
0.55976857
0.59760792
0.48457018
0.52607813
0.52183457
0.48310796
0.59925825
0.56420319
0.68184902
0.63652576
0.75459455
0.71079121
0.70663152
0.75309678
0.6380977
0.68590921
0.91819844
1.3085655
0.91816441
0.9592064
0.95300837
0.95310705
0.95290359
0.96015717
0.95303312
1.3054025
0.92324916
0.91855073
0.38667636
0.70376512
0.77518594
0.78544427
0.69965762
0.40206818
1.2258927
0.9193917
1.3130363
0.91991148
0.96110179
0.95278289
0.95294513
0.95304644
0.96095935
0.95302292
1.3133907
0.92027566
0.92033288
0.35013149
0.70455088
0.78415755
0.7835982
0.70292197
0.31130363
0.97933809
0.98852077
0.97886078
0.94131009
0.98334191
0.98625531
0.98824292
0.94340216
0.98768888
0.98798654
0.97466349
0.9777211
0.97440683
0.98297809
0.97439357
0.94091642
0.95381576
0.9537454
0.95373368
0.940839
0.95373061
0.98299971
0.97444739
0.97441641
0.97945013
0.98890528
0.97944449
0.94406376
0.98804551
0.98814571
0.98832524
0.94415162
0.98826629
0.98889372
0.97935466
0.97941476
1.0095743
0.98770463
0.98884471
1.0081691
1.3556117
1.0097141
0.83537302
0.83520521
0.83481112
1.0099056
0.83496814
1.3554186
1.011563
0.99040979
0.9903466
1.0115536
1.2475327
1.3101007
1.302377
1.2509509
0.96604604
0.99133264
0.9900811
0.96800747
1.0193228
1.3121915
0.91185676
0.91198442
1.0190893
0.97004173
0.99192562
0.96946626
0.99205264
1.2581129
1.3115116
1.311857
1.2581275
1.2824099
0.81955621
0.81001411
0.85708211
1.1945459
1.2846161
0.9271519
0.95401559
0.92719249
0.95416395
0.87611606
0.95122283
0.87597584
0.95143459
0.86143339
1.1962077
1.2843527
0.8182452
0.81821832
1.2854966
2.7438664
2.7926233
0.86892772
0.85895553
0.97688523
1.6865895
0.97816978
1.6867077
2.8236367
2.8235202
2.9525593
2.8431372
2.155235
2.8536079
2.1754772
1.8384434
1.5745824
1.8743825
1.5554949
2.6708479
2.650402
1.8891927
2.6591955
2.266648
2.2696977
1.8683907
1.5527406
1.5721687
1.8344372
0.78998247
0.78850342
0.78527315
0.78760169
0.65154574
0.55207019
0.47881707
0.46172501
0.65140872
0.55190248
0.47932661
0.4626351
1.0491057
0.80262881
1.0673476
1.2455555
1.2445029
1.0665128
0.80373578
1.0505368
0.55220175
0.65237882
0.46480178
0.48095538
0.47955713
0.46405504
0.65339777
0.55377061
0.64244391
0.6892975
0.71174542
0.7576048
0.6416425
0.68715242
0.71388601
0.75829371
0.56781842
0.60435163
0.49043469
0.53045283
0.52947252
0.48924967
0.60488361
0.56870302
0.68952759
0.64332692
0.75904869
0.71435681
0.7141519
0.75903042
0.64348971
0.68977532
0.30123159
0.70901106
0.78639711
0.78601758
0.70896332
0.30300869
1.3538363
1.3543572
1.3540869
1.0112725
0.99063369
1.0115228
0.99056292
1.3532979
1.3531607
1.0108048
0.990287
0.99036538
1.0106936
1.0173478
1.3092134
1.3094438
0.91089584
1.0174635
0.91082032
1.2565775
1.3100189
1.2566882
1.3097084
0.96861028
0.98923802
0.96857528
0.98942792
1.0171178
1.3090121
0.91121935
0.91124007
1.01705
1.3086961
0.96851369
0.98906138
0.96854435
0.98889869
1.2560255
1.3085541
1.2559316
0.87351298
0.94877492
0.87364108
0.94860622
0.92442081
0.95181651
0.95191045
0.92429816
1.2823825
0.81575671
0.81576252
0.85865366
1.1940581
1.2815356
0.92409462
0.95172817
0.95165209
0.92418664
0.87302063
0.94787464
0.94797973
0.87294732
0.85830539
1.1939443
1.2803146
0.81541845
0.8155024
1.2813256
0.97405024
1.6851045
0.86514754
0.85589831
1.6844624
0.97320119
2.8225697
2.8220234
0.86435982
0.85571829
0.97226859
1.6821323
0.97293941
1.682632
2.8187536
2.8194607
1.8483885
1.5758997
1.1959279
1.8792889
1.560986
1.1913564
2.1824077
2.6796305
2.6614339
1.8956295
2.6700841
2.2733812
2.2710298
1.8668181
1.5528644
1.1889331
1.5697441
1.1940201
1.8355922
0.69553179
1.2810288
1.280653
0.56193622
0.69283797
1.2813572
1.2801558
0.79249107
0.56230518
0.79161232
1.0256518
0.79180556
1.0255726
1.2987512
1.2636482
1.2640632
1.2609598
1.2970844
1.2605211
0.79694792
1.0297892
1.0301051
1.280358
0.69495785
1.2805731
0.56455631
0.5616384
0.69986229
1.282153
1.2821104
0.56451048
0.78800845
0.56201529
0.79020797
0.80157247
1.050018
1.2474332
1.0656319
0.80173835
1.0515388
1.2457368
1.0656078
0.65107907
0.55158814
0.47837734
0.46137308
0.65121522
0.55181721
0.47857059
0.46184781
1.0495144
0.80237181
1.0670884
1.2456688
1.2450954
1.0663252
0.80330503
1.0504156
0.55176217
0.65198195
0.46363572
0.48025952
0.47885066
0.4628839
0.65285915
0.553188
0.60324396
0.56728725
0.52705807
0.48718431
0.6025135
0.56531702
0.52878849
0.4878753
0.64215926
0.68926552
0.71190711
0.75791979
0.64145001
0.68701534
0.7140343
0.75859599
0.56735407
0.60421788
0.48946741
0.52938327
0.52881733
0.48853579
0.60436364
0.56793059
0.68951315
0.64308312
0.75925049
0.71449593
0.71428861
0.75924684
0.64319263
0.68974607
1.3132732
0.92074383
0.92068195
0.9526634
0.96133322
0.95254421
1.3133394
0.92046496
0.92066064
0.95236375
0.96139514
0.95246587
0.30236747
0.78476198
0.70783179
0.30749462
0.78600016
0.70848154
1.2258946
0.92101631
1.3132792
0.92120541
0.96162314
0.95231045
0.95232479
0.95234678
0.96156876
0.95234765
1.313299
0.92147932
0.92146429
0.30222811
0.7092726
0.78664848
0.78621896
0.70921516
0.30383538
0.98886395
0.9792789
0.97929973
0.98798009
0.94389303
0.98792107
0.98886976
0.97933357
0.97932397
0.98783404
0.94386814
0.98789427
0.97475476
0.98322179
0.97479374
0.94169379
0.95436055
0.95433948
0.95423858
0.94162864
0.95430532
0.98324256
0.97483467
0.97484027
0.97928114
0.98887202
0.97927418
0.94378587
0.98770312
0.98774483
0.98781148
0.94380805
0.98779304
0.98887804
0.97923659
0.97927535
1.0109081
0.99031486
1.0110766
0.99025007
1.3538081
1.0089369
0.83574967
0.83575872
0.83573776
1.0089995
0.83576503
1.3536905
1.0104793
0.99006548
0.99010035
1.010366
1.2579661
1.3111815
1.3108871
1.2580631
0.9703447
0.99102724
0.99119998
0.97032776
1.0182118
1.3102419
0.91137709
0.91140727
1.0181366
0.9703098
0.9908707
0.97031709
0.99073078
1.257495
1.3098348
1.3099459
1.2574235
1.2840131
0.81826996
0.81828649
0.86129752
1.1963651
1.2836897
0.92622521
0.95372586
0.92629746
0.95367141
0.87532974
0.95022315
0.8752758
0.95030744
0.86140086
1.196406
1.2825526
0.81803672
0.81810109
1.2834964
2.8229445
2.8226104
0.86732932
0.85849998
0.9756595
1.6855179
0.97595401
1.6854761
2.8230291
2.8229555
2.1634685
2.9588041
2.849086
2.1542488
2.8573977
1.8354996
1.5726669
1.87149
1.5527702
2.6492521
2.6574007
1.8608306
2.657311
2.2570268
2.266134
1.8705495
1.5521899
1.5715578
1.8350973
0.78758766
0.78580473
0.5651861
0.78528895
0.787212
0.65261333
0.55321932
0.48062639
0.4649422
0.65218628
0.5532013
0.48057048
0.46503326
1.0490995
0.80196879
1.0666961
1.2447432
1.2443116
1.0660359
0.80268773
1.0496595
0.55278126
0.65188356
0.46521079
0.48046755
0.4802867
0.46481529
0.6524556
0.5531128
0.64360699
0.68998323
0.71433598
0.7589827
0.64337756
0.68956931
0.71460891
0.75907495
0.56874675
0.60523709
0.49120575
0.53062172
0.5302714
0.49094756
0.6053745
0.56894146
0.69012997
0.64395361
0.75961317
0.71515121
0.71475855
0.75947626
0.64409048
0.69048462
0.30090914
0.70973058
0.78655492
0.78649814
0.70960213
0.2991133
1.3527376
1.3529316
1.3528416
1.0102648
0.9901438
1.0104304
0.99008355
1.3524884
1.3524121
1.0088388
0.98964206
0.98974232
1.008758
1.0176438
1.3081469
1.3082401
0.91109452
1.0176933
1.308343
0.91104323
1.2557713
1.3084328
1.2558474
0.96839422
0.98820438
0.96836967
0.98829545
1.0174251
1.3080569
0.91079448
0.91086576
1.0165155
1.307829
0.96831261
0.98811525
0.96834338
0.9880299
1.2554131
1.3078907
1.2553553
0.87280098
0.94777135
0.87287277
0.94767644
0.92370024
0.95125244
0.95131617
0.92362761
1.2806641
0.81534525
0.81526904
0.85810047
1.1931892
1.2803011
0.92350492
0.95119075
0.95113799
0.92355951
0.87249047
0.94722809
0.9472916
0.87244246
0.85783295
1.1931257
1.279472
0.81481706
0.81488647
1.2802058
0.97211339
1.6807507
0.86362156
0.85479827
1.6803092
0.97167435
2.8169436
2.8163671
0.86315514
0.85467235
0.97101198
1.6790865
0.97151151
1.6793235
2.8150063
2.8153257
1.8356559
1.5722759
1.1954124
1.8715786
1.55244
1.1878953
2.1669892
2.6652475
2.6541219
1.867262
2.6560823
2.2586179
2.2657998
1.8705671
1.55134
1.1864689
1.5709795
1.1939801
1.8349964
0.69922319
1.2818284
1.2817356
0.56248916
0.56182156
0.69487169
1.2809005
1.2805711
0.78973864
0.56354465
0.78778859
1.0251884
0.79085507
1.0244833
1.296874
1.2621619
1.2621792
1.2601383
1.2966071
1.2595776
0.79508798
1.0282246
1.0281331
1.2805084
0.69465202
1.2801903
0.69878368
1.2813131
1.2812768
0.56212752
0.78759361
0.56053175
0.7894195
0.80284478
1.050088
1.2450137
1.0661732
0.80213729
1.0496075
1.2453683
1.0668241
0.6525485
0.55309042
0.48003822
0.46391362
0.65197584
0.55273156
0.48029678
0.46436771
1.0493217
0.80186882
1.0666955
1.2449597
1.2447309
1.0660936
0.80248216
1.0496347
0.55261758
0.65170967
0.46469262
0.48003157
0.47998927
0.46430964
0.65218252
0.552761
0.60490337
0.56857694
0.52940597
0.48986417
0.60465157
0.56797058
0.53006708
0.49038489
0.64370604
0.69035816
0.71457639
0.75942999
0.64348067
0.68981882
0.71509477
0.75959098
0.56857918
0.60520406
0.49074945
0.53005633
0.52998946
0.4905112
0.60528796
0.56848597
0.69052432
0.64413143
0.76024494
0.71573358
0.71528563
0.7600959
0.64423163
0.69089132
1.3133908
0.92198705
0.92200562
0.95234128
0.96172937
0.95235108
1.3134321
0.92176374
0.92200877
0.95229049
0.96174303
0.95235522
0.30199698
0.78671527
0.70956744
0.30369513
0.78688062
0.70973342
1.2259263
0.92214298
1.3133877
0.9221902
0.96164809
0.95209674
0.95216991
0.95227218
0.96168298
0.95224304
1.3133698
0.92211416
0.92227949
0.30115813
0.71033327
0.78696479
0.78689752
0.71020222
0.29963339
0.98876607
0.97912347
0.97916602
0.98767674
0.9437174
0.98764041
0.98880586
0.97922154
0.97920521
0.98756369
0.94369778
0.98762385
0.97475578
0.98309998
0.97475217
0.94182462
0.95435966
0.95434912
0.95433956
0.94182765
0.95434952
0.98310987
0.97477873
0.97477941
0.97910136
0.98868088
0.97907394
0.9435753
0.98741549
0.98745593
0.9875346
0.94360888
0.98750872
0.98867718
0.97902141
0.97906235
1.0100524
0.98997047
1.0101178
0.98993563
1.3531714
1.0085727
0.83559725
0.8356184
0.83565668
1.0086214
0.83564736
1.353135
1.0098898
0.98983617
0.9898566
1.0098399
1.2573047
1.309734
1.3096447
1.2573605
0.97032459
0.99019624
0.99025821
0.97033011
1.0177851
1.3094389
0.91119641
0.91121286
1.0177511
1.3093488
0.97033457
0.99013665
0.97033439
0.99008038
1.2570745
1.3093087
1.2570394
1.2824316
0.81797646
0.81792445
0.86111848
1.1957176
1.2826311
0.92582984
0.95338818
0.9258557
0.95336483
0.87500786
0.94977176
0.87498383
0.94980551
0.8613685
1.1958245
1.2819214
0.81766449
0.81769726
1.2825664
2.8231588
2.8232413
0.8666715
0.85821182
0.97570503
1.6856719
0.97570293
1.6856342
2.8229536
2.8229931
2.1682459
2.1655312
2.9594051
2.8495199
2.1530695
2.852152
1.83456
1.5706604
1.8697568
1.5514107
2.657151
2.6682816
1.868916
2.656671
2.2600997
2.2556504
1.8682876
1.5506131
1.5697091
1.8333315
0.78702367
0.78526578
0.5638943
0.56351552
0.78537216
0.7871624
0.65195637
0.55254847
0.48011981
0.4648336
0.65155638
0.55261568
0.47994943
0.46498324
1.0483357
0.80120633
1.0663112
1.2439282
1.2435788
1.0656649
0.80185767
1.0488231
0.55201324
0.65096008
0.46486196
0.47967061
0.47957043
0.46449605
0.65144247
0.55221495
0.6442287
0.69073919
0.71525201
0.75998548
0.6441532
0.69053834
0.71550043
0.7600967
0.5688595
0.60504443
0.49066382
0.53048593
0.53021869
0.49041529
0.6051284
0.56873062
0.69074994
0.64426133
0.75968106
0.71497725
0.71551412
0.76011945
0.64413768
0.69034473
0.29666435
0.70997887
0.78615532
0.78644819
0.71017488
0.29777195
1.3521721
1.352276
1.3522298
1.0096256
0.98966101
1.0097503
0.98962048
1.3520902
1.3520793
1.0095245
0.98946841
0.98953553
1.0095329
1.0163383
0.91072404
1.0163763
1.307774
1.3077276
0.91069209
1.2552682
1.2553067
0.96819654
0.98768621
0.9681887
0.98771988
1.0162497
1.3076338
0.91051801
0.91060414
1.0162015
0.96819074
0.9876596
0.9681881
0.98764002
1.2551517
1.307595
1.307599
1.2551515
0.87234715
0.94716819
0.87239266
0.94711476
0.9232615
0.95087411
0.95090614
0.9232251
1.2793986
0.81475874
0.81471367
0.85758231
1.1926463
1.2797136
0.92318976
0.95085158
0.95084412
0.92319835
0.87222841
0.94695081
0.9469622
0.8722318
0.85724916
1.1925123
1.2791405
0.81452608
0.81454609
1.2796791
0.97087931
1.6784566
0.86267118
0.85401749
1.6782437
0.9706162
2.8144442
2.8141922
0.86230407
0.85391025
0.97014647
1.6776626
0.97048223
1.6777268
2.8130797
2.8132006
1.8348087
1.5698288
1.1927378
1.8695258
1.550932
1.1859292
2.1688298
2.658293
2.6719852
1.8783668
2.6557194
2.2622878
2.2584387
1.8688142
1.5510039
1.1863906
1.5698579
1.1932218
1.8343439
0.69873992
1.2811951
1.2811211
0.55998128
0.69439743
1.2800365
1.2798993
0.56190461
0.55974053
0.78900699
0.56173967
0.78706383
1.0240479
0.79045663
1.0241271
1.2969586
1.2623134
1.2622351
1.2591861
1.2962965
1.2593136
0.79493517
1.0280236
1.0280748
1.279963
0.69463677
1.2799969
0.69888638
1.2812265
1.2812408
0.56205481
0.78691034
0.56001779
0.78863791
0.80245008
1.0495966
1.2443777
1.0661183
0.80170639
1.0489358
1.2448978
1.066797
0.65209048
0.55273721
0.47974889
0.46455741
0.65149832
0.55232934
0.48002082
0.46487973
1.0489314
0.80180449
1.0668629
1.2446553
1.2443267
1.0662504
0.80244645
1.0493919
0.55232873
0.6514919
0.46503547
0.4798026
0.47976005
0.4647236
0.65196785
0.55247393
0.60526402
0.56884259
0.52995548
0.49019025
0.60510847
0.56843346
0.53048949
0.49062827
0.64442334
0.69126591
0.71584934
0.76059776
0.64429877
0.6909768
0.71614756
0.76069868
0.56879682
0.60561079
0.49086396
0.5305869
0.53044407
0.49064551
0.60566831
0.56884796
0.69130088
0.64454523
0.76061285
0.71587157
0.71617896
0.76072784
0.64454637
0.6911047
1.3132219
0.92210889
0.92220741
0.95207437
0.96155723
0.95204597
1.3133092
0.92222382
0.92232114
0.95196534
0.96154106
0.95203111
0.29881497
0.7869568
0.71062535
0.29915015
0.78693695
0.7106966
1.2257611
1.2256733
0.92220618
1.3131608
0.92221375
0.96146993
0.9518749
0.95190588
0.9519577
0.96148211
0.95194877
1.3131452
0.92211909
0.92228184
0.29878475
0.71056647
0.78663923
0.78688444
0.7106718
0.29988442
0.98866374
0.978991
0.97900355
0.98739765
0.94350639
0.98737719
0.98866431
0.97901516
0.97901718
0.9873498
0.94349989
0.98738283
0.97488901
0.98323443
0.97491286
0.94188155
0.95451272
0.95449793
0.95445814
0.94187663
0.9544867
0.98326897
0.97496484
0.97495754
0.97900117
0.98869539
0.9790068
0.94347848
0.98734135
0.98734392
0.98735186
0.94348105
0.98736021
0.98872245
0.97901971
0.97902825
1.0096971
0.98976776
1.0097261
0.98974273
1.3529686
1.0084077
0.8355399
1.3529678
0.83554698
0.83555281
1.0084207
0.83556019
1.0096498
0.98972146
0.98971585
1.0096427
1.2569872
1.3092804
1.3092523
1.2570105
0.97033214
0.98986834
0.98988651
0.9703381
1.0176511
1.3091992
0.91112718
0.91112327
1.0176474
1.3092013
0.97035859
0.98985327
0.97034761
0.98984287
1.2569245
1.3091922
1.2569291
1.2818784
0.8176402
0.81762633
0.86118471
1.1954767
1.2822702
0.92567691
0.95322666
0.92567209
0.95323099
0.87490316
0.94965348
0.87491244
0.94964892
0.8614917
1.1956245
1.2817677
0.81758641
0.81758548
1.282261
2.8225904
2.8225925
0.86657546
0.85829623
0.97617624
1.6858273
0.97603079
1.6857685
2.8230634
2.8230478
2.3012046
2.1647866
2.9738926
2.8756876
2.1569525
2.8935729
2.1682743
1.8349862
1.5710098
1.8664334
1.5530269
2.6339481
2.6233228
1.7649616
2.6812047
2.1584278
1.871498
1.5532914
1.5721146
1.8403208
0.78631688
0.78449722
0.56625245
0.56782277
0.78635439
0.7878095
0.65184598
0.5522793
0.47951383
0.46485679
0.65133352
0.55195212
0.47980707
0.46505295
1.0487186
0.80244184
1.0664852
1.2464116
1.2438439
1.0657992
0.80430602
1.0524021
0.55202587
0.65190731
0.46576499
0.48176198
0.4797286
0.46486608
0.65364506
0.55498435
0.6432298
0.68909247
0.71471666
0.75892448
0.64355965
0.69011274
0.71367141
0.75857886
0.56756138
0.60336238
0.49126226
0.53101651
0.52986785
0.4901335
0.60360613
0.56827367
0.68872395
0.64220863
0.75773381
0.71361312
0.71336004
0.75769709
0.64239464
0.68907227
0.30724082
0.70814834
0.78534088
0.78559753
0.70819428
0.30895686
1.3520819
1.3521071
1.0095766
0.98957316
1.0096159
0.98960699
1.3522017
1.3522262
1.0096972
0.98976208
0.98973201
1.0097607
1.0162861
0.91063992
1.016261
1.3076047
1.3076223
0.91067938
1.2551725
1.2551561
0.96829639
0.98771069
0.96833408
0.98767837
1.0171891
1.3076664
0.9108262
0.91078853
1.0172295
0.9684124
0.98774457
0.96837359
0.98777964
1.2552742
1.3077448
1.3077235
1.2553123
0.87224702
0.94694502
0.87223647
0.94694555
0.92322597
0.9509222
0.9508956
0.92324731
1.2791294
0.81451516
0.81451674
0.85744856
1.1925429
1.2796218
0.92331879
0.95095512
0.95099908
0.92327572
0.87239481
0.94705832
0.94703163
0.87244178
0.857256
1.1924603
1.2792486
0.8145538
0.81454182
1.2796416
0.97007845
1.6775362
0.86229848
0.85364862
1.6774638
0.96999378
2.8131454
2.8130084
0.86211316
0.85359366
0.96973268
1.6775181
0.96992331
1.6774744
2.8133897
2.8132994
1.8351152
1.5709714
1.1953124
1.8677228
1.5523371
1.188191
2.6253823
2.6378782
1.7774162
2.6853176
2.1918145
2.1585328
1.8718837
1.5527947
1.1860828
1.5716939
1.1945554
1.8404161
0.69947282
1.2817951
1.2817893
0.56030191
0.69530366
1.2801306
1.2804834
0.56305151
0.56094785
0.78880373
0.78712425
1.0244174
0.79140819
1.0252056
1.2964875
1.263149
1.2617743
1.2596822
1.2975308
1.2604341
0.79482784
1.0289962
1.0277316
1.2806617
0.69487466
1.2807575
0.56685539
0.69783881
1.2827902
1.2817267
0.56455995
0.78846836
0.5622128
0.79003282
0.80235784
1.0493351
1.2441216
1.0663263
0.80177623
1.0487667
1.2446927
1.0670111
0.65160076
0.55195021
0.47946281
0.46447232
0.6512226
0.55200153
0.47938491
0.4646883
1.0488199
0.80236138
1.0667726
1.2469502
1.2441991
1.0659921
0.80428773
1.0526561
0.55171016
0.65173355
0.4651889
0.48139523
0.47930655
0.46431505
0.65352245
0.55476223
0.60484768
0.56789712
0.53038655
0.49032153
0.60481998
0.56865849
0.52989544
0.49058023
0.64371764
0.68982342
0.71559847
0.7598133
0.64390725
0.69085171
0.71456818
0.75946881
0.56748645
0.60350085
0.49036445
0.53044102
0.52954246
0.489791
0.60403717
0.56838948
0.68942887
0.64267135
0.75861802
0.71444568
0.71422981
0.75858712
0.64288755
0.68976727
1.31318
0.92240437
0.92240682
0.95190834
0.96150277
0.9519526
1.3131975
0.92226148
0.92242711
0.95204392
0.96154433
0.95202325
0.30599122
0.78648681
0.70989021
0.30053347
0.78606745
0.709582
1.2250003
1.2248488
0.9225678
1.3132312
0.92257307
0.96159298
0.95190145
0.95203253
0.95210151
0.96161834
0.95211526
1.313169
0.92220943
0.92254859
0.30820316
0.70867152
0.78563922
0.78593309
0.70872752
0.31013342
0.98879239
0.97911655
0.97909714
0.98736272
0.9435172
0.98738244
0.98877478
0.97904516
0.97907855
0.98743752
0.94355058
0.98742936
0.97504655
0.98340473
0.97506221
0.9420278
0.95458856
0.95462633
0.95459816
0.94203068
0.95462992
0.98341295
0.97502984
0.97508135
0.97915588
0.98886409
0.9791841
0.94368029
0.9875475
0.98753301
0.98747886
0.94365016
0.98752171
0.9888841
0.97920663
0.97921792
1.0096924
0.98975689
1.0096728
0.98977117
1.3530686
1.0085847
0.83563588
1.3530827
0.83562834
0.83558596
1.0085559
0.83562024
1.0097698
0.98989631
0.98985713
1.0097971
1.2569542
1.3092084
1.3092173
1.256939
0.97047179
0.98991823
0.98989162
0.9705024
1.0177361
1.3092494
0.91128982
0.91125844
1.0177495
0.97056014
0.9899438
0.97053127
0.9899711
1.2570289
1.3093039
1.3092756
1.2570587
1.2817719
0.81759488
0.81761208
0.86145171
1.1955601
1.282295
0.92581728
0.95334592
0.92577667
0.95338485
0.87508684
0.94980538
0.87512894
0.94977231
0.86186426
1.1957476
1.2819462
0.81771605
0.81769254
1.282326
2.8228809
2.8230413
0.86692865
0.85870245
0.97703935
1.6862669
0.97673687
1.6861354
2.8230645
2.8230088
2.1578303
2.292562
2.9414736
2.8402218
2.1633942
2.6623552
2.2406423
1.838181
1.5515828
1.8342582
1.5559513
2.2094262
2.7355586
2.6739229
1.9915166
2.6684252
2.2126705
1.8557862
1.5458122
1.5614804
1.8308926
0.78148488
0.57154955
0.78341425
0.56699775
0.56290335
0.78696253
0.78931638
0.65020767
0.5489734
0.4813453
0.46544004
0.65319024
0.55477724
0.47636867
0.46373745
1.0463796
0.80088163
1.0659255
1.2456823
1.2415729
1.0645738
0.80285088
1.0510123
0.54905909
0.65001796
0.46301739
0.47882302
0.47633278
0.46236556
0.65182409
0.55228844
0.64374756
0.68986007
0.71397025
0.75851871
0.64364017
0.68950022
0.71442159
0.75863898
0.56784896
0.60376765
0.48865606
0.52837035
0.52943708
0.48867549
0.60321628
0.56609423
0.68952999
0.64266238
0.75783641
0.71270886
0.71413923
0.75831784
0.64210016
0.68799225
0.30402553
0.7077453
0.78463232
0.78471231
0.70816393
0.31152773
1.3523665
1.0100308
0.98996799
1.0100191
0.99003468
1.3525504
1.3525797
1.0102123
0.99023169
0.99020512
1.0102724
1.0164865
0.91096951
1.0164579
1.3077845
0.91101381
1.2554252
1.2553629
1.3078333
0.96873206
0.98813487
0.96879221
0.98807356
1.0174104
1.307967
0.91117687
0.91114859
1.0166413
0.96885517
0.98818148
0.96883202
0.98821656
1.2556133
1.308034
1.3080071
1.2556357
0.87252932
0.94708733
0.87248525
0.94711901
0.92355569
0.95131901
0.95126895
0.92359849
1.2792806
0.81457542
0.81460825
0.85763671
1.1927641
1.279873
0.92368762
0.95136326
0.95140823
0.92363965
0.87274347
0.94732451
0.94729305
0.87278255
0.85746156
1.1926981
1.2795366
0.81475353
0.81473149
1.2799121
0.96969352
1.6774443
0.86233854
0.85358998
1.6773842
0.96966128
2.8130271
2.812878
0.86220576
0.85354656
0.96934555
1.6773088
0.96959323
1.6773576
2.8132581
2.8133291
1.8391373
1.5512745
1.1879244
1.8345516
1.5561525
1.1889975
2.7404404
2.6767621
1.9969393
2.6712863
2.2419942
2.2142604
1.8557861
1.5443959
1.1774387
1.5603597
1.1851789
1.8306797
0.69701543
1.2789108
1.2817684
0.56811258
0.70161725
1.2834821
1.2836043
0.55642539
0.56302197
0.5678043
0.78408499
0.7861508
1.020173
0.78846697
1.0219316
1.2916405
1.2599084
1.2582795
1.2563863
1.292518
1.2568918
0.79191643
1.0260176
1.0244586
1.2774901
0.69370924
1.2786607
0.56072656
0.55343254
0.55554056
0.69778011
1.2813786
1.2804564
0.55881157
0.78968184
0.79201089
0.80153161
1.0469298
1.2477821
1.0693211
0.8046414
1.0533664
1.2427485
1.068272
0.65012011
0.54879578
0.48098827
0.46485474
0.6530881
0.55456512
0.47601811
0.46328791
1.0464649
0.80076578
1.0658825
1.2459175
1.241876
1.0645496
0.80264729
1.0509755
0.54883621
0.64983302
0.46252982
0.47826462
0.4759426
0.46189231
0.65155363
0.55187028
0.60518657
0.56823105
0.53090607
0.49090127
0.60532624
0.56891113
0.52974841
0.49032891
0.64403484
0.690215
0.71476653
0.75934995
0.64406456
0.69014692
0.71487951
0.75943322
0.56780867
0.60394707
0.48854022
0.52785429
0.52936351
0.48872932
0.60337794
0.56623906
0.68987151
0.64292299
0.75826712
0.71311447
0.71457884
0.75873927
0.64234795
0.68829258
1.3130512
0.9217857
0.92197687
0.95180035
0.96136173
0.9516922
1.3130626
0.92216186
0.92216206
0.9514916
0.96128137
0.95160633
0.30397464
0.78550721
0.70906378
0.3084446
0.78499149
0.70910333
1.2248105
0.92176617
1.312768
0.92167716
0.96131479
0.95153848
0.95149063
0.95146746
0.96125661
0.95147814
1.3126785
0.92158443
0.92171625
0.3045618
0.70810608
0.78479752
0.78490365
0.70850701
0.31126914
0.98873226
0.97920611
0.97920092
0.9875741
0.9437624
0.98758978
0.98878513
0.97921274
0.97921444
0.98764351
0.94379775
0.98763068
0.97461527
0.98308511
0.97464719
0.94166193
0.95425074
0.95421474
0.95412935
0.94161285
0.95417071
0.9831533
0.97474934
0.97472024
0.97925412
0.98878739
0.97931022
0.9440097
0.9878669
0.9878164
0.98770182
0.9439507
0.98777132
0.98886123
0.97942424
0.97938568
1.0100152
0.99003234
1.0099496
0.99007883
1.3533497
1.0089388
1.3534114
0.83579524
1.353378
0.83575502
0.83565778
1.0088866
0.83571648
1.0101706
0.99027495
0.99022642
1.0102089
1.2571569
1.3093343
1.2571021
0.97080955
0.99026352
0.99020832
0.97086146
1.0179085
1.3094907
0.91157012
0.9115321
1.0179375
0.97092101
0.99030705
0.97089641
0.99034325
1.257327
1.3095542
1.3095261
1.2573554
1.2819869
0.81774912
0.81779195
0.86198966
1.1959224
1.2826043
0.92616078
0.95370065
0.92610936
0.95374775
0.87544112
0.95011739
0.87548483
0.95007243
0.86244605
1.1961308
1.2823136
0.81801736
0.81797698
1.2826572
2.8239723
2.8243313
0.86761013
0.85942637
0.97823604
1.6877859
0.97785133
1.6875
2.824892
2.8245789
2.1844854
2.1667402
2.6418478
2.6581776
1.7847735
2.742954
2.2603507
1.8808924
1.565967
1.8605819
1.5751599
2.2615607
2.8334529
2.7682952
1.9755745
2.8309328
2.1652952
1.8355713
1.5517241
1.5508374
1.8361988
0.79125699
0.79344383
0.55763068
0.56570325
0.78640586
0.78554589
0.64810932
0.5500641
0.47820907
0.4620963
0.64904321
0.5513857
0.47739803
0.46176882
1.0503704
0.80472068
1.0665466
1.24263
1.2450025
1.0669912
0.8037882
1.048073
0.55196352
0.65352835
0.46296017
0.4790057
0.47880541
0.46338615
0.65288328
0.5516628
0.64084539
0.68733314
0.71228743
0.7567263
0.64082161
0.68755175
0.71191115
0.75668052
0.5665876
0.60240425
0.4880009
0.52742314
0.52893254
0.48876463
0.60198256
0.5653858
0.68752636
0.64123637
0.75657097
0.71232339
0.71204789
0.75656187
0.6409602
0.68750864
0.31252863
0.70700168
0.78500472
0.78458285
0.7069518
0.31388774
1.3527249
1.010443
0.9903745
1.0104685
0.99040327
1.3527894
1.3527888
1.0104652
0.99038383
0.99040843
1.01051
1.0176259
1.308158
0.91126881
1.016753
1.308065
0.91128328
1.2557042
1.2556649
1.3081034
0.96894698
0.98840328
0.96894836
0.98837937
1.0176996
1.3081857
1.3081928
0.91125212
0.91126632
1.0177423
0.96888865
0.98841106
0.96892666
0.98840669
1.2557442
1.3082141
1.3082023
1.2557362
0.87283614
0.94735355
0.87281171
0.94738098
0.92384438
0.95157427
0.95156164
0.92385619
1.2795635
0.8147812
0.81481734
0.85769434
1.1929431
1.2801224
0.92387301
0.95157766
0.95157851
0.92386268
0.87288674
0.947495
0.94748246
0.87288702
0.85737148
1.1928562
1.2797276
0.81492799
0.81491647
1.2801464
0.96927362
1.6768932
0.86236855
0.85342379
1.6767232
0.96912035
2.8126497
2.8126925
0.86215127
0.85334236
0.96856903
1.6756239
0.96899367
1.675951
2.8112071
2.8118273
1.8799353
1.5655639
1.1893841
1.8622129
1.5734521
1.1909907
2.263466
2.837018
2.7692121
1.9830482
2.8336392
2.2488936
2.1649611
1.8353524
1.5508201
1.1851186
1.5495828
1.1843742
1.8361721
0.68973799
1.2797117
1.277409
0.69328597
1.2808216
1.2787321
0.55871159
0.55385107
0.55598153
0.79388603
0.79591345
1.0288724
0.79786741
1.0301695
1.2966736
1.2605156
1.2625206
1.2626023
1.2970476
1.2633922
0.79603072
1.0255872
1.0287899
1.2819447
0.70173068
1.2823017
0.56322209
0.56401201
0.69997263
1.2800464
1.2817192
0.56294071
0.78833876
0.78759505
0.79841661
1.048514
1.2455817
1.0631619
0.79938177
1.0502653
1.2440308
1.0621831
0.64773121
0.54970358
0.47762309
0.46143218
0.64862641
0.55092321
0.47692611
0.46115114
1.0505421
0.80471986
1.0669037
1.2432826
1.2454517
1.0672712
0.80389153
1.0484694
0.5516973
0.65344531
0.46276638
0.47882388
0.47842897
0.46307299
0.65289724
0.55161589
0.60211145
0.56596184
0.52760562
0.48734376
0.60206456
0.56590152
0.52801122
0.48736597
0.64093557
0.68763325
0.71266342
0.757125
0.64094778
0.68780648
0.71241181
0.75708478
0.56652604
0.60267776
0.48776068
0.52757424
0.52838153
0.48842097
0.60238093
0.5657417
0.68779962
0.64138472
0.75717092
0.71252348
0.71251173
0.75720983
0.641183
0.68765006
1.313056
0.92225915
0.92221634
0.95166147
0.96154045
0.95180361
1.3129273
0.92181833
0.92212032
0.95207537
0.96164105
0.9519687
0.31307238
0.78474837
0.70718387
0.31286274
0.78481368
0.70718514
1.2246305
0.92242861
1.3132262
0.92248716
0.96200086
0.95241063
0.95238123
0.95221769
0.96194506
0.95233072
1.3133073
0.9224767
0.92261609
0.3131607
0.70739423
0.78531968
0.78494034
0.7074073
0.31545482
0.98900969
0.97957935
0.97955182
0.98792541
0.94415679
0.98796697
0.98898798
0.97948005
0.97952774
0.98804022
0.94419817
0.98802437
0.97496498
0.98351038
0.9750891
0.9422355
0.95486042
0.95476394
0.95449879
0.94214421
0.95464707
0.9836207
0.97531652
0.97522936
0.97963253
0.9891852
0.97967511
0.94429171
0.98813042
0.98813003
0.98808639
0.94428513
0.98812764
0.98926078
0.97972209
0.97972121
1.0104118
0.99040339
1.01036
0.9904343
1.0092081
0.83604466
0.8360308
0.8359535
1.0092059
0.83600696
1.3536708
1.0104732
0.99047339
0.99047892
1.0104621
1.2574381
1.2573921
0.97104964
0.99058033
0.99054137
0.97106627
1.0181304
1.3097049
0.91170766
0.91170932
1.0181439
0.97104423
0.99060451
0.97106209
0.9906182
1.2575317
1.3097462
1.3097281
1.2575404
1.282358
0.81806498
0.81811999
0.86250011
1.1963056
1.2829687
0.92642658
0.95398065
0.92639933
0.95399905
0.87568632
0.95040889
0.87570062
0.95037577
0.86284921
1.1965002
1.2826418
0.81835361
0.81832006
1.2830138
2.8262147
2.8263997
0.86828172
0.86022376
0.97938805
1.6906469
0.97904232
1.6901333
2.8287156
2.8278983
2.2573908
2.1550769
2.8249135
2.9280052
2.1413394
2.8312508
2.2024897
1.8385615
1.5685888
1.8624152
1.5565581
2.2650408
2.6821353
2.6486645
1.9098463
2.8409906
2.1824722
2.266816
1.8656317
1.5761277
1.5730606
1.877376
0.79027807
0.78681068
0.56913221
0.56551657
0.79062603
0.78948333
0.65237381
0.5541675
0.47848846
0.46264249
0.65019288
0.5508008
0.48086551
0.46388975
1.052609
0.80233647
1.0637147
1.2453471
1.2470213
1.0643398
0.80132344
1.0503297
0.55402292
0.65197913
0.46330261
0.47878935
0.48082332
0.46410033
0.65095755
0.55169169
0.64242749
0.68952352
0.71263872
0.75794238
0.6416196
0.68774344
0.71426945
0.75856076
0.56862161
0.60441554
0.48940721
0.52887196
0.53083655
0.49023388
0.60387654
0.56696722
0.68980553
0.6432298
0.75896975
0.71333414
0.71449974
0.75929633
0.64277642
0.68856249
0.30259659
0.70896457
0.78552994
0.78569274
0.70922072
0.30248131
1.3527796
1.3527848
1.0103989
0.99028287
1.010436
0.99026884
1.3527869
1.352842
1.3528222
1.0103657
0.99010501
0.99016188
1.0103817
1.0177495
1.3082902
1.3082646
0.91117593
1.0177615
0.91115094
1.2557439
1.3082249
1.255735
1.3082398
0.96865732
0.98841278
0.96861679
0.98839511
1.0177925
1.3083208
1.3083688
0.91104585
0.91107001
1.0178376
0.96853014
0.98843102
0.96857404
0.98845416
1.2558331
1.3084919
1.3084225
1.2558603
0.87287064
0.94750576
0.87287914
0.94751736
0.92385003
0.95150208
0.95151437
0.92384245
1.2797544
0.81494333
0.81497339
0.85735123
1.1930038
1.2803089
0.92385006
0.95149105
0.95148896
0.92383897
0.8728592
0.94770519
0.94766009
0.87287327
0.85718646
1.1930507
1.2800507
0.81512339
0.81509207
1.2803564
0.96845117
1.6746076
0.8621994
0.85297627
1.6742304
0.96819912
2.810108
2.8097218
0.86217509
0.85291298
0.96772499
1.672756
0.96807648
1.6730923
2.8076696
2.8082734
1.8375111
1.5671687
1.1928816
1.8617877
1.5547336
1.1892361
2.2632634
2.6877265
2.6500146
1.9038618
2.8427631
2.1834575
2.2702954
1.8671473
1.5753229
1.1969006
1.5729148
1.1986254
1.8774149
0.6996062
1.2835904
1.2825803
0.69416183
1.2786753
1.2801199
0.56853058
0.56621557
0.56098169
0.79223674
0.78886181
1.0318165
0.79422964
1.0279199
1.297927
1.2612011
1.2605733
1.2651957
1.3002944
1.2628797
0.79157526
1.0272735
1.0254457
1.2831546
0.6971075
1.2816194
0.56288804
0.56756005
0.69481781
1.2810664
1.2806196
0.7925392
0.56457218
0.79159597
0.80316227
1.05316
1.2425622
1.0643418
0.80066356
1.0474936
1.2476956
1.0661157
0.65224394
0.55382246
0.47828156
0.46258419
0.65016617
0.55072823
0.48039207
0.46397609
1.0526526
0.8022449
1.0640283
1.245953
1.2473491
1.0645475
0.801357
1.0506577
0.55365101
0.65180731
0.46319315
0.47848709
0.48031998
0.46401182
0.65091911
0.55157057
0.60413207
0.56885559
0.5278602
0.48881448
0.60312798
0.56601291
0.53091126
0.49021804
0.64276953
0.68980056
0.71282044
0.75813117
0.64191889
0.68790003
0.71453476
0.75876492
0.56923759
0.60523103
0.48979411
0.52908595
0.53123359
0.49069642
0.60471208
0.56752972
0.69015174
0.64382332
0.75944348
0.71402765
0.71484203
0.75965998
0.64339059
0.68917417
1.3134854
0.92214771
0.92241498
0.9524626
0.96203355
0.95247839
1.3135131
0.92258051
0.9226343
0.95238496
0.9620136
0.95247275
0.30589448
0.78547421
0.70818337
0.31473727
0.7858656
0.70870955
1.2258337
0.92207661
1.3134568
0.92196268
0.96185076
0.95227781
0.95231402
0.95235823
0.9618905
0.95234956
1.313474
0.92158124
0.92192562
0.30332696
0.70937301
0.78589657
0.78592987
0.709532
0.30344385
0.98935741
0.97968712
0.97971697
0.98813685
0.94425582
0.9881248
0.98936179
0.97973795
0.97974267
0.98808604
0.94423448
0.98812725
0.97555861
0.98390202
0.97558564
0.94230929
0.95510392
0.95511317
0.95509478
0.94234889
0.95512061
0.9839356
0.97562639
0.97562592
0.97968161
0.98936682
0.9796726
0.94412019
0.98805055
0.98805623
0.98808017
0.94414858
0.98808039
0.98939229
0.97966643
0.97968186
1.0104261
0.99041156
1.0104317
0.99038043
1.3537491
1.0091325
0.83595296
0.83597285
0.83600673
1.0091473
0.83599858
1.3537965
1.0104254
0.99028748
0.99030565
1.010432
1.2575768
1.3097947
1.2575551
0.97091506
0.99072921
0.99069787
0.97088917
1.0182462
1.3099555
0.91158995
0.9115979
1.0182762
0.97082418
0.99075942
0.97085852
0.99079283
1.257711
1.3100867
1.3100123
1.257743
1.2826779
0.81839165
0.81843634
0.86267235
1.1965665
1.2832907
0.92651557
0.95401924
0.92649275
0.9540286
0.87577123
0.95072069
0.87579144
0.9506636
0.86266636
1.1966334
1.2830885
0.81868625
0.8186414
1.2833632
2.830382
2.8309537
0.86871118
0.86089394
0.9803984
1.6945337
0.9800526
1.693967
2.833867
2.8330219
2.1647661
2.6654108
2.6175638
1.6856953
2.6676791
2.2767962
1.8928923
1.5640005
1.8564364
1.5842647
2.9446645
2.8660983
2.0859909
2.8590669
2.1971343
2.1794365
1.8352296
1.5585541
1.5532155
1.8412747
0.79048347
0.7912476
0.56071069
0.56918893
0.78515563
0.57026779
0.78410903
0.64941455
0.55047488
0.47851368
0.4612381
0.65017662
0.55150872
0.47791834
0.4608321
1.0501119
0.80478567
1.068119
1.2457863
1.2452231
1.0683291
0.80447684
1.0505358
0.55163538
0.65323713
0.46267337
0.47869516
0.47867353
0.46270733
0.65309695
0.55190994
0.64038459
0.68683193
0.71269405
0.75712504
0.64069822
0.68785834
0.71155355
0.75677714
0.5658648
0.60209785
0.48789305
0.52784409
0.52778219
0.48804927
0.60227311
0.56579937
0.6868973
0.64080636
0.75648042
0.71083975
0.71147047
0.75673339
0.6406985
0.68639431
0.30558962
0.7065391
0.78410918
0.78504911
0.70683288
0.30459621
1.3530536
1.3528928
1.3529687
1.0105064
0.99005004
1.0104534
0.99007998
1.3534874
1.353935
1.3537037
1.0108705
0.99018793
0.99017068
1.0110448
1.0180152
1.308919
1.308775
0.91103894
1.0179729
0.91105806
1.2559338
1.3085596
1.2558857
1.3086532
0.96831269
0.98885015
0.96830108
0.98873103
1.0182379
1.3090827
0.91118815
0.91114476
1.0183553
0.96831303
0.98898897
0.96830082
0.98915098
1.2563454
1.3098248
1.3095338
1.2564394
0.87291092
0.94775312
0.87288822
0.94781315
0.92396831
0.95155195
0.95151886
0.92401918
1.2806259
0.81516679
0.81520859
0.85705554
1.193321
1.2809818
0.92417499
0.95159683
0.95165952
0.92408492
0.87318845
0.9484087
0.94827414
0.87328491
0.85695969
1.1934244
1.2813921
0.81521243
0.81525689
1.2811563
0.96768018
1.6719654
0.86246446
0.85273681
1.6717386
0.96765424
2.8067106
2.8063406
0.8627752
0.85275146
0.96797592
1.6716905
0.96767507
1.6715375
2.8059577
2.8058327
1.8939837
1.5641866
1.1902846
1.8574842
1.5844807
1.2000891
2.2722788
2.9484413
2.8677099
2.0957478
2.8605485
2.1977318
2.1804988
1.8353366
1.5577427
1.1912522
1.5526673
1.190463
1.8411569
0.69245951
1.2805623
1.2792061
0.69429573
1.280954
1.2797266
0.55863096
0.55975198
0.79231541
0.79305559
1.0297938
0.79808647
1.0320489
1.2989256
1.2615497
1.2635642
1.2644225
1.3008889
1.266326
0.79424632
1.0256182
1.0286332
1.2826068
0.70063698
1.28297
0.56533202
0.5665649
0.56631628
0.69705488
1.2811146
1.2820215
0.787236
0.56786128
0.78609973
0.79979206
1.0484961
1.2457108
1.0641734
0.80054176
1.0503158
1.2442581
1.0639986
0.64941062
0.5503612
0.47821506
0.46119436
0.650137
0.55136473
0.47760767
0.46071471
1.050545
0.80487392
1.0683757
1.2462213
1.2459035
1.0686392
0.80446022
1.0507063
0.55152034
0.65321918
0.46222704
0.47826062
0.47835685
0.46246181
0.65297736
0.55161325
0.60207051
0.56562552
0.52818898
0.48696004
0.60241053
0.56667401
0.52681447
0.48606203
0.64092172
0.68745607
0.7133944
0.75793409
0.64125946
0.68847569
0.7122892
0.75759953
0.56613395
0.60275869
0.48760267
0.52738944
0.52754735
0.48815062
0.60264005
0.56587894
0.68753386
0.64126239
0.75686732
0.71126309
0.71222153
0.75716801
0.64109418
0.68679357
1.313128
0.92079486
0.92107754
0.95228546
0.96174558
0.95228974
1.3132139
0.92146912
0.92136069
0.95230168
0.96170111
0.95231988
0.30709712
0.78583641
0.70811776
0.30512702
0.78550804
0.70778786
1.2256808
0.92067261
1.3130562
0.92047112
0.9613478
0.952417
0.9523726
0.9523318
0.96145925
0.95236138
1.313109
0.92002713
0.920365
0.30626839
0.70686678
0.7843193
0.78533706
0.70719556
0.30497045
0.98941334
0.97964707
0.97968062
0.98807152
0.94409269
0.98808299
0.98944044
0.97968617
0.97970087
0.98809162
0.94409086
0.98811044
0.97527856
0.98360107
0.97511949
0.94143131
0.95413418
0.95431345
0.95467115
0.94161925
0.95450724
0.98347508
0.97480274
0.97497246
0.97962526
0.98923829
0.97958782
0.9440549
0.98812263
0.98810926
0.98810461
0.94406305
0.9881194
0.98917445
0.97951493
0.97956273
1.0105852
0.99024429
1.0105139
0.99024495
1.3544744
1.0094137
0.83550792
0.83563124
0.83579568
1.0093542
0.8357339
1.3547
1.0109534
0.99038929
0.99033878
1.0111143
1.2578217
1.3101577
1.3102535
1.2577718
0.97062702
0.99121407
0.9910933
0.97061682
1.0187054
1.3106924
0.91173995
0.91169042
1.0188034
0.97063027
0.9913548
0.97061826
0.99151718
1.2582415
1.3114409
1.3111476
1.2583351
1.2831813
0.81873138
0.81878303
0.86268446
1.1970319
1.284057
0.92687743
0.95416765
0.92678421
0.95423275
0.87614139
0.95146342
0.87623645
0.95132402
0.86302722
1.1972886
1.2844953
0.81883611
0.8188723
1.2842421
2.8357244
2.8364752
0.8699972
0.86175288
0.98205605
1.6985844
0.98137715
1.6980578
2.8389798
2.8384516
2.625422
2.6481994
1.7365715
2.8174185
2.1892607
1.8768545
1.555147
1.8393145
1.5748423
2.6656431
2.6748203
1.791042
2.8710124
2.2070386
2.1431694
1.8619749
1.5539756
1.5657387
1.8412442
0.78537187
0.78500958
0.75900995
0.79029238
0.6511679
0.55014392
0.47817577
0.46034795
0.65132861
0.55137075
0.4765888
0.45905631
1.0527681
0.80248401
1.067245
1.2489766
1.2500309
1.0684407
0.80075843
1.0542487
0.54959086
0.65052383
0.46869908
0.48273555
0.4759619
0.45981081
0.65179257
0.55976666
0.63627665
0.68120027
0.71004717
0.75410295
0.63799994
0.68557138
0.70600615
0.75268172
0.55824063
0.59642114
0.49601127
0.54845087
0.52071265
0.48459884
0.60444895
0.58165564
0.68020183
0.63499233
0.75717069
0.71645786
0.70508926
0.75141378
0.64182129
0.69393377
0.3833416
0.70353105
0.77491221
0.7852146
0.6993679
0.40313779
1.3546998
1.3542193
1.3545194
1.0114167
0.99025538
1.011488
0.99018848
1.3527543
1.3450477
1.008293
0.98737939
0.98854539
1.0069107
1.0190258
1.3107941
1.3107131
0.91145287
1.0188269
0.91158514
1.2564762
1.3101412
1.2564945
1.3104819
0.96796905
0.98980529
0.96738359
0.98994206
1.0184593
1.3098347
0.90880536
0.91102691
1.0179558
1.3009399
0.9639433
0.98919789
0.96591299
0.98793388
1.2458636
1.3086483
1.2492801
0.8735098
0.94856839
0.87339096
0.9487574
0.92473955
0.95170465
0.95186908
0.92476396
1.2816967
0.81515672
0.81510267
0.85667716
1.1928658
1.2827471
0.92383193
0.95127451
0.95025048
0.92459688
0.87080093
0.94521488
0.94823881
0.86674172
0.85218859
1.191235
1.2796114
0.81627838
0.8066863
1.2818456
0.96823562
1.6727048
0.86363103
0.85296767
1.6728893
0.96951856
2.8074696
2.8073727
0.86146284
0.85265767
0.94326835
1.6331382
0.96949496
1.6566064
2.7278422
2.7761397
1.8782479
1.5548831
1.1870369
1.8398534
1.5751133
1.1953934
2.2984932
2.6718625
2.6789321
1.8034598
2.8750752
2.2068109
2.1423424
1.8617658
1.5535051
1.1805042
1.5647563
1.1881267
1.8417082
0.69093651
1.2815723
1.280679
0.56659291
0.69384471
1.281369
1.2813271
0.78733105
0.56626311
0.78695787
1.024732
0.78899732
1.0246843
1.2889075
1.265898
1.2551174
1.2615433
1.2958105
1.2611217
0.7898015
1.036875
1.0206264
1.2816237
0.6927831
1.2830269
0.58688756
0.57132945
0.69171914
1.2905704
1.2845657
0.59069531
0.76083384
0.56990207
0.792275
0.80279806
1.0520296
1.2468346
1.0682217
0.80275241
1.050943
1.2487484
1.0687081
0.65115624
0.54993205
0.47776258
0.45986338
0.65128581
0.55110444
0.47622122
0.45865107
1.0530157
0.80251368
1.0675949
1.249702
1.2505331
1.0687206
0.80091209
1.0547428
0.5493515
0.65045433
0.46842685
0.48252657
0.47558244
0.45942573
0.65184254
0.55974087
0.59768761
0.55905204
0.52652358
0.48482093
0.59963126
0.56493314
0.52125182
0.48312408
0.63653636
0.68157954
0.71047628
0.75452508
0.63830116
0.68597497
0.70645254
0.75311898
0.55791992
0.59636878
0.4956948
0.54841023
0.52041502
0.48410646
0.60404592
0.58155131
0.68056542
0.63512613
0.75766297
0.71690958
0.70553859
0.75188992
0.64189217
0.6942638
1.3127762
0.91893481
0.91949706
0.95253022
0.9610131
0.95265687
1.3131548
0.91997774
0.91992746
0.95279362
0.96087733
0.95274446
0.34607745
0.78381693
0.70449182
0.30714605
0.78355998
0.70297728
1.2128917
0.9180157
1.3084098
0.91807666
0.95926632
0.95309678
0.9531419
0.95276368
0.96018901
0.95297902
1.3054064
0.92351437
0.91865509
0.38361171
0.70401744
0.77528111
0.78552311
0.69982914
0.40332484
0.98901518
0.97950702
0.97953605
0.98817692
0.94415321
0.9882432
0.98903808
0.97951518
0.97953216
0.98837796
0.9442292
0.98834589
0.97452979
0.98271997
0.97445588
0.94072517
0.95176416
0.9540339
0.9538959
0.94081826
0.9539146
0.98241313
0.97210725
0.97448783
0.97939024
0.98850747
0.97886748
0.94134491
0.9833206
0.98625386
0.98830166
0.94345101
0.98771607
0.98790207
0.97458111
0.97767553
1.0115777
0.99047296
1.0115713
0.99041079
1.3537506
1.0086462
0.8389139
0.82436534
0.83426047
1.009197
0.83492095
1.3460516
1.0096123
0.98872451
0.98896105
1.0082217
1.258363
1.3117571
1.312096
1.2583871
0.97025721
0.99214171
0.99228817
0.96966082
1.0189858
1.31145
0.90953411
0.9116318
1.0193792
0.96620579
0.99152763
0.9681812
0.99025904
1.2477205
1.3103071
1.3025817
1.2511343
1.2848062
0.81878673
0.81873678
0.86260514
1.1966657
1.2858693
0.92652421
0.95382908
0.92728831
0.95280223
0.87375825
0.94829393
0.95129151
0.86971573
0.85840747
1.1951727
1.2826898
0.81990042
0.81039681
1.2849743
2.8400859
2.840194
0.86891613
0.86205273
0.95869618
1.6607809
0.98379273
1.6842945
2.7613269
2.8098769
)
;
    }
}


// ************************************************************************* //
