/*--------------------------------*- C++ -*----------------------------------*\
| =========                 |                                                 |
| \\      /  F ield         | OpenFOAM: The Open Source CFD Toolbox           |
|  \\    /   O peration     | Version:  2412                                  |
|   \\  /    A nd           | Website:  www.openfoam.com                      |
|    \\/     M anipulation  |                                                 |
\*---------------------------------------------------------------------------*/
FoamFile
{
    version     2.0;
    format      ascii;
    arch        "LSB;label=32;scalar=64";
    class       volScalarField;
    location    "900";
    object      yPlus;
}
// * * * * * * * * * * * * * * * * * * * * * * * * * * * * * * * * * * * * * //

dimensions      [0 0 0 0 0 0 0];

internalField   uniform 0;

boundaryField
{
    inlet
    {
        type            calculated;
        value           uniform 0;
    }
    outlet
    {
        type            calculated;
        value           uniform 0;
    }
    topandbottom
    {
        type            calculated;
        value           uniform 0;
    }
    front
    {
        type            symmetryPlane;
    }
    back
    {
        type            symmetryPlane;
    }
    airfoil
    {
        type            calculated;
        value           nonuniform List<scalar> 
12960
(
52.189903
47.583258
56.109172
47.506933
47.589535
46.963842
42.457603
47.112739
42.600168
46.597735
47.080219
47.178406
56.202549
56.055871
47.098731
55.266971
47.045869
54.353903
46.448556
48.084963
56.550493
47.395889
42.026473
47.393341
55.146215
47.497122
42.485201
47.075859
47.746474
47.074683
56.275901
47.422326
51.582683
51.623926
46.115292
42.581019
54.416304
54.38493
46.323658
55.248747
41.286764
42.265877
40.582453
42.327656
40.327432
40.068066
40.509459
46.990912
40.245414
55.781376
39.941669
40.211514
39.882565
55.20161
40.042646
55.552401
39.839009
40.02716
39.617799
46.142888
39.800829
55.825163
39.900234
40.163114
39.663823
46.991902
39.907816
42.652227
39.93079
39.736316
40.009792
47.890761
40.097871
41.928404
40.212807
39.87938
40.46649
47.438253
40.287055
47.545339
40.37533
40.215991
40.107319
42.754463
39.806232
55.598488
39.93461
39.994591
39.654228
47.007653
39.579739
54.51456
39.806923
39.783442
39.599882
41.284477
39.352611
42.779209
40.99617
39.893417
19.344189
47.919872
40.723428
40.59644
19.092883
19.023256
42.153485
40.45647
40.113227
18.921287
19.020964
19.095147
41.793403
39.816199
39.883598
18.943573
18.926549
56.01314
40.060947
40.269709
19.207898
19.253634
19.223825
55.705662
40.02408
40.069309
19.298133
47.339457
39.835033
39.855001
19.058356
19.15928
18.960304
46.168923
39.643647
39.808264
55.81126
39.896728
40.162313
19.078729
19.184106
55.887594
40.013848
40.141079
19.078038
19.122854
46.610668
39.968319
39.914819
18.98464
19.030232
18.982298
19.104757
56.285581
40.354298
40.330514
19.165525
19.187264
42.042032
40.113166
39.842667
18.966037
19.029054
18.894891
18.936895
41.665407
39.961445
40.014108
18.734321
18.800196
41.798057
39.946021
39.967942
19.033101
18.939632
18.734955
18.80214
18.90454
46.381154
39.859313
39.922872
18.939999
18.930838
47.210292
39.617632
39.796708
19.217143
19.184929
18.939349
19.054438
19.173985
54.339765
39.717909
39.717444
19.362963
19.300336
54.426776
39.701555
39.723882
19.335722
19.386628
19.066577
41.144642
39.73227
39.40118
18.996304
18.900131
46.906769
39.974223
39.834025
19.580478
19.100511
56.619969
47.205651
42.640586
46.541925
46.731892
47.743527
56.501062
47.330585
56.138037
47.900262
47.118734
46.947457
42.454141
42.679512
46.941487
42.301255
46.867671
42.308297
48.281177
48.276796
42.326149
46.714285
19.022195
20.037194
56.335746
47.664735
19.079141
19.071575
18.926665
19.079112
41.877282
46.808857
19.200106
19.07296
56.367501
18.960911
47.332668
19.065128
19.04649
18.996357
46.786399
47.249391
19.127959
19.039469
41.84029
47.191846
18.961101
19.153086
19.096944
19.029208
55.481542
55.547873
19.398083
19.399667
18.976957
48.123916
56.510845
19.175059
52.300118
51.92243
19.238109
18.935893
47.79641
43.253213
19.077803
19.086856
19.745839
19.10493
41.174405
55.262628
40.37106
55.79246
40.000351
40.239948
39.791582
46.998397
40.083834
41.980664
40.319497
40.036192
40.357228
41.89755
40.141016
43.162801
40.296829
40.097443
40.482332
48.180468
40.320643
42.07078
40.211516
39.922395
40.413734
47.342114
40.185937
56.349261
40.161446
40.315893
40.101803
46.4668
40.02596
55.810514
39.965979
40.267326
39.690547
46.874957
39.909368
47.195171
39.799671
39.983694
40.097647
56.008508
40.373284
42.673391
40.28947
40.212236
40.606303
47.187681
40.679907
52.205362
40.487499
40.493884
40.725553
57.152522
40.933364
56.635562
41.456854
40.98932
19.006956
46.905205
39.623235
39.875517
19.119087
19.239432
55.551749
39.905456
40.211309
19.155151
19.177272
18.920723
19.271858
19.518795
19.265552
19.02139
55.962778
40.462014
40.410166
19.216593
19.231537
42.281026
40.237462
39.98622
19.218793
18.933751
19.136571
18.889365
18.911574
19.308032
52.167886
40.136791
40.097018
19.337033
18.839842
18.805392
46.840442
40.348073
40.315088
18.929999
19.159966
18.966751
18.833116
18.970661
19.170224
18.971581
48.168141
40.444609
40.308728
18.971341
19.166309
19.153277
42.045254
40.221175
39.925335
18.943579
19.062122
19.180646
18.947668
19.154125
19.053184
42.89067
40.072554
39.917439
19.042134
18.999891
47.97393
40.120141
40.167228
19.135089
18.931676
19.191753
19.08821
19.138703
19.069317
19.077024
41.709784
39.766977
39.773077
18.937083
55.965535
40.055719
40.302801
18.876703
19.246278
19.014301
19.23081
19.090502
54.949194
40.214387
40.164723
55.161492
40.226892
40.204274
19.087934
19.188107
19.184891
19.32705
19.330976
19.138617
19.212175
48.154447
40.358612
40.288877
47.988905
40.582878
40.433461
18.898485
19.182464
19.071353
19.184392
18.938483
19.198695
42.234036
40.507627
40.50361
18.766382
18.823069
51.882268
40.5383
40.534128
18.907375
18.746466
19.378937
18.757282
18.915723
18.804299
18.919616
56.858681
40.55934
40.873735
19.17669
19.268935
47.734408
40.288508
40.551164
19.040455
19.187076
19.243317
19.380923
0.79133516
1.2996425
1.2964589
0.81558256
1.2191588
1.2693809
0.98296914
0.93881176
0.94087158
0.97983832
1.0068655
1.0099456
1.9675881
1.9386541
1.3062195
1.30138
0.85577887
0.9599017
0.96432073
0.85859577
0.79400436
1.3010757
0.79508175
1.2968172
1.2260594
1.2263357
0.98327271
0.94112203
0.9830591
0.94149893
1.0094017
1.0090764
1.9344263
1.9367487
1.3085099
1.3087449
0.85584354
0.96384287
0.85581917
0.96358335
0.7982647
1.2998509
0.79477976
1.2990626
1.2256159
1.2256603
0.98315848
0.94181147
0.98334069
0.94170339
1.0087095
1.0084891
1.9575832
1.9566669
1.3080406
1.3081829
0.85566584
0.96330703
0.85575427
0.96318322
0.79638164
1.2973956
0.79316671
1.2966594
1.2255308
1.2256021
0.98269877
0.94142939
0.98285308
0.94127177
1.0081487
1.0079892
1.9487494
1.9568503
1.3077361
1.3078405
0.8555358
0.96302003
0.85556876
0.96294972
0.79626371
1.2956961
0.7913293
1.2969419
1.2253275
1.2254361
0.98249129
0.94115306
0.98252386
0.94116864
1.0078438
1.0078221
1.9441326
1.9613988
1.3075656
1.3076214
0.85546632
0.9628828
0.85550139
0.96285996
0.79546919
1.2966343
0.79160978
1.2972566
1.2254488
1.2254473
0.98260519
0.94122674
0.9825039
0.94134895
1.0078468
1.007898
1.9522176
1.9632832
1.3075386
1.3075257
0.85532205
0.96285132
0.85538554
0.96286276
0.79790114
1.2968967
0.79487748
1.2993469
1.2251685
1.2256069
0.98293138
0.9416798
0.98279176
0.94189681
1.0080162
1.0080802
1.976164
1.9314243
1.3077492
1.3076702
0.85525047
0.96293074
0.85525397
0.96296582
0.79612322
1.300848
0.79873884
1.3027123
1.225732
1.2252726
0.98287199
0.94185039
0.98294268
0.94160974
1.0080618
1.0079983
1.9517373
1.9519283
1.3077006
1.3077737
0.85520005
0.96291427
0.85523377
0.96281358
0.79296916
1.2987847
0.79320594
1.2989053
1.2254169
1.2257188
0.98258762
0.94110559
0.98271525
0.94085364
1.0079867
1.0081048
1.9678749
1.9672219
1.3077167
1.3076427
0.85514527
0.96271432
0.85517281
0.96278714
0.79093944
1.29753
0.79357493
1.2969732
1.2232863
1.2258629
0.98204933
0.94022991
0.9821782
0.93995686
1.008617
1.0091021
1.9464842
1.9277905
1.307113
1.3080462
0.85519441
0.96319302
0.85502594
0.96358395
1.1875788
1.1839079
1.9631665
1.9380477
1.8307152
1.8537686
1.1913597
1.1914992
1.9396587
1.9742829
1.8320823
1.8378222
0.69358717
0.7127829
0.79219243
1.3009133
1.2987824
0.7983605
0.69424723
0.69964326
1.3101609
0.95710891
0.96060808
1.3169366
1.2240963
1.2264681
1.312176
0.96120231
0.96085455
1.313283
0.98888813
0.93746561
0.94414428
0.98542406
0.98299785
0.94102779
0.94085526
0.98302793
0.98895661
0.94400556
0.94424808
0.98888146
1.3055276
1.3006967
0.98537935
0.94584879
0.95035762
0.98468023
1.0095688
1.0100531
1.3072022
1.3080471
0.98691582
0.95032193
0.95053768
0.98794154
0.85441397
0.96004927
0.96448191
0.85726096
0.85465359
0.96406459
0.96451154
0.85441333
1.833298
1.8543265
1.9384541
1.9819715
1.8329848
1.8443896
1.218811
1.2693563
1.2239314
1.2264399
0.98619839
0.9455958
0.95009574
0.98549311
1.3079024
1.3088233
0.98774551
0.95017675
0.95026676
0.98881308
0.8560257
0.96395527
0.96434075
0.85581462
1.1992483
1.1894446
1.9343461
1.9566538
1.8289435
1.8600953
1.1887009
1.1969404
1.9817535
1.9523367
1.8855329
1.827713
0.69638862
0.6966229
0.79182643
1.2988119
1.2974579
0.79907208
0.69461912
0.70216154
1.3131245
0.9612691
1.3132692
0.96141333
1.2259961
1.2256586
1.3131563
0.96159597
0.96147877
1.3131141
0.98892772
0.94394819
0.98888214
0.9438199
0.98334454
0.9418322
0.94162904
0.98339361
0.98895851
0.94369637
0.94380125
0.9889232
1.3076913
1.3080359
0.98794766
0.95030761
0.98799753
0.94999296
1.0087986
1.0090096
1.307634
1.3073337
0.98796269
0.9497939
0.94993806
0.98791341
0.85437717
0.96395826
0.85440103
0.96362062
0.8543727
0.96330236
0.96353806
0.85433627
1.823685
1.8340461
1.9848542
1.9556958
1.8871465
1.829495
1.2261652
1.2263562
0.98891415
0.95011177
0.98888698
0.94995438
1.3084716
1.3082678
0.98895334
0.94981961
0.94991182
0.9889906
0.85583739
0.96335114
0.96351386
0.85577974
1.1985645
1.1895673
1.9580519
1.9533518
1.8304065
1.8635456
1.1881174
1.1962958
1.9553022
1.9512337
1.8622064
1.8266801
0.70101151
0.69769456
0.79400706
1.2982053
1.2985545
0.79775096
0.69708235
0.70099696
1.3130619
0.96159826
1.3131792
0.96144733
1.2256575
1.2255769
1.3130636
0.96115726
0.96138228
1.3128509
0.98868409
0.94365834
0.98888435
0.94348167
0.98309976
0.94150771
0.94166398
0.98292307
0.9886249
0.94323602
0.94342775
0.98842422
1.3070507
1.3073084
0.98788666
0.9498102
0.98794035
0.94956402
1.0082272
1.0084285
1.3070238
1.306779
0.98789981
0.94924409
0.94949452
0.98777419
0.85424571
0.9632563
0.85430758
0.96303192
0.85418948
0.96272758
0.96296727
0.85393949
1.8310831
1.8669794
1.9573335
1.9524766
1.8649968
1.8278223
0.98907777
0.94979463
0.98904139
0.94972962
1.3080403
1.3079131
0.98911551
0.94964317
0.94970655
0.98910259
0.85563909
0.96304672
0.9631441
0.85558056
1.1944878
1.1858473
1.9478176
1.9537115
1.8246889
1.8616092
1.1853544
1.1924167
1.95608
1.9438666
1.8631235
1.8240902
0.70009729
0.69675573
0.79172778
1.2960777
1.295874
0.79559573
0.6957365
0.69950717
1.3126786
0.96108922
1.3128528
0.96088353
1.2255649
1.2254424
1.3127014
0.96078302
0.9608426
1.312606
0.98820213
0.94318555
0.98837178
0.94302567
0.98265885
0.94117977
0.94124202
0.98255873
0.98816542
0.94290574
0.94299339
0.98805904
1.3065691
1.3067652
0.98768264
0.94938018
0.9877661
0.94921222
1.0078761
1.007959
1.3065745
1.3064445
0.98769577
0.94823569
0.94919137
0.98763403
0.85379767
0.96275519
0.85389156
0.96261643
0.85377301
0.96158055
0.96259035
0.85363249
1.8261339
1.8639332
1.9592742
1.946663
1.8661053
1.8255758
0.98909026
0.94962237
0.98912392
0.94957533
1.3077514
1.3076759
0.98911408
0.94953473
0.94956176
0.98908064
0.85552701
0.96289096
0.96292965
0.85550693
1.192599
1.186764
1.9444586
1.961199
1.8253393
1.8678207
1.1876986
1.1936041
1.9605436
1.945176
1.8686065
1.8265859
0.70008752
0.69544398
0.79167231
1.297301
1.2962535
0.7961465
0.6956779
0.69972424
1.3125968
0.96079265
1.3126513
0.9608197
1.225384
1.2253891
1.3126494
0.96089204
0.96084019
1.3126023
0.98801093
0.94289932
0.98804728
0.94287675
0.98249164
0.94122948
0.9411893
0.98250274
0.98801704
0.94290483
0.9428867
0.98802772
1.3063872
1.3064696
0.98765396
0.9491412
0.9876609
0.94913767
1.007852
1.007833
1.3064278
1.3063945
0.98768979
0.94920562
0.94915461
0.9876878
0.85367973
0.96244631
0.85366636
0.96250741
0.85368753
0.96254932
0.96252143
0.85365947
1.8249391
1.8679359
1.9611412
1.9461043
1.8682842
1.8274602
1.2258131
1.225934
0.98905826
0.94952618
0.98909952
0.9495113
1.3075952
1.3075627
0.98907798
0.94950115
0.94950612
0.9890335
0.85545115
0.96284869
0.9628527
0.85540239
1.1945506
1.1882099
1.9502264
1.9623884
1.8300124
1.8705953
1.1930311
1.1932114
1.9688451
1.9319284
1.8732396
1.8374041
0.69880764
0.6953799
0.79110684
1.2995847
1.2958616
0.79796354
0.69461837
0.70105406
1.3126544
0.96092438
1.3126609
0.96105074
1.2255063
1.2255496
1.3127315
0.96142141
0.96112841
1.3128566
0.98814139
0.9429282
0.98805298
0.94298906
0.98265579
0.94163429
0.94142432
0.98277435
0.98819214
0.94310858
0.9430265
0.98830277
1.3064452
1.3064504
0.98775163
0.94928258
0.98772811
0.94922643
1.0080099
1.0079332
1.3065074
1.3065419
0.98779392
0.94931438
0.94924916
0.98781831
0.85361438
0.96257996
0.85362993
0.96258378
0.85362944
0.96265846
0.96260751
0.85363719
1.8306288
1.8708696
1.9687466
1.9303773
1.8724533
1.8369986
1.2258006
0.98903786
0.94949959
0.98905306
0.94951264
1.3075972
1.3076677
0.98907628
0.94956488
0.94952052
0.98911799
0.85530131
0.96291254
0.96286917
0.85525822
1.1885784
1.1903088
1.9770572
1.9333495
1.8391011
1.8283211
1.1989599
1.1943818
1.9773172
1.9413241
1.844182
1.8517766
0.70070603
0.69791459
0.79717343
1.2997898
1.3005863
0.79305654
0.70034786
0.69640721
1.313148
0.96155242
1.3130218
0.96188368
1.224992
1.2250961
1.313195
0.96189569
0.96194915
1.3132673
0.98846167
0.9431449
0.98834557
0.94320919
0.98297965
0.94191079
0.94195339
0.98297168
0.9885047
0.9431824
0.94323034
0.98847486
1.3066231
1.3066225
0.98784445
0.94939418
0.98786918
0.94931829
1.0080925
1.0081079
1.3066638
1.3066427
0.987841
0.94937602
0.94932196
0.98771626
0.85383531
0.96269505
0.85365425
0.96269907
0.85386834
0.96272024
0.96271188
0.85454264
1.8380644
1.8272959
1.9748744
1.9390599
1.8426746
1.8495208
1.2250605
1.2256313
1.2249092
1.2251374
0.98918597
0.94958011
0.98917214
0.94960833
1.3078062
1.3078308
0.98920133
0.94954606
0.94960331
0.98910227
0.85525062
0.96293696
0.96296649
0.85524282
1.1941932
1.2033461
1.9530313
1.9516862
1.8639133
1.8337743
1.198543
1.200225
1.9761562
1.9625652
1.8808646
1.8686507
0.69835627
0.70207425
0.79378283
1.2991375
1.2996648
0.79354378
0.69603953
0.69601602
1.3130307
0.96181533
1.3132524
0.96136498
1.225803
1.225786
1.312998
0.96081699
0.96121498
1.3127477
0.98833881
0.94316147
0.98845595
0.94303197
0.98285459
0.9412137
0.94152338
0.98276001
0.98831601
0.94289991
0.94300043
0.98821992
1.3065919
1.3066747
0.9874743
0.94935926
0.98769643
0.94924679
1.0079859
1.0079948
1.3066248
1.3066018
0.98742643
0.94915117
0.94922364
0.98720179
0.85460433
0.96271545
0.85456881
0.9626546
0.85462381
0.96264698
0.96265147
0.85465833
1.8630102
1.8340421
1.9754368
1.9638773
1.8801839
1.8697665
1.2259227
0.98877939
0.94950748
0.98905979
0.9493535
1.3077212
1.3076804
0.98870875
0.9491528
0.9492956
0.9883997
0.85519035
0.96271424
0.96277792
0.85517528
1.1983417
1.1986318
1.9697526
1.9667107
1.8752486
1.872524
1.1977362
1.2003631
1.9619483
1.978909
1.8662065
1.8835434
0.69528917
0.69566297
0.79499065
1.2985121
1.3010795
0.79222528
0.69703231
0.69483338
1.3125663
0.96073828
1.3127165
0.96057465
1.225342
1.2256524
1.3125796
0.96045163
0.96055778
1.3127297
0.98813657
0.94289291
0.98820718
0.94288345
0.9825348
0.94039252
0.94077915
0.98226725
0.98812372
0.94299833
0.9429083
0.9880238
1.306766
1.306666
0.98703503
0.94915831
0.98717144
0.94921081
1.0084863
1.008186
1.3068777
1.3071194
0.98704351
0.9494561
0.94926601
0.98704106
0.85469148
0.96267857
0.85467914
0.96280919
0.8546896
0.9631705
0.96288983
0.85461535
1.8744319
1.8729281
1.9609289
1.9786232
1.8664798
1.8831517
1.2259416
1.2261574
1.2258852
1.2262491
0.98811128
0.94912217
0.98833245
0.94911226
1.3078103
1.3080424
0.98809762
0.94928029
0.94913513
0.98804669
0.8551243
0.9630779
0.96283689
0.85504345
1.1894126
1.1879787
1.9442231
1.9284584
1.8313628
1.8253972
1.1875737
1.1846912
1.9720817
1.9392451
1.8365331
1.8541401
0.69358626
0.69619559
0.79074961
1.2996255
1.2968081
0.81497937
0.69320892
0.71239588
1.3115365
0.96039077
1.3128239
0.95996665
1.218126
1.2684717
1.3095367
0.95613496
0.95972791
1.3161841
0.98801954
0.94306766
0.98802037
0.94329246
0.98201311
0.93781865
0.93998008
0.97881505
0.98795874
0.93653874
0.94321076
0.9844355
1.3062846
1.307219
0.9859867
0.94954546
0.9870395
0.94955147
1.0059589
1.0090272
1.3046937
1.29986
0.98450943
0.94390069
0.94936852
0.98381846
0.85416983
0.96330773
0.85460223
0.96368559
0.8539017
0.95823387
0.96366742
0.85647612
1.8324235
1.8248802
1.9736425
1.9401758
1.8371777
1.85535
1.2238928
1.2264773
0.98692723
0.9493441
0.98802635
0.9494475
1.3055103
1.3006398
0.98543376
0.94482496
0.94928412
0.98471836
0.85493396
0.95917035
0.96356541
0.8577297
2.6935011
0.85756608
2.852428
0.85886342
2.6807444
0.85848782
0.85854678
0.85878738
2.6629215
0.85917903
0.85966548
0.86006904
2.6672977
0.86053703
2.9060544
0.86145617
2.6901492
2.979199
1.1838696
1.1919173
0.85517115
0.85658955
2.9634584
1.1837885
1.1944574
0.85906812
2.7059683
2.9458316
1.1944341
1.1910659
0.8561928
0.85537252
1.1942278
1.1937785
0.8585905
2.6775533
2.9656326
1.1935387
1.1904219
0.85508465
0.85451569
1.1935496
1.193398
0.85853369
2.9591807
1.1902598
1.1900367
0.85427131
0.85391083
1.1932868
1.1932735
0.85871396
1.1900229
1.1899492
0.85379499
0.85358635
1.1932286
1.1933051
0.85904633
1.1899992
1.1899726
0.85352496
0.85332044
1.1933004
1.1934252
0.85951601
2.9077982
1.1900142
1.189927
0.85320734
0.85285029
1.1934246
1.193482
0.8599619
2.9361609
1.1899517
1.1899938
0.85265288
0.85233082
1.1934282
1.1934548
0.86031894
2.6651809
2.6165033
1.1928528
1.1905511
0.85231773
0.85244615
2.6227622
1.1935653
1.194059
0.86115378
2.9005948
2.6901139
1.1907527
1.1801279
0.85270989
0.8511356
1.1942225
1.1836579
0.86015506
1.0264736
0.79187223
1.0265287
1.2894631
1.2663285
1.2556553
1.2622781
1.2968943
1.2620715
0.79228237
1.038204
1.0221163
1.0513423
1.2418595
1.2479213
1.0464879
0.56296216
0.53773338
0.52638504
0.57279252
0.41368897
1.2135048
0.79284716
0.78940124
0.43458757
1.2066161
0.97455811
0.9828121
0.97455688
0.94079819
0.9519506
0.95417062
0.95392326
0.94085796
0.95399892
0.98256635
0.97231952
0.97464913
1.0086331
0.83907017
0.82455454
0.83443246
1.0091843
0.8351015
2.1846208
1.962053
2.9712924
1.9345326
1.3551405
1.3043117
1.3540703
1.2981226
1.3546343
1.0197388
0.8562243
0.96259957
0.90563491
0.91239531
0.96378593
0.84739648
1.0175282
0.875716
0.95193178
0.95105412
0.87646908
0.97390353
0.85785838
0.97737183
0.79531556
1.0274415
1.0287783
1.2640153
1.2991497
1.2617531
0.79262653
1.0290463
1.02661
1.2616558
1.2972291
1.2627929
1.0494225
1.2448931
1.0493849
1.2449707
0.56740148
0.52776897
0.56628446
0.5289955
0.3014781
1.2261307
0.78535267
0.3033414
1.226231
0.78578859
0.98320934
0.9748481
0.97475439
0.95392765
0.94125434
0.95405869
0.98314325
0.97454552
0.97466393
0.95430306
0.94139312
0.9541998
0.83562306
1.009285
0.8357207
0.83580133
1.0091883
0.83578506
2.2024569
1.9300492
1.981598
1.3086334
1.3545957
1.3087532
0.85583784
1.018693
0.91199794
0.96374236
0.85582792
1.0190172
0.91184505
0.96365499
0.87593255
0.95090552
0.95100774
0.87585827
0.97665886
0.85881531
0.97649874
0.79739058
1.0306969
1.0300268
1.262434
1.2985423
1.2609975
0.79307938
1.02791
1.0262794
1.2641619
1.2990656
1.2637485
1.0493967
1.2441589
1.0490103
1.2444628
0.56840375
0.53008505
0.56820815
0.53028877
0.30180316
1.225616
0.78665049
0.30218487
1.225659
0.78665456
0.9832354
0.97483555
0.97490954
0.9545325
0.94179722
0.95449952
0.98330548
0.97501471
0.97498518
0.95437972
0.94177081
0.95445925
0.83576265
1.008646
0.835733
0.83562197
1.0085831
0.8356918
2.2619019
1.9489272
2.9735662
2.1741674
1.969286
1.3081279
1.3537959
1.3082171
1.3540061
0.85569229
1.0182043
0.91170582
0.96326128
0.85572234
1.0183598
0.91163706
0.96321837
0.87553814
0.95033021
0.9503755
0.87550848
0.97609157
0.85850718
0.97611816
0.796248
1.0285942
1.0285988
1.2604147
1.2971005
1.2597462
0.7921645
1.0259579
1.0250684
1.2620821
1.297325
1.2622713
1.0489295
1.2436722
1.0484332
1.2440865
0.56870602
0.53027395
0.56855208
0.53048916
0.29715206
1.2255434
0.7865966
0.29743639
1.225599
0.78660216
0.98275956
0.97438288
0.97444598
0.95409201
0.94138203
0.95404537
0.98281848
0.97455169
0.97451624
0.95393154
0.94134058
0.9540043
0.83538424
1.0081002
0.83535321
0.83525781
1.0080574
0.83531749
2.2560718
1.9464269
2.2636482
2.9664225
2.1679864
1.9643104
1.3078082
1.3534405
1.3534811
1.3078849
1.3535523
0.85554318
1.0179597
0.91153591
0.9629915
0.85555409
1.0180257
0.91149037
0.96296627
0.87535619
0.95007714
0.95009196
0.87534068
0.97638055
0.85859416
0.97644688
0.79644828
1.0284255
1.0285573
1.2587295
1.2959441
1.2590679
0.79178927
1.0240851
1.024496
1.2620523
1.2966894
1.2620604
1.049154
1.2437114
1.0484025
1.2443241
0.56844726
0.53008583
0.56832506
0.53026222
0.29888602
1.2253346
0.78634713
0.29839611
1.2254017
0.78635063
0.98251105
0.97417499
0.97419439
0.95376918
0.94116361
0.95376932
0.98252853
0.97421592
0.97422091
0.95375455
0.94118157
0.95377835
0.83512481
1.0078421
0.83512022
0.83507057
1.0078458
0.83510837
2.2608993
1.9447515
2.2577134
1.9587659
1.3076219
1.3532511
1.3532768
1.3076821
0.85547752
1.017868
0.91144937
0.96287126
0.85548948
1.0178975
0.91143681
0.96286168
0.87529383
0.94998926
0.94999029
0.87529257
0.97690443
0.85885432
0.97699104
0.79622015
1.0279381
1.0285418
1.2592831
1.2966905
1.2597019
0.79216735
1.0244727
1.0250259
1.2619163
1.2969644
1.2622254
1.0488992
1.2436917
1.0483609
1.2441413
0.56898165
0.53022195
0.56883538
0.53047949
0.29854948
1.2254425
0.78633668
0.29835508
1.2254735
0.7863759
0.98257624
0.97429458
0.97426327
0.95377936
0.94126524
0.95381548
0.98254923
0.9741989
0.9742443
0.95389282
0.94131817
0.95386717
0.83499222
1.0078704
0.83499351
0.83496094
1.0078984
0.83498987
2.2782103
1.9578186
1.9578128
1.3075694
1.3532075
1.3076069
0.85534112
1.0178204
0.91143637
0.96285036
0.85536271
1.0178336
0.91144508
0.96285203
0.87532382
0.94998143
0.94997288
0.87533098
0.9775961
0.85926415
0.97770758
0.7931564
1.0304976
1.0263282
1.2615693
1.298838
1.2605862
0.79154034
1.0276326
1.0252521
1.2641984
1.2977924
1.2609437
1.0479432
1.2431164
1.047773
1.2431648
0.56685345
0.52967534
0.56754195
0.52900096
0.3052217
1.2253967
0.78639188
0.30266814
1.2255743
0.78636713
0.98289248
0.97464596
0.97460463
0.95413465
0.94176346
0.95419359
0.98285197
0.97450877
0.97457075
0.95430123
0.94185118
0.95426495
0.83493545
1.0080491
0.83494986
0.83495508
1.0080822
0.83496397
2.1695034
1.9430055
2.9915313
2.1676227
1.9698264
1.3077713
1.3533746
1.307786
1.3533052
0.85524793
1.0178828
0.91148447
0.96294316
0.85524839
1.0178496
0.91149208
0.96295361
0.87537285
0.9500393
0.95002955
0.87536545
0.97839433
0.85974715
0.9784906
0.80057473
1.0296343
1.0329327
1.2651879
1.3023925
1.2670896
0.80193461
1.0316067
1.034077
1.2643975
1.3010454
1.2660668
1.0526342
1.2478693
1.0531988
1.2474919
0.56871156
0.53039315
0.56802844
0.53095138
0.30125297
1.2256274
0.7866511
0.30406568
1.2254703
0.78670775
0.98290979
0.97460833
0.97464693
0.95431592
0.94179856
0.95430741
0.98294362
0.97467937
0.97468633
0.95422423
0.94172683
0.95428818
0.83497952
1.0080528
0.83500059
0.83499103
1.0080407
0.83501281
2.2500597
1.9450085
2.1618827
1.9317544
1.3077667
1.3533661
1.3533852
1.3078319
1.3534044
0.8552084
1.0178152
0.91138045
0.96288157
0.85521964
1.0178684
0.91123924
0.96284562
0.87519661
0.95000816
0.9500075
0.87516176
0.97902756
0.86013893
0.97910164
0.79673122
1.0266432
1.0299412
1.2613826
1.2985441
1.2636068
0.7969173
1.0267212
1.029936
1.2614697
1.2991718
1.2638512
1.0504415
1.2456676
1.0504479
1.2457174
0.56793217
0.53005615
0.56837532
0.52959604
0.29841368
1.2255363
0.78616014
0.2968436
1.2256445
0.78596255
0.9826493
0.97422371
0.97430524
0.95392456
0.94103077
0.95387184
0.98270079
0.97441197
0.97438276
0.95371271
0.94095742
0.9538133
0.8349643
1.008024
0.83496716
0.83491601
1.0080727
0.83495979
2.2575589
1.9469349
2.6628342
1.9484859
1.3077215
1.3536623
1.3535699
1.3077379
0.8551575
1.0179406
0.91104529
0.96272305
0.85516557
1.0178223
0.91103304
0.96274569
0.87509572
0.95025687
0.95018232
0.87513089
0.97977161
0.86065987
0.97994347
0.78953213
1.0260427
1.0247054
1.2624756
1.2969152
1.2619076
0.79233648
1.027774
1.0269017
1.2617862
1.2980286
1.260831
1.0506129
1.2464904
1.0505263
1.2468014
0.56203344
0.52583819
0.56381737
0.5241932
0.32870684
1.2253081
0.78306488
0.31687866
1.2259364
0.78271256
0.98210325
0.97355406
0.97356525
0.95305219
0.9401123
0.95295949
0.98214192
0.97366268
0.97360635
0.95290914
0.94002689
0.95292781
0.83448561
1.0087983
0.83432079
0.83392014
1.0089986
0.83408169
2.1803027
1.9821884
1.9271582
1.3077607
1.3552183
1.3080897
0.85504888
1.0189869
0.91125798
0.96332314
0.85502919
1.0184399
0.91159794
0.96346915
0.87580949
0.95142574
0.95128645
0.87589369
0.98181903
0.86154666
0.9822933
1.1819672
1.190467
2.1832188
1.9585442
2.2875172
1.9319958
1.8317354
1.859471
1.5570399
1.5475707
1.8273801
1.8600093
1.196801
1.19967
2.1687174
1.9771311
2.2227102
2.9094298
1.9449852
1.8427856
1.884456
1.5528771
1.558334
1.840113
1.8344692
1.2816593
0.69465314
1.2829955
0.59388302
0.57542911
0.57382219
0.69315221
1.2902392
1.2842935
1.0273176
0.79073583
1.0258402
1.3013461
1.2662748
1.2648675
1.2630798
1.2996191
1.2619637
0.79507637
1.0320995
1.029596
1.2816879
0.69241479
1.2806346
0.69640615
1.2822122
1.2815463
0.55010497
0.47889748
0.4765502
0.55308816
1.0505211
1.2461661
1.2467358
1.0503533
0.55086618
0.47842041
0.47780005
0.55145811
0.68312316
0.71250261
0.7074365
0.6891012
0.56135005
0.52481491
0.5236495
0.56269073
0.68335055
0.70923516
0.70799631
0.68458973
0.91818263
1.3085432
0.91809534
0.95934075
0.95318712
0.95321983
0.95294721
0.96025107
0.95306754
1.3053741
0.92336475
0.9185626
0.32729513
1.225963
0.78379733
0.7835387
0.31575947
1.2265177
0.91937987
1.3129779
0.91988153
0.9611321
0.95277324
0.95295433
0.95309387
0.96101358
0.95305129
1.3133202
0.92022733
0.92027428
0.97940259
0.98858585
0.97892211
0.94135301
0.98334512
0.98628412
0.98829029
0.94345688
0.98773282
0.98802798
0.97467353
0.97775879
0.97449111
0.98301085
0.97445693
0.94093714
0.95384036
0.9537815
0.95381737
0.94088629
0.95378915
0.98301727
0.97448562
0.97446078
0.97950871
0.98895057
0.97949223
0.94409593
0.98805718
0.98816754
0.98836822
0.94419603
0.98829963
0.98892601
0.97938083
0.97944969
1.3546727
1.3036265
1.2974405
1.0115428
0.98348268
0.94854177
0.98707359
0.990396
0.94972988
0.98037571
1.0101586
1.0097431
0.8355065
0.83535529
0.83498715
1.0099421
0.83513208
1.355581
1.3077972
1.3081066
1.0121961
0.98753302
0.95046607
0.99087997
0.99083536
0.95055933
0.98789147
1.0109626
1.0185463
0.85486862
0.9627618
0.90483513
0.9116026
0.96396554
0.84603292
1.0163399
1.2523181
1.2543229
1.018542
0.85448773
0.96422889
0.91124652
0.91161775
0.9644041
0.85444195
1.0179523
1.256618
1.2560047
1.3111729
0.87339607
0.94952684
0.94864464
0.87414433
0.81533304
0.81591516
1.2739074
1.1901061
1.2813455
0.87413404
0.94959028
0.87421825
0.94944907
0.81565137
0.81562396
1.1942993
1.2826165
1.2833221
0.97142631
0.85557723
0.97497093
0.85672097
0.97481091
0.97530663
1.8327692
1.8617643
1.8269061
1.8608815
2.1750663
1.981564
1.9359138
1.8439665
1.8870094
1.5576833
1.8346582
1.8388615
1.0511214
1.2420087
1.2479189
1.0464634
0.54916576
0.47778129
0.47524639
0.55236503
1.0504341
1.2466918
1.2468681
1.0507023
0.54991344
0.47727693
0.47643542
0.55081528
0.56179832
0.53603532
0.52466867
0.57162693
0.6822396
0.71171579
0.70671185
0.68815093
0.56090827
0.52430079
0.52268587
0.56265627
0.68315078
0.70942421
0.7079189
0.68469968
0.41829977
1.2129847
0.79217221
0.78888294
0.43678411
1.2063901
0.32883604
0.78339913
0.78303392
0.31690877
1.2264575
1.0110681
0.98429474
0.94827678
0.98668134
0.98998666
0.94944978
0.98118694
1.0096858
1.35606
1.308506
1.3088282
1.3555201
1.011713
0.98837602
0.95023924
0.99066888
0.99041802
0.95028763
0.98874255
1.0117758
1.2537854
1.3115613
1.3103398
1.2557975
1.0197382
0.85586836
0.96408689
0.91207878
0.9124148
0.96423042
0.85583376
1.0191725
1.258105
1.2574845
1.3124368
0.81801444
0.8185924
1.2757096
1.1924864
1.283606
0.87648133
0.95198872
0.87655399
0.95185057
0.81832826
0.81830689
1.1968581
1.2849011
1.2856021
0.85912848
0.97750788
0.97794323
1.1989811
1.1876736
2.262283
1.9521019
2.2139128
2.1842435
1.9761742
1.8290596
1.8410713
1.8796875
1.8630208
1.1917244
1.1936936
2.1616128
1.9292366
2.1750648
2.6112607
1.9536733
1.8780182
1.8391378
1.5506085
1.5750464
1.8333663
1.8325189
0.69732291
1.2803256
1.28062
0.56546838
0.69449646
1.2811868
1.280178
0.56576338
1.0254539
0.79504476
1.0281386
1.300049
1.2644431
1.2650594
1.2602886
1.2983013
1.2622486
0.79931914
1.0313461
1.0317463
1.2800321
0.69806788
1.2813578
0.57060589
0.56791059
0.70232284
1.2829136
1.2829132
0.55143523
0.47858473
0.55144063
0.47868051
1.050757
1.2466098
1.2459951
1.0517032
0.55313233
0.48110321
0.48025994
0.55417476
0.6888303
0.71252452
0.68794639
0.71339485
0.56854695
0.53086908
0.53053585
0.56901821
0.68976509
0.7146276
0.71454325
0.69003092
1.3131689
0.92067075
0.92059896
0.95263819
0.96131747
0.95250978
1.3132448
0.92039535
0.92056971
0.95232813
0.96137689
0.95242583
0.30061218
1.2258724
0.78663487
0.78652507
0.30146678
1.2257315
0.92093243
1.3131446
0.92111775
0.96158172
0.95223409
0.95227468
0.95231189
0.96154457
0.95230749
1.3131536
0.92137374
0.92135903
0.98891385
0.97931159
0.97932576
0.98798466
0.94389874
0.98792105
0.98890318
0.97935487
0.97934554
0.98782852
0.94386823
0.98789057
0.9749462
0.98338816
0.97501277
0.94179874
0.954567
0.95455561
0.95441833
0.94173633
0.95451232
0.98341714
0.97505902
0.9750695
0.97931855
0.98896828
0.9793098
0.94374361
0.9876522
0.98771269
0.98780233
0.94378299
0.98777505
0.98897281
0.97924602
0.97930088
1.3078402
1.353981
1.3079864
0.98797759
1.0102129
0.99094326
0.95025022
0.98801021
1.0119617
0.9905791
0.95016138
1.0088692
0.8358011
0.83582986
0.83582882
1.0089466
0.83584834
1.3538102
1.3075469
1.3074951
1.35338
1.0100574
0.98794804
0.94990738
0.99039163
0.99052518
0.94996744
0.98796329
1.0097037
0.85438762
1.0174292
0.91115266
0.96385479
0.8543946
1.0177825
0.91095677
0.96375342
1.2566188
1.2565038
1.0173578
0.85439406
0.96339193
0.91142765
0.91091842
0.96347987
0.8543716
1.017216
1.2562997
1.2563961
1.3090884
0.87350948
0.94841001
0.94852388
0.87341311
0.81574469
0.81576299
1.2821119
1.1943322
1.2818477
0.87324517
0.94829972
0.87332337
0.948187
0.81570733
0.81565069
1.1937924
1.2805948
1.281226
0.97372498
0.85603341
0.97345194
0.8555485
0.97255958
0.97275516
1.8278216
1.8348969
1.885098
1.844941
1.5498575
2.1606583
1.9327001
1.9650491
1.8790908
1.8417299
1.8365595
1.8340029
1.0491997
1.245126
1.0494762
1.2449158
0.5506609
0.47757156
0.55085313
0.47754093
1.0508903
1.2469251
1.2463008
1.0518244
0.55258071
0.48033094
0.47939954
0.55365321
0.56722128
0.52793458
0.56633476
0.52879801
0.68909255
0.71302504
0.68832494
0.71379362
0.56800014
0.52955086
0.52946162
0.5680176
0.68969379
0.71422437
0.7143566
0.68956511
0.30243203
1.2262312
0.7851703
0.30399316
1.2262942
0.78560528
0.30384336
0.78644823
0.78631959
0.30534514
1.2257392
0.98892672
1.0111536
0.99063869
0.9500528
0.98894008
1.0116194
0.99051097
0.94999908
1.3544459
1.3083995
1.308368
1.3540892
1.0110235
0.98897176
0.94984519
0.99037258
0.99046961
0.94987535
0.98901242
1.0107236
1.2581783
1.3108102
1.2580845
1.0186119
0.85582354
0.96340055
0.91172901
0.91180921
0.963452
0.8558028
1.018415
1.2579167
1.2579935
1.3104853
0.81852483
0.81851437
1.2839767
1.1941546
1.2837121
0.87573906
0.95080182
0.87579332
0.95070473
0.81849863
0.81845915
1.1965097
1.2830246
1.2836364
0.85867858
0.97614781
0.97621031
1.1979042
1.1908464
2.2611755
1.9494489
2.2775149
2.9695642
2.1738971
1.9699188
1.8300505
1.833728
1.8761692
1.8668124
1.1901596
1.1977023
2.1666501
1.9663366
2.16727
1.9458651
1.864666
1.8743501
1.5504183
1.5695293
1.8284793
1.8324335
0.7000103
1.281856
1.2815779
0.56550397
0.6959189
1.2814161
1.2805691
0.56670122
1.0269462
0.79306003
1.0260957
1.2986846
1.2634244
1.2633818
1.261414
1.2984348
1.2608017
0.79728602
1.0300033
1.0297209
1.280732
0.69622779
1.2803577
0.56427311
0.70035737
1.2815695
1.2814276
0.55306407
0.48043948
0.55286335
0.4805373
1.0487159
1.2444148
1.2439033
1.0493351
0.55275981
0.48063701
0.48035706
0.55319223
0.6896727
0.71443275
0.68958472
0.71451862
0.56877956
0.53053087
0.53035147
0.5689786
0.69032751
0.71509257
0.71495608
0.69048541
1.3131309
0.92167917
0.92174803
0.95222466
0.96156974
0.95218391
1.3132073
0.92161175
0.92179631
0.95200799
0.96153007
0.95212844
0.29963725
1.225646
0.78663195
0.78661632
0.29914286
1.2255937
0.92176499
1.3130116
0.92175521
0.96123972
0.95162115
0.95173758
0.951934
0.96131932
0.95185323
1.3129606
0.92159756
0.9217866
0.98876298
0.97901768
0.97909264
0.98760378
0.94360715
0.98754132
0.98883731
0.97920813
0.97916361
0.98740464
0.94355888
0.98749463
0.97477923
0.98303715
0.97472017
0.94156277
0.95416168
0.95421711
0.95432495
0.94162132
0.95427795
0.98299046
0.97462125
0.9746865
0.97896177
0.98855876
0.97889668
0.94330488
0.98711782
0.98719532
0.98734446
0.94337417
0.98728425
0.98850731
0.97875954
0.97884338
1.3071665
1.352983
1.3072817
0.98792072
1.0092869
0.99044943
0.94978128
0.98795337
1.0107756
0.99010817
0.94971712
1.0082922
0.83543333
0.8354857
0.83558018
1.0083674
0.83554332
1.3529074
1.3069575
1.3069232
1.3526615
1.0091747
0.98787538
0.94935898
0.98888738
0.99001956
0.94944522
0.98786437
1.0089855
0.85429117
1.0178312
0.91138706
0.96320175
0.85432154
1.0171513
0.91122433
0.96313767
1.2558753
1.2558005
1.0177706
0.85412009
0.962825
0.91103934
0.91117991
0.9629118
0.85400216
1.0166806
1.2556764
1.2557342
1.308248
0.87292182
0.94765845
0.94772397
0.87286446
0.81523294
0.81529595
1.2806714
1.193495
1.2805658
0.87275941
0.94759229
0.87280841
0.94752118
0.81517198
0.81510847
1.1931096
1.2797405
1.280287
0.9721082
0.85498262
0.97196509
0.85465516
0.97141992
0.9715554
1.8295001
1.8352808
1.8761169
1.8701451
1.5528806
2.1690939
1.9657593
2.6808818
1.9458171
1.8673075
1.8741203
1.827994
1.8335695
1.050009
1.2448406
1.0495088
1.2452412
0.5529162
0.47997901
0.55262447
0.48015764
1.0490929
1.2449237
1.2444858
1.0496144
0.55237662
0.47997489
0.47978735
0.55268887
0.56818248
0.52931338
0.5678536
0.52972969
0.68968983
0.7141683
0.68946817
0.71437188
0.56867195
0.53022449
0.52994748
0.56860948
0.69050465
0.71543978
0.71518579
0.69074687
0.30519813
1.2258257
0.78662821
0.30605235
0.78670122
0.30154563
1.2260446
0.78690977
0.78684659
0.30072172
0.98908769
1.010464
0.9903461
0.94977241
0.98909534
1.0106498
0.99026657
0.94974927
1.3537489
1.3080008
1.3079952
1.3535943
1.0104109
0.98912491
0.94966291
0.9901569
0.99023862
0.94968393
0.98914879
1.0102671
1.2576071
1.2575556
1.0181583
0.85561598
0.96307739
0.91155381
0.91161373
0.96310751
0.85559567
1.0180514
1.2574749
1.2575117
1.309813
0.81820983
0.81823195
1.2827173
1.1935418
1.2826209
0.87545931
0.95027824
0.87548152
0.9502289
0.81817178
0.8181355
1.1960772
1.2823932
1.2829133
0.85856824
0.97625586
0.97622619
1.1953703
1.1878681
2.2553693
1.9448765
2.265548
2.9645606
1.9639972
1.8268363
1.8314443
1.5682588
1.8720736
1.8641628
1.1857827
1.1927665
2.1678987
1.9615612
2.1675604
1.9441267
1.8645337
1.8687649
1.5492194
1.5672759
1.8248371
1.8322856
0.69980735
1.2808205
1.2808131
0.56245903
0.69584695
1.2802759
1.2798344
0.56348409
1.0244985
0.79117867
1.0240054
1.2962313
1.2614251
1.2614877
1.2590531
1.2956538
1.2586661
0.79556043
1.0278203
1.0278425
1.2794956
0.69523759
1.2792456
0.56057669
0.69941836
1.2804013
1.2803737
0.55290492
0.48021643
0.55264628
0.48034863
1.0480357
1.2438821
1.2433667
1.0486452
0.55225688
0.48005356
0.47983126
0.55262397
0.69077237
0.71537335
0.6907157
0.71543421
0.56882707
0.53026636
0.53015759
0.56856668
0.69065478
0.71499651
0.71534301
0.69038024
1.3127431
0.92148307
0.92158982
0.95155707
0.96101796
0.95149018
1.3128373
0.92166088
0.92171607
0.9513448
0.9609611
0.95143754
0.29657646
1.2255464
0.78645852
0.78650614
0.2969461
1.225482
0.92156427
1.3126826
0.92157485
0.96079688
0.95123536
0.95126285
0.95131778
0.96082058
0.95130058
1.3126725
0.92151331
0.92164706
0.98826308
0.97854043
0.97859875
0.98706262
0.94313108
0.98700321
0.98832592
0.97870735
0.97866104
0.98689888
0.94308845
0.98696855
0.97434067
0.98261783
0.97429927
0.94119269
0.9537988
0.95382236
0.95388867
0.94121987
0.95385913
0.98259629
0.97425074
0.97428781
0.97850751
0.98812609
0.97847135
0.94293418
0.98675551
0.98678888
0.98686563
0.94296824
0.98683858
0.98810591
0.97840868
0.97845255
1.3066579
1.3524303
1.3067527
0.98771627
1.0087429
0.98992929
0.94939301
0.9877589
1.0101009
0.98970231
0.94934472
1.0078977
0.83514679
0.83517415
0.83523004
1.007933
0.83521029
1.3523984
1.3065474
1.3065516
1.3522869
1.0087048
0.9876785
0.94915261
0.9886782
0.98968081
0.94924592
0.98768941
1.0086723
0.85382295
1.0164958
0.91102286
0.96273711
0.85385332
1.0166231
0.91091467
0.96269607
1.2554287
1.3079103
1.3079452
1.2553916
1.0164617
0.85374659
0.96246808
0.91005998
0.9108926
0.96258116
0.85369258
1.0162786
1.2553406
1.2553609
1.3078584
0.87254975
0.94721932
0.94724805
0.87251703
0.8148173
0.81484911
1.2795507
1.1928334
1.2799681
0.87246832
0.94719041
0.87248787
0.94715789
0.81478555
0.81473971
1.1901051
1.2793685
1.2793802
0.97108171
0.85424539
0.97098871
0.85399409
0.97056542
0.97066436
1.8275152
1.8329918
1.8716909
1.8659355
1.5495951
2.1682412
1.9622772
1.9468057
1.8669568
1.8691566
1.8263138
1.8332396
1.0494588
1.2443107
1.0488322
1.2448362
0.55262877
0.47966054
0.55222172
0.4799367
1.0488587
1.2448906
1.2443824
1.0494597
0.55230477
0.47997041
0.47975183
0.55265764
0.56895817
0.53030738
0.56873396
0.53062964
0.69128215
0.71595419
0.69116662
0.71607307
0.56880145
0.53055915
0.53050436
0.56880499
0.69137583
0.71610568
0.71614636
0.6913527
0.29875808
0.78700063
0.2988556
0.78704167
0.29875123
0.7869986
0.78701292
0.29906866
0.98911793
1.0101238
0.99013044
0.94960447
0.98914918
1.0102257
0.9900622
0.94958706
1.3534208
1.3077285
1.3077391
1.3533306
1.0100984
0.9891134
0.94954145
0.99000197
0.99004366
0.94955007
0.98912966
1.0100356
1.2572977
1.2572685
1.0179418
0.85551963
0.96290218
0.91145468
0.91147759
0.96291253
0.85551216
1.0179055
1.2572322
1.2572462
1.3095612
0.81802541
0.81802345
1.2822926
1.1933106
1.2822482
0.8753205
0.95005299
0.87532795
0.95002926
0.81800964
0.81799387
1.1959262
1.282177
1.2826635
0.85872739
0.97671542
0.97666018
1.1925217
1.1858214
2.2623924
1.946449
2.9568822
1.956854
1.8245263
1.833609
1.568531
1.8643552
1.867389
1.5506164
1.1859375
1.1927986
2.1672603
1.9566536
2.1656607
2.2648571
1.9475252
1.8684821
1.8637322
1.551832
1.5696279
1.8246745
1.8349061
0.70030938
1.2807228
1.2807922
0.56098264
0.69587832
1.2792894
1.279485
0.56301313
1.0244149
0.79195881
1.0246827
1.2967573
1.2621904
1.2621052
1.2591051
1.2961901
1.2592808
0.79639175
1.0284271
1.0285513
1.2794755
0.6959156
1.2795927
0.56123628
0.70008194
1.2806181
1.2807647
0.55307966
0.48007721
0.55257992
0.48041579
1.0484258
1.2442488
1.2437311
1.0490583
0.55259808
0.48028207
0.4800935
0.55294612
0.69010361
0.71472725
0.69013322
0.71467013
0.56833247
0.53022115
0.53007158
0.56844356
0.69000041
0.71458592
0.71457076
0.69002917
1.3126252
0.92163263
0.92169411
0.95126673
0.96080306
0.95129667
1.3126791
0.92164076
0.92176241
0.95131829
0.96082547
0.95133348
0.29877824
1.2253953
0.78638656
0.78638294
0.29877127
1.2253724
0.92174256
1.3126529
0.9217651
0.96087996
0.95135935
0.95137204
0.95135326
0.96086759
0.95138182
1.3126572
0.92167694
0.92183015
0.98802766
0.97837507
0.97838688
0.98674811
0.94289085
0.98673861
0.98804529
0.97840069
0.9784013
0.98673342
0.94289456
0.98675426
0.97417556
0.98248938
0.9741745
0.94121604
0.95377803
0.95376975
0.95375815
0.94120972
0.95377039
0.98250511
0.97419838
0.97420056
0.97838656
0.98801872
0.97839228
0.94290156
0.98675561
0.98675248
0.98674642
0.94290041
0.98676249
0.98803769
0.97840535
0.97841274
1.3064389
1.3522186
1.3522375
1.3064959
0.98766263
1.0086007
0.98971038
0.94923205
0.98767974
1.0098172
0.98959776
0.94922864
1.0078434
0.83500853
0.83502955
0.83506097
1.0078448
0.83505542
1.3522229
1.3064343
1.3064707
1.3522079
1.0086046
0.98769317
0.94925482
0.98968549
0.98961517
0.94924922
0.98772343
1.0086543
0.85368423
1.0163863
0.91074495
0.96253435
0.85368691
1.016344
0.91083705
0.96254391
1.2552665
1.3077693
1.3077738
1.2552618
1.0163895
0.85373918
0.96256041
0.91086677
0.91084238
0.96255948
0.85372608
1.0163951
1.2552687
1.255262
1.3077977
0.8724267
0.9470697
0.94706544
0.87242705
0.81464297
0.81464705
1.2793039
1.1926288
1.2797614
0.87243922
0.94707169
0.87242932
0.94706774
0.81463727
0.81461542
1.1899913
1.2792957
1.2792778
0.97034858
0.8538019
0.97028926
0.85364345
0.96999199
0.97006887
1.8237803
1.833746
1.8658702
1.8678798
1.549885
2.1688007
1.9577624
2.1673187
1.9488419
1.8684463
1.8644553
1.551598
1.825642
1.8358272
1.0492106
1.2441986
1.0485822
1.2447259
0.55239483
0.47952289
0.55203307
0.47973187
1.0485742
1.2447714
1.2442305
1.0492293
0.55196793
0.47972794
0.47947096
0.55237028
0.56844464
0.53005642
0.56844122
0.53004158
0.69114144
0.71589405
0.69110692
0.71589323
0.56836724
0.53004603
0.52993165
0.56844279
0.69102806
0.71580202
0.71579944
0.69106376
0.30001911
1.2258313
0.78687483
0.29967222
0.78686734
0.29984254
0.78674638
0.78676049
0.29991821
0.98908833
1.0099797
0.98999
0.94951971
0.98912171
1.010019
0.98996161
0.94951284
1.3532459
1.307586
1.3076104
1.3532012
1.0099701
0.98907256
0.94950058
0.98994131
0.98995387
0.9495018
0.98908447
1.0099474
1.2571638
1.2571525
1.0178576
0.85543553
0.96284871
0.91143431
0.91143304
0.96284745
0.85541827
1.017837
1.2571471
1.2571466
1.3094742
0.81796156
0.81795108
1.2821593
1.1932724
1.2821382
0.87529873
0.94997743
0.87529335
0.94996488
0.81795216
0.8179407
1.1959415
1.2821413
1.282612
0.8590411
0.97731979
0.97724449
1.1933887
1.1862813
2.2762476
1.9548684
1.9560053
1.8276966
1.8365338
1.5709395
1.8622218
1.870066
1.5528465
1.1832602
1.1934428
2.1644866
1.9529992
2.2454087
1.942168
1.8696931
1.859742
1.5612499
1.5695905
1.8223138
1.850354
0.69969955
1.2804905
1.2807224
0.69588886
1.279411
1.2796549
0.56275205
1.0239732
0.79310911
1.0258977
1.2957254
1.2636983
1.2618857
1.2587456
1.2972635
1.2604088
0.79695359
1.030097
1.0288154
1.2794667
0.69644075
1.2803479
0.56367905
0.70030427
1.2820246
1.2816657
0.5525582
0.4797322
0.55228196
0.47990323
1.0492127
1.2455017
1.2444559
1.0504821
0.55264633
0.48038119
0.47999405
0.55337114
0.69025557
0.71471202
0.69015871
0.71479902
0.5687016
0.53083945
0.5305889
0.56877388
0.69051282
0.71504429
0.7151222
0.69045147
1.3126659
0.92177747
0.92182433
0.95140209
0.96095972
0.95144714
1.3127038
0.92178456
0.92189362
0.95153123
0.96101429
0.95150853
0.29895937
1.225522
0.78644784
0.78643797
0.29933767
1.2255147
0.92192506
1.312768
0.92200902
0.96131891
0.95192738
0.95181803
0.95162409
0.96122597
0.95172959
1.3128272
0.92216177
0.92217218
0.98811433
0.97851695
0.97849154
0.98678299
0.94294828
0.98680747
0.98809047
0.97843295
0.97846959
0.98686892
0.94298001
0.98685674
0.97434894
0.98269892
0.9743974
0.94156804
0.95410776
0.95406461
0.95395229
0.94150393
0.95401894
0.98275178
0.97448961
0.97446392
0.97856636
0.98823479
0.97860759
0.94308881
0.98700402
0.98698006
0.98691539
0.94306618
0.98696305
0.98828832
0.97867372
0.97865878
1.3064741
1.3522484
1.3522435
1.3065053
1.3522249
0.98775289
1.0086874
0.98980816
0.949314
0.98775971
1.0098372
0.98968436
0.94931116
1.0079858
0.83494197
0.83495431
0.83496272
1.0079676
0.83497015
1.3522754
1.3065358
1.3065944
1.3523278
1.0087068
0.98780472
0.94935997
0.98981196
0.98971201
0.94934936
0.98784379
1.0088053
0.85361241
1.0164064
0.9108935
0.96259894
0.85361692
1.0163889
0.91091182
0.96261033
1.255325
1.3078125
1.3078005
1.2553372
1.0164204
0.85367933
0.96266078
0.91096542
0.91092349
0.96265407
0.85363684
1.0164788
1.2553673
1.25535
1.3078596
0.87250059
0.9470979
0.94707986
0.87251164
0.8146191
0.81461112
1.2793036
1.1926213
1.2797794
0.87253632
0.94711159
0.87252165
0.94711787
0.814624
0.8146125
1.1900112
1.2793591
1.2793335
0.96978712
0.85354169
0.9697235
0.85338599
0.96936032
0.96946381
1.8295752
1.8367975
1.8632577
1.8705316
1.5521447
2.1662961
1.9542189
2.1784713
1.9405022
1.8694642
1.8606494
1.5607325
1.8213857
1.850806
1.0492248
1.2443777
1.0486924
1.2448263
0.55222206
0.47938581
0.5519053
0.47957261
1.0490886
1.245598
1.2446533
1.0502648
0.55231994
0.48012904
0.47966732
0.55310512
0.56853107
0.52971301
0.56856406
0.52970773
0.69073533
0.71564396
0.6908475
0.71554655
0.56800459
0.52939099
0.52941306
0.56794063
0.69013818
0.71467517
0.71495637
0.68988759
0.3004193
1.2257985
0.78662702
0.30001106
0.7865991
0.3014634
0.7862325
0.78633382
0.30201456
1.2256973
0.98905491
1.0099632
0.98993963
0.94950091
0.98907984
1.0099451
0.98995303
0.94950317
1.3532288
1.3076197
1.3076782
1.0099799
0.98909501
0.94954698
0.99002564
0.98996461
0.94953151
0.98913602
1.0100597
1.2571399
1.3094437
1.3094433
1.257143
1.0178184
0.85528311
0.96289624
0.91147557
0.9114492
0.96287902
0.85526751
1.0178363
1.2571639
1.2571489
1.3094511
0.81792582
0.81791078
1.2821647
1.193356
1.2821557
0.87535177
0.94997966
0.87533957
0.94997765
0.81792234
0.81791885
1.1960553
1.2822012
1.2826626
0.85949805
0.97810987
0.978018
1.1990031
1.1941591
2.1694166
1.944466
1.9695768
1.8507571
1.8349649
1.5545568
1.8783061
1.8402779
1.5525397
1.2014063
1.1995448
2.1540694
1.9400237
2.9849025
2.1835582
1.9891745
1.8425867
1.8533093
1.8929383
1.8613379
0.6959893
1.2815618
1.2802034
0.56333594
0.69435757
1.2809116
1.2798229
1.0301746
0.79278046
1.0265753
1.2984523
1.2619966
1.2596614
1.2643829
1.299825
1.2617841
0.79004863
1.0269673
1.0241176
1.2815353
0.69591165
1.2800463
0.5664755
0.56339145
0.69280071
1.2810599
1.2790288
0.55145937
0.47873666
0.5512699
0.47877646
1.0479932
1.2428021
1.2432728
1.0473355
0.55104446
0.47815769
0.47843979
0.55046408
0.68862044
0.71405658
0.68933921
0.71341262
0.56485944
0.52713487
0.52707335
0.5649448
0.68672699
0.71174109
0.71159881
0.68684188
1.3131723
0.92278792
0.92279611
0.95211344
0.96168365
0.9523021
1.3131615
0.92245057
0.92274177
0.95254836
0.96181162
0.95247237
0.31215633
1.2249201
0.78632651
0.78626011
0.31211054
1.2249679
0.9229157
1.3132423
0.92295875
0.96195596
0.95258754
0.95266819
0.95263943
0.96198039
0.95269204
1.3133146
0.92276619
0.92302043
0.98843072
0.97881309
0.97879147
0.98704748
0.9431731
0.98708249
0.98839709
0.97871772
0.97876542
0.987142
0.94320703
0.98713541
0.97469492
0.98299496
0.97471066
0.94194279
0.95433818
0.9543523
0.95434951
0.94197128
0.95437194
0.98299822
0.97470197
0.97472436
0.97884742
0.98851712
0.97885392
0.94321572
0.98712389
0.9871572
0.98717276
0.94323899
0.98718858
0.98851906
0.97880211
0.9788511
1.3066645
1.3524148
1.3524132
1.3066938
1.3523692
0.98787972
1.0088542
0.9899433
0.9494252
0.98790223
1.0100057
0.98980733
0.94941635
1.008105
0.83498163
0.83498531
0.8349723
1.0081211
0.83498956
1.3524301
1.3066755
1.3067223
1.3524478
1.0088544
0.98780837
0.94940342
0.98996474
0.98981524
0.94940122
0.98779855
1.010112
0.85378597
1.0174735
0.91098505
0.96271772
0.85369368
1.0165037
0.91096646
0.96273109
1.2554245
1.307925
1.2554166
1.017509
0.85389666
0.96273827
0.91093407
0.91096925
0.96274238
0.85450916
1.01754
1.2553985
1.2554001
0.87257172
0.94716773
0.94715321
0.87256591
0.81465534
0.81464759
1.279375
1.1926282
1.2798475
0.87254699
0.94717481
0.8725555
0.94717304
0.81465611
0.81463968
1.1899788
1.2794002
1.2793811
0.9690576
0.85319898
0.96895923
0.85294899
0.96839754
0.9685508
1.8493233
1.8348693
1.5533857
1.878303
1.8400934
2.1558251
1.9433271
1.9894703
1.8423778
1.8563309
1.5703078
1.5582769
1.8936563
1.8603305
1.0479374
1.2432025
1.0476204
1.2434038
0.55128793
0.47874589
0.55120903
0.47870397
1.0482187
1.2435616
1.2438012
1.0478027
0.55091243
0.47812934
0.47829785
0.55049823
0.56664578
0.52881975
0.56719358
0.5286962
0.6881108
0.71337174
0.68864288
0.7128179
0.56652671
0.52892379
0.52864096
0.56687388
0.68732889
0.71214531
0.71191865
0.68759122
0.30811581
1.2252951
0.78584097
0.30567568
1.2255202
0.78575467
0.31361216
0.78575548
0.78568149
0.31322088
1.2249677
0.98921159
1.0101688
0.99004969
0.94959431
0.98922609
1.010095
0.99009447
0.9496026
1.3533991
1.3078255
1.3534174
1.3078765
1.353425
1.0101796
0.98919017
0.94957317
0.99005876
0.99009522
0.94959153
0.98919097
1.0101814
1.2572123
1.3094747
1.3094742
1.2572085
1.017888
0.85525055
0.96295419
0.91141764
0.91148313
0.96296154
0.85524794
1.01788
1.2571971
1.2571977
1.3094692
0.81796582
0.81794415
1.2822427
1.193474
1.282234
0.87534072
0.95003467
0.87535395
0.95002619
0.81796495
0.81796185
1.1961308
1.282248
1.2827204
0.85995644
0.97883295
0.978761
1.1946709
1.1922491
2.2523608
1.9462116
1.934387
1.826487
1.868016
1.5581247
1.8287065
1.8410992
1.1906777
1.1921383
2.2545338
1.9473961
2.6452883
1.9508468
1.8756456
1.8301337
1.5725416
1.827298
1.8688517
0.70299635
1.2818867
1.2834777
0.57304776
0.70438317
1.2834224
1.2840139
1.0271515
0.79742114
1.0303107
1.2991808
1.2617078
1.2641669
1.2618136
1.2994734
1.2640169
0.79771901
1.027055
1.0306094
1.2807314
0.69948121
1.2813891
0.56556912
0.56798382
0.69995074
1.2803044
1.2814132
0.55450101
0.48126459
0.55459331
0.48137641
1.0506878
1.2457786
1.2457017
1.0506825
0.55312518
0.48008439
0.48027916
0.55297578
0.69007106
0.71411478
0.68934647
0.7148131
0.56924983
0.53100741
0.53108114
0.56922712
0.69115561
0.71568932
0.715905
0.69104319
1.3131182
0.92171873
0.92208821
0.95249377
0.96168962
0.95234264
1.3132133
0.92264562
0.92246216
0.9519574
0.96154629
0.95217659
0.29634224
1.2258366
0.78661655
0.78670914
0.29556094
1.2258311
0.92151708
1.312929
0.92124631
0.96093694
0.95136393
0.95149502
0.9518004
0.96107786
0.95165403
1.3128774
0.92063658
0.92104705
0.98838691
0.97863185
0.9786889
0.98710507
0.94312612
0.98707104
0.98843489
0.97877685
0.97874634
0.98699242
0.94309294
0.98705214
0.97458591
0.98282505
0.97454842
0.94131208
0.95399613
0.95405951
0.95418174
0.94142736
0.95413343
0.98280374
0.9744698
0.97452531
0.97860104
0.98828516
0.97856429
0.94293311
0.98688133
0.98690711
0.98696928
0.94297305
0.98695066
0.98826766
0.97849407
0.97854233
1.3066475
1.3524315
1.3524399
1.3067041
0.98757241
1.0100762
0.98995794
0.94932868
0.98766574
1.0101251
0.98987176
0.94930189
1.0079805
0.83497749
0.83499029
0.83499604
1.0079932
0.83500348
1.3524486
1.3066263
1.3066688
1.0100863
0.98735801
0.94917458
0.98977118
0.98985452
0.94920544
0.98731328
1.0101186
0.85459849
1.0175304
0.91091573
0.96269914
0.85459139
1.0175503
0.9108191
0.96269025
1.255384
1.2553802
1.0175444
0.85463788
0.96264605
0.91074203
0.91079933
0.96265482
0.85465736
1.0175969
1.2554029
1.2553859
0.87246171
0.94718272
0.94716568
0.87244128
0.81464206
0.81463392
1.2799153
1.1925646
1.2799127
0.87241532
0.94719952
0.87242318
0.94721441
0.81465135
0.81466064
1.1925873
1.2795851
1.2799984
0.96799644
0.85262789
0.9678779
0.85242535
0.96739041
0.96750427
1.8263693
1.867892
1.8283501
1.8412784
2.2554763
1.9492155
1.9526368
1.8754909
1.8311595
1.5724693
1.5748643
1.8283854
1.8698468
1.0529612
1.2486274
1.0536452
1.2481508
0.55422979
0.48122334
0.55456031
0.48113966
1.0509677
1.2464484
1.2463338
1.0510146
0.55250085
0.47942214
0.47965177
0.55234363
0.5694398
0.53131892
0.56917531
0.53150622
0.68998959
0.7139571
0.68946296
0.71454468
0.56956546
0.53101924
0.53114248
0.56959333
0.69099629
0.71590294
0.71573346
0.69114184
0.3034443
1.2257674
0.78614638
0.30582162
1.2255656
0.78628359
0.29863589
0.78662915
0.78660134
0.29751816
1.2261611
0.98889858
1.0100641
0.99002587
0.94946168
0.98901213
1.0101608
0.98987879
0.94940799
1.3533694
1.3077068
1.3077321
1.3533918
1.0100335
0.98861475
0.94919249
0.98968232
0.98982343
0.94924088
0.98854155
1.0099912
1.2571078
1.3093928
1.3093983
1.2570861
1.0178
0.85518333
0.9627272
0.9110696
0.91118901
0.96274705
0.85517801
1.0178014
1.257064
1.3093929
1.2570708
0.81794999
0.81793578
1.2822579
1.1934646
1.2822463
0.87510456
0.95000107
0.87512963
0.94999898
0.81794491
0.81793887
1.1934848
1.2823623
1.2828046
0.86028691
0.97941318
0.97932848
1.1900614
1.1916343
2.2571935
1.9492752
2.1749458
1.9490238
1.8300615
1.8728115
1.5732795
1.8277684
1.8710095
1.1934892
1.1901131
2.2858622
1.9678676
2.1784611
2.6956883
1.9400925
1.8670089
1.8345864
1.5754095
1.5730443
1.8339546
1.8771719
0.69887434
1.2802857
1.2811
0.56688235
0.69917237
1.2801901
1.2811252
1.0287329
0.79824378
1.0314758
1.2995448
1.2614101
1.2637615
1.2635481
1.2997791
1.2652006
0.79572804
1.0263033
1.029356
1.2809689
0.70027375
1.2818869
0.6979646
1.2805102
1.2813058
0.55248868
0.47962206
0.5525634
0.47954782
1.0513573
1.246803
1.2467106
1.0514117
0.55281929
0.47940721
0.47961808
0.55272358
0.68978567
0.71494722
0.69027313
0.71444638
0.566671
0.52797551
0.52845466
0.56614494
0.68835666
0.71232331
0.71296865
0.68777127
1.3126313
0.91992175
0.92015471
0.95132213
0.9606718
0.95131378
1.3127008
0.92049963
0.92040288
0.9513663
0.96062956
0.95134897
0.30429822
1.2253484
0.78477629
0.78519434
0.30614376
1.2254643
0.91987626
1.3126067
0.91979734
0.96050393
0.95184095
0.9517139
0.95146917
0.96054437
0.95159804
1.3127007
0.91960596
0.91981289
0.98816872
0.9784457
0.97846137
0.98688593
0.94288574
0.98689034
0.98819954
0.97848412
0.97848152
0.98692174
0.94289332
0.98692203
0.97414655
0.98245409
0.97403658
0.94053621
0.95320146
0.95335546
0.95362525
0.94067873
0.9535126
0.98237089
0.97378616
0.97392733
0.97845555
0.98809401
0.97845602
0.94296318
0.98708223
0.98703376
0.98696213
0.94294013
0.98700879
0.98807239
0.97845998
0.97846948
1.3067494
1.3528963
1.306744
0.98708821
1.0104196
0.98978142
0.94916833
0.98715145
1.0101799
0.98984334
0.94919716
1.0083666
0.83463762
0.83475479
0.83488537
1.0082772
0.83484239
1.3530556
1.3069692
1.3071056
1.0105653
0.98704655
0.94939121
0.99004468
0.98989874
0.94933323
0.98708089
1.0110713
0.8546987
1.0177972
0.91074853
0.96271368
0.85469769
1.0176436
0.91079467
0.96276929
1.2555848
1.2556492
1.0178833
0.85467294
0.96306975
0.91101023
0.91083878
0.96298335
0.854655
1.0182022
1.2558268
1.255725
1.3089569
0.87249485
0.94753575
0.94744495
0.872542
0.81480596
0.8147768
1.2803069
1.1929535
1.2804318
0.87267989
0.94763255
0.87260151
0.94773469
0.81482448
0.81482684
1.1930608
1.2807343
1.2809571
0.9672287
0.8523264
0.96721299
0.85241749
0.967489
0.96735538
1.8287924
1.8729658
1.827306
1.8715915
1.5739167
2.28714
1.9675517
1.9394073
1.8678693
1.8341461
1.5730604
1.8330352
1.8772281
1.0509785
1.2464423
1.0509256
1.2465396
0.55192489
0.47892274
0.5519768
0.47881184
1.0518203
1.2474947
1.2474612
1.0518054
0.55208825
0.47838152
0.47868049
0.55189285
0.56839492
0.53013797
0.56892343
0.52956122
0.69027532
0.71548013
0.69068334
0.71507182
0.56704213
0.52769448
0.5280844
0.5665411
0.68872818
0.71271141
0.7133976
0.68809797
0.29939181
1.2260375
0.78644723
0.29795994
1.2261168
0.78630356
0.30500407
0.78514678
0.7855549
0.30672515
1.2260453
0.98819141
1.0101734
0.98965046
0.94910519
0.98828476
1.0100039
0.98962948
0.9491003
1.3538
1.3078851
1.3080078
1.3544243
1.0102809
0.98808219
0.94922102
0.98976817
0.98964921
0.94917184
0.98810077
1.0107488
1.2571356
1.3097981
1.3096776
1.257184
1.0180008
0.85509857
0.96298287
0.91117843
0.91104907
0.96290074
0.85506988
1.0182888
1.2573292
1.2572425
1.3101386
0.81804113
0.8180098
1.2825795
1.1936664
1.2826785
0.87524933
0.9503324
0.87518121
0.9504217
0.81804427
0.81803616
1.1965903
1.2834403
1.2836701
0.86106806
0.98083769
0.98059094
1.1884472
1.1964898
2.1792552
1.9804417
2.2379663
2.2021238
1.9274424
1.8836156
1.8395206
1.824744
1.8392714
1.1824519
1.1905799
2.1846034
1.9599844
2.2965588
2.9682756
1.9321335
1.8342602
1.8602559
1.557298
1.5490439
1.827817
1.8602496
0.69205571
1.2810772
1.2801185
0.56836622
0.69500603
1.2809769
1.2807658
0.56799002
1.0261086
0.7912489
1.0260862
1.2897328
1.266124
1.2556375
1.2622312
1.2969413
1.2618813
0.79181025
1.0377692
1.0218493
1.281208
0.69422854
1.2826086
0.59239077
0.57196053
0.6928818
1.2899427
1.2840413
0.550742
0.47794358
0.55120087
0.47739329
1.0507958
1.2413893
1.247394
1.0459873
0.54975526
0.47844376
0.47611817
0.55272779
0.68335348
0.70933209
0.68487831
0.70785444
0.56201326
0.53610245
0.52513077
0.57139884
0.68199526
0.7111461
0.70631371
0.68770057
1.3124275
0.91849553
0.91911686
0.95200841
0.96029366
0.95215096
1.3128226
0.91961496
0.91956938
0.95221125
0.96015248
0.95221269
0.41847039
1.2123322
0.79164163
0.78842533
0.43723855
1.2056827
0.91745986
1.3078958
0.91732473
0.95839916
0.9521884
0.95228382
0.95210166
0.9593489
0.95220307
1.3047028
0.92236847
0.91767968
0.98804028
0.97858108
0.97857919
0.9871693
0.94314681
0.98726599
0.98803482
0.97849504
0.97854438
0.98745508
0.94324606
0.98739561
0.97360662
0.9818191
0.97356028
0.9398286
0.95091801
0.95315925
0.95299677
0.93992567
0.9530233
0.98155369
0.97127461
0.97362153
0.97849405
0.98763044
0.97799825
0.94041937
0.98245106
0.985385
0.98740255
0.94251939
0.98683592
0.98704578
0.97373423
0.97681971
1.3069215
1.3545979
1.3072378
0.98662002
1.0099623
0.99010204
0.94962123
0.98696801
1.0112618
0.98967804
0.94966469
1.0077151
0.83801719
0.82347586
0.83337279
1.0082604
0.83403261
1.3537005
1.3027605
1.296589
1.3532323
1.0093018
0.98259926
0.94746354
0.98493476
0.98922354
0.94872512
0.97951029
1.0079676
0.8540238
1.0189233
0.91111165
0.96345186
0.85459043
1.0183707
0.9114597
0.96360862
1.2558266
1.2552234
1.0189251
0.85431812
0.96183971
0.90385251
0.91144818
0.96313526
0.84535906
1.015632
1.2515566
1.2535461
1.3083271
0.87328253
0.94875964
0.94861142
0.87337044
0.81465674
0.81462725
1.2816813
1.1931275
1.2823815
0.87255785
0.9487088
0.87329728
0.94783888
0.81434416
0.81493623
1.188781
1.2725098
1.2804064
0.9683836
0.85279729
0.96888924
0.85155839
0.96465665
0.96831317
1.8851043
1.8401248
1.8246567
1.8394069
1.5542628
2.1855519
1.9605515
1.9326711
1.8345191
1.8597931
1.8277353
1.8615315
1.0511428
1.2472596
1.0510229
1.2475897
0.54993958
0.47685468
0.55038132
0.47629899
1.0512594
1.2421924
1.2481233
1.0465573
0.54894089
0.47741446
0.47500923
0.55201644
0.56200749
0.52535076
0.56375477
0.52378074
0.68379907
0.70981633
0.6852731
0.70839423
0.5618341
0.53605537
0.52494347
0.57144796
0.68267226
0.71204617
0.7071045
0.68846405
0.32906213
1.2259328
0.78348353
0.31722178
1.226555
0.78314786
0.42014021
0.79214649
0.78901081
0.4374215
1.2063621
0.98757883
1.0108624
0.98979955
0.94941054
0.98794543
1.0109103
0.98956273
0.94946212
1.3543083
1.3035669
1.297386
1.3538029
1.0102227
0.98351702
0.94757813
0.98586319
0.98913895
0.94867465
0.9804217
1.0088421
1.2572608
1.311615
1.2566439
1.0189804
0.85537195
0.96190496
0.90483051
0.91157964
0.96305426
0.8465295
1.0167711
1.2529512
1.254952
1.3094452
0.81785348
0.81781707
1.284388
1.1940124
1.2845983
0.87508058
0.95136085
0.87581929
0.95048839
0.81753474
0.81811518
1.1923319
1.2752279
1.2831059
0.86041705
0.9786573
0.98199573
1.8882759
0.86459216
2.0548128
0.86829175
1.90103
0.86708114
1.8938366
2.6817218
0.86679907
1.884334
2.6694292
0.86687133
1.8691785
0.86715214
2.1210422
2.9138191
0.8675115
2.1064929
2.9380901
0.86774604
1.873436
0.86812773
2.127292
0.86966828
1.8891578
2.1467222
0.85361816
0.8585089
0.86192093
0.86569641
2.1142568
0.85649256
0.86148245
0.86853164
1.9388969
2.1381153
0.8587466
0.85795502
0.86556517
0.86389024
2.1536253
2.9611361
0.86144515
0.86128081
0.86717125
1.8920282
2.1535505
0.85820948
0.85752366
0.86388096
0.86289253
2.1662243
2.9714984
0.8612762
0.86142272
0.86682054
1.886376
2.6776665
2.1568985
0.85748871
0.85728449
0.86280668
0.86235649
2.1613393
2.963867
0.86143006
0.86161386
0.86685874
1.8593506
2.6664682
2.152127
2.9572493
0.85728197
0.85721238
0.8623222
0.86212135
2.1671969
2.9614512
0.86162756
0.86185937
0.86711972
1.861123
2.6573525
1.9429133
2.8015661
0.85722188
0.85711931
0.86211089
0.86195637
1.9535621
2.8050614
0.86187741
0.86209615
0.86748018
2.1088674
2.0897818
2.8174535
0.8571054
0.85673321
0.86193594
0.86165466
2.0982621
2.832415
0.86209884
0.86205098
0.86773123
2.1023183
1.876011
2.680214
0.85667808
0.85633995
0.86162142
0.86159897
1.8916419
2.6805194
0.8620057
0.86173565
0.86804135
1.8573438
1.727415
0.85659443
0.8562988
0.86177987
0.86261268
1.740427
0.86171256
0.86195501
0.86941574
2.1160038
1.8880369
0.85633615
0.851426
0.86284431
0.85898095
1.8876033
2.6913544
0.86198966
0.85719624
0.86594161
0.80452983
1.0754076
1.0737464
0.81161872
0.59605012
0.51475671
0.48286714
0.61682867
0.71247293
0.69978592
2.1638974
0.78900049
1.2989718
1.2951614
0.81411598
0.98324605
0.93890362
0.94100287
0.98006508
1.0071988
1.0102915
1.6079853
0.86832916
1.682107
0.80130558
1.0675053
0.80304483
1.0652026
0.60449084
0.48611008
0.60157683
0.48937819
0.70663876
0.70882679
2.1477067
2.9280706
0.79131527
1.2968776
0.79272361
1.2936536
0.9837278
0.94144598
0.98352453
0.94184636
1.0098452
1.0095928
1.6864676
0.8678855
1.6860546
0.80286577
1.0668485
0.80305359
1.0668959
0.60467607
0.49080715
0.60492721
0.49039045
0.70928586
0.70946117
2.1636231
0.79756342
1.3005125
0.79396058
1.2994058
1.2259029
1.2257418
0.9836927
0.94224104
0.98381253
0.94221519
1.0093642
1.0092346
1.6862067
0.86713453
1.6863902
0.80230898
1.0663638
0.80211941
1.0665996
0.605529
0.49109311
0.60542756
0.49066163
0.70997729
0.71013748
2.1628319
0.79530107
1.296749
0.79149796
1.2965467
1.2260324
1.2261076
0.98350465
0.94209389
0.98354936
0.94204402
1.0090203
1.0089219
1.6864656
0.86701471
1.6865374
0.80247462
1.0657631
0.80146112
1.0665813
0.60517375
0.49083578
0.60479912
0.49056154
0.70972177
0.7093554
2.1648025
2.9637892
0.7941843
1.2953008
0.78996219
1.2958537
0.98328557
0.94191896
0.98335189
0.94188541
1.0087847
1.0087334
1.6866327
0.86717839
1.6867449
0.80178974
1.0656807
0.80149356
1.0657975
0.6054627
0.49067783
0.60492654
0.49052514
0.70953119
0.70972306
2.1723149
2.9655058
0.79387059
1.2958383
0.78978486
1.2964293
1.2257899
1.2258541
0.9834332
0.94199804
0.98334582
0.94211144
1.0087094
1.0087467
1.6870449
0.86750757
1.6874528
0.80332712
1.06825
0.803046
1.068523
0.6021986
0.49028767
0.60481411
0.48829045
0.70938623
0.70806003
2.1787227
0.79570077
1.2951705
0.79263556
1.2980987
0.98342391
0.94218628
0.98342904
0.94218943
1.0088734
1.0089654
1.6883488
0.86783656
1.6890577
0.80247559
1.0680754
0.80379846
1.0653149
0.60515526
0.49041978
0.60293482
0.4911004
0.70863618
0.71006775
1.9028445
2.6887298
0.79412772
1.3005919
0.79740563
1.30167
1.2253535
0.98368784
0.94227291
0.98356582
0.94226302
1.0089665
1.0088752
1.6909203
0.86804332
1.6921151
0.80116227
1.0640102
0.80103723
1.0642332
0.60388037
0.4902496
0.60525566
0.48876447
0.71002773
0.70877588
1.8535935
0.79148194
1.2980672
0.7914689
1.2983089
0.98350066
0.94199353
0.98367386
0.94174699
1.0087584
1.0088109
1.6944331
0.86873366
1.6959067
0.80356458
1.0675436
0.8028954
1.0701092
0.59639477
0.48703337
0.60128712
0.48242265
0.70542451
0.70054145
2.1295723
2.920242
0.7892219
1.2964878
0.79171541
1.2960429
0.9826897
0.94100391
0.98291054
0.94067062
1.0092194
1.0096652
1.6984108
0.87011675
1.6986043
2.1630648
2.9669601
2.1223314
0.81578216
0.58901007
0.77499239
0.78474976
0.570193
0.57181966
0.78249046
0.65199201
0.48375523
0.45888239
0.66188414
0.80386256
1.0688178
1.0706335
0.80385944
0.65201078
0.46066048
0.45868852
0.65259562
0.63486608
0.76450883
0.75080999
0.65184094
0.59650521
0.48541349
0.48265192
0.6000789
0.63539227
0.75545605
0.75159351
0.63914972
0.70560348
0.7012055
0.85648382
0.85799436
1.6099317
0.86555812
1.6831404
2.6560622
2.8156894
0.86611513
1.6864583
1.6869941
2.8240216
2.8232959
1.1861185
1.5571854
1.1815829
1.5472243
2.1206902
2.8999627
1.1881389
1.5533757
1.1882751
0.6918218
0.71184934
0.81818563
0.58618551
0.77865998
0.78914764
1.2986726
1.296675
0.79547544
0.69191345
0.69792588
0.7872202
0.78630327
0.80378093
1.0754369
1.0731668
0.81152553
0.65108553
0.48229806
0.45704264
0.66159812
0.8030849
1.0690426
1.0699853
0.80419841
0.65107777
0.46006692
0.4569431
0.65264192
0.59496803
0.51314613
0.48111969
0.61553697
0.63393043
0.76387439
0.75031707
0.65065758
0.59567422
0.48520437
0.48114154
0.60027334
0.63470833
0.7558585
0.75130498
0.63930442
1.3102462
0.95709532
0.96064228
1.3170102
0.71186787
0.69923986
1.3122839
0.96135766
0.96090126
1.3134315
0.70580846
0.70083598
0.98916896
0.93778624
0.94447721
0.98568386
0.98331433
0.94132149
0.94101586
0.98347374
0.98926904
0.94443123
0.94459886
0.98930199
1.0099878
1.0104153
0.85946602
0.86100444
2.652595
2.8142494
0.86892823
1.6866628
1.6861757
2.823938
2.8219755
2.1198569
2.9090539
1.5710886
1.5561825
1.7146671
0.78734454
0.56777547
0.56517331
0.78962006
0.78427072
0.57040569
0.56513902
0.78987517
0.65094143
0.46097697
0.65207518
0.46325541
0.80154995
1.0678982
1.0651695
0.80449065
0.65131741
0.46560678
0.46388517
0.65399093
0.64314951
0.75653731
0.64039573
0.75890526
0.60448491
0.49127871
0.48944285
0.60520207
0.64345809
0.75928063
0.75923152
0.64357351
0.70932407
0.70915412
0.858587
0.85850218
1.6857099
0.86484726
1.6839477
2.823114
2.8212925
0.86461857
1.6818088
1.6833148
2.8183013
2.8203948
1.18913
1.5583765
1.1827375
1.7473005
2.625671
1.188865
1.5518843
1.1955807
1.57525
0.69471248
0.69563376
0.7888853
0.56351741
0.5609882
0.79121934
0.79008093
1.2991759
1.2968334
0.79816566
0.69343712
0.70123474
0.78687182
0.79197924
0.80138068
1.0681873
0.80354114
1.0657677
0.65065945
0.46054661
0.6522003
0.46206087
0.80163736
1.0678933
1.0654351
0.80438266
0.65112305
0.46412459
0.46246305
0.65374562
0.60400558
0.48618201
0.60160601
0.48838972
0.64306088
0.7570619
0.6405962
0.75915505
0.60446906
0.48978447
0.48866002
0.60431527
0.64328174
0.75883776
0.75924931
0.64302647
1.3134323
0.96146372
1.3134447
0.96171496
0.70695795
0.70894218
1.2260703
1.2256957
1.3134859
0.96206546
0.96181847
1.3135193
0.70893979
0.70908987
0.98939824
0.94439849
0.98932615
0.94433946
0.9837932
0.94223779
0.94198309
0.98385355
0.98943672
0.94432796
0.94434587
0.98944549
1.0094225
1.0095539
0.86173172
0.86178436
2.8237845
2.8231384
0.86776842
1.6861223
1.6860227
2.8237189
2.8233644
2.1586862
1.5718356
1.551705
1.8839199
2.6845689
0.7865426
0.56748999
0.56699763
0.78543155
0.78499935
0.56581517
0.56508014
0.78694056
0.65254247
0.4652196
0.65277823
0.46505176
0.80220916
1.0669973
1.0663523
0.80288914
0.65202432
0.46545068
0.46484764
0.65264689
0.64365024
0.7591748
0.64342387
0.75929708
0.60507092
0.49137243
0.49067768
0.60553405
0.6438355
0.75977142
0.75940638
0.64427963
0.70989598
0.70956747
0.8581945
0.85814111
1.681332
0.86356102
1.6802235
2.8177296
2.8161589
0.86344141
1.679179
1.679886
2.815127
2.8158819
1.1995205
1.5743372
1.1896825
1.9042318
1.1867343
1.5505544
1.1964162
1.5711091
0.70037359
0.69684623
0.78891034
0.56501541
0.78728054
0.79304653
1.2974935
1.2987524
0.79610064
0.69618037
0.69949477
0.78732118
0.56295471
0.56279979
0.78891048
0.80322625
1.0670062
0.80308934
1.0673547
0.65269181
0.46374925
0.65265542
0.4643673
0.80246045
1.0671542
1.0667499
0.80277061
0.6520611
0.46473799
0.46413786
0.65230922
0.60486677
0.4895664
0.60422359
0.49032625
0.64358598
0.75879213
0.6429517
0.75925661
0.60504554
0.4909424
0.4903286
0.60516467
0.64383172
0.7602081
0.75950952
0.64422491
1.3136036
0.96211134
1.3136243
0.96207106
0.70895955
0.70946436
1.2260086
1.2260599
1.3136316
0.96188975
0.96203504
1.3134851
0.71030192
0.70969564
0.98930061
0.94431956
0.9894265
0.94423234
0.98366108
0.94213674
0.94220322
0.98358243
0.98926947
0.94409923
0.94420686
0.98915965
1.0090737
1.0092034
0.86175211
0.86184968
2.8237882
2.8240548
0.86714069
1.6864299
1.6863823
2.8237359
2.8239482
2.1561664
1.5488963
1.8810323
2.6756702
0.78674138
0.56350096
0.78559022
0.78607006
0.56232364
0.56114813
0.7874734
0.65214
0.46514155
0.65201516
0.4651775
0.80150114
1.0663244
1.0658995
0.80202252
0.65147438
0.46505903
0.46473846
0.65193637
0.64439228
0.75987031
0.64428217
0.76003736
0.60545046
0.49050713
0.49040445
0.60495343
0.64434298
0.75936546
0.76002608
0.64397095
0.70980225
0.7101407
0.85788196
0.85777628
1.6789538
0.86283658
1.6784723
2.8150024
2.8142915
0.8627285
1.6779988
1.6782621
2.8135405
2.8139182
1.1932826
1.5686953
1.1852422
1.8853386
2.6749133
1.1846887
1.5495699
1.1922589
1.5685226
0.69915953
0.69523362
0.78899475
0.78718172
0.79078456
1.2961096
1.2960096
0.79472411
0.6949145
0.6987931
0.78739262
0.56070414
0.55960152
0.7889256
0.80266955
1.0665564
0.80203294
1.067186
0.65226768
0.46449218
0.65170725
0.464999
0.80197804
1.0670537
1.0665771
0.80244446
0.65172082
0.46489377
0.46469189
0.65210823
0.60549412
0.49079752
0.60519997
0.49080328
0.64461183
0.76037515
0.64430841
0.76065346
0.60544144
0.49065477
0.49060987
0.60533764
0.64461279
0.76051613
0.76066111
0.64451552
1.3133757
0.96185041
1.3135073
0.96172408
0.71044473
0.71067374
1.2260531
1.2259245
1.3134051
0.96160274
0.96169664
1.3132997
0.71055477
0.71068096
0.98905565
0.94407408
0.98913859
0.94397629
0.98349009
0.94196825
0.94203762
0.98340146
0.98903786
0.94387086
0.94395557
0.98893328
1.0088226
1.008905
0.86192513
0.86202634
2.8235862
2.8236274
0.86706455
1.6866004
1.6865536
2.8238439
2.823826
2.151801
1.8638457
2.660803
0.78775667
0.56056924
0.78573179
0.78616983
0.56281699
0.5610057
0.78759538
0.6524096
0.46482403
0.65151548
0.46518304
0.80169922
1.0663719
1.0659147
0.80226474
0.65177432
0.46491793
0.46475586
0.65220062
0.64383417
0.75929032
0.6438568
0.75913448
0.60511704
0.49102662
0.49029469
0.604912
0.64377826
0.75907308
0.75906604
0.64383231
0.70953359
0.70953233
0.85773843
0.85765239
1.6779187
0.86247239
1.6778034
2.8136078
2.8133348
0.86240039
1.6777155
1.6777524
2.8134832
2.8134233
1.1913882
1.5684637
1.1845473
1.8760259
2.6682795
1.1858114
1.1912863
1.5687384
0.69828768
0.69426399
0.78931041
0.55989868
0.78769676
0.78960502
1.2964239
1.2951372
0.7942027
0.69392253
0.69808353
0.78783772
0.5579106
0.78947227
0.80213836
1.0663486
0.80161194
1.0668687
0.65183666
0.46443302
0.65142095
0.46457917
0.80140803
1.0667924
1.0662433
0.80206536
0.65123906
0.46444413
0.46416354
0.65178571
0.60540305
0.49029478
0.6051928
0.49022691
0.64451751
0.76043652
0.64439141
0.76030343
0.60499486
0.4901636
0.48998535
0.60548665
0.64441629
0.76027155
0.7602734
0.6445325
1.3132432
0.96158154
1.3133368
0.9615235
0.7104882
0.71034762
1.2258565
1.2258152
1.3132879
0.96158074
0.96152957
1.3132408
0.71028796
0.71032104
0.98882548
0.94385375
0.98890613
0.94378867
0.98328769
0.94198719
0.94190686
0.98333419
0.98882558
0.9437734
0.94378467
0.98884073
1.0087205
1.0087347
0.86214456
0.86225308
2.8237054
2.823894
0.86725513
1.6868877
1.6867293
2.823899
2.8238132
2.1580489
2.961399
1.8623496
2.6627204
0.78808041
0.56092061
0.78721953
0.78342782
0.56713702
0.56153756
0.7886059
0.65175636
0.46452644
0.65154175
0.46470731
0.80138419
1.0682549
1.0653859
0.8041851
0.65141624
0.46507282
0.46448355
0.65340311
0.64425768
0.75909751
0.64386785
0.759657
0.6054677
0.49093701
0.49040771
0.60531751
0.64426543
0.75945277
0.75970047
0.64400456
0.70956999
0.70975292
0.8576912
0.85760043
1.6776131
0.86230694
1.6774574
2.8133061
2.8128955
0.8622413
1.6770693
1.6773864
2.8127508
2.8130725
1.1926592
1.5704776
1.1860885
1.8785567
2.6697789
1.1906286
1.1906418
1.5685375
0.69740253
0.69383946
0.78961873
0.78888492
0.78922091
1.2980742
1.2946579
0.79562093
0.69313872
0.70010853
0.78649705
0.79066499
0.80166072
1.0661676
0.80135622
1.0662862
0.65148527
0.46402061
0.65119304
0.46403929
0.80113891
1.067912
1.0656775
0.80371107
0.65109997
0.46427935
0.46365937
0.65310755
0.60508462
0.48986221
0.60540958
0.49016489
0.64406934
0.76025161
0.64444333
0.7600261
0.60487123
0.48957186
0.48982427
0.60434387
0.64384822
0.75905825
0.75984932
0.64315826
1.3132911
0.9616186
1.3133028
0.96173184
0.71026496
0.71005795
1.2256654
1.3133498
0.96195799
0.9617873
1.3133076
0.70925746
0.70991531
0.98893723
0.94378778
0.98886783
0.94382734
0.9834586
0.94221204
0.94215821
0.98346096
0.98897115
0.94394786
0.94385961
0.98902051
1.0088582
1.0087802
0.86240149
0.86250924
2.8241497
2.8248378
0.86759631
1.6880628
1.6875197
2.8254122
2.8247649
2.1649762
2.9837544
2.1631592
1.5708572
1.5591138
0.78379052
0.56557532
0.56604179
0.78320933
0.7864598
0.56599666
0.78352137
0.65236104
0.46428795
0.65216029
0.46306665
0.80314115
1.0666033
1.06835
0.80112828
0.65216979
0.46340189
0.4626733
0.65052101
0.64116629
0.75919168
0.64357107
0.75716727
0.60146716
0.48901152
0.48768784
0.60188014
0.64047398
0.75742409
0.75659787
0.64083334
0.70805442
0.70760129
0.85747537
0.85734383
1.676846
0.86208271
1.6763149
2.8124355
2.8122259
0.86199641
1.674911
1.6759896
2.810167
2.8118978
1.1856197
1.1878465
1.5515675
2.1770462
2.9899252
1.1978113
1.1921585
0.69969776
0.69719913
0.78700153
0.56189826
0.78557223
0.79510533
1.2996444
1.2995113
0.7918789
0.69914846
0.6955831
0.7867754
0.56514473
0.78556153
0.80303709
1.0677859
0.80261844
1.0684734
0.65198141
0.46374041
0.65194116
0.46353839
0.80291413
1.0676705
1.0684508
0.80164636
0.65185263
0.46439201
0.46343265
0.6508502
0.6028138
0.48923716
0.6040132
0.48881652
0.64136539
0.75864926
0.64276686
0.75704166
0.60262588
0.49041955
0.48882095
0.6036444
0.64113421
0.75726566
0.75666419
0.64201542
1.3133026
0.96203037
1.3133827
0.96219335
0.70890639
0.70747469
1.3133241
0.9622585
0.96223523
1.3134278
0.70757949
0.70711843
0.98909914
0.94399063
0.98904099
0.94408499
0.98344591
0.94225835
0.94220871
0.98352631
0.98913442
0.94410433
0.94411662
0.9891765
1.0089958
1.0090012
0.86253861
0.86260564
2.8258327
2.8263284
0.8679074
1.6905033
1.6893313
2.828687
2.8267335
1.8903786
2.6834079
1.575004
1.8218811
1.5758575
0.78351267
0.57143087
0.56905694
0.78800953
0.78979546
0.5669236
0.7894753
0.65251527
0.46481557
0.65294002
0.46549134
0.80171061
1.0641366
1.0644235
0.80115046
0.65185695
0.46458362
0.46509004
0.6512689
0.644152
0.75817512
0.64190047
0.76006654
0.60545015
0.49064766
0.49097908
0.60554568
0.64436304
0.7602495
0.76044403
0.64456138
0.71026445
0.71033941
0.85697231
0.85690154
1.6745199
0.86178569
1.673466
2.8098337
2.8087257
0.86176567
1.6719953
1.67304
2.8066524
2.8082701
1.1929769
1.5577921
1.2010433
1.5740256
1.8370615
2.6518281
1.1969163
1.1978471
0.6965608
0.70112596
0.78395317
0.57003209
0.78960641
0.7917341
1.2984481
1.2985574
0.79176128
0.69414266
0.69431237
0.79154751
0.5628676
0.79117586
0.80237303
1.0691178
0.80428786
1.0657921
0.65218043
0.46557812
0.65325128
0.46568999
0.80156704
1.0646824
1.0648939
0.80113746
0.65144548
0.46435768
0.46514091
0.65092304
0.60571219
0.49160609
0.60448635
0.49175086
0.64422803
0.75791368
0.64276926
0.75970334
0.60587691
0.4909051
0.49147153
0.60604123
0.64448544
0.76074871
0.76014619
0.64477322
1.3134808
0.96223557
1.3134598
0.96199397
0.7081431
0.70969374
1.2260374
1.2261832
1.3135097
0.96163086
0.96190455
1.3133771
0.71052725
0.7100621
0.98919939
0.94408928
0.9892024
0.94394815
0.98371761
0.94207843
0.94224229
0.98371129
0.98919986
0.94374981
0.94390369
0.98913264
1.0087785
1.0088563
0.86230271
0.86225998
2.8290947
2.8304693
0.86807864
1.69394
1.6925189
2.8332
2.8310421
1.8521786
2.6573536
1.5742726
1.8942731
0.7901787
0.56520649
0.56531456
0.7905709
0.78826801
0.56705576
0.56654705
0.79006073
0.65120874
0.46424774
0.65114986
0.46319785
0.80163113
1.0665086
1.0646084
0.80282399
0.65158763
0.46204468
0.46293007
0.65220335
0.64286597
0.76001814
0.64428773
0.75866002
0.60343112
0.48772877
0.48841697
0.60217267
0.64234409
0.75648753
0.75840767
0.64073823
0.70640046
0.70832341
0.85664558
0.85664715
1.671705
0.86210991
1.6712149
2.8064036
2.8054903
0.86224793
1.6716203
1.6711283
2.8058729
2.8053421
1.1966194
1.5729863
1.1970324
1.9023276
2.6968577
1.1953475
1.5745656
1.1989173
0.69393195
0.6940072
0.79193887
0.56252868
0.56283028
0.79220887
0.79347712
1.2973314
1.300505
0.7902384
0.69565286
0.69303965
0.79036934
0.79177322
0.80139428
1.0645711
0.80108046
1.0649166
0.65104778
0.46400622
0.65084989
0.46257875
0.80182852
1.0669215
1.0652568
0.80278669
0.65138401
0.46091961
0.46229479
0.65176606
0.60454596
0.49056057
0.60586629
0.48845119
0.64336168
0.76063526
0.64459972
0.75948654
0.60410699
0.48654688
0.48839359
0.60234244
0.64287521
0.7569069
0.75894159
0.64098851
1.3132728
0.96157203
1.3133713
0.96142749
0.71041343
0.70934055
1.3132953
0.96125602
0.96140334
1.3134628
0.70685791
0.70882584
0.98898695
0.94372135
0.98911522
0.9436392
0.98341558
0.94119229
0.94165547
0.98303417
0.98894509
0.94366095
0.94363942
0.98874966
1.009104
1.0088722
0.86214182
0.86225041
2.833707
2.8357325
0.86895557
1.6978631
1.6963738
2.8379354
2.8363758
2.1282061
2.9147542
1.5555006
1.5547241
2.160802
0.78641288
0.5683054
0.56963729
0.78329311
0.81639244
0.58798295
0.57332693
0.77606527
0.65179548
0.46141193
0.65195878
0.45855636
0.80401216
1.0749517
1.0731004
0.81112019
0.65159629
0.48274543
0.45828758
0.66144704
0.63514452
0.75551132
0.63982008
0.75104826
0.59544495
0.51319397
0.48206471
0.61525754
0.634164
0.76310051
0.74996438
0.65021668
0.71112954
0.69886485
0.85589899
0.85436847
1.6719749
0.86326079
1.6718771
2.8064931
2.8048302
0.86268411
1.5936866
1.6677818
2.6363489
2.7969358
1.1872169
1.5548186
1.1859392
2.1737992
2.9752609
1.1862065
1.5574935
1.1822591
1.548247
0.69203429
0.69450787
0.78847494
0.56518037
0.5666064
0.78522056
0.78882476
1.2991129
1.2956246
0.81374699
0.69148113
0.71133596
0.81787441
0.77809822
0.80367924
1.067971
0.80290867
1.0705959
0.65148257
0.46026782
0.65156357
0.45748908
0.80408616
1.0756818
1.0735572
0.81148284
0.65125051
0.48189769
0.45718954
0.66138382
0.59650073
0.48589163
0.60143277
0.4819021
0.63545187
0.75596876
0.64006353
0.75165281
0.59556726
0.51289453
0.4815368
0.61523091
0.63451731
0.76401892
0.75063656
0.65058379
1.3122775
0.96118193
1.3135579
0.96073266
0.70592191
0.70113049
1.2186574
1.2692507
1.3102803
0.95681443
0.96049234
1.3169419
0.71191157
0.69948266
0.98864129
0.94371135
0.98871797
0.94388544
0.98262193
0.93841558
0.9406771
0.97931556
0.98855511
0.93707478
0.94378805
0.98494586
1.0064704
1.0095795
0.86151315
0.86008025
2.8382897
2.8371667
0.8695859
1.6215211
1.6946317
2.6691507
2.8297073
2.7939975
2.9168658
2.0910614
2.6562853
0.92511024
0.94912937
0.95131621
0.92203734
0.8554184
0.86522155
2.6188542
2.6388256
1.7250723
2.7588853
0.92690459
0.95433821
0.92701363
0.95427536
0.85892775
0.86807472
2.6580461
2.6568789
1.8556869
2.6532462
0.92637727
0.95393412
0.92641726
0.95390862
0.85849462
0.86702782
2.6521556
2.6625256
1.8683355
2.6593033
0.92614362
0.95372691
0.92616573
0.95370872
0.8585214
0.86680604
2.6752875
2.6583956
1.8789832
2.6559261
0.92604416
0.9536133
0.92604898
0.95361157
0.85874186
0.86691046
2.6810478
2.6619579
1.8958422
2.652841
0.92605409
0.95361302
0.92604804
0.95362187
0.85911412
0.8672092
2.6448388
2.643575
1.8076561
2.7982823
0.92612142
0.95368493
0.92611678
0.95369152
0.85959981
0.86756295
2.8359633
2.7608395
1.9945514
2.8403012
0.92598695
0.95355046
0.92601808
0.95351395
0.86001652
0.86778559
2.8513747
2.9647007
2.1626961
2.6593449
0.92584402
0.95325462
0.92583017
0.95325113
0.86044406
0.86824767
2.9023819
2.783225
2.1186693
2.7862448
0.92651734
0.95355189
0.926385
0.95359964
0.86135575
0.86991112
2.9071976
2.7813806
2.0779771
2.6561265
2.8914116
2.7900732
2.1052827
2.8666674
0.96130988
0.98714705
0.98677813
0.96499953
0.96870057
0.99017242
0.99035005
0.96876261
0.92294965
0.94706897
0.94927131
0.91985886
1.1834881
0.85126007
0.92506578
0.95230444
0.95235941
0.9249254
0.85847992
1.1919122
0.85297462
0.8626396
0.86593066
0.8564477
2.8738166
2.7666882
2.1145561
2.8673877
0.96308427
0.98899416
0.9886127
0.96678045
0.97050937
0.99205779
0.99222149
0.97058497
1.1859352
0.85391094
0.92726405
0.95439717
0.92713478
0.95444062
0.86152471
1.1944204
0.86879319
0.85899548
2.6551381
2.6665457
1.8191255
2.6801522
2.9278582
2.8392398
2.0881126
2.8482687
0.96874459
0.98996611
0.96876756
0.98975738
0.96861832
0.98879515
0.98891684
0.9686
0.92466461
0.9522269
0.92478786
0.95214707
1.1944733
0.85874663
0.92416729
0.95170182
0.95176499
0.92409156
0.85799613
1.1909691
0.85632771
0.86534211
0.86405474
0.85524364
2.9559574
2.8673785
2.1170177
2.8604962
0.97060594
0.99186869
0.99167994
0.97060738
0.97060075
0.99085993
0.99095739
0.97060746
1.1943323
0.86140331
0.92651759
0.95396536
0.92646295
0.95400683
0.86137406
1.193665
0.86733155
0.85852471
2.6510418
2.653657
1.8370005
2.6510777
2.8470863
2.9553191
2.154568
2.8590499
0.96857653
0.9886865
0.96859051
0.98858816
0.9684786
0.98811329
0.98818095
0.96845117
0.92395841
0.95164308
0.9240205
0.95159253
1.1935279
0.85826005
0.9236719
0.95128377
0.95133328
0.92362257
0.85765398
1.1903202
0.85516563
0.86379724
0.8630422
0.8543998
2.9639972
2.8511726
2.1685515
2.8607321
0.97064589
0.99077751
0.99070866
0.97062559
0.97067504
0.99038437
0.99042942
0.97066899
1.193595
0.86130113
0.92621993
0.9537493
0.92619057
0.95377852
0.86149871
1.1933276
0.866902
0.85851337
2.654416
2.6484669
1.8511912
2.6566128
2.8484863
2.9596453
2.1563995
2.8485009
0.96841934
0.98805345
0.96843292
0.98800359
0.96837074
0.98781989
0.98783666
0.96836832
0.92353758
0.95123819
0.9235757
0.95120304
1.1902639
0.85754957
0.92339908
0.95105856
0.95107253
0.92338556
0.85731581
1.1900064
0.85431659
0.86278985
0.86241644
0.85384919
2.9630528
2.851273
2.1632481
2.8516338
0.97067468
0.99034514
0.99031369
0.97067072
0.97066818
0.99017887
0.99019467
0.97066436
1.1932968
0.86146347
0.92606826
0.95361949
0.92605628
0.9536333
0.86168415
1.193226
0.86690425
0.85871374
2.6698846
2.6542861
1.8774449
2.6543243
2.9632771
2.8553478
2.1517185
2.8489934
0.96837926
0.98780708
0.96836952
0.98780366
0.96843882
0.98785239
0.98783633
0.96845823
0.9233739
0.95104873
0.92337522
0.95104981
1.1899913
0.85736504
0.92339991
0.95109909
0.95108594
0.92341216
0.85722846
1.1899427
0.8538056
0.86234791
0.86215346
0.85354683
2.9665574
2.8554126
2.1655756
2.8492273
0.97067902
0.99016806
0.99016392
0.97066992
0.97069216
0.99015289
0.9901526
0.97069018
1.1932172
0.86166808
0.92604359
0.95360804
0.92604384
0.95360979
0.86192434
1.1932716
0.86714361
0.85906585
2.6619616
2.6814979
1.8744716
2.6497952
2.9295154
2.8246747
2.1121742
2.7237532
0.96850589
0.98786983
0.968481
0.98789187
0.96857252
0.98799784
0.98798195
0.96857767
0.92344239
0.95111347
0.92342448
0.95113483
1.1899489
0.85731357
0.92351354
0.95122445
0.95121328
0.92352568
0.85715373
1.1899666
0.85352134
0.86215635
0.8619946
0.85326771
2.8260118
2.9352117
2.1242842
2.7240112
0.97070854
0.99015665
0.99016632
0.97069702
0.97074367
0.99023929
0.99022626
0.97074668
1.1932762
0.86192158
0.92610248
0.95367638
0.92610929
0.95367102
0.86217129
1.1933964
0.86750091
0.85954566
2.6415034
2.6411756
1.8005234
2.7960238
2.6239083
2.6498671
1.7435762
2.7097788
0.96858763
0.98801278
0.96858581
0.98802639
0.96840818
0.98798477
0.98799329
0.9683597
0.92354443
0.95123314
0.92353438
0.95124364
1.18997
0.85716862
0.92351403
0.95117035
0.95119066
0.9235001
0.85681064
1.1899097
0.85322487
0.86196798
0.8617096
0.85276631
2.6505232
2.6297609
1.7628585
2.718946
0.97075998
0.99025285
0.99026552
0.97075552
0.97060718
0.99020729
0.99022779
0.97054933
1.1934027
0.86212149
0.92607323
0.9535853
0.92604664
0.95362015
0.86217466
1.1934343
0.86777132
0.8599773
2.8380051
2.7664258
1.988374
2.8376477
2.9649825
2.8551702
2.1558877
2.66251
0.9682697
0.98797762
0.96831489
0.98797523
0.96799097
0.98804922
0.98801319
0.96793641
0.92346962
0.95114784
0.92348297
0.95112986
1.1899059
0.85670211
0.92341587
0.95101992
0.95102757
0.92342448
0.85638539
1.1900202
0.852695
0.86164528
0.86157714
0.85228689
2.9702313
2.8566839
2.1611274
2.6638317
0.97042251
0.99018467
0.99016362
0.9704881
0.97002391
0.990098
0.99008719
0.96994379
1.1934227
0.86198173
0.92584447
0.95327315
0.92583056
0.95330664
0.86178008
1.193472
0.86798732
0.86037196
2.9587561
2.8496664
2.1569246
2.6576174
2.8999463
2.7943664
2.1128167
2.6392689
0.96786525
0.98810165
0.96789391
0.98817761
0.96785581
0.98909326
0.98888444
0.96788258
0.92347774
0.95102124
0.92344244
0.95103996
1.1927033
0.85665402
0.92385166
0.95136825
0.95129065
0.92397155
0.85632952
1.1906231
0.85229928
0.8618963
0.86243911
0.85250642
2.9072595
2.7990284
2.1256044
2.6422374
0.96982224
0.99012674
0.99017977
0.96987613
0.96972271
0.99099538
0.99080038
0.96973526
1.1935064
0.86171294
0.92615385
0.95348783
0.92626128
0.95342483
0.86197654
1.1941306
0.86921801
0.86124785
2.8984123
2.7821412
2.1182622
2.7836822
2.9053754
2.7799691
2.0768005
2.6560648
0.96783915
0.98929996
0.96788869
0.98948393
0.96054004
0.98636508
0.98597724
0.96425385
0.92424706
0.95144068
0.92410331
0.95149934
1.190707
0.8563917
0.92216793
0.94627429
0.94846113
0.91908908
0.84884253
1.1822977
0.8525981
0.86310692
0.85962515
0.84890358
2.9106842
2.7818553
2.0885777
2.6538476
0.9696612
0.99118965
0.99136176
0.96972671
0.96229036
0.98819233
0.98780354
0.96599271
1.1942102
0.86197353
0.92441894
0.94834955
0.95052723
0.92135496
0.85459616
1.1858104
0.86654435
0.85806897
1.0532545
0.8031358
1.0675733
1.2494935
1.2505133
1.0688874
0.80139838
1.0548405
0.56003984
0.59864082
0.49887384
0.55216969
0.52259871
0.4868573
0.60706474
0.58479804
0.38273567
0.70427151
0.77592314
0.7858435
0.70014398
0.40233224
2.288582
2.2160911
2.6692439
2.6759598
1.8024597
2.8659999
2.1425655
1.0248017
0.78978511
1.0250483
1.2882677
1.2657895
1.2548048
1.2611899
1.2958879
1.2611659
0.79050569
1.0372041
1.0208229
0.97479956
0.98306025
0.97477025
0.94089622
0.9521127
0.95433487
0.9541274
0.94097053
0.9541769
0.9827957
0.97251678
0.97484825
1.0089648
0.83931122
0.82478152
0.83468139
1.0095198
0.83533905
1.346364
1.0190531
0.90963173
0.91175537
1.0194402
0.87367832
0.94814698
0.95113625
0.86965289
0.92647489
0.95382149
0.95279313
0.92724078
0.95284286
1.6469758
0.86690383
0.85882546
1.6705462
0.97840801
0.80173506
1.048807
1.2463966
1.0657329
0.80181593
1.0507517
1.2442057
1.066096
0.60380048
0.5681968
0.52665315
0.48749715
0.60275796
0.56521129
0.52982483
0.48872618
0.30043844
0.78486122
0.70754446
0.30606076
0.78612468
0.70829106
2.2231642
2.1758429
2.9082763
2.7845837
2.1335412
2.807358
2.2009896
0.79121408
1.0252839
1.0254517
1.2618059
1.2960774
1.2594069
0.78939066
1.0269358
1.0239116
1.2597258
1.294912
1.2602276
0.98367323
0.97526267
0.97518333
0.95433436
0.94159414
0.95446908
0.98361354
0.974983
0.97510382
0.95468783
0.94173768
0.95459913
1.3547865
1.3552475
0.83597468
1.0097523
1.3550063
0.83609023
0.83620619
1.0096791
0.83617227
1.0187822
1.3110125
0.91193343
1.0188858
0.91188188
0.87601769
0.95125666
0.87611771
0.95111914
0.92680248
0.95414438
0.95420834
0.92671276
0.97686358
1.6862107
0.86792023
0.858789
1.6860274
0.97638534
0.80246002
1.0498485
1.2452082
1.0657102
0.80202499
1.0500797
1.2449596
1.0661758
0.60457357
0.56845881
0.53043909
0.49020497
0.60446979
0.56834078
0.53026692
0.49045674
0.30113773
0.78666819
0.70930222
0.30233182
0.78664237
0.7093697
2.2767539
2.9643389
2.8546905
2.171955
2.8650526
2.1615306
0.79678278
1.0306286
1.0299955
1.2628841
1.2988424
1.2613576
0.79235362
1.0277795
1.0261803
1.2645423
1.2991999
1.2640898
1.2258037
0.9837448
0.97530361
0.97535417
0.95492189
0.9422534
0.95490593
0.98379384
0.97542486
0.97541022
0.95483124
0.94225484
0.95488678
1.3538672
0.83629282
1.0093315
1.3539461
0.83629405
0.83624587
1.0092987
0.83628391
1.0182516
1.3099168
1.3099816
0.91168069
1.0183011
0.91165581
0.87557084
0.95048018
0.87560912
0.95042156
0.9263363
0.95384878
0.95387862
0.92630011
0.97607984
1.6862155
0.86702861
0.85855086
1.6862462
0.976162
0.80220398
1.0490681
1.2441954
1.0657804
0.80166007
1.0489543
1.2442652
1.0663215
0.60552199
0.56871532
0.53034203
0.49053206
0.60544852
0.56855372
0.53043947
0.49077727
0.29685658
0.78661238
0.71005227
0.29792254
0.78658441
0.71011164
2.849514
2.9620762
2.1686802
2.8547314
2.1675782
0.79505537
1.0281658
1.0280319
1.2599547
1.2964054
1.2593747
0.79072118
1.0249983
1.0242783
1.2621022
1.2968552
1.2620995
1.2260543
1.226112
0.98353177
0.97513161
0.97515888
0.954705
0.94208469
0.95470074
0.98355302
0.97518301
0.97518877
0.9546657
0.94208075
0.95470152
0.83617326
1.008995
1.3535276
0.83617707
0.8361438
1.0089725
0.83617323
1.0179776
1.3095961
1.3096201
0.91151705
1.0179971
0.91149986
0.87537402
0.9501282
0.87539611
0.95010502
0.9261189
0.95366557
0.9536863
0.92609857
0.97632192
1.6864168
0.86686043
0.85866345
1.6864037
0.97652787
0.80255726
1.0490286
1.2434716
1.0660565
0.80171789
1.0481574
1.2441794
1.0667634
0.60482273
0.56846193
0.53005057
0.49090644
0.60476966
0.56833769
0.53031483
0.49059194
0.29904531
0.78640089
0.70944925
0.29780822
0.78635664
0.70939169
2.1689516
2.8535785
2.9660315
2.1640666
2.8512697
2.1688062
0.79436513
1.0270937
1.0272178
1.2585389
1.2951531
1.2584806
0.78991457
1.0234024
1.0233548
1.2612715
1.2956297
1.2612762
1.2259079
0.98331091
0.97492654
0.97494813
0.9545259
0.9419073
0.95451048
0.98334086
0.97499305
0.97498448
0.95448302
0.94190803
0.95450896
1.3533201
0.83608098
1.0087739
1.3533071
0.83607634
0.83602189
1.0087668
0.83606239
1.017876
1.309484
1.3094919
0.9114422
1.0178834
0.91143589
0.87529663
0.94999323
0.8753033
0.94998771
0.92603606
0.95360048
0.95360542
0.92603165
0.97682396
1.6866022
0.86699526
0.85894216
1.6866129
0.9770878
0.80214301
1.0484463
1.2434368
1.0660049
0.80159022
1.0481581
1.2436065
1.0665276
0.60505703
0.56900992
0.53034657
0.49017322
0.6049576
0.56885248
0.53041299
0.49051145
0.29871068
0.78634751
0.70954317
0.29838402
0.78643088
0.70959626
2.2650692
2.1703014
2.974514
2.8668
2.1624623
2.857619
2.1669733
0.79465757
1.0269751
1.0276476
1.2587481
1.2960521
1.2593022
0.79053055
1.0233729
1.0240806
1.261439
1.2963597
1.2618615
1.2258571
0.9834193
0.97511006
0.97509365
0.95459184
0.94204479
0.9546389
0.98339659
0.97502233
0.97507678
0.95470028
0.94209611
0.95469009
1.3532089
1.3532088
0.83592715
1.0087273
1.3532165
0.8359198
0.83586081
1.00875
0.83590351
1.0178219
0.911436
1.017824
1.3094497
0.91143666
0.87531763
0.9499578
0.87531466
0.94996115
0.92605654
0.95363184
0.9536264
0.92606245
0.97748732
1.687125
0.86731012
0.85936909
1.6872321
0.97782613
0.80098778
1.0506543
1.2457159
1.065102
0.80069705
1.0503148
1.2460367
1.0650421
0.60299766
0.56608781
0.530392
0.48958458
0.60408296
0.56824471
0.52825417
0.4889687
0.30808739
0.78641756
0.7090955
0.30087575
0.78630341
0.70865548
2.3134201
2.2130997
2.7073522
2.6741282
1.9385039
2.9003654
0.7909906
1.0287954
1.0245327
1.2600776
1.297328
1.2592932
0.78949676
1.0256117
1.0234447
1.2631256
1.296295
1.2597075
0.9834265
0.97502202
0.97503772
0.95466724
0.94219183
0.95464259
0.98343663
0.97508271
0.97507315
0.9546009
0.94220339
0.95463174
1.3533638
0.83576152
1.0089154
1.3533484
0.83576121
0.8357382
1.0089573
0.83576064
1.0178716
0.91148877
1.0178576
1.3094679
1.3094705
0.91148983
0.87537576
0.95000167
0.87537679
0.95001289
0.92611659
0.95367258
0.95368591
0.92610847
0.97829382
1.6885153
0.86765373
0.85984582
1.6887026
0.97859449
0.80559974
1.0492107
1.2460785
1.0697506
0.80622765
1.0510311
1.244004
1.0694782
0.60469186
0.56904358
0.52938062
0.49090387
0.60395532
0.56699561
0.53107533
0.49126362
0.299221
0.78658148
0.7091989
0.3074209
0.78674578
0.70968844
2.2036202
2.2577148
2.919561
2.8264069
2.1255625
2.6553951
0.79866562
1.0284069
1.0317762
1.2650592
1.3018789
1.2666746
0.80019051
1.0309241
1.0330453
1.2637198
1.3002599
1.2655061
0.98366775
0.97535016
0.97531726
0.95475273
0.9423
0.95483056
0.98363582
0.97519029
0.97527824
0.95490891
0.94230553
0.95489452
0.83574051
1.008953
0.83575514
1.353411
0.83571649
1.0089308
0.83575522
1.0178317
0.91133513
1.0178477
1.3094293
0.91128558
0.87523209
0.95000921
0.87526822
0.95000441
0.92594922
0.95341926
0.95346814
0.92591321
0.97895576
1.691235
0.8678688
0.8602244
1.6915963
0.97918621
0.80298012
1.0482641
1.2429904
1.0672889
0.80303281
1.0480156
1.2433786
1.0672719
0.60434131
0.56751718
0.5305352
0.48983779
0.60481886
0.56885635
0.52916182
0.48931654
0.30036578
0.7863405
0.70969327
0.29584304
0.78574645
0.70926431
2.1746232
2.2603193
2.9620853
2.8507693
2.1702009
2.6600276
2.1739945
0.79514731
1.0258573
1.0290704
1.2609296
1.2978174
1.2631764
0.79525517
1.0257419
1.0290076
1.2611545
1.2984787
1.2634589
0.98358787
0.97514043
0.97524336
0.95485113
0.94193059
0.9548066
0.9836552
0.97535758
0.97533105
0.95462715
0.94185908
0.95474382
1.3534345
0.83558028
1.0087745
0.83556029
1.3535063
0.83545841
1.0088013
0.83552852
1.0178896
0.91102908
1.0178478
0.9110232
0.87507493
0.95006717
0.87506975
0.95011536
0.92586822
0.95327099
0.95325465
0.92591022
0.97962569
1.6948405
0.86843068
0.86081409
1.6952989
0.98015004
0.80274269
1.0516322
1.2463389
1.0678201
0.80272647
1.050581
1.2481075
1.0682108
0.5982383
0.5602046
0.5271688
0.48589982
0.59998236
0.56517336
0.52250898
0.48382652
0.349873
0.78367557
0.70415476
0.31130256
0.78310922
0.70251039
2.2396233
2.2020762
2.6237816
2.6454684
1.7388595
2.8195887
2.2040292
0.78795561
1.0249761
1.0237898
1.261771
1.2960718
1.261364
0.79066894
1.0265866
1.0258776
1.2611859
1.2973655
1.260403
0.98277442
0.97419471
0.97423791
0.95380288
0.94086398
0.95368008
0.9828437
0.97439849
0.97431038
0.95357361
0.94075919
0.95362052
1.3551906
1.3547103
0.83490385
1.0093873
1.3550107
0.83472301
0.83429184
1.0095746
0.83446867
1.0188416
1.31154
0.91135992
1.0186185
0.9114845
0.87567293
0.95084364
0.87554561
0.95104542
0.92663654
0.9534256
0.95358164
0.92667449
0.98142633
1.6988697
0.87008082
0.86152568
1.699182
0.98274154
2.2076214
2.6740728
2.6659047
1.7905276
2.8668488
2.1427309
1.8613704
1.5533181
1.5653511
1.8406054
2.6096116
2.6346121
1.723409
2.8050311
2.2179093
2.2956289
1.8796652
1.5642908
1.5780441
1.8497205
0.75922419
0.790323
0.56973884
0.78728962
0.56953369
0.78624456
0.55020066
0.65125842
0.47067398
0.48358865
0.47662014
0.46149136
0.65253435
0.56058022
1.052006
0.80264451
1.0672449
1.2474701
1.2485334
1.0681308
0.80270934
1.0516901
0.55065467
0.65148565
0.46001885
0.4787933
0.47723644
0.45919455
0.6518183
0.55200564
0.68150625
0.63695513
0.75803612
0.71761324
0.70610075
0.75224407
0.64405565
0.69557519
0.56036239
0.59776875
0.48457139
0.52589414
0.52263496
0.4835077
0.59879359
0.56395952
0.68212045
0.63663592
0.7542756
0.71040936
0.70675635
0.75296603
0.63791367
0.68577233
0.3475375
0.7043883
0.7843246
0.78401223
0.70292181
0.3098503
1.3536128
1.3541796
1.3459045
1.0103904
0.98835988
0.98953206
1.0089944
1.3555278
1.354998
1.3553238
1.0123667
0.9910123
0.99102172
1.0122973
1.0178616
1.3103132
1.309101
0.90883636
0.91096338
1.0182495
1.2462792
1.3091714
1.301437
1.2496906
0.96437756
0.98967182
0.96635471
0.98840837
1.0183872
1.3112491
0.91136209
0.91150036
1.0181471
0.96841052
0.99027464
0.96782537
0.99041263
1.2568854
1.3105625
1.3109111
1.2569005
0.87135672
0.94573097
0.94873297
0.86731506
0.92431519
0.95177216
0.95074658
0.92507605
1.2802771
0.81691215
0.80734798
0.85423199
1.1922339
1.2824971
0.92518946
0.9521905
0.95234553
0.92522586
0.87399267
0.94899364
0.94920364
0.87385743
0.85852309
1.1938952
1.2822722
0.81569938
0.81566485
1.2833906
0.9504142
1.6485026
0.86418416
0.85643428
1.6718616
0.97586516
2.746927
2.7949239
0.86618193
0.85669021
0.97437479
1.6871224
0.97574182
1.687558
2.8249432
2.8251972
1.8629749
1.5519607
1.1793943
1.5656654
1.1887406
1.8396473
2.2172505
2.6157168
2.6391985
1.7318129
2.7946301
2.2026955
2.3005775
1.8808545
1.5605247
1.1913036
1.5777132
1.1972967
1.846637
1.281186
0.69311294
1.2826725
0.56989136
0.5686769
0.69192617
1.2902553
1.2841724
0.58939849
0.76226778
0.79364212
1.0249124
0.7881368
1.0239593
1.2983628
1.2643531
1.2628387
1.2612633
1.2982266
1.2607218
0.79237603
1.0297063
1.0273354
1.280975
0.69062438
1.2801358
0.56543933
0.56501459
0.56590912
0.69492744
1.2818144
1.2812431
0.78973186
0.56421232
0.78940596
1.0528318
0.80262171
1.067356
1.2498138
1.2503318
1.0685093
0.80113375
1.0549819
0.54907694
0.65057325
0.469059
0.48260467
0.4751605
0.45971497
0.65209877
0.55998749
1.0515521
0.80223674
1.0674204
1.2481137
1.2483152
1.0678721
0.80277547
1.0522336
0.54950429
0.65084295
0.45902402
0.47783308
0.47574462
0.45773438
0.65158499
0.55160236
0.55877638
0.59744877
0.49716613
0.55054255
0.52100061
0.48507292
0.6058178
0.58340484
0.68076383
0.63588791
0.75738012
0.71682307
0.70551923
0.75162773
0.64291482
0.69461073
0.55934255
0.5973295
0.48397226
0.52579154
0.52129016
0.48245329
0.59904847
0.56400788
0.68161077
0.63631872
0.7545032
0.71074985
0.70639859
0.75293889
0.63796937
0.68586617
0.91822501
1.308637
0.91818163
0.9593471
0.95313159
0.95321056
0.95296972
0.96028083
0.95310405
1.3054772
0.92329768
0.91858005
0.38619779
0.70362569
0.77512432
0.78528797
0.69949204
0.40224744
1.2258778
0.91940996
1.3131036
0.91992969
0.96124717
0.95289733
0.95303991
0.95311696
0.96108994
0.95310066
1.3134562
0.92032622
0.920346
0.34974787
0.70443614
0.78402367
0.78343778
0.70276453
0.3106584
0.97969809
0.9888453
0.97920175
0.94167043
0.98365406
0.98658998
0.98861124
0.94377869
0.98804096
0.98828652
0.97495681
0.97803914
0.97477301
0.98337436
0.97478685
0.94118807
0.95422368
0.95412333
0.95406008
0.94108929
0.95408031
0.9834271
0.97490241
0.97483913
0.97982891
0.98930026
0.97984287
0.94449556
0.98847827
0.98856154
0.98870869
0.94456966
0.98866503
0.98931469
0.97979497
0.97983369
1.0099007
0.98796037
0.98909833
1.008497
1.3560193
1.0101405
0.83583738
0.83566371
0.8352537
1.0103218
0.83541976
1.355836
1.0119005
0.99067402
0.99060627
1.0118986
1.2477394
1.3103911
1.3026726
1.2511491
0.96615704
0.99151367
0.99024677
0.96813692
1.0195896
1.3125047
0.91218181
0.91230489
1.01936
0.97020922
0.99212489
0.96961516
0.99227257
1.2583799
1.3118476
1.312184
1.2584058
1.2825121
0.81958915
0.81005493
0.85712458
1.1947659
1.2847662
0.92737739
0.95425013
0.92740334
0.95441561
0.87635155
0.95142162
0.87622802
0.95161846
0.86155557
1.1964449
1.2845787
0.81841073
0.81836139
1.2856642
2.7440981
2.7928904
0.86902505
0.85904204
0.97713042
1.6869067
0.97830101
1.6869902
2.8240469
2.8238949
2.9569454
2.8436738
2.1513627
2.7954168
2.1789583
1.8341267
1.5756824
1.8751754
1.551344
2.8029927
2.6990646
2.0436459
2.6354953
2.2580214
2.265478
1.852217
1.5553082
1.5633303
1.8389352
0.78991661
0.78844382
0.78410507
0.7859002
0.65111101
0.55152752
0.47872382
0.46159565
0.65124419
0.55180791
0.47889817
0.46253659
1.0488743
0.80345652
1.0681269
1.2462906
1.244165
1.0674801
0.80473669
1.0513889
0.55198497
0.65286483
0.4654871
0.48122165
0.47937096
0.46470481
0.65411972
0.5541822
0.64248783
0.68946477
0.71151701
0.75751024
0.64152266
0.68691538
0.71403073
0.75832817
0.56827485
0.6047188
0.49122631
0.53096781
0.53015446
0.49008159
0.60523633
0.5689764
0.68979036
0.64366946
0.7593603
0.71457453
0.7143987
0.75934277
0.6437929
0.6899493
0.30016574
0.70934332
0.78668496
0.78636299
0.70930048
0.3021379
1.3541954
1.3547058
1.3544414
1.0115799
0.99091038
1.0118456
0.9908303
1.3536542
1.3535157
1.0111084
0.99055341
0.99063007
1.011
1.0175279
1.3094432
1.3096679
0.91107961
1.0176428
0.91101135
1.2567305
1.310227
1.2568339
1.3099245
0.96871154
0.98937481
0.96868387
0.98955894
1.0173368
1.3092428
0.91147525
0.9114854
1.0172792
1.3089298
0.96863754
0.98920639
0.9686602
0.98905555
1.2562002
1.3087913
1.256111
0.87361325
0.9488091
0.87372845
0.94865502
0.92454479
0.95197515
0.95205967
0.92443335
1.2824223
0.81574375
0.81576257
0.85866852
1.1942018
1.2816152
0.92424545
0.95189554
0.95182796
0.92433077
0.87317209
0.94797774
0.94807645
0.87310729
0.85835519
1.1940954
1.2804453
0.81548924
0.81556298
1.2814143
0.97401293
1.6850562
0.86508902
0.85586946
1.6844364
0.97320734
2.8224906
2.821972
0.86437153
0.85571016
0.97238497
1.6822105
0.97297039
1.682683
2.8188146
2.8194943
1.8416307
1.5742943
1.1941196
1.8780647
1.5551827
1.1861242
2.1819571
2.7700333
2.6847344
2.0289613
2.6469021
2.283318
2.2735928
1.8533595
1.5548938
1.190886
1.5629026
1.1913875
1.8386048
0.69448484
1.2800127
1.2800283
0.56103554
0.69262321
1.2809981
1.2798058
0.79267268
0.56107163
0.79176629
1.0243648
0.79323299
1.0268334
1.300172
1.264733
1.2653235
1.2597549
1.297061
1.2613526
0.79845854
1.0310835
1.0315077
1.2799988
0.69667028
1.2813858
0.56728955
0.56123949
0.70149693
1.2832032
1.2831702
0.56721736
0.78664428
0.564057
0.78850045
0.80129704
1.0492579
1.2473451
1.065561
0.80170061
1.0515294
1.2449377
1.0656015
0.65055766
0.55084651
0.47781547
0.46096801
0.65095309
0.55145228
0.47779486
0.46147808
1.0492369
0.80336108
1.0681316
1.2466107
1.2447153
1.0674511
0.80461068
1.0515194
0.55140744
0.65259738
0.46394161
0.48053917
0.47840118
0.46313023
0.65383918
0.55371646
0.60354654
0.56769179
0.52699432
0.48712223
0.60270535
0.56530596
0.52923886
0.48795415
0.64246057
0.68956099
0.7119681
0.75807499
0.6416603
0.68708767
0.71424599
0.75878418
0.56777973
0.60451458
0.48981911
0.52955777
0.52934147
0.48897044
0.60447392
0.56794287
0.68973982
0.64328242
0.75898494
0.71411312
0.71440566
0.75915663
0.6431804
0.68943348
1.3134387
0.92098786
0.92085981
0.95280441
0.96154905
0.95272202
1.3134651
0.92053467
0.92076706
0.95263125
0.96164302
0.95268401
0.3019882
0.78464454
0.70789107
0.3066645
0.78592454
0.70856142
1.2259095
0.92129494
1.3134908
0.92152301
0.96200641
0.9527279
0.95271719
0.95265938
0.96192543
0.95270092
1.3135239
0.9218816
0.92181214
0.30254639
0.70900009
0.78653247
0.78615281
0.70907928
0.30632596
0.98937864
0.97980319
0.97980117
0.98843023
0.94437221
0.98838909
0.98936106
0.97979396
0.97980448
0.98833899
0.9443644
0.98837959
0.97534864
0.98383487
0.97540815
0.94218269
0.95494454
0.95492554
0.95479177
0.94210256
0.95488048
0.98386807
0.97545958
0.97546455
0.97982784
0.98945732
0.97983984
0.94434526
0.98826721
0.98829951
0.98833551
0.94435499
0.98833352
0.98947694
0.97982569
0.97985525
1.0112998
0.99059953
1.0114554
0.99055171
1.3543117
1.009465
0.83630214
0.83630253
0.83625459
1.0095174
0.83629719
1.3542018
1.0109101
0.99040303
0.99043143
1.0108088
1.2582683
1.3115285
1.3112454
1.2583542
0.97059723
0.99134144
0.99150349
0.97059249
1.0185416
1.310627
0.91175291
0.91177733
1.0184738
0.970596
0.99119681
0.97059246
0.99107112
1.2578343
1.3102352
1.310341
1.2577682
1.2842563
0.8184566
0.81849296
0.86145067
1.1967023
1.28398
0.92657411
0.95408961
0.92663638
0.95404635
0.875689
0.95054454
0.8756464
0.95061913
0.86169829
1.1967777
1.2829095
0.81834967
0.8183967
1.2838022
2.8234679
2.8231709
0.86759376
0.858746
0.97609037
1.6860718
0.97628915
1.6859993
2.8237312
2.8236235
2.1603727
2.960221
2.8528159
2.1571161
2.8644102
1.8369761
1.5737818
1.8731357
1.5542968
2.6475339
2.6517909
1.8524783
2.6606957
2.2549477
2.270395
1.872864
1.5538013
1.5736696
1.8366521
0.78827191
0.78667547
0.56577002
0.7858905
0.78775265
0.65230756
0.55315277
0.48074428
0.46506785
0.65198414
0.55336404
0.48054531
0.46504261
1.0491984
0.80184168
1.0664559
1.2447975
1.2444186
1.0657909
0.80255702
1.0496874
0.5528086
0.65183271
0.46531115
0.48065641
0.4803333
0.46486506
0.65243609
0.55328663
0.64354106
0.69000206
0.71446432
0.7591445
0.64334459
0.68963178
0.71467495
0.75919841
0.5686592
0.60527767
0.49131025
0.53072395
0.53021696
0.49098756
0.60548214
0.56905285
0.69017736
0.64401172
0.75965926
0.71521327
0.71481934
0.75953202
0.64419471
0.69059722
0.30031162
0.70979354
0.78663947
0.78662191
0.70968158
0.29857499
1.3530825
1.3532817
1.3531889
1.0105763
0.99042526
1.0107543
0.9903558
1.3528269
1.3527486
1.0090889
0.98985688
0.98996269
1.0090205
1.0179076
1.3084026
1.3084922
0.91134156
1.0179503
1.3085909
0.9112934
1.2559521
1.3086743
1.2560304
0.96855719
0.9884119
0.9685395
0.98849779
1.017681
1.308316
0.91108755
0.91114457
1.0167487
1.3080896
0.9684982
0.98832969
0.96852053
0.9882538
1.2556151
1.3081499
1.2555605
0.87298007
0.94788377
0.87304185
0.94779898
0.92389329
0.95148066
0.95153617
0.92383005
1.2807957
0.81543081
0.8153623
0.85823331
1.1934212
1.2804673
0.92371956
0.95142592
0.95137909
0.92376914
0.87271176
0.94739027
0.94745037
0.87266966
0.85801414
1.1933661
1.2796763
0.81496712
0.81502689
1.2803795
0.97223361
1.6808877
0.8636793
0.85487537
1.6804659
0.971831
2.8170834
2.8165322
0.8632877
0.85476948
0.97128501
1.6793352
0.97169058
1.6795476
2.8152694
2.8155658
1.8371009
1.574576
1.1978224
1.8739861
1.5544159
1.1902863
2.1673131
2.6598715
2.6522172
1.8592693
2.6585277
2.2571353
2.2701386
1.8731183
1.5530899
1.1883759
1.5735434
1.1965868
1.8364683
0.6995117
1.2823702
1.2821802
0.5648515
0.56331596
0.69523789
1.2818194
1.281083
0.79022881
0.5648397
0.7884287
1.0266581
0.79181396
1.0255079
1.2979088
1.2629464
1.2629541
1.2616121
1.2980494
1.2606498
0.79579177
1.0290474
1.0288777
1.2811052
0.69509307
1.2806183
0.69902308
1.2816557
1.2815927
0.56304739
0.78810072
0.5617374
0.78986845
0.80285416
1.0504246
1.2456702
1.0661223
0.80228937
1.0503517
1.2456982
1.06669
0.65247932
0.55299724
0.48016588
0.46372647
0.65204208
0.55299683
0.48015927
0.46410328
1.0496912
0.80194896
1.0666884
1.2452373
1.2450952
1.0660908
0.80253296
1.049885
0.5525573
0.65171911
0.46458818
0.47995431
0.47987316
0.46415729
0.65218387
0.55271829
0.60461678
0.56845863
0.52941752
0.48971765
0.60433107
0.56783022
0.53001608
0.49020291
0.64330902
0.68996421
0.7140836
0.75886658
0.64305326
0.68938074
0.71462694
0.75904158
0.5685562
0.60523353
0.49084658
0.53029995
0.5300119
0.49052935
0.60538397
0.56867568
0.69023654
0.64407145
0.76001467
0.71563727
0.71490559
0.75977538
0.6442581
0.69088824
1.3136452
0.92234898
0.92239082
0.95276793
0.96212392
0.95277227
1.3136903
0.92217273
0.9224035
0.95266623
0.96212135
0.952755
0.30398264
0.78658127
0.70906986
0.30648816
0.78675353
0.70925454
1.2260416
0.92246022
1.3136037
0.92247492
0.96194548
0.9523886
0.95247745
0.95262064
0.96199898
0.95256669
1.3135747
0.92236759
0.92253074
0.30264498
0.71013195
0.78695623
0.78679538
0.70992694
0.29994647
0.98935235
0.97970596
0.97975241
0.98824653
0.94429828
0.98821245
0.98940168
0.97981318
0.97979525
0.98813304
0.94428011
0.98819457
0.97527327
0.98362793
0.97524308
0.94215939
0.95473513
0.9547545
0.95480227
0.94218842
0.95478356
0.98361386
0.97521346
0.975242
0.97967803
0.9892322
0.97964138
0.94414071
0.98795522
0.98800639
0.98810013
0.94418146
0.98806725
0.98921102
0.97956215
0.9796174
1.0105223
0.9903236
1.0105855
0.99029126
1.3536971
1.0091147
0.83618799
0.83620569
0.8362366
1.0091678
0.83623117
1.3536546
1.0103613
0.99018578
0.99020939
1.0103117
1.2576589
1.3101401
1.3100547
1.2577114
0.97065482
0.9905861
0.990645
0.9706647
1.0181191
1.3098543
0.91157246
0.91159053
1.0180809
1.3097595
0.9706763
0.99053066
0.97067308
0.99048033
1.2574303
1.3097158
1.2573913
1.282801
0.81830477
0.81826576
0.86141377
1.1961507
1.2830301
0.92624522
0.95382232
0.92626937
0.95380138
0.8754357
0.95015435
0.8754149
0.95018764
0.86179841
1.1962874
1.2823568
0.81806294
0.81808801
1.2829744
2.8239562
2.8240682
0.8670727
0.85857472
0.97627341
1.6864057
0.97619589
1.686347
2.8238797
2.8238977
2.1669021
2.1654266
2.9581474
2.8480638
2.1539286
2.8556074
1.8350666
1.5715129
1.8708876
1.5518613
2.6526893
2.6628259
1.8630396
2.6578337
2.2564401
2.2569271
1.8681015
1.5497899
1.5689207
1.8330129
0.78764964
0.78602914
0.56371197
0.56230452
0.78618105
0.78794063
0.65211888
0.55285141
0.48034663
0.46503714
0.65169696
0.5528384
0.48024798
0.46517593
1.0483054
0.80126131
1.0662368
1.2439452
1.2436324
1.0656064
0.8019283
1.0487142
0.55236674
0.6513061
0.46493989
0.48009277
0.47990577
0.46460653
0.65184803
0.55268869
0.64438704
0.69079119
0.7153049
0.75995268
0.64432571
0.69066024
0.71545268
0.76001808
0.56890335
0.60501532
0.49058805
0.53024963
0.53024321
0.49041669
0.60501106
0.56853521
0.69075141
0.64422198
0.7594757
0.71490428
0.71542685
0.75994119
0.64404352
0.69029529
0.29655878
0.70990079
0.78644089
0.78654832
0.71008113
0.29736948
1.3524874
1.3526053
1.3525528
1.0099783
0.9899735
1.0101137
0.98992266
1.3523617
1.3523284
1.0098594
0.98972904
0.98981651
1.0098589
1.0165319
0.9109973
1.0165749
1.3080347
1.3079862
0.91096706
1.2554709
1.2555122
0.96840032
0.98791988
0.96838801
0.98795939
1.0164289
1.307875
0.91075978
0.9108698
1.0163664
0.96837515
0.98788683
0.9683812
0.98786072
1.2553127
1.307798
1.3078182
1.2552978
0.87258526
0.94733521
0.87262557
0.94728751
0.9234974
0.95113075
0.95116462
0.92346113
1.2796099
0.81491497
0.81487233
0.85783694
1.1929406
1.2799265
0.92341239
0.95110233
0.95108549
0.92342982
0.87245223
0.94710039
0.94712328
0.8724433
0.8574349
1.1927864
1.2793411
0.81467637
0.81470346
1.2798922
0.97116657
1.6787524
0.86286375
0.85418917
1.6785452
0.97089553
2.8147638
2.8145249
0.86252354
0.85410022
0.97047645
1.6779921
0.9707764
1.6780532
2.8134351
2.8135563
1.8354985
1.5709376
1.1937117
1.8708741
1.5515777
1.1864883
2.1678444
2.65419
2.666788
1.8726076
2.6567063
2.2587667
2.2595745
1.8688513
1.550171
1.1852181
1.5693238
1.1923152
1.8339512
0.69878891
1.2812702
1.2811907
0.56071295
0.69457944
1.2803736
1.2800733
0.56171768
0.56004972
0.78956249
0.56170339
0.78772947
1.0242162
0.79044673
1.023895
1.2963542
1.2616209
1.2617802
1.2592395
1.295822
1.2589757
0.7948579
1.0275793
1.027734
1.2800309
0.69463066
1.2798937
0.69886371
1.2809831
1.2810464
0.56097209
0.7873676
0.55924888
0.78915304
0.80245608
1.0496806
1.2446651
1.0661765
0.80175195
1.0491809
1.2450838
1.0668366
0.65212068
0.55270755
0.47968116
0.46451853
0.65153779
0.55229676
0.47997868
0.46482897
1.0490129
0.80185869
1.067061
1.2448523
1.2445328
1.0664288
0.80251428
1.0493968
0.55233641
0.65165203
0.46491696
0.47990536
0.47975386
0.46461943
0.65217962
0.55258739
0.60544178
0.56901601
0.53022484
0.49037646
0.60529383
0.56865633
0.53068001
0.49078783
0.64455432
0.69134286
0.71581063
0.76051284
0.64442845
0.69102622
0.71613509
0.760615
0.56890445
0.60569509
0.49081641
0.53047104
0.53056219
0.49065365
0.60571298
0.56878576
0.69136128
0.64462955
0.76059465
0.71603338
0.71615454
0.76064467
0.644618
0.6912518
1.3134305
0.92236852
0.92245262
0.95235545
0.96180883
0.95232172
1.3135103
0.92246129
0.92254912
0.95223179
0.96177978
0.95230018
0.29868222
0.78697888
0.71055792
0.2992403
0.78704948
0.71064112
1.2260228
1.2259551
0.92246484
1.313387
0.92247716
0.96164067
0.95209836
0.95215356
0.95222026
0.96167636
0.9522052
1.3133728
0.92237417
0.92253515
0.29861051
0.71061977
0.78696687
0.78703275
0.71066434
0.29928928
0.98909052
0.97943975
0.97947787
0.98792404
0.9440432
0.98788724
0.98912361
0.9795367
0.97951601
0.98782016
0.94402168
0.98787308
0.97511651
0.98346359
0.97509111
0.94199628
0.95457148
0.95460356
0.95465083
0.94202638
0.95463731
0.98344542
0.97504117
0.97508409
0.97942034
0.98900816
0.97939052
0.94390385
0.9876849
0.98772547
0.98779753
0.9439365
0.98777538
0.9889882
0.97931849
0.97937091
1.0101542
0.99010883
1.0101898
0.99008002
1.3533942
1.0088476
0.83609942
1.3533677
0.83611837
0.8361414
1.0088846
0.83614108
1.0100762
0.99001593
0.99002602
1.0100532
1.2573284
1.3096832
1.309649
1.2573584
0.97066881
0.99025754
0.99028391
0.97066817
1.0179288
1.3095692
0.91146051
0.91146605
1.0179143
1.3095253
0.97066954
0.9902335
0.97066917
0.99021448
1.2572084
1.3095333
1.2571938
1.2823166
0.81804378
0.8180315
0.86158204
1.1959466
1.2827029
0.92607632
0.95364978
0.92608383
0.95364159
0.87531197
0.94999964
0.87530652
0.95001141
0.86197881
1.1961106
1.2821707
0.81795511
0.81796437
1.2826879
2.8235629
2.8235735
0.86703687
0.85871131
0.97675435
1.6865934
0.97659786
1.6865401
2.8240314
2.8240264
2.2566274
2.166011
2.9602619
2.8526166
2.1516374
2.8484158
2.1680535
1.8317631
1.5676835
1.8653953
1.5490917
2.6731524
2.6565905
1.8741316
2.6504666
2.2564778
1.8649387
1.549106
1.5676686
1.8315793
0.78729281
0.78540478
0.56313872
0.56310799
0.78561763
0.78731272
0.65244101
0.55307637
0.47994933
0.46486993
0.65173423
0.55242059
0.48042885
0.46514317
1.048318
0.80176296
1.0666877
1.2440122
1.2435976
1.0660933
0.80244457
1.0488486
0.55262969
0.65178448
0.46494972
0.48018843
0.48014206
0.46464626
0.65232755
0.55285061
0.64381628
0.6900878
0.71481076
0.75924232
0.64380862
0.69019793
0.71463192
0.75919265
0.5683703
0.60473235
0.49098333
0.53046626
0.53018052
0.49024476
0.60482779
0.56857562
0.69003686
0.64372599
0.75904969
0.71461819
0.71459422
0.75903837
0.64377885
0.69006837
0.29886664
0.70953366
0.78638183
0.78638355
0.70953652
0.29861831
1.3522741
1.3522635
1.0097894
0.98978479
1.0098766
0.98977591
1.3522204
1.3522191
1.0097964
0.98978046
0.98978908
1.009822
1.0163835
0.91083369
1.0163783
1.3077894
1.3077825
0.91085208
1.2552762
1.2552823
0.96838383
0.98780874
0.96839608
0.98780454
1.0172358
1.3077668
0.91085989
0.91085759
1.0172518
0.968423
0.98781625
0.96841204
0.98782598
1.2552699
1.3077818
1.3077899
1.255284
0.87242787
0.94708212
0.87243349
0.94707027
0.92337004
0.95104978
0.95104777
0.92336901
1.2793197
0.81465444
0.81464138
0.85767294
1.1927678
1.2797571
0.92338461
0.95105526
0.95106962
0.92337102
0.87244986
0.94705965
0.94705911
0.87246476
0.85732995
1.1926438
1.2792953
0.8145935
0.81460095
1.2797574
0.97039823
1.6778363
0.86246131
0.85377807
1.6777414
0.9702314
2.8134711
2.813314
0.86222934
0.8537203
0.96991296
1.677703
0.97014859
1.6776861
2.8135792
2.8135235
1.8320344
1.5677089
1.1909383
1.8666138
1.5485558
1.1837482
2.6590629
2.6772507
1.8861529
2.6544037
2.2641021
2.2552661
1.8656032
1.5487081
1.1838947
1.5671875
1.1907035
1.8323495
0.69848438
1.2807367
1.2808178
0.55839601
0.69422625
1.2796507
1.2796231
0.56010579
0.55825145
0.7892739
0.78747432
1.0230893
0.78993489
1.0233942
1.295793
1.2615578
1.2614182
1.2583242
1.2951732
1.2585514
0.79440913
1.0272191
1.0273006
1.2795173
0.69420845
1.2796675
0.55996548
0.69840568
1.2807736
1.280868
0.56014414
0.7873579
0.55819892
0.78911994
0.80223563
1.049099
1.2442178
1.066361
0.8015576
1.0486236
1.244614
1.0669977
0.65190192
0.5523533
0.47957986
0.46433689
0.65135868
0.55209605
0.47970905
0.46464417
1.0484289
0.8015222
1.0670788
1.2445578
1.2440671
1.066454
0.80222913
1.0490365
0.55193917
0.65130371
0.46441518
0.47970219
0.47945302
0.46408078
0.65188228
0.55232744
0.60540685
0.56846977
0.53023835
0.49018881
0.60507332
0.56861757
0.53010778
0.4905448
0.64452732
0.69112561
0.71595198
0.7603766
0.64433543
0.69115223
0.71586532
0.76034678
0.5684086
0.60498692
0.49024386
0.53003146
0.5299756
0.49003139
0.60540185
0.56877995
0.69105366
0.64440789
0.76027639
0.71578421
0.71582118
0.76026898
0.64450918
0.69104556
1.3132842
0.92236459
0.92245176
0.95209468
0.96155952
0.95208768
1.3133522
0.92246773
0.92255215
0.95205093
0.96155286
0.95209211
0.30009571
0.78691586
0.71043062
0.29940587
0.78683806
0.71039107
1.2258552
1.2258168
0.92246176
1.3132871
0.92248256
0.961564
0.95208889
0.95209065
0.95207124
0.96155101
0.95209551
1.3132918
0.92242347
0.92255798
0.29991901
0.71030211
0.78672219
0.78679413
0.71030966
0.29991882
0.9888531
0.97921975
0.97924593
0.98766384
0.9438316
0.9876383
0.98888647
0.97929483
0.97927734
0.98760228
0.9438205
0.98763774
0.97493332
0.98329409
0.97494604
0.94195745
0.95457311
0.95454347
0.95449454
0.94193651
0.95452309
0.98332277
0.97500686
0.97499047
0.97921937
0.98882597
0.97921701
0.94377837
0.98758528
0.98758913
0.9876015
0.94378634
0.9876066
0.98884709
0.97922181
0.9792328
1.009991
0.98998222
1.0100055
0.98996668
1.3532337
1.0087206
0.83594894
1.353222
0.83597231
0.83600955
1.0087347
0.83600106
1.0099617
0.98994531
0.98994589
1.0099515
1.2571744
1.3095139
1.3095013
1.2571833
0.9706786
0.99015698
0.99015975
0.97068268
1.0178505
1.3094712
0.91143241
0.91142982
1.017841
0.97069132
0.99015439
0.97068773
0.99015482
1.2571361
1.3094554
1.3094554
1.2571338
1.282158
0.81794949
0.8179487
0.861794
1.1959262
1.2826142
0.92603845
0.95359946
0.92603186
0.95360512
0.87530204
0.94995512
0.87530756
0.94995727
0.86221249
1.1961087
1.2821495
0.81790683
0.81791394
1.2826187
2.8237803
2.8239056
0.86725264
0.85900748
0.97738682
1.6867797
0.97716935
1.6866926
2.8237297
2.8237314
2.2630253
2.1697016
2.9694505
2.8639932
2.1573651
2.8545746
2.1659819
1.8318379
1.567667
1.8638364
1.5493405
2.1776717
2.6822188
2.6569032
1.8670677
2.6610231
2.1774825
1.8624744
1.5459811
1.5666471
1.8297471
0.78757159
0.56144172
0.78602214
0.56314622
0.56626911
0.78405315
0.78642637
0.65195264
0.55247747
0.47983049
0.46440607
0.65152597
0.55236034
0.47988322
0.46458705
1.0480972
0.80237729
1.0678112
1.2459688
1.2433193
1.0667184
0.80376388
1.0509875
0.55224655
0.65210103
0.46510616
0.48020653
0.4797616
0.46461339
0.65322465
0.55332973
0.64414862
0.69052995
0.71465432
0.7591389
0.64391958
0.6901029
0.71512039
0.75922702
0.56898194
0.60543552
0.49100202
0.53090042
0.53045116
0.49062591
0.60546192
0.56873086
0.69054588
0.64422804
0.75960183
0.71486991
0.71514906
0.75967557
0.64419584
0.69027119
0.29878089
0.70966986
0.78644934
0.78644086
0.70972605
0.2998946
1.3522428
1.0098599
0.9898506
1.0099271
0.98985148
1.3522955
1.3523161
1.0099149
0.9898974
0.98989619
1.009957
1.0163949
0.9109074
1.0163893
1.307784
0.91092127
1.2553127
1.2552971
1.3077906
0.96851916
0.98793025
0.9685354
0.98791149
1.0172623
1.3078218
0.91095369
0.91094978
1.0164596
0.96855894
0.98794815
0.96855068
0.98796557
1.2553798
1.307861
1.3078453
1.2553975
0.87248759
0.94706216
0.87247567
0.94706862
0.92345385
0.95116196
0.95114827
0.92346477
1.279298
0.81458918
0.8145916
0.85762572
1.192773
1.2797904
0.92349511
0.95117537
0.95119476
0.92347555
0.8725486
0.94712566
0.94711796
0.87256211
0.85726882
1.1926585
1.2793641
0.81461062
0.81460807
1.2798031
0.96983731
1.6775157
0.86228497
0.85352331
1.6774093
0.96965739
2.8130915
2.8128954
0.86207245
0.85346646
0.96924914
1.6771857
0.9695622
1.6772688
2.813092
2.8132078
1.8329826
1.5674716
1.1917098
1.8647199
1.549266
1.1846308
2.6873053
2.6600346
1.8750649
2.6648835
2.2440509
2.1769958
1.8633224
1.5453535
1.1807168
1.5660881
1.1908872
1.8299676
0.69827884
1.280566
1.2808663
0.5581742
0.69446395
1.2796253
1.2798736
0.5596163
0.56023836
0.55869733
0.78898533
0.78750032
1.0226665
0.79098774
1.0242763
1.2942014
1.2623219
1.2605809
1.2579281
1.2958507
1.2593043
0.79464999
1.0281281
1.0269518
1.2794511
0.69502721
1.2803242
0.5634881
0.55803097
0.55993729
0.69908657
1.2822662
1.2817461
0.56253922
0.7868872
0.78904
0.80210592
1.0486739
1.2440389
1.0665836
0.80155022
1.0484024
1.244212
1.0670962
0.65172271
0.55213418
0.4794215
0.46389495
0.65126859
0.55190624
0.47954489
0.46408871
1.0481614
0.80202073
1.0676401
1.2459429
1.2437545
1.0666867
0.80333974
1.0506675
0.55189552
0.65175938
0.46423077
0.48008036
0.4794112
0.46370342
0.6528838
0.55317757
0.60524511
0.56842304
0.52986455
0.48976607
0.60532395
0.56870954
0.52976862
0.49025027
0.64422897
0.69058394
0.71572849
0.76021293
0.64433289
0.69095876
0.71540058
0.76015117
0.5682267
0.6046733
0.48995735
0.52935261
0.52963757
0.48984838
0.60455511
0.56788067
0.69037726
0.64362292
0.75937936
0.71433214
0.71520026
0.75963421
0.64343017
0.68957383
1.3133069
0.92256824
0.92261479
0.95214315
0.96165628
0.9521955
1.3133456
0.92255031
0.9226739
0.95227089
0.96170755
0.9522579
0.30082069
0.78667529
0.71022481
0.29985464
0.78653662
0.71016525
1.2257785
0.92269333
1.3133504
0.92272676
0.96190423
0.95245678
0.9524251
0.95233756
0.96185241
0.95239863
1.3133532
0.92269193
0.92280953
0.30110953
0.70952746
0.78611337
0.78644057
0.70973997
0.30272069
0.98892184
0.97930819
0.97929108
0.98760481
0.94379962
0.98762222
0.98890416
0.97924447
0.97927561
0.98767153
0.94382402
0.98766507
0.97513671
0.98346912
0.97514609
0.94220767
0.95471771
0.95474211
0.95472973
0.94219607
0.95475252
0.98348314
0.97513028
0.97516358
0.97934734
0.98899447
0.9793796
0.94392252
0.98780252
0.98777499
0.98771206
0.94389727
0.98775665
0.98902734
0.97943452
0.97942427
1.0099524
0.98994357
1.0099479
0.98994181
1.3532443
1.0088296
1.3532761
0.83578243
1.3532608
0.83580785
0.83584772
1.0088127
0.83583905
1.0100022
0.9900035
0.98997916
1.0100268
1.2571398
1.3094469
1.2571347
0.97071101
0.99018749
0.99017659
0.97071863
1.017822
1.3094385
0.91146552
0.91145441
1.0178254
0.9707381
0.99019983
0.97072877
0.99021485
1.257167
1.3094504
1.3094419
1.2571803
1.2821504
0.81790322
0.817905
0.86204987
1.196021
1.2826434
0.92608896
0.95364149
0.92607281
0.95365735
0.87536058
0.94998929
0.87536951
0.94998083
0.86246565
1.1962137
1.2822177
0.81790622
0.8179018
1.2826588
2.8244363
2.8247193
0.86760335
0.85945009
0.97818967
1.6878043
0.97792595
1.687582
2.8249512
2.8247222
2.3120278
2.1664362
2.7001805
2.6715801
1.9235982
2.8959902
2.2127034
1.8566803
1.5757421
1.8758127
1.5652485
2.3067962
2.7094545
2.6630117
1.9459078
2.8969315
2.1707605
1.8634425
1.5805228
1.5723111
1.883858
0.78881417
0.78870376
0.56357928
0.5620986
0.79007124
0.78883033
0.65083277
0.55222444
0.47939905
0.46350101
0.65051158
0.55228071
0.47908964
0.46313233
1.0505507
0.80074029
1.0644387
1.2444438
1.2459485
1.0649684
0.79982817
1.0488229
0.55207142
0.65042434
0.46235831
0.47881517
0.47898192
0.46221656
0.6495451
0.55123424
0.64207535
0.68767546
0.71454687
0.75878163
0.64291027
0.68990358
0.71245282
0.75818249
0.56536477
0.60101362
0.48743552
0.52809954
0.52758446
0.48731902
0.60113563
0.56580797
0.68704583
0.64008381
0.75652766
0.71251655
0.71186983
0.75634435
0.64020065
0.68759622
0.31063889
0.70753263
0.78647161
0.78626364
0.70739387
0.31039428
1.352405
1.0100393
0.98998997
1.0101065
0.98998752
1.3524427
1.3524599
1.0100478
0.98998649
0.98998022
1.0101361
1.0174335
1.307918
0.91098874
1.0165417
1.3078765
0.91099284
1.2554288
1.2554149
1.3078932
0.96856003
0.98802226
0.96852946
0.9880277
1.017526
1.3079187
1.3079278
0.91096058
0.91097426
1.0175571
0.96844837
0.98801082
0.9684885
0.98800232
1.2553948
1.307966
1.3079526
1.2553901
0.87257147
0.94713327
0.87256819
0.94714231
0.92354312
0.95122878
0.95123927
0.92353625
1.2793696
0.81461535
0.81462467
0.85744746
1.1927682
1.2798529
0.92352095
0.9512133
0.95120281
0.92352534
0.87253422
0.94716121
0.94716405
0.8725218
0.85696931
1.1926407
1.2794005
0.81462236
0.81462918
1.2798582
0.96914015
1.6766531
0.86207995
0.85315175
1.6764414
0.96885036
2.8123495
2.8123492
0.86180684
0.85306296
0.96824633
1.6752337
0.96870374
1.6755823
2.810724
2.8113744
1.8561471
1.5748206
1.1963265
1.8761153
1.5637885
1.1912625
2.3052415
2.708501
2.6637079
1.93194
2.898384
2.1835397
2.1732389
1.8656325
1.5808046
1.200419
1.57288
1.1981858
1.8847322
0.69527084
1.2820316
1.2807334
0.69385818
1.2812385
1.2803115
0.56325668
0.56070474
0.56006705
0.7917458
0.79132911
1.0286754
0.79096296
1.025397
1.2982584
1.2620242
1.2595554
1.2635038
1.2991826
1.2612354
0.78863425
1.026459
1.0234044
1.2819508
0.6946684
1.2804885
0.56328403
0.56102763
0.69175092
1.2817771
1.2796064
0.56031429
0.79100658
0.7903277
0.80067701
1.0506885
1.2456428
1.0647596
0.80034776
1.0499993
1.2463383
1.0648566
0.6504988
0.55196972
0.4793899
0.4633041
0.65027292
0.55223534
0.47892421
0.46327985
1.050606
0.80071784
1.0651292
1.2454957
1.246294
1.0653587
0.80008067
1.0495666
0.55182956
0.65029056
0.46340977
0.47888931
0.47878717
0.4631842
0.64965666
0.55140629
0.6031337
0.56643683
0.52917038
0.48895919
0.60357985
0.56764545
0.52858358
0.48887793
0.64177501
0.68766481
0.71389988
0.7581422
0.64228298
0.68915384
0.71232531
0.7575826
0.56655532
0.60262711
0.48906918
0.52988113
0.52847441
0.48884571
0.60297592
0.56770666
0.68738866
0.64110901
0.756777
0.71265882
0.71199968
0.75656281
0.6414155
0.68814202
1.3133737
0.92282908
0.92292915
0.95254771
0.96209693
0.95263258
1.3134335
0.92284791
0.92299786
0.9527145
0.96216425
0.95270826
0.31059755
0.78597248
0.70846154
0.30382131
0.78569276
0.70796272
1.2248815
0.92290087
1.3133663
0.92292658
0.96227196
0.95277666
0.95280826
0.95276443
0.96226815
0.95280935
1.313449
0.92279226
0.92300128
0.31259243
0.7071615
0.78587842
0.78566571
0.70699782
0.31140658
0.98908324
0.97957031
0.9795458
0.98785032
0.94402737
0.98789215
0.98906988
0.97947411
0.97951932
0.98797096
0.94407118
0.98795377
0.97503452
0.98346252
0.97504746
0.94223031
0.95469211
0.95464053
0.95460623
0.94222423
0.95462372
0.98349713
0.97513472
0.97509497
0.97960925
0.98915457
0.97962775
0.94412659
0.98800742
0.98802496
0.98801155
0.9441367
0.98803997
0.98918143
0.97962159
0.97964508
1.0101527
0.99007424
1.0101292
0.99008375
1.0090059
0.83574526
0.83574759
0.83574548
1.0090198
0.83575552
1.3534415
1.0101883
0.99008212
0.99008933
1.0101898
1.2572114
1.2571966
0.97074298
0.99026553
0.99026977
0.9707195
1.0178914
1.3094623
0.91144688
0.91146669
1.0178864
0.97064944
0.99025476
0.9706861
0.9902441
1.2571858
1.3094442
1.3094554
1.2571709
1.282225
0.8179152
0.81792872
0.86222178
1.1961288
1.2827183
0.92608949
0.95365644
0.9260987
0.95364161
0.87532002
0.95001376
0.87529614
0.95001934
0.86251692
1.1963068
1.2822528
0.81793685
0.81794185
1.2827264
2.8260095
2.8261021
0.86789444
0.85991868
0.97888439
1.6900799
0.97868225
1.689637
2.8280471
2.8273209
2.1621821
2.207547
2.8277158
2.9190081
2.1114145
2.6536071
2.2542087
1.8335488
1.5567814
1.8394632
1.5527973
2.1795034
2.955201
2.8454643
2.1569066
2.6533925
2.2676977
2.1720773
1.8379348
1.5525599
1.5554172
1.8336949
0.78110785
0.78163271
0.57211606
0.56784913
0.78438352
0.78471062
0.65461789
0.55339342
0.48019386
0.46573833
0.65501017
0.55309573
0.48082753
0.46577428
1.048466
0.80349982
1.0675542
1.2430425
1.2432732
1.0674272
0.80340343
1.0480927
0.55286983
0.65281461
0.46478716
0.47973363
0.48039581
0.464873
0.652681
0.55228634
0.64364061
0.69060752
0.71331209
0.75890835
0.64289095
0.68847115
0.71535133
0.75955498
0.5692084
0.60558783
0.4908998
0.53090701
0.5311223
0.49098297
0.60562289
0.56917198
0.69094918
0.6445577
0.76063524
0.71560818
0.71571559
0.76066039
0.64463916
0.69094453
0.29762649
0.71044201
0.78649119
0.78675404
0.71047967
0.29541
1.3524478
1.3524504
1.010104
0.98993481
1.0101331
0.98992763
1.3524692
1.3525313
1.3525033
1.0100915
0.98979635
0.98984069
1.0101207
1.0175405
1.3080023
1.3079866
0.91088725
1.0175584
0.91086393
1.2553842
1.3079681
1.2553855
1.3079725
0.96821389
0.9879726
0.96815655
0.98797307
1.0175558
1.3080254
1.3080622
0.91075941
0.91078419
1.0175893
0.9680434
0.98797636
0.96809978
0.98799053
1.2554191
1.3081684
1.3081048
1.2554449
0.87248154
0.94715782
0.87250212
0.94715782
0.92344937
0.95107608
0.9511029
0.92342978
1.2794147
0.81461555
0.81462468
0.85695486
1.1927213
1.2799259
0.92341119
0.95105076
0.95103647
0.92341319
0.87241266
0.94726822
0.94723358
0.87242104
0.85675099
1.1927566
1.2796482
0.81467267
0.81465464
1.2799626
0.96810583
1.6741495
0.86176242
0.85257583
1.6737495
0.96776298
2.8095475
2.8091409
0.86170874
0.85250567
0.96730051
1.6722506
0.96763103
1.6725838
2.8070553
2.80766
1.8343414
1.5569465
1.1933406
1.8406987
1.552515
1.1904568
2.1804178
2.9595828
2.8474912
2.1721946
2.656695
2.2682503
2.1737697
1.8386638
1.5522626
1.1888201
1.5550029
1.1901174
1.8344546
0.70138581
1.2820621
1.2837967
0.70301313
1.2841052
1.2844971
0.56662713
0.569966
0.57118225
0.7821918
0.78301303
1.0258844
0.79545638
1.0291301
1.2983719
1.2612546
1.2636413
1.2610883
1.2985398
1.2633877
0.79586997
1.02605
1.0295378
1.2808202
0.69762666
1.2814526
0.56513944
0.56427223
0.69819274
1.2803933
1.2814871
0.78611726
0.56526003
0.78643121
0.80561094
1.0494708
1.2471198
1.0704313
0.80642498
1.0517555
1.2446085
1.0700328
0.65444883
0.55292266
0.48027631
0.46631528
0.65507565
0.55324966
0.48040505
0.46631129
1.0487112
0.80338769
1.0680829
1.2437461
1.2438728
1.0679313
0.80334346
1.0484701
0.5522841
0.65240605
0.46464634
0.47905133
0.4798415
0.46484412
0.65230174
0.55165719
0.60552063
0.56952493
0.53092541
0.49228946
0.60514242
0.56863674
0.53140931
0.49228345
0.64389464
0.69042339
0.71331504
0.75857606
0.64342518
0.68882758
0.71504213
0.75918461
0.56958158
0.60600003
0.49123919
0.53099946
0.53133502
0.49140936
0.60608866
0.56958444
0.69076129
0.64466875
0.76069778
0.71593376
0.71544352
0.76048894
0.64478692
0.6911581
1.3134861
0.92223836
0.92247041
0.95275516
0.96217753
0.95269997
1.3134936
0.92275522
0.92269761
0.95252433
0.96210525
0.95264051
0.30164197
0.78601743
0.70872274
0.30867891
0.78641549
0.70925081
1.2261221
0.922146
1.313487
0.92195684
0.96171952
0.95218684
0.95227523
0.95245458
0.96181833
0.95237846
1.3134734
0.92145473
0.92181835
0.30008923
0.7104995
0.7866199
0.78653124
0.71033853
0.29699592
0.98921558
0.97952644
0.9795724
0.98800042
0.94405506
0.98797438
0.98922453
0.97962118
0.97961251
0.98789732
0.94401784
0.98795866
0.9753889
0.98372681
0.9754041
0.94214002
0.95490064
0.95492655
0.95493545
0.94220486
0.95494836
0.98373565
0.97539923
0.97542442
0.97949991
0.98918536
0.97946304
0.94380335
0.98774141
0.98778352
0.98786737
0.94386101
0.98783913
0.98917777
0.97937946
0.97943723
1.0100998
0.98998684
1.0101347
0.98993104
1.3533724
1.0087965
0.83561583
0.83565086
0.83570282
1.0088344
0.83568836
1.3533928
1.0100106
0.98972563
0.98976953
1.0099946
1.2571278
1.3094067
1.257149
0.9703448
0.99011738
0.99014092
0.9702641
1.0177931
1.3094062
0.91110243
0.91114114
1.0177906
0.97010261
0.99009841
0.97018384
0.99008946
1.2570567
1.3094645
1.309424
1.2570605
1.2822488
0.81793137
0.81793122
0.86203723
1.1961035
1.2827353
0.92586168
0.95337487
0.92588276
0.95333939
0.87508314
0.95003056
0.87507134
0.95000781
0.86191168
1.1961365
1.2824092
0.81794225
0.81793087
1.2827703
2.8294489
2.8299372
0.86798343
0.86027175
0.97950181
1.6934507
0.97925378
1.6929312
2.8325699
2.8317846
2.2598465
2.8490242
2.9591024
2.1533761
2.6585659
2.1725898
1.8373775
1.5528944
1.8346332
1.5551269
2.9697505
2.8572439
2.1488507
2.674566
2.2189443
2.1748192
1.8331309
1.5597906
1.5515233
1.8443721
0.78522857
0.78554701
0.56682687
0.56804371
0.78558912
0.56858776
0.78483167
0.65225335
0.55204681
0.47957448
0.46388683
0.65230403
0.55214758
0.4793956
0.46345508
1.0487173
0.80386994
1.0680372
1.2456166
1.2438145
1.0681144
0.80394061
1.0501892
0.55224914
0.6529696
0.46240783
0.47895186
0.47948316
0.4626716
0.65300782
0.55214624
0.64337285
0.68926597
0.71535284
0.75965224
0.64386666
0.69067667
0.71388555
0.75918427
0.56714189
0.60291729
0.48765637
0.52783045
0.52885666
0.48812059
0.60270955
0.56595231
0.68873077
0.64190333
0.75727516
0.71154918
0.71328703
0.75791939
0.64139577
0.6870609
0.30239009
0.70717389
0.78427669
0.78551551
0.70781449
0.3082419
1.3527805
1.3525974
1.3526857
1.0103292
0.9897927
1.010261
0.98983577
1.3532487
1.3537393
1.3534848
1.0107231
0.98999884
0.98996398
1.0109142
1.017741
1.3085851
1.308447
0.91075753
1.0177004
0.9107824
1.2555286
1.3082397
1.2554791
1.3083317
0.96783615
0.98838795
0.96782072
0.98827199
1.0179733
1.3087414
0.91094423
0.91089334
1.0180943
0.96782943
0.98852596
0.96781512
0.9886945
1.2559275
1.3094913
1.3091943
1.2560314
0.87245812
0.94731138
0.87243394
0.94737
0.92351978
0.95109761
0.9510625
0.92357543
1.280211
0.81471131
0.81474331
0.85664767
1.1930325
1.2805789
0.92374135
0.95114499
0.95121283
0.92364592
0.87277117
0.94799328
0.9478501
0.87288054
0.85659562
1.1931411
1.2810302
0.8147619
0.81479372
1.2807569
0.9672444
1.6714671
0.86199326
0.85234369
1.6712498
0.96722925
2.8061153
2.8057595
0.86237726
0.85237709
0.96768214
1.6712947
0.96726992
1.67111
2.8054801
2.8053227
1.8373901
1.5524114
1.18825
1.8348142
1.5546146
1.1898621
2.1777623
2.9754553
2.8605835
2.1552185
2.6729663
2.2204183
2.1755989
1.8332332
1.5587703
1.1910434
1.5509008
1.1880972
1.8440837
0.69740248
1.2804775
1.2812596
0.69760683
1.2802944
1.2812562
0.56429432
0.56427317
0.78697157
0.78726194
1.0279174
0.79653975
1.0304595
1.2983917
1.2605987
1.2630059
1.2632141
1.298903
1.2646556
0.79381405
1.0250092
1.0281316
1.2811213
0.69872055
1.2819403
0.56388311
0.5649668
0.56393677
0.6962355
1.2804577
1.2812822
0.78762074
0.56572118
0.78675127
0.80316172
1.0488604
1.2437221
1.0678858
0.80314641
1.048436
1.2442566
1.0679009
0.65206558
0.55147235
0.47888694
0.46368602
0.65206239
0.55153286
0.47863454
0.46307303
1.0492861
0.8039589
1.0685013
1.246271
1.2446665
1.0686422
0.80394138
1.0505479
0.55161614
0.65266441
0.4614043
0.47786377
0.47864734
0.46191688
0.65260831
0.55126708
0.60504632
0.56789232
0.53077759
0.49005919
0.60551346
0.56939736
0.52891309
0.48897191
0.64382858
0.68982293
0.71579055
0.76036405
0.64426191
0.69100229
0.71458245
0.75997456
0.56750858
0.60360639
0.48708694
0.52726676
0.52861927
0.48797206
0.60304555
0.56598427
0.68931215
0.64232037
0.75767251
0.71194563
0.71402498
0.75834032
0.64171032
0.6873809
1.313324
0.92081857
0.9210424
0.95217301
0.96151814
0.95218386
1.3133753
0.92134799
0.92127248
0.952255
0.96148268
0.95223267
0.30124676
0.78656221
0.71015964
0.29714447
0.78611801
0.70979663
1.2259167
0.92077292
1.3133299
0.92068837
0.96132306
0.9526928
0.95257775
0.95235428
0.96137785
0.95247382
1.3134297
0.92047986
0.92069539
0.30320356
0.70760836
0.78465851
0.78587905
0.70825255
0.30872401
0.98904483
0.97924981
0.9792913
0.98772704
0.94369135
0.98771045
0.98909551
0.97935526
0.97933434
0.98769376
0.94367498
0.98771903
0.97503321
0.98329767
0.9748865
0.94136306
0.95398588
0.9541758
0.9545142
0.94153185
0.95436898
0.98317571
0.97455763
0.97473781
0.97923299
0.98888369
0.97920669
0.94364774
0.98776095
0.98773515
0.98770958
0.94364783
0.98773277
0.98882976
0.97915861
0.97919429
1.0100944
0.98963399
1.01004
0.98962105
1.3539723
1.009005
0.83507547
0.83521625
0.83540245
1.008941
0.835332
1.3541957
1.0104181
0.98972699
0.98968117
1.0105766
1.2570993
1.3095126
1.3095824
1.2570726
0.96977051
0.99034911
0.99025307
0.96973479
1.0180778
1.3099378
0.91111983
0.9110759
1.0181696
0.96971105
0.99047119
0.96971277
0.99062479
1.2574166
1.3106482
1.3103629
1.2575077
1.2824784
0.81795816
0.81798239
0.8618086
1.1963896
1.2832981
0.92605621
0.95330566
0.92597228
0.95336065
0.87533014
0.95067176
0.87542859
0.95053342
0.86222821
1.1966591
1.2837325
0.81796648
0.81799981
1.2834729
2.8342952
2.8350177
0.86912624
0.86095415
0.98109789
1.6973468
0.98036348
1.6968109
2.8374941
2.8369597
2.6224165
2.6452837
1.7342964
2.8164879
2.2037293
1.8770083
1.555037
1.8391955
1.5748145
2.6648936
2.6738064
1.7913288
2.8702723
2.2065962
2.1425711
1.861683
1.5540481
1.5656987
1.8412001
0.7861638
0.78597308
0.76003216
0.791283
0.65148306
0.55047087
0.47847043
0.46054203
0.65164981
0.55169169
0.47686931
0.45941499
1.0527003
0.80259744
1.0670764
1.2490309
1.249955
1.0682979
0.80089848
1.0543432
0.54990444
0.65082088
0.46982632
0.48310526
0.47622761
0.46077338
0.65211432
0.56018252
0.63687616
0.68174103
0.71057696
0.75425665
0.63852092
0.6861274
0.70628534
0.75272401
0.55936648
0.59758297
0.49775485
0.55051161
0.52195275
0.48602427
0.60566964
0.58324102
0.68073757
0.63583925
0.75672266
0.71612874
0.70529222
0.75112491
0.64261129
0.69402397
0.38659197
0.70300077
0.7746428
0.78492624
0.69899837
0.40108182
1.3545556
1.3540433
1.35436
1.0113356
0.99011629
1.0114107
0.99004735
1.3526373
1.3449423
1.0081427
0.98715274
0.98834325
1.0067584
1.0187822
1.3104784
1.3103937
0.91122725
1.0185742
0.91136336
1.2560936
1.3098159
1.2560997
1.3101624
0.96756022
0.98942476
0.9669895
0.98955221
1.0182011
1.3095263
0.90858239
0.91081319
1.0176747
1.3006444
0.96357683
0.98883047
0.96553277
0.98758411
1.2455381
1.3083611
1.248965
0.87313891
0.94816568
0.87300221
0.9483707
0.92437455
0.95134332
0.95149
0.9244173
1.2813504
0.81471878
0.81467664
0.85643471
1.1926913
1.2824456
0.92351853
0.95092867
0.94991762
0.92426742
0.87052948
0.94493466
0.94793501
0.86649796
0.85203666
1.191079
1.2793746
0.81595809
0.80634003
1.2815611
0.96796796
1.672396
0.86334431
0.85272992
1.6726066
0.96929129
2.8070994
2.8070388
0.86125946
0.85244428
0.9432292
1.6330005
0.9692993
1.656426
2.7276735
2.7759273
1.8782395
1.5546217
1.1865472
1.8396023
1.5749081
1.1949644
2.2978338
2.671084
2.6779256
1.8037253
2.874379
2.2062761
2.1417009
1.8614483
1.5535152
1.1803936
1.5645713
1.1879393
1.8415448
0.6906246
1.2810792
1.2801696
0.5653618
0.69349882
1.2809495
1.2807941
0.78803864
0.56504221
0.78777157
1.0248295
0.78933807
1.0247705
1.2887938
1.2658444
1.255039
1.2614298
1.2956575
1.2610225
0.7902195
1.0370599
1.0207952
1.2811585
0.69253901
1.2825868
0.58634263
0.57023496
0.69146449
1.2901666
1.2841261
0.5897718
0.76189694
0.56892271
0.79329782
0.80290718
1.052115
1.2470177
1.0683505
0.80284739
1.0509776
1.2488534
1.0687554
0.65120586
0.54964037
0.47736846
0.45939452
0.65133713
0.55082768
0.47574094
0.45830881
1.0531466
0.80270604
1.0676131
1.249979
1.2506736
1.0687648
0.80113805
1.0550431
0.54904894
0.65051667
0.46876032
0.48217844
0.47508001
0.45960233
0.65193413
0.5595892
0.59834663
0.55995344
0.5266049
0.48485815
0.60009486
0.56515564
0.52217057
0.4834019
0.63716776
0.68224007
0.71100938
0.75476236
0.63878643
0.68647424
0.70688652
0.75327792
0.55911017
0.59772956
0.49701846
0.55043309
0.52164777
0.4851452
0.60553971
0.58338815
0.68131367
0.63626071
0.75758562
0.71709261
0.70597454
0.75189077
0.64304988
0.69485009
1.3131653
0.91935446
0.91996985
0.95284874
0.96107362
0.95298171
1.3135569
0.92047864
0.92042438
0.95303727
0.96092425
0.95303839
0.35045955
0.78408133
0.70468433
0.31169953
0.78357671
0.70307131
1.2128037
0.91834196
1.3086565
0.91823786
0.95912169
0.95292961
0.95308392
0.95293861
0.96010554
0.95304763
1.3054837
0.92315617
0.9185454
0.38778144
0.70374741
0.77507402
0.78546029
0.6996666
0.40173501
0.98868716
0.97919187
0.979211
0.98782765
0.94377317
0.98790589
0.98870695
0.97916979
0.97919748
0.98805941
0.94385609
0.98801788
0.97421456
0.98239281
0.9741316
0.94046651
0.95143795
0.95372102
0.95363299
0.94059992
0.9536265
0.98208816
0.97176454
0.97415093
0.97908419
0.98819892
0.97856731
0.94096682
0.98299188
0.98593977
0.98798958
0.94308177
0.98740648
0.9875838
0.97426271
0.9773676
1.0110453
0.98980942
1.0110409
0.98974467
1.3532327
1.0082374
0.83833431
0.82379424
0.83372997
1.0087991
0.83437318
1.3455311
1.0090545
0.98805402
0.98827801
1.0076446
1.2575408
1.3109618
1.3112997
1.2575625
0.9693649
0.99127932
0.99141867
0.96877865
1.0182955
1.3106506
0.90883899
0.91095212
1.0186796
0.96534515
0.99067573
0.96731013
0.98942248
1.2469183
1.3095033
1.3017804
1.250332
1.2840493
0.81792262
0.81787956
0.8618057
1.1960676
1.285141
0.92577315
0.95300598
0.92652398
0.95199084
0.8730539
0.94760737
0.95058122
0.86903876
0.85778388
1.1946133
1.2820322
0.81913199
0.80959235
1.2842598
2.838656
2.8387925
0.86820613
0.86136131
0.95799228
1.6597735
0.98294028
1.6832351
2.7601126
2.808601
)
;
    }
}


// ************************************************************************* //
