/*--------------------------------*- C++ -*----------------------------------*\
| =========                 |                                                 |
| \\      /  F ield         | OpenFOAM: The Open Source CFD Toolbox           |
|  \\    /   O peration     | Version:  2412                                  |
|   \\  /    A nd           | Website:  www.openfoam.com                      |
|    \\/     M anipulation  |                                                 |
\*---------------------------------------------------------------------------*/
FoamFile
{
    version     2.0;
    format      ascii;
    arch        "LSB;label=32;scalar=64";
    class       volScalarField;
    location    "1000";
    object      yPlus;
}
// * * * * * * * * * * * * * * * * * * * * * * * * * * * * * * * * * * * * * //

dimensions      [0 0 0 0 0 0 0];

internalField   uniform 0;

boundaryField
{
    inlet
    {
        type            calculated;
        value           uniform 0;
    }
    outlet
    {
        type            calculated;
        value           uniform 0;
    }
    topandbottom
    {
        type            calculated;
        value           uniform 0;
    }
    front
    {
        type            symmetryPlane;
    }
    back
    {
        type            symmetryPlane;
    }
    airfoil
    {
        type            calculated;
        value           nonuniform List<scalar> 
12960
(
47.008053
44.264624
52.4679
44.464382
44.269458
43.907179
39.416085
44.041606
39.580845
43.593287
44.155607
44.013264
52.591279
52.353901
43.777735
51.032627
42.540454
40.286926
44.177635
52.751222
44.055335
38.852012
44.205809
44.224122
39.458829
44.067025
44.738128
44.121427
52.718553
44.183414
47.183382
47.246386
42.728452
39.134938
42.614746
51.192329
38.528221
39.021535
43.765785
52.408805
52.226
43.135875
52.382828
43.975394
39.610561
44.918159
38.768366
44.10093
44.231828
39.452595
51.556866
41.308656
36.349673
38.993979
44.353241
38.840388
38.594648
52.542878
44.331765
43.142918
52.410896
52.489327
43.589412
52.842991
38.838804
38.308355
38.509836
43.023229
43.618812
37.083499
43.142333
44.135604
39.634664
43.335184
43.499302
44.655705
53.126298
44.245732
52.791297
45.152923
44.393433
44.240079
39.409815
39.418992
44.162484
39.489548
44.12989
39.630162
45.641748
44.992954
38.93689
43.770444
52.922093
44.524418
38.585159
43.598199
53.027626
44.327864
43.902389
44.447543
38.812827
44.15676
45.513122
53.543959
48.525569
48.119088
45.26712
40.718053
52.46568
44.061226
38.774992
38.62308
40.054429
45.224371
38.978684
44.406922
53.195149
43.639996
52.78832
43.057084
43.199438
53.071613
39.86695
44.406905
48.564221
54.22197
53.393043
42.620458
52.350599
52.641829
39.130506
47.875211
43.715384
45.215182
39.004716
39.948799
45.121583
38.805123
52.753881
45.480936
45.208349
39.386521
48.122922
53.964699
45.124121
3.4560917
23.779294
23.910145
24.373728
23.498422
18.913369
18.906982
17.70249
18.114862
18.119968
17.698262
17.063984
17.066894
25.989273
25.98639
16.739569
16.739121
15.655301
16.049572
16.049547
15.658124
23.764242
24.235455
23.689422
24.334952
18.931773
18.92557
17.715922
18.129284
17.710625
18.134933
17.073696
17.078469
26.01377
26.0404
16.731746
16.734064
15.647365
16.043926
15.649748
16.041548
23.635852
24.306599
23.734193
24.138056
18.928001
18.931441
17.714413
18.135603
17.716955
18.132775
17.079953
17.077786
26.090362
25.992389
16.730466
16.730126
15.646203
16.039951
15.645786
16.040352
23.642063
24.370024
23.78134
24.169522
18.916508
18.921183
17.705281
18.126631
17.708638
18.122908
17.072471
17.069545
26.053125
25.990514
16.734518
16.732701
15.649869
16.04263
15.648444
16.0442
23.778496
24.240674
23.689793
24.360593
18.92171
18.917559
17.708539
18.123523
17.705738
18.126695
17.069813
17.072181
26.004857
26.016828
16.731214
16.733508
15.647163
16.043321
15.649064
16.041274
23.662219
24.235755
23.676158
24.189364
18.92551
18.923981
17.712516
18.129294
17.711167
18.130709
17.074846
17.076121
26.046747
25.992563
16.728146
16.729181
15.643839
16.039018
15.644845
16.037989
23.756277
24.311452
23.752383
24.3356
18.924929
18.92806
17.711448
18.13223
17.713703
18.12973
17.076917
17.074938
25.991576
26.024009
16.729464
16.72738
15.645545
16.037592
15.643636
16.039568
23.762584
24.128064
23.613133
24.364132
18.91913
18.91859
17.706943
18.124711
17.706936
18.12486
17.070985
17.070788
25.956218
26.064389
16.735992
16.734418
15.651692
16.04423
15.650012
16.045892
23.677424
24.228975
23.678146
24.221158
18.925298
18.922733
17.710872
18.127663
17.709363
18.129487
17.072673
17.073801
26.026508
26.017739
16.736419
16.737066
15.651903
16.046827
15.652575
16.04614
23.758688
24.361817
23.772727
24.319221
18.92141
18.925544
17.708392
18.128935
17.710206
18.126477
17.073187
17.072104
26.051116
26.004307
16.734758
16.73401
15.651092
16.044233
15.650276
16.045056
24.027539
24.56394
26.028745
25.536232
25.630778
25.038831
24.359176
24.586122
26.076047
25.917409
25.686103
25.444609
23.562218
23.329288
23.783996
24.188811
24.387577
23.66788
23.568389
23.476236
18.727879
18.257677
18.263031
18.720667
18.915
18.92277
18.729327
18.270418
18.264198
18.736616
17.579583
17.171821
17.175494
17.575689
17.703392
18.126925
18.12104
17.708499
17.580443
17.180629
17.176263
17.58534
16.691995
16.688413
16.52516
16.113651
16.11694
16.521837
17.071879
17.067653
16.692647
16.69654
16.525849
16.121248
16.117604
16.529768
15.596419
15.992619
15.995632
15.596333
15.597081
15.999856
15.996293
15.600457
25.523557
25.522287
25.988754
26.098058
25.53233
25.694681
18.953046
18.950906
18.952243
18.950825
16.573933
16.169262
16.169478
16.573746
16.738315
16.734984
16.572714
16.164826
16.168269
16.569404
15.654165
16.044903
16.048354
15.650738
24.415156
24.51963
26.006276
25.974438
25.589643
25.52206
24.50473
24.503166
25.994051
26.004161
25.569498
25.584314
23.557274
23.491652
23.760083
24.319877
24.32161
23.751791
23.555953
23.545737
18.745396
18.272866
18.739315
18.27864
18.932755
18.932364
18.746391
18.279836
18.279663
18.746176
17.592584
17.182502
17.587398
17.187381
17.716947
18.136231
18.135958
17.717464
17.593607
17.189179
17.188399
17.594193
16.702739
16.698224
16.536008
16.122821
16.531456
16.127124
17.080307
17.079481
16.703738
16.704698
16.537032
16.129274
16.128123
16.538101
15.605914
16.00139
15.601899
16.005605
15.606883
16.007766
16.006593
15.608151
25.552203
25.610586
26.022571
26.010991
25.56799
25.548237
18.946986
18.950152
16.566217
16.163858
16.568491
16.161494
16.731159
16.73019
16.565649
16.159967
16.160916
16.564731
15.646792
16.040015
16.040968
15.645849
24.494689
24.302514
25.891288
26.019551
25.400663
25.598634
24.56417
24.358943
25.940602
26.024562
25.469479
25.624298
23.448054
23.527966
23.661208
24.374702
24.185969
23.787163
23.468386
23.574899
18.742034
18.27916
18.745331
18.276221
18.926818
18.922794
18.740865
18.271351
18.27511
18.736901
17.591259
17.188798
17.593719
17.186565
17.713388
18.128006
18.131688
17.709908
17.590252
17.182333
17.185606
17.586829
16.702415
16.704414
16.535944
16.129085
16.537855
16.127336
17.073615
17.076842
16.701506
16.698384
16.535055
16.123535
16.126487
16.53198
15.606551
16.007596
15.608045
16.005907
15.605777
16.002176
16.005076
15.603044
1.6571021
25.672072
25.525182
26.050475
26.002629
25.618683
25.527361
16.565069
16.159906
16.56468
16.160304
16.730727
16.732069
16.56535
16.161994
16.160602
16.566733
15.646514
16.042041
16.040653
15.647888
24.560746
24.344063
25.935057
26.033245
25.461977
25.631068
24.341951
24.308825
25.939074
25.934511
25.456193
25.460993
23.448212
23.569573
23.609915
24.167396
24.133128
23.64042
23.418563
23.446645
18.730938
18.269934
18.73535
18.266059
18.91557
18.916307
18.730063
18.265793
18.265304
18.730717
17.58233
17.181166
17.585587
17.178167
17.704637
18.12263
18.122186
17.704975
17.581707
17.177829
17.177596
17.582015
16.694544
16.697292
16.52821
16.122512
16.530905
16.119975
17.069201
17.06899
16.694023
16.694165
16.5277
16.119573
16.119495
16.527832
15.599792
16.001173
15.602102
15.998696
15.599351
15.998287
15.998227
15.599362
25.619649
25.513027
26.054403
26.05358
25.631653
25.620225
16.56915
16.162595
16.567366
16.164219
16.73483
16.73418
16.569454
16.163905
16.164485
16.568825
15.650092
16.043892
16.044454
15.64958
24.422249
24.548234
26.018727
25.97908
25.611962
25.531154
24.425218
24.524164
26.016753
25.975978
25.600191
25.531159
23.568215
23.489563
23.762885
24.244181
24.337734
23.693393
23.555618
23.492985
18.735743
18.266741
18.731867
18.270066
18.922648
18.923788
18.736654
18.272327
18.270914
18.737903
17.585444
17.178467
17.582744
17.18091
17.709312
18.12896
18.127521
17.7108
17.586202
17.183171
17.181631
17.587704
16.696882
16.694707
16.530496
16.120045
16.52836
16.12202
17.07444
17.072891
16.697565
16.699148
16.531176
16.124286
16.122675
16.532776
15.601516
15.998739
15.599761
16.000657
15.602129
16.002909
16.001301
15.603717
25.533131
25.562522
26.001695
26.028979
25.537214
25.580677
18.945043
18.948955
16.56592
16.163314
16.568172
16.161213
16.730605
16.72946
16.565309
16.159318
16.160608
16.564119
15.646576
16.039361
16.040673
15.645209
24.423569
24.363689
25.943091
26.015756
25.474579
25.570918
24.49568
24.446895
26.008431
25.993284
25.569539
25.567041
23.468423
23.47583
23.701335
24.313774
24.261102
23.752008
23.499775
23.54783
18.739651
18.272646
18.738144
18.274087
18.926333
18.928159
18.740407
18.275916
18.274716
18.742013
17.58941
17.18357
17.588079
17.184859
17.713029
18.132402
18.131303
17.71389
17.589901
17.185925
17.185294
17.590699
16.700823
16.699574
16.534456
16.124732
16.53321
16.125947
17.077124
17.076539
16.7012
16.70166
16.534823
16.126601
16.126278
16.535245
15.605315
16.003355
15.604164
16.004554
15.605601
16.005165
16.004874
15.605802
25.609145
25.541213
25.994532
26.021531
25.535592
25.566277
18.942488
16.562783
16.158985
16.563824
16.157949
16.727756
16.727175
16.562406
16.157242
16.157617
16.561874
15.643563
16.037345
16.037672
15.64337
24.492243
24.524533
26.025412
25.990524
25.612072
25.561652
24.290028
24.492639
26.026485
25.928428
25.603414
25.436225
23.54764
23.549238
23.728196
24.117845
24.303007
23.604815
23.521689
23.416577
18.738934
18.275752
18.741889
18.27315
18.923287
18.919196
18.737402
18.268475
18.271835
18.733552
17.588318
17.185721
17.590507
17.183695
17.710338
18.125256
18.128476
17.707452
17.587247
17.180143
17.182721
17.584449
16.699586
16.701443
16.533179
16.12637
16.535023
16.124623
17.071477
17.073992
16.698712
16.696362
16.532316
16.121611
16.123817
16.529981
15.603941
16.004933
15.605565
16.003221
15.603208
16.000277
16.002436
15.601162
25.518091
25.571551
25.983553
26.064197
25.511634
25.648301
18.943252
18.940411
18.944883
18.949228
16.564156
16.157483
16.562089
16.159485
16.730509
16.733611
16.565186
16.163414
16.160462
16.568255
15.64645
16.04343
16.040525
15.649226
24.300473
24.561833
26.067289
25.929205
25.668654
25.439925
24.405399
24.558456
26.060788
25.979386
25.658983
25.524013
23.548861
23.424238
23.765723
24.224972
24.362679
23.680883
23.553189
23.483694
18.73339
18.267917
18.732961
18.268121
18.919781
18.921967
18.733988
18.270416
18.268603
18.736075
17.583904
17.179647
17.58394
17.179485
17.70731
18.127036
18.125309
17.708813
17.584248
17.181004
17.179762
17.585684
16.695585
16.69588
16.529134
16.121128
16.529492
16.12068
17.07223
17.071044
16.695788
16.696816
16.529309
16.121588
16.120804
16.530245
15.600105
15.999797
15.600685
15.999319
15.600154
16.000155
15.999426
15.600696
25.47001
25.648032
25.963318
26.026725
25.480762
25.587793
18.950726
16.570647
16.164219
16.569061
16.16587
16.736328
16.737004
16.57098
16.166807
16.166218
16.571605
15.652047
16.04682
16.046242
15.652586
24.41204
24.401767
25.97995
25.988786
25.524133
25.538857
24.595038
24.394936
25.935289
26.069475
25.475681
25.681031
23.480413
23.478957
23.690657
24.397621
24.222143
23.790308
23.494775
23.575117
18.739201
18.271071
18.736815
18.273022
18.926057
18.926371
18.739868
18.273272
18.273496
18.739986
17.587633
17.181466
17.586211
17.182655
17.71118
18.12962
18.12991
17.710783
17.587911
17.18245
17.182861
17.587502
16.698172
16.697206
16.531461
16.121897
16.530603
16.12263
17.073596
17.073992
16.698323
16.69797
16.531577
16.12236
16.122725
16.531151
15.60145
16.000447
15.600926
16.001136
15.6015
16.000874
16.001222
15.601152
8.1351557
11.431368
25.58859
25.574342
26.061864
25.974097
25.628156
25.501806
18.952676
18.952706
18.952079
18.949261
16.570925
16.166821
16.571641
16.166124
16.735929
16.734317
16.570423
16.164314
16.165675
16.568801
15.651512
16.044429
16.045709
15.650417
24.553939
24.501388
25.997588
26.041744
25.574347
25.637024
24.001768
24.578441
26.068549
25.46546
25.673691
24.967862
23.553257
23.563174
23.7791
23.892825
24.383417
23.498983
23.56105
23.333217
18.735489
18.272549
18.73918
18.269808
18.920247
18.914247
18.734552
18.264512
18.269215
18.727822
17.585319
17.18201
17.586961
17.180814
17.708094
18.121568
18.125988
17.704627
17.585069
17.177837
17.180671
17.581957
16.696835
16.697637
16.529983
16.12208
16.530805
16.121478
17.069919
17.071975
16.696828
16.69415
16.529947
16.11914
16.121475
16.527546
15.600484
16.000612
15.600926
16.000062
15.600482
15.998007
16.000062
15.601368
25.621594
25.553828
25.954711
26.014445
25.485087
25.562317
18.947423
18.948327
16.56919
16.164094
16.568491
16.164904
16.735537
16.734487
16.569919
16.164658
16.165588
16.569095
15.651675
16.045007
16.045716
15.653713
21.030525
13.003526
21.057416
13.000554
21.053982
13.001173
13.006965
13.009417
21.057427
13.008476
13.012016
13.022135
21.055134
13.029389
21.058618
13.031476
20.939269
20.958446
13.708112
13.711744
12.904891
26.422149
27.364157
12.909103
28.253712
27.904255
21.051849
13.805226
13.801907
13.001804
20.954059
20.945538
13.715005
13.71832
12.911895
28.813416
28.222106
12.913917
28.007454
28.473002
13.799454
13.79699
13.000142
20.944999
20.945347
13.717855
13.714046
12.912708
28.445012
2.5708882
30.28381
12.906882
28.090342
28.715304
13.796875
13.798572
13.004592
20.955321
13.711174
13.708125
12.90269
27.455879
28.415079
12.897
28.236141
28.508972
13.800089
13.801246
13.009375
13.707901
13.708545
12.89472
27.631042
28.256596
12.891261
28.564361
27.596789
13.800558
13.79879
13.008647
13.708697
13.707811
12.888561
28.266632
27.93371
12.882107
28.169589
27.836553
13.798103
13.798132
13.009673
20.945579
13.706104
13.701818
12.876691
28.722334
28.146201
12.865755
28.428786
27.950017
13.799475
13.803749
13.018248
20.951126
13.69962
13.697769
12.859371
27.758702
27.030798
12.850909
27.116469
27.220705
13.806278
13.808783
13.027393
20.946956
20.944156
13.697295
13.696236
12.846867
26.611834
27.305678
12.839298
8.2915771
30.309131
13.178935
21.057208
13.809188
13.808645
13.030886
20.946402
20.938925
13.695232
13.69396
12.837629
27.364041
26.264115
12.833072
25.492019
25.663223
13.808593
13.809477
13.031744
24.012762
23.71584
23.943172
24.133122
23.827735
24.003365
24.22336
24.2931
24.148224
23.606569
23.677599
23.815568
22.10047
22.285891
22.315474
22.077332
20.425597
20.614459
20.619566
20.421321
19.072011
18.91243
19.207644
19.209365
19.070632
18.91172
17.832339
17.701821
17.831639
18.118086
17.965777
17.968693
17.970583
18.119201
17.969824
17.700849
17.827912
17.830596
17.065605
16.946917
16.94765
16.948638
17.066304
16.948104
26.621932
25.985475
21.051225
26.050544
16.882187
16.740685
16.883406
16.741116
16.882988
15.797074
15.656205
16.050843
15.914511
15.914468
16.050523
15.656845
15.797655
14.540105
14.388675
14.389348
14.539379
12.842697
13.003609
12.842908
23.75703
23.988216
23.983722
24.098962
24.304162
24.157558
23.72907
23.904459
23.953225
24.191108
24.33767
24.189953
22.147607
22.352823
22.139096
22.363174
20.457247
20.650258
20.454362
20.65336
19.091391
18.9302
19.227651
19.089225
18.928098
19.229871
17.714473
17.846225
17.844758
17.979479
18.131506
17.981642
17.712669
17.840817
17.842917
17.985014
18.133428
17.983526
16.95524
17.075486
16.95699
16.959933
17.077114
16.958591
26.629285
25.995632
25.993912
16.732439
16.874346
16.733216
15.648056
15.789084
15.908868
16.043039
15.648853
15.791486
15.906486
16.042242
14.532792
14.381548
14.382218
14.532121
12.840203
13.000284
12.839946
23.653538
23.838253
23.86157
24.161248
24.254784
24.113585
23.696614
23.95792
23.915157
24.01782
24.176222
24.047988
22.117884
22.337857
22.125666
22.327996
20.449681
20.646523
20.451675
20.644306
19.090016
18.929177
19.229364
19.091237
18.930342
19.228089
17.71537
17.844516
17.845497
17.985824
18.134769
17.985032
17.716233
17.847146
17.84639
17.983102
18.133809
17.984107
16.961517
17.079378
16.960972
16.959426
17.078641
16.96026
26.629725
26.049746
21.047429
26.627864
25.995014
16.730278
16.873033
16.730161
16.872708
15.645973
15.787869
15.904891
16.039995
15.645831
15.78747
15.905297
16.040132
14.530717
14.38036
14.380132
14.530946
12.841845
13.001716
12.842639
23.6932
23.851695
23.910273
24.219629
24.325597
24.177713
23.746547
24.010659
23.972053
24.039712
24.244845
24.106573
22.116228
22.350578
22.13318
22.330312
20.435825
20.635362
20.439878
20.630613
19.078305
18.91788
19.217878
19.08004
18.9195
19.21602
17.706229
17.835163
17.836145
17.977094
18.125252
17.975762
17.707382
17.838629
17.837337
17.973508
18.12397
17.974527
16.954198
17.071362
16.953114
16.951346
17.07036
16.952138
26.630082
26.017034
26.629153
21.052523
26.629468
25.98412
16.734004
16.87712
16.876585
16.733371
16.875245
15.649487
15.791574
15.907565
16.043226
15.648994
15.790109
15.909084
16.043771
14.533908
14.383601
14.383292
14.534219
12.849501
13.007668
12.850387
23.772527
24.006104
24.000995
24.102634
24.318175
24.17077
23.740483
23.906635
23.965604
24.212916
24.358476
24.209055
22.143796
22.347625
22.130927
22.362421
20.443771
20.635446
20.439968
20.639859
19.081169
18.920463
19.217512
19.079607
18.919018
19.219204
17.707634
17.838581
17.837646
17.974066
18.124593
17.975083
17.706666
17.835669
17.836639
17.977101
18.125692
17.976134
16.951581
17.070573
16.952314
16.95388
17.07139
16.953106
26.630236
25.991153
26.630375
25.984224
16.731939
16.873744
16.874478
16.73273
15.6478
15.788798
15.90823
16.042649
15.648451
15.790744
15.906232
16.041947
14.532627
14.381619
14.382133
14.532088
12.853153
13.009275
12.853163
23.643072
23.871662
23.848425
24.093276
24.189558
24.056154
23.653645
23.89442
23.865311
24.059558
24.154841
24.031143
22.109204
22.318753
22.108341
22.319582
20.442804
20.636471
20.442253
20.637028
19.085442
18.924809
19.222803
19.08492
18.924299
19.223332
17.712013
17.842569
17.84205
17.979712
18.129678
17.980101
17.711561
17.8412
17.841592
17.981103
18.130152
17.980566
16.956555
17.075254
16.956967
16.95782
17.075682
16.957391
26.631596
26.080679
26.031963
16.728532
16.870761
16.728879
15.644159
15.785489
15.903949
16.03868
15.644497
15.786501
15.902927
16.038334
14.529288
14.378724
14.378941
14.529049
12.853541
13.008526
12.853854
23.761875
23.982417
23.985501
24.171414
24.318404
24.177558
23.756739
23.97237
23.977645
24.188162
24.331909
24.188186
22.150629
22.372861
22.155473
22.368201
20.451829
20.650866
20.454266
20.648124
19.087323
18.926378
19.226802
19.08848
18.927458
19.225564
17.712439
17.841527
17.842555
17.982499
18.131705
17.981986
17.713213
17.843855
17.843354
17.980089
18.130846
17.981159
16.958549
17.076465
16.958103
16.956612
17.075788
16.957441
26.630689
26.012966
21.054759
26.629959
26.022755
16.728552
16.871997
16.727843
16.869899
15.644745
15.787153
15.902599
16.038057
15.644098
15.785225
15.904552
16.038727
14.530388
14.380921
14.380182
14.531127
12.859007
13.01317
12.859929
23.716394
23.995036
23.938354
24.001726
24.185194
24.054753
23.655594
23.817982
23.865995
24.208263
24.282315
24.139444
22.11831
22.316928
22.105292
22.333473
20.436537
20.629139
20.434878
20.631295
19.079089
18.918641
19.216491
19.078828
18.918426
19.216806
17.706719
17.836916
17.83667
17.975257
18.124492
17.975032
17.7067
17.836864
17.836634
17.975353
18.124563
17.975083
16.952742
17.070719
16.952467
16.952499
17.070665
16.952397
26.628996
26.006806
26.627305
26.054449
16.735584
16.878521
16.878126
16.73507
16.876988
15.651242
15.793358
15.909149
16.044903
15.650685
15.791679
15.910821
16.045451
14.536533
14.386834
14.386341
14.537013
12.87102
13.023355
12.872396
23.677037
23.891389
23.893459
24.090415
24.225107
24.088919
23.677955
23.894474
23.894181
24.084957
24.228128
24.089459
22.115201
22.324698
22.113246
22.326605
20.444589
20.637637
20.443095
20.639198
19.085211
18.924428
19.222248
19.084276
18.923554
19.223246
17.71043
17.84106
17.840582
17.978015
18.128301
17.97862
17.709911
17.839455
17.840031
17.97972
18.128926
17.979205
16.954268
17.073103
16.954672
16.955317
17.073491
16.955034
26.625134
26.016817
21.055229
26.034797
16.736784
16.87901
16.879371
16.737
15.652227
15.793617
15.911739
16.046718
15.652455
15.794274
15.911057
16.046486
14.537759
14.387505
14.387706
14.537529
12.87961
13.02984
12.88033
23.732398
23.979818
23.943643
24.210419
24.289671
24.152309
23.740484
24.001209
23.956695
24.178883
24.262724
24.132735
22.151884
22.373993
22.156906
22.369492
20.449249
20.649857
20.452883
20.645866
19.083697
18.92284
19.223744
19.085341
18.924303
19.221928
17.708882
17.838421
17.838975
17.979101
18.128074
17.978302
17.709528
17.84042
17.839687
17.976873
18.127199
17.977509
16.954704
17.072744
16.954296
16.95373
17.072359
16.95395
26.627685
26.109751
26.072336
16.734206
16.877329
16.733956
15.650614
15.792782
15.909247
16.044259
15.650335
15.791943
15.910068
16.044539
14.536749
14.387199
14.386879
14.537088
12.884324
13.031699
12.884984
24.31274
24.479468
26.567977
25.992239
26.564934
25.946159
25.342047
25.5613
24.304719
24.917509
25.456094
24.720591
24.397165
24.50806
26.570566
26.02817
26.571038
20.944295
25.937774
25.390837
25.610737
24.696875
24.952367
25.480169
25.122429
23.363387
23.505812
23.314152
22.959884
23.058721
23.018245
23.414679
23.171768
23.239478
24.017545
23.741308
23.965328
24.22222
24.061493
24.090209
24.231119
24.317463
24.169798
23.688737
23.875483
23.900021
23.371568
23.535205
23.347192
23.493792
23.30073
23.315284
21.453404
21.244342
21.253548
21.441916
22.133042
22.34496
22.350423
22.130987
21.47762
21.279131
21.275096
21.480954
19.897114
19.708962
19.711461
19.894359
20.438826
20.639028
20.634487
20.443266
19.906477
19.723498
19.719841
19.910356
18.555905
18.726994
18.554898
18.260985
18.390748
18.394113
18.396347
18.262191
18.395414
18.725768
18.549866
18.553455
19.077768
18.917233
19.218728
19.215672
19.080641
18.919906
18.557276
18.731379
18.559213
18.268015
18.40418
18.401664
18.397606
18.265879
18.399404
18.733888
18.564247
18.561611
17.443946
17.578957
17.443341
17.174016
17.304033
17.306245
17.307765
17.174906
17.307157
17.578052
17.440121
17.442442
17.833288
17.704726
17.834687
18.124629
17.9772
17.974999
17.971595
18.12261
17.973077
17.706472
17.83862
17.836512
17.444763
17.581716
17.445974
17.178876
17.313074
17.311263
17.308557
17.177389
17.309722
17.58339
17.449453
17.447576
16.835819
16.691589
16.690955
16.367707
16.524649
16.115705
16.235776
16.239065
16.116439
16.523844
16.364419
17.070184
16.953471
16.951825
16.949373
17.068746
16.950432
16.836461
16.693649
16.694976
16.368367
16.526865
16.119792
16.243404
16.239719
16.118555
16.528199
16.372142
15.740003
15.595894
15.994423
15.85602
15.858984
15.995132
15.595544
15.737624
15.314485
15.314911
15.740671
15.597979
15.998436
15.863151
15.85965
15.997227
15.599122
15.74408
15.316352
15.315503
15.469894
14.459665
14.30599
14.305406
14.460226
14.105787
14.105246
13.926282
13.708847
13.926471
14.46176
14.30668
14.460902
14.307527
14.10646
14.107306
13.710777
13.929037
13.928115
12.752045
12.905819
12.751981
22.226277
28.767775
28.060205
23.130053
22.937424
12.908186
12.753749
12.752988
28.254631
27.908098
22.985337
23.052861
25.198761
25.522923
25.585973
25.184406
26.621879
26.027868
26.092821
25.216934
25.597762
24.790171
25.688992
25.397205
22.151269
22.360106
22.364086
22.147332
21.505252
21.301825
21.304656
21.501992
22.16753
22.389797
22.384161
22.171567
21.51357
21.312126
21.311147
21.514979
20.472422
20.665805
20.66746
20.471115
19.94132
19.754461
19.754989
19.940703
20.474114
20.670334
20.67004
20.474298
19.941092
19.754191
19.754291
19.941059
19.113901
18.954116
19.251432
19.251531
19.114057
18.954867
19.112132
19.249709
19.24998
19.111804
18.951287
16.417726
16.574944
16.170777
16.290125
16.290311
16.17047
16.575203
16.417563
16.880923
16.737103
16.735992
16.877586
16.416483
16.571513
16.165886
16.285612
16.289076
16.167042
16.570407
16.413057
15.379705
15.529665
15.530746
15.37874
15.795928
15.652972
16.045972
15.90985
15.913297
16.047132
15.651816
15.792477
15.376391
15.37758
15.527195
14.192503
14.1932
14.019192
13.805151
14.018548
14.537396
14.387777
14.538429
14.386776
14.191614
14.190643
13.80279
14.014738
14.015739
13.002315
12.841352
12.841796
24.493339
24.526797
26.570339
26.027602
26.56742
26.574459
26.027543
25.615525
25.2927
25.603934
25.200604
24.498395
24.495333
26.566555
25.991513
26.566785
20.946769
25.994387
25.26996
25.563889
24.855273
24.847983
25.569309
25.283258
23.548147
23.368354
23.358115
23.044168
23.523199
23.311478
23.336279
23.062327
23.980994
23.755934
23.975733
24.316405
24.176657
24.175585
24.180828
24.314502
24.174582
23.755175
23.974733
23.975901
23.369387
23.552937
23.367392
23.07103
23.074596
23.551179
23.357576
23.364698
21.496148
21.289892
21.491178
21.29418
22.159177
22.371901
22.376133
22.15515
21.503095
21.297386
21.29993
21.500163
19.923133
19.73344
19.920643
19.735846
20.460524
20.655412
20.65697
20.459219
19.926033
19.738134
19.738731
19.925297
18.743838
18.572906
18.571345
18.40672
18.275153
18.409074
18.741775
18.56688
18.5693
18.412626
18.277116
18.411081
19.094337
18.933139
19.232507
19.232803
19.094112
18.932975
18.573923
18.746814
18.574387
18.280206
18.413719
18.414135
18.413648
18.280173
18.414138
18.746712
18.57387
18.57434
17.591154
17.456521
17.45511
17.315003
17.184341
17.316888
17.589387
17.451444
17.453379
17.319976
17.186004
17.318583
17.84725
17.717525
17.847813
18.136557
17.986408
17.986692
17.986042
18.136489
17.986591
17.717679
17.847691
17.847941
17.457542
17.594199
17.458147
17.189275
17.32171
17.321835
17.320995
17.189028
17.321611
17.594377
17.458196
17.458349
16.701435
16.846586
16.699896
16.534685
16.378238
16.245003
16.124394
16.533135
16.373782
16.249364
16.125859
17.08038
16.96184
16.961884
16.960947
17.080116
16.961596
16.847575
16.704394
16.704706
16.848468
16.379252
16.537722
16.129195
16.251475
16.250366
16.128816
16.538071
16.380347
15.604716
15.749584
15.864654
16.002927
15.60335
15.74554
15.868802
16.004362
15.322728
15.323863
15.750548
15.607585
16.007672
15.870989
15.869783
16.007285
15.608006
15.75176
15.325456
15.324784
15.478979
14.467678
14.31424
14.313235
14.468727
14.113971
14.112974
13.932269
13.716006
13.933291
14.470239
14.315067
14.469592
14.315683
14.114792
14.115405
13.71805
13.935755
13.935442
12.756278
12.912658
12.757025
23.13962
27.847448
27.852157
22.924553
22.941541
12.913913
12.75773
12.757951
28.166665
28.439341
22.935057
23.000677
25.529058
25.222782
25.536408
25.306448
24.780455
26.628924
26.023714
26.021001
25.241185
25.571393
25.565554
25.218344
22.145928
22.370659
22.155766
22.359101
21.499471
21.303995
21.505499
21.298861
22.13131
22.344722
22.343901
22.132079
21.488217
21.288835
21.288808
21.488435
20.466833
20.66503
20.469661
20.661777
19.935921
19.751314
19.937862
19.749576
20.460519
20.654348
20.654712
20.460085
19.93126
19.744799
19.745318
19.930742
19.108507
18.948123
19.247476
19.109697
18.949227
19.246179
19.105398
19.242347
19.242832
19.104931
18.944769
16.566891
16.409775
16.284646
16.162979
16.567654
16.41211
16.282275
16.162187
16.873752
16.730699
16.730377
16.872773
16.409198
16.565208
16.16015
16.280734
16.281692
16.160465
16.564903
16.40826
15.371419
15.521335
15.370707
15.788502
15.646347
16.040199
15.904955
15.905908
16.040516
15.646033
15.787538
15.369645
15.370113
15.520256
14.185581
14.186227
14.011997
13.798761
14.011232
14.531122
14.380988
14.531561
14.380547
14.185045
14.184627
13.797264
14.009261
14.009574
13.000017
12.84025
12.839991
24.440357
24.349275
26.571754
25.940185
26.568543
20.956694
26.573019
26.008145
25.466798
25.066535
25.567996
25.289807
24.535898
24.463387
26.572181
26.011322
26.570961
26.02879
25.138785
25.576843
24.915375
24.703195
25.61948
25.33715
23.461243
23.275392
23.285119
23.023153
23.495494
23.340131
23.3123
23.002398
23.869945
23.714039
23.93437
24.346078
24.225189
24.197362
24.057154
24.277488
24.134721
23.762829
24.016613
23.990245
23.291883
23.51137
23.326844
23.03625
23.553103
23.381065
23.362032
21.478112
21.282339
21.4822
21.278933
22.131804
22.359748
22.34593
22.142231
21.482997
21.284028
21.281726
21.486664
19.918833
19.733818
19.920407
19.732336
20.447613
20.642915
20.643023
20.447083
19.915495
19.727548
19.728816
19.914315
18.743182
18.56992
18.57104
18.412995
18.278282
18.41207
18.744299
18.57309
18.572115
18.409945
18.277284
18.411036
19.086368
18.92559
19.223062
19.224416
19.08502
18.924263
18.568767
18.739646
18.567562
18.272692
18.404979
18.406353
18.408813
18.273941
18.407625
18.738336
18.564862
18.566268
17.592193
17.455374
17.456287
17.321299
17.188198
17.32067
17.593029
17.457754
17.457096
17.318994
17.187438
17.319887
17.843472
17.712297
17.842364
18.129315
17.97843
17.97971
17.982038
18.13054
17.980911
17.711136
17.839931
17.841184
17.454383
17.589177
17.453324
17.18348
17.314702
17.315866
17.31802
17.184575
17.316976
17.588034
17.451014
17.452199
16.703225
16.846104
16.703906
16.53673
16.37826
16.251263
16.12867
16.537381
16.380119
16.249447
16.128074
17.074744
16.95532
16.956431
16.958499
17.075824
16.957496
16.845186
16.700519
16.699471
16.84204
16.377382
16.534084
16.124561
16.245577
16.248581
16.125555
16.533052
16.374344
15.607209
15.750056
15.870841
16.007202
15.607718
15.751626
15.869216
16.006627
15.325119
15.324484
15.74926
15.604916
16.003184
15.865557
15.868403
16.00416
15.603994
15.746467
15.322897
15.323734
15.476304
14.470132
14.314939
14.315506
14.46957
14.114673
14.11524
13.935433
13.71733
13.934961
14.468125
14.314256
14.468891
14.313486
14.113989
14.113215
13.714989
13.931919
13.932796
12.755193
12.911908
12.753772
23.037058
3.770611
30.238051
13.554266
23.333963
12.90826
12.749471
12.750861
28.376976
27.970296
22.903676
23.02364
25.616962
25.361125
25.537936
25.198505
24.917995
26.627419
25.996933
21.052542
25.993276
25.306857
25.540479
25.522741
25.186827
22.150653
22.361247
22.146278
22.36707
21.498147
21.295015
21.496276
21.29644
22.140636
22.345274
22.354945
22.133185
21.493009
21.290305
21.292473
21.489964
20.462666
20.657095
20.462126
20.657769
19.931832
19.745353
19.931524
19.745616
20.46153
20.655524
20.656159
20.461162
19.931533
19.745592
19.745468
19.931589
19.105191
18.944963
19.242515
19.105031
19.242693
19.105349
18.945173
19.243037
19.242806
19.105596
16.564863
16.408599
16.280672
16.159951
16.564731
16.408205
16.281059
16.160087
16.873282
16.731074
16.73152
16.874604
16.408887
16.565715
16.161449
16.282739
16.28135
16.160982
16.566176
16.410282
15.369162
15.369376
15.788174
15.646904
16.041502
15.906987
15.905602
16.041036
15.647366
15.789545
15.370049
15.369674
15.52067
14.184548
14.184305
14.009047
13.797052
14.009195
14.531636
14.380668
14.531256
14.381047
14.184873
14.185266
13.798097
14.010603
14.010155
13.003799
12.84647
12.84545
24.515319
24.426411
26.574432
25.979631
26.573386
20.95543
26.028642
25.532717
25.129801
24.914359
25.610866
25.339846
24.308036
24.303335
26.57472
25.951352
26.574053
25.939006
25.111135
25.467714
24.689321
24.661731
25.455942
25.128368
23.492853
23.270654
23.309777
23.053576
23.53883
23.376364
23.349517
22.986674
23.817428
23.599644
23.807411
24.132306
24.037713
24.003112
24.003897
24.125384
23.994692
23.609292
23.84989
23.816725
23.243616
23.408509
23.234078
22.954206
23.417984
23.269077
23.243033
21.46825
21.275539
21.477953
21.267485
22.080405
22.293038
22.287879
22.084709
21.447792
21.252645
21.250684
21.450184
19.905388
19.72162
19.908095
19.719197
20.428013
20.622352
20.621241
20.428946
19.900534
19.715441
19.71494
19.901113
18.732222
18.559134
18.560355
18.403519
18.268505
18.402036
18.733748
18.563355
18.561813
18.399479
18.267169
18.400642
19.075419
18.915207
19.213236
19.2129
19.075716
18.915471
18.558302
18.72972
18.557974
18.265177
18.399227
18.398567
18.398688
18.265
18.398373
18.729956
18.558896
18.558188
17.583247
17.446636
17.447524
17.313512
17.180032
17.312351
17.584365
17.4498
17.44861
17.310434
17.179004
17.311296
17.834496
17.704366
17.834218
18.122052
17.973221
17.972677
17.972815
18.121891
17.972529
17.704489
17.834866
17.834353
17.446032
17.581442
17.445772
17.177434
17.310104
17.309689
17.309848
17.177347
17.309594
17.581555
17.446313
17.445876
16.695305
16.838142
16.696244
16.528956
16.370642
16.244534
16.121539
16.529876
16.373286
16.241939
16.120674
17.068824
16.950994
16.950636
16.950805
17.068745
16.950564
16.837613
16.693785
16.69384
16.83778
16.370143
16.527466
16.119299
16.241544
16.241448
16.119267
16.527517
16.37026
15.600426
15.743141
15.864574
16.000222
15.601213
15.745505
15.862153
15.999378
15.318555
15.471267
15.47189
15.317942
15.742691
15.599132
15.998027
15.861737
15.861694
15.998001
15.599141
15.742716
15.317289
15.317512
15.470613
14.464107
14.308856
14.309449
14.463526
14.108519
14.109131
13.929263
13.710315
13.928486
14.46285
14.308414
14.463101
14.308139
14.108052
14.107746
13.708455
13.926702
13.926918
12.74474
12.901366
12.743121
22.797145
27.545655
28.444858
12.897937
12.737316
12.738614
28.189235
28.494099
22.955835
23.002878
25.562643
25.306667
25.511598
25.17423
24.870689
26.624117
26.046555
26.05476
25.32905
25.62624
25.632175
25.30732
22.149741
22.349666
22.13798
22.363627
21.502169
21.295549
21.49527
21.301338
22.17551
22.390398
22.394371
22.172231
21.516839
21.311964
21.31346
21.51503
20.468646
20.66018
20.465564
20.663737
19.937404
19.749048
19.93526
19.750985
20.474619
20.669862
20.670771
20.473826
19.941337
19.75396
19.754487
19.940764
19.109778
19.245968
19.10838
19.247471
19.112188
19.249663
19.250093
19.111781
16.568649
16.412644
16.283351
16.163208
16.568027
16.410907
16.285028
16.163773
16.877448
16.734884
16.73466
16.876782
16.412937
16.569507
16.164326
16.284709
16.285306
16.164526
16.569289
16.412325
15.372475
15.372822
15.791805
15.65012
16.044298
15.908781
15.909326
16.044491
15.649944
15.791276
15.37304
15.373021
15.523764
14.187872
14.187556
14.012046
13.80053
14.01246
14.534432
14.383785
14.534401
14.383824
14.188067
14.188122
13.801256
14.013019
14.013079
13.009135
12.852764
12.852403
24.507709
24.54844
26.569546
26.030268
20.945356
26.027232
25.624164
25.320561
24.773992
25.607469
25.211054
24.898031
24.431451
24.478082
26.56979
25.995032
26.56856
26.567062
25.955208
25.300643
25.562275
24.776346
24.874391
25.509399
25.212657
23.561677
23.37638
23.369488
23.048666
23.533077
23.306523
23.344072
23.077777
23.98762
23.735863
23.955645
24.254762
24.106479
24.120097
24.191977
24.295575
24.154793
23.710503
23.910473
23.92622
23.366586
23.533005
23.34766
23.055377
23.510686
23.310023
23.327658
21.485543
21.275216
21.47731
21.282261
22.142149
22.346662
22.35855
22.132091
21.487681
21.280725
21.285003
21.482236
19.910575
19.721476
19.90803
19.723741
20.447303
20.641522
20.643354
20.445996
19.913956
19.726912
19.72703
19.913642
18.734563
18.563653
18.56252
18.400236
18.267871
18.401432
18.733215
18.559973
18.561242
18.403731
18.269024
18.402644
19.084067
18.923256
19.222426
19.222196
19.084359
18.923594
18.564545
18.737274
18.565173
18.27199
18.405978
18.405663
18.404601
18.271544
18.405232
18.737655
18.565869
18.565583
17.584566
17.449616
17.448762
17.31077
17.179256
17.311589
17.583632
17.447009
17.447862
17.313291
17.180098
17.312459
17.83937
17.709929
17.83999
18.128605
17.979366
17.978997
17.977908
18.128148
17.978532
17.710408
17.840844
17.840463
17.450361
17.586816
17.450972
17.182741
17.315548
17.315128
17.314023
17.182239
17.314632
17.587302
17.451874
17.451463
16.696141
16.840576
16.839821
16.695392
16.529764
16.372859
16.242035
16.120652
16.529029
16.370771
16.244066
16.121331
17.074003
16.956142
16.955697
16.954581
17.073497
16.955185
16.841267
16.698167
16.698688
16.842833
16.373533
16.53178
16.123805
16.246343
16.244731
16.123271
16.532308
16.375143
15.60089
15.744933
15.86217
15.999326
15.600288
15.74313
15.864032
15.999984
15.318865
15.472891
15.472283
15.319453
15.745555
15.602705
16.002426
15.86627
15.864667
16.001893
15.603233
15.747147
15.32059
15.320036
15.474054
14.463915
14.309427
14.309002
14.464386
14.108755
14.10838
13.926867
13.708
13.927104
14.465329
14.309862
14.464865
14.310286
14.109141
14.109517
13.708426
13.928208
13.92795
12.733835
12.894067
12.732699
27.921021
28.83276
22.914666
23.078292
12.892028
12.727857
12.729177
28.239529
28.551574
23.042663
22.97798
23.040594
25.514899
25.195556
25.511904
25.240268
24.748931
26.628408
26.013572
26.628621
26.045368
25.207213
25.559097
24.823857
25.599558
25.260728
22.131257
22.351542
22.139425
22.342337
21.490107
21.295653
21.495624
21.290843
22.134797
22.355762
22.347991
22.141465
21.489841
21.292963
21.289912
21.493631
20.462293
20.659836
20.465142
20.656615
19.932639
19.748483
19.934716
19.74658
20.460263
20.656201
20.654705
20.461425
19.93052
19.744866
19.744476
19.931042
19.1063
18.946102
19.245359
19.107749
19.243823
19.104308
19.241936
19.241799
19.104391
16.566638
16.409488
16.284096
16.16262
16.567413
16.411692
16.281942
16.161898
16.873137
16.730126
16.729758
16.872049
16.408878
16.56482
16.159678
16.280072
16.281334
16.160099
16.564436
16.40765
15.370848
15.370234
15.788207
15.646058
16.039732
15.904301
15.905636
16.040162
15.645607
15.786858
15.369142
15.369659
15.519789
14.186074
14.186562
14.012153
13.800196
14.011727
14.531086
14.381121
14.531568
14.380657
14.185599
14.185155
13.7991
14.010086
14.010452
13.008779
12.853069
12.853054
24.368195
24.322841
26.568452
25.90281
25.963751
25.421486
25.145526
24.787069
25.499604
25.239516
24.709463
24.503124
24.495768
26.569577
26.018815
26.56669
26.003086
25.247834
25.597405
24.841431
24.804636
25.582223
25.265138
23.45243
23.290723
23.277137
23.458469
23.293687
23.280159
23.006055
23.920323
23.734801
23.95869
24.318412
24.172848
24.17508
24.119314
24.30782
24.162273
23.749828
23.972955
23.972948
23.316085
23.528493
23.340626
23.046659
23.543671
23.361274
23.355508
21.469449
21.269896
21.468765
21.270526
22.135581
22.361553
22.350648
22.1453
21.485552
21.289619
21.284156
21.491957
19.913038
19.7263
19.912491
19.726845
20.449846
20.648556
20.645302
20.452566
19.917547
19.732146
19.730793
19.919149
18.73899
18.567634
18.567002
18.406278
18.273025
18.406649
18.738487
18.566144
18.566504
18.407745
18.273507
18.40714
19.088012
18.927154
19.227006
19.226148
19.088766
18.927815
18.568344
18.741146
18.569026
18.275739
18.409728
18.409521
18.408411
18.275302
18.409043
18.741728
18.569795
18.569553
17.588922
17.453573
17.453099
17.315939
17.183977
17.316342
17.588476
17.452258
17.452658
17.317239
17.184409
17.316778
17.843106
17.713484
17.843589
18.13225
17.982677
17.982547
17.981667
18.131851
17.98218
17.713798
17.844038
17.843928
17.454044
17.590331
17.45445
17.18589
17.318375
17.318327
17.317692
17.185659
17.318077
17.590622
17.454782
17.45472
16.700411
16.844503
16.844084
16.699992
16.843251
16.53405
16.376821
16.246786
16.125156
16.533632
16.375582
16.248014
16.125564
17.0771
16.95876
16.958749
16.958223
17.076886
16.958552
16.844892
16.701499
16.701667
16.845389
16.377176
16.535108
16.126644
16.248712
16.248357
16.126524
16.535264
16.377563
15.604969
15.748759
15.866718
16.003778
15.604581
15.747593
15.867903
16.004181
15.322793
15.476624
15.476287
15.323119
15.749056
15.605798
16.005215
15.868471
15.868211
16.005107
15.605874
15.749287
15.323555
15.323382
15.477082
14.467163
14.312127
14.311928
14.4674
14.111076
14.110928
13.928781
13.708661
13.928889
14.467652
14.312257
14.46757
14.3123
14.111156
14.111149
13.708158
13.928619
13.928823
12.72321
12.887491
12.721439
22.917792
28.540268
28.555419
23.030894
23.030651
12.883634
12.712978
12.715361
28.236444
27.874012
22.968473
22.979164
22.915995
25.654192
25.293087
25.593527
25.229939
24.854861
26.62905
25.993312
26.628401
26.011957
25.215875
25.525847
24.795619
25.549424
25.239096
22.15383
22.37152
22.155037
22.370188
21.501016
21.299688
21.50177
21.299042
22.137635
22.345633
22.351162
22.132483
21.490756
21.286825
21.290169
21.486966
20.463836
20.659783
20.464281
20.659313
19.932007
19.745918
19.932417
19.745514
20.458648
20.651206
20.653432
20.456707
19.928276
19.74094
19.742119
19.926953
19.104288
18.943966
19.24235
19.10467
19.241962
19.101782
19.238405
19.239282
19.100976
18.940872
16.563162
16.406297
16.279751
16.158651
16.563512
16.40734
16.27871
16.158303
16.870354
16.72742
16.727204
16.405934
16.562087
16.157212
16.277938
16.278363
16.157354
16.561889
16.405455
15.367228
15.517573
15.517882
15.366929
15.7852
15.643366
16.037302
15.902345
15.902624
16.037426
15.643289
15.784965
15.366517
15.366681
15.51713
14.183341
14.183534
14.009229
13.797963
14.009027
14.528787
14.378573
14.528874
14.37851
14.183216
14.18318
13.797945
14.008933
14.008811
13.00921
12.856019
12.855291
24.499879
24.516363
26.567595
26.004535
25.992909
25.586225
25.311072
24.836357
25.566926
25.258898
24.87953
24.326857
24.410298
26.575147
25.97961
20.946571
26.574315
25.932867
25.292067
25.529204
25.454188
25.087072
23.555227
23.357448
23.366515
23.072671
23.552664
23.363643
23.366205
23.952314
23.679765
23.895903
24.153317
23.992116
24.025116
24.156407
24.22857
24.091126
23.631006
23.809031
23.838866
23.333524
23.480204
23.297869
22.966114
23.009277
23.438918
23.244357
23.263049
21.493931
21.294624
21.498155
21.290778
22.111743
22.308382
22.324013
22.098935
21.468572
21.262922
21.268983
21.461345
19.917898
19.732399
19.91965
19.730811
20.439821
20.630483
20.634266
20.436523
19.90973
19.721413
19.723509
19.907413
18.740288
18.566821
18.56811
18.409574
18.275212
18.409019
18.741307
18.569655
18.569085
18.40686
18.274318
18.408086
19.082229
18.92166
19.218431
19.220058
19.080712
18.920246
18.565366
18.73588
18.563919
18.269366
18.401962
18.402889
18.405478
18.270525
18.404102
18.734551
18.561686
18.562649
17.589276
17.452457
17.453385
17.318176
17.185263
17.317711
17.590026
17.454587
17.454114
17.316101
17.18457
17.317001
17.840374
17.709228
17.839222
18.126115
17.975791
17.976623
17.978888
18.127225
17.97769
17.708235
17.837389
17.838194
17.451421
17.586175
17.450384
17.180858
17.312455
17.313184
17.315098
17.181743
17.314093
17.585212
17.448704
17.44945
16.700374
16.843283
16.84409
16.701008
16.845176
16.533958
16.375517
16.248484
16.125949
16.534587
16.377336
16.246703
16.125353
17.072178
16.953232
16.953922
16.955692
17.073042
16.954766
16.842388
16.697833
16.697027
16.83999
16.374671
16.531447
16.12225
16.243627
16.245877
16.123004
16.530647
16.37237
15.604609
15.747409
15.868237
16.004517
15.605161
15.749053
15.866557
16.003933
15.322376
15.475248
15.321743
15.746662
15.602464
16.000904
15.863671
15.86579
16.001642
15.601766
15.744592
15.320346
15.32105
14.466258
14.310144
14.310772
14.465643
14.10874
14.109402
13.927319
13.705328
13.926668
14.464297
14.309466
14.464976
14.308777
14.108029
14.107307
13.702691
13.92363
13.924386
12.704891
12.874616
12.702007
22.959443
27.897285
27.73622
22.897487
22.87835
12.867987
12.689647
12.692784
27.8558
27.616305
22.891956
22.835732
22.873635
22.805892
25.54862
25.184339
24.802259
25.567247
25.245963
26.630573
26.017052
26.056
25.183015
25.563616
24.918082
24.748423
25.62621
25.348349
22.127794
22.338768
22.12608
22.339891
21.484973
21.283344
21.482762
21.285486
22.151592
22.37803
22.366493
22.160935
21.50128
21.304174
21.29978
21.506484
20.456908
20.649405
20.455295
20.651152
19.927618
19.740476
19.92632
19.741697
20.465691
20.663877
20.660969
20.468305
19.934271
19.749781
19.74787
19.93631
19.101947
18.941869
19.238284
19.100932
18.940893
19.239338
19.106861
19.246133
19.244497
19.108428
18.948055
16.563256
16.407726
16.278171
16.157948
16.562553
16.405679
16.280198
16.158628
16.873058
16.731602
16.874166
16.732659
16.876187
16.408739
16.566264
16.162491
16.284192
16.281194
16.161487
16.567309
16.411774
15.367962
15.519326
15.518538
15.368742
15.788073
15.647403
16.042518
15.908353
15.905491
16.041531
15.648344
15.790888
15.370547
15.369621
15.521154
14.185697
14.18495
14.010103
13.800184
14.010764
14.53282
14.381743
14.531952
14.382607
14.186524
14.187392
13.802815
14.014161
14.013269
13.016993
12.866226
12.8642
24.359873
24.467884
26.572274
25.996074
25.936675
25.565607
25.367989
24.648652
25.46827
25.09398
24.404555
24.471284
26.570953
25.97862
20.943186
25.936452
25.358721
25.545246
24.757324
25.479922
25.197226
23.511297
23.354731
23.323957
22.997325
23.46091
23.251316
23.282458
23.996776
23.732521
23.952353
24.231277
24.088687
24.100108
24.20848
24.290291
24.150805
23.697088
23.894972
23.909612
23.359957
23.529018
23.342694
23.017124
23.049225
23.500119
23.303602
23.319366
21.469028
21.263422
21.462886
21.268164
22.133261
22.342174
22.349978
22.1276
21.479153
21.276012
21.276898
21.477508
19.906169
19.719378
19.905393
19.719988
20.441364
20.637228
20.636862
20.441925
19.909456
19.723748
19.722924
19.910264
18.732953
18.561441
18.561047
18.401391
18.267704
18.401184
18.73278
18.561103
18.560907
18.401655
18.267795
18.401298
19.081111
18.920499
19.219787
19.219
19.081874
18.921231
18.561995
18.734663
18.562631
18.269782
18.404065
18.403407
18.40217
18.269172
18.40277
18.735362
18.563982
18.563298
17.583702
17.448123
17.447942
17.311957
17.179386
17.311703
17.583698
17.448201
17.447954
17.311838
17.179344
17.311677
17.837308
17.707768
17.837791
18.126429
17.977417
17.976836
17.975772
18.125847
17.976281
17.708277
17.838881
17.838322
17.448444
17.584682
17.448855
17.180552
17.313443
17.31297
17.312137
17.180129
17.312526
17.585169
17.449813
17.44932
16.69551
16.839243
16.839152
16.695599
16.529085
16.371486
16.243142
16.120817
16.529195
16.371879
16.242727
16.120674
17.071797
16.953849
16.953438
16.952733
17.071392
16.953057
16.839465
16.696082
16.696433
16.371643
16.529573
16.121286
16.243717
16.242871
16.121016
16.529894
16.372529
15.600163
15.743584
15.863193
15.999481
15.600352
15.744118
15.862682
15.999328
15.318116
15.318042
15.743658
15.600287
15.999872
15.863438
15.86277
15.99962
15.600476
15.744278
15.318182
15.318072
14.461906
14.306091
14.306292
14.461733
14.104356
14.10461
13.921795
13.699076
13.921378
14.461643
14.30598
14.461652
14.305942
14.10419
14.104095
13.697991
13.920581
13.920676
12.680812
12.857423
12.678123
22.562819
27.727847
27.869442
22.590921
22.668783
12.852344
12.66814
12.670526
26.653591
27.102505
22.066431
22.236138
22.328486
22.322901
25.544119
25.135865
25.621529
25.346957
26.630285
26.026239
26.059921
25.146837
25.568751
24.841341
24.711295
25.621558
25.275269
22.148518
22.373487
22.157673
22.361666
21.502069
21.304498
21.506144
21.301427
22.140715
22.360204
22.352815
22.146465
21.497598
21.300007
21.297904
21.50028
20.469235
20.665469
20.470136
20.66422
19.938268
19.752074
19.938539
19.751929
20.468274
20.663911
20.66279
20.469227
19.938228
19.752707
19.752082
19.938904
19.110951
18.950608
19.248507
19.110805
18.950421
19.248601
19.111545
19.249644
19.249121
19.112044
18.951724
16.570236
16.414192
16.285
16.16489
16.569717
16.412581
16.28664
16.165434
16.878849
16.736611
16.736842
16.879546
16.414531
16.571253
16.166691
16.287596
16.286986
16.166491
16.571467
16.415143
15.374375
15.525451
15.524989
15.374844
15.793714
15.652315
16.04671
15.911738
15.911173
16.046515
15.652496
15.794275
15.375501
15.525818
15.375217
14.191666
14.191164
14.016552
13.806965
14.01719
14.537685
14.387231
14.537396
14.387535
14.192072
14.192383
13.808468
14.018816
14.018546
13.026521
12.877081
12.876057
24.405052
24.411473
26.573312
25.989795
26.573172
25.96531
25.540207
25.196203
24.768189
25.515795
25.212201
24.551923
24.45628
26.570635
25.969853
26.569168
20.955232
26.042639
25.159245
25.530341
24.957201
24.734333
25.637539
25.390403
23.477747
23.300583
23.296068
23.007723
23.478203
23.297345
23.295836
23.902212
23.726584
23.944183
24.359821
24.240336
24.208704
24.091786
24.277444
24.1403
23.770342
24.024931
23.999465
23.31517
23.525254
23.34096
23.55951
23.380347
23.367864
21.473488
21.272295
21.47166
21.274057
22.140934
22.367068
22.356045
22.150181
21.489977
21.292805
21.288158
21.495534
19.913852
19.726185
19.912572
19.727392
20.45208
20.650522
20.647959
20.45414
19.918615
19.732284
19.731513
19.91962
18.738412
18.566911
18.566192
18.404747
18.271744
18.405453
18.737598
18.564692
18.565434
18.406825
18.272412
18.406163
19.087634
18.926571
19.226295
19.225989
19.087845
18.926707
18.5675
18.740291
18.567848
18.273678
18.407203
18.407609
18.407351
18.273741
18.407643
18.740355
18.567451
18.567852
17.587222
17.451658
17.451276
17.313926
17.181916
17.3144
17.586733
17.450318
17.450815
17.315189
17.182325
17.314834
17.841402
17.71129
17.841538
18.130024
17.979752
17.980152
17.980097
18.130112
17.980261
17.71116
17.841031
17.841418
17.451909
17.588001
17.451981
17.182764
17.315004
17.315334
17.315418
17.182905
17.315474
17.587864
17.451495
17.451841
16.697914
16.841996
16.697581
16.531239
16.373696
16.244047
16.122191
16.530943
16.372872
16.244841
16.122444
17.073892
16.955087
16.955371
16.955486
17.074028
16.955508
16.842169
16.698342
16.698219
16.373809
16.531565
16.122583
16.244597
16.24495
16.12271
16.531418
16.373426
15.601325
15.745135
15.863709
16.000724
15.601143
15.744535
15.864344
16.000962
15.319137
15.319258
15.745206
15.601464
16.001084
15.86407
15.864419
16.001206
15.601342
15.744885
15.319289
15.319312
15.472925
14.462021
14.306205
14.306193
14.462049
14.104034
14.104072
13.920473
13.697149
13.920438
14.461941
14.306169
14.462025
14.306078
14.103951
14.103818
13.696532
13.919969
13.920146
12.662478
12.845005
12.663427
21.731322
3.3462368
13.143986
30.217688
19.608475
21.789454
12.83931
12.660934
12.669113
11.477284
13.526134
13.513626
19.683093
17.305541
25.573349
25.278185
25.591241
25.262061
24.846652
26.629661
26.03599
25.985128
25.310834
25.589059
24.868015
25.517329
25.177763
22.160837
22.376849
22.160966
22.376637
21.509085
21.307113
21.508887
21.307378
22.149983
22.360685
22.363335
22.147949
21.503613
21.301808
21.303025
21.502312
20.472931
20.667968
20.472656
20.668266
19.941325
19.754709
19.941152
19.754848
20.47075
20.664702
20.665791
20.469684
19.939526
19.752069
19.753087
19.9385
19.113439
18.952981
19.25114
19.113416
18.952978
19.251189
19.111697
19.248449
19.24945
19.110704
18.950276
16.571308
16.414465
16.28762
16.166714
16.571547
16.415172
16.286931
16.16648
16.878517
16.735365
16.734799
16.876862
16.413984
16.569853
16.164701
16.285055
16.286471
16.165179
16.569284
16.412472
15.37552
15.525832
15.526114
15.375242
15.793221
15.651096
16.044787
15.909424
15.91064
16.045238
15.65071
15.792093
15.374555
15.374907
15.525133
14.192379
14.192575
14.019101
13.809159
14.019038
14.536974
14.387264
14.537257
14.387014
14.192144
14.1919
13.808783
14.018459
14.018597
13.030692
12.882759
12.882234
24.468375
24.43409
26.565461
25.931262
26.566941
26.569689
25.969562
25.482256
25.273503
25.532343
25.341154
24.333323
24.539748
26.570383
26.051838
26.568798
20.941795
25.937001
25.37585
25.643054
24.264068
24.940181
25.457078
24.662029
23.536276
23.364402
23.355546
23.069411
23.54115
23.373092
23.358805
23.066588
24.014831
23.736717
23.972926
24.153776
23.817521
24.022876
24.228831
24.343429
24.188081
23.621626
23.673379
23.833113
23.362353
23.519719
23.323229
22.967788
23.02405
23.427131
23.177736
23.249625
21.493608
21.294921
21.498894
21.289872
22.105668
22.291404
22.319956
22.082872
21.460782
21.251243
21.2614
21.448439
19.914635
19.729861
19.917343
19.727419
20.434085
20.622175
20.628045
20.429174
19.905317
19.71683
19.719507
19.902288
18.736718
18.563259
18.564356
18.406443
18.271616
18.405433
18.738028
18.566656
18.565563
18.4034
18.270641
18.404351
19.07934
18.919548
19.215182
19.216877
19.078031
18.918945
18.562426
18.733951
18.561735
18.267729
18.39771
18.400992
18.4027
18.268733
18.402106
18.732866
18.556941
18.560459
17.585751
17.449523
17.449894
17.314532
17.181526
17.314006
17.586336
17.45099
17.450417
17.313208
17.1811
17.313534
17.83807
17.707829
17.837764
18.124694
17.972361
17.975173
17.976452
18.125594
17.976079
17.7071
17.834382
17.836957
17.449321
17.584855
17.449136
17.179902
17.310124
17.312209
17.313036
17.18052
17.312856
17.584202
17.446298
17.448497
16.696997
16.840719
16.697286
16.530152
16.372426
16.244309
16.1218
16.530447
16.373115
16.243689
16.121584
17.071406
16.95278
16.953374
16.95363
17.071827
16.953544
16.840715
16.696885
16.696548
16.839274
16.372424
16.529906
16.121038
16.241352
16.243695
16.121458
16.529404
16.370072
15.600554
15.744201
15.863821
16.000353
15.600712
15.744657
15.863308
16.000156
15.318527
15.31849
15.744191
15.600445
15.999655
15.861304
15.863304
16.000047
15.600418
15.742777
15.318607
15.318548
15.47255
14.461035
14.305052
14.305173
14.460928
14.102611
14.102753
13.919333
13.694941
13.919165
14.460759
14.304952
14.460861
14.304813
14.102511
14.102404
13.69445
13.919195
13.91911
12.648004
12.836594
12.64684
21.477932
26.518934
26.127953
21.981226
21.815238
12.834012
12.645146
12.645228
27.130831
26.554646
21.451403
21.710253
25.706422
25.310691
25.65593
25.240218
24.872939
26.62143
25.93687
26.052504
25.167455
25.452716
25.583076
25.225464
22.155424
22.370933
22.154578
22.372173
21.502876
21.301295
21.502836
21.301154
22.146961
22.355087
22.36021
22.142347
21.499693
21.296421
21.298856
21.496708
20.466731
20.662548
20.467261
20.662078
19.935088
19.749202
19.93567
19.748643
20.466435
20.660179
20.661434
20.465474
19.935599
19.74898
19.74938
19.935157
19.107513
18.947275
19.24561
19.107923
18.947614
19.245153
19.108747
19.246198
19.246265
19.108915
18.949822
16.568664
16.413005
16.28482
16.164103
16.56843
16.412205
16.285652
16.164378
16.878138
16.736334
16.736572
16.878377
16.413743
16.570595
16.166285
16.285494
16.286371
16.16621
16.570649
16.412915
15.374278
15.525479
15.374751
15.793381
15.652179
16.046395
15.909987
15.910698
16.046314
15.652561
15.793195
15.375906
15.37535
15.526823
14.192034
14.191734
14.018518
13.808761
14.018762
14.537797
14.387552
14.537483
14.387818
14.192383
14.192675
13.809646
14.020398
14.020014
13.032123
12.887954
12.887363
11.966008
13.274905
11.994616
13.272289
11.996369
13.269918
11.996373
21.05456
13.273885
11.99399
21.056416
13.27639
12.00327
13.275138
11.993881
21.051392
13.277213
11.985443
21.051622
13.285231
11.99406
13.290268
12.000246
13.290664
11.917338
11.894525
13.43394
13.440729
13.172951
7.6168315
13.179367
11.983692
13.534436
13.532292
13.272982
11.881961
11.870991
13.441848
13.44616
13.180408
13.184016
11.994269
21.051724
13.531573
13.528835
13.269816
11.86987
11.871074
13.445961
13.440365
13.183693
13.177229
11.994224
21.052176
13.52888
13.531678
13.273225
11.870493
20.945379
11.891899
13.439306
13.4343
13.176021
13.16968
11.985105
21.052372
13.532258
13.534222
13.276457
11.880811
20.952111
11.880785
20.948706
13.434079
13.433615
13.169226
13.166921
11.986937
21.050139
13.534054
13.532155
13.275201
11.864286
20.942604
11.870969
20.945224
13.433476
13.430673
13.166491
13.161454
11.993774
21.050977
13.531985
13.532617
13.276583
11.87144
11.888251
20.952508
13.429883
13.42256
13.160327
13.15067
11.987045
21.052656
13.533136
13.539354
13.284196
11.887962
11.877012
20.946649
13.421598
13.417407
13.149374
13.142801
11.993455
21.054588
13.540269
13.544213
13.289973
11.877355
11.869892
13.417054
13.414177
13.14213
13.137906
11.997731
13.544395
13.543969
13.29062
11.870025
11.919567
13.413688
13.409536
13.137179
13.132868
11.963303
21.028216
13.543927
13.542979
13.29009
21.896871
22.44777
22.545914
21.844679
20.244726
20.812366
20.832887
20.231569
19.348711
19.356817
11.977317
23.711385
24.21348
24.243563
23.697954
17.744162
18.159053
18.160536
17.743325
17.111884
17.111607
12.552197
13.275839
12.550492
21.933497
22.54145
21.914604
22.574094
20.272887
20.856079
20.264922
20.865803
19.371628
19.378347
11.994392
21.05314
23.701907
24.344442
23.775711
24.247453
17.737394
18.15651
17.739665
18.154054
17.106465
17.104224
12.560137
13.270609
12.567486
21.900817
22.551424
21.917302
22.519794
20.263323
20.858316
20.268644
20.851146
19.377107
19.373165
11.978149
23.771384
24.2408
23.704297
24.360304
18.945046
18.944664
17.735969
18.152158
17.735667
18.152472
17.102618
17.102939
12.578794
13.270876
12.584612
21.882458
22.569886
21.920895
22.505189
20.247455
20.849082
20.257338
20.833421
19.366003
19.360237
11.985342
23.763239
24.202608
23.672092
24.330795
18.950585
18.946909
17.740507
18.154475
17.738042
18.157305
17.10513
17.107147
12.592153
13.275604
12.59514
21.92639
22.526884
21.895204
22.573876
20.259972
20.8386
20.250626
20.853095
19.361775
19.367056
11.994066
21.052271
23.678722
24.274572
23.726574
24.216103
17.736387
18.15595
17.739265
18.152757
17.10606
17.103586
12.596032
13.275849
12.59377
21.89832
22.520842
21.896118
22.523123
20.259535
20.845162
20.257909
20.846798
19.368707
19.370313
11.990963
21.052945
23.74693
24.287303
23.741873
24.314124
18.94332
18.944441
17.7339
18.151567
17.734944
18.150497
17.101762
17.100732
12.588593
13.275259
12.584465
21.919364
22.575155
21.933691
22.560754
20.262232
20.862237
20.268455
20.853396
19.374142
19.370289
11.996346
23.684896
24.261748
23.705708
24.218467
17.734632
18.148472
17.732279
18.150981
17.099677
17.101835
12.581176
13.2798
12.593749
21.907307
22.497532
21.880638
22.550857
20.253067
20.835122
20.249663
20.842589
19.362468
19.363474
12.001649
21.058648
23.678403
24.371416
23.789856
24.193595
18.950003
17.741472
18.156924
17.740211
18.158033
17.106969
17.108433
12.600781
13.287837
12.614205
21.90393
22.524275
21.898133
22.530135
20.26149
20.845154
20.257245
20.850029
19.367559
19.370696
11.993782
23.754777
24.303727
23.749975
24.314867
17.742419
18.159631
17.742875
18.159305
17.10959
17.108984
12.634334
13.290659
12.642668
21.919333
22.578695
21.935933
22.565292
20.25831
20.862698
20.267789
20.849999
19.372063
19.366406
11.985788
21.0525
23.754154
24.286346
23.736732
24.326878
17.739018
18.155347
17.738841
18.155192
17.106146
17.106737
12.650393
13.291228
12.651077
11.874462
20.9483
11.865051
22.633853
22.900362
22.757356
22.736653
23.018772
23.068499
22.768368
21.677935
21.027432
21.051586
21.635521
21.906976
22.538085
22.557464
21.911825
21.687138
21.071693
21.058094
21.695993
20.069587
19.519238
19.528098
20.05787
20.248695
20.852397
20.838636
20.261282
20.073109
19.540611
19.530593
20.085083
19.368481
19.359065
13.43709
13.437788
12.478137
13.175932
12.494773
13.633452
13.672047
13.176604
12.498328
12.496454
23.04226
13.669302
13.670741
24.374636
24.712676
24.419468
24.765803
11.999734
21.058963
24.601653
24.962408
24.447358
23.516718
23.50394
22.748472
23.032782
22.767824
23.732355
24.407253
24.271726
23.80858
23.534754
23.594614
22.802329
22.778041
21.936682
22.550697
22.566917
21.920731
21.72042
21.08572
21.096242
21.705699
21.941389
22.594044
22.57564
21.948278
21.724178
21.09941
21.097995
21.728989
20.287275
20.867978
20.877217
20.281518
20.11154
19.565031
19.568597
20.106511
20.287604
20.879374
20.878515
20.287543
20.11164
19.567423
19.568189
20.111394
18.767597
18.301729
18.303355
18.764466
19.393871
19.397001
18.766685
18.300204
18.302327
18.765049
19.395556
19.396483
17.621759
17.219045
17.219498
17.621203
17.743032
18.157188
18.159464
17.740393
17.620613
17.215271
17.218319
17.617867
17.107315
17.110434
13.535303
13.534598
23.396535
13.70348
13.722144
13.275192
12.557828
12.551957
13.715433
13.714947
11.872468
20.947181
24.764669
24.868257
11.872203
22.741087
23.025691
23.072792
22.779669
22.770145
23.062629
23.075691
22.783729
21.714972
21.075287
21.698991
21.08599
21.937142
22.565191
22.578561
21.926448
21.718082
21.081648
21.087776
21.708583
20.096269
19.543869
20.088648
19.550768
20.273963
20.86213
20.867312
20.270954
20.09729
19.550458
19.551743
20.094816
19.378325
19.379325
13.444776
13.445444
12.498572
13.183067
12.497566
13.669499
13.670909
13.183635
12.495617
12.497058
13.673198
13.67084
22.963613
24.528321
24.878049
24.427513
11.994092
21.052382
24.423969
24.776463
24.44132
24.797257
23.503458
23.568997
22.790983
23.084354
23.034643
22.748713
23.70573
24.244129
24.258676
23.69977
23.504874
23.501668
22.746965
22.744769
21.920428
22.584995
21.943488
22.548239
21.705343
21.096963
21.725006
21.084669
21.915783
22.546245
22.543672
21.917303
21.701033
21.080859
21.081539
21.701928
20.279151
20.877265
20.286149
20.866686
20.103987
19.566549
20.11017
19.562102
20.277173
20.862888
20.863907
20.275627
20.102202
19.559168
19.560743
20.100602
18.761421
18.299538
18.764387
18.296981
19.394757
19.390715
18.945977
18.944611
18.760476
18.295007
18.296182
18.75916
19.387928
19.38946
17.614873
17.214446
17.617116
17.212219
17.736731
18.152166
18.153297
17.735697
17.614231
17.210655
17.211621
17.613219
17.102672
17.103633
13.529806
13.529396
22.880232
13.717156
13.722727
13.270236
12.576614
12.569728
23.210764
13.732003
13.725351
23.094186
11.895066
24.852119
24.6374
11.880695
20.951124
22.755025
23.046175
22.995683
22.715972
22.782206
23.080173
23.008804
22.726368
21.687315
21.077085
21.700822
21.068904
21.904879
22.573111
22.528337
21.92384
21.69027
21.07201
21.069524
21.703512
20.087884
19.549101
20.092825
19.544962
20.262538
20.85172
20.851265
20.259647
20.08694
19.539701
19.543789
20.083525
19.367831
19.371968
13.444255
13.443397
12.495779
13.181619
12.493886
13.678819
13.677258
13.180651
12.483094
12.489951
13.658095
13.673284
23.019016
24.416915
24.763423
24.554111
11.990062
24.385143
24.738945
24.513713
24.869796
23.561085
23.507627
22.753941
23.07226
22.777928
23.755109
24.206926
24.326654
23.672086
23.548403
23.477432
22.733209
23.01581
23.064265
22.771526
21.930035
22.552803
21.921687
22.571597
21.711908
21.082697
21.705562
21.085559
21.926996
22.535155
22.56621
21.912861
21.709456
21.080873
21.084389
21.699039
20.277395
20.864308
20.276242
20.866543
20.102016
19.559357
20.101061
19.559951
20.277052
20.863427
20.86566
20.27692
20.101777
19.56061
19.559892
20.101985
18.759555
18.295008
18.759195
18.29533
19.388067
19.388587
18.945086
18.946001
18.759618
18.296508
18.295442
18.760582
19.389356
19.388562
17.613484
17.210605
17.613182
17.210921
17.736137
18.153693
18.152598
17.737314
17.613666
17.21242
17.211142
17.614869
17.104466
17.103171
13.529637
13.530064
13.734576
13.743699
13.271379
12.590937
12.586379
23.178575
13.757563
13.747595
11.891822
24.691182
11.887599
20.951536
22.778716
23.076163
22.703553
22.70184
22.985029
22.962856
22.682882
21.668575
21.069276
21.700598
21.050673
21.871442
22.50345
22.487053
21.881013
21.659442
21.050045
21.045622
21.667328
20.072651
19.53779
20.081324
19.531509
20.245074
20.832955
20.829278
20.247277
20.070628
19.531381
19.530162
20.072512
19.360093
19.359027
13.436456
13.435713
12.481661
13.172662
12.478008
13.655961
13.652196
22.827527
13.171727
12.473606
12.476897
13.64735
13.651292
22.942529
24.378641
24.729459
24.516485
11.986719
21.052317
24.517372
24.87146
24.549071
24.900293
23.558146
23.477931
22.734236
22.78534
23.789769
24.3317
24.363171
23.763961
23.58206
23.558848
22.78621
23.077791
23.095353
22.800933
21.941256
22.536323
21.91446
22.580597
21.723209
21.082567
21.700722
21.096021
21.949197
22.5815
22.594072
21.942023
21.729772
21.096288
21.099708
21.723863
20.285855
20.865066
20.278326
20.876534
20.109997
19.56172
20.10331
19.566676
20.287723
20.876687
20.879599
20.285762
20.11162
19.566439
19.567816
20.109853
18.764919
18.297313
18.761458
18.300288
19.390407
19.394964
18.95139
18.950298
18.765668
18.299983
18.300909
18.764632
19.394709
19.395998
17.617945
17.213095
17.615583
17.215189
17.740992
18.156994
18.157888
17.740179
17.618402
17.21485
17.215574
17.617612
17.106808
17.107511
13.533734
13.534043
13.76117
13.766905
13.276
12.596309
12.595695
23.176301
13.767917
13.767795
11.871417
11.869754
20.944308
22.728862
23.016932
22.781741
22.733598
23.020886
23.070783
22.777042
21.706072
21.056835
21.679178
21.073761
21.926066
22.532504
22.570667
21.903393
21.706261
21.066003
21.074731
21.687888
20.083564
19.533272
20.075372
19.539084
20.261134
20.847652
20.85417
20.258962
20.084714
19.540481
19.540153
20.083424
19.368727
19.368093
13.433844
13.433817
12.472509
13.16824
12.469138
22.850227
13.645386
13.637853
13.16795
12.461673
12.467529
13.627804
13.635928
24.454149
24.803844
24.395027
11.995678
21.053063
24.471732
24.413007
24.765209
23.482919
23.526664
22.766547
23.018548
22.734616
23.692092
24.289231
24.233887
23.733759
23.494088
23.532193
22.767378
23.025344
22.739518
21.91166
22.564565
21.931888
22.535629
21.697661
21.091291
21.715389
21.079513
21.912634
22.564038
22.53925
21.927914
21.698128
21.085581
21.079147
21.710691
20.275851
20.872453
20.283027
20.862146
20.100962
19.56465
20.107433
19.559654
20.275184
20.866679
20.86165
20.277448
20.10028
19.559582
19.558972
20.101976
18.759645
18.298889
18.763368
18.295571
19.393061
19.388402
18.944395
18.944339
18.759001
18.294501
18.294938
18.758823
19.388111
19.387726
17.613949
17.214073
17.616736
17.211528
17.735769
18.15162
18.152129
17.735065
17.613333
17.209975
17.210916
17.612567
17.101985
17.102976
13.533205
13.532899
23.278881
13.767859
13.766289
13.275643
12.589924
12.592963
13.758377
13.764328
11.881377
20.952188
11.868089
20.945565
22.720465
23.006066
22.722147
22.776065
23.067762
23.026208
22.738268
21.68386
21.062821
21.681845
21.064493
21.906392
22.571251
22.536692
21.930542
21.690673
21.081491
21.068592
21.71161
20.084314
19.54034
20.082682
19.541961
20.261668
20.861085
20.850261
20.267976
20.08615
19.546375
19.543191
20.09143
19.374141
19.37141
13.432753
13.432378
12.459489
13.164848
12.451051
22.983242
13.623538
13.608925
13.164153
12.435069
12.447447
13.582117
13.603584
24.463551
24.805428
24.499736
12.000846
21.056865
24.439966
24.439469
24.784666
23.541851
23.540982
22.774655
22.770656
23.720164
24.257036
24.262753
23.703767
23.520835
23.503014
22.742448
22.76052
21.929343
22.570551
21.932112
22.566565
21.711885
21.08761
21.71424
21.086045
21.924338
22.540823
22.558132
21.910772
21.707614
21.075049
21.083306
21.695461
20.277057
20.868334
20.278313
20.8669
20.101432
19.559915
20.102665
19.558726
20.27542
20.857334
20.864515
20.270673
20.099966
19.554672
19.557623
20.095794
18.75777
18.294473
18.758883
18.29339
19.388367
19.387193
18.940427
18.756986
18.291156
18.292712
18.755082
19.383504
19.386173
17.611386
17.20977
17.612424
17.208739
17.73334
18.148399
18.149851
17.732166
17.610851
17.207421
17.208273
17.609762
17.099505
17.100287
13.531767
13.531824
13.757082
13.753438
22.997026
13.275435
12.581049
12.583352
22.915162
13.757491
13.752591
23.026023
11.870902
20.945973
11.868995
24.639202
24.852079
22.77983
23.070994
23.060766
22.766778
22.688064
23.03916
22.747407
21.700922
21.082966
21.71432
21.07303
21.907282
22.493302
22.543194
21.878784
21.690443
21.051986
21.066377
21.666666
20.086186
19.546432
20.091765
19.542252
20.258535
20.835315
20.847688
20.250231
20.082941
19.534434
19.539946
20.075535
19.363124
19.368195
13.42692
13.425811
12.430169
13.156368
12.411753
23.069853
13.574295
5.2797854
13.551605
13.154926
12.382274
12.404878
7.0986545
13.51949
13.543528
24.445598
24.394721
24.743726
12.001556
21.05857
24.563861
24.403875
23.489569
23.503874
22.740639
23.028934
22.741334
23.698059
24.375274
24.229752
23.793794
23.502535
23.583518
22.796525
23.092495
22.752392
21.915431
22.538708
21.908767
22.541878
21.70049
21.074003
21.693686
21.079939
21.922924
22.588831
22.552153
21.943276
21.707102
21.094908
21.084398
21.724031
20.274579
20.856487
20.270252
20.861986
20.099489
19.55453
20.095465
19.557887
20.277375
20.875136
20.865911
20.284151
20.102033
19.565095
19.559907
20.108293
18.757844
18.291214
18.755089
18.293784
19.383403
19.386604
18.759407
18.299085
18.295202
18.763607
19.393441
19.388505
17.612196
17.207582
17.609887
17.209776
17.735888
18.156135
18.152353
17.739421
17.613419
17.214192
17.21091
17.616882
17.10617
17.102944
13.535451
13.536403
13.767394
13.779712
23.897341
13.280857
12.596943
12.596656
13.782303
13.778613
23.92863
11.86688
20.942709
24.927633
11.867285
24.921299
22.693132
22.972153
23.0548
22.758375
22.731681
23.06063
22.764449
21.688781
21.052029
21.667916
21.061732
21.912001
22.531336
22.556835
21.902447
21.692925
21.064097
21.064416
21.686692
20.077549
19.533771
20.074915
19.535035
20.254562
20.845602
20.844894
20.256788
20.078862
19.538456
19.535965
20.081268
19.366754
19.364317
13.41929
13.418713
12.37385
13.146062
12.346571
22.733967
13.512189
13.497221
13.145145
12.308632
12.337258
13.505441
13.493879
24.560274
24.915367
24.362536
24.702636
12.001923
21.058714
24.489848
24.368714
23.487235
23.579704
22.793791
23.089291
22.746718
23.678485
24.307233
24.198082
23.747448
23.486101
23.543454
22.772807
23.06366
22.743555
21.924282
22.586542
21.942348
22.548518
21.709639
21.095093
21.723464
21.089239
21.921881
22.568968
22.54532
21.933323
21.707615
21.092612
21.088214
21.71653
20.283318
20.875479
20.284775
20.871188
20.108057
19.56585
20.108967
19.565961
20.28306
20.873999
20.870414
20.285317
20.107909
19.567656
19.566027
20.109939
18.765216
18.299873
18.764387
18.300925
19.394208
19.39453
18.950917
18.952248
18.765425
18.302276
18.301172
18.766693
19.396185
19.39464
17.618981
17.21499
17.617674
17.216421
17.741752
18.15934
18.158289
17.742664
17.619268
17.217494
17.216728
17.62014
17.109484
17.108747
13.542528
13.543094
13.776513
13.780002
23.097342
13.288517
12.630705
12.618491
13.792805
13.784254
11.876807
20.946718
24.754692
11.895314
22.72427
23.009941
23.014603
22.729821
22.784802
23.080727
23.028588
22.742767
21.689015
21.063136
21.683385
21.068209
21.911938
22.577575
22.541948
21.933896
21.695909
21.083331
21.0725
21.714545
20.085896
19.53925
20.081874
19.542599
20.263764
20.862527
20.85368
20.268296
20.08785
19.545413
19.543865
20.091395
19.372921
19.371801
13.415929
13.415503
12.299017
13.140665
12.237908
13.507456
13.734258
13.140232
12.250762
12.203667
21.726587
13.508856
13.931818
24.483976
24.831786
24.496811
11.980341
21.050302
24.407536
24.748557
24.508433
23.55045
23.547692
22.779392
23.069992
23.070061
22.778883
23.748852
24.235224
24.320313
23.706928
23.543182
23.512024
22.761322
22.772116
21.93809
22.575342
21.937834
22.574734
21.720902
21.09478
21.720344
21.095748
21.934716
22.560499
22.568735
21.930261
21.71822
21.091091
21.094405
21.714239
20.28709
20.875791
20.286392
20.876743
20.111457
19.568311
20.11087
19.568584
20.286365
20.872433
20.875643
20.283345
20.110784
19.56504
19.567974
20.107793
18.767009
18.302597
18.76711
18.302321
19.39678
19.396966
18.766411
18.299056
18.301718
18.763627
19.393444
19.396361
17.619835
17.217617
17.620328
17.217029
17.741835
18.156108
18.158704
17.739473
17.61926
17.214491
17.216483
17.616986
17.106561
17.108452
13.544439
13.544331
23.405284
13.796035
13.806234
13.290668
12.649295
12.64467
13.82277
13.81049
11.87978
20.950572
24.91065
24.848626
11.859409
22.784552
23.077614
23.068146
22.773158
22.640681
22.90706
23.058858
22.759203
21.699824
21.083844
21.716269
21.070002
21.904869
22.45444
22.549449
21.850773
21.686813
21.034299
21.061426
21.641683
20.082188
19.544575
20.090756
19.538305
20.253819
20.819501
20.842666
20.239248
20.078385
19.526958
19.536008
20.065627
19.356355
19.364453
13.412372
13.412067
12.256374
13.135667
12.257275
13.461103
13.43434
13.135327
12.241203
12.256131
13.374784
13.425787
22.127839
24.464901
24.810989
24.51519
11.989583
21.055857
24.401845
24.747546
24.406234
24.744558
23.548502
23.535501
22.77041
23.060011
23.067553
22.776016
23.711702
24.23463
24.235117
23.701422
23.517757
23.503308
22.742774
22.766609
21.93327
22.567023
21.932046
22.571208
21.715731
21.090754
21.715203
21.089876
21.931062
22.544825
22.564473
21.915252
21.714196
21.080348
21.089389
21.700322
20.280868
20.871884
20.282466
20.870719
20.105228
19.564044
20.106859
19.5626
20.280943
20.86256
20.870416
20.276019
20.105399
19.55967
19.563009
20.10102
18.762
18.298252
18.762724
18.297952
19.392449
19.391115
18.948056
18.945864
18.762708
18.296871
18.298707
18.759472
19.388577
19.391575
17.616671
17.214035
17.616399
17.214565
17.739807
18.154251
18.155974
17.738641
17.617459
17.214417
17.215335
17.616541
17.107265
17.107485
13.544298
13.544544
23.412555
13.827091
13.84244
13.291503
12.63557
12.650063
22.487381
13.810268
13.84651
23.224013
26.348841
21.090198
11.997777
26.348979
14.713318
14.860996
14.86241
14.712031
13.001407
13.276406
21.059306
26.317524
12.002013
26.318859
14.706335
14.856035
14.707214
14.85514
13.000906
13.271652
21.05724
26.316315
12.00111
26.315014
14.70327
14.851997
14.703238
14.852028
13.000724
13.270135
26.316671
21.058372
12.001622
26.315383
14.706179
14.854486
14.705707
14.854969
13.006195
13.27452
21.058171
26.316685
12.001352
26.317605
14.705759
14.855032
14.706264
14.854506
13.009497
13.276247
21.053244
26.31607
11.991154
26.314725
14.702069
14.851067
14.702401
14.850727
13.008491
13.275123
21.051738
26.316062
11.993984
26.315815
14.702149
14.850244
14.701681
14.850709
13.011061
13.277969
21.051218
26.316152
11.982909
26.315226
14.70837
14.856314
14.707696
14.856989
13.020861
13.28619
26.315131
21.050814
11.981365
26.314711
14.710308
14.858988
14.710392
14.858898
13.028831
13.290474
21.054704
26.319132
11.990293
26.317257
14.708873
14.857307
14.708796
14.857393
13.031267
13.290777
20.974573
26.275815
11.874406
26.308346
20.955562
26.234564
11.893049
26.23654
15.127216
14.944414
14.946307
15.125454
15.131037
14.951192
14.949958
15.132319
14.63561
14.785908
14.787803
14.633851
13.706499
13.435693
14.639406
14.792741
14.791531
14.6406
13.439639
13.712813
12.902231
13.174777
14.146313
4.7419399
30.564387
13.178348
12.910063
28.084707
28.273273
21.050383
26.317044
11.98137
26.318731
15.196075
15.016575
15.01798
15.194804
15.191583
15.012359
15.013426
15.190534
13.803992
13.535809
14.709199
14.857014
14.708173
14.858068
13.533048
13.801044
13.273715
13.001328
20.947734
26.238185
11.869737
26.239063
20.945809
26.231413
11.871384
26.231854
15.135077
14.95252
15.133695
14.953856
15.139607
14.958437
14.95826
15.139785
14.643152
14.794038
14.641874
14.795342
13.713921
13.442933
14.64737
14.799817
14.799643
14.647547
13.446144
13.71837
12.911013
13.181409
27.551429
28.209216
13.184118
12.913708
28.6306
27.95248
21.051615
26.315392
11.99408
26.314945
15.188681
15.011372
15.010472
15.189564
15.185886
15.007423
15.007618
15.185699
13.800221
13.530909
14.703516
14.852077
14.703317
14.852279
13.528905
13.796836
13.269837
13.00038
20.945728
26.235603
11.868124
26.233496
26.233606
20.944397
11.869632
26.233033
15.139449
14.958379
15.139724
14.958112
15.135983
14.953822
14.954706
15.135084
14.647247
14.799763
14.647498
14.799502
13.718209
13.445563
14.643947
14.79527
14.796142
14.643087
13.441421
13.713074
12.9133
13.183165
28.661433
27.971404
13.178426
12.905479
28.447006
27.779447
21.053419
26.314497
11.995745
26.314863
15.185675
15.007348
15.007385
15.185632
15.187197
15.009384
15.008891
15.187697
13.7968
13.529034
14.704741
14.853986
14.705217
14.853504
13.531103
13.799079
13.272574
13.005398
20.94616
26.237456
11.868738
26.234774
26.234946
20.951459
11.887691
26.236635
15.133359
14.952948
15.134196
14.952125
15.131364
14.950313
14.950146
15.131544
14.641437
14.794407
14.642237
14.793596
13.712105
13.43828
14.63944
14.791759
14.791611
14.639565
13.434636
13.707935
12.904073
13.174836
29.056726
28.157104
13.170238
12.896163
28.437473
28.082954
21.052119
26.314868
11.986477
26.31678
15.188727
15.009897
15.010394
15.188219
15.189579
15.010909
15.011227
15.189249
13.799595
13.532814
14.706972
14.855468
14.706681
14.855774
13.534286
13.801112
13.276427
13.009492
20.946121
26.237387
11.868862
26.238356
20.950898
26.232451
11.88288
26.232695
15.132355
14.950639
15.131889
14.951085
15.1351
14.954215
14.953754
15.135569
14.640233
14.792062
14.639841
14.792483
13.707869
13.433948
14.642669
14.795496
14.795048
14.643098
13.433713
13.708633
12.895411
13.168853
29.009347
28.424225
13.167303
12.89043
28.032367
28.980957
21.049555
26.316062
11.986085
26.314686
15.188219
15.010457
15.009913
15.18878
15.185468
15.006792
15.007203
15.185057
13.800874
13.53381
14.703171
14.851439
14.702767
14.851848
13.532365
13.79852
13.27531
13.008552
26.234235
20.949023
11.879162
26.235171
20.945206
26.231741
11.870855
26.231098
15.136402
14.95464
15.136003
14.95503
15.137539
14.956002
14.956103
15.137447
14.64385
14.795908
14.643492
14.796285
13.708685
13.433291
14.644742
14.797169
14.79728
14.644616
13.431349
13.707355
12.889535
13.166006
28.317712
28.594747
13.162466
12.880445
27.900298
28.25011
26.314987
21.051307
11.993994
26.315228
15.184334
15.006417
15.006071
15.184682
15.183293
15.00521
15.005085
15.183409
13.79829
13.53186
14.701225
14.849944
14.701374
14.849807
13.532232
13.798444
13.276082
13.010285
26.231772
20.946069
11.871838
26.231178
20.955949
26.236934
11.892222
26.235207
15.136812
14.955754
15.137204
14.955362
15.133607
14.951616
14.952195
15.133025
14.643957
14.796917
14.644354
14.796525
13.706784
13.428983
14.640855
14.79283
14.793404
14.640281
13.423599
13.701001
12.878639
13.159093
27.405973
28.785077
13.152045
12.863557
27.455553
28.862163
26.317629
21.053077
11.985673
26.315904
15.184158
15.005502
15.005966
15.183695
15.188241
15.010848
15.009999
15.189098
13.798892
13.533791
14.706096
14.855545
14.706931
14.854702
13.538386
13.804654
13.283103
13.019554
20.953563
26.234767
11.891895
26.233882
20.955096
26.234252
11.895438
26.234632
15.132206
14.951143
15.132552
14.950792
15.132099
14.950769
14.950618
15.132264
14.639437
14.792358
14.639803
14.792002
13.700263
13.420729
14.639095
14.7919
14.791763
14.639208
13.417788
13.697589
12.861422
13.148172
27.987904
28.679255
13.143526
12.849585
28.110621
28.093674
21.049695
26.316731
11.980059
26.314855
15.190545
15.011619
15.012292
15.189872
15.192386
15.014247
15.014155
15.192472
13.805503
13.541111
14.710281
14.858984
14.710383
14.858885
13.543936
13.809006
13.289584
13.028164
20.953046
26.234854
11.893988
26.235372
20.945118
26.236771
11.86882
26.236365
15.132603
14.950933
15.132439
14.951088
15.132645
14.950985
14.951154
15.132454
14.639455
14.792049
14.639334
14.792192
13.697437
13.416704
14.639419
14.792067
14.792232
14.639246
13.414638
13.695907
12.848299
13.141536
28.815875
28.869027
13.138748
12.83923
28.333583
28.509643
21.058305
26.316196
12.000989
26.315357
15.192344
15.014242
15.01414
15.192459
15.190788
15.012502
15.012719
15.190536
13.80914
13.544488
14.709056
14.85738
14.708868
14.857578
13.544068
13.808551
13.290622
13.031074
20.953624
26.236821
11.88354
26.23754
20.975115
26.275488
11.877598
26.313588
15.132025
14.950792
15.132234
14.950612
15.131414
14.948405
14.950139
15.129812
14.638862
14.791878
14.63905
14.7917
13.695564
13.413199
14.638133
14.789366
14.791103
14.636531
13.411174
13.692479
12.838602
13.136576
28.712636
28.988639
13.134595
12.830428
26.80482
28.59606
21.089134
26.35038
11.994524
26.349818
15.190476
15.012418
15.012504
15.190419
15.192141
15.012695
15.014234
15.190737
13.808526
13.543963
14.710211
14.857379
14.858928
14.708789
13.544469
13.808122
13.291647
13.029397
22.119744
21.881184
22.478619
22.259516
22.339167
22.516905
21.862957
22.05529
20.429724
20.241223
20.820864
20.607023
20.624469
20.827019
20.237593
20.414716
19.07344
19.352961
19.204333
19.210978
19.355038
19.067962
26.619903
26.647422
21.056956
26.315028
11.973183
26.31042
26.63838
23.922314
23.710986
23.922912
24.252965
24.090946
24.119613
24.111828
24.243869
24.112648
23.714116
23.90632
23.927808
17.873572
17.745128
17.874535
18.161628
18.010172
18.012457
18.011445
18.161506
18.012384
17.74531
17.8726
17.874669
17.112944
16.995488
16.995677
16.994066
17.112561
16.995061
16.884303
15.797964
15.915682
15.915404
15.798305
14.540253
14.388974
14.389616
14.538968
14.713124
14.861352
14.862186
14.712344
12.841557
12.550573
13.276332
13.003269
12.549539
12.842621
21.927255
22.154933
22.3444
22.552155
21.920228
22.132332
22.371607
22.564672
20.270871
20.459431
20.646804
20.859675
20.268149
20.451029
20.655778
20.863066
19.092998
19.22495
19.374408
19.086603
19.231506
19.376683
26.629917
26.628148
21.055535
26.316251
11.996713
26.316285
26.628162
23.707678
23.917147
23.920551
24.201601
24.275034
24.14164
23.733726
23.999332
23.948688
24.111415
24.244592
24.111957
17.738143
17.866899
17.867675
18.007271
18.155743
18.006517
17.738915
17.869216
17.868465
18.004902
18.1549
18.005708
16.875044
16.87667
16.988832
17.105665
16.875824
16.988025
16.986595
17.104912
16.987274
15.789782
15.522061
15.907977
15.790586
15.90718
14.533563
14.383844
14.534424
14.382987
14.705548
14.853643
14.854339
14.704862
12.840544
12.562545
13.271086
13.000097
12.565074
12.839821
21.902095
22.116243
22.351096
22.535504
21.90829
22.136602
22.325736
22.522995
20.264576
20.448461
20.649528
20.854776
20.266397
20.454256
20.643132
20.852267
19.088808
19.230618
19.375757
19.09241
19.226854
19.374422
26.631234
21.053241
26.317766
11.991032
26.317634
26.62852
23.756463
23.999977
23.980003
24.10822
24.269175
24.134914
23.725935
23.917007
23.941373
24.208949
24.327062
24.182809
18.944816
17.735836
17.865428
17.865303
18.00308
18.152243
18.003157
17.735729
17.865125
17.865193
18.00339
18.152359
18.00327
16.872854
16.985021
17.10266
16.872743
16.985063
16.985355
17.102771
16.985179
15.787646
15.519991
15.519774
15.904935
15.78751
15.905074
14.530579
14.379961
14.530542
14.379996
14.703402
14.852382
14.852159
14.703625
12.84118
12.580812
13.270458
13.002344
12.582657
12.843504
21.897081
22.098665
22.364208
22.553775
21.911189
22.144673
22.3094
22.529775
20.25074
20.431951
20.639288
20.844599
20.25424
20.443348
20.625994
20.838979
19.076824
19.219766
19.363993
19.081824
19.21442
19.361984
26.317743
21.056646
11.994163
26.316764
26.630052
23.725218
23.985569
23.941633
24.071605
24.221785
24.091232
23.69056
23.882504
23.901853
24.18735
24.273279
24.136756
18.949406
18.948101
17.739761
17.870054
17.869268
18.005418
18.155428
18.006335
17.738893
17.867477
17.86836
18.008118
18.156428
18.007288
16.987565
17.105856
16.87593
16.98827
16.989507
17.106562
16.988949
15.791179
15.523531
15.523166
15.908144
15.790671
15.908671
14.5335
14.382432
14.533034
14.382891
14.706591
14.855715
14.855392
14.706905
12.848561
12.593462
13.275102
13.008272
12.594491
12.851204
21.920708
22.149949
22.327703
22.550118
21.90957
22.113969
22.368981
22.567013
20.257599
20.446416
20.630368
20.844624
20.2543
20.435665
20.642821
20.849771
19.082498
19.215772
19.363695
19.078015
19.220619
19.36554
26.62967
26.315485
21.054408
11.996153
26.315382
26.630081
23.677084
23.890988
23.887602
24.138078
24.224403
24.093855
23.693303
23.942954
23.9045
24.082352
24.208023
24.076829
18.947471
17.737232
17.865803
17.866668
18.006804
18.154781
18.005684
17.738232
17.868778
17.867703
18.003725
18.153668
18.004611
16.876088
16.98845
17.105202
16.875287
16.987623
16.986045
17.104347
16.986792
15.789446
15.520887
15.521512
15.907578
15.790113
15.906893
14.533155
14.38309
14.533637
14.382635
14.705208
14.853358
14.853934
14.70465
12.853106
12.595523
13.276058
13.009102
12.594781
12.853161
21.89327
22.115173
22.324165
22.514253
21.89245
22.112797
22.326616
22.514889
20.258088
20.444457
20.63731
20.844014
20.257539
20.442835
20.638933
20.844584
19.086193
19.222549
19.368912
19.08463
19.224135
19.369448
26.630392
26.628119
21.047335
26.317208
11.978164
26.317556
26.625563
23.761907
23.969281
23.98791
24.152698
24.317678
24.176663
23.755602
23.958391
23.976737
24.17094
24.342939
24.194235
18.944342
17.734382
17.863392
17.863889
18.002448
18.151389
18.002258
17.734731
17.864442
17.864241
18.001389
18.15103
18.001904
16.871155
16.87179
16.984156
17.101493
16.8715
16.983876
16.983128
17.101148
16.983532
15.785816
15.903607
15.786156
15.518216
15.903263
14.529573
14.379513
14.529896
14.379207
14.70177
14.850146
14.850416
14.701514
12.853286
12.587116
13.27516
13.008653
12.585757
12.854241
21.928299
22.140913
22.37288
22.575574
21.933081
22.155833
22.357879
22.571411
20.265423
20.448187
20.651798
20.861281
20.267596
20.455164
20.643947
20.858196
19.085759
19.227455
19.373462
19.089107
19.223875
19.372127
26.630449
26.629323
21.052396
26.316117
11.994219
26.316003
23.689617
23.896396
23.904491
24.122007
24.253744
24.114663
23.700034
23.924313
23.917759
24.086565
24.234802
24.098538
17.733549
17.864043
17.862931
17.999505
18.148943
17.999973
17.732743
17.861642
17.862108
18.001957
18.149803
18.000813
16.871072
16.982172
17.100136
16.870358
16.982631
16.984297
17.100872
16.983355
15.786341
15.903062
15.785687
15.517435
15.517897
15.903725
14.52977
14.379077
14.529297
14.379559
14.702768
14.852083
14.851331
14.703511
12.857911
12.58223
13.278836
13.014489
12.585836
12.86053
21.898482
22.12921
22.304124
22.513712
21.8883
22.095328
22.346871
22.534515
20.251481
20.438472
20.627937
20.836831
20.2502
20.434056
20.633677
20.839637
19.079637
19.216608
19.36239
19.078972
19.21742
19.362778
26.628349
26.625878
21.055684
26.316405
11.992548
26.314405
23.711469
23.884733
23.925178
24.223782
24.326872
24.182734
23.757579
24.017257
23.980386
24.068724
24.251858
24.117725
17.741171
17.870944
17.870659
18.007765
18.157448
18.008303
17.740776
17.869731
17.870283
18.008926
18.157783
18.008658
16.98935
17.10759
16.989979
16.877627
16.990845
17.108062
16.990463
15.792909
15.909823
15.792353
15.523745
15.910376
14.535955
14.385071
14.535281
14.385753
14.708945
14.858035
14.857563
14.709421
12.869523
12.605042
13.287061
13.024499
12.60967
12.873695
21.898505
22.121202
22.327115
22.521644
21.896567
22.11528
22.333076
22.523413
20.259514
20.446813
20.637039
20.845546
20.258091
20.44235
20.641712
20.847174
19.086165
19.221357
19.368479
19.083418
19.224293
19.369542
26.625464
26.62724
21.055438
26.314824
11.994316
26.315294
26.625157
23.752627
23.975651
23.971182
24.165687
24.307052
24.167294
23.750725
23.968581
23.969347
24.17492
24.305906
24.168161
17.74279
17.871991
17.872358
18.010449
18.159759
18.010552
17.742934
17.872407
17.872488
18.010072
18.15966
18.010435
16.879626
16.991951
17.109559
16.991902
16.879575
16.991313
17.10936
16.991691
15.79394
15.911625
15.794163
15.911395
14.537921
14.387899
14.538
14.387842
14.710139
14.858466
14.858719
14.709899
12.87884
12.637592
13.2906
13.030192
12.640396
12.881024
21.929175
22.142166
22.375741
22.576066
21.934491
22.158342
22.360659
22.572236
20.262557
20.444391
20.651874
20.860677
20.265859
20.454866
20.640318
20.856315
19.082036
19.22518
19.370544
19.086686
19.220042
19.368546
26.62362
26.627523
21.048562
26.318251
11.976458
26.315521
26.626421
23.784972
23.977713
24.018594
24.149918
24.362759
24.212578
23.774721
23.954207
24.003842
24.181126
24.390198
24.233135
17.738547
17.868366
17.867912
18.006223
18.154867
18.005786
17.738499
17.868284
17.867899
18.006178
18.154794
18.005754
16.876753
16.876544
16.988597
17.106006
16.87649
16.988487
16.989241
17.106204
16.988704
15.792287
15.524948
15.909285
15.792
15.909565
14.536535
14.38659
14.536468
14.386668
14.70911
14.858067
14.857654
14.709483
12.883755
12.651124
13.29097
13.031918
12.651368
12.885722
26.57218
26.239606
20.949854
11.863575
26.235938
26.359302
25.256207
24.672815
24.831064
25.114703
20.948148
26.236879
11.878009
26.238688
26.568389
26.571019
25.304335
24.738912
24.86719
25.164886
22.675812
22.723372
23.030097
22.744858
23.05283
22.759893
21.463878
21.665135
21.037068
21.233515
21.262137
21.044524
21.650712
21.429174
22.130636
21.911034
22.543811
22.34158
22.350596
22.553647
21.911475
22.129656
21.472151
21.69215
21.067969
21.282432
21.269508
21.063568
21.694333
21.483583
19.899695
20.066591
19.523811
19.704
19.71371
19.526098
20.063452
19.889206
20.434206
20.252986
20.84843
20.643095
20.629542
20.843881
20.257268
20.447338
19.902821
20.077079
19.53713
19.727129
19.716487
19.533684
20.08117
19.914137
19.075322
19.365154
19.221909
19.213033
19.361913
19.083673
16.835516
16.833495
16.835348
16.367231
16.237866
16.238578
16.366501
16.837456
16.840354
16.838781
16.36934
16.241924
16.240672
16.370624
15.739452
15.468527
15.4682
15.857719
15.858458
15.73879
15.31385
15.467585
15.467988
15.312062
15.127923
14.947442
15.128422
14.946962
15.741574
15.469077
15.861758
15.860571
15.742728
15.129931
14.948057
15.129057
14.948896
15.31744
15.472216
15.47096
15.318706
14.458919
14.303714
14.304804
14.45717
14.636325
14.78901
14.788507
14.636857
13.926526
14.106512
14.105034
13.436484
13.70936
13.92684
14.638362
14.789643
14.790483
14.637512
14.462801
14.309681
14.30854
14.463982
13.438642
13.709974
13.930078
14.109453
14.108318
13.927371
12.751575
12.486706
13.175392
12.90655
12.491635
12.752007
13.665545
22.666346
27.321233
28.60347
13.671735
22.717197
22.878758
13.177413
12.907338
12.75458
12.497821
12.752369
12.497251
27.81767
28.172369
22.952174
13.669625
22.826766
13.670062
22.990872
22.913318
25.201164
24.804795
24.436999
24.769767
24.420876
25.252464
26.620822
21.055427
26.314648
11.991058
26.313782
26.625998
26.628414
25.295324
24.958054
24.597781
24.868914
24.520558
25.392132
23.338089
23.515169
23.335495
23.05303
23.050084
23.516907
23.325498
23.336255
23.049612
22.759147
22.763402
23.946201
23.772096
23.994573
24.40376
24.253451
24.250414
24.138392
24.337634
24.19573
23.806662
24.041031
24.038551
23.353555
23.566626
23.378832
23.099452
23.09913
23.06553
23.593257
23.400016
23.399154
22.802393
23.084487
22.792053
22.155324
21.9331
22.557378
22.351818
22.368589
22.561951
21.929245
22.138612
21.507844
21.717326
21.092247
21.295021
21.306742
21.094646
21.713715
21.494577
22.161175
21.946198
22.594332
22.389289
22.375788
22.586586
21.949061
22.170894
21.510816
21.727815
21.10022
21.311285
21.309061
21.099555
21.72983
21.514123
20.472904
20.287067
20.874
20.660402
20.668267
20.876035
20.286049
20.466229
19.941106
20.111563
19.568598
19.75059
19.754629
19.569051
20.110769
19.936743
20.473502
20.288017
20.880132
20.669635
20.669183
20.879682
20.288118
20.473661
19.941005
20.111882
19.567856
19.753737
19.75435
19.568014
20.111916
19.940578
18.595788
18.768651
18.596668
18.304365
18.434684
18.437354
18.43644
18.304298
18.43734
18.768826
18.593713
18.596583
19.113229
19.397185
19.249001
19.250939
19.397543
19.112213
18.951694
18.594853
18.766034
18.594142
18.300811
18.433485
18.434052
18.43545
18.301479
18.43466
18.765549
18.593083
18.593605
19.112577
19.39598
19.249288
19.250348
19.3962
19.111376
17.486668
17.622743
17.487653
17.220673
17.350601
17.35224
17.351082
17.220469
17.352047
17.622975
17.486134
17.487874
17.872458
17.742011
17.871468
18.157833
18.00796
18.008639
18.010357
18.158558
18.00941
17.741149
17.869926
17.870647
17.485502
17.61956
17.484412
17.21617
17.346953
17.347818
17.349911
17.217182
17.348797
17.618659
17.482637
17.483468
16.418767
16.291669
16.29133
16.419096
16.879704
17.108244
16.989701
16.990654
16.992884
17.109283
16.991717
16.87859
16.415246
16.286672
16.287834
16.414099
15.380039
15.531589
15.531513
15.378743
15.195824
15.016811
15.017691
15.194945
15.794723
15.528441
15.910923
15.912083
15.79356
15.192696
15.015712
15.193843
15.014556
15.37524
15.524871
15.525995
15.374156
14.019803
14.195708
14.193839
13.535818
13.804509
14.017721
14.71027
14.860298
14.711345
14.859176
14.536359
14.384774
14.53536
14.38576
13.533827
13.803673
14.013766
14.188703
14.189659
14.016748
13.746367
23.097009
13.737324
13.274464
13.002823
12.840939
12.555748
12.842236
12.553771
22.959879
13.713417
13.712756
20.947034
26.235505
11.8716
26.233221
26.574763
25.314908
24.85223
25.292251
24.882476
20.94626
26.231574
11.871866
26.232174
26.566112
26.566383
25.262155
24.844476
24.839688
25.268239
22.754697
22.769563
22.77917
22.783287
21.709716
21.500558
21.28588
21.079057
21.703852
21.486824
21.297893
21.082831
22.159061
21.937219
22.574187
22.36332
22.376057
22.578463
21.93351
22.147253
21.503157
21.71809
21.085455
21.292871
21.300045
21.087635
21.71476
21.494851
20.094372
19.924942
19.730495
19.54673
20.091778
19.917607
19.737592
19.549067
20.460597
20.273943
20.865325
20.65273
20.657085
20.867174
20.272858
20.456963
19.925932
20.09733
19.551484
19.736947
19.73857
19.551963
20.096434
19.923914
19.093983
19.379217
19.231723
19.232487
19.379596
19.09342
16.845282
16.842051
16.843736
16.376937
16.246602
16.375419
16.248087
16.848214
16.848503
16.379942
16.251417
16.251053
16.380301
15.748383
15.477389
15.476249
15.866162
15.747007
15.867574
15.321439
15.473578
15.320069
15.474953
15.13638
14.956236
15.137531
14.955119
15.751237
15.478311
15.870878
15.870479
15.751638
15.479378
15.139171
14.957152
15.138473
14.957832
15.325863
15.479511
15.326009
14.466494
14.310891
14.465237
14.312098
14.644356
14.797663
14.796574
14.645423
13.931177
14.110653
14.111849
13.443925
13.716873
13.934187
14.646955
14.798558
14.799223
14.646301
14.470653
14.316235
14.316073
14.470833
13.445905
13.717563
13.93585
14.115959
14.115795
13.934914
12.755444
12.498519
13.182312
12.913266
12.498095
12.757589
13.66955
23.020857
28.56812
28.535633
13.670271
23.123694
23.098819
13.18399
12.913691
12.757221
12.495932
12.757903
12.496499
28.303155
27.968247
13.670735
13.670324
22.99726
23.053337
25.202512
24.793109
24.450498
25.220447
24.767146
24.420596
26.629373
21.052047
26.315944
11.994114
26.316135
26.628928
26.629127
25.246101
24.794587
24.438996
24.802466
24.446096
25.238299
23.511039
23.322126
23.330938
23.062354
23.534659
23.380046
23.352077
22.773814
23.044107
22.758274
23.923442
23.70791
23.92637
24.256571
24.108388
24.118273
24.120149
24.262863
24.123727
23.704467
23.914544
23.921849
23.32142
23.506218
23.321934
23.033038
23.03203
23.503912
23.320505
23.320674
23.031423
22.744178
23.0317
22.743769
21.927508
22.138027
22.382055
22.570967
21.935864
22.165051
22.350449
22.557477
21.711598
21.493998
21.308435
21.093193
21.718693
21.510772
21.294099
21.088805
22.133171
21.913853
22.542989
22.348081
22.345591
22.542274
21.914472
22.135261
21.490081
21.699111
21.079728
21.290346
21.290584
21.079865
21.699534
21.490375
20.281576
20.464085
20.667804
20.874044
20.284052
20.472066
20.658643
20.870278
20.106144
19.933988
19.752767
19.565247
20.108328
19.939493
19.747833
19.563683
20.46188
20.275906
20.862076
20.654902
20.656172
20.862342
20.275427
20.460438
19.932365
20.10102
19.559264
19.744744
19.746352
19.559774
20.100515
19.930745
18.762481
18.589643
18.590636
18.432828
18.298753
18.432023
18.763512
18.592434
18.591604
18.430162
18.297873
18.431102
19.107283
19.248551
19.393579
19.110685
19.244851
19.39216
18.945219
18.588754
18.759759
18.588076
18.295175
18.428107
18.428272
18.42932
18.295565
18.428674
18.759325
18.587499
18.587661
19.106202
19.388051
19.242206
19.243687
19.388551
19.10478
17.615601
17.479633
17.480345
17.346153
17.21366
17.34538
17.616361
17.481861
17.481098
17.34393
17.212911
17.344631
17.866209
17.736212
17.86567
18.152334
18.003094
18.003262
18.004183
18.152709
18.003623
17.735868
17.865148
17.865318
17.479009
17.613727
17.478519
17.21083
17.342343
17.342517
17.343321
17.211151
17.342843
17.613391
17.478016
17.478189
16.410463
16.283766
16.411245
16.282972
16.873286
17.102849
16.985074
16.985249
16.986015
17.103169
16.985562
16.872961
16.408749
16.280918
16.281237
16.408437
15.372238
15.523837
15.522898
15.373152
15.187893
15.008974
15.00967
15.18721
15.788049
15.52073
15.905141
15.905457
15.787728
15.186201
15.008395
15.186643
15.007942
15.369307
15.519706
15.519915
15.369099
14.012846
14.187801
14.186972
13.530315
13.798157
14.010567
14.70384
14.853063
14.70429
14.852607
14.530806
14.380036
14.530615
14.38023
13.529094
13.797655
14.009072
14.184155
14.18433
14.010011
13.719249
23.019955
13.720753
13.269979
13.000007
12.840649
12.574311
12.839844
12.571966
23.069361
13.729432
13.727541
26.569174
20.952169
26.234591
11.881277
26.232044
25.133399
24.799061
25.244331
24.69506
26.234986
20.944861
11.867768
26.23366
26.56859
26.566451
25.259303
24.890989
24.819495
25.321227
22.736162
22.720456
23.064514
22.769787
22.747623
21.688407
21.477088
21.287406
21.072867
21.6934
21.488321
21.277906
21.069972
22.121598
21.912513
22.563196
22.367272
22.332586
22.545399
21.920163
22.147656
21.47911
21.695822
21.072325
21.284344
21.279154
21.071068
21.701245
21.487826
20.089158
19.917549
19.73542
19.547638
20.090843
19.92218
19.731052
19.546235
20.447896
20.261932
20.852493
20.64182
20.642863
20.852021
20.261102
20.445769
19.916494
20.086103
19.541292
19.725951
19.729924
19.542612
20.085064
19.912733
19.087608
19.369403
19.221518
19.225651
19.370751
19.083507
16.846928
16.848158
16.847627
16.379031
16.250824
16.379665
16.250206
16.844192
16.843137
16.376423
16.246622
16.247632
16.375402
15.750737
15.477921
15.478571
15.870469
15.751273
15.479075
15.869916
15.325607
15.4794
15.325914
15.138993
14.957073
15.138388
14.957667
15.748379
15.477156
15.866546
15.867505
15.747438
15.474459
15.136854
14.956362
15.137665
14.955563
15.322002
15.475395
15.321081
14.470549
14.31618
14.470791
14.315929
14.64682
14.798479
14.799064
14.646247
13.935737
14.115908
14.11566
13.444986
13.716659
13.934346
14.644782
14.797778
14.796989
14.645558
14.4673
14.311805
14.312658
14.466449
13.442442
13.715869
13.931015
14.111522
14.112382
13.933615
12.756399
12.497111
13.182461
12.910816
12.499263
12.753063
23.227616
13.678579
23.352155
27.997648
28.21312
13.652406
23.709376
23.118112
23.156164
13.179577
12.90958
12.747941
12.484806
12.752098
12.487136
28.712437
28.712724
13.661223
23.249298
13.6651
22.913471
23.243485
25.304976
24.790607
24.445922
25.220323
24.868679
24.513522
26.629234
21.056553
26.315865
12.000244
26.317311
26.628589
26.630259
25.221625
24.750495
24.400951
24.789323
24.442437
25.190779
23.55015
23.369651
23.361748
23.040144
23.053295
23.526382
23.327306
23.343337
22.764586
23.06695
22.774559
23.978944
23.71998
23.935768
24.224032
24.073982
24.091495
24.182014
24.264573
24.129682
23.688661
23.88342
23.900744
23.359557
23.520027
23.336598
23.492716
23.299561
23.313214
23.027246
22.742431
23.046273
22.757546
21.929663
22.151415
22.353998
22.561674
21.926378
22.140425
22.368438
22.569364
21.711768
21.498163
21.292694
21.084513
21.709295
21.493325
21.296403
21.085609
22.1477
21.921507
22.542613
22.339519
22.363945
22.554889
21.915872
22.128929
21.496215
21.705237
21.081106
21.289647
21.29488
21.082606
21.701052
21.488723
20.277368
20.462672
20.655985
20.865727
20.276927
20.461256
20.657752
20.866581
20.101972
19.931889
19.744998
19.559649
20.101606
19.931087
19.745682
19.559878
20.462193
20.276595
20.863357
20.655802
20.657096
20.864358
20.276418
20.461577
19.931727
20.101471
19.560016
19.746184
19.745579
19.559844
20.101431
19.93217
18.759465
18.587879
18.58778
18.428121
18.295103
18.428229
18.759328
18.587524
18.587647
18.42846
18.295223
18.428356
19.10527
19.242309
19.38831
19.104855
19.242772
19.38851
18.945438
18.587961
18.759733
18.588101
18.295951
18.429597
18.429037
18.428558
18.29562
18.428718
18.76002
18.588968
18.588405
19.10529
19.388767
19.243618
19.242773
19.38856
19.106166
17.613345
17.478278
17.478132
17.342297
17.21065
17.342344
17.613238
17.477974
17.478025
17.342606
17.21076
17.342452
17.865583
17.736383
17.865813
18.153138
18.004655
18.004101
18.003532
18.152794
18.003746
17.736761
17.866732
17.86618
17.478473
17.613927
17.47875
17.211866
17.344068
17.343515
17.342814
17.211447
17.343105
17.614317
17.479702
17.47915
16.408388
16.280715
16.408253
16.280847
16.873618
17.103914
16.986912
16.986361
16.985599
17.103487
16.985927
16.874056
16.40926
16.28219
16.281725
16.409726
15.369037
15.519621
15.519648
15.369013
15.185816
15.00775
15.007522
15.186046
15.788559
15.520291
15.906453
15.905988
15.78902
15.521121
15.186745
15.00806
15.186359
15.008444
15.370492
15.521627
15.370987
14.009003
14.184098
14.184151
13.529289
13.797323
14.009436
14.704306
14.852687
14.70393
14.853065
14.532072
14.381951
14.532547
14.381481
13.530558
13.797676
14.011085
14.186193
14.185713
14.009761
13.737146
23.107011
13.740647
13.271952
13.003046
12.847531
12.58962
12.844452
12.588014
23.064986
13.753524
13.751009
26.573575
26.569028
20.952188
26.238379
11.880886
26.236786
25.213713
24.87182
25.305886
24.777636
26.23461
20.949291
11.885877
26.235026
26.574017
26.573307
25.11692
24.66108
24.660915
25.110684
22.759901
22.731932
23.020123
22.96222
22.682178
22.675204
21.680669
21.45829
21.281531
21.064113
21.692375
21.484953
21.259299
21.057406
22.085495
21.86714
22.486295
22.307697
22.293827
22.480217
21.870695
22.097063
21.450768
21.655847
21.045234
21.258479
21.25313
21.043621
21.658767
21.457259
20.075472
19.902934
19.72395
19.535635
20.078532
19.910635
19.717033
19.533441
20.429114
20.244159
20.828978
20.625656
20.622578
20.827644
20.24495
20.431707
19.901192
20.069858
19.530091
19.716914
19.715513
19.529655
20.070532
19.902812
19.075808
19.358952
19.214258
19.213318
19.358571
19.076639
16.838917
16.840935
16.839872
16.371372
16.24354
16.372275
16.242655
16.837375
16.837438
16.369911
16.241256
16.241218
16.369957
15.74379
15.863644
15.744596
15.473533
15.472661
15.862819
15.319313
15.32017
15.132619
14.950808
15.13202
14.951398
15.742469
15.470833
15.86149
15.86147
15.742483
15.131378
14.95039
15.131598
14.950168
15.317279
15.47082
15.470614
15.317468
14.464813
14.31096
14.465607
14.310162
14.640727
14.792292
14.792877
14.640146
13.930118
14.110668
14.109859
13.43732
13.709561
13.92782
14.63949
14.791875
14.791646
14.639727
14.46278
14.3081
14.308038
14.462879
13.435105
13.708936
13.926636
14.107627
14.107608
13.927292
12.746342
12.480199
13.173706
12.900126
12.479007
12.741523
23.28508
13.655831
22.980663
29.060783
28.157963
13.654507
22.991195
23.286385
23.116209
13.170918
12.898979
12.736113
12.474779
12.740023
12.475871
28.464033
28.090848
13.648521
23.114082
23.179789
13.649855
22.998259
23.115193
25.240081
24.742983
24.396379
25.180707
24.803145
24.453017
26.626026
26.313735
21.052516
11.987057
26.314957
26.626014
26.629257
25.328566
24.900842
24.549623
24.90446
24.556134
25.329602
23.52523
23.37085
23.342222
23.016694
23.495046
23.300301
23.315848
23.076992
23.03025
22.745899
23.052703
22.764876
24.014504
23.79882
24.023718
24.3637
24.188203
24.218791
24.218316
24.371444
24.227276
23.790115
23.986348
24.014912
23.392179
23.590596
23.400006
23.582362
23.371576
23.392465
23.09566
22.801276
23.10221
22.806825
21.930821
22.162277
22.340845
22.546537
21.920962
22.130406
22.378585
22.562948
21.714558
21.50933
21.291373
21.086203
21.706312
21.490448
21.307272
21.091084
22.171835
21.952263
22.594445
22.379483
22.390004
22.599196
21.949574
22.163128
21.514741
21.732315
21.099877
21.307667
21.311733
21.101127
21.730113
21.509857
20.283266
20.471636
20.657369
20.868251
20.280566
20.463065
20.667234
20.872398
20.107728
19.939415
19.74736
19.563277
20.105334
19.933418
19.752788
19.565044
20.473814
20.2884
20.87971
20.667289
20.669805
20.880768
20.287698
20.471609
19.940842
20.112196
19.567706
19.752573
19.754056
19.568195
20.111565
19.939231
18.763816
18.593118
18.592075
18.430426
18.298307
18.431465
18.762589
18.589821
18.590907
18.433558
18.29936
18.432573
19.111047
19.244617
19.391852
19.107115
19.248844
19.393475
18.951637
18.951252
18.593824
18.765893
18.594032
18.30076
18.43326
18.434075
18.43422
18.301084
18.434412
18.765529
18.592827
18.593682
19.111918
19.395878
19.248576
19.249791
19.396335
19.110763
17.617236
17.482668
17.481994
17.344755
17.213843
17.345526
17.616406
17.480402
17.481198
17.346932
17.214577
17.34629
17.870569
17.741112
17.870702
18.157735
18.007801
18.00851
18.008665
18.158048
18.008811
17.740829
17.869732
17.87041
17.483099
17.618511
17.483198
17.215404
17.346593
17.347169
17.347338
17.215655
17.347428
17.618236
17.482332
17.482932
16.41216
16.28398
16.411555
16.284564
16.877507
17.107341
16.98917
16.877277
16.989683
16.989853
17.107584
16.989919
16.412986
16.285144
16.28535
16.412775
15.372021
15.522165
15.522694
15.371509
15.189176
15.011166
15.010832
15.18952
15.791836
15.523741
15.909172
15.90936
15.791654
15.523239
15.189739
15.011358
15.189717
15.011381
15.372872
15.523593
15.372529
14.011576
14.186681
14.187148
13.533316
13.800888
14.012787
14.707111
14.855899
14.707086
14.855922
14.534306
14.38346
14.534032
14.383712
13.534229
13.801135
14.01283
14.187803
14.188031
14.012999
13.762362
23.115658
13.764175
13.276277
13.008768
12.852983
12.59623
12.851879
12.596017
13.768201
13.768203
26.567087
26.573773
20.945463
26.234815
11.870755
26.232798
26.574562
25.329588
24.864835
25.300485
24.902232
20.945419
26.233672
11.868849
26.232974
26.568817
25.254237
24.773996
24.826139
25.19899
22.755629
22.77471
23.070723
23.037665
22.749056
22.764599
21.700893
21.490218
21.266663
21.064007
21.691298
21.467117
21.28645
21.070026
22.14892
21.920736
22.546542
22.334287
22.367002
22.560302
21.912387
22.121437
21.49077
21.702152
21.069867
21.275836
21.287253
21.073163
21.695348
21.476149
20.081422
19.912519
19.719062
19.535414
20.078537
19.905279
19.725518
19.537448
20.447575
20.261114
20.850657
20.639224
20.643954
20.853145
20.260221
20.444274
19.913647
20.084882
19.540671
19.726543
19.726618
19.540639
20.084315
19.913042
19.083471
19.368778
19.222479
19.221623
19.368632
19.08449
16.838344
16.839052
16.372139
16.242664
16.371421
16.243362
16.841868
16.842382
16.374137
16.245865
16.245331
16.374668
15.744293
15.862736
15.743675
15.471198
15.471703
15.863375
15.318307
15.317826
15.132898
14.952164
15.133473
14.951608
15.746135
15.473489
15.865786
15.865254
15.746664
15.134591
14.952721
15.134045
14.953255
15.321105
15.475054
15.474575
15.321578
14.463483
14.308303
14.463125
14.308615
14.640699
14.793512
14.792979
14.641203
13.9267
14.107782
14.108045
13.43388
13.708136
13.927381
14.642206
14.794048
14.794564
14.641713
14.465767
14.31105
14.310684
14.466171
13.433778
13.708285
13.928435
14.11019
14.109869
13.92767
12.734958
12.471373
13.168534
12.89342
12.470267
12.731536
13.643878
22.966887
28.730393
27.778837
13.641603
23.21323
23.044698
13.167643
12.892745
12.72645
12.463878
12.730384
12.465709
28.404188
28.077165
23.062307
13.630177
22.867178
23.240171
23.146388
13.633877
23.078956
25.177693
24.744801
24.398833
25.181624
24.734306
24.38411
26.315811
21.054328
11.998774
26.314858
26.63026
26.628531
25.234991
24.83141
24.473492
24.795008
24.442257
25.275381
23.482695
23.303786
23.304681
23.054339
23.497892
23.343758
23.318747
23.020392
23.033062
22.748487
22.737152
23.906321
23.710381
23.927658
24.287653
24.149744
24.145477
24.099196
24.26115
24.123645
23.725695
23.952119
23.945687
23.312816
23.509614
23.326001
23.056784
23.523089
23.347801
23.338206
23.047263
22.758334
23.036251
22.748476
21.914792
22.128075
22.365111
22.548815
21.921994
22.151034
22.33922
22.538534
21.700661
21.487287
21.301729
21.086111
21.706976
21.502771
21.288227
21.081917
22.129722
21.916691
22.555673
22.363254
22.341743
22.546811
21.922305
22.148011
21.487382
21.701316
21.082948
21.296196
21.288052
21.080521
21.705963
21.497563
20.277548
20.460448
20.663668
20.868014
20.280089
20.46848
20.654601
20.864347
20.102532
19.93118
19.750615
19.562696
20.104819
19.937066
19.745215
19.560939
20.459813
20.275455
20.864551
20.657912
20.65402
20.862638
20.276352
20.462796
19.930492
20.100414
19.559143
19.745419
19.744528
19.558858
20.101101
19.931739
18.760665
18.588037
18.58903
18.432112
18.297666
18.430832
18.761967
18.591622
18.590282
18.428664
18.296508
18.429628
19.105193
19.247043
19.391255
19.109329
19.242665
19.389618
18.944144
18.944181
18.587396
18.758724
18.587098
18.294502
18.427667
18.427635
18.428027
18.294607
18.427711
18.758716
18.587121
18.587054
19.104535
19.387766
19.242207
19.241998
19.387564
19.104602
17.614774
17.47879
17.479598
17.345785
17.213185
17.344864
17.615742
17.481491
17.480535
17.343165
17.212304
17.343956
17.865182
17.735383
17.864809
18.151651
18.002525
18.002584
18.003101
18.151783
18.002741
17.735178
17.864541
17.864628
17.478176
17.612934
17.477765
17.210188
17.34167
17.341859
17.342553
17.210481
17.34213
17.612706
17.47735
17.477515
16.410196
16.28338
16.410955
16.282639
16.872671
17.102219
16.984397
16.872324
16.984652
16.985438
17.102531
16.984982
16.408381
16.28042
16.28083
16.407983
15.371467
15.52274
15.522146
15.372045
15.187615
15.008733
15.009324
15.187011
15.787691
15.520307
15.904682
15.905121
15.787248
15.185927
15.008173
15.186443
15.007662
15.368685
15.518933
15.519335
15.368277
14.012532
14.187461
14.187035
13.533517
13.799817
14.011286
14.703619
14.852808
14.704114
14.852303
14.530647
14.379854
14.530252
14.380235
13.532615
13.799446
14.00976
14.184387
14.184751
14.010855
13.766849
23.166052
13.765985
13.27546
13.008933
12.853124
12.590943
12.853105
12.592094
13.761248
13.762155
26.571774
26.572085
20.956349
26.232577
11.895151
26.23504
26.57445
25.091577
24.721174
25.165812
24.661266
26.573284
20.94484
26.233546
11.86992
26.235713
26.566298
25.288836
24.853108
24.852293
25.280669
22.712447
22.995694
22.712622
22.994686
23.060744
22.768372
22.755315
21.679593
21.473054
21.271835
21.061308
21.678842
21.471197
21.273578
21.0619
22.124748
21.915666
22.563472
22.369069
22.338005
22.551421
21.92422
22.152297
21.478807
21.698595
21.078049
21.293719
21.278434
21.073428
21.706036
21.496776
20.083033
19.914183
19.726248
19.540479
20.082485
19.91255
19.727878
19.54102
20.446951
20.264115
20.858224
20.650916
20.641867
20.854339
20.266388
20.454505
19.915775
20.088226
19.545661
19.733015
19.72927
19.54451
20.090131
19.920211
19.087096
19.373552
19.227496
19.225125
19.372565
19.089179
16.843664
16.376422
16.247211
16.376006
16.247623
16.845205
16.845387
16.377448
16.248748
16.248616
16.37759
15.748404
15.86714
15.748012
15.475497
15.867538
15.322422
15.322016
15.475908
15.136765
14.955685
15.137081
14.955382
15.749264
15.476897
15.868529
15.868432
15.749351
15.137493
14.955922
15.137332
14.956069
15.323613
15.477071
15.477148
15.32353
14.466872
14.311382
14.46654
14.311677
14.644167
14.796909
14.796622
14.644433
13.928628
14.110477
14.110724
13.433053
13.708569
13.928942
14.644741
14.797129
14.79726
14.644631
14.467626
14.312057
14.312238
14.467477
13.431914
13.708406
13.928303
14.110809
14.111038
13.928925
12.724891
12.457081
13.165461
12.886319
12.454229
12.719554
23.112925
13.618504
27.848407
27.877803
13.614027
23.018506
13.163363
12.885036
12.710408
12.439423
12.717542
12.443518
28.132366
28.340178
13.59006
22.909733
22.995333
13.597386
25.338904
24.850725
24.500586
25.282305
24.895829
24.534231
21.053686
26.315141
11.996126
26.316264
26.629566
26.629243
25.198437
24.777517
24.424814
24.762607
24.415582
25.219454
23.55406
23.354702
23.364843
23.06488
23.551131
23.356525
23.364054
23.061527
23.069828
23.070341
22.778652
22.777468
23.935372
23.701899
23.914764
24.244496
24.118161
24.108243
24.128671
24.239069
24.106167
23.69904
23.92136
23.914053
23.33806
23.505036
23.324522
23.030059
23.048596
23.037316
23.500687
23.319545
23.319249
23.031551
22.745186
22.751101
21.932823
22.1497
22.368956
22.57373
21.933869
22.15293
22.365281
22.572375
21.714825
21.49852
21.298663
21.088449
21.715714
21.500535
21.296909
21.087883
22.143794
21.918968
22.544151
22.342021
22.358249
22.549953
21.914252
22.128844
21.494854
21.702923
21.077255
21.284286
21.293747
21.080184
21.69867
21.484085
20.278182
20.462585
20.659254
20.869008
20.278611
20.463876
20.657907
20.868499
20.102455
19.931068
19.745847
19.559936
20.102873
19.932284
19.744645
19.559536
20.460743
20.273572
20.859233
20.649576
20.655817
20.861789
20.271872
20.455311
19.929745
20.098324
19.555363
19.740155
19.743441
19.556422
20.096829
19.926054
18.758388
18.586042
18.586638
18.427664
18.294306
18.427511
18.758761
18.587148
18.587009
18.426569
18.293944
18.427144
19.103608
19.242402
19.388347
19.104747
19.241244
19.387953
18.941615
18.585293
18.75617
18.584521
18.291459
18.42419
18.424525
18.425856
18.292023
18.425127
18.755483
18.58351
18.583877
19.102721
19.384116
19.237857
19.240295
19.385076
19.100483
17.611853
17.476152
17.476605
17.341485
17.209512
17.341238
17.6122
17.477186
17.476951
17.340454
17.209166
17.340893
17.862804
17.732791
17.862223
18.148674
17.999418
17.999666
18.000773
18.1492
18.000158
17.732364
17.861542
17.861765
17.475641
17.610333
17.475153
17.207528
17.339037
17.339167
17.339966
17.20784
17.339506
17.609936
17.474634
17.474786
16.406669
16.279423
16.407019
16.279073
16.869995
17.099593
16.869706
16.98199
16.869756
16.982058
16.982702
17.09988
16.98232
16.405633
16.277922
16.278081
16.405454
15.367556
15.518564
15.367905
15.184009
15.00547
15.005752
15.183717
15.784988
15.517311
15.902287
15.902395
15.784896
15.183327
15.005245
15.18348
15.005106
15.366472
15.517162
15.517069
15.366579
14.009474
14.184064
14.183778
13.531783
13.797879
14.008879
14.701215
14.849937
14.701321
14.849814
14.528815
14.378745
14.52898
14.37856
13.531973
13.797867
14.009183
14.183465
14.183257
14.0088
13.756369
23.160321
13.7546
13.275704
13.008875
12.856899
12.581558
12.85471
12.58239
13.753218
23.037966
13.752031
26.570339
26.56698
20.946344
26.232711
11.871975
26.234809
26.566717
25.28829
24.844345
25.266276
24.86433
26.574273
20.95263
26.238634
11.881068
26.237522
26.575024
25.205252
24.674682
24.764192
25.116622
22.780758
22.777428
23.070891
22.980963
22.699675
22.722472
21.708987
21.486757
21.295568
21.082002
21.713539
21.499043
21.284465
21.078545
22.127089
21.894365
22.502758
22.300756
22.342205
22.521762
21.883844
22.092764
21.477721
21.679577
21.054711
21.259819
21.276704
21.05984
21.670889
21.457756
20.088999
19.915399
19.733144
19.545721
20.090945
19.920431
19.728575
19.54427
20.44394
20.254947
20.83774
20.628301
20.639036
20.842123
20.252043
20.434542
19.912529
20.079786
19.535771
19.719979
19.726014
19.537684
20.077203
19.90587
19.083984
19.364377
19.217251
19.221954
19.366134
19.079599
16.844737
16.376282
16.248057
16.376903
16.247449
16.841488
16.840665
16.373817
16.244275
16.245045
16.373029
15.748088
15.475898
15.867826
15.748648
15.476834
15.867253
15.322904
15.323293
15.476437
15.136287
14.95422
15.135658
14.954841
15.745906
15.474535
15.473813
15.86429
15.865014
15.7452
15.134269
14.953541
15.134969
14.95285
15.319683
15.472543
15.473133
15.319105
14.466784
14.311748
14.467195
14.311315
14.64344
14.795396
14.796008
14.642833
13.927868
14.110456
14.109983
13.427987
13.70448
13.925941
14.641497
14.794728
14.794049
14.64217
14.463648
14.307516
14.308116
14.463063
13.424693
13.70359
13.922932
14.105972
14.10661
13.925168
12.707701
12.424656
13.157766
12.872447
12.418443
12.699032
22.817062
13.566219
2.6761311
14.837477
31.300187
13.558783
13.153473
12.870226
12.686591
12.390308
12.695943
12.39781
4.0673478
14.816471
31.232797
22.872763
13.526677
23.049192
13.534762
25.215722
24.794058
24.437179
25.239085
24.770479
24.415681
26.630134
21.05696
26.318221
11.994359
26.317145
26.629482
26.626384
25.243053
24.881898
24.527664
24.808465
24.459731
25.316372
23.491442
23.3107
23.310284
23.499119
23.319389
23.315511
23.025512
23.023137
23.025982
22.738502
22.73756
23.909452
23.731165
23.947856
24.341127
24.227726
24.196548
24.09907
24.280174
24.143362
23.76992
24.021224
23.993535
23.323289
23.530985
23.347782
23.037397
23.057887
23.563507
23.39139
23.374928
23.079659
22.786693
22.769432
21.910568
22.132777
22.339796
22.537156
21.908518
22.126673
22.344773
22.537389
21.695893
21.489222
21.283011
21.074424
21.693697
21.482561
21.289355
21.076448
22.141202
21.931667
22.580959
22.384262
22.354145
22.566753
21.939275
22.165891
21.495027
21.714477
21.092765
21.30659
21.294441
21.088996
21.720731
21.509273
20.27227
20.459452
20.6489
20.856963
20.270777
20.454775
20.653971
20.85885
20.097377
19.929566
19.739964
19.555037
20.095988
19.925801
19.743507
19.556192
20.462556
20.280201
20.873197
20.665662
20.657448
20.869912
20.28258
20.46997
19.931902
20.104608
19.56377
19.751154
19.74567
19.561966
20.106799
19.937738
18.756514
18.586231
18.58494
18.424233
18.291688
18.42471
18.755568
18.583536
18.584015
18.426866
18.29257
18.425613
19.103396
19.237789
19.383904
19.100443
19.240857
19.385005
18.946554
18.587745
18.76101
18.5893
18.297995
18.432318
18.431208
18.428331
18.296659
18.429835
18.76246
18.59184
18.590711
19.105108
19.392158
19.247377
19.242657
19.390445
19.109636
17.61114
17.477039
17.476009
17.339187
17.208043
17.339647
17.61035
17.474772
17.475234
17.341415
17.208791
17.340408
17.865334
17.737185
17.866666
18.155064
18.006977
18.005923
18.003287
18.153765
18.004657
17.738396
17.868942
17.867904
17.47823
17.614684
17.479464
17.213211
17.345913
17.344922
17.342576
17.212089
17.343782
17.615869
17.481628
17.480627
16.40684
16.278637
16.406144
16.279325
17.105199
16.988552
16.987591
16.98538
17.104097
16.986509
16.875233
16.409801
16.283259
16.282239
16.410834
15.367326
15.366861
15.184789
15.00735
15.006591
15.185557
15.789042
15.520216
15.90745
15.906478
15.789997
15.187334
15.008204
15.186423
15.009103
15.371468
15.52296
15.522085
15.372337
14.009572
14.183817
14.184316
13.534569
13.800997
14.011533
14.70522
14.852926
14.704343
14.853815
14.533688
14.384304
14.534518
14.383473
13.537393
13.801885
14.015022
14.189099
14.188263
14.01238
13.787293
23.00606
13.805032
23.301334
13.281976
13.01578
12.867936
12.593999
12.861921
12.59367
13.797006
23.354905
13.806884
26.574148
26.571357
26.237418
20.950416
11.88085
26.237484
26.573747
25.25619
24.705548
25.1407
24.821832
26.574068
20.95201
26.236733
11.882811
26.237528
26.569129
26.573363
25.241376
24.743407
24.816943
25.166335
22.713051
22.738712
23.030172
23.031311
22.743978
22.757401
21.681667
21.474745
21.260172
21.054406
21.673742
21.458508
21.272749
21.058057
22.134429
21.911783
22.541914
22.333436
22.35254
22.552331
21.907816
22.120634
21.478356
21.69333
21.06524
21.274122
21.27587
21.065565
21.690679
21.474677
20.076235
19.90727
19.719318
19.53375
20.075242
19.905221
19.720921
19.534234
20.44019
20.255694
20.846171
20.637091
20.635662
20.846091
20.256382
20.442105
19.908431
20.079942
19.537698
19.724473
19.721956
19.536877
20.080707
19.910927
19.080346
19.365984
19.220556
19.21819
19.365175
19.08263
16.839506
16.83923
16.371453
16.242837
16.371576
16.242705
16.839777
16.840549
16.840148
16.37189
16.243394
16.243104
16.372194
15.743622
15.471492
15.471555
15.862872
15.743795
15.862707
15.318312
15.472075
15.318642
15.471746
15.131989
14.950451
15.131889
14.950564
15.743815
15.471536
15.471663
15.863175
15.862944
15.74403
15.131967
14.950437
15.131889
14.9505
15.318349
15.472067
15.471848
15.31855
14.462182
14.307004
14.462569
14.306595
14.639186
14.791642
14.791766
14.639042
13.922315
14.105418
14.104962
13.41996
13.69863
13.921059
14.639016
14.791613
14.791661
14.638992
14.461689
14.30601
14.305958
14.461769
13.418218
13.698273
13.920527
14.104051
14.104055
13.92083
12.683637
12.365039
13.147069
12.855599
12.355828
12.675509
22.996529
13.505737
23.15204
27.974756
27.882824
13.50142
13.144304
12.853907
12.665825
12.318144
12.672969
12.327706
28.970132
28.43454
23.250369
13.498401
23.316592
13.494229
23.249746
25.216555
24.869583
24.513539
25.307606
24.778575
24.429617
26.6275
21.054693
26.317565
11.991759
26.314819
26.629875
26.625445
25.238198
24.852219
24.49066
24.792558
24.436687
25.299039
23.514188
23.311574
23.333656
23.552155
23.387797
23.364699
23.028942
23.046542
23.070885
22.779452
22.760656
23.886211
23.70562
23.921802
24.302327
24.167113
24.157979
24.071672
24.254764
24.117239
23.734212
23.968004
23.956142
23.309496
23.506386
23.324492
23.051716
23.02615
23.529932
23.356877
23.34378
22.76226
23.036579
22.750562
21.930112
22.141139
22.382454
22.575048
21.937148
22.164546
22.352411
22.55998
21.714206
21.498521
21.306575
21.093622
21.719577
21.50901
21.298694
21.091325
22.138383
21.923449
22.559705
22.368103
22.34937
22.550313
21.927906
22.153058
21.496864
21.708676
21.090299
21.30287
21.297373
21.088628
21.712127
21.503834
20.283953
20.46836
20.666126
20.874469
20.284589
20.470526
20.663037
20.872767
20.108506
19.937965
19.751891
19.566104
20.108936
19.938449
19.751741
19.566058
20.467966
20.283369
20.872115
20.665467
20.662472
20.870763
20.2842
20.470533
19.937905
20.108224
19.566947
19.753485
19.751752
19.566362
20.108966
19.939767
18.765061
18.593536
18.593354
18.433105
18.300382
18.433596
18.764834
18.592625
18.593095
18.43409
18.300695
18.433883
19.111033
19.248151
19.39452
19.110414
19.248635
19.394553
18.951253
18.593759
18.765758
18.594086
18.301878
18.435479
18.435054
18.434325
18.301491
18.434649
18.766205
18.594966
18.594512
19.111204
19.395533
19.25025
19.248779
19.39498
19.112608
17.618664
17.483772
17.483441
17.346708
17.215602
17.347309
17.618252
17.482422
17.483012
17.348099
17.216061
17.347753
17.871215
17.74205
17.871518
18.15897
18.010188
18.009845
18.009189
18.158602
18.009496
17.742368
17.87217
17.871851
17.484067
17.619563
17.484358
17.217278
17.349198
17.348964
17.348399
17.217014
17.348688
17.619866
17.484901
17.484647
16.413772
16.28567
16.413243
16.286209
16.879131
17.109284
16.991865
16.991684
16.991162
17.10903
16.991442
16.87937
16.414804
16.28747
16.287262
16.415013
15.373802
15.524422
15.373121
15.191111
15.013327
15.012861
15.191572
15.793986
15.526098
15.911635
15.911445
15.794175
15.192206
15.013695
15.191935
15.013971
15.375697
15.526397
15.526293
15.375801
14.015826
14.189873
14.190565
13.541866
13.80756
14.017735
14.710086
14.85841
14.7098
14.858693
14.537883
14.387869
14.537988
14.387747
13.543563
13.808061
14.018997
14.192727
14.192602
14.018186
13.77636
13.777212
23.041663
13.289099
13.025554
12.878002
12.626796
12.874931
12.622742
23.219742
13.789997
13.787225
26.570142
26.235341
20.946886
11.877056
26.234576
26.573431
25.213236
24.756478
25.194677
24.768342
20.952315
26.236271
11.882725
26.234085
26.571966
26.571146
25.224062
24.90932
24.800059
25.340817
22.721667
22.723181
23.008695
23.070523
22.776215
23.049807
22.760146
21.684195
21.47773
21.272512
21.063258
21.682304
21.472283
21.277774
21.064954
22.130434
21.920818
22.569963
22.373853
22.343602
22.556698
21.928627
22.156201
21.483632
21.703419
21.08084
21.295919
21.282812
21.076991
21.71002
21.499332
20.084134
19.915431
19.725237
19.54019
20.082782
19.911632
19.728809
19.541323
20.44947
20.265934
20.860592
20.651981
20.644824
20.857437
20.267572
20.455198
19.917116
20.089652
19.545481
19.732351
19.730267
19.544901
20.090942
19.919858
19.087024
19.373092
19.226046
19.225264
19.372665
19.087543
16.841714
16.84096
16.841358
16.373483
16.244362
16.373199
16.244636
16.842205
16.84185
16.842094
16.373802
16.244822
16.244946
16.373669
15.744986
15.472856
15.472714
15.863967
15.744778
15.864186
15.318965
15.472299
15.318762
15.472522
15.132736
14.951298
15.132819
14.951216
15.745185
15.472929
15.864274
15.864396
15.745072
15.132777
14.951318
15.132835
14.95127
15.31919
15.472704
15.472845
15.31903
14.461953
14.306079
14.461863
14.306146
14.639552
14.792383
14.792309
14.639607
13.920497
14.104064
14.104077
13.416333
13.696983
13.920378
14.639544
14.792398
14.792347
14.639607
14.461799
14.305748
14.305934
14.461611
13.415074
13.696781
13.919762
14.103415
14.103635
13.920283
12.663732
12.287897
13.141054
12.842613
12.270602
12.667638
13.504729
21.494836
28.43913
28.199333
13.551225
23.385036
23.327153
13.139586
12.840373
12.653714
12.230374
12.671591
12.202379
28.447189
28.467421
23.357413
13.687923
23.39462
13.913679
17.317933
23.400206
25.261704
24.840778
24.489564
25.27516
24.832508
24.485633
26.629442
21.054947
26.318007
11.99188
26.317162
26.627474
26.626739
25.266712
24.759209
24.415017
24.825279
24.47018
25.19219
23.550387
23.363576
23.365143
23.548931
23.362405
23.364277
23.072774
23.072473
22.782241
22.78217
23.97223
23.728431
23.947887
24.24073
24.105919
24.109463
24.175288
24.286799
24.146577
23.70664
23.917436
23.918965
23.355832
23.526303
23.342036
23.046904
23.044291
23.06262
23.510391
23.33305
23.330651
22.758945
23.051907
22.76393
21.940255
22.158188
22.373983
22.578276
21.940267
22.158282
22.373561
22.578066
21.722601
21.507792
21.305499
21.096162
21.722497
21.507013
21.306413
21.096462
22.154001
21.931549
22.558583
22.362057
22.36847
22.562193
21.92989
22.148789
21.505672
21.715689
21.091793
21.301266
21.304735
21.092951
21.714254
21.501995
20.28738
20.472596
20.66696
20.87697
20.287137
20.471792
20.667853
20.877278
20.111725
19.941066
19.754214
19.568748
20.111516
19.940587
19.754587
19.568853
20.471792
20.285388
20.873252
20.663804
20.666928
20.874372
20.284339
20.468731
19.940427
20.109851
19.566094
19.751022
19.753967
19.567107
20.108814
19.937462
18.767326
18.595169
18.595504
18.435829
18.302751
18.436007
18.767348
18.595347
18.595552
18.435598
18.302669
18.435941
19.113142
19.250795
19.397168
19.113108
19.250901
19.397243
18.95125
18.59456
18.765587
18.59373
18.299987
18.432262
18.433224
18.43499
18.300912
18.434171
18.764623
18.591775
18.592766
19.11254
19.394497
19.247399
19.250299
19.395504
19.109664
17.620209
17.484539
17.484915
17.349341
17.2176
17.349342
17.620367
17.485066
17.485085
17.348783
17.217408
17.349161
17.871401
17.741089
17.870638
18.157007
18.006944
18.007811
18.009474
18.15791
18.008692
17.740264
17.868958
17.869786
17.483972
17.618533
17.483266
17.215123
17.346141
17.346813
17.348227
17.215821
17.347543
17.617739
17.481792
17.482504
16.414837
16.287522
16.415074
16.28729
16.877942
17.107152
16.988976
16.989534
16.990789
17.107815
16.99017
16.87736
16.413444
16.285462
16.28596
16.412913
15.375713
15.526405
15.52631
15.375807
15.192133
15.013674
15.013946
15.191839
15.792796
15.525491
15.90976
15.910188
15.792398
15.191123
15.013353
15.191489
15.013019
15.374235
15.524581
15.52481
15.374001
14.01909
14.192761
14.192708
13.544498
13.809068
14.018917
14.70932
14.858167
14.709615
14.857856
14.536722
14.38664
14.53654
14.386793
13.544198
13.808934
14.018381
14.19153
14.191683
14.01876
13.799005
23.435137
13.801963
13.290647
13.030468
12.883248
12.647924
12.881659
12.646414
23.402225
13.818799
13.814635
20.957623
26.23414
11.896476
26.23508
26.571906
25.179869
24.809996
25.229975
24.767102
20.944111
26.240794
11.851896
26.236153
26.565114
26.318029
25.338856
24.690483
24.903281
25.125916
22.780238
22.77707
22.68221
22.727592
21.709292
21.484802
21.296818
21.081863
21.714683
21.500651
21.28187
21.077143
22.126525
21.887187
22.484398
22.265909
22.344426
22.520966
21.868738
22.06146
21.473324
21.671887
21.044304
21.240107
21.271884
21.052707
21.656845
21.435518
20.085899
19.911403
19.731556
19.542966
20.088893
19.919127
19.724611
19.540756
20.439093
20.249657
20.828375
20.61439
20.634077
20.835404
20.245521
20.422265
19.908191
20.074927
19.53159
19.711771
19.721908
19.533972
20.071404
19.896991
19.080578
19.360631
19.211873
19.218356
19.362735
19.075384
16.840878
16.841517
16.841166
16.37255
16.244019
16.372799
16.243795
16.840866
16.840987
16.372425
16.243288
16.243689
16.372003
15.744274
15.472287
15.472285
15.863577
15.744436
15.863393
15.318656
15.472535
15.318838
15.47238
15.13187
14.950447
15.131802
14.950489
15.744126
15.472391
15.862845
15.863265
15.743784
15.472659
15.1318
14.950473
15.131815
14.950474
15.318293
15.472418
15.316664
14.461198
14.30554
14.461401
14.30534
14.638718
14.791517
14.791573
14.638635
13.919542
14.103177
14.102947
13.412749
13.694726
13.919073
14.638537
14.791518
14.79149
14.638601
14.46032
14.303575
14.304512
14.458725
13.411762
13.694596
13.919626
14.104148
14.102487
13.919074
12.649905
12.257579
13.136077
12.835636
12.257646
12.646001
13.455199
21.638353
28.698104
28.995264
13.446236
23.373173
23.439796
13.135039
12.834776
12.644677
12.249702
12.645447
12.253711
28.012847
28.444994
13.4077
13.418831
21.990928
23.234984
25.402351
24.914593
24.554487
25.351865
24.957853
24.58905
26.617737
21.061676
26.315377
11.982542
26.310303
26.650207
26.640194
25.129805
24.795699
24.426858
24.709653
24.373353
25.245458
23.570813
23.360962
23.376688
23.074181
23.563744
23.351158
23.371766
22.779765
23.077635
22.782147
23.920792
23.695582
23.901125
24.242485
24.105784
24.109148
24.107336
24.205706
24.083186
23.70484
23.915092
23.917757
23.338974
23.504631
23.328282
23.027819
23.053049
23.508596
23.322074
23.328881
23.043338
22.753651
23.045175
22.759643
21.934358
22.153758
22.366531
22.57355
21.93383
22.15171
22.369563
22.57528
21.716481
21.502313
21.301222
21.090549
21.716219
21.50237
21.30069
21.090273
22.150553
21.928314
22.552202
22.346013
22.364898
22.558329
21.924199
22.132977
21.501238
21.71211
21.08674
21.289683
21.299941
21.088697
21.708558
21.489242
20.281151
20.466419
20.663108
20.871472
20.28172
20.467928
20.661742
20.871083
20.105474
19.934894
19.750036
19.563211
20.106061
19.936496
19.748513
19.562678
20.466388
20.281149
20.868417
20.654942
20.661587
20.870015
20.280419
20.460741
19.935157
20.105737
19.563194
19.74517
19.748864
19.563557
20.105171
19.93128
18.761781
18.590266
18.590011
18.431415
18.297721
18.430833
18.762059
18.590888
18.590251
18.430969
18.297597
18.430655
19.107585
19.24641
19.39163
19.108691
19.245177
19.391136
18.949076
18.590969
18.763684
18.591751
18.299529
18.42977
18.432456
18.431706
18.299518
18.432489
18.763837
18.588749
18.59163
19.108098
19.391862
19.243784
19.245666
19.392163
19.10708
17.616183
17.481628
17.481117
17.345644
17.213859
17.34543
17.6161
17.481251
17.480997
17.3461
17.214034
17.345579
17.869155
17.740581
17.869941
18.156851
18.005418
18.007732
18.00696
18.156795
18.007736
17.740666
17.867886
17.869989
17.482419
17.618236
17.48318
17.216109
17.34597
17.347666
17.34688
17.21605
17.347605
17.618359
17.48149
17.483281
16.412454
16.284822
16.412184
16.285104
16.879056
17.108396
16.990876
16.991141
16.989983
17.108169
16.990693
16.879774
16.414436
16.287146
16.287031
16.414551
15.373993
15.524502
15.524618
15.373907
15.190727
15.013218
15.012776
15.191156
15.793879
15.526146
15.911279
15.911247
15.793968
15.19216
15.013752
15.191694
15.014217
15.375974
15.527275
15.527328
15.374547
14.018394
14.191475
14.191541
13.544089
13.809033
14.019125
14.71029
14.858558
14.709924
14.858977
14.537673
14.387038
14.387815
14.536254
13.544711
13.809375
14.02086
14.194766
14.193045
14.019578
13.831563
23.449911
13.836905
13.291729
13.03208
12.887696
12.64327
12.88651
12.647538
23.107304
13.843733
13.849046
)
;
    }
}


// ************************************************************************* //
