/*--------------------------------*- C++ -*----------------------------------*\
| =========                 |                                                 |
| \\      /  F ield         | OpenFOAM: The Open Source CFD Toolbox           |
|  \\    /   O peration     | Version:  2412                                  |
|   \\  /    A nd           | Website:  www.openfoam.com                      |
|    \\/     M anipulation  |                                                 |
\*---------------------------------------------------------------------------*/
FoamFile
{
    version     2.0;
    format      ascii;
    arch        "LSB;label=32;scalar=64";
    class       volScalarField;
    location    "400";
    object      yPlus;
}
// * * * * * * * * * * * * * * * * * * * * * * * * * * * * * * * * * * * * * //

dimensions      [0 0 0 0 0 0 0];

internalField   uniform 0;

boundaryField
{
    inlet
    {
        type            calculated;
        value           uniform 0;
    }
    outlet
    {
        type            calculated;
        value           uniform 0;
    }
    topandbottom
    {
        type            calculated;
        value           uniform 0;
    }
    front
    {
        type            symmetryPlane;
    }
    back
    {
        type            symmetryPlane;
    }
    airfoil
    {
        type            calculated;
        value           nonuniform List<scalar> 
12960
(
52.038884
47.466702
55.976107
47.407403
47.491097
46.880547
42.38327
47.042513
42.537315
46.53467
47.017103
47.114668
56.125724
55.971732
47.025858
55.168473
46.959755
54.229589
46.336195
47.937644
56.403575
47.27457
41.929576
47.286759
55.040551
47.407735
42.415503
47.000605
47.679855
47.009538
56.200527
47.357592
51.506706
51.547875
46.040025
42.511111
54.309507
54.274696
46.20202
55.099033
41.185644
42.14889
40.485175
42.221348
40.240602
39.980228
40.423747
46.881214
40.161657
55.663183
39.866783
40.134733
39.809189
55.090624
39.970464
55.45133
39.775872
39.962336
39.556351
46.063595
39.740482
55.740606
39.846682
40.10819
39.611504
46.924139
39.856096
42.59373
39.882478
39.687921
39.961564
47.826974
40.049701
41.871309
40.163938
39.831119
40.417115
47.371108
40.237578
47.476585
40.322439
40.163909
40.053977
42.687951
39.752389
55.503414
39.87327
39.934622
39.591521
46.920513
39.515346
54.395566
39.728886
39.707882
39.519627
41.180341
39.270148
42.652019
40.891362
39.794967
19.303365
47.791284
40.629503
40.501007
19.055007
18.984783
42.046363
40.364731
40.023775
18.885907
18.984005
19.060619
41.696202
39.736088
39.801944
18.911179
18.8936
55.891247
39.981754
40.191507
19.177182
19.222268
19.193637
55.596442
39.954825
39.998507
19.269491
47.251551
39.767563
39.788981
19.032351
19.132544
18.935026
46.091708
39.586009
39.749182
55.724748
39.8399
40.106301
19.056791
19.161578
55.808551
39.963579
40.089902
19.057535
19.101987
46.54667
39.918755
39.865828
18.965107
19.010061
18.962414
19.085294
56.211138
40.305995
40.282149
19.146061
19.167751
41.983979
40.065076
39.794706
18.946658
19.009757
18.875742
18.917286
41.605141
39.911446
39.964556
18.714699
18.780626
41.738003
39.895476
39.916773
19.012099
18.919058
18.715157
18.782026
18.883071
46.307814
39.803419
39.867993
18.917722
18.908967
47.132181
39.560853
39.7384
19.192374
19.160791
18.916634
19.031053
19.148677
54.236279
39.649276
39.650848
19.335184
19.273437
54.312529
39.630777
39.650774
19.305197
19.357953
19.034461
41.038503
39.643565
39.315887
18.960718
18.866031
46.773057
39.882083
39.739018
19.537885
19.060594
56.701017
47.261795
42.690999
46.592084
46.781798
47.797439
56.565795
47.393447
56.214251
47.974047
47.192393
47.026951
42.526954
42.757055
47.026493
42.379334
46.953376
42.382467
48.36404
48.359176
42.383483
46.775487
18.987216
20.057132
56.397442
47.71618
19.047031
19.087084
18.940878
19.09375
41.923096
46.859921
19.172204
19.088282
56.436083
18.937277
47.392
19.041853
19.064605
18.974953
46.853838
47.318596
19.146582
19.019995
41.908357
47.268655
18.983277
19.176615
19.119602
19.009621
55.576578
55.643836
19.422977
19.424796
18.955716
48.21146
56.613495
19.201042
52.396573
52.017812
19.206733
18.96149
47.8769
43.326841
19.040687
19.111094
19.770375
19.128492
41.222866
55.339871
40.417086
55.860272
40.039973
40.280528
39.83034
47.052906
40.122196
42.026397
40.356121
40.072701
40.393894
41.942594
40.177593
43.211207
40.335996
40.135802
40.522357
48.236627
40.361314
42.125997
40.257416
39.967069
40.460758
47.407966
40.233681
56.434297
40.214307
40.368124
40.155334
46.54072
40.080108
55.903213
40.023972
40.325053
39.748812
46.95518
39.968511
47.279663
39.861795
40.045657
40.160565
56.109719
40.436895
42.752179
40.353426
40.276211
40.670474
47.273269
40.743873
52.299716
40.548527
40.555417
40.786438
57.24888
40.994049
56.73136
41.517758
41.049083
18.967763
46.969618
39.666108
39.919778
19.136462
19.257409
55.621528
39.947553
40.252692
19.171059
19.194292
18.884696
19.288599
19.537589
19.281922
18.987634
56.025703
40.499682
40.448236
19.23154
19.246706
42.326896
40.274613
40.022876
19.186949
18.948118
19.151877
18.9036
18.925752
19.278238
52.225568
40.173784
40.133739
19.307748
18.854125
18.819546
46.892053
40.385604
40.353059
18.944511
19.132686
18.981485
18.847237
18.985628
19.185924
18.946839
48.225259
40.487047
40.350203
18.947146
19.182969
19.169586
42.09947
40.264304
39.969101
18.961161
19.079029
19.157675
18.964837
19.170107
19.032078
42.951631
40.121939
39.965785
19.061812
19.019136
48.044934
40.17045
40.218468
19.156333
18.912046
19.212746
19.108326
19.15926
19.088258
19.098505
41.777355
39.822147
39.827604
18.958949
56.057156
40.111901
40.359914
18.857523
19.269706
19.035992
19.253948
19.114182
55.043094
40.275116
40.224806
55.258197
40.288201
40.266058
19.113209
19.213345
19.20897
19.3516
19.356224
19.164163
19.238003
48.241906
40.422683
40.352648
48.076676
40.647376
40.497801
18.924085
19.208527
19.097265
19.210299
18.964181
19.172689
42.310729
40.570602
40.566974
18.791252
18.848218
51.976942
40.600869
40.596207
18.931569
18.771098
19.349342
18.78171
18.941176
18.82857
18.886677
56.953854
40.618774
40.933929
19.200468
19.293022
47.815184
40.347331
40.610239
19.00207
19.210716
19.267572
19.404862
0.78457191
1.2973115
1.2904046
0.81478837
1.2173548
1.2675512
0.98229794
0.93751853
0.93966993
0.97925299
1.0064833
1.0095564
1.9373479
1.9443635
1.3070929
1.3022432
0.85612585
0.96056706
0.96499914
0.85892959
0.79056287
1.2980505
0.79605797
1.2975521
1.2247117
1.2241395
0.98279493
0.94047523
0.98261742
0.94086034
1.0090492
1.0086945
1.9998839
1.9442666
1.3091437
1.3094262
0.85608311
0.96441212
0.85611036
0.96401228
0.7933429
1.2999712
0.79622425
1.2977953
1.2247574
1.2243371
0.98333949
0.94162232
0.98334069
0.94165563
1.0083879
1.0082168
1.9774772
1.980418
1.3084541
1.308619
0.85577866
0.96351986
0.85590173
0.96331036
0.79343064
1.2994575
0.79876608
1.2976571
1.2250796
1.225048
0.98306483
0.94152066
0.98317061
0.94146615
1.0080064
1.0079638
1.9631616
1.9491038
1.3081699
1.3082244
0.85552524
0.96308775
0.8555884
0.96304985
0.79341441
1.2979808
0.79778781
1.2986407
1.2245727
1.2247374
0.98292342
0.94153319
0.98297975
0.94159492
1.0080482
1.0080998
1.9649904
1.9603595
1.3082183
1.3081939
0.8554605
0.96312211
0.85547076
0.96318946
0.78915601
1.2960875
0.79155025
1.2916071
1.2244999
1.2245848
0.98259184
0.94152215
0.98267642
0.94145712
1.0080598
1.0079709
1.9332369
1.9436811
1.3081702
1.3082134
0.85542787
0.96325331
0.85542829
0.9632365
0.79120327
1.2985353
0.79741626
1.3011845
1.2244406
1.2241726
0.98226631
0.94134509
0.98253686
0.94092147
1.0077458
1.007542
1.9887364
1.9388408
1.307936
1.3079911
0.85545546
0.96313909
0.85542646
0.96304939
0.79649243
1.301374
0.79601191
1.3019586
1.223829
1.2239839
0.98226138
0.94069034
0.9822077
0.94062062
1.0072957
1.0072014
1.9563392
1.9621738
1.3077416
1.307768
0.85553969
0.96293937
0.85549252
0.96291203
0.79365206
1.2999467
0.7935145
1.2959246
1.2241283
1.2239983
0.98176928
0.94022546
0.98208037
0.93988328
1.0071334
1.0072062
1.9275599
1.9715513
1.3080122
1.3078348
0.8556972
0.96300615
0.85563913
0.96319203
0.79466806
1.2968019
0.79295442
1.2999915
1.2221908
1.224469
0.98093634
0.93905533
0.98113516
0.93854542
1.0077732
1.0084029
1.9849054
1.9371915
1.3077994
1.3085168
0.85606238
0.96381531
0.85574761
0.96434283
1.1830962
1.1772261
1.9354971
1.9439713
1.825178
1.8530713
1.1843526
1.1855259
1.9501266
1.9626178
1.8574383
1.834857
0.68880407
0.71343329
0.78507904
1.2957242
1.2925123
0.79406546
0.68936172
0.69815783
1.3090318
0.9554454
0.95911331
1.3154764
1.2223462
1.2243363
1.31111
0.9601352
0.95945656
1.312242
0.98833089
0.93710284
0.94374842
0.98496063
0.9823375
0.94028856
0.93974025
0.98254479
0.98839901
0.94363933
0.94385179
0.98842599
1.3051306
1.3002018
0.98495319
0.94507791
0.94972387
0.9840925
1.0092094
1.0096671
1.3068222
1.3076507
0.98651709
0.94976632
0.94993594
0.98754417
0.8533542
0.95928779
0.9638376
0.85606672
0.85362984
0.96351194
0.9638978
0.85345062
1.8261201
1.8540181
1.9470331
1.9621361
1.8556649
1.8348798
1.2183645
1.2687711
1.2233811
1.2253061
0.98724851
0.94629772
0.95080592
0.98652059
1.3087554
1.3095508
0.9887714
0.95079148
0.95096537
0.98967388
0.85637242
0.96456147
0.96501083
0.85612482
1.1892008
1.1995812
1.998517
1.9445135
1.8978714
1.8339287
1.1899735
1.2001616
1.942853
1.9273747
1.849513
1.8225769
0.69273308
0.70004182
0.79406733
1.2988819
1.3013702
0.79927888
0.69662363
0.70127892
1.3126062
0.96028345
1.3122408
0.96052061
1.2248464
1.2243907
1.3127511
0.96097884
0.96062574
1.3126569
0.98847126
0.94359028
0.98845075
0.94344337
0.9828941
0.9415326
0.94101741
0.98327371
0.98852179
0.94338939
0.94342707
0.98872614
1.3073636
1.3076307
0.98758092
0.94975924
0.98756632
0.94943878
1.0084543
1.0086262
1.3073215
1.3069873
0.98760156
0.9491913
0.94937641
0.98748026
0.85346701
0.96340598
0.8534522
0.96307242
0.85346389
0.96271576
0.96298597
0.85344938
1.8986454
1.8342649
1.9446932
1.9280831
1.8516672
1.8222575
1.2256616
1.2251012
0.98960248
0.95068007
0.98968195
0.9503646
1.3090835
1.3087441
0.98959902
0.95002519
0.95026674
0.98943264
0.85605665
0.96359997
0.96389129
0.85593994
1.1993451
1.196623
1.9769947
1.9811488
1.8798711
1.8824868
1.1981896
1.190574
1.9463079
1.9648589
1.831067
1.8720137
0.69642058
0.6984253
0.7972023
1.2989204
1.2984739
0.79441609
0.69995901
0.69712277
1.3128077
0.96107082
1.3127097
0.96107213
1.2248654
1.2250838
1.3127695
0.96086334
0.96103098
1.3125781
0.98873514
0.94338828
0.98877793
0.94329334
0.98331776
0.94155629
0.94164797
0.98321271
0.98871146
0.94315087
0.94326822
0.98858747
1.3067659
1.3069553
0.98746559
0.94920825
0.98746659
0.94898999
1.0080491
1.0081836
1.306754
1.3065762
0.98749206
0.948667
0.9489454
0.98743377
0.85351816
0.9626654
0.85344529
0.96247376
0.85347603
0.96222408
0.96242858
0.85316766
1.8797781
1.8814196
1.9481028
1.9667764
1.8306488
1.8731646
0.98938332
0.94995519
0.98941771
0.94979171
1.3084396
1.3083036
0.98940128
0.9496481
0.94974515
0.98935996
0.85573103
0.96311574
0.96324741
0.85561539
1.1911752
1.196079
1.9619554
1.9477793
1.8691577
1.8282484
1.195639
1.1886397
1.9450114
1.9570726
1.8255665
1.8638448
0.69641811
0.70131948
0.79764542
1.2979435
1.2979486
0.79385326
0.70044609
0.69676886
1.3125331
0.96084518
1.3125484
0.96082767
1.2250222
1.2248708
1.3125326
0.96099967
0.96086166
1.3125353
0.98847875
0.94314044
0.9885646
0.94310698
0.98305512
0.94152162
0.94148701
0.98299935
0.98848377
0.94317429
0.94312771
0.98846681
1.3064905
1.3065794
0.98750114
0.94888514
0.98743346
0.94884512
1.0080372
1.007989
1.3065275
1.3065338
0.98756356
0.94788938
0.94887306
0.98768712
0.85309061
0.96226615
0.85313662
0.96223515
0.85308289
0.96122142
0.96225376
0.85300527
1.8698385
1.8293156
1.9484392
1.9611567
1.8276756
1.8673893
0.98939358
0.94962511
0.98937029
0.94961656
1.3081992
1.3082236
0.98944365
0.94970652
0.94962775
0.98954698
0.85550453
0.96309864
0.96304882
0.85547264
1.1876629
1.1976159
1.9621143
1.9606688
1.8726744
1.830143
1.1892528
1.1958245
1.9400173
1.9803762
1.8449276
1.8416001
0.69647613
0.70077623
0.79646258
1.2987148
1.3001056
0.79674285
0.69992414
0.70086467
1.3126161
0.96107585
1.3125605
0.96122136
1.2245353
1.2245835
1.3126297
0.96125841
0.9612637
1.3126257
0.98845298
0.9432134
0.98848071
0.94325976
0.98290726
0.94157849
0.94163254
0.98274492
0.98844568
0.94321379
0.94327357
0.98830507
1.3065957
1.3065912
0.9878903
0.94898516
0.98774746
0.94915553
1.0080954
1.0081249
1.3066402
1.3066179
0.98794988
0.94929136
0.94920607
0.9879994
0.85311375
0.96225157
0.85307178
0.96246899
0.8531456
0.96257247
0.9625136
0.85315596
1.8740698
1.8307869
1.942462
1.9797833
1.8440104
1.8413742
1.2255455
1.2256869
0.98967901
0.94973354
0.98960222
0.9498216
1.3082538
1.3082577
0.98972243
0.94989884
0.94984445
0.98975284
0.85544814
0.96324818
0.96320447
0.85542663
1.1905898
1.1825679
1.9317756
1.9424384
1.8358547
1.848137
1.1973354
1.1874154
1.9507987
1.9763108
1.8541756
1.8820428
0.69418357
0.69638177
0.79045523
1.2985705
1.2938125
0.79468279
0.69588055
0.69838597
1.3126083
0.96123572
1.3126438
0.96115434
1.2244852
1.224199
1.3126722
0.96103894
0.96116249
1.3124024
0.98816271
0.94319876
0.98826629
0.94309653
0.98260461
0.94144388
0.94148195
0.98260255
0.9881607
0.94292141
0.94306879
0.98810097
1.3065426
1.3066518
0.98793157
0.94936814
0.98800189
0.94924991
1.007818
1.0079489
1.3065483
1.3063337
0.98791211
0.94909697
0.94923083
0.98764568
0.85312324
0.96259598
0.85312463
0.96256045
0.8531463
0.96244263
0.96255139
0.85309617
1.8361597
1.8479402
1.9523806
1.9737782
1.8548605
1.8805271
1.2253332
0.98969303
0.94989799
0.98976637
0.94987125
1.3081888
1.3080631
0.98968801
0.94976677
0.94985019
0.98949511
0.85542136
0.96316393
0.96321847
0.85541665
1.190446
1.2039806
1.9872041
1.9372483
1.8909275
1.827797
1.2032136
1.1967987
1.9281128
1.9702116
1.8361604
1.8770212
0.69356439
0.70084253
0.79476198
1.3017009
1.3004444
0.79467423
0.69719879
0.69706062
1.3122313
0.96095056
1.3123464
0.960518
1.2244354
1.2241371
1.3121973
0.96025142
0.96041313
1.3120788
0.9878078
0.94287184
0.988056
0.94264669
0.98221545
0.94070341
0.94083211
0.98219036
0.98775919
0.94241466
0.94258964
0.98768256
1.3061623
1.3063227
0.98734286
0.94910363
0.98756649
0.94880351
1.0073478
1.007498
1.3061505
1.3059537
0.98727723
0.94859565
0.94873534
0.98692296
0.85328207
0.96241055
0.85308525
0.96222986
0.85328351
0.96202007
0.96218019
0.85398792
1.8912842
1.8281815
1.9247892
1.9715034
1.830284
1.878075
1.2253702
1.2251022
1.2253536
1.2250559
0.98928798
0.94972412
0.98945384
0.94959751
1.3079424
1.3078371
0.98924555
0.94944075
0.94955139
0.98900388
0.85545544
0.96295368
0.9630147
0.85547511
1.2015277
1.2019311
1.9571693
1.9625545
1.8667641
1.8699758
1.1964081
1.2031754
1.9680419
1.9574403
1.8767358
1.8616862
0.69839669
0.69815748
0.7955866
1.2988963
1.3019683
0.79438888
0.69744147
0.69666487
1.3120972
0.96025038
1.3120951
0.96011934
1.2238632
1.2239559
1.3121182
0.95973721
0.96005332
1.3119038
0.98768151
0.9423847
0.98769561
0.94225848
0.98226363
0.94033513
0.94058336
0.98215859
0.98767474
0.9420853
0.94222683
0.9875573
1.3058106
1.3059402
0.98656606
0.94853929
0.98684824
0.94836803
1.0071487
1.0071939
1.3058396
1.3058021
0.98652051
0.94825404
0.94833764
0.98630321
0.85401184
0.96198427
0.85400263
0.96187578
0.85402861
0.96185655
0.96186654
0.85407386
1.8659786
1.8703569
1.9674581
1.9585173
1.8761096
1.8626489
1.224833
0.98874929
0.94940228
0.98894588
0.94932368
1.3077875
1.3078392
0.98872408
0.94930322
0.94930397
0.98857204
0.85555017
0.96296712
0.96290707
0.85560988
1.2002106
1.1888582
1.9306688
1.9707515
1.834973
1.877805
1.1919149
1.1944502
1.9818058
1.9832969
1.8832921
1.8820385
0.69701558
0.69599451
0.79092465
1.2952023
1.2963629
0.78975647
0.69413338
0.69238603
1.3116494
0.95964437
1.3118561
0.95935653
1.2242336
1.2244035
1.3117248
0.95910261
0.95929874
1.311827
0.98727606
0.94205698
0.9875095
0.94196738
0.98164072
0.9392483
0.93975352
0.98124493
0.98720191
0.94205546
0.94196808
0.98701133
1.3059393
1.3058563
0.98614917
0.94826349
0.98627307
0.94834262
1.007607
1.0072772
1.3060602
1.3063085
0.98617874
0.94866758
0.94841246
0.98622366
0.85413705
0.96188988
0.85409989
0.96204119
0.85415083
0.96247468
0.96213418
0.85414244
1.8325088
1.8785051
1.9816051
1.9828104
1.8838178
1.881448
1.2251589
1.2250335
1.2252643
1.2254152
0.98849651
0.94931375
0.98855385
0.94943903
1.3081493
1.3084807
0.9885433
0.9498092
0.94950688
0.98864449
0.85570205
0.96365395
0.9632763
0.85572096
1.1901555
1.1903213
1.9827117
1.938264
1.8452031
1.8438436
1.1859734
1.1930789
1.9481821
1.9428811
1.83997
1.8542184
0.69793992
0.69531122
0.7880479
1.2977911
1.2985326
0.81391653
0.69164864
0.71075339
1.3105376
0.95901319
1.3118336
0.9584223
1.2173101
1.2669421
1.3085571
0.95448877
0.95811141
1.3147172
0.98703757
0.9421555
0.9870031
0.94253391
0.9809101
0.93632656
0.93847667
0.97801929
0.98702496
0.93613116
0.94252514
0.98385736
1.3056142
1.3064092
0.98541029
0.94878932
0.9862431
0.94894558
1.0055335
1.0083891
1.3040919
1.2994119
0.98401966
0.94327982
0.94881703
0.983527
0.85370553
0.96263753
0.85415014
0.96313221
0.85347187
0.95764458
0.96315403
0.85602996
1.8458443
1.8425752
1.9509356
1.9432888
1.8403169
1.8553488
1.2232046
1.2254927
0.98786743
0.94992216
0.98867373
0.950196
1.3062878
1.3016243
0.98648796
0.94578444
0.95008529
0.98603215
0.85584942
0.96008251
0.96436089
0.85878247
2.7100311
0.85868642
2.8669674
0.85979829
2.6341293
0.85930983
0.85941583
0.85985093
2.6969959
0.86043279
0.86098902
0.86148756
2.6590421
0.8620431
2.8028738
0.86294359
2.7061513
2.9376531
1.1823584
1.1903067
0.85311041
0.85469678
2.941492
1.1846151
1.1951814
0.86004716
2.8625951
2.8643653
1.1931161
1.1895919
0.85434665
0.85368314
1.194854
1.1943532
0.85941637
2.6259846
2.6560217
1.1923434
1.1890942
0.85342407
0.85302257
1.1940402
1.193912
0.85933448
2.673801
1.1890094
1.1888811
0.8528632
0.85267131
1.1937874
1.1939035
0.85966562
1.1889811
1.1889624
0.85262256
0.85253237
1.1938915
1.1941217
0.86021489
1.1890728
1.188981
0.85247779
0.85227415
1.1941244
1.1943158
0.86078894
2.8881595
1.1890289
1.188858
0.85211557
0.85172671
1.1942857
1.1944313
0.8613155
2.6681953
1.1889008
1.1888695
0.8514795
0.85108316
1.1943821
1.1945002
0.86178939
2.6565693
2.6353264
1.1919312
1.189292
0.85096412
0.85095164
2.6437144
1.1946453
1.1951964
0.86263508
2.7925356
2.6953058
1.1894012
1.1785992
0.85106249
0.84920735
1.195312
1.1847733
0.86159062
1.019969
0.78858211
1.0228931
1.2854975
1.2645736
1.2536858
1.2564302
1.2924223
1.258498
0.7916236
1.0366426
1.0206632
1.0502118
1.2412679
1.2468001
1.0460927
0.55958568
0.53338827
0.52253969
0.56904504
0.41975043
1.2114109
0.79040464
0.78691466
0.43948866
1.2044437
0.97377337
0.98215892
0.97376987
0.93952046
0.95097087
0.95318775
0.95296819
0.93960271
0.9530153
0.98194895
0.97157222
0.97388025
1.0082558
0.83859842
0.8240386
0.83387482
1.0087989
0.83456978
2.1688005
1.9447539
2.9194346
1.9572871
1.3558365
1.3051853
1.3547814
1.2989893
1.3553644
1.0202592
0.85656337
0.96326629
0.90630319
0.91306623
0.96446048
0.8477271
1.0180403
0.87651444
0.95262134
0.95176451
0.87724171
0.9753293
0.85892984
0.97875444
0.79256807
1.0249938
1.026951
1.2633823
1.2991018
1.2639277
0.79575569
1.0292909
1.0294394
1.2599623
1.2994093
1.2622354
1.0493236
1.2461473
1.0511004
1.2446163
0.56473627
0.5255857
0.5636575
0.52671605
0.31099777
1.2244408
0.78314583
0.31424472
1.2241949
0.78355427
0.98274723
0.97439229
0.97431482
0.95346029
0.94063976
0.95361376
0.9827078
0.97411277
0.97424507
0.95381523
0.94076684
0.95373229
0.83512108
1.0089271
0.83520958
0.83524352
1.0088176
0.83525699
2.1658673
1.9508552
1.9650881
1.309275
1.3550124
1.3094005
0.85609304
1.019077
0.91256386
0.96426841
0.85609819
1.0194858
0.91227523
0.96413203
0.87652119
0.95142343
0.95154197
0.87641534
0.97782055
0.8597129
0.97762811
0.79474667
1.026531
1.0279874
1.2628224
1.2976419
1.2620293
0.79553738
1.0289071
1.0283682
1.2607635
1.2979066
1.2619397
1.0498276
1.2448047
1.0503173
1.2445939
0.5676092
0.52956239
0.56731462
0.52982678
0.3083869
1.2246086
0.78518834
0.30994728
1.2244429
0.78524558
0.98337767
0.97506092
0.97509752
0.95454281
0.94168033
0.9545908
0.98339663
0.97506225
0.97512139
0.95454578
0.94169272
0.95459269
0.83526475
1.0083431
0.83525263
0.8351595
1.0082952
0.83522773
2.176713
1.9289102
2.6303846
2.1794033
1.9251319
1.3085461
1.3539806
1.3086327
1.3542252
0.85581699
1.018413
0.91192925
0.96344199
0.85585531
1.0186177
0.91177718
0.9633694
0.87593628
0.95074356
0.95079408
0.87589014
0.97712017
0.85930563
0.97713278
0.79389228
1.0262858
1.0267623
1.2643173
1.2989922
1.2640606
0.79861087
1.0311122
1.0309061
1.2605309
1.2981612
1.2609932
1.0488126
1.2442167
1.0496554
1.2435131
0.56858785
0.53077384
0.56880892
0.53050967
0.29772524
1.2250941
0.78577453
0.29772807
1.2250613
0.78578358
0.98310736
0.97479305
0.97484235
0.95439797
0.94150691
0.95437186
0.9831573
0.97492088
0.97490385
0.95428835
0.94149395
0.95434111
0.83498199
1.0079955
0.83497969
0.83494513
1.007991
0.8349798
2.1701275
1.9621468
2.1691088
2.6685704
2.2616732
1.948762
1.3082239
1.3536129
1.3536401
1.308277
1.3536805
0.85553915
1.0181135
0.91162225
0.96306409
0.85555677
1.0181694
0.91160771
0.9630487
0.87574929
0.95050813
0.95051071
0.87574449
0.97748422
0.85946241
0.97756553
0.79192477
1.0267541
1.0250484
1.2633805
1.2988398
1.2631577
0.79647556
1.0301009
1.0292283
1.2612739
1.2960385
1.2595365
1.0485202
1.2436004
1.0488475
1.2432964
0.5674156
0.52959087
0.56733944
0.52971558
0.30651369
1.2246136
0.78520181
0.30518355
1.2246511
0.78514699
0.98295978
0.97461358
0.97464959
0.95420505
0.94156693
0.95421064
0.98299048
0.97468297
0.97468863
0.9541851
0.94159563
0.95421347
0.83496253
1.008081
0.83499192
0.83499982
1.0081088
0.83501583
2.1678763
1.9436633
2.1588253
1.9695249
1.3082556
1.3536219
1.3536308
1.3082829
0.85546106
1.0181722
0.9117013
0.96314232
0.85546073
1.0181349
0.91177349
0.96316212
0.87586336
0.95057471
0.95055205
0.87588286
0.97827138
0.85992686
0.97838472
0.78916638
1.0223247
1.022524
1.2597012
1.294113
1.2580921
0.7897475
1.0250055
1.0232946
1.2566791
1.2929366
1.2571543
1.0469264
1.2426195
1.0473964
1.2421407
0.5656865
0.52734462
0.5660479
0.52697909
0.30747613
1.2245228
0.78508853
0.30713107
1.2245646
0.78507818
0.9826225
0.97432301
0.97434983
0.95401782
0.94150084
0.95400198
0.98266262
0.97439811
0.97438903
0.95396815
0.94149082
0.95399932
0.83490946
1.0080445
0.83489127
0.8348049
1.008026
0.83486563
2.1392697
1.9455346
1.9424315
1.3082255
1.3535375
1.3082779
0.85542357
1.0181986
0.91184449
0.96324877
0.85542082
1.0182006
0.91183104
0.96323967
0.87603268
0.95070539
0.95068433
0.87604064
0.97921208
0.86051174
0.97933058
0.79443515
1.0259289
1.0285502
1.2632275
1.3016158
1.266
0.79913152
1.0298154
1.0323142
1.2618906
1.3011052
1.263511
1.0495391
1.2457343
1.0510075
1.2445391
0.56761803
0.52951457
0.56715716
0.52998282
0.30557774
1.224367
0.78519216
0.3070943
1.2242554
0.78511719
0.98237029
0.97399343
0.97410853
0.95392413
0.94123207
0.95383591
0.98248284
0.97429572
0.97423496
0.95357323
0.94109044
0.95371951
0.83456965
1.0076908
0.8345
0.83431639
1.0076312
0.83442556
2.1750901
1.9478882
2.630245
2.3046114
1.9791764
1.3079971
1.353292
1.3080462
1.3533573
0.85544082
1.0181383
0.9117405
0.96310638
0.85542709
1.0181672
0.91164706
0.96307255
0.87609281
0.95081474
0.95079573
0.87608715
0.98011016
0.8610608
0.98020884
0.80084053
1.0297439
1.0333576
1.2635416
1.3019832
1.2666173
0.800956
1.0291963
1.0334429
1.2641425
1.3019309
1.2665791
1.0514094
1.2461471
1.0514067
1.2461526
0.56663319
0.52884697
0.56674868
0.52877444
0.3106547
1.2238327
0.78489404
0.30972402
1.223885
0.78486875
0.98226769
0.97397636
0.97398791
0.95345449
0.94069865
0.9534932
0.9822603
0.97393492
0.97398819
0.95348168
0.9406876
0.95351502
0.83409108
1.0072729
0.83409153
0.83404837
1.0072526
0.83408778
2.2725051
1.9532151
2.165057
1.950939
1.307781
1.3531783
1.35317
1.307827
1.3531569
0.85551713
1.0181487
0.91151652
0.96292195
0.85549719
1.0181254
0.91145431
0.96290875
0.87606712
0.95092445
0.95089905
0.87605745
0.98087458
0.86155138
0.98095521
0.7973388
1.0268022
1.0302245
1.2620686
1.2975235
1.2628054
0.79626682
1.0272109
1.0292238
1.2607532
1.2986479
1.263779
1.0509745
1.2457202
1.0506214
1.2459863
0.56794205
0.52969152
0.56780152
0.52984087
0.30410161
1.2240685
0.78443253
0.30489539
1.2240454
0.78433048
0.98190673
0.9734526
0.97360238
0.95324028
0.94013801
0.95317153
0.98202074
0.97378854
0.97372705
0.95292216
0.94003789
0.95308086
0.83399007
1.0071551
0.83399582
0.83395171
1.0071902
0.83399283
2.2481174
1.9486781
2.8313249
1.94599
1.3079726
1.3537653
1.3536251
1.3079541
0.8556761
1.0184742
0.9114611
0.96305023
0.85565269
1.018289
0.91155717
0.96310784
0.87616871
0.95131166
0.9512254
0.87621168
0.98172168
0.86215138
0.98188587
0.79633468
1.0296218
1.0301358
1.2612939
1.2984891
1.2635677
0.79583804
1.0266607
1.0292538
1.2648945
1.2999052
1.2647767
1.0538084
1.248648
1.0530413
1.2497557
0.56036912
0.52432259
0.56204616
0.52280608
0.3317581
1.2239776
0.7816184
0.32101736
1.2245039
0.78124896
0.9810083
0.97236551
0.97244264
0.95201747
0.93888398
0.95186764
0.98107645
0.97264627
0.97254467
0.9516317
0.93871661
0.95175079
0.83373859
1.007996
0.83364841
0.83339393
1.0082446
0.83348278
2.1804289
1.9397672
1.9290513
1.3083524
1.3557868
1.3086028
0.85586183
1.0197736
0.91199329
0.96398954
0.85578981
1.0191194
0.91245141
0.96417935
0.87693843
0.95253917
0.95238989
0.8770213
0.98371383
0.86300893
0.98416589
1.1716456
1.1830128
2.1687124
1.9437014
2.2242715
1.9577274
1.83631
1.8488864
1.5543663
1.5475205
1.8241676
1.857513
1.1873058
1.1887707
2.1648502
1.9538564
2.15645
2.6656133
1.9388949
1.861461
1.8604519
1.5505099
1.5628478
1.8431595
1.8366557
1.2784426
0.69307218
1.2809981
0.58793762
0.56575931
0.56634406
0.69399327
1.2895187
1.283369
1.0205883
0.78638087
1.0217055
1.294867
1.2617798
1.2596785
1.2570047
1.2940641
1.2579744
0.79001529
1.0275399
1.024432
1.2782523
0.69024365
1.278209
0.69418342
1.2813457
1.2798561
0.54781757
0.4770873
0.47382781
0.55176738
1.0493919
1.2458192
1.245655
1.0501591
0.54805405
0.47593241
0.47448985
0.54960926
0.68085177
0.71058096
0.70533113
0.68696119
0.55891843
0.52250347
0.52134014
0.56013321
0.68079151
0.70659231
0.70545897
0.68190182
0.9165574
1.3073257
0.91637877
0.95772236
0.95115271
0.95129519
0.95121069
0.95868392
0.95124137
1.3040092
0.92128971
0.91667841
0.33383936
1.2241341
0.78132973
0.78097781
0.32426314
1.2245491
0.91789439
1.3119467
0.9185176
0.9599612
0.95150551
0.95158079
0.95147243
0.95972654
0.95155483
1.3122972
0.91900558
0.91901297
0.97893251
0.98804962
0.97846934
0.94098291
0.98299637
0.98591911
0.98788916
0.94307031
0.98734277
0.98753027
0.97428247
0.97733928
0.97374217
0.9823964
0.97378138
0.94007247
0.95329264
0.95311705
0.95292766
0.93988819
0.95300121
0.98247086
0.97399298
0.9738784
0.97903629
0.98841644
0.9790325
0.94371799
0.98769001
0.98778701
0.98796548
0.94380696
0.98790397
0.9884321
0.97896774
0.97901288
1.3540827
1.3031966
1.2969735
1.0109889
0.98301139
0.9478273
0.98633799
0.98979988
0.9490611
0.97985009
1.0094613
1.0093748
0.83500091
0.83482606
0.8344281
1.0095639
0.83458418
1.3550052
1.3074216
1.30772
1.011671
0.98714247
0.94990859
0.99027384
0.9902706
0.9499814
0.98748966
1.0103131
1.017633
0.85376619
0.96204561
0.90385419
0.91072841
0.96328965
0.84487394
1.0153314
1.251025
1.2530547
1.0176625
0.8534925
0.96366179
0.91045713
0.9107752
0.96381739
0.85346561
1.0171348
1.2553826
1.2547582
1.3100911
0.87201889
0.9480623
0.94716401
0.87278712
0.81363087
0.81419883
1.2722708
1.1886482
1.2797344
0.87281536
0.94814337
0.87288069
0.94801823
0.81396671
0.8139546
1.1928696
1.2810881
1.2817651
0.96873354
0.85352651
0.97232615
0.85477883
0.97235907
0.97280826
1.8373655
1.8493899
1.8237473
1.8588825
2.1688155
1.9517787
1.9384904
1.861193
1.8586545
1.5619417
1.8443636
1.8375187
1.0507118
1.2421315
1.247632
1.0466402
0.54781297
0.47696293
0.47365465
0.55182235
1.0499802
1.2467211
1.2465759
1.0507426
0.54811179
0.47580479
0.47434767
0.54969489
0.56023622
0.53367371
0.52273739
0.56978587
0.68161156
0.7115684
0.70625293
0.68778922
0.55937608
0.52242268
0.52130066
0.5605153
0.68139281
0.70729827
0.70621885
0.68245428
0.42098312
1.2124168
0.79130942
0.78785759
0.43951936
1.2056308
0.33480117
0.78209693
0.78176848
0.32528403
1.2255402
1.0118354
0.9853475
0.94897739
0.98737177
0.99068027
0.95015733
0.98222738
1.0104446
1.3567305
1.3093264
1.3096016
1.3560665
1.0124603
0.98935901
0.95088881
0.99123711
0.99109498
0.95096375
0.989666
1.0123787
1.2543505
1.3121967
1.310978
1.2563527
1.0202583
0.85620909
0.96472077
0.91267759
0.91307594
0.96488468
0.85616054
1.0196617
1.2586156
1.2580228
1.3130393
0.81865124
0.81924612
1.2765766
1.1935194
1.2844517
0.87720498
0.95265551
0.87730009
0.95249524
0.81893936
0.81888945
1.1978274
1.2856668
1.2863862
0.86011025
0.97873941
0.97920478
1.1909067
1.198244
2.1657148
1.9521217
2.1942213
2.2689007
1.9610363
1.8605711
1.884323
1.8375153
1.8421311
1.193038
1.1953496
2.2807762
1.9688907
2.1860887
2.8496807
1.9518458
1.8585059
1.8402864
1.5531155
1.5710534
1.8322819
1.8358871
0.69533891
1.2790405
1.2799528
0.56690663
0.69940505
1.2821334
1.2817349
0.56382597
1.0288339
0.79947279
1.0331248
1.301909
1.2643315
1.2671302
1.2640011
1.302339
1.2668954
0.80165452
1.0314163
1.0341357
1.281043
0.7018285
1.2830166
0.57212726
0.57178296
0.703364
1.2824258
1.2832351
0.55017073
0.47769522
0.55144219
0.47684989
1.0522094
1.2472691
1.2471535
1.0529799
0.55170636
0.47987339
0.47831408
0.55351131
0.68630065
0.71002009
0.68529513
0.71105557
0.56704111
0.53014072
0.52951065
0.56786202
0.68802707
0.7132762
0.71295599
0.6885782
1.3124538
0.91993733
0.91972182
0.95145527
0.9603805
0.95139796
1.3123292
0.91924661
0.91954339
0.95134143
0.9604619
0.95137556
0.30728287
1.2247754
0.78476333
0.7844889
0.30842168
1.2245776
0.92031054
1.3127701
0.9205425
0.96087544
0.95150536
0.95147988
0.95138554
0.96075589
0.9514452
1.3127517
0.92077806
0.92079875
0.98846699
0.97889372
0.97891482
0.98762682
0.94353892
0.98756315
0.98847483
0.97895693
0.97894779
0.987456
0.94349979
0.98752243
0.97452031
0.98301662
0.97467158
0.94137476
0.95445626
0.95430449
0.95395754
0.9412002
0.95413447
0.98316719
0.97498243
0.97485378
0.97891303
0.9885879
0.97894132
0.94340703
0.98738576
0.98740596
0.98743701
0.94342387
0.98743203
0.98867985
0.9790004
0.97899033
1.3074831
1.3534604
1.3075924
0.98757342
1.0095448
0.99040474
0.94969745
0.98758529
1.0114163
0.98996719
0.94961416
1.008507
0.8352841
0.8352852
0.83526238
1.0085708
0.83528918
1.3533041
1.3072355
1.3071652
1.352859
1.0093902
0.98755535
0.94932294
0.98974401
0.98990792
0.94939895
0.98754173
1.0090186
0.85346904
1.0166239
0.91036876
0.96329975
0.85346107
1.0169757
0.91017001
0.96320228
1.2554345
1.2553428
1.0165542
0.85350144
0.96280599
0.91074844
0.91014801
0.96290269
0.85348073
1.0164711
1.2551643
1.2552558
1.3081074
0.87226777
0.94706584
0.94716481
0.87218394
0.81418023
0.81417512
1.2806344
1.1930347
1.280394
0.87204052
0.94697151
0.87210663
0.94687395
0.81416663
0.81413223
1.1925068
1.2792089
1.2798164
0.9713764
0.85420993
0.97113874
0.85381763
0.97039398
0.97055331
1.8583266
1.8850906
1.8400305
1.8430413
1.5792055
2.2809808
1.9673595
1.9518533
1.8604698
1.8391209
1.8321359
1.8357862
1.0495094
1.2468532
1.0514218
1.2452097
0.54988237
0.47735398
0.55128128
0.47638698
1.0523906
1.2478622
1.2477242
1.0531784
0.55136246
0.47931431
0.47775928
0.55318118
0.56404679
0.52510737
0.56310599
0.5259679
0.68648513
0.71051371
0.68548758
0.71153492
0.56696891
0.52943925
0.52885266
0.56751771
0.68868967
0.71377529
0.71355628
0.68894574
0.31171076
1.225389
0.78382207
0.31511464
1.2251447
0.78419862
0.30762295
0.78535454
0.78508377
0.30880464
1.2254966
0.98964419
1.0115638
0.99115714
0.95056987
0.98968502
1.0121649
0.99087736
0.95046114
1.3548348
1.3089751
1.3088924
1.3543473
1.0113867
0.98955924
0.95009661
0.9905196
0.99078252
0.95017548
0.989527
1.0109001
1.2585421
1.3112452
1.2584334
1.0189644
0.85602179
0.96368722
0.91198414
0.91218871
0.96378093
0.85597924
1.0186909
1.2582178
1.258326
1.3108683
0.81899985
0.81899938
1.2846685
1.1948022
1.2843949
0.87624231
0.9513011
0.87632027
0.9511874
0.81896255
0.81891013
1.1973254
1.2836322
1.2842575
0.85949549
0.97719459
0.97726524
1.1915702
1.1926004
2.1821257
1.9274266
2.1789367
2.6260889
2.1793335
1.9263362
1.8327014
1.8738437
1.8312233
1.8757385
1.1991536
1.1900098
2.2853575
1.9662878
2.2438774
1.9624694
1.8385264
1.8341589
1.5729754
1.5546956
1.8678696
1.8708619
0.69774082
1.2802565
1.2807894
0.56751683
0.69821137
1.2813228
1.2809938
0.56714739
1.0298713
0.79909311
1.0316179
1.300059
1.2615482
1.2625909
1.2632915
1.2994859
1.2647586
0.79529576
1.0273324
1.0283399
1.281208
0.70158147
1.2816098
0.5681263
0.69784151
1.2803129
1.2805484
0.55202841
0.47988935
0.55295128
0.47922562
1.0501983
1.2441075
1.2447961
1.0494691
0.55244246
0.4797594
0.47969393
0.55236655
0.68845756
0.71315215
0.68821233
0.71334252
0.56927754
0.53101855
0.53118326
0.56930105
0.69000379
0.71473942
0.71446119
0.69027143
1.312847
0.9212929
0.92136569
0.95156796
0.96111426
0.95160277
1.3128183
0.92105155
0.92133751
0.95150213
0.96112168
0.95160028
0.30131784
1.2249682
0.7855292
0.785466
0.2995037
1.2250659
0.9213305
1.3127098
0.92127656
0.9609159
0.95111685
0.95121457
0.95142232
0.96098126
0.9513295
1.3126914
0.92108967
0.92130816
0.98877736
0.97895985
0.9790033
0.98738289
0.9433697
0.98736143
0.98880555
0.97902766
0.97903797
0.98728149
0.94334849
0.98734385
0.97504127
0.98328177
0.97500941
0.94158227
0.95443421
0.95446071
0.95452626
0.94162555
0.95450314
0.98325638
0.97495971
0.97499621
0.97893751
0.98867351
0.97890227
0.94319402
0.98710618
0.98715787
0.98725248
0.94324261
0.98722103
0.98864564
0.97881875
0.97887554
1.3068599
1.3525403
1.3069428
0.98746644
1.0085816
0.98986188
0.9491784
0.98748244
1.0101871
0.98947413
0.94913097
1.0080898
0.8350197
0.83506101
0.8351308
1.008147
0.835108
1.3524786
1.3067097
1.3067007
1.3522983
1.0084575
0.98748917
0.94883679
0.98820443
0.98939464
0.94891641
0.98750525
1.0083834
0.85355442
1.0172538
0.91071057
0.96261336
0.85356061
1.0164381
0.91055853
0.96256247
1.2547578
1.2547029
1.0171995
0.85341223
0.96231872
0.91045047
0.91052795
0.96239074
0.85322777
1.0160119
1.2546177
1.2546552
1.3073556
0.87177768
0.94644135
0.94648964
0.87173555
0.81384171
0.81388242
1.2793271
1.1923187
1.2792439
0.8716673
0.94639345
0.87169685
0.94634146
0.81380134
0.813759
1.191962
1.2784982
1.2790163
0.97002509
0.85334161
0.96991409
0.85311071
0.96952869
0.96961963
1.8361453
1.8742423
1.8303403
1.8755887
1.5721836
2.2885662
1.9641023
2.9390186
1.9611317
1.8381787
1.8322025
1.866418
1.8719506
1.0501265
1.2454276
1.0505272
1.2452671
0.55186324
0.47942482
0.55268786
0.47884873
1.0504352
1.2446837
1.2454288
1.0496166
0.55219139
0.47921499
0.47924837
0.55199698
0.56767345
0.52912821
0.56737873
0.52943868
0.68921363
0.71380649
0.6889743
0.71401258
0.56905644
0.5304878
0.53057425
0.56872735
0.69054985
0.71548467
0.71516955
0.69083806
0.30903955
1.2255041
0.78580073
0.31061155
0.78586835
0.30164953
1.2259036
0.78616357
0.78609755
0.29973521
0.98941131
1.0104944
0.99044404
0.94989397
0.98943574
1.0107706
0.99026765
0.94983695
1.3539124
1.3083947
1.3083904
1.3537353
1.0104228
0.98939867
0.94967287
0.99010261
0.99021822
0.94970381
0.98941671
1.0102451
1.2577638
1.2577051
1.0183479
0.85568704
0.96315128
0.91163801
0.91172982
0.96319214
0.85564592
1.0182001
1.2576084
1.2576515
1.3100082
0.81862798
0.818653
1.2832694
1.1940618
1.2831731
0.87582703
0.95068426
0.87585132
0.95063183
0.81858347
0.81854186
1.1968096
1.2829319
1.2834452
0.85933744
0.97728534
0.97723454
1.1900943
1.1966203
2.1682118
1.959278
2.1690541
2.6637335
1.94879
1.8669023
1.8686563
1.5537137
1.8269386
1.8356677
1.1963008
1.1893659
2.2578383
1.945705
2.2573331
1.9617197
1.8335874
1.8262522
1.5691805
1.551361
1.8699466
1.8650851
0.69682332
1.2798013
1.2800124
0.56755468
0.70128154
1.2814615
1.2813758
0.56464445
1.0299204
0.79774535
1.0300674
1.297739
1.2609113
1.2604376
1.263144
1.2983804
1.2633973
0.79318814
1.0266488
1.0260297
1.2808793
0.70048409
1.2808661
0.56590254
0.69615427
1.2798391
1.2796243
0.55239027
0.48029945
0.5529117
0.47995855
1.048986
1.2430625
1.2436472
1.0482923
0.55233609
0.47945165
0.47983105
0.55183113
0.69049101
0.7151964
0.69060053
0.7151407
0.56822421
0.52927728
0.52972538
0.56741846
0.68962946
0.71350249
0.71429921
0.68892446
1.3125614
0.92123544
0.92126957
0.95108958
0.96083091
0.95108336
1.3125677
0.92116245
0.92129332
0.95109433
0.9608337
0.95110607
0.29929665
1.2249771
0.78546364
0.78561596
0.30029931
1.2249545
0.92136462
1.3125285
0.92143919
0.9609483
0.95128203
0.95123147
0.95113764
0.96090835
0.95119165
1.3125794
0.92154145
0.92161712
0.98850873
0.97873942
0.97875871
0.98708777
0.94312761
0.98706774
0.98854895
0.97880087
0.97878997
0.98704268
0.9431277
0.98706977
0.97477417
0.98303472
0.97474632
0.94150264
0.95421847
0.95423085
0.95427596
0.94150382
0.9542637
0.98302473
0.97470679
0.97473619
0.97875646
0.98847993
0.97876723
0.94316192
0.98708439
0.98707895
0.98706154
0.9431543
0.98708438
0.98848779
0.97878193
0.97878943
1.3065449
1.3521959
1.306597
0.98747006
1.0082814
0.9894445
0.94893434
0.98746615
1.0096484
0.98928942
0.94893471
1.0080184
0.83496185
0.83496263
0.83495304
1.0080135
0.83496904
1.3521957
1.3065466
1.3066006
1.3522156
1.0082958
0.98758803
0.9489002
0.98836877
0.98931648
0.94897727
0.98766683
1.0084863
0.85310175
1.0159056
0.91044624
0.96226744
0.85311538
1.015965
0.91043683
0.96226745
1.2544973
1.3071622
1.3071703
1.2544898
1.015906
0.85308137
0.96218672
0.9096202
0.91045964
0.96228089
0.85306067
1.0157803
1.2544984
1.2544855
1.3071679
0.87157066
0.94616344
0.94616979
0.87156426
0.81358493
0.81359774
1.2783804
1.1918136
1.2788145
0.87157362
0.9461577
0.87156347
0.94614746
0.8135742
0.813556
1.1889643
1.2783202
1.2783161
0.9693086
0.8528426
0.96924734
0.85270991
0.96900054
0.96905491
1.8687001
1.8695588
1.8271392
1.8366978
1.5702681
2.2590802
1.9479214
1.9631617
1.8350786
1.8276478
1.8710579
1.8680917
1.0491133
1.244752
1.0497604
1.244208
0.55222448
0.47979425
0.55254734
0.47962798
1.0497334
1.2441085
1.2447313
1.0489865
0.55258935
0.47945293
0.47987267
0.55202969
0.5686624
0.53054073
0.56880709
0.53039234
0.69113233
0.71602094
0.69121121
0.7159918
0.56802845
0.52944588
0.52992176
0.56759454
0.69046795
0.71488907
0.71527616
0.69009415
0.29835431
0.78645947
0.29813169
0.78649071
0.30054304
0.78624668
0.78636851
0.30159102
0.98939934
1.0101508
0.99007519
0.94961257
0.98940791
1.0102014
0.99005118
0.94960705
1.3536051
1.3082056
1.3082549
1.3536038
1.010156
0.98948434
0.94967481
0.99013197
0.99006001
0.94964609
0.98955164
1.0102179
1.2574563
1.2574433
1.0181039
0.8554885
0.96307667
0.91167368
0.91161214
0.96305612
0.85547579
1.0181196
1.2574381
1.2574319
1.3097859
0.81845755
0.81844882
1.2828411
1.1938631
1.2828183
0.87576397
0.95049522
0.87574699
0.95048776
0.81844519
0.81843695
1.1967566
1.282816
1.2832756
0.8596287
0.97795285
0.97785235
1.1910264
1.1917395
2.1637281
1.9420854
2.6282112
1.9700529
1.8508883
1.8725904
1.5496447
1.8400025
1.8316314
1.5735014
1.1872984
1.1959871
2.1519569
1.9327694
2.191814
2.3117089
1.9802808
1.8563713
1.8413434
1.5525782
1.5656885
1.8398807
1.8366863
0.69540929
1.2802155
1.2796514
0.56558579
0.69974778
1.2810292
1.280888
0.56560848
1.0292858
0.79869667
1.0310622
1.2987531
1.2634602
1.2644454
1.2633612
1.3012742
1.2647856
0.79937521
1.0296199
1.0314337
1.2817625
0.70236247
1.2827594
0.57027429
0.70306504
1.2818267
1.2827046
0.55154598
0.47927438
0.55168908
0.47922111
1.0523173
1.2466439
1.2464727
1.0523702
0.55423516
0.48065876
0.48105464
0.55381294
0.68796179
0.71256695
0.6881079
0.71238539
0.56788191
0.52999293
0.53035239
0.56762852
0.6879879
0.71234076
0.71230545
0.68798668
1.312628
0.92194006
0.92195859
0.95138313
0.96113955
0.9514779
1.3126136
0.92173022
0.92194017
0.95159792
0.96119769
0.95156991
0.30765914
1.2245209
0.78519938
0.78522009
0.30741512
1.2245512
0.92206708
1.3126231
0.92211063
0.96128782
0.95166276
0.95169774
0.95165814
0.96129527
0.95170258
1.3126644
0.92206453
0.92222913
0.9884778
0.9788171
0.97882959
0.98711757
0.94324027
0.98713901
0.98849641
0.97880984
0.97883591
0.98715456
0.94326786
0.98716984
0.97460138
0.98286578
0.97456693
0.94161578
0.95407458
0.95412715
0.9541913
0.94164767
0.9541822
0.98282041
0.97446146
0.97453152
0.97882117
0.98841309
0.97880143
0.94324793
0.98707864
0.98712019
0.98716555
0.94327629
0.98716337
0.98837925
0.97871883
0.97877993
1.3066294
1.3522667
1.3522674
1.3066512
0.98784631
1.0085571
0.98960575
0.94915276
0.98781778
1.0097797
0.98958577
0.94920739
1.008114
0.83494543
0.83498125
0.83500923
1.0081349
0.83501249
1.3522728
1.3066563
1.3066995
1.3522513
1.0085932
0.98795862
0.94934405
0.98976194
0.98963608
0.94932743
0.9880108
1.0087245
0.85310846
1.0160622
0.91046712
0.96240321
0.85309918
1.0159325
0.91069837
0.96246211
1.2545915
1.3072658
1.307249
1.2546112
1.0161105
0.85329792
0.96257864
0.91079299
0.91073456
0.96256813
0.85329937
1.0161491
1.2546478
1.2546272
1.307333
0.87166636
0.94619938
0.94617594
0.87168844
0.81358074
0.81356804
1.2783422
1.1918155
1.2788147
0.87173834
0.94621847
0.87171088
0.94622773
0.81359118
0.81359008
1.1890315
1.2784197
1.278398
0.96888679
0.85262985
0.96885091
0.85256007
0.96866498
0.96871849
1.8510005
1.8726031
1.8390685
1.8333695
1.5718827
2.1490303
1.932425
2.2013124
1.9750955
1.854812
1.8426115
1.5509602
1.8374998
1.8372788
1.0486008
1.2442283
1.0490688
1.2437833
0.55123847
0.47891114
0.55148703
0.47875697
1.0526639
1.247397
1.2471936
1.0527636
0.55405972
0.48036747
0.48070738
0.55370282
0.56736856
0.52949208
0.56746923
0.52939477
0.68917096
0.71397897
0.68926469
0.71380671
0.5678553
0.52976861
0.53011558
0.56761443
0.68905139
0.71359749
0.7136025
0.68905836
0.30700983
1.2255896
0.78600826
0.30586236
0.78593989
0.30842927
0.78580921
0.78584241
0.30839425
0.98967887
1.010319
0.99015939
0.94976277
0.98967007
1.0102429
0.9902403
0.9497895
1.3536205
1.3082582
1.3082993
1.3535954
1.0103403
0.98974676
0.94988495
0.99031368
0.99026226
0.94986412
0.98978909
1.0103856
1.2575001
1.2575126
1.0181773
0.85543688
0.96323691
0.91183618
0.91178962
0.96321837
0.85542659
1.0181944
1.2575398
1.2575207
1.3098533
0.81852323
0.8184924
1.2828605
1.1939978
1.2828735
0.87593646
0.95058251
0.8759049
0.95059162
0.81852969
0.81853655
1.1969617
1.2829669
1.2834101
0.86016068
0.9788435
0.97872603
1.1878228
1.1867838
2.1376328
1.9421812
1.9394262
1.8554275
1.847158
1.5623647
1.8470278
1.8545057
1.5543582
1.1898847
1.1827284
2.2941208
1.9711342
2.213165
1.940198
1.8565409
1.8356868
1.5742406
1.5609759
1.8347579
1.8764314
0.69407102
1.2778341
1.2777653
0.69451956
1.2798872
1.2783851
0.5582397
1.0236766
0.79390383
1.0267192
1.2973931
1.2611919
1.2615758
1.2580415
1.2944003
1.2602674
0.79513695
1.0270925
1.0276806
1.2791133
0.69912144
1.2805855
0.56457459
0.69922538
1.2806145
1.2805646
0.54911705
0.47702267
0.54943986
0.47666283
1.0498842
1.2450629
1.2449598
1.0504533
0.55108362
0.47937299
0.47827939
0.55232877
0.68747859
0.71215831
0.68754245
0.71213402
0.56540846
0.52775188
0.52727197
0.56571225
0.68781171
0.71277731
0.71261893
0.68800443
1.3126052
0.92202449
0.9220712
0.9516474
0.96120195
0.95161842
1.3126437
0.92212685
0.92217628
0.95160688
0.96118507
0.95162066
0.30922123
1.2244118
0.78519369
0.78515378
0.30940706
1.2242989
0.9221722
1.3126493
0.92217227
0.9611217
0.9514683
0.95159871
0.95165449
0.96116673
0.9516716
1.3125794
0.92178501
0.92214227
0.98820002
0.9785825
0.97862495
0.98706043
0.94317212
0.98703365
0.98824429
0.97869163
0.97867022
0.98696962
0.94315024
0.98702202
0.97434297
0.98261779
0.97436417
0.94148611
0.95399778
0.95402115
0.95399206
0.94150451
0.95402499
0.98263753
0.97436186
0.97439249
0.97856875
0.98815429
0.97854712
0.94298426
0.98681566
0.98687383
0.98695067
0.94303914
0.9869296
0.98815607
0.97846849
0.97853211
1.3066131
1.3521613
1.3521996
1.3066753
1.3522429
0.9879595
1.0086143
0.98994325
0.94938267
0.98800335
1.0100073
0.98966271
0.94936634
1.0078692
0.83464568
0.8347018
0.83477703
1.0079208
0.8347541
1.3521333
1.3065076
1.3064778
1.3519488
1.0085792
0.98782176
0.94922193
0.98952923
0.98964091
0.94927868
0.98775967
1.0084547
0.85312213
1.016116
0.91081776
0.96260232
0.85312123
1.0161235
0.91079667
0.96260363
1.2547436
1.3073706
1.3073703
1.2547449
1.0161317
0.85326189
0.9624998
0.91068643
0.91077969
0.96254924
0.85313142
1.0160778
1.2547284
1.2547412
1.3073838
0.87182444
0.9462972
0.94628021
0.87182982
0.81364937
0.81363751
1.2784621
1.1919021
1.2789317
0.87183779
0.94630785
0.87183236
0.94630667
0.81365738
0.81365016
1.1890706
1.2784884
1.2784828
0.96848316
0.8524715
0.96841274
0.85233251
0.9680411
0.9681495
1.8577829
1.8475698
1.8487081
1.8542759
1.5535351
2.2945573
1.9694761
2.1758616
1.9385914
1.857405
1.8346011
1.5732494
1.8333332
1.8763077
1.0474232
1.243531
1.0479308
1.2430136
0.54900891
0.47675052
0.5493621
0.47634899
1.050157
1.2457236
1.2456175
1.0507169
0.55083587
0.47889008
0.47782904
0.55205393
0.5656168
0.5270726
0.56601175
0.52661381
0.68823275
0.71323561
0.68841591
0.71312445
0.56573671
0.52744384
0.52712671
0.56606195
0.68832061
0.71345824
0.71325352
0.68855697
0.3092296
1.2253454
0.78567174
0.30882687
0.7856445
0.31023245
0.78569175
0.78565521
0.31013195
1.2251884
0.98973913
1.0103477
0.99031347
0.94989235
0.98978211
1.0103832
0.99028076
0.94987987
1.3535238
1.3081583
1.3081476
1.0103276
0.98964506
0.94979753
0.99016154
0.99025916
0.94982337
0.98960438
1.0102091
1.2575992
1.3098988
1.3098927
1.2576038
1.0181904
0.85541547
0.96318425
0.91176264
0.91181392
0.96319863
0.85541028
1.0181716
1.2576054
1.2576054
1.3098911
0.81866655
0.81863178
1.2830352
1.1942279
1.2830486
0.87606682
0.95071095
0.87604933
0.95071675
0.81867702
0.81868508
1.1971687
1.283121
1.2835723
0.8607391
0.97977528
0.97966211
1.193643
1.1984842
2.1882128
1.9409196
1.9788988
1.8435438
1.8818225
1.5546237
1.8425619
1.8378799
1.5806387
1.19188
1.1948905
2.2664946
1.9578631
2.814406
2.2553298
1.949044
1.8493683
1.8331341
1.8281377
1.8745625
0.69708823
1.2790105
1.2802688
0.56920532
0.70197199
1.2816884
1.2820649
1.0287311
0.79959143
1.0329667
1.2999165
1.2632578
1.2646808
1.2634024
1.3023771
1.2666899
0.79796575
1.0283915
1.0311027
1.2803603
0.70179101
1.2820213
0.56733591
0.56929147
0.70053675
1.2809189
1.2818032
0.55080718
0.4793845
0.55219099
0.47833467
1.0509834
1.245789
1.2458607
1.0507937
0.55165245
0.47913901
0.47879445
0.55190187
0.68890166
0.71342923
0.68877886
0.71354484
0.56845023
0.53033317
0.53087906
0.56804527
0.68893707
0.71322749
0.71330759
0.6888257
1.312301
0.92114168
0.92140846
0.9513628
0.96082524
0.951236
1.3123477
0.92170521
0.92165767
0.95091147
0.96068424
0.95109764
0.30382013
1.224365
0.78487833
0.78490172
0.30484087
1.224274
0.92107451
1.3121502
0.92097712
0.96028818
0.95067629
0.95070283
0.95081089
0.96034653
0.95075301
1.3121532
0.9207896
0.92100148
0.98790032
0.97818812
0.97827578
0.98677304
0.94280507
0.9867132
0.98799973
0.97842373
0.97836795
0.98657318
0.94273984
0.98666207
0.97393602
0.98218234
0.97389986
0.94071779
0.95343641
0.95342658
0.95349864
0.94077158
0.95345861
0.98218759
0.97391464
0.97390885
0.97813752
0.98771994
0.97809012
0.94247403
0.98637525
0.9864239
0.98652626
0.94253988
0.98648669
0.98771132
0.97801603
0.97806512
1.3062491
1.3517587
1.3518154
1.3063216
1.3518971
0.987419
1.0081366
0.9896396
0.94905237
0.98750833
1.0096666
0.98919014
0.94897495
1.0073942
0.83412487
0.83416262
0.83425618
1.0074546
0.83421549
1.3517135
1.3061056
1.3060863
1.3515558
1.0080683
0.98715645
0.94867757
0.98915728
0.98912363
0.94874628
0.98707243
1.0092852
0.85325445
1.0170194
0.91065056
0.96236296
0.85310806
1.0160617
0.91044462
0.96231792
1.2546585
1.3072845
1.254642
1.0170176
0.85330016
0.96208062
0.91022484
0.91039361
0.96214291
0.85395771
1.0169382
1.2545983
1.2546208
0.87180034
0.94630396
0.94629871
0.87178134
0.81366961
0.81366392
1.2784851
1.1918399
1.2789426
0.87174552
0.94630244
0.87176048
0.94629083
0.81366893
0.81365335
1.1889605
1.2784658
1.2784651
0.96769311
0.85207284
0.96757201
0.85182098
0.96696746
0.96713089
1.8529329
1.8824319
1.5543053
1.8413277
1.8388377
2.2627583
1.956065
1.9456579
1.8455683
1.8334102
1.5773094
1.5604961
1.8262151
1.875793
1.049766
1.2463431
1.0512811
1.2451374
0.55054819
0.47889461
0.55193673
0.47784716
1.0514826
1.2467302
1.2467027
1.0514166
0.55166134
0.47900969
0.47856583
0.55202345
0.56773709
0.52922868
0.56761213
0.529756
0.6896435
0.71418621
0.689423
0.71437383
0.5690162
0.53047365
0.53087726
0.56873633
0.69004218
0.71447867
0.71460376
0.68991705
0.30625896
1.2253015
0.78570163
0.30760843
1.2251885
0.78564906
0.30507066
0.78555757
0.78556323
0.30616602
1.2251805
0.98936636
1.0100611
0.99011961
0.9496809
0.98943387
1.0101662
0.98999537
0.94963518
1.3532673
1.307911
1.3532392
1.3079132
1.3531827
1.0100216
0.98917708
0.94947252
0.98983111
0.98994954
0.94950685
0.98912573
1.0099097
1.2576043
1.3098928
1.309882
1.2576092
1.0181243
0.85545666
0.9629689
0.91153579
0.91160978
0.96298491
0.8554595
1.0181173
1.2576047
1.2576058
1.3098877
0.81883013
0.81879228
1.283171
1.1943796
1.2831809
0.87608777
0.9508174
0.8760823
0.95082118
0.81884023
0.81884744
1.1972933
1.2832426
1.2836953
0.86127194
0.98061077
0.98050993
1.1942324
1.1941175
2.2730292
1.9547339
1.9543364
1.8304395
1.8690285
1.5743036
1.8304056
1.8702338
1.1920023
1.1937117
2.2636418
1.9516603
2.6541424
1.9608851
1.8750437
1.8312782
1.5686923
1.8322928
1.8632478
0.70270843
1.2813525
1.2826484
0.57083408
0.70283229
1.2812418
1.2826725
1.0290435
0.79902053
1.0318724
1.3006013
1.2620326
1.2654948
1.2637164
1.301011
1.2654526
0.7992694
1.0276796
1.0320503
1.2809309
0.70078052
1.2816536
0.56539298
0.56847323
0.70107623
1.2802621
1.2815876
0.55349057
0.48063321
0.55343852
0.48072557
1.0506204
1.2455366
1.2455401
1.0505957
0.55268028
0.47969532
0.47995907
0.55248609
0.68825864
0.71302789
0.68842152
0.71288222
0.56697294
0.52928673
0.52910893
0.56719916
0.68826738
0.71265261
0.71289115
0.68823235
1.3121139
0.92064509
0.92080739
0.95071394
0.9602332
0.95074218
1.3121295
0.92086026
0.92093965
0.95070183
0.96020207
0.95075794
0.30972791
1.2238926
0.78465628
0.78472376
0.30862599
1.2239224
0.92062174
1.3120774
0.92045919
0.95985856
0.95038495
0.95050769
0.95067586
0.95997407
0.95061877
1.3120363
0.91989805
0.92032318
0.98770262
0.9779291
0.97796803
0.98635829
0.94234908
0.98633569
0.98771573
0.97800759
0.97800253
0.98627665
0.94231963
0.98632721
0.97397476
0.98224209
0.97395001
0.94042699
0.95332008
0.95338001
0.95346914
0.9405239
0.95344233
0.98221959
0.97386742
0.97392951
0.97790944
0.98764852
0.97787495
0.94213982
0.98613739
0.98618469
0.98625866
0.9421949
0.98623802
0.98762526
0.97777665
0.97784536
1.3058714
1.3514649
1.3514805
1.3059409
0.98667022
1.0091179
0.98910198
0.94848073
0.98678223
1.0092453
0.98894128
0.94843627
1.0071604
0.83400982
0.83403035
0.83404907
1.007186
0.83405248
1.3514799
1.3058388
1.305874
1.0091232
0.98645723
0.94827904
0.98882174
0.98891595
0.94831498
0.98641423
1.0091519
0.85401237
1.0169019
0.91017884
0.96194565
0.85401471
1.0169365
0.91003875
0.96192208
1.2544834
1.2544808
1.0169146
0.85404377
0.9618554
0.90995754
0.91001394
0.96186669
0.85406824
1.0169684
1.2545044
1.2544864
0.871642
0.9462797
0.94626455
0.87162143
0.8136348
0.81362726
1.2789813
1.1916936
1.2789521
0.8716006
0.94629508
0.87160478
0.9463084
0.81364158
0.81364838
1.1916813
1.2786042
1.279016
0.96651056
0.85141697
0.96636528
0.85117515
0.96579367
0.96592903
1.8293102
1.8690616
1.8281838
1.8711809
2.2640029
1.9529935
1.9626653
1.8750912
1.8319864
1.5682968
1.5762147
1.8334418
1.8643025
1.0518868
1.2470738
1.0520035
1.2470001
0.55338303
0.48041082
0.55345865
0.48039477
1.0510189
1.246325
1.2463287
1.0510099
0.55244975
0.47927151
0.47951036
0.55228633
0.5673602
0.52921846
0.56753925
0.52911345
0.68891748
0.71376627
0.68909339
0.71361148
0.56763839
0.52932969
0.52922887
0.56787569
0.68913749
0.71404781
0.71381448
0.68939328
0.31172219
1.2248188
0.78557919
0.31090176
1.2248468
0.78555589
0.31041291
0.78541658
0.78544572
0.30920926
1.224939
0.98882644
1.0098632
0.98979511
0.9493691
0.98890948
1.0098813
0.98972205
0.94933922
1.3532126
1.3078028
1.3078571
1.35334
1.0098772
0.98868029
0.94929239
0.98970926
0.98970629
0.94929025
0.98865836
1.009984
1.2575868
1.3099406
1.3099055
1.2576001
1.0181574
0.85556419
0.96293609
0.91144216
0.91143484
0.96291176
0.85558049
1.0182408
1.2576447
1.3099738
1.257618
0.8189578
0.81892355
1.2832969
1.194474
1.2833139
0.87606245
0.95093845
0.87605239
0.95095961
0.81896832
0.81897238
1.1945651
1.2835087
1.2839541
0.86172699
0.98132905
0.98122011
1.1884856
1.1898764
2.246313
1.9508156
2.173842
1.9470088
1.832989
1.8468888
1.5758843
1.8301045
1.8748709
1.1844298
1.1844317
2.2333201
1.9447277
2.1791565
2.6193778
1.9443998
1.8753001
1.8302999
1.5699539
1.5725896
1.8294044
1.8727368
0.70031949
1.2800881
1.2812416
0.56644542
0.69912528
1.2800803
1.2809106
1.0246987
0.79195613
1.0256153
1.2943132
1.2588589
1.2599016
1.2595456
1.2942778
1.2598621
0.79167804
1.0237732
1.0255152
1.2789931
0.69500176
1.2790423
0.69455932
1.278865
1.2790778
0.55212744
0.47896528
0.55199913
0.47887871
1.0495953
1.2453524
1.245119
1.0497174
0.55029656
0.47697623
0.47710548
0.55019317
0.68875846
0.71315046
0.68876197
0.71311733
0.56646096
0.52733952
0.52839052
0.56536993
0.68756804
0.71126642
0.71212188
0.68666886
1.3117002
0.91894509
0.91922749
0.95032059
0.95954711
0.95026335
1.3118055
0.91973471
0.91957216
0.95020445
0.9594617
0.95023641
0.30602063
1.224318
0.783264
0.78365547
0.30848993
1.224372
0.91893238
1.3117999
0.91888406
0.95918545
0.9505734
0.95049102
0.95028258
0.9592549
0.95039899
1.3118765
0.9185788
0.91888643
0.98737191
0.9775627
0.97762898
0.98611615
0.94202546
0.98609055
0.98745878
0.97773624
0.97769585
0.98604743
0.94200717
0.98608538
0.97330389
0.98149969
0.9731333
0.93942171
0.95220331
0.9523913
0.95276883
0.93960414
0.9525959
0.98137727
0.97280211
0.97297698
0.97752617
0.9871251
0.9774929
0.94200672
0.98614485
0.98609325
0.98605419
0.94198618
0.98607719
0.98707531
0.97747568
0.97748897
1.3059199
1.3518812
1.3059219
0.9861901
1.0094694
0.98883287
0.94827886
0.9862519
1.0092137
0.98891573
0.94831727
1.007466
0.83382409
0.83387842
0.83394027
1.0073674
0.83392354
1.3520551
1.306158
1.3062917
1.0096332
0.98620078
0.94857582
0.98920006
0.98898638
0.94849717
0.98624737
1.0102011
0.85413252
1.0171658
0.90996702
0.96192881
0.85412463
1.0170131
0.91003576
0.96199154
1.2546999
1.2547706
1.0172566
0.85415395
0.96234993
0.91032373
0.91009293
0.96224368
0.85415953
1.0176104
1.2549556
1.2548541
1.3082431
0.87165853
0.94658547
0.94650622
0.8716937
0.81373799
0.81372328
1.2792898
1.1920179
1.2794028
0.87180607
0.94667053
0.87174035
0.94675961
0.81374101
0.81372534
1.1920324
1.2796145
1.2798572
0.9655159
0.8509402
0.96545675
0.85094349
0.96552891
0.96545212
1.8315385
1.8460656
1.8293308
1.8758634
1.5568627
2.2319144
1.9435795
1.9430716
1.8763379
1.8300706
1.5723386
1.8281144
1.8728318
1.0514521
1.2465865
1.0510998
1.2468568
0.55203227
0.47861934
0.5518943
0.47851217
1.0499101
1.2459836
1.2458452
1.0499407
0.55000506
0.47640414
0.47657562
0.549828
0.56854336
0.52968369
0.56850879
0.52969599
0.69008353
0.71466091
0.69008057
0.71463861
0.56686238
0.52696627
0.52792279
0.56581762
0.68847902
0.71216161
0.71312354
0.68746156
0.30459871
1.2250972
0.78529275
0.30540224
1.2250751
0.78518761
0.30651072
0.78399685
0.78440846
0.30901873
1.2253882
0.98851508
1.0103815
0.98972465
0.94933817
0.98855439
1.0100484
0.98985239
0.94937572
1.3539574
1.3082628
1.3084138
1.3547201
1.0105455
0.98858245
0.94969333
0.99019702
0.98992107
0.94958884
0.98864732
1.011168
1.2578721
1.3106263
1.3104668
1.2579503
1.0185545
0.85570455
0.96350919
0.91186695
0.91160584
0.96337875
0.85570615
1.0189317
1.2581495
1.2580417
1.3110317
0.81916813
0.81912879
1.2837693
1.1947919
1.2838881
0.87635017
0.95139448
0.87626901
0.95149202
0.81917607
0.81917026
1.1979572
1.2846689
1.2848924
0.8625297
0.98275611
0.98250911
1.1897204
1.1914911
2.1832976
1.9397411
2.3022783
2.1741651
1.9278382
1.8385217
1.8391011
1.8313236
1.8530125
1.1778271
1.1936774
2.1796173
1.972355
2.2326593
2.9235649
1.9458834
1.8476711
1.8758008
1.5565859
1.562035
1.8252887
1.859538
0.69881015
1.2831221
1.2827027
0.57012395
0.69826867
1.2804278
1.2820468
0.5725353
1.0243804
0.78774547
1.0230677
1.287398
1.2642485
1.253992
1.2615698
1.2962596
1.2597609
0.79074266
1.0360549
1.0203407
1.2811402
0.69067691
1.2806811
0.58678058
0.56692285
0.69091057
1.2880133
1.2818562
0.55176655
0.47833181
0.55218282
0.47776563
1.0485856
1.2398473
1.2457816
1.0443989
0.54734231
0.47658943
0.47378171
0.5510724
0.68155108
0.70770326
0.68300835
0.70628812
0.56088964
0.53550982
0.52390436
0.5708025
0.68035946
0.70926904
0.70466855
0.68603754
1.3113836
0.91714534
0.91783468
0.95068441
0.95887533
0.95076198
1.3117803
0.91849588
0.91836909
0.95066204
0.95867669
0.95074668
0.41703196
1.2115308
0.79005628
0.78671439
0.43808214
1.2043787
0.91601023
1.3068371
0.91572026
0.95672852
0.95030942
0.95046757
0.95044469
0.9576815
0.9504416
1.3034812
0.92043823
0.91596156
0.98703431
0.97770436
0.97765592
0.98625153
0.94227564
0.98637953
0.98702126
0.977521
0.97759105
0.98666366
0.94242601
0.98654868
0.97237617
0.98077562
0.97233937
0.93828232
0.94963031
0.9517963
0.95163613
0.93837045
0.95162817
0.98062358
0.97022987
0.97246936
0.97768316
0.9867826
0.97728099
0.93992429
0.98202918
0.98486115
0.98668007
0.94192243
0.98620179
0.98632055
0.9732698
0.97622436
1.3061853
1.3537834
1.3064497
0.98593725
1.0091363
0.98929308
0.9489066
0.98621438
1.0104225
0.98895669
0.94900542
1.0072297
0.83783673
0.82322472
0.83293352
1.0076955
0.83368562
1.3529603
1.302217
1.2960915
1.3526554
1.0085175
0.98218657
0.94696594
0.98427813
0.98855361
0.94821614
0.97916596
1.007362
0.853543
1.0184168
0.91044723
0.96281208
0.85414831
1.0177902
0.91087127
0.9630087
1.2549284
1.2543373
1.0184326
0.85391281
0.96136599
0.90322536
0.91088519
0.96265434
0.84491514
1.0150351
1.2506826
1.2526746
1.3076536
0.87230138
0.94767102
0.94754526
0.87236004
0.81342775
0.81341712
1.280474
1.1919435
1.2811356
0.87148147
0.94759675
0.87225532
0.94670174
0.81309816
0.81367368
1.1874875
1.2711509
1.2790705
0.96620606
0.85106829
0.96662377
0.84964942
0.96208038
0.96581864
1.839638
1.8395523
1.832295
1.8526802
1.5529005
2.1805115
1.9726523
1.9462604
1.847721
1.875407
1.8255713
1.8610938
1.0542565
1.2492985
1.0533583
1.2505205
0.55172561
0.47796227
0.55203156
0.47748957
1.0492371
1.2407624
1.246851
1.0449182
0.54718513
0.47625395
0.47344116
0.55092706
0.56041836
0.52387967
0.56205559
0.52250477
0.68232709
0.70857454
0.68378018
0.70715489
0.56061073
0.53552197
0.52379447
0.57080679
0.68107151
0.71000602
0.70544547
0.68669911
0.33222199
1.2249909
0.78232949
0.3214761
1.2255182
0.7819544
0.41805136
0.7907229
0.78741704
0.43856933
1.2054207
0.98840041
1.0115914
0.99028322
0.95004105
0.98866365
1.0113865
0.99025502
0.95014803
1.3549757
1.3044237
1.2983064
1.3546944
1.0110423
0.98467216
0.9485481
0.98683154
0.98990252
0.94953275
0.98166257
1.0098719
1.2581645
1.3126756
1.2575863
1.0197994
0.85633351
0.96277839
0.90581978
0.91246345
0.9638824
0.847545
1.017692
1.2539653
1.2559383
1.3105847
0.8190359
0.81898616
1.285608
1.1951376
1.2858297
0.87621014
0.95248114
0.87694555
0.95161609
0.8187323
0.81932503
1.1936813
1.2764722
1.2843425
0.86183491
0.98049606
0.98382624
1.9022671
0.86575441
2.0226587
0.86923454
1.7519901
0.86784475
2.1676571
2.9638707
0.86755201
2.1667445
2.977194
0.86780902
1.84441
0.86829978
2.1256423
2.9075728
0.86874085
1.8769666
2.6697341
0.86910067
1.8585765
0.86962159
2.0080189
0.87113489
1.9024843
2.1406954
0.85148734
0.85660041
0.85981665
0.86381759
2.1484886
0.85751953
0.86228611
0.86949295
2.009642
2.0854625
0.8569846
0.85621742
0.86369057
0.86220589
2.1022642
2.8748964
0.86222408
0.86188324
0.86794399
1.7343853
1.8494321
0.85660746
0.85598896
0.86219095
0.86143793
1.8627363
2.6618955
0.86186153
0.86197437
0.86755341
2.1501066
2.9554441
1.8807636
0.85598433
0.85601001
0.86138057
0.8611582
1.8855556
2.6755873
0.86199605
0.86233585
0.86775865
2.1560743
2.9699726
2.1662941
2.9837023
0.85603196
0.85612135
0.8611467
0.86110437
2.1867225
2.9872143
0.86238254
0.86280525
0.86823948
1.8278488
2.690541
1.7207308
2.6109762
0.85613309
0.85599268
0.86109518
0.86091963
1.7371083
2.6158236
0.8628442
0.86310604
0.86869237
2.1119557
1.8637252
2.6672969
0.85596013
0.8555246
0.86088103
0.86053927
1.8722341
2.6705566
0.86311527
0.86315558
0.86905855
1.8653353
1.8794309
2.6846575
0.85545275
0.85499819
0.86048864
0.86033202
1.8990472
2.687096
0.86313098
0.86300886
0.86952331
1.8391752
1.7550821
0.85535555
0.85474386
0.86046632
0.86110963
1.7707345
0.86299447
0.86322498
0.87088606
1.9897713
1.8881481
0.85473278
0.84937776
0.86128855
0.85697563
1.8915095
2.6980645
0.86325233
0.85840693
0.86733739
0.80101421
1.0739636
1.0701263
0.81092167
0.59345303
0.51004936
0.47916845
0.61389295
0.7103831
0.69743132
2.0948299
0.78216629
1.2964629
1.2892766
0.81281607
0.98362879
0.93883056
0.94097581
0.98057536
1.0080738
1.0110786
1.6100184
0.86930864
1.68405
0.79968625
1.0681045
0.80458794
1.0631274
0.60190726
0.48419445
0.59882838
0.48711955
0.70402173
0.70671763
1.7927645
2.6430925
0.78743998
1.2970213
0.79383959
1.2964317
0.98395286
0.9416623
0.98386326
0.94195149
1.01045
1.0100281
1.6882467
0.86868243
1.6877473
0.80156628
1.0652523
0.80415356
1.0647073
0.60405719
0.49017141
0.6038703
0.49023893
0.70775624
0.70823362
1.7562179
0.79096191
1.2984544
0.79354385
1.296621
1.2256695
1.2252431
0.98446877
0.94267371
0.9844449
0.94274216
1.0096443
1.0094588
1.6878067
0.86779395
1.6879704
0.8015727
1.0657935
0.80272796
1.0649461
0.60522299
0.49170444
0.60570395
0.49026938
0.70949118
0.70950578
1.8800443
0.79115371
1.2975072
0.7955405
1.2965324
1.2260303
1.2260268
0.98430581
0.94268513
0.98434991
0.94272181
1.0092379
1.0092036
1.6881147
0.86774819
1.6882702
0.80239739
1.0659324
0.80214162
1.0653426
0.60385773
0.49005769
0.6033335
0.49012314
0.70789726
0.70707713
1.7772837
2.6372162
0.79028868
1.2971542
0.79535975
1.2964872
0.9840632
0.94278035
0.98419197
0.94276558
1.0092594
1.0092933
1.6885743
0.86813254
1.6888142
0.79913994
1.0647367
0.80035796
1.0636219
0.60216182
0.48828849
0.6026831
0.48625501
0.70746521
0.7075201
2.0390839
2.8470024
0.78685524
1.2945054
0.78922683
1.2903872
1.2253408
1.2254363
0.98376721
0.94264425
0.98384531
0.94252776
1.0092642
1.0092086
1.6893111
0.86862432
1.6897941
0.79994651
1.066102
0.80390818
1.062919
0.60398214
0.4891782
0.60343729
0.49051904
0.70787618
0.70796779
1.7862594
0.78867036
1.2973516
0.79481548
1.2998909
0.98350625
0.94236537
0.98372944
0.94200513
1.0090482
1.0088979
1.6907963
0.86903063
1.6915617
0.80174343
1.0643907
0.80163636
1.0644483
0.60272632
0.48996907
0.60323317
0.48893423
0.70768702
0.70734379
1.8990716
2.6810825
0.79357759
1.3003945
0.7937656
1.3003023
1.22494
0.98351712
0.941947
0.98350191
0.94188116
1.00873
1.0086852
1.6935529
0.86939357
1.6948131
0.8018918
1.063961
0.80087849
1.0652183
0.60390006
0.48919955
0.60381361
0.4891123
0.70759046
0.7074786
2.0665808
0.79105127
1.2988035
0.79091289
1.2945455
0.98309182
0.94148854
0.98336449
0.94112219
1.0087258
1.0088786
1.6972142
0.87016629
1.6986876
0.80350853
1.0668788
0.80299749
1.0713286
0.59468828
0.48584452
0.59951401
0.48132219
0.70402213
0.699275
2.1074693
2.9537737
0.79227783
1.29491
0.78989154
1.2984549
0.98247597
0.94027621
0.98254954
0.93982375
1.0095468
1.010221
1.7011416
0.8714747
1.7012831
2.0813325
2.9147075
1.7840062
0.81767704
0.58561963
0.78070283
0.78522845
0.56705791
0.56214012
0.78767321
0.64841628
0.48011478
0.45487559
0.66114204
0.80033245
1.0684581
1.0671134
0.80417798
0.64830783
0.45882705
0.45502775
0.65236052
0.63238167
0.76283277
0.7486723
0.64948211
0.59407151
0.48320418
0.47956501
0.59724792
0.6329267
0.75289956
0.74932224
0.63631248
0.70292129
0.6987573
0.85456292
0.85611881
1.6062062
0.86349702
1.6795182
2.6513329
2.8109731
0.86409534
1.6830283
1.6834209
2.819546
2.8186373
1.1809607
1.5543729
1.1746301
1.5470974
1.7961016
2.6717802
1.1821092
1.5502882
1.1828511
0.68703175
0.712005
0.82036883
0.58330083
0.78383403
0.78284887
1.2949192
1.2914207
0.79205738
0.68780394
0.69675118
0.78836415
0.79072763
0.80122749
1.0745428
1.0705408
0.81128252
0.64854182
0.48017365
0.45475123
0.66140097
0.80058305
1.0688943
1.0675644
0.80447218
0.64847298
0.45856044
0.4548863
0.65259232
0.59381585
0.51031021
0.47918602
0.61444112
0.63286398
0.7639673
0.74960317
0.65016363
0.59438419
0.48300445
0.47950599
0.59739507
0.63335352
0.75359966
0.75018736
0.63644325
1.3102895
0.95685156
0.96050928
1.3167592
0.71151128
0.69834972
1.3123473
0.96142773
0.96082836
1.3134104
0.70365973
0.69961272
0.98970656
0.93868733
0.94525614
0.98636146
0.98366212
0.94150804
0.94102988
0.98381706
0.98976388
0.94505465
0.9453363
0.98973404
1.0106338
1.0111675
0.86048777
0.86199781
2.6551379
2.8167661
0.86987806
1.6884707
1.6880861
2.8263019
2.8244559
1.7833407
2.63895
1.5563156
1.5799788
2.098377
0.78555323
0.5681038
0.56281035
0.79314307
0.78750053
0.57016221
0.56724304
0.79061668
0.64885429
0.45974482
0.65297511
0.46080346
0.80077969
1.066018
1.0643569
0.80521754
0.64959262
0.46467509
0.46181622
0.65446106
0.64063968
0.75404425
0.63760729
0.7569318
0.60221537
0.49048219
0.48770534
0.60408473
0.64125245
0.75799068
0.75749656
0.64224431
0.70777864
0.70725268
0.85688773
0.85683546
1.6823319
0.86302001
1.6807134
2.8187058
2.8170725
0.86282473
1.6787585
1.6801312
2.8143189
2.8162382
1.186693
1.5559336
1.1968121
2.1127302
2.85228
1.1863558
1.5516232
1.1974925
1.5710456
0.69039005
0.69849143
0.78878789
0.56376578
0.55738892
0.79690373
0.79119577
1.297311
1.2999234
0.79661094
0.69449024
0.69937914
0.79099886
0.79428983
0.79945056
1.0685033
0.80477812
1.0631477
0.64859768
0.45929067
0.65310751
0.45979572
0.80059161
1.0662665
1.0644597
0.8050924
0.64935492
0.46377866
0.46075447
0.65427347
0.60122858
0.48387265
0.59840372
0.4859685
0.64051041
0.7546952
0.63746762
0.75756798
0.60251091
0.48966888
0.48712116
0.60389402
0.64144526
0.75861542
0.75814814
0.6425517
1.3137115
0.96154423
1.3133893
0.9616909
0.70473449
0.7073954
1.2257932
1.22531
1.313844
0.96210067
0.96177343
1.3137294
0.70844219
0.70793447
0.98967231
0.94497849
0.98973325
0.94475579
0.98402642
0.94257704
0.94208432
0.98437314
0.98969911
0.94464062
0.94471766
0.98986904
1.0097191
1.0099406
0.86253259
0.86256511
2.8261125
2.825368
0.86851983
1.6877326
1.6876885
2.8258514
2.8255641
1.7435022
1.5748135
1.5728308
2.1373445
2.9261312
0.78865913
0.56808524
0.56611407
0.78859602
0.78738243
0.56593828
0.56750934
0.78715649
0.65089534
0.46451555
0.65373757
0.46434441
0.80212308
1.0650602
1.065147
0.80204911
0.65136605
0.46523772
0.46494154
0.65160037
0.64288925
0.75787911
0.6421682
0.75829594
0.60506664
0.49162566
0.49133985
0.60574426
0.64354354
0.75947389
0.75863457
0.64433321
0.70932484
0.70855463
0.85663977
0.85662376
1.6783313
0.86190337
1.6773673
2.8138125
2.8124334
0.86181846
1.676529
1.6770832
2.8116611
2.8122235
1.1960472
1.5736187
1.1939119
2.1462058
1.1946309
1.5721085
1.1873525
1.5534115
0.69469695
0.69646544
0.79215801
0.56121192
0.79171154
0.79478802
1.29701
1.2970838
0.79125125
0.69828614
0.69483394
0.79094482
0.56041527
0.56260305
0.79024682
0.8017199
1.0655098
0.80400217
1.0651831
0.65097537
0.46350446
0.65354365
0.46380924
0.80223574
1.0652235
1.0656197
0.80176355
0.6514002
0.46459277
0.46437961
0.6512524
0.60461803
0.48944214
0.60379723
0.49028593
0.64327837
0.75854181
0.64248128
0.7590313
0.60520327
0.49106569
0.49100825
0.60524847
0.643842
0.76031628
0.75940219
0.64431773
1.3138854
0.96219565
1.3137822
0.9622183
0.70843614
0.70897755
1.2257905
1.2260563
1.3138529
0.96206148
0.96218491
1.3136965
0.71013995
0.70931713
0.98989138
0.94463098
0.9899223
0.94452531
0.98445361
0.94269582
0.94274453
0.98437552
0.98987075
0.94438933
0.94449854
0.98976917
1.0092787
1.0094232
0.86239833
0.86249512
2.8259074
2.8261598
0.86777377
1.6880531
1.6879623
2.8258958
2.8260568
1.8606655
1.5708045
2.1528896
2.9581897
0.78526849
0.56778669
0.78709675
0.78733687
0.56389391
0.56615263
0.78545211
0.65122068
0.46549615
0.65218329
0.46464478
0.80212629
1.0650569
1.0655029
0.80146136
0.65163981
0.46381716
0.46459627
0.65089183
0.64400782
0.75967265
0.64439451
0.75962304
0.60502097
0.48919289
0.49020638
0.60344192
0.64377043
0.75763233
0.7593982
0.64233121
0.70820145
0.70934402
0.85658244
0.85651007
1.6763597
0.86142521
1.6760363
2.8116065
2.8111015
0.86137071
1.675768
1.6758822
2.8106005
2.810796
1.1875044
1.5527478
1.1933989
2.1634934
2.9628459
1.1938805
1.5699439
1.1864066
1.5512598
0.69491727
0.69892028
0.78892076
0.78983549
0.79571171
1.2972364
1.2971709
0.79158085
0.69927462
0.69520373
0.7903272
0.55966143
0.56231382
0.78801668
0.80190908
1.065899
0.80240556
1.0656191
0.65146421
0.46489334
0.6518102
0.46454152
0.80263955
1.0655838
1.0662865
0.80174371
0.65205792
0.46370243
0.46464106
0.65112174
0.60501322
0.49125548
0.6053424
0.49028337
0.64415684
0.76053441
0.64442371
0.7605072
0.60487806
0.48929043
0.49031393
0.60391946
0.64397856
0.75918166
0.76028155
0.64296662
1.3136921
0.96206756
1.3136784
0.96213675
0.71032993
0.71035271
1.2259593
1.2258043
1.3136978
0.96233636
0.96219205
1.3137082
0.70926855
0.71018131
0.98972075
0.94438293
0.98976096
0.94436574
0.98430958
0.94279126
0.94276318
0.98423618
0.98973483
0.94442272
0.94438814
0.98970562
1.0092567
1.0092297
0.862643
0.86277098
2.8257749
2.8259241
0.86779741
1.6884934
1.688318
2.8263331
2.8261641
1.7623134
2.0831468
2.8952847
0.7853447
0.56581113
0.7873157
0.7859829
0.56743771
0.56859416
0.78549726
0.65162326
0.46410473
0.65128677
0.4646444
0.80405565
1.0660683
1.0662785
0.80272744
0.65319008
0.46388861
0.46520389
0.65172953
0.64204941
0.75734039
0.64213863
0.75682538
0.60403687
0.48980075
0.4905481
0.60315142
0.64214391
0.75688955
0.75676085
0.64184217
0.70747814
0.70732962
0.85667669
0.85661495
1.6757367
0.86129744
1.6757401
2.8107274
2.8106058
0.86126978
1.6757555
1.6757248
2.8108764
2.8107355
1.1855226
1.549745
1.1938512
2.101182
2.9100809
1.1854051
1.1920485
1.5635672
0.69407087
0.69902092
0.78860656
0.56024149
0.79130565
0.79399543
1.2970916
1.2984411
0.7943498
0.69804836
0.69909487
0.78926496
0.56365337
0.78915396
0.80213497
1.0662936
0.80223216
1.0652355
0.65137048
0.46377134
0.6513475
0.46404602
0.803948
1.0664903
1.066402
0.80289346
0.65303897
0.46350026
0.46462404
0.65181016
0.60405295
0.48946077
0.60382003
0.4896645
0.64278408
0.7588737
0.64276239
0.75823477
0.60378461
0.48892782
0.4901217
0.60388453
0.64274795
0.75818132
0.75817675
0.64262447
1.3137646
0.96239536
1.3137297
0.96248363
0.70898673
0.70838965
1.2254861
1.2254584
1.3137651
0.96248687
0.96251334
1.3137323
0.70832821
0.70833192
0.98962162
0.94445123
0.98970224
0.94447211
0.98403946
0.94270815
0.94278647
0.98389946
0.98960954
0.94443677
0.94448324
0.98949247
1.0092919
1.0093185
0.8630894
0.86323042
2.8262494
2.8265964
0.86821412
1.6891166
1.6888367
2.8267923
2.8265639
2.0241926
2.8382057
1.8125769
2.6878526
0.78840764
0.56297276
0.78984829
0.78747714
0.56555427
0.5612216
0.78853423
0.64836399
0.46229411
0.64954281
0.46062744
0.80010799
1.0652736
1.0644801
0.80349387
0.64920765
0.46353458
0.46096728
0.65285897
0.64119118
0.75686756
0.64154168
0.75729752
0.60221781
0.48846669
0.48650413
0.60304988
0.64120154
0.75767251
0.75734832
0.64186605
0.70774365
0.70754088
0.85670799
0.85661099
1.675669
0.86121482
1.6755239
2.8107191
2.8103321
0.86116599
1.6750987
1.6754517
2.810145
2.8105072
1.1868053
1.5604902
1.1796302
1.8257159
2.6932047
1.1943174
1.184516
1.5603713
0.69237955
0.69469124
0.79146055
0.79305
0.78797536
1.2971301
1.2925528
0.792046
0.69387701
0.6962506
0.79090551
0.79187713
0.7992656
1.0653046
0.80058751
1.064093
0.64838116
0.46192439
0.64965233
0.46037012
0.80015886
1.0655806
1.0648595
0.80346276
0.64916617
0.463022
0.46063333
0.65273957
0.60230735
0.48760836
0.60335343
0.48657107
0.64144666
0.75811795
0.64224233
0.75791166
0.60234273
0.48802486
0.48675439
0.60328556
0.64145921
0.75840557
0.75794403
0.64227674
1.3136993
0.96245466
1.3137457
0.96232568
0.70827781
0.70809948
1.2251189
1.3137546
0.96213476
0.96231139
1.3134757
0.70843024
0.70812039
0.989382
0.94442914
0.98946708
0.94435612
0.98377635
0.94245888
0.94253129
0.98378032
0.98938138
0.94422775
0.94433839
0.98933193
1.0091041
1.0092004
0.86350016
0.86361652
2.827086
2.827879
0.86869878
1.6904867
1.6898786
2.828567
2.8278338
1.6966353
2.6064092
2.0679338
1.5772589
1.563584
0.78575096
0.56799784
0.56310881
0.79115052
0.78848058
0.5657812
0.78862455
0.64917086
0.4640947
0.65299082
0.46417307
0.80087566
1.0641771
1.0640419
0.80106381
0.64995973
0.46443623
0.46457406
0.65074813
0.64268248
0.75788557
0.64220942
0.75774851
0.60428902
0.49045652
0.49099526
0.60366108
0.64289587
0.75794569
0.75772178
0.64242188
0.70782901
0.70794185
0.85640585
0.85626666
1.6748612
0.86091816
1.6742704
2.8098135
2.8095394
0.86084448
1.6727737
1.6739267
2.8073588
2.809186
1.1878557
1.2012079
1.5799782
2.1298892
2.8735854
1.2012399
1.1928189
0.691804
0.69870149
0.78929585
0.5629925
0.79434023
0.7924381
1.3009369
1.2988991
0.79256509
0.69562822
0.69550651
0.79138242
0.56336543
0.79173135
0.79987562
1.0663247
0.80389219
1.0633426
0.64907574
0.46353735
0.65289363
0.46363898
0.80095562
1.0648103
1.0645218
0.80154279
0.64998947
0.46440489
0.46412932
0.65113016
0.60481451
0.48877352
0.60376659
0.49014254
0.64350832
0.75862452
0.64265277
0.75909245
0.60519418
0.49044879
0.49072111
0.60470428
0.64377399
0.75876414
0.75913514
0.64336665
1.3133532
0.96204413
1.313425
0.96166841
0.70857524
0.70885271
1.3133301
0.96153432
0.96159822
1.3132506
0.708578
0.70887167
0.98908989
0.94419012
0.98929819
0.94400705
0.98347605
0.94193906
0.94195464
0.98348748
0.98905612
0.94382669
0.94396365
0.98899911
1.0087661
1.0088728
0.86368147
0.86376605
2.829016
2.8295939
0.86909374
1.6931064
1.691854
2.8320747
2.8300257
1.8827394
2.6726988
1.5741594
1.8493325
1.5774186
0.78798375
0.56807523
0.56837582
0.78810961
0.78973526
0.56740872
0.78877258
0.65167223
0.46431776
0.65144402
0.46397049
0.8013677
1.063906
1.0641958
0.8009701
0.65131792
0.46345799
0.46372804
0.65078412
0.64174399
0.75779991
0.64224479
0.75741129
0.60286035
0.48923759
0.48897959
0.60359574
0.64162786
0.75739983
0.75745938
0.64232161
0.70748599
0.70736378
0.85580833
0.85572918
1.672358
0.86053107
1.6712117
2.8069931
2.8057702
0.86050117
1.6695788
1.6707537
2.8034791
2.8052703
1.1991637
1.5740398
1.198587
1.5729959
1.8668704
2.6609544
1.1937313
1.1998223
0.69622186
0.69645553
0.79088079
0.56404219
0.79126348
0.79268575
1.297634
1.300329
0.7917317
0.69529009
0.69470801
0.79290583
0.56077294
0.79195544
0.80181803
1.0650069
0.80209587
1.064882
0.65164796
0.46427963
0.65179148
0.46389146
0.8014174
1.0643282
1.0646026
0.80110409
0.65126195
0.46322758
0.46359633
0.6508174
0.60372545
0.49014774
0.60432229
0.48943162
0.64244835
0.75854296
0.64301548
0.75816571
0.60384562
0.48943623
0.48938526
0.60463918
0.6425394
0.75893647
0.75824148
0.64333936
1.3133278
0.96155396
1.3132889
0.96144322
0.70841798
0.70810443
1.2248764
1.2249891
1.3133483
0.96105158
0.96137606
1.3131239
0.70858596
0.70814361
0.98897195
0.94380448
0.98900868
0.94370638
0.98351479
0.94159648
0.94184129
0.98342854
0.98896549
0.94361077
0.94368763
0.98887808
1.0087142
1.0086965
0.86360017
0.86358012
2.8325148
2.8339729
0.86944494
1.6967088
1.6952344
2.8367772
2.8345666
2.0607329
2.8220697
1.5581812
1.7244369
0.79005873
0.56494231
0.56457677
0.78864756
0.79053688
0.56303171
0.56251715
0.79046416
0.65120122
0.46328798
0.65063293
0.46298743
0.80097904
1.0651955
1.0644864
0.8013645
0.65033644
0.4608267
0.46220245
0.65053448
0.64253536
0.75758341
0.64255024
0.75757462
0.60337473
0.48659619
0.48849935
0.60079362
0.64199207
0.75534818
0.75758626
0.639243
0.70511819
0.70724711
0.85532701
0.8553118
1.6692403
0.86067982
1.6685715
2.8031675
2.8020235
0.86079223
1.6686715
1.6684196
2.8020078
2.8017886
1.1977205
1.5755886
1.1857247
1.7328929
2.6224339
1.1882476
1.5687447
1.1918607
0.69514555
0.69408699
0.79313141
0.56043458
0.5601193
0.7914932
0.78824212
1.2933013
1.2951262
0.78657567
0.69216822
0.69004627
0.79389003
0.79335131
0.80209427
1.0644389
0.80104467
1.0658077
0.65130211
0.46307246
0.650702
0.46246365
0.80112156
1.0654269
1.065044
0.80126845
0.65036563
0.46002537
0.46167901
0.6503533
0.60494756
0.48943179
0.60491864
0.48865885
0.64360067
0.7591852
0.64361351
0.75917024
0.60439274
0.48546344
0.48837544
0.6011046
0.64301961
0.75622501
0.75875044
0.63979574
1.3128511
0.96095525
1.3130761
0.96063899
0.70874664
0.70861649
1.3129208
0.96034677
0.96056853
1.3130035
0.70596174
0.70823911
0.98867345
0.94360624
0.98884819
0.94359663
0.98297435
0.94046028
0.94097986
0.98263011
0.98861726
0.94378444
0.94362119
0.98849113
1.0093614
1.0089729
0.86353632
0.86364814
2.8372933
2.8393151
0.87036388
1.7006066
1.6991466
2.8414616
2.8399478
2.095776
2.9468229
1.561109
1.5541679
2.1381904
0.78784959
0.56640426
0.57331493
0.77983326
0.81763405
0.58459599
0.57249653
0.77568314
0.65145666
0.46069058
0.65191214
0.45777067
0.80133481
1.0734323
1.0728811
0.81004413
0.64905152
0.48181763
0.45649295
0.66055068
0.63332303
0.75418805
0.63795404
0.74981982
0.59388329
0.51283572
0.48052213
0.61462261
0.63245465
0.76090393
0.74869635
0.64891783
0.70913108
0.69760151
0.85421848
0.85262556
1.6689431
0.86143917
1.6685736
2.8025192
2.8005244
0.86080017
1.5900834
1.6644008
2.6317645
2.7925268
1.1862969
1.5595542
1.1868743
2.1552507
2.9333314
1.183975
1.556694
1.1895377
1.560476
0.69604429
0.69311016
0.79117966
0.56162217
0.5695901
0.78228222
0.78565749
1.2970578
1.2969258
0.81183958
0.68972413
0.70938132
0.81988284
0.7778603
0.80396929
1.0670862
0.80297438
1.0721601
0.65171158
0.45999095
0.65181997
0.45753576
0.80178002
1.0742002
1.073837
0.81029231
0.64922679
0.48156176
0.45624253
0.66065466
0.59491076
0.4848271
0.59981809
0.48123667
0.63385054
0.75506756
0.63849857
0.75066544
0.59404203
0.51283463
0.48041963
0.61439222
0.63294238
0.76156037
0.74949823
0.64902426
1.3117187
0.96025872
1.313009
0.95970532
0.70486702
0.70008084
1.2183022
1.2680005
1.3097568
0.95585873
0.95941527
1.3158949
0.70977846
0.6983654
0.98865728
0.94390408
0.98851116
0.94433904
0.98250147
0.93774533
0.93977953
0.97980194
0.98868749
0.93801295
0.94434533
0.98571534
1.0073795
1.0102174
0.86284337
0.86140469
2.8417971
2.8406151
0.87091053
1.6241559
1.6972909
2.6724435
2.8331319
2.8594378
2.9635654
2.1273003
2.6874149
0.92590876
0.94996931
0.95212144
0.92286528
0.85658647
0.86631364
2.9419611
2.8526601
2.1323336
2.7980497
0.92749174
0.95494663
0.92762981
0.95484875
0.85988548
0.86898098
2.8642293
2.7426548
2.0751105
2.6515407
0.92675074
0.95429544
0.92681236
0.95424132
0.8593259
0.86776586
2.8531561
2.9651473
2.1661614
2.8523099
0.92648723
0.95402783
0.9265018
0.95401471
0.85937565
0.86756211
2.9925691
2.8933278
2.1877642
2.8744289
0.92655995
0.95408826
0.92653956
0.95411058
0.8597783
0.86786613
2.8037968
2.6985215
2.0085871
2.6769697
0.92672776
0.95427712
0.92671438
0.95428832
0.86035317
0.86836148
2.9819408
2.8772155
2.1544851
2.8078548
0.92678253
0.95432192
0.92678142
0.95431815
0.8609164
0.86879067
2.965856
2.8588991
2.1636833
2.6562316
0.92675705
0.9542612
0.92676313
0.95424515
0.86142447
0.86914774
2.8280523
2.9333336
2.1372225
2.6502603
0.92684259
0.95422519
0.92680881
0.95424034
0.86194677
0.86973545
2.8250387
2.7267714
2.000065
2.7006625
0.92760544
0.95465142
0.9274658
0.95470595
0.86285235
0.87135441
2.9567938
2.8552494
2.1107181
2.6885354
2.711802
2.6762631
1.8766031
2.8516752
0.95986518
0.98574112
0.98539585
0.96352708
0.96735161
0.98888396
0.98905392
0.96741595
0.92158664
0.94566505
0.94788482
0.91847822
1.1817579
0.8492747
0.92378824
0.95101957
0.95105928
0.92366277
0.85654756
1.1903255
0.8508829
0.86054651
0.86402145
0.85458309
2.7078597
2.6715808
1.8739361
2.8524243
0.96375589
0.98978172
0.98937293
0.96747321
0.97103322
0.99263959
0.99284281
0.97105979
1.1867379
0.85488865
0.92793313
0.95503863
0.92777666
0.95510976
0.86235185
1.1950857
0.86974667
0.85996674
2.9324384
2.8460078
2.1140511
2.7973194
2.8620415
2.799709
2.0047942
2.762788
0.96741836
0.98868675
0.96742524
0.98849393
0.96735884
0.98759198
0.9877156
0.9673313
0.92342898
0.95095486
0.92353925
0.95088703
1.1931021
0.8570051
0.92298981
0.95051117
0.95056681
0.92292291
0.85624523
1.1895117
0.85446875
0.86347229
0.86235079
0.85357518
2.8711783
2.805066
2.0211952
2.770485
0.97100357
0.99240978
0.9921897
0.97103574
0.97084161
0.99117123
0.99130993
0.97079643
1.1949758
0.86215008
0.92695986
0.9543574
0.92687973
0.95442646
0.8619928
1.1941834
0.86808868
0.85935591
2.8551284
2.7385328
2.0593359
2.6475547
2.6678865
2.6859438
1.8856719
2.65461
0.96730943
0.98748388
0.96731528
0.9873967
0.96732037
0.98704784
0.9870927
0.96731406
0.92280945
0.95045855
0.92286098
0.95041633
1.1922825
0.85666934
0.92261171
0.95023396
0.9502567
0.92258488
0.8560865
1.1889813
0.85349666
0.86210401
0.86153117
0.85294982
2.6936551
2.6711982
1.9010916
2.6565637
0.97076161
0.99104848
0.99095361
0.97076721
0.97075449
0.99058972
0.99063324
0.97074709
1.194096
0.86186439
0.92654463
0.95404538
0.92651886
0.95406628
0.8620356
1.1938082
0.86759054
0.85934297
2.9597183
2.8525277
2.1473187
2.8495152
2.65425
2.6626631
1.8627068
2.6603735
0.96733072
0.98701162
0.96731634
0.9869912
0.96746626
0.98702142
0.98700196
0.96750278
0.92254674
0.95021314
0.9225609
0.95020284
1.188953
0.85607193
0.92255621
0.95026284
0.95023978
0.92257378
0.85600511
1.1888764
0.85289525
0.86136512
0.86117825
0.85264274
2.6671016
2.6547923
1.8763982
2.6604448
0.97076517
0.99055116
0.99053061
0.97074812
0.97088012
0.99054264
0.99052738
0.97090731
1.1937837
0.86203891
0.92650157
0.9540662
0.92651772
0.95404468
0.86236998
1.1938399
0.8677394
0.85971085
2.984779
2.8904959
2.1699663
2.8718247
2.9675821
2.8914047
2.1390345
2.9034579
0.96758518
0.98704326
0.96753991
0.98707431
0.96777816
0.98726217
0.98723504
0.96781179
0.92261733
0.95028549
0.92259233
0.95031471
1.1888911
0.85613714
0.92274749
0.95049577
0.9504692
0.9227699
0.85611995
1.1889662
0.85262356
0.86117037
0.86111505
0.85250803
2.9636677
2.8810245
2.1554129
2.9007803
0.97098257
0.99055791
0.99058469
0.97093915
0.97113448
0.99072864
0.99070974
0.97114945
1.193853
0.86244851
0.92667521
0.95426036
0.92669477
0.95423748
0.86284171
1.1940667
0.86820463
0.86027458
2.6955099
2.7972432
1.9944359
2.6742254
2.889752
2.7897801
2.098535
2.6360121
0.96785758
0.98728258
0.96783745
0.98730223
0.96781695
0.98728995
0.98730672
0.96778071
0.92280209
0.95051375
0.92278597
0.95053027
1.1889842
0.85622166
0.9228227
0.95052993
0.95054087
0.92281635
0.85603491
1.1889632
0.85248669
0.86111453
0.86095913
0.85221638
2.7991232
2.9066141
2.1254437
2.6376445
0.97118144
0.99073992
0.99075572
0.97116347
0.97116692
0.99078117
0.99078665
0.97113869
1.1940846
0.86289773
0.92677263
0.95432307
0.92677577
0.95432216
0.86317201
1.1942488
0.86866901
0.86084371
2.8668849
2.9602195
2.1068249
2.791287
2.9358629
2.8378757
2.133556
2.6564522
0.96772997
0.98727377
0.9677515
0.98726484
0.96749805
0.98714219
0.98716846
0.96742398
0.92279528
0.95051312
0.92280467
0.95049854
1.18896
0.85600513
0.92270554
0.95035017
0.95037929
0.92268369
0.85560761
1.1888287
0.85216003
0.86087171
0.86059517
0.85163574
2.8328129
2.9354245
2.1437775
2.6581794
0.97111924
0.99077552
0.99078111
0.97112258
0.9710034
0.99077607
0.99078276
0.97095042
1.1942557
0.86313938
0.92677093
0.95427443
0.92676537
0.95428471
0.86325533
1.1943563
0.86904353
0.86136188
2.961124
2.8581469
2.1526956
2.6566392
2.967844
2.8686234
2.1557054
2.6665932
0.96729996
0.98711639
0.96735394
0.98710392
0.96704074
0.98719002
0.98715054
0.96698972
0.92263935
0.95031466
0.92265838
0.9502841
1.1888188
0.85546297
0.92259178
0.95018497
0.95018678
0.92260081
0.85506093
1.1888864
0.85154966
0.86047198
0.86032857
0.85101815
2.9755033
2.8712494
2.1649792
2.6684565
0.97086971
0.99076795
0.99077447
0.97090248
0.97067507
0.99093457
0.99088802
0.97062906
1.1943565
0.86312282
0.92676434
0.95421481
0.92678067
0.95420847
0.86302929
1.1945271
0.86943953
0.8618595
2.9262148
2.826069
2.1269373
2.6484895
2.9293049
2.821116
2.1371642
2.6575089
0.96693018
0.98724216
0.96695112
0.98731839
0.96692219
0.98819927
0.98800484
0.96693098
0.92264387
0.95018355
0.92261478
0.95019397
1.1917598
0.85538985
0.92296924
0.95047381
0.95040653
0.9230743
0.85481486
1.1892995
0.85098525
0.86053504
0.860957
0.85097952
2.9374174
2.8248902
2.1530728
2.6618727
0.97057841
0.99099125
0.9910738
0.97059477
0.9706036
0.99200787
0.99180261
0.97062084
1.1945737
0.86299558
0.92721303
0.9545776
0.92733071
0.95449754
0.86324921
1.1952255
0.87066325
0.86274138
2.818538
2.7249799
1.9857491
2.6946673
2.9059574
2.8030888
2.0717732
2.6659398
0.96686432
0.9883885
0.96691822
0.98856141
0.95953981
0.98534688
0.98498977
0.96322677
0.92331189
0.95052889
0.9231878
0.9505682
1.1893555
0.85472969
0.92111019
0.94521554
0.94743267
0.91799841
0.84685637
1.1806918
0.85102087
0.86146685
0.85766392
0.84691537
2.9135136
2.8058496
2.0883169
2.6639797
0.97057741
0.99220834
0.99239775
0.97061792
0.96336993
0.98935684
0.98894727
0.96709748
1.1953003
0.86322
0.92553516
0.94953946
0.95169627
0.92248511
0.85578777
1.1868846
0.86789707
0.85953396
1.05018
0.80152765
1.0667147
1.2484128
1.2474511
1.0675863
0.8007779
1.0540961
0.55721201
0.59573486
0.49416083
0.54777877
0.51944355
0.48253492
0.60400349
0.58108656
0.38735455
0.70208785
0.77336753
0.78322928
0.69785971
0.40105083
2.2253876
2.2819454
2.698474
2.6777003
1.8160823
2.8165822
2.1636243
1.0184599
0.78617553
1.0213622
1.2843838
1.2640485
1.2529642
1.2556706
1.2912322
1.2577017
0.78937683
1.035439
1.0192345
0.9750355
0.98348882
0.97503112
0.94083464
0.95221614
0.9544362
0.95421967
0.94091818
0.95426925
0.98327005
0.97282393
0.97513455
1.009821
0.840135
0.82556624
0.83534065
1.0103416
0.83605776
1.3470848
1.019566
0.91029758
0.91242554
1.0199458
0.87449602
0.94889609
0.95185911
0.87049368
0.92725169
0.95458809
0.9535769
0.92799654
0.95432456
1.6489688
0.8679369
0.85985157
1.6725207
0.97974179
0.80130939
1.0477405
1.2473665
1.066789
0.80337544
1.0523047
1.2429278
1.0652357
0.60104609
0.56573234
0.52445846
0.48549678
0.60000415
0.56261418
0.52776873
0.4863905
0.30848919
0.78262427
0.70505797
0.3172988
0.78388965
0.70598004
2.196441
2.2728303
2.7048785
2.6678748
1.9051999
2.6617773
2.2259123
0.78984133
1.0227919
1.0250016
1.2627175
1.2975398
1.2628559
0.79331226
1.0279103
1.0277759
1.2588959
1.2975981
1.2609386
0.98393433
0.97548124
0.97543306
0.95461451
0.94179325
0.95473586
0.9839251
0.97529157
0.97539444
0.95487416
0.94188722
0.9548213
1.3552245
1.3557401
0.83645229
1.0103039
1.3554604
0.83650939
0.83648585
1.0101714
0.83652581
1.0191955
1.3114653
0.91245771
1.0193285
0.91235903
0.87663372
0.95182691
0.87675639
0.95166983
0.92736015
0.95466574
0.95475163
0.92724486
0.97804819
1.6879635
0.86877091
0.85964326
1.6877511
0.9774815
0.80243398
1.0489478
1.2447017
1.0658624
0.80334509
1.05064
1.2436585
1.065862
0.60352354
0.56813762
0.52998805
0.48950296
0.60333666
0.56745598
0.53030937
0.48973145
0.30609641
0.78511714
0.70780609
0.31033983
0.78531326
0.70797054
2.1807433
2.8654967
2.7391535
2.0783644
2.6521416
2.1837106
0.79221864
1.0249652
1.0263107
1.2617446
1.2960807
1.2609145
0.79289203
1.0270696
1.0265392
1.2599404
1.29685
1.2610643
1.225341
0.98449945
0.97613271
0.9761582
0.95555794
0.94274267
0.95561833
0.98450951
0.97610051
0.97617009
0.95560013
0.94276746
0.95563429
1.3540667
0.83641961
1.0095928
1.3541469
0.83639523
0.83627955
1.00954
0.83635748
1.0184753
1.3101407
1.3102172
0.911873
1.0185416
0.91181924
0.87598436
0.95091339
0.87603657
0.95084565
0.9266915
0.95415602
0.95419212
0.92664478
0.9771131
1.6878094
0.86772479
0.85932111
1.6878329
0.9771632
0.80185303
1.0485203
1.2441689
1.0659589
0.80274116
1.0496432
1.243238
1.0652256
0.6054157
0.56840643
0.53089896
0.49099638
0.60562621
0.56892069
0.53024743
0.49060113
0.29803553
0.78572165
0.70958971
0.29793317
0.78576276
0.70959531
2.6594083
2.6776473
1.8765442
2.6555852
2.2587436
0.791132
1.0248171
1.0248665
1.2628027
1.2971015
1.2626425
0.79551828
1.0287873
1.0287066
1.2597772
1.2966296
1.2598548
1.2260546
1.2260315
0.98432947
0.97599819
0.97602376
0.95552164
0.9427015
0.95552397
0.98435773
0.97605158
0.97605875
0.95549873
0.94272033
0.95552396
0.83605954
1.0092299
1.3536641
0.83605046
0.83600483
1.0092284
0.83604313
1.0181219
1.3098024
1.3098155
0.91160803
1.0181386
0.91160014
0.87575534
0.95052911
0.8757643
0.95051294
0.92647277
0.95400803
0.95400462
0.92647004
0.97739914
1.6880953
0.86760284
0.85952548
1.6881092
0.97766072
0.80124068
1.0495203
1.2441855
1.0651601
0.80157639
1.0494188
1.2440796
1.0646875
0.60334962
0.56755035
0.52934505
0.4903518
0.60333836
0.56723504
0.52998127
0.48986684
0.30741439
0.78531659
0.7073816
0.30345435
0.78513815
0.70717204
2.2991404
2.677517
2.7204579
1.970224
2.6322381
2.2844995
0.78919162
1.0242401
1.0231912
1.2627519
1.2978558
1.2625376
0.79409144
1.0286072
1.0278046
1.2594376
1.2944866
1.2584129
1.2256174
0.98411796
0.97571609
0.97577267
0.95539462
0.94278654
0.95537039
0.9841754
0.97586236
0.97583941
0.95529155
0.94278767
0.95534339
1.3536107
0.83594468
1.0092848
1.3536271
0.83595148
0.83592658
1.0093063
0.83595614
1.0181576
1.3098403
1.3098275
0.91172383
1.0181431
0.91174505
0.87584067
0.95050662
0.87581692
0.95052454
0.92657586
0.95415893
0.9541306
0.92659863
0.97814891
1.688592
0.86794925
0.86001595
1.6886443
0.97850405
0.79898462
1.047072
1.2432977
1.0639496
0.79942853
1.0481665
1.2422898
1.0634054
0.60187254
0.56550281
0.52837946
0.4867124
0.60219145
0.56675589
0.52668367
0.48632784
0.30808819
0.7851326
0.707421
0.30708329
0.78510781
0.70740227
2.1776104
2.1673331
2.6567935
2.624358
1.7873451
2.7322169
2.169314
0.7869061
1.0208821
1.0210891
1.2587585
1.2927683
1.2572292
0.78741477
1.0234649
1.0217781
1.255915
1.2917954
1.256383
1.225397
0.98379813
0.97541237
0.97544796
0.95509847
0.94260877
0.95507382
0.98383716
0.97550489
0.97549462
0.95500776
0.94258006
0.95505522
1.3535637
1.3535909
0.83583001
1.009259
1.3535854
0.83582042
0.83576386
1.0092518
0.83580741
1.0181975
0.91184177
1.0181966
1.309887
0.91183371
0.87601895
0.95063754
0.87600069
0.95065745
0.92673306
0.95430721
0.95429432
0.92674349
0.97907781
1.6894243
0.86844461
0.86060081
1.6895551
0.97944993
0.80158015
1.0475037
1.2450662
1.0672529
0.8033808
1.0508325
1.2421597
1.0660201
0.60363472
0.56809681
0.52902748
0.48974419
0.60370018
0.56675879
0.53048807
0.49010585
0.30424719
0.78523457
0.70800947
0.30829749
0.78500613
0.70808235
2.1853793
2.2280043
2.7248323
2.6806337
1.9561378
2.6508485
0.7917765
1.0242822
1.0268552
1.2623075
1.3002456
1.2650199
0.79649244
1.0280969
1.0305485
1.2609762
1.3002813
1.2627029
0.98358941
0.97513835
0.97523022
0.95494648
0.94226366
0.95487114
0.9836861
0.97538937
0.97534075
0.9546544
0.94214228
0.95477248
1.3533254
0.83564902
1.0090102
1.3533451
0.83560842
0.83549157
1.0089682
0.83556545
1.0181438
0.91170789
1.0181518
1.3098623
1.3098592
0.91167253
0.87609211
0.95075203
0.87608687
0.95077007
0.92677586
0.95431079
0.9543112
0.92677433
0.97999353
1.6909856
0.86886218
0.86114373
1.6911904
0.98031337
0.80422456
1.0485723
1.2431278
1.068116
0.8042059
1.0485491
1.2431682
1.0681216
0.60275478
0.56664795
0.52918763
0.48917317
0.60293266
0.56708375
0.52876834
0.48907548
0.31095663
0.78491556
0.70752648
0.30823163
0.78482797
0.70740883
2.2684344
2.1693021
2.9699733
2.86324
2.1689296
2.6572296
0.79808672
1.0277624
1.0315087
1.2629038
1.3007678
1.2657763
0.79850246
1.0278194
1.0318629
1.2629331
1.3004599
1.2655018
0.98353553
0.97519298
0.97521693
0.9546886
0.94196316
0.95472817
0.98354282
0.97518234
0.97522982
0.95469876
0.94195122
0.9547417
0.83542722
1.0087224
0.83545102
1.3531733
0.83545921
1.0087178
0.83547129
1.0181336
0.91148983
1.0181242
1.3098779
0.91146459
0.87607301
0.95085274
0.8760762
0.95087101
0.92674486
0.95422082
0.95422712
0.92674174
0.98078172
1.6938949
0.869221
0.86162675
1.6942767
0.98104451
0.80346064
1.0492669
1.242965
1.0672787
0.80304573
1.0480733
1.2442712
1.0673887
0.60408185
0.56782414
0.52955945
0.48936321
0.60400192
0.56767132
0.52968743
0.48943893
0.30387311
0.78451446
0.70766507
0.30607548
0.78417197
0.70763792
2.175486
2.2441422
2.9179079
2.8266353
2.0790128
2.7230957
2.1708472
0.79475885
1.0250894
1.0285415
1.2612053
1.2962579
1.2618826
0.7936554
1.0255356
1.0275123
1.2597969
1.2974087
1.2628788
0.9832173
0.97469695
0.97484518
0.95446698
0.94139753
0.95440001
0.98331873
0.97502043
0.97496647
0.9541391
0.94128843
0.95430511
1.3534174
0.83555089
1.0087736
0.8355831
1.3535223
0.83558914
1.0088349
0.83560487
1.0183971
0.91147932
1.0183341
0.91150673
0.87613207
0.95108077
0.87610214
0.9511445
0.9268809
0.95430607
0.95426217
0.92693977
0.98156794
1.6976294
0.86989127
0.86228216
1.6980868
0.98207968
0.80592641
1.0517397
1.2459699
1.0701423
0.80540939
1.0504994
1.2484729
1.0717574
0.59640486
0.55863478
0.52567586
0.48490063
0.59806756
0.5634925
0.52110476
0.48298266
0.35109474
0.78221701
0.70272594
0.31549568
0.78158092
0.70115063
2.304402
2.1745726
2.7311855
2.695958
1.8589023
2.8741417
2.1676264
0.79370249
1.0279787
1.0282587
1.2599311
1.2970085
1.262501
0.79305151
1.0244984
1.027354
1.2638871
1.2983225
1.2635723
0.98249799
0.97377842
0.9738104
0.9532525
0.94011898
0.95312507
0.98252347
0.9739487
0.97387609
0.95295168
0.93997084
0.95303562
1.355664
1.3550465
0.83544688
1.0097857
1.3554029
0.83536169
0.8351154
1.0100486
0.83519961
1.0195892
1.3125546
0.91213445
1.0193308
0.91229653
0.87679811
0.95192836
0.87666121
0.95213867
0.92773098
0.95456836
0.9547007
0.9277799
0.98333234
1.7015873
0.87148088
0.86295645
1.7018818
0.98459099
2.2805758
2.6756006
2.6921783
1.800517
2.8140919
2.1642976
1.8565705
1.5411231
1.5602907
1.8268943
2.7433751
2.668739
1.9287796
2.648543
2.1665965
2.2740147
1.8645629
1.5598426
1.5660726
1.8518756
0.76066185
0.79256073
0.56446473
0.78814316
0.56215363
0.78786656
0.5468641
0.64919425
0.46675614
0.48237231
0.47309049
0.45741536
0.65153746
0.55971603
1.0490059
0.80083884
1.0666193
1.2475493
1.2455622
1.0668516
0.80206307
1.0521658
0.5471367
0.64899132
0.45744748
0.47730492
0.4734953
0.45601968
0.65046926
0.55123475
0.67915696
0.6343964
0.75620249
0.71586211
0.70385369
0.75023819
0.64151892
0.69361594
0.55790277
0.59523002
0.48209106
0.52361416
0.52005918
0.48081892
0.59603831
0.56135953
0.6796893
0.63405663
0.75174194
0.70774073
0.70437076
0.75054437
0.63515464
0.68302996
0.35258886
0.70172665
0.78198068
0.78139437
0.70035564
0.32011
1.3530045
1.3535491
1.3452729
1.0097979
0.98768377
0.98889817
1.0083576
1.3549576
1.3544194
1.354749
1.0118542
0.99047146
0.99047793
1.0117615
1.0169126
1.3091838
1.3079401
0.90789462
0.91005903
1.0172616
1.2449598
1.3079475
1.3002379
1.2483482
0.9629628
0.98832956
0.96496547
0.98704514
1.0175362
1.3101487
0.91056335
0.91068601
1.0173165
0.96705938
0.98895053
0.96645785
0.98910472
1.255652
1.3094874
1.3098343
1.2556681
0.86995755
0.94421491
0.94723416
0.8658918
0.92297197
0.95042873
0.94937926
0.92375414
1.278643
0.8151795
0.80559674
0.85227807
1.1908032
1.2809082
0.92389832
0.95086502
0.951032
0.92392166
0.87269051
0.94758518
0.94778308
0.87256778
0.85668275
1.1924841
1.2807652
0.81406316
0.81401521
1.281822
0.94764465
1.6448296
0.86209864
0.85441068
1.6682098
0.97326858
2.7421719
2.7901736
0.86422095
0.85470263
0.97196344
1.6836474
0.97319459
1.6840372
2.8204071
2.8206021
1.857408
1.5404605
1.1690298
1.559766
1.180328
1.8272623
2.155394
2.7650035
2.6810157
1.9579245
2.6502383
2.1652167
2.2736525
1.864098
1.5603237
1.1856394
1.5652313
1.1863579
1.8536251
1.2788301
0.69129457
1.281374
0.56175474
0.56234197
0.69233611
1.2900273
1.2837879
0.58430198
0.76369903
0.79569231
1.0192248
0.78433662
1.020518
1.2942688
1.2613454
1.259314
1.2563352
1.2931815
1.2574777
0.78804986
1.0263963
1.0233347
1.2787312
0.68883428
1.2787249
0.56294479
0.56049145
0.55821416
0.6928101
1.2817985
1.2803454
0.79119433
0.55826773
0.79084399
1.0506842
0.80174102
1.0671435
1.249379
1.248295
1.0679821
0.80105459
1.0547357
0.54684194
0.64932711
0.46678963
0.4822765
0.47289672
0.45735952
0.65173454
0.55981333
1.0495367
0.80115926
1.067098
1.248404
1.2464299
1.0673634
0.80240197
1.0526986
0.54714321
0.64922432
0.45725946
0.47714545
0.47331902
0.45587699
0.65073426
0.55129157
0.55752827
0.59623448
0.49440302
0.54810678
0.51957449
0.48267583
0.60457231
0.58157416
0.67983923
0.6349831
0.75728943
0.71689579
0.70470354
0.75125194
0.6421768
0.69449217
0.55815329
0.59560965
0.48198355
0.52347004
0.52010864
0.48072403
0.59672956
0.56133846
0.68031548
0.63450131
0.752525
0.70827712
0.70516463
0.7513685
0.63560438
0.68316521
0.91805885
1.3086079
0.91792095
0.95913376
0.95263274
0.95279324
0.95269483
0.96009664
0.95275118
1.305313
0.92277518
0.91820277
0.38856708
0.70316636
0.77425482
0.78412412
0.69885363
0.40171802
1.2251607
0.91934719
1.3131618
0.91992935
0.96128211
0.95285834
0.95296652
0.95292184
0.96107325
0.95297211
1.3134874
0.92034076
0.92038534
0.35357496
0.70250722
0.78271714
0.78222247
0.70116951
0.32113586
0.98035454
0.9894317
0.97990508
0.9425377
0.98451968
0.98741818
0.98934986
0.94460047
0.98882121
0.98892147
0.97575433
0.97879228
0.97499879
0.98370885
0.97502629
0.94131887
0.95447664
0.95432494
0.95416998
0.94115758
0.95422855
0.98376537
0.97519856
0.97510592
0.98044192
0.98976625
0.98042002
0.9451572
0.98906838
0.98918797
0.98940644
0.94526839
0.98932476
0.98976256
0.9803128
0.98038067
1.0106736
0.98864829
0.98979389
1.0092615
1.3566553
1.0108238
0.83636287
0.83621461
0.83586753
1.0110397
0.83599858
1.356427
1.0126106
0.99128466
0.99125396
1.0125592
1.2483039
1.3110172
1.3033046
1.25172
0.96681806
0.99223041
0.99098728
0.96877132
1.0201041
1.3131288
0.91280795
0.91295087
1.0198651
0.9707797
0.99281217
0.97021947
0.99292783
1.2588537
1.3123793
1.3127519
1.2588419
1.2833723
0.82028895
0.81073955
0.85818092
1.1958157
1.2856014
0.92807334
0.9549861
0.92812946
0.95511536
0.87704808
0.95201297
0.87689234
0.95223464
0.86252258
1.1974724
1.2853149
0.81894719
0.8189193
1.2864778
2.7466466
2.7954325
0.86997299
0.86003894
0.97833589
1.6887475
0.97959803
1.6888664
2.8264478
2.8263357
2.6936004
2.6631126
1.8865198
2.658633
2.2263503
1.8656211
1.5564813
1.8404424
1.572809
2.9297713
2.8514936
2.0796331
2.7407707
2.2432413
2.1994863
1.8404035
1.55438
1.5581448
1.8367306
0.78735243
0.79002179
0.78475581
0.78460872
0.65020865
0.5493263
0.47798945
0.46020217
0.65204485
0.55196308
0.47635664
0.46036941
1.0489432
0.80398971
1.0679066
1.2456709
1.243997
1.0681046
0.80560527
1.0517795
0.5498992
0.65209266
0.46425205
0.48068235
0.47688031
0.46313215
0.65405682
0.55424032
0.63977342
0.68715748
0.70889964
0.75514082
0.63875146
0.68420152
0.71192101
0.75613411
0.56628466
0.60290834
0.49024018
0.53043405
0.52864085
0.48883291
0.60386199
0.5680207
0.68777538
0.64186537
0.75800839
0.71330838
0.71256391
0.75782488
0.64230166
0.68861083
0.30720877
0.70774692
0.78498664
0.78419765
0.70758271
0.30968404
1.353652
1.3541186
1.3538655
1.0110424
0.99038268
1.0113266
0.99029422
1.3531498
1.3530006
1.010564
0.98998897
0.99007784
1.0104416
1.0167279
1.3084396
1.3086438
0.91029611
1.016842
0.91022799
1.2555165
1.309154
1.2556048
1.308869
0.96741511
0.98814568
0.9674069
0.98831331
1.0165822
1.3082568
0.91079531
0.91079246
1.0165301
1.3079423
0.96738695
0.98799169
0.96740113
0.98785075
1.25506
1.3078002
1.2549658
0.87235706
0.94741725
0.87245416
0.94727921
0.92332405
0.95075102
0.95081584
0.92322904
1.2809221
0.81411558
0.81415173
0.85694719
1.1929248
1.2801817
0.92306045
0.95068481
0.95062325
0.92313863
0.87197768
0.94668761
0.94677336
0.87192002
0.85670817
1.1928333
1.2790767
0.81401637
0.81407021
1.2799971
0.97163407
1.6817286
0.86323983
0.85407063
1.6811591
0.97093086
2.8181479
2.8176936
0.86262669
0.85394086
0.97025082
1.6791184
0.97073117
1.679549
2.8147746
2.815399
1.8644457
1.556218
1.1880334
1.8421252
1.571001
1.1946352
2.1860678
2.9394717
2.8555128
2.0978746
2.7397504
2.2451346
2.2037359
1.8404187
1.5534519
1.1896917
1.5570153
1.1919162
1.8372093
0.69340491
1.2790343
1.2801611
0.56227703
0.69768526
1.2825284
1.2820522
0.79069068
0.55881251
0.79348669
1.0268148
0.79669275
1.0311255
1.3003591
1.2632865
1.266102
1.2627975
1.3005248
1.2655565
0.79903696
1.0296146
1.0323947
1.2810777
0.69979538
1.2830878
0.56500157
0.56189882
0.70147672
1.2825809
1.2833744
0.56695966
0.78829063
0.56655149
0.78817968
0.80118649
1.0477921
1.2481663
1.0671183
0.80340921
1.0527544
1.2433609
1.0654684
0.65004304
0.54896374
0.47775533
0.45943651
0.65202833
0.5519311
0.47581981
0.45933696
1.0490562
0.80386778
1.0681279
1.2462743
1.2444987
1.0682952
0.80549842
1.051969
0.54953215
0.65190109
0.4633327
0.48012637
0.47632932
0.46209117
0.65388008
0.55390924
0.60029019
0.56502579
0.52438914
0.48455745
0.59935463
0.562294
0.5269163
0.48517168
0.63939981
0.68741486
0.70936038
0.75579178
0.63843669
0.6841943
0.71241541
0.7567697
0.56593267
0.60333931
0.48952419
0.52964382
0.52790371
0.48823538
0.60380363
0.56765177
0.68818042
0.64210025
0.7586443
0.71380999
0.71309818
0.75850495
0.64245557
0.68900977
1.3135709
0.92113662
0.92094833
0.9527721
0.96160859
0.95267886
1.3134603
0.92054272
0.92080199
0.9525612
0.96165903
0.95262364
0.30902407
0.78333764
0.70574947
0.31826851
0.78450973
0.70665825
1.2257178
0.92148473
1.3138522
0.92169822
0.96199872
0.95267473
0.95264933
0.95258122
0.96188738
0.95262349
1.3138255
0.92192517
0.92194379
0.30760296
0.70842049
0.78557473
0.78480099
0.70826982
0.31016979
0.98969466
0.98013542
0.98018145
0.98897932
0.94490012
0.98889001
0.98973021
0.98027595
0.98024029
0.98873512
0.94483533
0.98882458
0.97558382
0.9841302
0.97571658
0.94241793
0.955464
0.9553116
0.9549911
0.94225065
0.95515032
0.98426942
0.9760152
0.9758883
0.98013165
0.98974723
0.98014232
0.94466773
0.98860736
0.98863539
0.98869442
0.94469688
0.98867249
0.98982751
0.98018366
0.98018
1.0117518
0.99106558
1.0119509
0.99096775
1.3546618
1.0097845
0.83645101
0.83646425
0.83647979
1.0098663
0.83648492
1.3545027
1.0112162
0.99060346
0.99068821
1.0110513
1.2586412
1.31202
1.311709
1.2587526
0.97097682
0.99179383
0.99198399
0.97094407
1.0188641
1.3110422
0.91204488
0.91211006
1.0187713
0.9708863
0.99161918
0.97091746
0.99145981
1.258094
1.3105366
1.3106812
1.2579877
1.2849679
0.81897053
0.81898543
0.86216352
1.1975549
1.2846396
0.92704294
0.95457828
0.9271363
0.95449745
0.87616584
0.95098903
0.87609387
0.95108005
0.86245172
1.1976453
1.2834925
0.81878548
0.81883855
1.2844474
2.8257617
2.8254318
0.86834117
0.85956673
0.97712741
1.6876987
0.97735623
1.687645
2.825881
2.8257964
2.1836238
2.8716951
2.7500927
2.0772471
2.6490806
1.8467917
1.5588492
1.8455078
1.5602857
2.8612308
2.967632
2.1467499
2.8273404
2.1764809
2.170321
1.8335676
1.572302
1.5513698
1.8677206
0.78724678
0.78696866
0.56632084
0.78693324
0.78524171
0.65158996
0.55164695
0.48054873
0.46423232
0.65269961
0.5538522
0.47905306
0.4639611
1.0494191
0.80290378
1.0655042
1.24365
1.2440035
1.0662304
0.80231702
1.0490454
0.5520451
0.6519558
0.46506964
0.47996048
0.47938502
0.46510663
0.65165048
0.5524835
0.6424275
0.6891225
0.71317212
0.75786337
0.64206703
0.68826419
0.71373705
0.75800588
0.56894642
0.6055231
0.49161128
0.53110783
0.53093513
0.49175283
0.60567984
0.56931754
0.68963793
0.64395848
0.75923082
0.71498285
0.71412829
0.75895663
0.64419089
0.69047488
0.30361073
0.70910799
0.78562747
0.78539939
0.70885612
0.2984073
1.3526196
1.3527613
1.3526902
1.0099966
0.98985129
1.0101916
0.98978172
1.352419
1.3523679
1.0083903
0.98924493
0.98935486
1.0083509
1.0173206
1.3074721
1.3075455
0.91065275
1.0173304
1.30762
0.91061616
1.2548114
1.3076818
1.2548828
0.96731283
0.98725209
0.96731156
0.98732072
1.0170985
1.307402
0.91048352
0.91050724
1.0160929
1.3072383
0.96731468
0.98719022
0.96731206
0.98713876
1.254588
1.3072787
1.2545538
0.87182082
0.94661198
0.87186613
0.94654548
0.92275928
0.95034171
0.95037499
0.92271532
1.2794309
0.81397171
0.81392451
0.85665712
1.192267
1.2791662
0.92263957
0.95030723
0.95027875
0.92267253
0.87163884
0.94624359
0.94628604
0.8716141
0.85652884
1.1922321
1.2784524
0.81366608
0.81370472
1.279097
0.9701248
1.6779363
0.86200139
0.853258
1.6775648
0.9698154
2.8132314
2.8127454
0.86172009
0.85318246
0.96943845
1.6766356
0.96971313
1.6767991
2.8117397
2.8119741
1.8502425
1.5579023
1.1883574
1.8457336
1.5613757
1.190624
2.2508139
2.9775837
2.8688374
2.1646953
2.8373929
2.1769612
2.171117
1.8334127
1.5707339
1.1953533
1.5503013
1.1867542
1.8673254
0.69581712
1.2804922
1.2809433
0.56291145
0.56234776
0.69622067
1.281463
1.2811147
0.79072827
0.56208945
0.79038494
1.0282528
0.79638139
1.0297304
1.2981571
1.2600674
1.2612097
1.2623716
1.2979256
1.263618
0.79230772
1.0250555
1.0262062
1.281471
0.69966784
1.2817848
0.69572756
1.2803201
1.2806437
0.56096615
0.79037004
0.56298048
0.78861547
0.80247505
1.049367
1.2453048
1.0661325
0.80326158
1.0508098
1.2444598
1.0661654
0.65158928
0.55153945
0.48001316
0.46319093
0.65257906
0.55352745
0.47871759
0.46320749
1.0498114
0.80285449
1.0657537
1.2441468
1.2447881
1.0665234
0.80214017
1.0491004
0.55190096
0.6518495
0.4644511
0.47935117
0.47902483
0.46453487
0.65140784
0.55202814
0.60406053
0.5682931
0.52946028
0.48936774
0.60377089
0.56751426
0.53010833
0.48969853
0.64275374
0.68965117
0.71377114
0.75855882
0.642478
0.68895657
0.71436693
0.75873208
0.56886387
0.60553206
0.49105914
0.53046384
0.53063835
0.49125725
0.60554519
0.56873666
0.69014388
0.64424442
0.76005748
0.71573692
0.71478668
0.7597581
0.64441368
0.6909931
1.3139195
0.92246726
0.92252966
0.95274138
0.96224503
0.95278262
1.3138893
0.92220291
0.92249344
0.95269925
0.96225972
0.95278834
0.30667465
0.78572106
0.70850116
0.31094659
0.78594291
0.7086909
1.2260223
0.922514
1.3138012
0.92247286
0.96209383
0.95237214
0.952447
0.95262788
0.96214476
0.95254575
1.3137948
0.92233299
0.92252371
0.30407603
0.70990914
0.78626646
0.78602985
0.70963914
0.29860587
0.98993019
0.98014192
0.98018495
0.98859859
0.94460682
0.98857405
0.98995407
0.98020825
0.98021859
0.98849132
0.94458222
0.98855484
0.97612308
0.98442455
0.97610028
0.94270235
0.95553622
0.95554676
0.95559143
0.94273225
0.95557804
0.98440761
0.97607294
0.97609675
0.9801196
0.98983744
0.98008728
0.94442838
0.98832872
0.98837356
0.98846102
0.94447361
0.98843124
0.98981682
0.98001998
0.98006737
1.0105772
0.99038078
1.0106681
0.99031767
1.3538491
1.0093209
0.83610244
0.83615042
0.83623959
1.009383
0.836206
1.3538045
1.010359
0.99013795
0.99017258
1.0103008
1.2578197
1.3104037
1.3102957
1.2578934
0.97076022
0.99079814
0.99087029
0.97075515
1.0182905
1.3100612
0.91166113
0.91168884
1.0182394
1.3099528
0.97075472
0.99073262
0.97075239
0.99067958
1.2575664
1.309904
1.2575261
1.2833653
0.81873239
0.81868433
0.86195582
1.1968858
1.2835701
0.92656918
0.95411764
0.92660089
0.95408683
0.87580101
0.95055036
0.87577649
0.95058423
0.86244101
1.1970523
1.2828922
0.81847628
0.81849661
1.2835135
2.8260662
2.8261732
0.86772469
0.85932794
0.97732295
1.6880105
0.97719008
1.6879372
2.8260153
2.8260163
2.2639794
2.2590908
2.6698211
2.6558379
1.8798369
2.6546026
1.8675664
1.5522799
1.8338783
1.5707859
2.8482492
2.9568711
2.1507361
2.8484411
2.1675962
2.1691237
1.8343856
1.5716225
1.5522064
1.8699087
0.78488136
0.78671844
0.56519662
0.56365106
0.78773497
0.78563242
0.6514494
0.55221416
0.48030491
0.46534509
0.65217938
0.55292814
0.47982003
0.46479837
1.0490506
0.80202723
1.064698
1.2434129
1.2436909
1.0654395
0.80126067
1.048613
0.55246004
0.65152647
0.46383622
0.47929107
0.47994536
0.46426479
0.65087016
0.55172716
0.64420178
0.69031864
0.71515137
0.75976881
0.64435691
0.69060008
0.71498195
0.75975421
0.56858943
0.60420121
0.48939554
0.52915637
0.53009831
0.48993241
0.60372037
0.5672201
0.6900616
0.6432811
0.75805737
0.71309842
0.71471924
0.75899643
0.64267223
0.68854421
0.29857546
0.70855736
0.78537936
0.78571979
0.70905174
0.30171173
1.3522182
1.3522561
1.3522374
1.0096079
0.98955757
1.0097265
0.98953947
1.352202
1.3522189
1.0096422
0.98952169
0.98957699
1.0097083
1.0159161
0.91044271
1.0159344
1.3072009
1.3071786
0.91044875
1.2545073
1.254524
0.96734877
0.98696949
0.96736658
0.98697707
1.0159133
1.3071502
0.91039667
0.9104806
1.0158872
0.96742845
0.98697041
0.96739236
0.98698401
1.2545119
1.3071861
1.3071726
1.2545323
0.87158008
0.94620819
0.87159267
0.946183
0.92253445
0.95019672
0.95019442
0.92252992
1.2784116
0.81363214
0.81360678
0.85650303
1.1919835
1.2788047
0.92253943
0.95020167
0.95021654
0.92252879
0.87158559
0.94613653
0.94613638
0.87160132
0.85608815
1.1918226
1.2783197
0.81354103
0.81354403
1.2787932
0.96936002
1.6762132
0.86144161
0.85280552
1.6760604
0.96919133
2.8114383
2.8112699
0.86122721
0.85276026
0.96895156
1.6757159
0.96911832
1.6757288
2.8104375
2.8104994
1.8688965
1.5511233
1.1864302
1.8344242
1.5702018
1.1935515
2.260164
2.8512139
2.9620429
2.1623404
2.8521293
2.1675084
2.1703705
1.8354634
1.5717093
1.1944452
1.5519601
1.1871807
1.871232
0.69486431
1.2802346
1.2802169
0.56220369
0.69901398
1.2814016
1.2813972
0.56037731
0.5622215
0.78838246
0.56035066
0.78993982
1.0287688
0.79584815
1.0289548
1.29709
1.2603432
1.2600327
1.2626847
1.2976165
1.2629576
0.79120656
1.0252614
1.0248941
1.2814851
0.69934752
1.2815166
0.69491619
1.2802684
1.280226
0.5598221
0.79036907
0.56219029
0.78820275
0.80187423
1.0491148
1.2446218
1.0661605
0.80252675
1.0496568
1.2442056
1.065591
0.65141429
0.55227323
0.47970165
0.46486687
0.65191477
0.55246276
0.47967869
0.46450691
1.0497897
0.80255874
1.0654434
1.244279
1.2447722
1.0662226
0.80172169
1.0491276
0.5526733
0.65197515
0.46387388
0.47919332
0.47994093
0.46436179
0.65125019
0.5518046
0.60516996
0.56853532
0.53058799
0.49068566
0.60532618
0.56884961
0.53025341
0.49046695
0.64432448
0.69097694
0.71594003
0.76064934
0.64444393
0.69115579
0.71585117
0.7606427
0.56841008
0.60492493
0.48956167
0.5292888
0.53022435
0.49009305
0.6045472
0.56748281
0.69076038
0.64373859
0.75955875
0.71453163
0.71561228
0.75995502
0.64335458
0.68971719
1.3137106
0.92260093
0.92260283
0.95237068
0.96208144
0.95239499
1.3137063
0.92243214
0.92259251
0.9524719
0.96211398
0.95245126
0.29888735
0.78638513
0.71043771
0.29817054
0.78648592
0.7104476
1.2259033
1.2258783
0.92275328
1.3136974
0.92284123
0.96229249
0.9526891
0.95264767
0.95253926
0.96225042
0.9526064
1.3137502
0.92293841
0.92302057
0.29965569
0.70959554
0.78614808
0.7864552
0.70992235
0.30292674
0.98973768
0.97998573
0.97999635
0.98831798
0.94437587
0.98830696
0.98976203
0.98001381
0.98001581
0.98829606
0.94438204
0.98831736
0.97599634
0.98429384
0.9759744
0.94278541
0.95543336
0.95546223
0.95550553
0.94278904
0.95550039
0.98427859
0.97591165
0.97595839
0.98000786
0.98973432
0.98002078
0.94441823
0.98833372
0.98833463
0.98831769
0.94441426
0.98834152
0.98973872
0.980026
0.9800415
1.0101598
0.99006046
1.0101774
0.99004752
1.3536043
1.0092469
0.8359656
1.3536143
0.83598636
0.836005
1.0092509
0.8360089
1.0101727
0.99010571
0.99007658
1.0101955
1.2574685
1.3098629
1.3098295
1.2574914
0.97078082
0.99050558
0.99051394
0.97079585
1.0181029
1.3097793
0.9116482
0.91162397
1.0181072
1.3097972
0.97084643
0.99050139
0.97081388
0.99051114
1.2574435
1.3097825
1.2574553
1.2828555
0.81845848
0.81844545
0.86216641
1.1967371
1.2832818
0.92648237
0.95400994
0.92646998
0.95402159
0.87577854
0.95049002
0.87579289
0.95048322
0.86274654
1.1969526
1.2828259
0.81843759
0.81842486
1.2832864
2.8257839
2.8258302
0.86781283
0.85957679
0.97803291
1.6884424
0.97775005
1.6883455
2.826466
2.8264103
2.1541372
2.297551
2.7140002
2.6736938
1.954538
2.6259139
2.2843369
1.8572647
1.5559441
1.8403322
1.5643284
2.670154
2.6516609
1.7998412
2.7692741
2.3168412
1.8533999
1.5490363
1.564219
1.8330401
0.78670303
0.78824347
0.56398171
0.56982232
0.78306205
0.78335125
0.6506249
0.55224964
0.47936201
0.46425127
0.65087564
0.55190718
0.47970027
0.46422021
1.0508619
0.80550102
1.0679854
1.244748
1.245091
1.0677865
0.80530935
1.0501032
0.55345382
0.6543412
0.46511142
0.47940922
0.48055235
0.46547715
0.65396277
0.5521607
0.64196666
0.68793088
0.71280597
0.75713819
0.64203863
0.68829298
0.71229048
0.75695308
0.56780025
0.60366666
0.49082345
0.5294444
0.53033107
0.49069845
0.60350829
0.56715376
0.68796048
0.64213664
0.75685271
0.71232359
0.71227793
0.7567916
0.64206548
0.68788439
0.30773281
0.7074482
0.7851776
0.78521323
0.70739715
0.30720484
1.35223
1.3522553
1.0098474
0.98976683
1.0099154
0.98979794
1.3522726
1.3522737
1.0099479
0.98992155
0.98991112
1.0099981
1.0160334
0.91061471
1.0159991
1.3072043
1.3072269
0.91067617
1.2545714
1.2545468
0.9676247
0.98713264
0.96766106
0.98710323
1.0170574
1.3072759
0.9107634
0.91075096
1.0170833
0.96773716
0.98716422
0.96769927
0.98720042
1.254674
1.3073446
1.3073493
1.2547052
0.87164293
0.94614217
0.87161914
0.94615508
0.92264023
0.95037234
0.95034076
0.92266582
1.2783284
0.81354134
0.8135482
0.85658364
1.1920115
1.2788373
0.92271876
0.95040164
0.9504346
0.92268952
0.87176129
0.94624
0.94623068
0.87178141
0.85620026
1.191873
1.2784311
0.81359918
0.8135917
1.2788528
0.96890869
1.6756996
0.86128213
0.85261783
1.6756459
0.96881881
2.8106471
2.8105424
0.861148
0.85259377
0.96860163
1.6757279
0.96876746
1.67569
2.8109518
2.8108707
1.8570344
1.5549379
1.1885331
1.8398811
1.563464
1.1887703
2.6506686
2.6770703
1.8138778
2.7856386
2.3001075
2.3128001
1.8546164
1.546934
1.1832416
1.5632776
1.1927061
1.8329686
0.69337903
1.280176
1.2797792
0.56120109
0.69806229
1.2813325
1.28118
0.5587959
0.56077321
0.79000617
0.79182274
1.0275925
0.7964832
1.0296508
1.29714
1.2624723
1.263496
1.2623107
1.2998793
1.263991
0.7969699
1.0280045
1.0298269
1.281919
0.7006939
1.2830303
0.56289372
0.70124612
1.2821124
1.2829508
0.56514657
0.78647037
0.5656037
0.78672398
0.80104956
1.0494957
1.2448899
1.0654818
0.80152779
1.0497521
1.2444077
1.0648442
0.6504186
0.55191102
0.4791313
0.46376624
0.65079501
0.55183895
0.47921569
0.46374462
1.0510292
0.80555211
1.0683324
1.2455669
1.2456232
1.0681235
0.80542213
1.0505588
0.5531837
0.65431352
0.46462324
0.4791452
0.48012316
0.46494117
0.65400242
0.55208589
0.60401841
0.56749318
0.52947129
0.48956512
0.60372845
0.56754969
0.52964641
0.48974412
0.64280658
0.68908634
0.71423647
0.758611
0.64265134
0.68945792
0.7136772
0.75839862
0.56777859
0.6038688
0.49000658
0.52896454
0.53000327
0.49039085
0.60414978
0.5674203
0.68903783
0.64280648
0.75819816
0.71353447
0.71361583
0.75818456
0.64283502
0.68891931
1.3137853
0.92324931
0.92328737
0.95276887
0.96243757
0.95283793
1.3137765
0.92310599
0.92329054
0.95291628
0.96247516
0.95290653
0.30787235
0.78608121
0.70874295
0.30444069
0.78588702
0.70854159
1.225446
1.2254505
0.92335554
1.3137443
0.92338112
0.96252163
0.95293865
0.95297884
0.9529604
0.96253519
0.95299198
1.3137757
0.92331789
0.92348718
0.30834683
0.70834369
0.78577183
0.78586547
0.70833491
0.3084424
0.98965997
0.98001214
0.98003476
0.9883576
0.94446808
0.98836943
0.98969821
0.980042
0.98005465
0.98836821
0.94448713
0.988391
0.97569216
0.98399885
0.97565336
0.94275093
0.95515393
0.95520499
0.95528125
0.94278985
0.9552626
0.98396201
0.97555909
0.97562104
0.98001209
0.98957946
0.97999509
0.94446476
0.98830695
0.98834043
0.98837605
0.94448811
0.98837641
0.98955447
0.97993158
0.97998232
1.0102987
0.99019007
1.0102742
0.99021208
1.3536168
1.0093071
0.83586305
1.3536166
0.83589726
0.83592843
1.0093288
0.83592915
1.0103618
0.990304
0.99028158
1.0103787
1.2574814
1.3098008
1.3098088
1.257465
0.97101652
0.99063122
0.99060719
0.97104478
1.0181831
1.3098358
0.91182348
0.9118044
1.0181874
0.97110425
0.99065278
0.9710704
0.99068129
1.2575543
1.309874
1.3098566
1.257569
1.2828342
0.81845048
0.81846476
0.86259598
1.1968992
1.2833684
0.92664647
0.95418057
0.926619
0.9542062
0.87596007
0.95061523
0.87597794
0.95059948
0.86321457
1.1971386
1.2829886
0.81855975
0.81853669
1.2833993
2.826378
2.8265558
0.8682565
0.86008937
0.97894351
1.6889715
0.97860972
1.6888431
2.8265761
2.8265299
2.1755567
2.1647294
2.6532276
2.6243895
1.7745213
2.7282664
2.1680049
1.862023
1.561187
1.8560347
1.5627342
2.1743319
2.9755935
2.8769304
2.1560358
2.6766157
2.1686785
1.8336463
1.5573287
1.5475596
1.8445708
0.7896329
0.55939721
0.79028736
0.55792312
0.56505663
0.78551784
0.78494795
0.64821219
0.54923489
0.47796774
0.46107576
0.64857029
0.55040044
0.47675144
0.46051195
1.0479454
0.80208877
1.0664881
1.2443659
1.2430665
1.066751
0.80321132
1.0501951
0.54987975
0.65083398
0.46259236
0.48009509
0.47729864
0.46161986
0.65218598
0.55310055
0.6412081
0.68769081
0.71224504
0.75680882
0.64124018
0.68771145
0.71247705
0.75680493
0.56556609
0.60229061
0.48772829
0.5284361
0.52692788
0.48704827
0.60259251
0.56627338
0.6877235
0.64127416
0.75750121
0.71299409
0.71253658
0.7573922
0.64151811
0.68827596
0.3087299
0.70763303
0.78523516
0.78512821
0.70756621
0.30907398
1.3522309
1.0099688
0.98997785
1.0100966
0.98994089
1.3520856
1.3520248
1.0098502
0.98976606
0.98983711
1.0098095
1.0161168
0.91082287
1.0161181
1.307354
0.91082534
1.2547373
1.2547244
1.3073629
0.9678635
0.98731679
0.96786181
0.98731147
1.017013
1.3073627
0.91072429
0.91074844
1.0161147
0.96784137
0.98731919
0.96785877
0.98731682
1.2547114
1.3073059
1.3073273
1.2546935
0.87181349
0.94625027
0.8717972
0.94626323
0.92281046
0.95054548
0.95053722
0.92281752
1.2784465
0.81360701
0.81361708
0.85664461
1.1920862
1.2789469
0.92282193
0.95054618
0.95054435
0.92281867
0.87183635
0.94629385
0.94629697
0.87183095
0.856157
1.1919319
1.2784834
0.81364114
0.81364171
1.2789515
0.96853444
1.6755818
0.86121562
0.85244083
1.6754802
0.96834148
2.810519
2.8103324
0.86101933
0.85239346
0.96791954
1.6752325
0.96824698
1.6753293
2.8105039
2.8106351
1.8637577
1.5604555
1.18476
1.857137
1.5626354
1.1842337
2.9859162
2.8822797
2.1742712
2.6802486
2.2155344
2.168206
1.8338875
1.5561817
1.1866189
1.546769
1.1797344
1.8443845
0.69234927
1.2780884
1.2780819
0.55861914
0.69279592
1.2802322
1.278732
0.55355262
0.55343335
0.55504673
0.79270409
0.79340667
1.0220882
0.79128586
1.0249622
1.2958155
1.2601515
1.2605302
1.2571961
1.292989
1.2592443
0.79255731
1.025323
1.0259687
1.2792759
0.69697494
1.2806896
0.56057977
0.55634209
0.55957833
0.69712408
1.2807344
1.2806925
0.5600646
0.78898041
0.78844706
0.79916792
1.0475116
1.2442268
1.0644947
0.79964975
1.0487125
1.2431147
1.0639129
0.64827711
0.54908637
0.47771391
0.46077728
0.6486693
0.55033696
0.47639753
0.46032588
1.0483045
0.80205882
1.0667808
1.2450437
1.243811
1.0670316
0.80316042
1.0504784
0.54968188
0.65073016
0.46217353
0.4796041
0.47689575
0.46122628
0.65205652
0.5528232
0.60245729
0.56549956
0.52797707
0.48661689
0.602819
0.56673836
0.52671714
0.48656942
0.64157045
0.68815833
0.71339806
0.7580216
0.64184831
0.68867514
0.71308783
0.75794687
0.56560144
0.60250076
0.48769243
0.52797437
0.52698899
0.48722535
0.60283367
0.56661032
0.68818745
0.64159561
0.7582049
0.71371061
0.71312986
0.75804422
0.64188426
0.68886609
1.3137002
0.92323027
0.92329488
0.95291425
0.96240773
0.95287276
1.3137421
0.92337211
0.92341187
0.95282582
0.96237459
0.95285923
0.30971822
0.78572579
0.70820075
0.30857367
0.78562926
0.70813655
1.2252906
0.92334926
1.3137256
0.92332099
0.96222913
0.95259908
0.95274219
0.9528473
0.96229288
0.95283755
1.3136513
0.92289811
0.92326646
0.31007178
0.70829948
0.78572681
0.78563371
0.70819206
0.30959943
0.98941506
0.97982937
0.97986562
0.98829743
0.94441186
0.98827978
0.98945364
0.9799152
0.97990308
0.98823179
0.94440017
0.98827676
0.9754206
0.98378534
0.97543263
0.94250512
0.95500631
0.95502413
0.95501322
0.94253538
0.9550322
0.98380551
0.97543926
0.97546025
0.97981942
0.98937494
0.97980142
0.94427793
0.98811
0.98815844
0.98821898
0.94431998
0.98820489
0.98937881
0.97973688
0.97979211
1.0103649
0.99030886
1.0103783
0.99029225
1.3534932
1.0091422
1.3533997
0.83569921
1.3534506
0.83573014
0.8357579
1.0091841
0.83575838
1.0102972
0.99019999
0.99022941
1.0102548
1.2575905
1.3098769
1.2575794
0.97118948
0.99077418
0.99076546
0.97118908
1.0181834
1.3098901
0.91178154
0.91179505
1.0181754
0.97118674
0.99078086
0.9711908
0.99078649
1.2575872
1.309859
1.3098645
1.2575786
1.2830048
0.81858103
0.81860044
0.86302792
1.1971248
1.2835414
0.92676083
0.95431107
0.92674944
0.95431485
0.87607526
0.9507322
0.87607797
0.95072004
0.86357358
1.1973559
1.2831352
0.81870713
0.81868337
1.2835679
2.8274108
2.8277279
0.86873168
0.86067167
0.97986981
1.690208
0.97955124
1.6899635
2.828076
2.8278183
2.1783578
2.2993968
2.8149617
2.7295997
2.0195146
2.6360477
2.2183267
1.8521051
1.5551164
1.8376343
1.5659598
2.1676132
2.9296729
2.8441958
2.0799514
2.7088786
2.1728551
1.8368262
1.553438
1.5556795
1.8343976
0.78379128
0.78629512
0.56587386
0.56897551
0.7828885
0.78280643
0.65025298
0.55015065
0.48012671
0.46415382
0.65200825
0.55313372
0.47784269
0.46393945
1.048384
0.80315007
1.0677703
1.2429038
1.2430091
1.0676706
0.80303233
1.0481995
0.55071041
0.65154019
0.46465291
0.4794336
0.47818832
0.46476199
0.65164106
0.55179223
0.64257545
0.68879025
0.71323145
0.75808369
0.6424555
0.68855746
0.7132833
0.7581816
0.56847904
0.60431414
0.4905386
0.52973186
0.53093433
0.49107134
0.60405993
0.56755364
0.68891202
0.64293329
0.75759882
0.71340731
0.71332231
0.75766887
0.64275555
0.68883786
0.30356336
0.70781485
0.78491467
0.78494633
0.70789347
0.30641406
1.3518583
1.0095291
0.98961164
1.0097009
0.98951919
1.3516636
1.3516174
1.0093243
0.98924059
0.98929093
1.0093716
1.0170033
1.3072961
0.91059548
1.0160743
1.3072831
0.91052545
1.2546679
1.254678
1.3072708
0.96769794
0.987231
0.96765558
0.9872495
1.0169993
1.3072598
1.3072436
0.91028776
0.91034525
1.0169753
0.96756081
0.98720963
0.96761147
0.98718963
1.2545672
1.3072505
1.3072606
1.254536
0.87181341
0.94629156
0.87182131
0.94629274
0.92277854
0.9504575
0.95047667
0.92276145
1.2784831
0.81364191
0.81364674
0.85638493
1.1920065
1.2789465
0.92272169
0.95042979
0.95040271
0.92273891
0.87172515
0.94626207
0.94627225
0.87170284
0.85577092
1.1918364
1.2784586
0.81362968
0.8136378
1.2789414
0.96779606
1.6746518
0.86094515
0.85200488
1.6744215
0.96744539
2.8097093
2.8096891
0.86067519
0.85191951
0.9668018
1.6731251
0.96728993
1.6735
2.8079505
2.8086345
1.8593949
1.5538526
1.1905627
1.8371564
1.569019
1.1974202
2.1822984
2.933325
2.8426943
2.0965047
2.7491814
2.250763
2.1751661
1.83841
1.552278
1.1888952
1.5558569
1.1926513
1.8340252
0.69502313
1.2794038
1.2804429
0.69984933
1.28177
1.2821347
0.55848282
0.5609305
0.56414711
0.78741536
0.78982454
1.0272301
0.79732735
1.0315446
1.2986469
1.2627367
1.2638751
1.2625451
1.301415
1.2660203
0.79571254
1.0271351
1.0296385
1.2808048
0.70016786
1.2824275
0.56139618
0.56502339
0.6988952
1.2813499
1.2822018
0.56485355
0.78599202
0.78601046
0.80155295
1.0477138
1.2456987
1.0674356
0.80339707
1.0511045
1.2428183
1.0662574
0.65017181
0.54991207
0.479639
0.46359993
0.65194488
0.5528659
0.47739409
0.46338208
1.0487445
0.8034068
1.0682947
1.2439362
1.243781
1.0681264
0.80342634
1.048915
0.55057774
0.65173629
0.46451206
0.47934273
0.47783703
0.46446492
0.65196378
0.55195827
0.60442493
0.56822537
0.52872459
0.48934757
0.6041432
0.56723322
0.53028374
0.48970633
0.64321907
0.68985382
0.71396578
0.75882505
0.64296045
0.68916595
0.71452853
0.75899219
0.5689481
0.60529095
0.49048731
0.53011223
0.5307037
0.49091377
0.60508545
0.568358
0.69002061
0.64382818
0.75896018
0.7142753
0.71462246
0.7590936
0.64366767
0.68967821
1.3134076
0.92234437
0.92257309
0.9524931
0.9619274
0.95237914
1.3134376
0.92281972
0.9227901
0.95211444
0.96180586
0.95226609
0.3051326
0.78573885
0.7087037
0.30873696
0.78559481
0.70880582
1.2252789
0.92231393
1.3132924
0.92225172
0.96154268
0.95202805
0.95202086
0.95205273
0.96156747
0.95203398
1.3133067
0.9221357
0.92231027
0.30466846
0.70872917
0.78557573
0.78557438
0.70883604
0.30775921
0.98916599
0.97950157
0.97957574
0.98807669
0.94413642
0.98802714
0.98925162
0.97970128
0.9796552
0.98791099
0.94408534
0.98798771
0.97510678
0.98346044
0.97509724
0.94192195
0.95465385
0.95461554
0.95461373
0.9419359
0.95461102
0.98347832
0.97515491
0.97513107
0.9794621
0.98902779
0.97942347
0.94387487
0.9877483
0.9877903
0.98787419
0.94392706
0.98784377
0.9890256
0.97935954
0.97940514
1.0100992
0.99008021
1.010133
0.99003416
1.0087979
0.83543353
0.83544021
0.83546629
1.0088452
0.8354604
1.3532214
1.0099826
0.98986838
0.9899038
1.0099447
1.2575849
1.2575777
0.97111581
0.9907871
0.99078573
0.97109459
1.0181157
1.309883
0.91155619
0.91157657
1.0181118
0.97104243
0.99078416
0.97106972
0.99078373
1.2575904
1.3098749
1.3098716
1.257582
1.2831451
0.81873125
0.81875494
0.86323971
1.1972676
1.2836705
0.92676812
0.95429889
0.92676763
0.95428863
0.87608475
0.95083395
0.87607675
0.95082299
0.86369048
1.1974895
1.2832565
0.81886352
0.81884416
1.2836935
2.8292199
2.8293391
0.86911598
0.86120945
0.98068433
1.6926566
0.98040611
1.6921859
2.8314005
2.830642
2.1642267
2.2690594
2.861752
2.9643467
2.1503749
2.653701
2.1685329
1.8356305
1.5547046
1.8354839
1.5547095
2.1688404
2.959389
2.8539286
2.1528408
2.6499191
2.2830051
2.1731451
1.8373776
1.5533304
1.5557994
1.8349296
0.78218207
0.78226585
0.57086328
0.56805093
0.78419506
0.78397749
0.65326637
0.55268032
0.48002413
0.46429417
0.65322254
0.55243043
0.48034208
0.46411864
1.0482634
0.8032834
1.0672958
1.2428733
1.242944
1.0673838
0.80319417
1.0480731
0.55235897
0.65237996
0.46359242
0.47919582
0.48004332
0.46361209
0.65223901
0.55168477
0.64183456
0.68818804
0.71324414
0.75759467
0.64201878
0.68864453
0.71282738
0.75746012
0.56679267
0.60304749
0.48927078
0.52949211
0.52893278
0.48916607
0.60330666
0.56750343
0.6881744
0.64177498
0.75757648
0.71286302
0.71284104
0.75756513
0.64204933
0.6884324
0.31057681
0.70747167
0.78458589
0.7847843
0.70743107
0.30738236
1.351519
1.3515013
1.00916
0.98904465
1.0092154
0.98901162
1.3514972
1.3515426
1.3515238
1.0091273
0.98885032
0.9888967
1.0091561
1.0169148
1.3072319
1.3072159
0.91012999
1.0169364
0.91009288
1.2544896
1.3072234
1.2545048
1.307211
0.96723994
0.98709127
0.96718146
0.98709206
1.016927
1.3072531
1.3072905
0.90997256
0.90999713
1.0169598
0.96708502
0.98709709
0.96712886
0.98711795
1.2545218
1.3074066
1.3073357
1.2545503
0.87166082
0.9462547
0.871679
0.94625669
0.92261718
0.95023013
0.95025132
0.92260139
1.2784711
0.81361965
0.81361542
0.85580677
1.1918753
1.2789637
0.92258478
0.9502063
0.95019052
0.92258665
0.8715976
0.94634752
0.94631924
0.87159961
0.85556273
1.1918996
1.2786608
0.81365817
0.81364406
1.2789942
0.96664355
1.6719609
0.86054639
0.85133755
1.6715319
0.96622591
2.8066727
2.8062296
0.86045567
0.85125532
0.96567289
1.6698844
0.96607394
1.6702627
2.8039456
2.8046103
1.8356939
1.5537885
1.1914333
1.8352478
1.5537261
1.1910165
2.1696546
2.9650361
2.8560829
2.1713256
2.653014
2.2838551
2.1748921
1.8380664
1.5526726
1.1890941
1.5549223
1.1905428
1.8357728
0.7006276
1.2815427
1.2828652
0.70096561
1.2815987
1.2829551
0.56377585
0.56644144
0.56663729
0.78519173
0.78535204
1.0270763
0.79620801
1.0299835
1.2992606
1.2610946
1.2645184
1.2625253
1.2995022
1.2643503
0.79657756
1.025946
1.0302822
1.2811136
0.69868981
1.2818309
0.56339366
0.56273761
0.69908942
1.2804956
1.2817944
0.78739637
0.56378424
0.78715498
0.80441049
1.0489586
1.2441445
1.0686531
0.804542
1.0492529
1.2439504
1.0686082
0.65334806
0.55247747
0.47989958
0.46428964
0.65344965
0.55255736
0.47992941
0.46426143
1.0486342
0.80336326
1.0677046
1.2436731
1.2437107
1.0678078
0.80330457
1.0485015
0.5521195
0.65234549
0.46340637
0.47880502
0.47959276
0.46348012
0.65223966
0.55151939
0.60377787
0.56735127
0.52974304
0.48995169
0.60398167
0.56795855
0.52909552
0.48978144
0.64249105
0.68887929
0.71401709
0.75833343
0.6426903
0.68937622
0.71357359
0.75820348
0.56748786
0.60406296
0.48954662
0.52958135
0.52921391
0.48952325
0.60435191
0.56815779
0.68896205
0.64273539
0.75866518
0.71431356
0.71364823
0.7584193
0.64302307
0.68968461
1.3133362
0.92206778
0.92222362
0.95209189
0.96154924
0.95213607
1.3133375
0.9222392
0.92233971
0.9521073
0.96152417
0.95216084
0.31189453
0.78559586
0.70826256
0.30948771
0.78551906
0.70815519
1.2249168
0.92203873
1.3133035
0.92186483
0.96117559
0.95176763
0.95189553
0.95207782
0.96129413
0.95201395
1.3132565
0.92128437
0.92171575
0.31138921
0.70841201
0.78539899
0.78548469
0.70825595
0.30790235
0.98899866
0.97926947
0.97930728
0.98773484
0.94377635
0.98771515
0.98902061
0.97935059
0.97934315
0.98766651
0.94375576
0.98771071
0.97518442
0.98349478
0.9751587
0.94168606
0.95453919
0.95459249
0.95467973
0.94178137
0.95465158
0.98347874
0.9750887
0.97514241
0.97925425
0.98894464
0.97922903
0.94364013
0.98758765
0.98761335
0.98765652
0.94367238
0.98764819
0.98893141
0.97916416
0.9792141
1.0098609
0.9897665
1.0098678
0.98973693
1.3532496
1.0087016
0.83553991
0.83552665
0.83548552
1.0087074
0.83551687
1.3533037
1.0099015
0.98970032
0.98969554
1.0099359
1.2575743
1.3098787
1.2575728
0.97082915
0.9907938
0.99078044
0.97078326
1.0181747
1.3100198
0.91143037
0.9114236
1.0182008
0.97071215
0.99081243
0.97074325
0.99084588
1.2576691
1.3101522
1.3100713
1.2577056
1.2832672
0.81887954
0.81889477
0.86319337
1.1973554
1.2838175
0.92674691
0.95420746
0.92673788
0.95420196
0.87606945
0.95102436
0.87607822
0.95098357
0.86313849
1.1974072
1.2835687
0.81902393
0.81898947
1.2838752
2.8328988
2.8334145
0.86938961
0.86168057
0.98142951
1.6962059
0.98112244
1.695667
2.8361314
2.8353278
2.2440259
2.8225937
2.9109311
2.0613251
2.7176363
2.1692987
1.8389265
1.5527078
1.8365563
1.5544037
2.9160446
2.812824
2.1199678
2.6427791
2.2377077
2.1874161
1.837275
1.5514584
1.5514919
1.8369812
0.7851233
0.7849946
0.5668615
0.56302564
0.78803562
0.56272674
0.78793114
0.65229895
0.55140942
0.47890926
0.46330589
0.65196289
0.55146458
0.4783119
0.46327409
1.0484911
0.80166872
1.0665145
1.2444685
1.2436814
1.0663203
0.80173769
1.0489797
0.55061026
0.65046989
0.46098977
0.47728317
0.47758144
0.46142381
0.65047887
0.55042074
0.64275737
0.68853373
0.71304862
0.75771601
0.64272441
0.68862841
0.71287707
0.75772353
0.56734715
0.60249875
0.4868353
0.52665708
0.52922568
0.48773632
0.6018302
0.56464984
0.68806094
0.6412815
0.75636086
0.71020619
0.71239584
0.75715821
0.64036871
0.68558233
0.30442385
0.70603922
0.78279233
0.78396222
0.70677333
0.31161616
1.3517646
1.351599
1.3516779
1.0093679
0.98884841
1.0092965
0.98889603
1.3522587
1.3527648
1.352501
1.0098098
0.98912697
0.98906869
1.0100203
1.0171079
1.3078495
1.307699
0.90998062
1.0170669
0.9100129
1.2546388
1.3074821
1.2545873
1.3075767
0.96690478
0.98752032
0.96688932
0.98740644
1.0173559
1.3080203
0.91023522
0.91016412
1.0174878
0.96690623
0.98765588
0.96688861
0.98782064
1.2550464
1.3087792
1.3084807
1.255139
0.87162951
0.94638729
0.87160749
0.94643964
0.9226786
0.95024442
0.95020928
0.92272924
1.2792024
0.81368342
0.81370325
0.8553559
1.1920823
1.2795331
0.92287191
0.95028452
0.95033865
0.92279009
0.87187998
0.94697928
0.94685494
0.87196594
0.85523088
1.1921707
1.2798775
0.81362364
0.81367628
1.279689
0.96557612
1.6689493
0.86059796
0.85092439
1.6686745
0.96542742
2.80281
2.8023787
0.86091082
0.85092697
0.96566108
1.6684323
0.96541935
1.6683303
2.8017259
2.801675
1.8389899
1.5520156
1.1856941
1.8368486
1.5536625
1.1871125
2.1798757
2.9201856
2.8131476
2.1249753
2.6431307
2.2382753
2.1886355
1.8380122
1.5500137
1.1806442
1.550987
1.1814688
1.8366509
0.69844924
1.2803774
1.2815407
0.69722994
1.2803547
1.2812018
0.56243837
0.56200197
0.7881067
0.78793308
1.022945
0.78902302
1.0236264
1.2923868
1.2574168
1.2584597
1.2586047
1.292783
1.2587066
0.78852423
1.0215145
1.0232736
1.2792234
0.69279076
1.2791496
0.5580436
0.55801442
0.5579228
0.69220279
1.2789505
1.2791364
0.79133281
0.55786752
0.79106741
0.80365996
1.0497589
1.2437999
1.0678138
0.80323846
1.0485296
1.2451644
1.0679413
0.65241027
0.55129089
0.47855363
0.46316157
0.65206221
0.55133239
0.47792706
0.46298295
1.0489435
0.80167176
1.0667985
1.2450655
1.2445456
1.0667144
0.80164529
1.0491852
0.55042095
0.65037433
0.46021535
0.4767237
0.47713101
0.46082082
0.65029495
0.55006077
0.60518524
0.56833548
0.52975629
0.48947666
0.6051286
0.56839939
0.52941208
0.48896542
0.64383558
0.68985004
0.7145402
0.75934358
0.64379959
0.68993019
0.71439353
0.75936288
0.56785272
0.60345079
0.48628138
0.5260218
0.52901032
0.48759771
0.60233963
0.56470426
0.68931083
0.64210542
0.75724867
0.71107322
0.71388631
0.7581038
0.64100535
0.68633664
1.312908
0.92027162
0.92057376
0.95169693
0.9608515
0.95162852
1.3130194
0.92111328
0.9209362
0.95153632
0.96075635
0.95158635
0.30433779
0.78536604
0.70883496
0.30656808
0.78500762
0.70881048
1.2253494
0.9202394
1.3129912
0.92017418
0.9604341
0.95184431
0.9517727
0.9515962
0.96051296
0.95169583
1.3130604
0.91983766
0.92015946
0.30488222
0.7068975
0.78350992
0.78474808
0.70766403
0.3121377
0.98874934
0.97904338
0.97908486
0.98758845
0.94359999
0.9875867
0.98881639
0.97914442
0.97912662
0.98759558
0.94360818
0.98760719
0.97454951
0.98284514
0.97438231
0.94063179
0.95341973
0.95359676
0.95397769
0.9408199
0.95379956
0.98273811
0.97407913
0.97423532
0.97902802
0.98855828
0.97901591
0.94371017
0.98778936
0.9877115
0.98762456
0.94366272
0.98766979
0.98852854
0.97904918
0.97903528
1.0102453
0.98975369
1.0101363
0.98979041
1.3541785
1.0092004
0.83552559
0.83556535
0.83559555
1.0090832
0.83559392
1.3544447
1.0107348
0.99009884
0.99000094
1.0109432
1.2578045
1.3102365
1.3103358
1.2577491
0.97055825
0.99128903
0.99116884
0.97054591
1.0186545
1.3108034
0.9117612
0.91167038
1.0187772
0.97057977
0.99143412
0.97055469
0.99160819
1.2582481
1.3115834
1.3112754
1.2583494
1.2836529
0.81905708
0.81908839
0.86308749
1.197749
1.2845114
0.92710269
0.95435409
0.92700971
0.95441768
0.87643779
0.95174812
0.87653684
0.95160484
0.86361898
1.1980567
1.2849543
0.81911421
0.81913947
1.2846962
2.8378851
2.838606
0.87054823
0.86240543
0.98300982
1.7001036
0.98228069
1.6995776
2.8410368
2.8405182
2.7324247
2.7015104
1.8507882
2.8697691
2.1660159
1.8475892
1.5573029
1.8454046
1.5590976
2.6421726
2.6575926
1.763405
2.8198599
2.239862
2.1514294
1.8729061
1.5473963
1.5731654
1.8325796
0.78279378
0.77965606
0.76143173
0.79220254
0.65366117
0.54985573
0.47794028
0.46036647
0.65360834
0.55133797
0.47614454
0.4593379
1.0504657
0.80009968
1.0657572
1.2473975
1.2485635
1.0674835
0.79942954
1.0528725
0.5476585
0.64833312
0.468249
0.4818565
0.4742475
0.45866487
0.65064335
0.55912408
0.63492139
0.68004402
0.70901406
0.75288014
0.63650198
0.68435986
0.70479474
0.75141283
0.55789564
0.59633295
0.49686992
0.55033531
0.52045799
0.48453374
0.60482763
0.58297755
0.67909
0.63430064
0.75488128
0.71397732
0.70378263
0.74963955
0.64127428
0.69223509
0.38561154
0.70125645
0.77306577
0.78327209
0.69757242
0.40048621
1.3536751
1.3530796
1.3534272
1.0105738
0.98935509
1.0106146
0.98933372
1.3519603
1.3443188
1.0074181
0.98655741
0.98772388
1.0060916
1.0182588
1.309771
1.3096688
0.91058638
1.0180085
0.91074628
1.2551853
1.3090973
1.255193
1.3094456
0.96658891
0.9884826
0.96601717
0.98861888
1.0177111
1.3088415
0.9080676
0.91027344
1.0171236
1.2999715
0.96259785
0.98787891
0.96456246
0.9866177
1.2446596
1.3076945
1.248081
0.87218311
0.94713327
0.87206595
0.94732087
0.92342031
0.95038656
0.95054299
0.92344544
1.2801698
0.81355752
0.81349257
0.85482278
1.1915102
1.2811767
0.92249316
0.94995398
0.94891586
0.92327206
0.86941455
0.94373498
0.94676565
0.8653404
0.85022437
1.1898612
1.2779881
0.81465756
0.80504621
1.2802634
0.96587582
1.6692758
0.86161481
0.85092479
1.6693952
0.9669558
2.8030115
2.8028421
0.8593361
0.85057866
0.94053605
1.6294852
0.96689272
1.6529727
2.7231122
2.7714273
1.8491429
1.5566877
1.186544
1.8465932
1.5587476
1.1884868
2.2378683
2.6504286
2.6624315
1.779599
2.8282042
2.2392016
2.1502339
1.872876
1.5467178
1.1749795
1.5717849
1.1903231
1.8332832
0.69689101
1.2834675
1.2830341
0.56571851
0.69633546
1.280592
1.2823619
0.78595631
0.56839872
0.78260345
1.0227731
0.78516564
1.0213579
1.286122
1.2638049
1.2531221
1.2605496
1.2947121
1.2587245
0.78824151
1.0348475
1.0187046
1.2815782
0.68876548
1.2812307
0.58248079
0.56922107
0.68921643
1.2887316
1.2825013
0.58362884
0.76398323
0.56362181
0.79465321
0.8061752
1.0525324
1.2465572
1.0704339
0.80551177
1.0507322
1.2496446
1.0721628
0.65383905
0.54983901
0.47745867
0.45980415
0.65365324
0.55106132
0.47588189
0.45896886
1.0513461
0.80035622
1.0663854
1.2483849
1.2498705
1.0682099
0.79962234
1.0534418
0.54756861
0.64838952
0.46789855
0.48153441
0.47394123
0.45830255
0.6506946
0.55901299
0.59670309
0.55838904
0.52507692
0.48410861
0.59837323
0.56351133
0.52090236
0.48293084
0.63549892
0.68079722
0.70987907
0.75376589
0.63707405
0.6851129
0.70563587
0.7522907
0.55758009
0.59642399
0.49647751
0.55030909
0.52025879
0.48403876
0.60456433
0.58307491
0.67982037
0.63475029
0.75558979
0.71464449
0.70459038
0.7503964
0.64160328
0.69280858
1.3125539
0.91842152
0.91908907
0.95195157
0.960128
0.95203107
1.3129501
0.91974825
0.91961746
0.95195764
0.95994182
0.95202478
0.35165336
0.78293464
0.70356882
0.31596985
0.78228111
0.70198433
1.2125185
0.91732234
1.3080535
0.91706026
0.95807116
0.95165582
0.95180787
0.95176433
0.9590065
0.95178196
1.3046909
0.92173058
0.91728177
0.38648799
0.70193627
0.77371704
0.78397796
0.69829203
0.40077113
0.98861134
0.97939764
0.97931561
0.98791834
0.94404298
0.98806902
0.98855978
0.97912032
0.9792178
0.98840323
0.94421189
0.98826292
0.97383686
0.98242537
0.97385608
0.93964889
0.95116063
0.95325334
0.95299314
0.93970174
0.95302911
0.98233342
0.97189388
0.97405337
0.97940725
0.98849635
0.97904335
0.94178448
0.98388358
0.98668483
0.98844092
0.94376009
0.98798863
0.98811288
0.97514074
0.97804684
1.0116794
0.99035338
1.0115873
0.99035989
1.3539867
1.0090708
0.83959193
0.82497685
0.83465762
1.0095308
0.83541454
1.3463597
1.0099529
0.98906561
0.98912768
1.0085922
1.2584092
1.3119111
1.3122732
1.258411
0.97031675
0.99236111
0.99247453
0.9697644
1.0191458
1.3117589
0.90978142
0.91186332
1.0195639
0.96640789
0.9917834
0.96833835
0.99055124
1.2479461
1.3106838
1.3029441
1.2513813
1.2852681
0.81907465
0.819034
0.86303377
1.1974192
1.2863712
0.92688464
0.95416048
0.92763255
0.9531508
0.8741824
0.94874612
0.95170852
0.87017227
0.85909591
1.1959988
1.2832566
0.82037393
0.81083448
1.2854988
2.8421444
2.8422615
0.86953909
0.8627708
0.95986467
1.6623896
0.9847717
1.6858745
2.7634569
2.8119937
)
;
    }
}


// ************************************************************************* //
