/*--------------------------------*- C++ -*----------------------------------*\
| =========                 |                                                 |
| \\      /  F ield         | OpenFOAM: The Open Source CFD Toolbox           |
|  \\    /   O peration     | Version:  2412                                  |
|   \\  /    A nd           | Website:  www.openfoam.com                      |
|    \\/     M anipulation  |                                                 |
\*---------------------------------------------------------------------------*/
FoamFile
{
    version     2.0;
    format      ascii;
    arch        "LSB;label=32;scalar=64";
    class       volScalarField;
    location    "1400";
    object      yPlus;
}
// * * * * * * * * * * * * * * * * * * * * * * * * * * * * * * * * * * * * * //

dimensions      [0 0 0 0 0 0 0];

internalField   uniform 0;

boundaryField
{
    inlet
    {
        type            calculated;
        value           uniform 0;
    }
    outlet
    {
        type            calculated;
        value           uniform 0;
    }
    topandbottom
    {
        type            calculated;
        value           uniform 0;
    }
    front
    {
        type            symmetryPlane;
    }
    back
    {
        type            symmetryPlane;
    }
    airfoil
    {
        type            calculated;
        value           nonuniform List<scalar> 
12960
(
52.194752
47.590353
56.118329
47.518373
47.601271
46.976962
42.469468
47.122504
42.608523
46.598189
47.079104
47.168261
56.189123
56.040151
47.085668
55.257209
47.038114
54.347561
46.442843
48.079059
56.556757
47.401678
42.034815
47.403134
55.160921
47.510123
42.49646
47.087994
47.752077
47.079253
56.268993
47.414699
51.567684
51.608885
46.104171
42.571497
54.40927
54.378266
46.318117
55.242263
41.290741
42.269944
40.586521
42.333552
40.333168
40.073434
40.51556
46.999359
40.25184
55.794142
39.949876
40.219504
39.890971
55.215566
40.051274
55.567834
39.847802
40.036055
39.626415
46.155744
39.809298
55.83767
39.906348
40.169839
39.669267
47.000454
39.91255
42.653891
39.929983
39.736527
40.007942
47.888249
40.094964
41.920178
40.204639
39.871953
40.457704
47.425487
40.277823
47.532068
40.365509
40.20601
40.097811
42.743156
39.797122
55.588021
39.928307
39.987747
39.648422
47.000548
39.574378
54.508264
39.803204
39.779558
39.596291
41.279144
39.349102
42.773811
40.99279
39.89006
19.345793
47.924768
40.72796
40.600712
19.094748
19.025005
42.159014
40.461256
40.118285
18.923528
19.022942
19.097707
41.801359
39.823233
39.890311
18.94653
18.929367
56.025301
40.068326
40.277433
19.21135
19.257008
19.227359
55.720087
40.03295
40.078079
19.301824
47.352545
39.843914
39.863905
19.06196
19.162946
18.96383
46.181475
39.651563
39.816493
55.824742
39.904331
40.169521
19.081146
19.186796
55.896037
40.016923
40.145031
19.079158
19.124343
46.613792
39.970483
39.915997
18.984088
19.030958
18.982614
19.10332
56.280949
40.349342
40.326551
19.163241
19.185391
42.034266
40.107329
39.836004
18.962383
19.026393
18.891886
18.93279
41.65362
39.951647
40.004573
18.730024
18.795976
41.786303
39.936072
39.957946
19.028841
18.935302
18.730617
18.797792
18.900624
46.369412
39.85103
39.914129
18.936503
18.927121
47.200673
39.609845
39.78939
19.214566
19.182124
18.936096
19.05141
19.171641
54.332254
39.713259
39.712443
19.361153
19.298373
54.420362
39.697207
39.719787
19.334245
19.384951
19.065241
41.139439
39.728819
39.397715
18.995068
18.89888
46.901023
39.970796
39.830631
19.5793
19.099333
56.62744
47.209615
42.643791
46.540047
46.728736
47.734731
56.489769
47.316837
56.121692
47.883479
47.101767
46.932243
42.440412
42.676638
46.938922
42.314586
46.883819
42.33116
48.307541
48.30435
42.331504
46.720016
19.024596
20.039626
56.337242
47.664902
19.082255
19.073104
18.926301
19.079656
41.872235
46.802391
19.203793
19.070156
56.353993
18.964125
47.320385
19.068204
19.042024
18.998476
46.770985
47.233365
19.123301
19.038473
41.824016
47.173618
18.955383
19.147822
19.091218
19.025284
55.468151
55.536762
19.394133
19.396224
18.97285
48.129346
56.519879
19.176282
52.325492
51.948881
19.236707
18.940563
47.824181
43.278457
19.076578
19.094883
19.754746
19.113444
41.179458
55.269822
40.375982
55.79786
40.003773
40.243791
39.794535
47.001612
40.086291
41.979562
40.318125
40.035522
40.355149
41.893658
40.138257
43.155245
40.290115
40.091361
40.474999
48.169979
40.312769
42.058658
40.200992
39.912312
40.402787
47.327614
40.174674
56.329814
40.148445
40.303092
40.088651
46.449806
40.012752
55.791721
39.954103
40.254879
39.679426
46.860021
39.899034
47.190476
39.796885
39.97932
40.096485
56.008537
40.373855
42.685719
40.299986
40.221181
40.618339
47.20667
40.69332
52.233751
40.506306
40.512075
40.744966
57.184167
40.953266
56.667942
41.477883
41.010109
19.008608
46.911235
39.627823
39.880289
19.121312
19.241729
55.557899
39.909864
40.215472
19.156882
19.179422
18.92282
19.273909
19.521157
19.267462
19.024082
55.965562
40.463336
40.412076
19.217418
19.232623
42.280412
40.238139
39.986232
19.222054
18.934002
19.137889
18.889314
18.910894
19.311647
52.162168
40.132667
40.093569
19.340702
18.838212
18.804079
46.832905
40.343263
40.309628
18.928054
19.163646
18.964508
18.832119
18.96814
19.167153
18.975032
48.157129
40.435684
40.300318
18.974689
19.162581
19.149759
42.03361
40.211834
39.915635
18.93932
19.058219
19.183557
18.943599
19.150825
19.055001
42.876771
40.060673
39.905914
19.037037
18.994957
47.957225
40.107972
40.154737
19.129483
18.931562
19.186222
19.082956
19.133302
19.064517
19.071353
41.694379
39.753936
39.759946
18.931372
55.945178
40.04278
40.290025
18.873365
19.240773
19.008594
19.225143
19.085507
54.933748
40.206033
40.155322
55.153006
40.219712
40.198396
19.086323
19.185851
19.180173
19.32267
19.328101
19.137675
19.211933
48.158023
40.362561
40.291104
48.000343
40.588584
40.440852
18.902499
19.184421
19.074016
19.184882
18.941829
19.196557
42.253107
40.523273
40.518163
18.772626
18.828844
51.909757
40.554923
40.551603
18.91509
18.753136
19.37737
18.764333
18.920982
18.811695
18.918333
56.890897
40.579628
40.893921
19.185172
19.277368
47.761989
40.308846
40.571713
19.039255
19.195681
19.251602
19.389652
0.79148979
1.2985468
1.2978672
0.8146748
1.2189455
1.2695643
0.98187972
0.93771105
0.9400198
0.97857663
1.0059189
1.0088945
1.9683042
1.9367983
1.3057443
1.3010956
0.85578266
0.95978262
0.96403599
0.85873514
0.79647799
1.3003134
0.79781649
1.2973663
1.2253937
1.2257894
0.98232328
0.94039373
0.98208695
0.94075259
1.008327
1.008058
1.9533528
1.9575635
1.3077775
1.308071
0.85543256
0.96331093
0.85554171
0.96294831
0.79842591
1.2971702
0.79478007
1.2983476
1.2244031
1.2247525
0.98270728
0.94114371
0.98264914
0.94124076
1.0078853
1.0078271
1.9565072
1.9423568
1.3074607
1.3075049
0.85506685
0.96261643
0.85519737
0.96253157
0.78772828
1.2954964
0.79206108
1.2936616
1.2250234
1.224194
0.98262852
0.94137752
0.98277593
0.94131782
1.0077659
1.0077575
1.9696955
1.9406633
1.3075214
1.3074333
0.854827
0.96248793
0.85489029
0.96250233
0.79598751
1.297663
0.79368795
1.2990181
1.2248413
1.2246577
0.9826945
0.94158164
0.98276512
0.94147385
1.0080008
1.008167
1.9274584
1.9559474
1.3077551
1.3076065
0.85477575
0.96259706
0.85476548
0.96265248
0.79326765
1.3000296
0.79808518
1.2985646
1.2253083
1.2251162
0.98291763
0.94141757
0.98277745
0.94153821
1.0083817
1.0084417
1.9640007
1.9495653
1.3078792
1.3078547
0.85482207
0.96268983
0.85478523
0.96268523
0.79250958
1.2984539
0.79747897
1.2974031
1.2255205
1.225413
0.9832243
0.94176731
0.98317866
0.94177465
1.0084536
1.0084106
1.9611637
1.9455747
1.3079051
1.3078899
0.85500083
0.96267148
0.85491431
0.96268012
0.79298039
1.29688
0.79611462
1.2975937
1.2257175
1.2256784
0.98320503
0.94168602
0.98323816
0.94163578
1.0083596
1.0083766
1.9563414
1.9453335
1.308036
1.30796
0.85523769
0.96274329
0.85514401
0.96281612
0.79497499
1.2999894
0.79868653
1.3011405
1.2253324
1.2254794
0.98302982
0.94155691
0.98313156
0.94141406
1.0085147
1.0086451
1.9578285
1.959278
1.3083923
1.3082256
0.85544061
0.96301329
0.85538646
0.96318244
0.79027403
1.2954344
0.79219247
1.2961444
1.2236669
1.2261711
0.98253635
0.94069006
0.98264611
0.94035475
1.0090381
1.0094234
1.9464606
1.9352015
1.307762
1.3087363
0.85561648
0.96360057
0.85540297
0.9639625
1.1860228
1.187453
1.9650403
1.9366299
1.8355066
1.853078
1.1915202
1.1877673
1.9648039
1.9513967
1.8328741
1.8297233
0.69376789
0.71232337
0.79355642
1.2998162
1.298238
0.7966998
0.69567509
0.69834114
1.3098813
0.95611974
0.9598243
1.3167515
1.2238607
1.2260628
1.3119324
0.9605665
0.96011692
1.3130692
0.98776753
0.93643697
0.94302803
0.98421392
0.9819479
0.94028153
0.94004891
0.98204065
0.98786045
0.94287518
0.94311819
0.98784587
1.3047352
1.3000491
0.98465128
0.94546777
0.94979532
0.98419163
1.0084821
1.0089827
1.3063841
1.3072126
0.9861388
0.94963534
0.94992922
0.987119
0.85420696
0.95976026
0.96403889
0.85715725
0.85440363
0.96351792
0.964027
0.85405293
1.8371841
1.8539138
1.965246
1.9514024
1.8324517
1.8306565
1.2190631
1.2699196
1.2239849
1.2261061
0.98590594
0.94542885
0.9497194
0.98549376
1.3073738
1.3081852
0.98737143
0.94956944
0.94982389
0.9882545
0.85596962
0.96346571
0.96399738
0.85558832
1.1920425
1.1870593
1.9539212
1.9581804
1.8268383
1.8324242
1.1865012
1.1913777
1.936687
1.9600919
1.8329803
1.8302483
0.69905282
0.69953748
0.79467449
1.2972126
1.2976675
0.79752418
0.69752882
0.70106542
1.3127706
0.9606546
1.3129909
0.96076816
1.2253202
1.224872
1.3127679
0.96087576
0.96080815
1.3125951
0.98795937
0.94283453
0.98786613
0.94277762
0.98241736
0.94111424
0.94087501
0.98262638
0.98801727
0.94281591
0.94279188
0.98813707
1.3069174
1.3071985
0.98715945
0.94962071
0.98714304
0.9493271
1.0079256
1.0080212
1.3068907
1.3067107
0.98720328
0.94922663
0.94929043
0.98727459
0.85391458
0.96340044
0.85400834
0.96308281
0.85388903
0.96283946
0.96301573
0.85383199
1.8269472
1.8319109
1.9359139
1.9699831
1.8322781
1.8356646
1.2253737
1.225819
0.98818824
0.94945511
0.98826996
0.94918835
1.3077343
1.3075674
0.98820845
0.94900468
0.94912123
0.98825197
0.85538835
0.96265847
0.96285195
0.85524214
1.1913924
1.1869197
1.9603817
1.9380126
1.8301595
1.839636
1.1814651
1.1890295
1.9351733
1.9588939
1.8297589
1.8312216
0.70122496
0.69824841
0.79479922
1.2934984
1.2970127
0.79325441
0.69845651
0.69842525
1.312533
0.96089964
1.3126115
0.96091346
1.2243703
1.2241387
1.3125876
0.96089602
0.96092717
1.3124185
0.98817604
0.94283352
0.98816561
0.94283555
0.98273333
0.94138504
0.94128487
0.98280001
0.98818959
0.94281656
0.94284185
0.98819655
1.3066195
1.3067258
0.98744206
0.94928786
0.98732344
0.94917546
1.007791
1.0078247
1.3066421
1.3065184
0.98750215
0.94895671
0.9491581
0.98749182
0.85386869
0.96282264
0.85381453
0.96271838
0.85382304
0.96255879
0.96269688
0.85348472
1.8357963
1.8427149
1.9615919
1.9383263
1.8317271
1.8227077
0.98843579
0.94898293
0.98831441
0.94896944
1.3074963
1.3074736
0.98850628
0.94899804
0.9489719
0.988584
0.85502695
0.96248905
0.96251185
0.85491867
1.1905018
1.1901368
1.9611648
1.9529184
1.8666407
1.8601197
1.1893
1.1906953
1.9562476
1.9420198
1.8391687
1.8310843
0.69198984
0.69720617
0.79313378
1.2981225
1.2973909
0.79699594
0.69796826
0.70009847
1.3127914
0.96087738
1.3124241
0.96082151
1.2251593
1.2247221
1.3129239
0.96110242
0.9608726
1.3128421
0.98804953
0.94281632
0.98818474
0.94279552
0.98262943
0.94157849
0.94136775
0.98276098
0.98805597
0.94299175
0.9428288
0.98819505
1.3065436
1.3065402
0.98766783
0.94920064
0.98750795
0.94917776
1.0079573
1.0077969
1.3065961
1.3065676
0.98773919
0.9482009
0.94920434
0.98780605
0.85338068
0.96262268
0.8534461
0.96259424
0.85336535
0.96154381
0.9626067
0.85323558
1.8753102
1.8488523
1.9455705
1.9430852
1.8359429
1.8302205
0.98880743
0.94900854
0.98863507
0.94907488
1.3075843
1.3076094
0.98888926
0.94920167
0.94910287
0.98898362
0.85480915
0.96257387
0.96251314
0.85476711
1.1943716
1.1929252
1.9296881
1.9559097
1.8283554
1.8634595
1.2004433
1.1955364
1.9865939
1.9690774
1.8471822
1.8769028
0.69934112
0.69628583
0.80101578
1.3001178
1.3029118
0.79396407
0.70388167
0.69672163
1.3130118
0.96118307
1.3129195
0.96125069
1.2248623
1.2250959
1.3129545
0.9612434
0.96125745
1.3128291
0.98829186
0.9430681
0.98824734
0.94324864
0.98269385
0.94141305
0.94146115
0.98274538
0.98832296
0.94344087
0.94331471
0.98841725
1.3067554
1.3066423
0.98811038
0.94929676
0.98787459
0.94943281
1.0083646
1.0082365
1.3068252
1.3068766
0.98818625
0.94954183
0.94947277
0.98827574
0.85334301
0.9625727
0.85330308
0.9627447
0.85337832
0.96280673
0.96277394
0.85338195
1.8280388
1.862448
1.9849839
1.9686464
1.8455143
1.8759147
1.2255401
1.2252381
0.9892536
0.94923443
0.9890604
0.94932676
1.3078195
1.3078845
0.98932158
0.94938826
0.94934814
0.98938684
0.8547763
0.96268652
0.96266346
0.85477966
1.1922336
1.1976333
1.9624372
1.9479901
1.8709243
1.8295226
1.1968397
1.1903776
1.9473954
1.9630151
1.8278743
1.8709652
0.69641347
0.70077337
0.79785974
1.298108
1.2990519
0.79304885
0.70088402
0.6964069
1.3128573
0.96127017
1.3128259
0.96134132
1.2253058
1.2254374
1.3128822
0.96144997
0.96138557
1.3129492
0.98857332
0.9434836
0.98846967
0.94354728
0.98298469
0.94175274
0.94161592
0.98314676
0.98862037
0.94356467
0.94357003
0.98870911
1.3069258
1.3069331
0.98831653
0.94962545
0.98829635
0.94953155
1.0084745
1.0084697
1.3069619
1.306931
0.98832673
0.94950796
0.94953422
0.98824852
0.85336626
0.96283171
0.85334595
0.96280708
0.85340905
0.96278908
0.96281347
0.85341969
1.871749
1.8298142
1.9489004
1.9623885
1.8286565
1.8704383
1.2259421
0.98938838
0.94939075
0.98941096
0.94938189
1.307916
1.3079301
0.98939915
0.94934962
0.94937381
0.98934041
0.85483648
0.96267115
0.96267979
0.85489046
1.1894053
1.1957901
1.9623368
1.9484276
1.8705003
1.8281982
1.1942646
1.1883962
1.9456573
1.9634965
1.8266882
1.8697232
0.69609618
0.70072459
0.7968099
1.2964266
1.2977193
0.79173535
0.70024283
0.69539865
1.3129481
0.96146368
1.3129635
0.96138717
1.2255202
1.2256954
1.3129365
0.96124733
0.96136039
1.3129015
0.98873461
0.94356514
0.98874012
0.94350779
0.9832411
0.94171889
0.94178412
0.98324744
0.98873887
0.94342722
0.94349679
0.98871256
1.3069095
1.3069649
0.98812824
0.94956622
0.98822172
0.94941282
1.0083764
1.0084118
1.3069378
1.3069082
0.98811233
0.94944711
0.94940244
0.98795081
0.85373348
0.96280052
0.85343544
0.96275274
0.85377114
0.96275611
0.96275459
0.85457667
1.8688737
1.8262776
1.9451703
1.9628811
1.8253846
1.8692484
1.2261905
1.2260861
1.2261836
1.2263411
0.98925276
0.94934006
0.98933432
0.94932117
1.3079454
1.3079852
0.98925219
0.94932272
0.94931726
0.98917523
0.85502864
0.9627239
0.96268526
0.855114
1.1870915
1.195514
1.9570622
1.9474736
1.8648246
1.826618
1.1981227
1.1889246
1.9504479
1.9571011
1.8271203
1.864719
0.69633315
0.69954952
0.79756992
1.299386
1.2983411
0.79426497
0.70058895
0.69693816
1.3129082
0.96123727
1.3129003
0.96122521
1.2256581
1.225588
1.3129306
0.96134138
0.96125633
1.3130157
0.98869324
0.94342395
0.98871956
0.94340116
0.98320423
0.94159322
0.94164619
0.98315758
0.98870229
0.94342178
0.94341392
0.98869035
1.3069485
1.306945
0.98781482
0.949447
0.98793607
0.94943049
1.0084912
1.0084112
1.3070067
1.3070846
0.98780736
0.94947936
0.94944742
0.98771512
0.85470523
0.96277105
0.85462149
0.96280349
0.85474154
0.96292977
0.96283751
0.85482231
1.8640566
1.8249063
1.9495408
1.9557382
1.8262967
1.8637497
1.2264225
0.98909193
0.94932646
0.98916819
0.94935551
1.308101
1.3082215
0.98909309
0.94942998
0.94936879
0.9890107
0.85526643
0.96296449
0.96284472
0.8553576
1.1913568
1.2010537
1.9579474
1.9592473
1.8678529
1.8321091
1.1979135
1.1900336
1.9535814
1.9852605
1.8289731
1.8876763
0.69730614
0.70101859
0.79900197
1.2983679
1.2996071
0.79136775
0.70156787
0.69400732
1.3130532
0.96138235
1.3130462
0.96137454
1.2252964
1.2259052
1.3130352
0.96102844
0.96134049
1.3131064
0.98865604
0.94344149
0.98870034
0.94345495
0.98298768
0.94088707
0.94134909
0.9827324
0.98864316
0.94347419
0.94346961
0.98850896
1.3073003
1.3071651
0.98761302
0.94951447
0.98771115
0.94960585
1.0089395
1.0087176
1.3074023
1.307612
0.9876116
0.94979679
0.94965816
0.98755495
0.85489432
0.9629873
0.85485546
0.96315422
0.85489917
0.96347105
0.96323314
0.85483555
1.8683393
1.8322183
1.9510379
1.9848013
1.8273505
1.8871984
1.22602
1.2261701
1.2259873
1.2266054
0.98889227
0.94945278
0.98899782
0.94954701
1.3084927
1.3087367
0.9888882
0.94973434
0.94958511
0.98883519
0.85543881
0.96349297
0.96324583
0.85540572
1.1857058
1.1869205
1.9441171
1.9360484
1.8312598
1.8259653
1.1857672
1.1828152
1.9710601
1.9389444
1.8352768
1.8534862
0.69317976
0.69489181
0.78996663
1.2984359
1.2955576
0.81424742
0.69276417
0.71203108
1.3117043
0.96088029
1.3131496
0.9602344
1.2185628
1.2689251
1.3096649
0.95635065
0.9599501
1.3164482
0.98844385
0.94350837
0.98848772
0.94362382
0.98250574
0.93821987
0.94037453
0.97927397
0.98836971
0.93674734
0.94350714
0.98482956
1.3066686
1.3076889
0.98635454
0.94986423
0.98752089
0.949801
1.0061717
1.009318
1.3050455
1.3001299
0.98482963
0.94387629
0.94959882
0.98402517
0.85427532
0.96358898
0.85481919
0.96391373
0.85400819
0.95821844
0.96387906
0.85647193
1.8324611
1.8253465
1.9727387
1.9398759
1.8360625
1.8546485
1.2243565
1.2268768
0.98762869
0.94978764
0.98879819
0.94984929
1.3061417
1.3012333
0.98610996
0.94520787
0.9496724
0.98534722
0.85537048
0.95952347
0.9639323
0.85820257
2.6909276
0.85764359
2.9702534
0.85885521
2.8085342
0.85832789
0.85828114
0.85847045
2.9630868
0.85879849
0.85926603
0.85993968
2.9730648
0.86082276
2.9210567
0.86189478
2.6886645
2.9606233
1.1839446
1.1917975
0.85515642
0.85661174
2.9619023
1.1837692
1.1943967
0.85909653
2.9662543
2.9492573
1.1945877
1.1910014
0.85622414
0.8554549
1.1940882
1.1936015
0.85847451
2.8234113
2.944115
1.1937432
1.1903925
0.85516224
0.85461482
1.1932892
1.1931162
0.85828094
2.9008535
1.1902411
1.1899666
0.85436637
0.85398064
1.1929474
1.1929531
0.85840557
1.189961
1.1897695
0.85381144
0.85349871
1.1928515
1.1929401
0.85867987
1.1897917
1.1896098
0.853346
0.85301485
1.1928686
1.1929933
0.85908876
2.958319
1.1896438
1.1895225
0.85284187
0.85249231
1.1929574
1.1931667
0.85968239
2.9609871
1.1896446
1.1897837
0.8523373
0.85214038
1.1931981
1.1934771
0.86045883
2.970433
2.6174127
1.1929534
1.1904387
0.85217397
0.85235414
2.6237455
1.1937098
1.1943534
0.86155979
2.9155148
2.6900516
1.1906255
1.1799657
0.8526048
0.85099554
1.1944894
1.1839488
0.86057835
1.0265893
0.79076852
1.0252183
1.289416
1.2653205
1.2552272
1.2627011
1.2953521
1.2607314
0.79169962
1.0371815
1.0215214
1.0508934
1.241508
1.2475129
1.0460746
0.56344483
0.53815237
0.52655577
0.57349954
0.41412792
1.2130193
0.7931845
0.78983244
0.43298034
1.2064482
0.97351701
0.98167261
0.97345338
0.93980933
0.9507343
0.95306181
0.95297432
0.93995453
0.95298457
0.98136341
0.9710462
0.97346188
1.0076448
0.83832527
0.82377035
0.83356048
1.0081603
0.83427905
2.1723276
1.9516777
2.9765486
1.9268038
1.35451
1.3038915
1.3534972
1.297768
1.3541677
1.0195884
0.85628164
0.96242352
0.9055808
0.91218853
0.96355434
0.84751193
1.0174994
0.8757706
0.95196161
0.95109914
0.87650374
0.97402674
0.85793342
0.97750256
0.79387698
1.0295434
1.0276494
1.2652338
1.2990304
1.2621376
0.79383038
1.031159
1.0274164
1.2631495
1.3002923
1.2626111
1.048672
1.2443006
1.0490469
1.2438705
0.56668791
0.52728535
0.565874
0.52819572
0.30456203
1.2254635
0.78522979
0.30620755
1.2255862
0.78551745
0.98225324
0.97394766
0.97385051
0.95309039
0.9405342
0.95323087
0.98218417
0.9736271
0.97375637
0.95346848
0.94066467
0.9533705
0.83452036
1.0082255
0.83459202
0.83463845
1.0081472
0.83463751
2.1817948
1.9737498
1.955798
1.3079089
1.3536355
1.3080448
0.85546505
1.0182401
0.91155043
0.96317029
0.85549859
1.0186584
0.91128355
0.96304694
0.87579682
0.95076901
0.95089411
0.87569095
0.97667027
0.85878009
0.97648465
0.79556614
1.0309481
1.0284311
1.261461
1.2974624
1.2600499
0.7921395
1.027642
1.0254497
1.264124
1.2976114
1.2621731
1.0487553
1.2433647
1.0485336
1.2435127
0.56590664
0.52807549
0.56617157
0.52787407
0.30736093
1.224485
0.78549412
0.30638549
1.2246256
0.7853597
0.98270503
0.97441479
0.97440692
0.95387861
0.94119267
0.95392361
0.98269634
0.97434784
0.97439971
0.95396458
0.94123559
0.95396373
0.83468737
1.0078746
0.83469829
0.83467505
1.0078665
0.83470063
2.1765501
1.923998
2.9277437
2.1792361
1.9850176
1.3075088
1.3529461
1.3075618
1.3530644
0.85510406
1.0177114
0.91106351
0.96257802
0.85514666
1.017843
0.91101374
0.96254752
0.87520693
0.95002541
0.95008656
0.87515854
0.97590691
0.85832065
0.97590735
0.78781254
1.0217854
1.0214548
1.259282
1.2920374
1.2576654
0.79060584
1.0250379
1.0236593
1.2569091
1.2927257
1.2563019
1.0475133
1.243364
1.0485352
1.2425787
0.5668066
0.52834201
0.56616031
0.5290621
0.30361307
1.2247372
0.78529677
0.30568063
1.2244196
0.78530951
0.98268679
0.97440788
0.97446185
0.95411796
0.94137033
0.95410493
0.98275688
0.97454415
0.97453298
0.95401682
0.94135042
0.95407093
0.83470016
1.0077669
0.83470941
0.834714
1.0077712
0.8347214
2.1703951
1.9623017
2.1738789
2.7096496
2.2526493
1.944149
1.307527
1.3529729
1.3529493
1.3075277
1.3528916
0.85484165
1.0175432
0.91100607
0.9624865
0.8548615
1.0175867
0.91102879
0.96248918
0.87494458
0.94967198
0.94969369
0.87492545
0.9760543
0.85831457
0.97610931
0.79224512
1.0290777
1.025741
1.2607859
1.2964504
1.2595003
0.79182167
1.0264294
1.0248696
1.2630529
1.2981588
1.2605875
1.0483478
1.2424901
1.0478655
1.2431753
0.56729239
0.5290416
0.566935
0.52944434
0.31026003
1.224795
0.78550548
0.31039158
1.2247132
0.78550531
0.98273276
0.97435484
0.9744185
0.95415713
0.94157429
0.95411688
0.98277522
0.97451661
0.97449711
0.95396403
0.94153964
0.95405271
0.83505115
1.0080676
0.83511478
0.83519641
1.0081313
0.83517153
2.1645943
1.9637503
2.1999662
1.9516073
1.3077532
1.3532622
1.3532268
1.3077334
0.85476968
1.0175372
0.91112285
0.96261639
0.85476505
1.0175341
0.91117515
0.96263338
0.87487508
0.94955932
0.94955837
0.87487274
0.97650002
0.85852234
0.97657437
0.79350635
1.0263883
1.0266808
1.2645251
1.2996407
1.2643921
0.79815918
1.0308372
1.0308159
1.2610086
1.2988008
1.2613022
1.0491483
1.2448775
1.049876
1.2442644
0.5694867
0.53130623
0.56961384
0.53112971
0.30125114
1.2252715
0.78619642
0.3019648
1.2251844
0.78629961
0.98287538
0.9745188
0.97446568
0.95390146
0.94145727
0.95394916
0.98284057
0.9743722
0.97443341
0.95405347
0.94150358
0.95400711
0.83540492
1.0084165
0.83544622
0.83548921
1.0084448
0.83548277
2.1686324
1.9615982
1.9523536
1.3079147
1.3534484
1.3079403
0.85480535
1.0175204
0.91120682
0.96268874
0.85479209
1.0175202
0.91120346
0.96268545
0.87487852
0.94955695
0.94954655
0.87487846
0.97709946
0.85886645
0.97719701
0.79300742
1.0254559
1.0258965
1.2633267
1.2983079
1.2633679
0.79765875
1.029848
1.0299713
1.2600241
1.2975436
1.2603576
1.0490488
1.2448532
1.0498035
1.2442329
0.56876361
0.53087695
0.5688323
0.53070104
0.29914824
1.2254946
0.78669562
0.29963845
1.2254373
0.78668452
0.98322588
0.97489406
0.97488675
0.95436525
0.94178979
0.95440511
0.98322374
0.97483512
0.97488516
0.95442984
0.94179682
0.95443235
0.83557806
1.0084519
0.83559354
0.83557739
1.0084456
0.83560203
2.1680672
1.9587537
2.6698455
2.2633755
1.9467104
1.3079405
1.3535116
1.3079694
1.3534837
0.85496862
1.0175863
0.91118414
0.96267118
0.85493854
1.0175429
0.91118667
0.96267224
0.874932
0.94966713
0.94963899
0.87494305
0.97787748
0.85935501
0.9779931
0.79212166
1.0260012
1.0251747
1.2620927
1.297198
1.2622757
0.79620487
1.0285758
1.028711
1.2604858
1.2969752
1.2597543
1.0485033
1.2441614
1.0490049
1.2437322
0.5687079
0.530522
0.56879203
0.53043019
0.29523867
1.2257339
0.7867469
0.29519739
1.2256971
0.78672704
0.9832279
0.97488499
0.97490884
0.95443548
0.94167658
0.95443358
0.9832512
0.97493153
0.97494158
0.95439619
0.94166577
0.95442748
0.83552472
1.0083704
0.83552568
0.83549114
1.0083848
0.83552366
2.168857
1.9636164
2.1684715
1.9452441
1.3080488
1.353667
1.3536418
1.3080584
1.3535743
0.85520387
1.017805
0.91121917
0.96276283
0.85517159
1.0176997
0.91126054
0.96278505
0.87509489
0.94995731
0.94990184
0.87512253
0.9788751
0.86005449
0.97901767
0.79336453
1.0285285
1.0268579
1.2649335
1.2996693
1.2644477
0.79784223
1.031374
1.0306956
1.2633815
1.299275
1.2617174
1.0491842
1.2447722
1.0496288
1.2444493
0.56682884
0.52910956
0.56718045
0.52873896
0.30532345
1.2253838
0.78614281
0.30377059
1.2254135
0.78599794
0.98308239
0.97464134
0.97470702
0.95428786
0.94153371
0.95426043
0.9831274
0.97478764
0.97477151
0.95414352
0.94149378
0.9542212
0.83542067
1.0085646
0.83541451
0.835345
1.0086166
0.83539973
2.1768818
1.9707215
2.6777397
1.9523506
1.3083736
1.3542654
1.3541525
1.3083537
0.85542773
1.01827
0.9113681
0.96306328
0.85540774
1.0180635
0.9114555
0.96311747
0.87542799
0.95055063
0.95044973
0.87548812
0.98016673
0.86097483
0.98038528
0.78856997
1.0253207
1.0236727
1.2610252
1.2962211
1.2612723
0.79154244
1.0263366
1.0261387
1.2610894
1.29671
1.2598048
1.0500567
1.2459596
1.0498162
1.246417
0.56199236
0.52557712
0.563777
0.52389836
0.32539886
1.225652
0.78334572
0.31439223
1.2262643
0.78298465
0.98258341
0.97406003
0.97405716
0.95350897
0.94054285
0.95341916
0.98261499
0.97412954
0.974083
0.95339311
0.9404373
0.95339773
0.83484552
1.0091859
0.83466971
0.83424718
1.0093531
0.83442091
2.1795487
1.9817012
1.9309945
1.3084228
1.3558044
1.3087638
0.85545489
1.0193566
0.91170154
0.96372194
0.85541987
1.018806
0.91201656
0.96385747
0.87619197
0.95175757
0.95162149
0.87626567
0.9824152
0.86197823
0.98288899
1.1826466
1.1882027
2.1713492
1.9501256
2.2892342
1.9272823
1.837481
1.8540571
1.5558817
1.5524599
1.8282377
1.8595313
1.1993476
1.1999473
2.1771818
1.9685396
2.2874784
2.9721676
1.9650977
1.8335146
1.8737142
1.5550013
1.5511435
1.8726909
1.8365196
1.2814931
0.69395653
1.2825654
0.59260091
0.57403348
0.57208572
0.69295694
1.2898225
1.2840225
1.0282422
0.79093051
1.0260794
1.2997207
1.2647369
1.2620817
1.263531
1.3003415
1.262409
0.79159097
1.0303722
1.0262652
1.2818001
0.69245358
1.2803579
0.6932691
1.2816172
1.2803736
0.5503282
0.47906479
0.47680104
0.5532404
1.0493811
1.2448172
1.2455815
1.0489719
0.55077528
0.47835641
0.47786248
0.55118631
0.68433724
0.71402559
0.70874993
0.6905457
0.56127675
0.52437524
0.52335955
0.56243204
0.68379183
0.70951418
0.70852735
0.68477522
0.91769151
1.3082786
0.91768654
0.9584646
0.95233836
0.95251368
0.95227866
0.95943977
0.95241072
1.3051931
0.92282849
0.91817373
0.32687532
1.2256879
0.78389172
0.7836936
0.31615246
1.2262068
0.91896672
1.3127727
0.91955372
0.96047506
0.95226405
0.95243117
0.95247368
0.96032396
0.95249012
1.3131353
0.91993234
0.92000299
0.97826338
0.98743839
0.97777703
0.94028898
0.98228815
0.98520509
0.98718479
0.9423623
0.9866349
0.98684871
0.97352829
0.97661218
0.97349834
0.98198957
0.97349555
0.94017764
0.95299032
0.95292117
0.95291756
0.94011182
0.9529177
0.98201552
0.97355346
0.97351537
0.97837992
0.98787675
0.97837796
0.94295901
0.98698163
0.9870773
0.98726155
0.94306012
0.987198
0.98787243
0.97830303
0.97835247
1.3536378
1.3028667
1.2967279
1.0107807
0.98281835
0.94809817
0.98660011
0.98972404
0.94922147
0.97979294
1.0096128
1.0086552
0.83444167
0.83433207
0.83406248
1.0088602
0.83415516
1.3545227
1.3069683
1.3072721
1.0113882
0.98672453
0.94980208
0.9900205
0.9901186
0.94991335
0.98706111
1.0099583
1.0181774
0.85470045
0.96241859
0.90449391
0.91111711
0.96356896
0.84590541
1.0160757
1.2519707
1.2539552
1.0181427
0.85419655
0.96369298
0.91065461
0.91109526
0.96388782
0.85411321
1.0174873
1.2562183
1.2556201
1.3108576
0.87326968
0.94944476
0.94856895
0.87400805
0.8153161
0.81590073
1.2738828
1.1902204
1.2813279
0.87398774
0.94950358
0.87407444
0.94936004
0.81562934
0.81559786
1.1943861
1.2826096
1.2833003
0.97143393
0.85555741
0.9749842
0.85672444
0.97486599
0.97534819
1.8381946
1.8547223
1.8281033
1.8607319
2.1766765
1.9640771
1.9656341
1.833553
1.8704475
1.5506215
1.8746517
1.8379889
1.051069
1.2420344
1.2479795
1.0463277
0.55019672
0.47892024
0.47660123
0.55318283
1.0496671
1.2454037
1.2461662
1.0492624
0.55067857
0.47815679
0.4776719
0.55109494
0.56372126
0.53804393
0.52631412
0.57391974
0.68445215
0.71426383
0.70890832
0.69074809
0.56127069
0.52383097
0.52286017
0.56233148
0.68366893
0.70939185
0.7084705
0.68458406
0.41678834
1.2132097
0.79326824
0.7899457
0.43411408
1.2068381
0.33006725
0.7838152
0.78365786
0.31936085
1.2262754
1.0105557
0.98409209
0.94803488
0.98641725
0.98948444
0.94913854
0.98108334
1.0094358
1.3553742
1.3079371
1.3082232
1.3546981
1.0111271
0.9879339
0.94968001
0.98992508
0.98984542
0.94978189
0.98823948
1.0110052
1.2536508
1.3115337
1.3103504
1.2556316
1.0195415
0.85575269
0.96364037
0.91167189
0.9121519
0.96383156
0.8556603
1.0188498
1.2578755
1.2572879
1.312328
0.81808422
0.81867452
1.2758153
1.1926786
1.2836979
0.87647393
0.95200191
0.87656666
0.95184698
0.81838064
0.81833981
1.1970236
1.2849518
1.2856587
0.85916246
0.97757417
0.97802672
1.1973035
1.2005136
2.1809182
1.9724581
2.2675082
2.1676832
1.9555747
1.8770895
1.830754
1.8634856
1.836567
1.1924045
1.1960453
2.1702452
1.978555
2.2075485
2.8858837
1.9372048
1.8441704
1.8835461
1.5494039
1.5586732
1.8365265
1.8322694
0.69612939
1.2811266
1.2805859
0.56638122
0.69600726
1.2819105
1.2807957
0.56573405
1.0279279
0.79182536
1.0251989
1.2980894
1.2631466
1.2623348
1.26205
1.2968082
1.2597786
0.79540539
1.0300283
1.0284266
1.280653
0.69515559
1.2799782
0.56654723
0.56446018
0.69879784
1.2818261
1.2811462
0.55183942
0.47920874
0.55208467
0.47905408
1.0489362
1.244496
1.2439167
1.0496631
0.55195213
0.47940963
0.47907516
0.55241947
0.68817538
0.71214647
0.68752302
0.71280268
0.5675024
0.5296974
0.52945806
0.56793718
0.68882018
0.71379684
0.71371053
0.68909898
1.3128301
0.92020917
0.92019388
0.9521247
0.96071024
0.95197968
1.3129198
0.92006685
0.92020798
0.95172542
0.96075645
0.95186389
0.30275007
1.2251849
0.78585938
0.78586428
0.30337219
1.225019
0.9204138
1.3127174
0.92052633
0.96086776
0.95145819
0.95152737
0.95165898
0.96084979
0.95160391
1.3126843
0.92063342
0.92070214
0.98793031
0.97832188
0.97831473
0.98693136
0.94280686
0.98689331
0.98790727
0.97830076
0.97831546
0.98684947
0.94279997
0.98688517
0.97406503
0.98250008
0.97416555
0.94105402
0.95384665
0.95378481
0.95359333
0.94098256
0.95370844
0.9825845
0.97431901
0.97426843
0.97835918
0.98806799
0.97839177
0.94281619
0.98684197
0.98685296
0.98685582
0.94281332
0.98686842
0.98812609
0.97843442
0.97843346
1.3070372
1.3529236
1.3071571
0.98714359
1.0092211
0.99014779
0.94956184
0.98715734
1.011057
0.98974655
0.94948458
1.0079549
0.83469651
0.83469859
0.834665
1.0079939
0.83469629
1.3527796
1.3068436
1.3068296
1.3524595
1.0090959
0.98720495
0.94931713
0.98969358
0.98971661
0.94935043
0.98725949
1.0088877
0.85394395
1.0169247
0.91054841
0.96329248
0.8539726
1.0173036
0.91034723
0.96319849
1.256186
1.2560786
1.0168588
0.85391093
0.96289764
0.91101139
0.91033761
0.962961
0.85387446
1.0168093
1.2558862
1.2559779
1.3087096
0.87335805
0.94831042
0.94842542
0.87326074
0.81569231
0.81571292
1.2821088
1.1944934
1.2818515
0.87309796
0.94819952
0.87317162
0.94808753
0.81564849
0.81558527
1.1939341
1.2806173
1.2812332
0.97381331
0.8560701
0.97355022
0.85561525
0.97270043
0.97288517
1.8778515
1.8315715
1.8628927
1.8366227
1.5490144
2.1705445
1.978058
1.9395478
1.8442621
1.8836783
1.8375037
1.8341845
1.0486016
1.2446583
1.049083
1.2441459
0.5513838
0.47877878
0.55174683
0.47850058
1.0486884
1.2444418
1.2440728
1.0491804
0.55120571
0.47837784
0.47821572
0.55148165
0.56531545
0.52636939
0.56470739
0.52693784
0.68756696
0.71179318
0.68692769
0.71244161
0.56671227
0.52841215
0.52806465
0.56704006
0.68885139
0.71383403
0.71366762
0.68902736
0.30697251
1.225453
0.78502252
0.3089331
1.2255922
0.78527222
0.30350116
0.78560273
0.785582
0.30333614
1.2250388
0.98822527
1.0102308
0.98984788
0.94935236
0.98827038
1.010796
0.98961783
0.94926058
1.3534742
1.3076685
1.3076483
1.3531325
1.0100857
0.98822065
0.9490295
0.98944358
0.98955587
0.94906679
0.98826275
1.009782
1.2577828
1.3104671
1.2576638
1.0181337
0.85533983
0.96270948
0.91108765
0.91121523
0.96277036
0.85528838
1.0178981
1.2574511
1.2575513
1.3100853
0.8184104
0.81842914
1.2839656
1.1940414
1.28369
0.87551541
0.95064036
0.87559535
0.95052009
0.81835592
0.81828894
1.1965627
1.282923
1.2835446
0.85857447
0.97603228
0.97612054
1.1971042
1.1903679
2.1935661
1.9321086
2.2737988
2.9372699
2.1769041
1.983409
1.8312135
1.8309561
1.8866522
1.849254
1.1864026
1.1940022
2.1760999
1.9809155
2.2142301
1.9330292
1.8413228
1.883838
1.5467636
1.5558023
1.8330797
1.8332956
0.6984992
1.2813385
1.2806774
0.56380353
0.69540874
1.2809481
1.2799542
0.5644034
1.0278175
0.79058462
1.0240984
1.2946193
1.2595696
1.2593873
1.2616837
1.2959091
1.2588295
0.7921091
1.0260435
1.02529
1.2807144
0.69492757
1.2795805
0.56229512
0.69675694
1.280288
1.2798431
0.55162617
0.47887361
0.5516416
0.47879756
1.0484275
1.2437672
1.2434167
1.0487934
0.55060626
0.47781252
0.47779706
0.5507238
0.68741946
0.71278359
0.68772441
0.71246995
0.56558695
0.52767962
0.52753049
0.56572473
0.68721435
0.71223587
0.71211087
0.68732678
1.3125596
0.92106817
0.92104967
0.95144505
0.96091311
0.95143333
1.3126185
0.92084296
0.92104727
0.95139756
0.96092794
0.95143389
0.30918334
1.2243016
0.78517145
0.7851346
0.30932635
1.2242031
0.92128004
1.3125857
0.92137416
0.9609278
0.95130145
0.95138007
0.95141964
0.96094213
0.95143061
1.3125508
0.92124071
0.92145936
0.98818642
0.97845565
0.9784703
0.98685069
0.94284252
0.98684922
0.9881918
0.97845909
0.97847997
0.98682733
0.94285484
0.9868599
0.9744484
0.98275915
0.97448349
0.94135788
0.95411778
0.95408247
0.95399992
0.94133056
0.95404812
0.98279823
0.97455583
0.97454015
0.9784635
0.98819931
0.97846524
0.94283489
0.98676904
0.98679628
0.98682643
0.94284917
0.98682664
0.98822094
0.97844757
0.97847684
1.3066825
1.3522566
1.3067437
0.98740446
1.0086394
0.98986258
0.94929885
0.98738395
1.0101122
0.98959808
0.94928413
1.0078036
0.83471015
0.83470905
0.83468649
1.007823
0.83470808
1.352239
1.3066229
1.3066253
1.352142
1.0085478
0.98752182
0.94910016
0.98843339
0.98954964
0.94915463
0.98754739
1.0085354
0.85390628
1.0176587
0.91099818
0.96280295
0.85391738
1.0167896
0.91091479
0.96277905
1.2555074
1.2554518
1.0176204
0.85374955
0.96263233
0.91087926
0.91090363
0.96268178
0.85355295
1.0164639
1.2553528
1.2554008
1.3079625
0.87279354
0.94755634
0.9476224
0.8727386
0.81512481
0.8151932
1.2806968
1.1937044
1.2805964
0.872642
0.94749014
0.8726857
0.94741957
0.81505404
0.81497917
1.1932917
1.2797724
1.280311
0.97226563
0.8550595
0.972125
0.85474271
0.97159042
0.97172261
1.830305
1.8403282
1.888435
1.8507119
1.5540065
2.166286
1.9449878
2.9536111
1.9676129
1.833802
1.8523133
1.8731257
1.8327755
1.049048
1.2434921
1.0482105
1.244209
0.55125374
0.47788883
0.55079119
0.47817186
1.0481243
1.243111
1.2433926
1.0478651
0.55037137
0.47740918
0.47751119
0.55022189
0.56712725
0.52844157
0.56702126
0.52872077
0.68890642
0.7138073
0.6889863
0.71371522
0.56622656
0.5275783
0.52788757
0.56551836
0.68821216
0.71296072
0.71313629
0.68796855
0.3043312
1.2248197
0.78545944
0.30377699
0.78542148
0.30803038
1.2246529
0.78536836
0.78534429
0.30944812
0.98841239
1.0096143
0.98942688
0.94897086
0.98838983
1.0097221
0.98941492
0.948965
1.3529384
1.307496
1.3075242
1.3529024
1.0095952
0.98854965
0.94898591
0.98942919
0.98941706
0.94897663
0.98860241
1.0095459
1.2570749
1.2570221
1.017677
0.85498817
0.9624925
0.91100076
0.9110026
0.96249727
0.85495064
1.0176036
1.256933
1.2569749
1.3093118
0.81788627
0.81793563
1.2825527
1.193309
1.2824482
0.87508133
0.9499566
0.87511528
0.94989246
0.81782185
0.8177601
1.1960193
1.2821614
1.2826852
0.85832124
0.97596131
0.97594956
1.18111
1.188896
2.1607566
1.962773
2.1749757
2.7220146
1.933161
1.8698426
1.8651114
1.5650977
1.8250141
1.8630252
1.1880659
1.1896921
2.2723502
1.965829
2.2598658
1.9337038
1.844142
1.8392763
1.5546152
1.5585191
1.8248605
1.8404858
0.69202724
1.2780383
1.2773306
0.55873827
0.69526046
1.2796522
1.2784609
0.55889348
1.027043
0.79799779
1.0309416
1.2988015
1.2628999
1.264318
1.2614682
1.2993192
1.2644012
0.79906052
1.0293145
1.0312376
1.2812597
0.70201811
1.2828211
0.57001522
0.70233237
1.2816244
1.2826463
0.54929724
0.47717426
0.55029994
0.47645956
1.0525681
1.2471618
1.2475518
1.0526557
0.55227386
0.48023868
0.47893769
0.55371346
0.68884165
0.71328974
0.68834184
0.71378642
0.56880713
0.53064465
0.53092487
0.56823607
0.68975204
0.71406253
0.71461345
0.68930533
1.31265
0.9216204
0.92152832
0.95127233
0.96084881
0.95126177
1.3125261
0.92131711
0.92147721
0.95131939
0.96083475
0.9512948
0.30304295
1.2250876
0.78552235
0.78547715
0.30519387
1.2248994
0.92186963
1.312936
0.9219828
0.9610331
0.95163359
0.95158063
0.9514166
0.96095662
0.95151758
1.3129211
0.92201642
0.92212609
0.9880979
0.97834715
0.97837887
0.98676073
0.942808
0.9867413
0.98815939
0.97843982
0.97842372
0.986709
0.94280918
0.98673852
0.97441372
0.98266147
0.97444774
0.94152
0.95417875
0.95414473
0.95403592
0.94144895
0.95409462
0.98272925
0.97453559
0.97451654
0.97836474
0.98808915
0.97840367
0.94293519
0.98686885
0.98681715
0.98673301
0.94288403
0.98678038
0.98815969
0.97852184
0.97847636
1.3065667
1.3521589
1.306583
0.98760636
1.0085196
0.98969671
0.9492647
0.98756526
1.0098192
0.98958275
0.94926792
1.0078996
0.83499559
0.83492231
0.83476549
1.0078513
0.8348526
1.3521853
1.3066081
1.3066374
1.3522271
1.0085412
0.98774825
0.94922438
0.9886478
0.98961389
0.94930836
0.98779638
1.0087008
0.85339656
1.0163389
0.91088906
0.9626343
0.85341723
1.0164208
0.91087084
0.96263198
1.255185
1.3077297
1.3077401
1.2551744
1.0163248
0.85334962
0.96252503
0.90999663
0.91088285
0.96262959
0.85330896
1.0161384
1.2551374
1.2551582
1.3076952
0.87245117
0.94710411
0.94713569
0.87242033
0.81462801
0.81466565
1.2795804
1.1930334
1.2799888
0.87237449
0.94707196
0.87239248
0.9470341
0.81458767
0.81453435
1.190083
1.2793683
1.279398
0.97124809
0.85432654
0.97114868
0.85406621
0.97068631
0.97079702
1.865381
1.8706629
1.8218907
1.8579377
1.5696354
2.2696482
1.965084
1.9347729
1.8445384
1.8380255
1.8253789
1.8391583
1.0487108
1.2451816
1.0500719
1.2440776
0.54993358
0.47769674
0.5510364
0.4769572
1.0528788
1.247679
1.2479095
1.0531147
0.55256286
0.48037263
0.47910788
0.55401277
0.56670626
0.52829676
0.56607135
0.52900778
0.68876371
0.71339205
0.68831809
0.71382786
0.5682045
0.53047899
0.53078216
0.56798905
0.68983013
0.71469685
0.71476291
0.68978026
0.30742998
0.78555934
0.30891173
0.7856246
0.30700279
0.78607095
0.78594889
0.308662
0.98876366
1.0096155
0.9894394
0.94902515
0.98871737
1.0095428
0.98951455
0.94904623
1.3530082
1.307599
1.3076357
1.3530603
1.0096484
0.98893531
0.9491664
0.98964164
0.98954618
0.94913319
0.98898812
1.0097281
1.2567849
1.2567763
1.0175336
0.85479146
0.96255094
0.9110997
0.9110401
0.96252822
0.85477561
1.017529
1.2567467
1.2567643
1.3090972
0.81753245
0.8175457
1.2820225
1.1930091
1.2819815
0.87490155
0.94964024
0.87490994
0.94961081
0.81750099
0.81746906
1.1958259
1.2818814
1.2823669
0.858419
0.97633683
0.97629285
1.1936585
1.1971531
2.1630278
1.9620328
2.887962
1.9550663
1.8705483
1.8416757
1.5680883
1.8639114
1.865499
1.55869
1.2029164
1.1941023
2.2771145
1.9577889
2.3192365
2.1622656
1.9576116
1.8410022
1.8322436
1.5757111
1.5575975
1.8693605
1.8746482
0.69496594
1.2819612
1.2797482
0.5612883
0.6940013
1.2798171
1.2786743
0.56885181
1.0336781
0.80011299
1.0327565
1.302059
1.2621184
1.2636509
1.2671775
1.3018694
1.2662857
0.79527511
1.0273271
1.0287436
1.2835698
0.70276979
1.2831036
0.57102941
0.69790139
1.2809071
1.2814888
0.55177504
0.47955018
0.55203806
0.47936854
1.0511442
1.2449135
1.2459592
1.0499128
0.55360712
0.48053811
0.48085728
0.55302799
0.68851788
0.71313237
0.68844083
0.71310895
0.56903417
0.53126274
0.5314103
0.56901882
0.68939075
0.71388294
0.71369941
0.68957241
1.313073
0.92232721
0.92245402
0.95173713
0.96123638
0.95182669
1.313047
0.92222714
0.92247136
0.95183363
0.96126687
0.95187935
0.30636388
1.2249196
0.78587075
0.78580716
0.30490229
1.2250291
0.92232166
1.3128986
0.92225141
0.96124776
0.9516961
0.95173683
0.95181388
0.9612616
0.95178764
1.312908
0.92207122
0.92228465
0.98828989
0.97872362
0.97869299
0.98694339
0.94313564
0.98700726
0.9882883
0.97859425
0.97866024
0.98711448
0.94320581
0.98708127
0.9743352
0.98269768
0.97432212
0.94141543
0.95388543
0.95388254
0.95393036
0.94144581
0.95391035
0.98272442
0.97434856
0.97434026
0.97877665
0.98835127
0.97882063
0.94341118
0.98728916
0.98725889
0.9871766
0.94337563
0.9872343
0.98839661
0.97889803
0.97887402
1.3067543
1.352436
1.3523956
1.3067338
0.98803699
1.0088177
0.98988506
0.94945897
0.9879703
1.0099978
0.9898624
0.94950025
1.0083296
0.83538422
0.8353541
0.83525106
1.0082968
0.83531464
1.3524781
1.3068659
1.3069339
1.3525809
1.0088609
0.98820732
0.94960127
0.99003362
0.98991046
0.9495904
0.98827199
1.009009
0.85333725
1.0163557
0.91083921
0.96271602
0.85333106
1.0162793
0.91101876
0.96275734
1.255087
1.307664
1.3076562
1.2550934
1.016386
0.85353195
0.96282156
0.91105651
0.91103523
0.96281995
0.85353059
1.0163805
1.2550867
1.2550909
1.3077047
0.87231453
0.94691323
0.94691752
0.87230523
0.81438424
0.81439355
1.279281
1.1927697
1.2797195
0.87229372
0.94690526
0.87229612
0.94688919
0.81436999
0.81434322
1.1898713
1.2791972
1.2792049
0.97040632
0.85378843
0.97031894
0.85357305
0.96989663
0.97000584
1.8715962
1.8420916
1.8598245
1.8645738
1.557731
2.2763526
1.9585633
2.3171738
1.959583
1.840075
1.8324071
1.5746917
1.8699157
1.8742215
1.0483244
1.242779
1.0479364
1.2434063
0.55149577
0.47928671
0.55190385
0.47897028
1.0511537
1.2452945
1.2462345
1.050049
0.55334026
0.48028011
0.48048749
0.55289406
0.56704523
0.52869478
0.56675076
0.52897007
0.68943011
0.71409447
0.68917291
0.71421059
0.56912057
0.53117688
0.53125828
0.56918878
0.69051816
0.71525227
0.71502875
0.69078878
0.31102377
1.2254601
0.78618866
0.31184329
0.78620079
0.30602499
0.78646276
0.78639359
0.30452201
0.98921709
1.0099132
0.98967909
0.94926777
0.98916347
1.0097688
0.98979184
0.94929804
1.3532986
1.3078478
1.3079092
1.3533801
1.0099492
0.98936201
0.9493789
0.98986931
0.98981975
0.94936536
0.98941472
1.0100119
1.2567054
1.2567096
1.017533
0.85477639
0.9626811
0.91120327
0.91118446
0.96267162
0.85477649
1.0175206
1.2567114
1.2567097
1.3090799
0.81740945
0.81739855
1.2818381
1.1929316
1.2818234
0.87487601
0.94954761
0.87487194
0.94953663
0.81740174
0.81739552
1.1957972
1.2818121
1.2822772
0.85867597
0.97685521
0.97679296
1.1911231
1.1976763
2.1696406
1.9604132
1.9494248
1.8685308
1.8705841
1.5548959
1.828241
1.8371035
1.5724947
1.1964836
1.189955
2.2651278
1.9513552
2.1664754
1.9594098
1.8353188
1.828977
1.5719529
1.5530242
1.8672173
1.8703762
0.69655595
1.2804324
1.2805093
0.70092745
1.2819189
1.2818357
0.56559362
1.0303331
0.79803612
1.0304517
1.2982012
1.260612
1.2608665
1.2638384
1.2989946
1.2638954
0.79339773
1.0260377
1.0263694
1.2817036
0.70108899
1.2817329
0.5675484
0.69668898
1.2803172
1.2804294
0.55268396
0.4805252
0.55305744
0.48029993
1.0499272
1.2443392
1.2449289
1.0492038
0.55334021
0.48051617
0.48076856
0.55293585
0.69011321
0.71435064
0.68999071
0.71450271
0.56909208
0.5308745
0.53112265
0.56885786
0.69058271
0.71514636
0.71513444
0.69057469
1.3128697
0.92213173
0.92219154
0.95171601
0.96129474
0.95174612
1.3128626
0.92213398
0.92224275
0.95180047
0.96132624
0.95179376
0.30046747
1.2253362
0.78660647
0.78659235
0.3001985
1.2254123
0.92224002
1.3129094
0.922289
0.96144331
0.95191967
0.95192262
0.95185616
0.96142704
0.95190841
1.3129849
0.92225562
0.92241486
0.98854711
0.9790318
0.97901631
0.98733604
0.94351408
0.98736952
0.98852184
0.97894987
0.97899747
0.98741395
0.94354501
0.9874127
0.97460023
0.98304237
0.97467072
0.94171616
0.95432832
0.95427408
0.95413941
0.94168123
0.95422127
0.98310636
0.97479862
0.97475166
0.97906444
0.98865628
0.97908368
0.94357837
0.98743797
0.98744726
0.98744073
0.94358679
0.98746121
0.98869978
0.97909914
0.97910806
1.3069647
1.3526597
1.3526535
1.3069883
1.3526049
0.98831639
1.008982
0.990225
0.94964933
0.98832594
1.0103075
0.98998918
0.94963988
1.0084792
0.83558122
0.83557445
0.8355217
1.0084878
0.83556053
1.3526713
1.3069729
1.3070135
1.3526901
1.0089769
0.98828798
0.94959662
0.99001022
0.98999429
0.94961747
0.98829691
1.0090055
0.85335239
1.0163354
0.9110776
0.96284201
0.85334431
1.0163462
0.91105812
0.96284581
1.2550803
1.3076732
1.3076732
1.2550746
1.0163593
0.85354412
0.96281619
0.91102961
0.91105208
0.96283811
0.85343477
1.0163532
1.2550534
1.2550622
1.3076998
0.87226426
0.9468347
0.94683344
0.87225376
0.81427854
0.81428141
1.2791524
1.1926034
1.279598
0.87223869
0.94683194
0.87224289
0.94682132
0.81427063
0.81425119
1.1897101
1.2790973
1.2790993
0.96957736
0.85332307
0.9694731
0.85309597
0.96897008
0.96910322
1.8691111
1.8713381
1.82961
1.8370223
1.5722588
2.2660368
1.9509919
2.260469
1.9592723
1.8358458
1.8283268
1.5708773
1.8667457
1.8702434
1.0495004
1.2454354
1.0502218
1.2448427
0.55273618
0.48048108
0.55314396
0.48021766
1.0499312
1.2445851
1.2452091
1.0491626
0.55302645
0.48003294
0.48037128
0.55254128
0.56963795
0.53121582
0.56981653
0.53093692
0.69108788
0.71562638
0.69111098
0.71566016
0.56956467
0.53057473
0.53100871
0.56932103
0.69107385
0.71570571
0.71570626
0.69105009
0.30113488
1.2259046
0.78677715
0.30183179
0.78684157
0.29981458
0.78699073
0.78699062
0.29929567
1.2260595
0.98942073
1.0100164
0.989874
0.94939053
0.98944367
1.0100177
0.98986648
0.94938634
1.3534599
1.3079231
1.3079678
1.0100125
0.98939159
0.94935722
0.98983782
0.98986022
0.94936539
0.98940341
1.0099947
1.2566883
1.3090793
1.3090762
1.2566852
1.0175203
0.85485219
0.96267273
0.9111847
0.91119735
0.96267408
0.85486957
1.0175318
1.2566831
1.256679
1.3090881
0.81743564
0.81741305
1.281812
1.1929553
1.2818071
0.87488905
0.9495554
0.87488062
0.94955565
0.81744057
0.81744857
1.1958411
1.2818391
1.2822916
0.8590671
0.97756498
0.97747761
1.1887073
1.1953131
2.1655903
1.9562908
1.9490588
1.8647973
1.8699179
1.5523855
1.826861
1.8350992
1.5712448
1.1941254
1.1875531
2.2626165
1.9490112
2.9578758
2.1668902
1.9589393
1.8345409
1.8267552
1.8660654
1.8686755
0.6965355
1.2800406
1.2802331
0.56667749
0.70094546
1.2815329
1.2815566
1.0291821
0.79687661
1.0292197
1.2966074
1.2593055
1.2595655
1.2626872
1.2974565
1.2626465
0.79212806
1.0247351
1.0250666
1.2811609
0.70032297
1.2811127
0.56252237
0.56528632
0.69577601
1.2795817
1.279733
0.55283977
0.48072586
0.55332051
0.4803954
1.049393
1.2438376
1.2445075
1.0485862
0.5529115
0.4799029
0.48031031
0.55236171
0.69060325
0.71526447
0.69065505
0.71526446
0.56886843
0.53042897
0.53074096
0.56868414
0.69053771
0.71523714
0.71510324
0.69062535
1.3129864
0.92211156
0.92227034
0.95194244
0.96145469
0.9519445
1.3129954
0.92232265
0.922392
0.951875
0.96143563
0.95193994
0.29721779
1.225564
0.78665293
0.78665684
0.29631909
1.2256559
0.92209784
1.3129247
0.92201676
0.96128634
0.95169067
0.95174959
0.95184592
0.96133157
0.95181168
1.3129639
0.92175617
0.92201914
0.98875005
0.97907324
0.97909909
0.98744488
0.94355367
0.9874382
0.98876205
0.97911415
0.97912194
0.98740675
0.94354397
0.98744229
0.97492004
0.98324504
0.97493052
0.94174267
0.95445051
0.9544567
0.95445478
0.94177717
0.95447024
0.98325567
0.97494327
0.97495161
0.97906717
0.98873231
0.97905106
0.94345463
0.98733789
0.98735975
0.98740122
0.94348508
0.98739453
0.98873639
0.97901395
0.97904545
1.3069606
1.352681
1.3526929
1.3070006
1.3526887
0.98816054
1.008886
0.99017337
0.94956752
0.98820841
1.0102727
0.98987484
0.94953792
1.0083862
0.83554756
0.83556763
0.83557909
1.0084087
0.83558502
1.3526789
1.3069438
1.3069834
1.3526784
1.0088738
0.98805147
0.94947234
0.99008903
0.98986736
0.9494793
0.9880339
1.0102824
0.85367109
1.0174306
0.91103198
0.96279946
0.8534907
1.0163652
0.91095354
0.96279827
1.2550407
1.3077154
1.2550404
1.0174679
0.85382288
0.96276672
0.91093235
0.91095118
0.96277526
0.8545146
1.0174986
1.2550439
1.2550377
0.87220709
0.94681237
0.9468013
0.87219882
0.81424203
0.81423403
1.2790772
1.1924627
1.2795344
0.8721931
0.94682079
0.87219169
0.94682304
0.81424641
0.81424071
1.1896061
1.2791077
1.2790863
0.96859452
0.85281347
0.96848084
0.85257402
0.96792747
0.96806797
1.8667127
1.869008
1.5512954
1.8255108
1.8346863
2.2619269
1.948093
1.9610889
1.8337695
1.8265832
1.5697478
1.5504168
1.8683581
1.8688813
1.0489406
1.2450041
1.0496565
1.244414
0.55237475
0.48015399
0.55281044
0.47986736
1.0496543
1.2444493
1.2450059
1.0489859
0.55282913
0.47986424
0.48014161
0.55242489
0.56889043
0.53062842
0.56932507
0.53052258
0.69115968
0.71583325
0.69114057
0.71589138
0.56951926
0.53066723
0.53080972
0.56948254
0.69145458
0.71625645
0.71618049
0.69152285
0.29818072
1.2261682
0.78708118
0.29848774
1.226112
0.78709919
0.29715027
0.78721898
0.7872145
0.29657762
1.226301
0.98930046
1.0099764
0.98982922
0.94933226
0.98934314
1.0099859
0.98981124
0.94932474
1.3535217
1.3079587
1.3535354
1.3080126
1.3535659
1.0099808
0.98923638
0.94931799
0.9898218
0.98980999
0.94931599
0.98924282
1.0100155
1.2567239
1.309167
1.3091465
1.2567389
1.0176028
0.85505659
0.96270765
0.91120723
0.91118744
0.96269288
0.8550844
1.0176695
1.2567756
1.2567513
1.3092129
0.81758928
0.81754917
1.2818859
1.1930589
1.2818997
0.87497854
0.94968422
0.87495718
0.94970421
0.81761161
0.81763744
1.1959961
1.2820198
1.2824479
0.85963288
0.97849036
0.97836944
1.1878447
1.1953186
2.1682606
1.9629935
1.9472675
1.8707089
1.8663395
1.5505694
1.8275526
1.8335984
1.1981369
1.1903237
2.2553151
1.9457753
2.9636028
1.9660009
1.8334006
1.8282041
1.5716419
1.8741882
1.8668798
0.69559058
1.2801253
1.2797567
0.56448909
0.69954748
1.2807516
1.2807775
1.030055
0.79713636
1.0297703
1.2985566
1.2620411
1.2609844
1.2634969
1.2986106
1.2634062
0.79302882
1.0274725
1.0262758
1.2814363
0.69997967
1.2813304
0.56540647
0.56596409
0.69589548
1.2807759
1.2802961
0.55229292
0.47998265
0.55256332
0.4798273
1.049303
1.2439348
1.2444049
1.0487206
0.55279613
0.47994766
0.48020136
0.552412
0.69106245
0.71588134
0.69114626
0.71581797
0.56837771
0.52978635
0.53023172
0.56797294
0.69032326
0.71427012
0.71506408
0.68971272
1.3129258
0.92148873
0.92163115
0.95168525
0.96122811
0.95169018
1.3129274
0.92174641
0.92176886
0.95171933
0.9612317
0.9517199
0.29760515
1.2256297
0.78649032
0.78661645
0.2987383
1.2256394
0.92152006
1.3129593
0.92150067
0.96131753
0.95196966
0.95191047
0.95178074
0.96129465
0.95185533
1.3130403
0.92136437
0.92156924
0.98870892
0.97899216
0.97900475
0.98734254
0.94341694
0.98734306
0.98872723
0.97901642
0.97902157
0.98735043
0.94341941
0.98736308
0.97488272
0.98319052
0.97486543
0.94161437
0.95432503
0.95435285
0.95439659
0.94164411
0.95438913
0.98318336
0.97482454
0.97485913
0.97900538
0.98870124
0.97901015
0.9434242
0.98740497
0.98739646
0.98737417
0.94342831
0.98739926
0.98871041
0.97901171
0.97902511
1.3069706
1.3527379
1.3527219
1.3069928
0.98787166
1.0103381
0.99009206
0.94944312
0.98792731
1.0103019
0.99009249
0.94944963
1.0084612
0.83544706
0.8354692
0.83548716
1.0084449
0.83548923
1.3527726
1.3070418
1.3071188
1.0103886
0.98778611
0.94947274
0.99014456
0.99011531
0.94946911
0.98778728
1.0105414
0.85468477
1.0176093
0.91093633
0.96278213
0.85466172
1.0175337
0.91093557
0.96280543
1.2551313
1.2551633
1.0176573
0.85477273
0.96290052
0.9109918
0.91095256
0.96287758
0.85480856
1.0178006
1.255249
1.2551991
0.87222505
0.94695508
0.94691096
0.87223837
0.81435642
0.81431945
1.2796972
1.1924773
1.279697
0.87228433
0.94700087
0.87225584
0.94704567
0.81439132
0.81442776
1.1925666
1.2794801
1.279857
0.96758735
0.85232414
0.96749613
0.8521999
0.96714036
0.96722012
1.8714854
1.8662091
1.8266904
1.8331906
2.2568045
1.9482213
1.9683675
1.8332466
1.8296923
1.5711522
1.5506148
1.8760273
1.8668044
1.0488188
1.244821
1.0494566
1.244291
0.55222237
0.47995321
0.55264278
0.47967851
1.0495813
1.244559
1.2449358
1.0491104
0.552642
0.47976463
0.47995939
0.55234367
0.56956339
0.53097487
0.56971426
0.53086397
0.69149547
0.71633466
0.69160126
0.71624663
0.56925594
0.53020758
0.53065428
0.56889616
0.69094744
0.71532356
0.7156554
0.69062243
0.29599843
1.226422
0.7872665
0.29595819
1.2263638
0.78723891
0.29818657
0.78704564
0.78713774
0.29928645
1.2263342
0.98913744
1.0101275
0.98982935
0.94933343
0.98917896
1.0100332
0.98986807
0.9493418
1.3537084
1.3081404
1.3082211
1.3538744
1.0101727
0.98907762
0.94940598
0.98995507
0.98988631
0.94938523
0.98908219
1.0103475
1.2569411
1.3094608
1.3094043
1.2569859
1.0178455
0.85529609
0.96291975
0.91134068
0.91127491
0.96287759
0.85532636
1.0180004
1.2570831
1.3095145
1.2570299
0.81789341
0.81783167
1.2821548
1.1933243
1.2822028
0.87519387
0.95000404
0.87515413
0.95005657
0.81793675
0.817976
1.1935132
1.2825254
1.2829371
0.86036534
0.97962022
0.97946235
1.1916681
1.1990427
2.175397
1.9712872
2.1618614
1.9530008
1.8766693
1.8701761
1.5535687
1.8314106
1.8353453
1.192751
1.1928156
2.2665536
1.9594495
2.2666589
2.9470915
1.9309535
1.8336453
1.8362812
1.576412
1.5522023
1.839121
1.8792024
0.69572085
1.2815026
1.2807088
0.56732249
0.70007311
1.2820208
1.281814
1.0316956
0.79925145
1.0321468
1.2980421
1.2610524
1.2623057
1.2651162
1.3009082
1.2658408
0.79441563
1.0256426
1.0279054
1.2829518
0.70178606
1.2830124
0.69724504
1.2801098
1.2813873
0.55252374
0.48017857
0.55281052
0.4799964
1.0519476
1.2467426
1.2470942
1.0512409
0.55368598
0.47952485
0.48043135
0.5526796
0.68814053
0.71306868
0.68851652
0.71268492
0.56647723
0.52797337
0.52852318
0.56602587
0.68770566
0.71192403
0.71222344
0.68744289
1.3130941
0.92104867
0.92127338
0.95207578
0.96140394
0.95217663
1.3130936
0.92139833
0.92143796
0.95231472
0.96141073
0.9522769
0.30798955
1.2253767
0.78504031
0.78543238
0.30802995
1.2256101
0.92095045
1.3130259
0.92077433
0.96116621
0.95249391
0.95246699
0.95238291
0.96127747
0.95244013
1.3131001
0.92035816
0.92069475
0.98868452
0.97901776
0.97903338
0.98743796
0.94345224
0.98746195
0.98870822
0.97902994
0.97904599
0.98749897
0.94346692
0.9874998
0.97458205
0.98291491
0.97448595
0.9410685
0.95366154
0.9538205
0.9540781
0.94123887
0.95397717
0.98283423
0.97424623
0.97438197
0.97902033
0.98860751
0.9790051
0.9434746
0.98756787
0.98755407
0.98752954
0.94348174
0.98755647
0.98857292
0.97895578
0.97899416
1.3072791
1.353326
1.3072576
0.98766428
1.0109029
0.99018248
0.94954654
0.98771237
1.0106298
0.99028096
0.94958896
1.0088526
0.83501345
0.8351483
0.83530471
1.008791
0.83525047
1.3534734
1.3074844
1.3076092
1.0110432
0.9876017
0.94975481
0.99043355
0.990333
0.9497154
0.98761791
1.0115003
0.85489505
1.0180612
0.9110243
0.96304261
0.85488546
1.0178702
0.91110874
0.96311083
1.2555584
1.2556345
1.018149
0.85488872
0.96338949
0.91128703
0.91115242
0.96331874
0.85487459
1.0184449
1.2558129
1.255714
1.3090983
0.87249134
0.94748213
0.94738301
0.87254763
0.81468757
0.81464775
1.2802581
1.1930694
1.2804003
0.87269013
0.94758402
0.87261142
0.94768801
0.81470939
0.8147118
1.1931622
1.2807213
1.2809361
0.96705824
0.8521944
0.96706039
0.85231434
0.96736983
0.9672331
1.8767302
1.8710208
1.8310597
1.8358489
1.5750314
2.2668488
1.959143
1.9301676
1.8335138
1.8361476
1.55167
1.8382367
1.8792402
1.0495317
1.2453931
1.050023
1.2450314
0.55242179
0.48000355
0.55276006
0.47974895
1.0521611
1.2471786
1.2475637
1.0514056
0.55341337
0.47907094
0.4800213
0.55234616
0.56753871
0.52947373
0.56806508
0.52888899
0.68912605
0.71417994
0.68951611
0.71379647
0.56700195
0.52783595
0.52828813
0.56655746
0.68829508
0.71247337
0.71285307
0.68793708
0.30567071
1.2260687
0.78676159
0.30419958
1.2260994
0.7866075
0.30794335
0.78552388
0.78593043
0.30783853
1.2263076
0.98894738
1.0106998
0.98997997
0.9494799
0.98899946
1.0104182
0.99006889
0.94950979
1.3544109
1.3085738
1.3087001
1.355047
1.0108229
0.98887746
0.94967909
0.99022529
0.99010467
0.94962871
0.98889527
1.0112889
1.2574014
1.3102419
1.310092
1.2574798
1.0183456
0.85542976
0.96340009
0.91162578
0.91148582
0.96331611
0.85541642
1.0186532
1.2576563
1.2575584
1.3106169
0.81832364
0.81826834
1.2828683
1.1938831
1.2830099
0.87563838
0.95064498
0.87555662
0.95074871
0.81834651
0.81835466
1.1970931
1.2838527
1.2840611
0.86145156
0.98140112
0.98113464
1.1877025
1.1945691
2.1785281
1.9799966
2.2375368
2.2060112
1.9312566
1.8829046
1.8396566
1.8272541
1.836381
1.1807365
1.1887698
2.1844516
1.9594829
2.2959021
2.9684719
1.9314921
1.8334101
1.859353
1.5561771
1.5478847
1.8271903
1.859616
0.69132429
1.2806199
1.2795142
0.56582371
0.69428388
1.2801363
1.2801463
0.56556613
1.0252032
0.79052144
1.0252279
1.2885537
1.2652084
1.2547225
1.2612807
1.2957365
1.2609681
0.79106334
1.0369059
1.0209705
1.2807465
0.69386666
1.2821915
0.59058578
0.57005942
0.69251014
1.2895363
1.2836273
0.54988873
0.47711736
0.5502587
0.47660303
1.0505462
1.2412831
1.247268
1.0457722
0.54918243
0.47790772
0.47554012
0.55219927
0.68368566
0.70959992
0.68510375
0.70825865
0.5619132
0.5358381
0.52482474
0.57127414
0.68250008
0.71190695
0.70696953
0.68829601
1.3126357
0.91874362
0.91948114
0.95254836
0.96069977
0.95257888
1.3130846
0.9202428
0.92006588
0.95245893
0.96048236
0.95254095
0.41532653
1.2126253
0.79212345
0.78877785
0.4351046
1.2058945
0.91762575
1.3080054
0.91750233
0.95862173
0.95243313
0.9525186
0.95228531
0.95955964
0.95238736
1.3048737
0.92273576
0.91798537
0.9884786
0.97895173
0.97898057
0.98761895
0.94355183
0.98767993
0.98848753
0.97895925
0.9789775
0.98779492
0.94361455
0.98777113
0.97412601
0.98231329
0.97409099
0.94024069
0.95142716
0.95368332
0.95349742
0.9403286
0.95354004
0.98203504
0.97178902
0.97415344
0.97883652
0.98803159
0.97831995
0.94065771
0.98268653
0.98564757
0.98770861
0.94278476
0.98711397
0.98746063
0.97403353
0.97714257
1.3073363
1.3548678
1.3076797
0.9870158
1.0100848
0.99046946
0.94991882
0.98740901
1.011664
0.9898826
0.94994327
1.0079554
0.83828147
0.82374679
0.83368768
1.0085241
0.83433126
1.3539441
1.3030824
1.2968786
1.3534046
1.0093595
0.98287557
0.94761698
0.98490467
0.98939208
0.94893094
0.97974378
1.0079561
0.85414877
1.0191331
0.91137082
0.9637138
0.85478899
1.0185982
0.9116571
0.96385324
1.2557713
1.2551541
1.0191174
0.85441536
0.9619864
0.9038414
0.91162629
0.96332731
0.84537915
1.0156185
1.2514545
1.253464
1.3083797
0.87324017
0.94866138
0.94852596
0.87331218
0.81450187
0.81448198
1.2816534
1.1932069
1.282337
0.87247202
0.94859956
0.87322416
0.94772055
0.8141787
0.81476076
1.188838
1.2724403
1.280337
0.96825181
0.85267468
0.96874907
0.85141618
0.96448604
0.96815129
1.8843252
1.8402752
1.8270399
1.8364638
1.5539146
2.1854375
1.9601979
1.9321265
1.8336322
1.8589723
1.827161
1.8608104
1.0503133
1.2464623
1.0500528
1.2469396
0.54962787
0.47669073
0.54997747
0.47619272
1.0507214
1.2417949
1.2477024
1.0460526
0.54891761
0.47760604
0.47515283
0.55204164
0.56197062
0.52522391
0.56374963
0.5236251
0.684203
0.71018505
0.68560542
0.70886244
0.56166021
0.53599841
0.52480415
0.57132968
0.68307622
0.71261046
0.70764856
0.68886002
0.32500971
1.226349
0.78383662
0.31397183
1.2269627
0.7834811
0.41585485
0.79266787
0.7893517
0.4350469
1.2065768
0.9883057
1.0113351
0.99024677
0.9498407
0.98869618
1.0114389
0.98996477
0.949878
1.3548839
1.3041829
1.297985
1.354348
1.0106792
0.98417163
0.94801958
0.98626422
0.98952954
0.94906093
0.98105796
1.0092722
1.2575994
1.3121227
1.2569773
1.0193515
0.85582229
0.96226205
0.90523003
0.91198755
0.96340919
0.84700087
1.0171533
1.2532696
1.2552811
1.3099497
0.81820019
0.8181685
1.2848087
1.1943186
1.2850276
0.87543506
0.95168795
0.87618122
0.95081163
0.81787876
0.81845678
1.1928488
1.2756445
1.283519
0.86083589
0.97925173
0.98258891
1.8861615
0.86470672
2.1684979
0.86831169
2.0470483
0.86691473
1.8323889
2.7084226
0.86648181
1.8680951
2.6793361
0.86648718
2.1684603
0.86669422
2.1655555
2.9644057
0.86701675
2.163048
2.9640282
0.86752548
2.1694847
0.86838413
2.1359945
0.87012222
1.8871758
2.1551248
0.85342536
0.85833059
0.8618711
0.86566633
2.1615308
0.85648388
0.86138856
0.86856641
2.1535251
2.098339
0.85871384
0.85784554
0.86554092
0.86392538
2.116953
2.9644725
0.86133517
0.86101216
0.8670245
2.0507256
2.1016952
0.85824158
0.85744646
0.86391593
0.86295947
2.1097154
2.9380603
0.86098809
0.86100365
0.86651056
1.8069286
2.6756809
2.1296072
0.85741363
0.85718972
0.86287186
0.86238379
2.1352663
2.9053438
0.86100568
0.86114575
0.86647911
1.8547329
2.6776559
1.8374075
2.6480386
0.85716813
0.85694931
0.8623289
0.8619716
1.8430055
2.6554163
0.86115531
0.86132332
0.86666833
2.1540935
2.9581887
1.8631871
2.6618897
0.85692406
0.85661637
0.86192628
0.8615763
1.8729604
2.6667906
0.86133239
0.86147459
0.86697438
2.1530358
1.8658531
2.6664814
0.85657805
0.85622383
0.86153212
0.86126442
1.8760211
2.6702579
0.86148305
0.86163832
0.86745299
2.1564888
1.8950769
2.6790545
0.85618594
0.85604904
0.86124674
0.86140381
1.8955679
2.6869805
0.86165101
0.86182477
0.86824613
2.153063
1.7242061
0.85646679
0.85610088
0.86160551
0.8625173
1.7360506
0.86185343
0.86227012
0.86986002
2.1247138
1.8880277
0.8561305
0.85117214
0.86274181
0.85883942
1.887499
2.691271
0.86231066
0.85749684
0.86639092
0.80463108
1.0754375
1.0738732
0.81145507
0.59674443
0.51531717
0.48290217
0.618144
0.71361954
0.70066138
2.1800024
0.79002402
1.2981533
1.2970674
0.81363579
0.98251728
0.93834958
0.94055702
0.97933648
1.006764
1.0096922
1.6081271
0.86837581
1.6822377
0.80303548
1.0687791
0.80413179
1.0674514
0.60357838
0.48592868
0.60136076
0.48841284
0.70651698
0.708193
2.1576276
2.9682585
0.79433381
1.2993405
0.79626019
1.2960699
0.98263621
0.94067733
0.98249064
0.94089662
1.009007
1.0086761
1.6865018
0.86780906
1.6860101
0.80285512
1.0667669
0.80312887
1.066755
0.6017516
0.48898476
0.60341177
0.48756603
0.70815594
0.70738699
2.0836164
0.79528338
1.2954125
0.79149716
1.2969287
1.2247693
1.224945
0.98321344
0.94129735
0.98301934
0.94156721
1.0084568
1.0084323
1.6860073
0.86686996
1.6861068
0.79916131
1.0651667
0.80187891
1.0633827
0.60408586
0.48865661
0.6025209
0.48961579
0.7079371
0.70905156
1.9634694
0.78692098
1.2960115
0.79295927
1.2939238
1.2254027
1.224544
0.98338861
0.94200493
0.98343889
0.94211592
1.0084604
1.008517
1.6860663
0.86664214
1.6860936
0.80295505
1.0645375
0.80242876
1.0677168
0.60441586
0.48964139
0.60328308
0.49036697
0.70834822
0.70780985
2.1832616
2.886309
0.79390152
1.2965383
0.79271004
1.2973824
0.98345109
0.94244333
0.98355111
0.94227526
1.0087883
1.0089454
1.6861147
0.86673899
1.6861919
0.80217337
1.0668635
0.80282441
1.0663297
0.60571605
0.49209935
0.60531286
0.49122335
0.70896018
0.70958769
1.864912
2.6672402
0.79183316
1.2990372
0.79669991
1.2977853
1.2259511
1.2257883
0.98368136
0.94220076
0.98353601
0.94229247
1.009134
1.0091854
1.6864305
0.86698921
1.6868204
0.80199204
1.067078
0.80297647
1.0662108
0.60511576
0.49124747
0.60563361
0.49083288
0.70989084
0.70985563
1.8759506
0.79063027
1.2970298
0.79540007
1.2960483
0.98398557
0.94244746
0.98388926
0.94250837
1.0091883
1.0091797
1.6877479
0.86736927
1.6885594
0.80191879
1.0663667
0.80208229
1.0661536
0.60505347
0.49124183
0.605247
0.49035254
0.71046748
0.7103191
1.8898979
2.6822251
0.79136176
1.2966225
0.79528697
1.2966632
1.2263424
0.98405043
0.94254964
0.98408095
0.94250368
1.0091979
1.0092443
1.6907349
0.86797896
1.6921852
0.80295739
1.0668962
0.80291364
1.0668162
0.60276392
0.4893377
0.60373721
0.48833392
0.70870398
0.70767502
1.9008693
0.79358259
1.2994713
0.79746535
1.3005927
0.98384957
0.94240703
0.98396807
0.94222806
1.0093908
1.0095139
1.6949096
0.86907884
1.6965641
0.8030322
1.0670958
0.80203623
1.0699341
0.5965333
0.48658731
0.60131899
0.48192579
0.70558516
0.70105835
2.1302893
2.9205899
0.78851997
1.2943091
0.79034228
1.2951291
0.9833393
0.94143995
0.98342815
0.94111423
1.0098802
1.0102687
1.6992159
0.87054181
1.6994365
2.176704
2.9686836
2.1539216
0.81541472
0.58787236
0.77454963
0.78379165
0.56893381
0.57085404
0.78120775
0.652291
0.48407812
0.45895912
0.66190798
0.80401128
1.0691801
1.0710694
0.80401935
0.65228197
0.46042545
0.4586667
0.65283129
0.63570655
0.76598317
0.75183912
0.65333555
0.59698555
0.4850356
0.48260023
0.5998536
0.63599255
0.75555161
0.75238288
0.63902476
0.70568076
0.70189416
0.85641255
0.85793519
1.6100015
0.86547334
1.6832228
2.6561868
2.8158351
0.86603904
1.6865865
1.6870868
2.8242227
2.8234532
1.1849557
1.5562323
1.1856857
1.5521363
2.1698868
2.9797611
1.1903335
1.555456
1.1860262
0.69276331
0.71166734
0.81727223
0.58637823
0.77688582
0.79224832
1.2992756
1.2975213
0.79532184
0.69485639
0.69747101
0.78596659
0.78343798
0.80458781
1.0758559
1.0740791
0.81163896
0.65222508
0.48388247
0.45857462
0.66204393
0.80401856
1.0694851
1.0713298
0.80406192
0.6522556
0.46000269
0.45829611
0.65282637
0.59662916
0.51522678
0.48250342
0.61834393
0.63562115
0.76629466
0.75188361
0.65352883
0.59677746
0.48449101
0.48213959
0.59940613
0.63581342
0.75534224
0.75235063
0.63847424
1.3103872
0.95676399
0.96040692
1.3172488
0.71390685
0.70068546
1.3123934
0.96093836
0.96065426
1.3134093
0.70551462
0.70185046
0.98845619
0.9373038
0.94382403
0.98502113
0.98253805
0.94061991
0.94054199
0.98248666
0.98850805
0.9435598
0.94388729
0.98836508
1.0091844
1.0097608
0.85956282
0.86109369
2.6527788
2.8144239
0.86896353
1.6867202
1.6862946
2.8240307
2.8221346
2.1440863
2.9616788
1.5549996
1.5493717
2.0991977
0.78426037
0.5688368
0.56659555
0.78564223
0.78480458
0.56782491
0.56562821
0.78674246
0.6521006
0.46109969
0.65306959
0.46262072
0.80280703
1.0674495
1.0668561
0.80386849
0.65195668
0.46377863
0.46296259
0.65286398
0.64226226
0.75642002
0.64017078
0.7582515
0.60341745
0.48967144
0.48833572
0.60403846
0.64246208
0.75848316
0.75854851
0.64237089
0.708424
0.70846361
0.85858224
0.85851214
1.6858533
0.86483058
1.6841312
2.8233324
2.8215614
0.86461445
1.6820368
1.6835108
2.8186266
2.8206787
1.1899429
1.5542987
1.1847827
2.1130403
2.8946801
1.185116
1.5497791
1.1892838
1.5581165
0.69758676
0.69854663
0.78652032
0.56558088
0.56243165
0.78820942
0.79277053
1.2965465
1.2966204
0.79536294
0.69630567
0.69945044
0.78788561
0.78923455
0.80263827
1.0690253
0.80408082
1.0674886
0.65165336
0.46052491
0.65297116
0.46136504
0.80236655
1.0671316
1.0669157
0.80279416
0.6514447
0.46262117
0.46156961
0.65173538
0.60214559
0.48528906
0.60030966
0.48679661
0.64136377
0.75616639
0.63932614
0.75803052
0.60292581
0.48867979
0.48718977
0.60369052
0.64189302
0.75881584
0.75839785
0.64253953
1.3129517
0.96096464
1.3132939
0.96089851
0.70632519
0.70799876
1.2252974
1.2249757
1.3129077
0.96090514
0.96089093
1.3127017
0.70864985
0.70831423
0.98835351
0.9434887
0.98834638
0.94335482
0.98271886
0.94123602
0.94099188
0.98296201
0.98839634
0.94335292
0.94334983
0.98852598
1.0084947
1.0086231
0.86168734
0.86172806
2.8238494
2.8231085
0.86765674
1.6859534
1.6859489
2.8235388
2.8232989
2.0859269
1.5607138
1.5484811
2.1491788
2.9131028
0.78636222
0.5661309
0.56547587
0.78589938
0.78682562
0.56322181
0.56440436
0.78644976
0.65168404
0.4633539
0.65221496
0.4625401
0.8023053
1.0660446
1.0666861
0.80205171
0.65108317
0.46269096
0.46224399
0.65094993
0.64083746
0.75812608
0.64191931
0.75718059
0.60193195
0.48852222
0.48781039
0.6022997
0.64072747
0.75744728
0.75703838
0.64104381
0.70762875
0.70727406
0.85823643
0.8581923
1.6815704
0.86358161
1.6804797
2.8180672
2.8165215
0.86346691
1.6794383
1.6801454
2.8154931
2.8162483
1.1887425
1.56042
1.1867932
2.1625275
1.1788533
1.5458753
1.1822512
1.5485277
0.69972256
0.69579438
0.78949354
0.56235819
0.78701466
0.79387483
1.2922582
1.2946113
0.79159783
0.69873185
0.69634973
0.7885848
0.56001125
0.56191983
0.78675613
0.80329892
1.0664321
0.80199918
1.0675601
0.65200535
0.46237335
0.65104594
0.46305981
0.80295196
1.0666084
1.0677874
0.80230856
0.65154115
0.46249793
0.46276497
0.65104741
0.60351258
0.4885825
0.60364471
0.48914064
0.64227367
0.75877824
0.64250334
0.75843431
0.60317598
0.48832755
0.48896062
0.60170069
0.6419739
0.75784725
0.75823957
0.64084151
1.3127682
0.96094648
1.3127458
0.96112021
0.70862039
0.7083542
1.2247321
1.2245017
1.3128733
0.96145812
0.96121455
1.3129639
0.70796437
0.70820571
0.98869421
0.9433737
0.98857777
0.94342155
0.98327932
0.94195132
0.94167741
0.98342951
0.98874201
0.94349866
0.94344952
0.98883454
1.0084613
1.0084474
0.86153189
0.86162012
2.8235709
2.823734
0.8668437
1.6860493
1.686073
2.8232933
2.8235951
1.9661371
1.5667256
2.1465393
2.9454747
0.78840299
0.56150801
0.79165109
0.78682855
0.56680008
0.56599725
0.78683722
0.64824109
0.46270323
0.65089069
0.46289635
0.80132084
1.0662749
1.0660992
0.80421888
0.64991673
0.46454584
0.46378553
0.65373286
0.64284875
0.75780712
0.64135796
0.75915298
0.60462503
0.48987669
0.49052836
0.60373155
0.64328407
0.75824508
0.75941929
0.64261355
0.70864912
0.70926426
0.85795833
0.85784075
1.6792108
0.86286152
1.6787074
2.8153642
2.8146236
0.86275846
1.6781591
1.6784834
2.8137776
2.8142316
1.1885056
1.5621015
1.1906302
2.1516273
2.938946
1.1861915
1.5525563
1.1897875
1.5586774
0.69094171
0.69768937
0.78863899
0.79401809
0.79213732
1.2969449
1.2971016
0.79628663
0.69661082
0.69943925
0.78936036
0.56445957
0.56342474
0.79011139
0.79963912
1.0665139
0.80303604
1.0635605
0.64877663
0.46280818
0.65176015
0.46292471
0.80156844
1.0663974
1.065744
0.8046162
0.65029081
0.46421099
0.46367311
0.65412362
0.60338359
0.48863341
0.60188735
0.48954405
0.64233393
0.75800075
0.64098438
0.75912481
0.60393607
0.48963916
0.49032439
0.60372306
0.64279557
0.75910729
0.75939629
0.64269145
1.313559
0.9615361
1.313034
0.96173396
0.70812603
0.70910669
1.2255708
1.2252578
1.3137287
0.96212244
0.96184119
1.3136787
0.70916687
0.70933698
0.98882336
0.94352579
0.98885747
0.94358175
0.98341163
0.94245401
0.94220631
0.98355523
0.98885286
0.94382009
0.94363345
0.98900859
1.0087439
1.0085729
0.86161662
0.86172368
2.8231184
2.8230969
0.86667328
1.6860963
1.6860958
2.8232357
2.8232763
2.1758578
2.1204189
2.9746815
0.78979144
0.56315431
0.78425683
0.78628004
0.56699199
0.57193515
0.78201764
0.6520303
0.46376917
0.65239913
0.46468063
0.8043069
1.0662863
1.0687123
0.80227205
0.65324391
0.46567297
0.46566162
0.65192671
0.64276449
0.75788834
0.64224064
0.75767092
0.60503322
0.49206614
0.4913874
0.60512495
0.643231
0.75832955
0.75777977
0.64375804
0.70877113
0.70820611
0.85771456
0.85759844
1.6780537
0.86238557
1.6778412
2.8138124
2.8134198
0.86230136
1.6775844
1.6777512
2.8133618
2.8134599
1.191624
1.5665969
1.1899969
2.1343794
2.9823658
1.1981068
1.1922843
1.5558969
0.697721
0.69544917
0.79235177
0.56521455
0.78706142
0.79896827
1.2990617
1.3012417
0.79247418
0.70235583
0.69580152
0.78837496
0.56832611
0.78473825
0.80261939
1.0646142
0.8025733
1.0675752
0.65169351
0.4632414
0.65255976
0.4640433
0.80397197
1.0665398
1.0685906
0.80237085
0.65290745
0.46536468
0.46506642
0.652001
0.60451104
0.48871922
0.60331936
0.48981784
0.64337438
0.75883474
0.64237248
0.75886758
0.60479923
0.49126266
0.49092758
0.6061101
0.64383564
0.7597323
0.75909524
0.64478782
1.3138049
0.96218668
1.313752
0.96216411
0.70896666
0.70894083
1.2255776
1.2257846
1.3137355
0.96207813
0.96214399
1.3135759
0.70969395
0.70911773
0.98907516
0.94389478
0.98905538
0.94405642
0.98344546
0.94219694
0.94225072
0.98349903
0.98909997
0.94422755
0.94411588
0.98918371
1.0091187
1.0090118
0.86178117
0.86189277
2.8230797
2.8232237
0.86679628
1.6862842
1.6861648
2.8231715
2.8231287
1.8695959
2.6624217
2.1512764
2.9585763
0.7844609
0.56842035
0.78596847
0.78586566
0.56495979
0.56756112
0.78396493
0.6519208
0.46587024
0.6523718
0.46548083
0.8030167
1.066418
1.0670835
0.80224513
0.65264261
0.46548071
0.4657548
0.65208187
0.64433012
0.75851429
0.64392219
0.75947572
0.60584871
0.49108806
0.49144785
0.60561997
0.64442131
0.75970108
0.7596125
0.64431644
0.70984144
0.70971892
0.85744008
0.85730966
1.6774378
0.86199344
1.6771459
2.8131303
2.8125575
0.86190881
1.676599
1.677031
2.812225
2.8126817
1.1899227
1.5539572
1.1958683
2.1665637
2.9638215
1.1941182
1.1880752
1.5523979
0.69548988
0.69992811
0.78652276
0.78805213
0.79609678
1.2966619
1.2979029
0.79100339
0.6996514
0.69494564
0.78836381
0.78626792
0.80224307
1.0671489
0.80300152
1.0665825
0.65194989
0.46560299
0.65252881
0.46534715
0.80291928
1.0663969
1.0672098
0.80191723
0.65250777
0.46500341
0.46552349
0.65168753
0.6060962
0.49148255
0.60627707
0.49161782
0.64481286
0.75990292
0.64491046
0.76014514
0.60614202
0.49068896
0.49178146
0.605887
0.64482195
0.76028156
0.76019024
0.6446958
1.3135592
0.96209136
1.3135627
0.96210731
0.70987644
0.71020435
1.2261048
1.3135733
0.96213696
0.96212787
1.3136144
0.71041286
0.71027518
0.98933809
0.94426632
0.98923664
0.9443135
0.98373834
0.94243627
0.94235027
0.98386034
0.98937676
0.94431614
0.94432995
0.98943379
1.0092035
1.0092109
0.86194619
0.86205291
2.8234118
2.8240875
0.86705953
1.6874441
1.6868859
2.8246999
2.8240171
1.8608304
2.6603582
2.1527621
1.5698611
1.5517338
0.78405061
0.56675483
0.5638614
0.78633391
0.78725168
0.56548582
0.78470428
0.65187599
0.46572819
0.65268691
0.4652438
0.80260811
1.0657676
1.0667737
0.80144694
0.65235708
0.46484461
0.46537735
0.65133618
0.6440907
0.75976575
0.64436038
0.75936952
0.60523558
0.49107245
0.49101797
0.60520048
0.64419357
0.76034625
0.75941757
0.64429664
0.71037218
0.709899
0.85706376
0.85692688
1.6763481
0.86161598
1.6757655
2.8118761
2.8116049
0.86154241
1.6743778
1.6754352
2.8095595
2.811269
1.1867231
1.1930291
1.5697826
2.1657385
2.9650157
1.1931671
1.1858717
0.69473776
0.6992022
0.78660593
0.56286013
0.788623
0.79519561
1.2962041
1.2965862
0.79083725
0.6991186
0.6948788
0.78881327
0.5605229
0.78683991
0.80179458
1.067021
0.80260273
1.0663125
0.65159544
0.46518347
0.65224484
0.46485719
0.80255791
1.0663409
1.0669719
0.80187644
0.6522246
0.46498952
0.46512423
0.65166245
0.6058881
0.49089339
0.60597947
0.49058459
0.64478859
0.76034725
0.64475538
0.76055532
0.60610264
0.49120658
0.49090369
0.60626237
0.64495355
0.76092748
0.76066363
0.64514644
1.3136538
0.96214756
1.3136291
0.96212859
0.71047576
0.71065269
1.3136614
0.96212702
0.96213691
1.3136836
0.71094572
0.71073849
0.98950188
0.94432018
0.98946352
0.94429572
0.98402701
0.94256874
0.94254948
0.98408424
0.98952825
0.94428379
0.94430154
0.9895517
1.0092004
1.0091977
0.86210021
0.86220875
2.8251471
2.8257772
0.86746153
1.6902416
1.6888826
2.8284277
2.8262438
1.8836112
2.6738127
1.5697695
2.152832
1.5514445
0.78561032
0.56436188
0.56375373
0.78702469
0.78747253
0.56601179
0.78536478
0.65171299
0.46503148
0.65183365
0.46465874
0.80267026
1.0662815
1.0668016
0.80217039
0.65232836
0.46391126
0.46478256
0.6519018
0.64432003
0.76050367
0.64452862
0.76035134
0.60498893
0.48945078
0.49047139
0.60403052
0.64397928
0.75854082
0.76016251
0.64296333
0.70907482
0.71016064
0.85669915
0.85666168
1.6740074
0.8614508
1.6730377
2.8092477
2.8082318
0.86146254
1.6716937
1.6726446
2.8062973
2.8078113
1.1858263
1.5501302
1.1934841
1.5690064
2.1661467
2.9709752
1.1965617
1.1868129
0.69509219
0.69909605
0.7871258
0.5624871
0.7891319
0.79595387
1.2988397
1.2973856
0.79306673
0.6993385
0.6961275
0.78917592
0.5633026
0.78750069
0.80189451
1.0669551
0.80253157
1.0663656
0.65161094
0.46516039
0.65217548
0.46481284
0.80262577
1.0667432
1.066995
0.80243708
0.65220391
0.4641334
0.46494056
0.65204836
0.60608063
0.49153432
0.60637305
0.49103153
0.64492346
0.76097909
0.64521054
0.76076107
0.60600751
0.49013334
0.49114037
0.60512875
0.64478635
0.75969311
0.76058663
0.64385914
1.3137505
0.96213906
1.3136999
0.96215169
0.71098345
0.71078872
1.2263703
1.2262866
1.3137743
0.96225498
0.96218267
1.3138369
0.70984052
0.71063431
0.98955284
0.94429417
0.98956758
0.94429622
0.98404823
0.94244948
0.94251114
0.98399669
0.98956317
0.94432784
0.94431356
0.9895489
1.0093663
1.0092861
0.86227306
0.86229853
2.8289272
2.8306047
0.86807761
1.6943433
1.6926766
2.8337291
2.8312802
1.884635
2.6775828
1.5749723
2.1403582
0.78594847
0.5675247
0.56760077
0.78750467
0.78909067
0.56555307
0.5703555
0.78519648
0.65258917
0.46393944
0.65250116
0.4631911
0.8044101
1.0663993
1.0679568
0.80221228
0.65379128
0.4614966
0.46338171
0.65154554
0.64156861
0.75813801
0.64260979
0.75710545
0.60267918
0.48741921
0.4884683
0.60212713
0.64140423
0.75636763
0.75724268
0.64066038
0.70636014
0.70749742
0.85657011
0.85658764
1.6714334
0.86196345
1.671004
2.806081
2.8052383
0.8621136
1.6714302
1.6709295
2.8056515
2.8051042
1.1898997
1.5533596
1.1997087
2.1451516
2.9520737
1.1954988
1.5755436
1.1882604
0.69628236
0.70016947
0.78771068
0.56537139
0.56504188
0.78948491
0.79753407
1.2971443
1.2988624
0.78943875
0.70050188
0.69257191
0.79126332
0.78719548
0.80305347
1.067333
0.80317041
1.0671245
0.65257447
0.46416386
0.65264428
0.46296122
0.80445991
1.0665696
1.0682455
0.80208836
0.65372483
0.4609233
0.46314471
0.65131448
0.60370929
0.4900553
0.60487226
0.488206
0.64239678
0.75933961
0.64352635
0.75828269
0.60356747
0.48653176
0.48864998
0.60235345
0.64219209
0.75692887
0.75800818
0.64101534
1.3138439
0.96228659
1.3138596
0.9622313
0.70951189
0.70846
1.3138177
0.96181402
0.96217752
1.3138685
0.70693701
0.70815048
0.98949379
0.94434581
0.98955626
0.94434327
0.98379733
0.94164219
0.94214633
0.98351541
0.98947137
0.94433643
0.94435027
0.98931121
1.0097827
1.0095827
0.86252829
0.86267345
2.8343232
2.8365665
0.86931748
1.6986515
1.6970764
2.8389384
2.8372654
2.1290205
2.9152257
1.5520652
1.5544804
2.1611514
0.78775549
0.56556338
0.5675575
0.78409494
0.81678361
0.58671152
0.57131411
0.77677718
0.65116716
0.46062528
0.65105128
0.45781194
0.8035893
1.0749558
1.0729845
0.81083814
0.65107983
0.48228091
0.4576154
0.66108105
0.6354162
0.75563845
0.63987259
0.75162136
0.59557972
0.51288163
0.48159856
0.61550415
0.63445565
0.76405802
0.75061722
0.65071754
0.71194618
0.69945284
0.85579737
0.85425682
1.6717836
0.86309203
1.6716732
2.8062719
2.8046024
0.86250751
1.5934742
1.6675739
2.6361248
2.7967052
1.1834061
1.5513064
1.1847527
2.1740419
2.9754141
1.1842702
1.5562688
1.1802018
1.5469103
0.69190717
0.6935241
0.78990406
0.56247877
0.5645277
0.78617079
0.78799897
1.2978321
1.2942755
0.81294604
0.69130585
0.71115967
0.81840623
0.77893801
0.80300273
1.067282
0.80194544
1.0701795
0.65102599
0.46008082
0.65085445
0.45743567
0.80351509
1.0754262
1.0731898
0.81107506
0.65090193
0.48218882
0.45725068
0.6611917
0.59660724
0.48574667
0.60150943
0.48177663
0.63574277
0.75622575
0.64021197
0.75226216
0.59563204
0.51307268
0.48146187
0.61521424
0.63478307
0.76478194
0.75127737
0.65072995
1.3124568
0.96165618
1.3139042
0.96100802
0.70618994
0.70169784
1.2192185
1.2696555
1.3104209
0.95712726
0.96073112
1.3172028
0.7126378
0.70009832
0.98925604
0.94436689
0.9892876
0.94448193
0.98331827
0.93898886
0.9411412
0.98010089
0.98918954
0.93763121
0.94436806
0.98568739
1.0070251
1.010167
0.86195412
0.86052624
2.8393165
2.8382366
0.86999835
1.6223568
1.695467
2.6701977
2.8307825
2.7623651
2.9008907
2.0849175
2.6501646
0.92514258
0.94917932
0.95133875
0.9220897
0.85550277
0.86530715
2.6856047
2.6643134
1.9027276
2.8659581
0.92674227
0.95416708
0.92688154
0.95406715
0.85893855
0.86806826
2.6163513
2.6417674
1.7287798
2.7249958
0.9260157
0.95353819
0.92607441
0.95349218
0.85835455
0.86683248
2.8408851
2.9446207
2.1131007
2.6691881
0.92570822
0.95324853
0.92573205
0.95323176
0.85826369
0.86647385
2.6846229
2.6337254
1.8269997
2.653387
0.92561821
0.95316139
0.92562119
0.95316369
0.85843313
0.86651256
2.9669065
2.8570227
2.1605787
2.8534245
0.9256112
0.95316123
0.92561348
0.95315904
0.85874396
0.86673543
2.9668508
2.8551993
2.1645404
2.8523303
0.9256423
0.95316291
0.92563355
0.95317138
0.85919162
0.86707568
2.9628179
2.8500232
2.1631816
2.8516483
0.92579795
0.95327969
0.92577097
0.95330532
0.85983866
0.86761744
2.8565048
2.9662786
2.1678934
2.8665791
0.92613648
0.95352748
0.92608028
0.95356932
0.8606888
0.868544
2.9026623
2.7864364
2.1178977
2.8045494
0.92690111
0.9539815
0.92677694
0.95401942
0.86179237
0.87036217
2.8959143
2.7600252
2.072782
2.6521957
2.6651062
2.6579956
1.8658716
2.8552762
0.96098092
0.98693181
0.98653099
0.96471767
0.96826058
0.98983356
0.99001989
0.96830765
0.92278968
0.94690132
0.94907691
0.91971731
1.1833521
0.85117849
0.92486189
0.95204711
0.95210289
0.92472027
0.85829658
1.1918015
0.85296472
0.86257078
0.86588828
0.85647901
2.6609656
2.6546138
1.8727938
2.8554102
0.9630293
0.98902442
0.98861295
0.9667665
0.97026603
0.99186686
0.99206745
0.97029753
1.1858813
0.85388947
0.92718273
0.95425987
0.92702869
0.95432997
0.86145326
1.1943093
0.86882527
0.85901829
2.6788461
2.6619266
1.8866047
2.8646425
2.8704581
2.7630193
2.0993624
2.8499483
0.96827156
0.9896178
0.96829823
0.98940697
0.96816804
0.98847262
0.98858768
0.96815475
0.92445448
0.95196425
0.92457978
0.9518794
1.194579
0.8587274
0.92397098
0.9514647
0.95151695
0.92390235
0.85788228
1.1909121
0.85635767
0.8653124
0.8640828
0.85533108
2.8838345
2.7763808
2.1122474
2.8620444
0.9702294
0.99163597
0.99141014
0.9702726
0.97006352
0.99041204
0.99053364
0.97004459
1.1942062
0.86127053
0.92621229
0.9535902
0.9261376
0.95364965
0.8611331
1.1934337
0.86718941
0.85839879
2.6089002
2.6368068
1.7074473
2.7320986
2.7113925
2.757009
1.8497932
2.8473447
0.96814901
0.98836989
0.96815081
0.98828327
0.96810444
0.98786251
0.98792465
0.96807987
0.92377908
0.95141219
0.92383639
0.95136704
1.1936863
0.85830004
0.9235224
0.95110984
0.95114926
0.92348023
0.85758048
1.1902549
0.85524716
0.86382005
0.86309191
0.85450619
2.6462135
2.6470533
1.7992271
2.8273013
0.97004514
0.99030615
0.9902213
0.97004013
0.9700264
0.98983906
0.98989046
0.97001326
1.1933475
0.86098934
0.92579271
0.95327364
0.92575887
0.95330443
0.86109606
1.1929989
0.86658653
0.85825927
2.9154111
2.8051323
2.0955052
2.6588957
2.7686473
2.8321133
1.9863369
2.8061039
0.96807845
0.98781158
0.96806974
0.98778076
0.96810437
0.98765319
0.98767345
0.96809603
0.92340742
0.95107248
0.92343934
0.95104738
1.190203
0.85748478
0.92329144
0.95094481
0.95095749
0.9232784
0.85723138
1.1899247
0.85442117
0.86283744
0.8624504
0.85390839
2.8358175
2.7696221
1.9935004
2.8088024
0.97002979
0.98979709
0.9897751
0.97001278
0.97007522
0.98967594
0.98969366
0.97006789
1.1929608
0.86103088
0.92563483
0.95316609
0.92562541
0.95317628
0.86122854
1.1928606
0.86651408
0.85840737
2.669008
2.624807
1.8071189
2.6519069
2.673951
2.6525808
1.90067
2.6512699
0.96812051
0.98764076
0.96809949
0.98764402
0.9681847
0.98765119
0.98765575
0.96818569
0.92326074
0.95093389
0.92326611
0.95093307
1.1899026
0.85724028
0.92323951
0.95092635
0.95092957
0.92323639
0.85699189
1.1897399
0.85384725
0.86231948
0.86202582
0.8534348
2.6792678
2.6547481
1.8983812
2.653404
0.97010044
0.98966744
0.98967439
0.97007704
0.9701627
0.98968094
0.98968825
0.97015437
1.1928449
0.86118639
0.92561656
0.95316608
0.92561439
0.95317055
0.86140491
1.1928594
0.86668346
0.85869996
2.8520691
2.960521
2.1546036
2.8493097
2.6704626
2.6542224
1.8766432
2.6511971
0.96818029
0.98764437
0.96818183
0.98764378
0.96812011
0.98760151
0.98761063
0.96809863
0.92322488
0.95091862
0.9232293
0.95091476
1.1897273
0.85698908
0.92318924
0.95086567
0.95087367
0.92318448
0.85667312
1.1895829
0.85337917
0.86192322
0.86163102
0.85294372
2.6572358
2.6766319
1.8876695
2.6543721
0.97014467
0.98967296
0.98967286
0.97014715
0.97011359
0.9896767
0.98967426
0.97010283
1.1928539
0.86136094
0.9256196
0.95315871
0.925625
0.95315648
0.86155799
1.1929229
0.86697421
0.85912796
2.8552516
2.9622203
2.1527366
2.8500748
2.671921
2.655631
1.8801145
2.6554775
0.96806277
0.98759313
0.9680784
0.98759341
0.96794627
0.98761575
0.98760504
0.96791827
0.92317275
0.95085452
0.92317662
0.95084875
1.1895743
0.85663121
0.92316293
0.9508266
0.95082461
0.92316954
0.85628214
1.1895154
0.8528812
0.86153228
0.86129704
0.85242387
2.6553118
2.6719647
1.8804476
2.6568846
0.970097
0.98968166
0.98969703
0.97009691
0.97008942
0.98983567
0.98980583
0.97008377
1.1929293
0.86151195
0.92572252
0.9532586
0.92574479
0.95323993
0.86171817
1.1931171
0.86742507
0.85974869
2.9588906
2.8481893
2.1585865
2.8496023
2.6548008
2.6505367
1.8507192
2.6579877
0.96788541
0.98763175
0.9678966
0.98766239
0.96783338
0.98798588
0.98791213
0.9678202
0.92318985
0.95082791
0.92317594
0.95083793
1.1895317
0.85624377
0.92331844
0.95096637
0.95093515
0.92336132
0.85606636
1.1898333
0.85236731
0.86127763
0.86135298
0.85212052
2.6555426
2.6497351
1.8577949
2.6604064
0.97009011
0.9898703
0.98991852
0.97008346
0.97008897
0.9902985
0.99022174
0.9700782
1.1931461
0.86168491
0.92598142
0.95349114
0.92602786
0.95345705
0.86180765
1.1935368
0.86812746
0.86056678
2.960979
2.8554062
2.1616932
2.8648364
2.797612
2.6985179
2.041238
2.6419466
0.96780784
0.98806897
0.96780925
0.98817208
0.96783018
0.98910937
0.98891097
0.96784566
0.92346256
0.95099754
0.92340673
0.95103823
1.1927462
0.85655194
0.92386209
0.95139054
0.95131917
0.9239747
0.85614248
1.1904692
0.85214472
0.86172783
0.86233084
0.85241978
2.8045737
2.7023728
2.0542309
2.6444831
0.97006595
0.99038316
0.99048722
0.97006837
0.97007965
0.99141831
0.99122297
0.97009138
1.1936142
0.86189565
0.92654418
0.95392177
0.92665504
0.95385327
0.86228998
1.1943927
0.8696335
0.86167356
2.8985136
2.7849979
2.117545
2.802075
2.9050861
2.7788905
2.0768715
2.6557971
0.96776611
0.98930152
0.96783653
0.98946855
0.96035035
0.98623342
0.98585877
0.96405097
0.92422089
0.95144979
0.92409384
0.95149032
1.1905502
0.85618229
0.92206201
0.94616521
0.94836092
0.91897656
0.84858264
1.1820952
0.85250668
0.86297972
0.85946156
0.84876798
2.9103418
2.7807016
2.0885416
2.6535826
0.97000031
0.9916071
0.99177164
0.97007754
0.96255621
0.98853445
0.98814877
0.96625812
1.1944756
0.86229096
0.92474867
0.94870894
0.95088728
0.92168409
0.85489017
1.1860603
0.86696814
0.85850353
1.0530496
0.8029976
1.0676037
1.2491326
1.250311
1.0688145
0.8012643
1.0544135
0.56038655
0.59951604
0.49923962
0.55280146
0.52258493
0.4870209
0.60817154
0.58572283
0.38102957
0.70538971
0.77595896
0.78609747
0.70114937
0.40501864
2.292856
2.1907385
2.6565393
2.6651468
1.8008199
2.8830029
2.1376736
1.0256235
0.78932438
1.024273
1.2887748
1.2651202
1.2548362
1.2621871
1.2945848
1.2602408
0.79042539
1.0365708
1.0207017
0.97408555
0.98235434
0.9740675
0.94041579
0.9513938
0.95368005
0.95350857
0.94052897
0.95356171
0.98208392
0.97174699
0.97411986
1.0084753
0.83915137
0.8245974
0.8343423
1.008975
0.83507739
1.3458496
1.0189442
0.90952479
0.9115979
1.019371
0.87374766
0.94821092
0.95118931
0.86973594
0.9264884
0.95379847
0.95279198
0.92723514
0.9529664
1.647119
0.86697206
0.85887751
1.6706909
0.97851811
0.80148406
1.0506558
1.2472072
1.0651589
0.80192464
1.0516407
1.2460199
1.0646754
0.6031345
0.56722843
0.52629806
0.48721046
0.60237715
0.56493678
0.52879681
0.48805637
0.30337544
0.78484054
0.70721867
0.3082695
0.78570319
0.70778228
2.2677434
2.1681993
2.6744213
2.6683163
1.8599876
2.8500988
2.2754005
0.7918525
1.0279674
1.0261713
1.2645947
1.2978412
1.2613203
0.79205478
1.0300846
1.026143
1.2621208
1.299026
1.2616478
0.98258725
0.97418044
0.97410606
0.95338019
0.94076383
0.95347417
0.98254867
0.97395852
0.9740457
0.95364587
0.94084649
0.95357507
1.3538466
1.354375
0.83520311
1.0088827
1.3540939
0.83525632
0.83527079
1.0087829
0.8352846
1.0183557
1.3107009
0.91144332
1.0184917
0.91135214
0.87591032
0.9511873
0.87603426
0.95102821
0.92660871
0.9538739
0.95396572
0.92649103
0.97689561
1.686222
0.86787445
0.85872648
1.6860129
0.97634728
0.80145884
1.0505479
1.2455217
1.0641245
0.80127925
1.0505753
1.2454827
1.0642917
0.60205162
0.56561627
0.52882959
0.48799998
0.60246164
0.56672985
0.52758056
0.48784317
0.30811751
0.78564972
0.70786256
0.30533002
0.78523862
0.70759431
2.2588011
2.8553962
2.7379229
2.1039772
2.8410981
2.1880541
0.79202641
1.0283943
1.0255396
1.2598627
1.2960327
1.258625
0.78892387
1.0252082
1.0231254
1.2623321
1.2951182
1.2599602
1.2249032
0.98316491
0.97487092
0.97481048
0.95411719
0.94139262
0.95421178
0.98310822
0.97465171
0.97475004
0.95437219
0.94149507
0.95431066
1.3529818
0.83527393
1.0084526
1.3530287
0.83528918
0.83528089
1.0084558
0.83529853
1.0177464
1.3094268
1.3094963
0.91103942
1.0177885
0.91102012
0.87525769
0.95022604
0.87531229
0.95014967
0.92595754
0.95340687
0.95344614
0.92590895
0.97591858
1.6859888
0.86679365
0.85833851
1.685992
0.9759285
0.79963279
1.04719
1.2441271
1.0642747
0.80095628
1.0493534
1.2423965
1.0634631
0.60344981
0.56758501
0.52813049
0.48834495
0.60291375
0.56581442
0.52990207
0.48885369
0.30221385
0.78528203
0.70831008
0.30757865
0.78534148
0.70870809
2.6510554
2.647031
1.7635862
2.6660656
2.1595624
0.78856715
1.0214635
1.0227217
1.2605923
1.2920796
1.2589155
0.79174882
1.0262665
1.0250491
1.2570651
1.2940927
1.2578783
1.2250916
1.2247623
0.98341804
0.97513393
0.97515851
0.95473442
0.94205915
0.95476176
0.98345423
0.97517392
0.97519651
0.95474876
0.94209741
0.95476733
0.83531139
1.0084849
1.3529208
0.83533103
0.83535146
1.0085113
0.83535243
1.0175534
1.3091286
1.309137
0.91100923
1.0175664
0.91101427
0.8749656
0.94974656
0.87498928
0.94971452
0.92568441
0.95320545
0.9532165
0.92566798
0.97600501
1.6860031
0.8665033
0.85837014
1.6859762
0.97618169
0.80129998
1.0504454
1.2433894
1.0635214
0.80118561
1.0488871
1.2456364
1.064431
0.60340518
0.56800329
0.52923965
0.48941615
0.60313111
0.56711171
0.53035294
0.48931979
0.30927935
0.78558036
0.70786061
0.30934136
0.78556788
0.70775484
2.1533249
2.6482016
2.6605664
1.8542424
2.7787756
2.1621658
0.79044717
1.0274867
1.0243817
1.260285
1.2949242
1.258673
0.79041388
1.0257478
1.0238064
1.2618645
1.2966429
1.2595748
1.2253378
0.98349847
0.97507818
0.97515176
0.95493007
0.94241526
0.95487326
0.98355109
0.97527514
0.97524295
0.95469317
0.94235919
0.95479359
1.3531086
0.83566346
1.0088537
1.3531718
0.83572322
0.83579977
1.0089142
0.83577782
1.0175372
1.3090734
1.3090646
0.91114183
1.0175344
0.91115745
0.87487751
0.94955821
0.87488074
0.94955409
0.92561316
0.9531657
0.95316432
0.92561267
0.97642896
1.686074
0.86657238
0.85859488
1.686074
0.97666102
0.80222295
1.0490286
1.2447227
1.0671176
0.80295032
1.0497501
1.2441382
1.0664442
0.60527797
0.56943425
0.53155966
0.49151079
0.60534346
0.56967066
0.53093993
0.4913015
0.30082365
0.78609567
0.70913537
0.30277276
0.78643523
0.70931423
2.1684891
2.2668768
2.6749446
2.6567633
1.8870321
2.6545384
2.2598783
0.79227263
1.0254225
1.0258924
1.2638999
1.2988858
1.2639194
0.79687532
1.0298437
1.0299478
1.2604747
1.2981833
1.2609222
1.225835
0.98364378
0.9752541
0.97520815
0.95464424
0.94223661
0.95469546
0.98360594
0.97510813
0.97517528
0.95478736
0.94227382
0.95475147
1.3534438
1.3534003
0.83600868
1.0091668
1.3534273
0.83605713
0.83610699
1.0091922
0.83609906
1.0175189
0.91120659
1.0175173
1.3090726
0.9112035
0.87487856
0.94952765
0.8748785
0.94953335
0.92560566
0.95314955
0.95315344
0.92560503
0.97700231
1.6865046
0.86680942
0.85895444
1.6866066
0.9773048
0.80227103
1.0487548
1.2446941
1.0672785
0.8030927
1.0496632
1.2439414
1.0665659
0.60509395
0.56879995
0.5309424
0.49126131
0.60554476
0.56890439
0.53065604
0.49097522
0.29861897
0.78668101
0.70994874
0.29991853
0.78665051
0.70996853
2.1689677
2.2593719
2.6748045
2.6569394
1.8848048
2.65585
0.79087577
1.0240845
1.0243328
1.2622531
1.2968939
1.2622735
0.79551287
1.0282985
1.0283791
1.2590879
1.2962389
1.2593142
0.98396489
0.97562534
0.97559522
0.95503389
0.94247818
0.95508305
0.98394427
0.97551528
0.97557524
0.95515205
0.94250421
0.95512974
1.3535121
0.83619701
1.0091955
1.3535041
0.83622453
0.83623976
1.0092009
0.83624781
1.0175689
0.91118284
1.0175528
1.3091136
1.3091233
0.91118164
0.87492166
0.9495875
0.87491218
0.94960901
0.92564898
0.95318798
0.95317806
0.92566185
0.977762
1.6879427
0.86716884
0.85946648
1.6881651
0.97812604
0.80157672
1.0488946
1.2441404
1.0663269
0.80211454
1.048968
1.2441314
1.065739
0.60514897
0.56866117
0.53053034
0.49068031
0.60525877
0.56879387
0.53037125
0.49048056
0.29572412
0.78674758
0.7104812
0.29534642
0.7867073
0.71043283
2.2574377
2.2603334
2.6615903
2.6522262
1.8732608
2.6601625
0.79071223
1.0249285
1.0243077
1.2620891
1.296955
1.2621801
0.79515475
1.028199
1.0281698
1.2598679
1.2963737
1.2593551
0.98407524
0.97570223
0.97572992
0.9552619
0.94254672
0.95526299
0.98409805
0.97575075
0.97576392
0.95521899
0.94253669
0.95525522
0.8362611
1.0092209
0.83627268
1.3536191
0.83625351
1.0092447
0.83627952
1.0177652
0.91123006
1.0177287
1.3093105
0.91124155
0.8750687
0.94980073
0.87504404
0.94984629
0.92582344
0.95335582
0.95332886
0.92585595
0.97873566
1.6911335
0.86774559
0.86018859
1.6915811
0.97917631
0.80204509
1.0501451
1.2451795
1.0662677
0.80255476
1.0500203
1.2454306
1.0657683
0.6030037
0.56665703
0.52940826
0.48908591
0.60338835
0.56754357
0.52856771
0.48858553
0.30667192
0.78626265
0.70834948
0.30201774
0.78584714
0.70799419
2.1636516
2.264613
2.6584291
2.6587438
1.8570361
2.6530683
2.2788669
0.79200122
1.0277004
1.0260477
1.2646607
1.2990834
1.2641161
0.79654232
1.0306718
1.0299259
1.2630295
1.2987033
1.2613697
0.98391086
0.97542805
0.97550366
0.95509599
0.94237528
0.95506371
0.98396134
0.97559353
0.97557444
0.95492642
0.9423235
0.95501644
1.3539501
0.83620441
1.0094399
0.83620065
1.3540549
0.83613161
1.0094891
0.83618693
1.0181959
0.91139398
1.0181256
0.91142066
0.87537315
0.95026335
0.87532306
0.95035069
0.92619525
0.95365966
0.95361102
0.92626604
0.97996444
1.6953861
0.86875011
0.86115286
1.6959055
0.98063393
0.80202224
1.0512451
1.2458652
1.067297
0.80184345
1.0499094
1.2478729
1.0678654
0.59836123
0.56014397
0.52694242
0.48539722
0.60006527
0.56511151
0.52219557
0.48331275
0.34593916
0.78395589
0.70447158
0.30995819
0.7833601
0.70294171
2.2389825
2.2062775
2.6232944
2.6447387
1.7382693
2.8194085
2.222067
0.78695881
1.0241393
1.0226408
1.2602269
1.2952598
1.2606166
0.78984984
1.0250581
1.0250102
1.2603888
1.295942
1.2592657
0.98337741
0.97482492
0.97481427
0.95424231
0.9412928
0.95415603
0.98340156
0.97487552
0.97483333
0.9541443
0.94119108
0.95414126
1.3557875
1.3553267
0.8356281
1.0100281
1.3556175
0.83545714
0.83504689
1.0101963
0.83521408
1.0192092
1.3120489
0.91179604
1.0189861
0.91191137
0.87606365
0.95118167
0.87593924
0.95138359
0.92701001
0.95382449
0.95399012
0.9270389
0.98201715
1.6996891
0.8705151
0.86194901
1.7000106
0.98333759
2.1905957
2.6631796
2.6546531
1.7887643
2.877537
2.1389735
1.8589309
1.5550128
1.5632177
1.8432735
2.6755995
2.6662214
1.8812557
2.8700069
2.1694854
2.2636391
1.8723317
1.5752831
1.5755077
1.8726334
0.75887828
0.7901513
0.56711807
0.78886887
0.56794444
0.78707635
0.55054386
0.65137603
0.47089859
0.48370754
0.4769536
0.46162767
0.65261005
0.56066757
1.0519388
0.80183487
1.0660277
1.2474796
1.2485207
1.0671608
0.8016175
1.0516739
0.5509521
0.65109469
0.459586
0.47900958
0.47752972
0.45894246
0.65118393
0.55223492
0.68246412
0.63802484
0.75945191
0.71925602
0.70716036
0.75350067
0.64536013
0.69717819
0.56054542
0.59794989
0.4841312
0.52545421
0.52250022
0.48327552
0.59868784
0.56366067
0.68282254
0.63696346
0.75459034
0.71046114
0.70755285
0.75351395
0.63796407
0.68574761
0.34627217
0.70466565
0.78436268
0.78420651
0.70340407
0.31112246
1.3526092
1.3532568
1.3449344
1.0096885
0.98781635
0.98891583
1.0083683
1.3544556
1.3539099
1.3542441
1.0115253
0.99023338
0.99027219
1.0114093
1.0175243
1.3100431
1.3088553
0.90844125
0.91052093
1.0179456
1.2459565
1.3089869
1.3012191
1.2494081
0.9640179
0.98937549
0.96596453
0.9881347
1.017961
1.3109555
0.9107869
0.91094961
1.0176995
0.9679845
0.98996023
0.96741251
0.99008836
1.2564756
1.3102161
1.3105802
1.2564804
0.8712389
0.9456657
0.94866245
0.86720834
0.92414147
0.95154582
0.95053271
0.92489264
1.2802569
0.81690548
0.80733893
0.85415825
1.192354
1.2824811
0.9249878
0.95195026
0.95209314
0.92503231
0.87384411
0.94889528
0.94910929
0.87370392
0.85846591
1.1940143
1.2822691
0.81567069
0.81563975
1.2833726
0.95041862
1.64857
0.86410088
0.85641722
1.6719371
0.97588601
2.7470536
2.7950592
0.86612579
0.85667969
0.97444116
1.6872384
0.97577095
1.6876627
2.8251278
2.8253671
1.8595065
1.5548507
1.1811692
1.5629333
1.186502
1.8437501
2.2932381
2.6873417
2.6700415
1.8831089
2.8769183
2.1686721
2.2627967
1.8710522
1.5761924
1.1985404
1.5745635
1.1982043
1.8747107
1.2818456
0.6929739
1.2829352
0.57123628
0.56935175
0.69211337
1.2903202
1.2844516
0.59024149
0.76101484
0.79244135
1.0274122
0.78975278
1.0253795
1.2993883
1.2643468
1.2618532
1.2631199
1.2997267
1.2621166
0.79036722
1.0295013
1.0255559
1.2822238
0.69180347
1.2808597
0.56594601
0.56438607
0.56813515
0.69255558
1.2819593
1.2808265
0.79090232
0.56533127
0.78910801
1.0532057
0.80297758
1.0678881
1.2497628
1.2507611
1.0690338
0.80133975
1.0547723
0.55038502
0.65133614
0.47064743
0.48359797
0.47672932
0.46129024
0.65265991
0.56067176
1.0521434
0.80191783
1.0664143
1.2479972
1.2490158
1.0675405
0.80171296
1.0519021
0.55081842
0.65112473
0.45921869
0.47876085
0.47731905
0.45859212
0.65122525
0.55210025
0.56026026
0.59959575
0.49908272
0.55279418
0.52225325
0.48674444
0.6083706
0.58591462
0.68247068
0.63809021
0.75969615
0.71953626
0.70722679
0.75364653
0.64553045
0.69741731
0.56032423
0.59778299
0.48366556
0.52484537
0.52208334
0.4828063
0.59880479
0.56311906
0.68274662
0.63677246
0.75446738
0.71015731
0.70754513
0.75343528
0.63775233
0.68511482
0.91844484
1.3088242
0.91848261
0.95909458
0.9530314
0.9532158
0.95295485
0.96005436
0.95312097
1.3057428
0.92353139
0.91892976
0.38426856
0.70561968
0.77610776
0.78617795
0.70127326
0.40460651
1.2257946
0.91963819
1.3131927
0.92014749
0.96090603
0.95268046
0.95291761
0.95309032
0.9608101
0.9530431
1.3135144
0.92037102
0.92051912
0.34943561
0.70454659
0.78423816
0.78421936
0.70331999
0.31423643
0.97900004
0.98816598
0.97854712
0.9411337
0.98313506
0.98602707
0.98795081
0.94318299
0.98742851
0.98761989
0.97436654
0.97741958
0.97401923
0.98253141
0.97396788
0.94057074
0.95332855
0.9533104
0.95340558
0.94055655
0.95335716
0.98250835
0.97392897
0.97393856
0.9790811
0.9884816
0.97904227
0.94367217
0.98762466
0.98775181
0.98799767
0.94380103
0.98790299
0.98843335
0.97889336
0.97897954
1.009471
0.9876091
0.98867022
1.0081547
1.3552855
1.0093821
0.83514198
0.83505253
0.83482512
1.0096143
0.83489792
1.3550593
1.0112482
0.98998012
0.98996943
1.0111867
1.2476357
1.310468
1.3027222
1.251079
0.96606763
0.99145105
0.99021727
0.96800507
1.0193469
1.3124368
0.91181843
0.91198842
1.019076
0.97000442
0.99203005
0.96944496
0.99214829
1.2581214
1.3116617
1.3120389
1.2581132
1.2826077
0.8196845
0.81015496
0.85722377
1.1949883
1.2848546
0.92731978
0.95419792
0.92737192
0.95433212
0.8763209
0.95137384
0.87616938
0.95159276
0.86162755
1.1966575
1.2846058
0.8184034
0.81837675
1.2857393
2.7442848
2.7930745
0.86906188
0.85908528
0.97717968
1.6869869
0.97840081
1.6870925
2.824165
2.8240353
2.6710894
2.6664346
1.8518068
2.8470458
2.2751756
1.8740359
1.5711915
1.8661041
1.5761217
2.6107417
2.6337538
1.7195126
2.7804544
2.198192
2.2742498
1.8770385
1.5606131
1.5743727
1.8474185
0.78972715
0.79021379
0.78807249
0.78986131
0.65132057
0.55208085
0.47933521
0.46167733
0.65172926
0.55259304
0.47901349
0.46224102
1.0503438
0.80172506
1.0654219
1.2461302
1.24558
1.0647433
0.8024988
1.0512477
0.5520328
0.65141457
0.46378451
0.47954719
0.4789699
0.46337428
0.65203724
0.55279301
0.64179952
0.68864277
0.71135834
0.75717627
0.64109152
0.68670974
0.71329271
0.75779759
0.56722513
0.60366187
0.48978398
0.52963241
0.52908532
0.48882951
0.60421404
0.56771031
0.68889181
0.64270245
0.75868272
0.71359698
0.71360417
0.75867164
0.64279054
0.68883735
0.30272562
0.70857873
0.78579052
0.78581457
0.70858858
0.30429862
1.3531171
1.3536065
1.3533457
1.0106956
0.99013137
1.0109697
0.99005273
1.3526575
1.3525564
1.0103105
0.98988578
0.98992673
1.0102437
1.0170285
1.3090635
1.3092869
0.9104666
1.0171522
0.91039637
1.2562929
1.3098605
1.256402
1.3095451
0.96824337
0.98902559
0.96821674
0.98920807
1.016894
1.3088632
0.91103139
0.9110023
1.016854
1.3085541
0.9681839
0.98886013
0.96819719
0.98871739
1.2557937
1.3084221
1.2557132
0.87346066
0.94871026
0.87357285
0.94855583
0.92433426
0.95171417
0.95179204
0.92422647
1.2824089
0.81570219
0.81571387
0.8586544
1.19437
1.2816236
0.92404248
0.95163724
0.95157175
0.92412564
0.87302859
0.94787299
0.94797391
0.87296428
0.85836674
1.1942663
1.2804719
0.81541584
0.81549559
1.2814233
0.97408995
1.6852148
0.86506398
0.85591343
1.684609
0.97331598
2.8227263
2.8222245
0.86438903
0.85576263
0.97253271
1.6824293
0.97308878
1.6828916
2.8191261
2.819792
1.8748061
1.5701999
1.1948852
1.8659001
1.5756066
1.1982085
2.2088278
2.615207
2.6360134
1.7309699
2.784576
2.2063016
2.2889504
1.8779422
1.5607328
1.19096
1.5744434
1.1943767
1.8482411
0.69476082
1.2811102
1.2806424
0.56281299
0.69485522
1.2821694
1.2809647
0.79209385
0.56183218
0.79268586
1.0266094
0.78996482
1.0239452
1.2973903
1.2625268
1.2616946
1.2612719
1.2959508
1.2591036
0.79338188
1.0286522
1.0270915
1.2807002
0.69399207
1.280014
0.56227427
0.56141521
0.69735034
1.2814768
1.2809529
0.56141747
0.79097664
0.55999614
0.79238023
0.80117929
1.0505064
1.2476577
1.0653199
0.8017473
1.0517871
1.2462286
1.0647707
0.65096949
0.55153303
0.4790074
0.46082066
0.65150629
0.55237041
0.47836092
0.46102202
1.0501745
0.80117284
1.0652272
1.2459247
1.2457859
1.064776
0.80168246
1.0505604
0.55140769
0.6507764
0.46246464
0.47836804
0.47823665
0.4619335
0.6511554
0.55167013
0.60168095
0.56576691
0.52573728
0.48596092
0.60107524
0.56403437
0.52732966
0.48646833
0.64068734
0.68811179
0.71097147
0.75693275
0.64005829
0.68591689
0.71297024
0.7575528
0.5660973
0.60338277
0.48857384
0.52861293
0.52766141
0.48764012
0.60365369
0.56714253
0.68855183
0.64227396
0.75878996
0.71389325
0.71338066
0.75865555
0.6424901
0.68907799
1.3130539
0.92031325
0.92038551
0.95246906
0.96095778
0.95224954
1.3131845
0.92042661
0.92048521
0.95184615
0.96094283
0.95205807
0.30534122
0.7846781
0.70701475
0.31120497
0.78542669
0.70757498
1.2251771
0.92043346
1.3128255
0.92047799
0.96089737
0.95142389
0.95149953
0.95171362
0.9608975
0.95160671
1.312779
0.92053629
0.92061166
0.30413557
0.70863025
0.78558025
0.78552488
0.70852515
0.30335564
0.98834624
0.9787923
0.97880781
0.9875418
0.94343201
0.98747365
0.988352
0.97885474
0.97883629
0.98738138
0.94339876
0.98743883
0.97428666
0.98280179
0.97438944
0.94115966
0.95404629
0.95395909
0.95375556
0.94108624
0.95386975
0.98289699
0.97458429
0.97450697
0.97881116
0.98844073
0.97883259
0.94335394
0.9873387
0.98734817
0.98736876
0.9433574
0.98736841
0.98850128
0.97887822
0.97887129
1.010399
0.98976688
1.010588
0.98968481
1.3533382
1.0085289
0.83528213
0.83529005
0.83528315
1.0085808
0.83530041
1.3532341
1.009964
0.9894704
0.9895043
1.0098627
1.2579015
1.3112965
1.3109695
1.2580237
0.97018496
0.99099808
0.99119619
0.97014078
1.0180429
1.3102553
0.91111902
0.91115829
1.0179628
0.97008625
0.99082175
0.9701091
0.99066997
1.2573511
1.3097937
1.3099192
1.2572689
1.2842633
0.81842337
0.8184321
0.86129889
1.1967877
1.2839284
0.92629182
0.95378671
0.92638297
0.95371232
0.87543947
0.95031048
0.87536988
0.95040831
0.86160901
1.1968798
1.2827819
0.81812995
0.818203
1.2837338
2.8235032
2.8231747
0.86746768
0.85865655
0.97595107
1.6859351
0.97622359
1.6858957
2.823589
2.8235201
2.1872226
2.8495985
2.7489842
2.0758224
2.8465771
1.8427852
1.5755949
1.8786857
1.5571202
2.646153
2.6375149
1.8636389
2.7989277
2.1818465
2.2704585
1.8764402
1.5555384
1.5727915
1.8438743
0.79051072
0.78972438
0.56259987
0.78878757
0.79004904
0.65100622
0.55176101
0.47923355
0.46300053
0.65094751
0.55232449
0.47865911
0.46270319
1.0501805
0.80077369
1.0648445
1.2447175
1.2453012
1.0643624
0.80111473
1.0497427
0.55122401
0.65003208
0.46235489
0.47796489
0.47819087
0.46206709
0.65025309
0.55112192
0.64116732
0.68740011
0.71318157
0.75775139
0.6414056
0.68817023
0.71228344
0.7574198
0.56561394
0.60193833
0.48826164
0.5281027
0.52747489
0.48801476
0.6020694
0.56597841
0.68726874
0.64067697
0.75718636
0.7124928
0.71213836
0.75704198
0.64079608
0.68757866
0.30868831
0.70739999
0.78523823
0.78515649
0.70727792
0.30881284
1.3523011
1.3523994
1.3523541
1.0100136
0.98989794
1.0101648
0.98986841
1.3522149
1.3521864
1.0085049
0.98944897
0.98953584
1.0084826
1.0177045
1.3080852
1.3081575
0.91096415
1.0176968
1.3082431
0.91094855
1.2555692
1.3083087
1.25564
0.9681475
0.9881281
0.96814247
0.98820375
1.017532
1.3080163
0.91089637
0.9109014
1.0165364
1.307817
0.96812317
0.98805512
0.96813484
0.98798977
1.2553011
1.3078664
1.2552536
0.87284714
0.94778002
0.87290177
0.94769599
0.92371963
0.95127662
0.95131935
0.92366481
1.2808118
0.81534236
0.81526424
0.85827227
1.1936349
1.2805002
0.92356352
0.95122948
0.95118728
0.92360932
0.87259858
0.94728092
0.94734498
0.87255723
0.85806407
1.1935797
1.2797015
0.81481808
0.81488927
1.2804099
0.9723864
1.6811351
0.86369939
0.85495304
1.6807197
0.97199332
2.8174313
2.8168884
0.86332849
0.85484901
0.9714562
1.6795969
0.97185441
1.6798097
2.8156373
2.8159336
1.8455993
1.5757769
1.1950078
1.880312
1.5576646
1.1871611
2.2800454
2.7146313
2.6759763
1.9426305
2.8642224
2.1697497
2.2360285
1.8579403
1.5691272
1.1904118
1.5633865
1.1885151
1.8708464
0.69655571
1.281614
1.2806043
0.56019756
0.55870804
0.69321453
1.280337
1.2795442
0.79283833
0.56052815
0.79084439
1.0270593
0.78941809
1.0234564
1.2946292
1.2588152
1.2581091
1.2608708
1.2944568
1.2584823
0.78870541
1.0248691
1.0228389
1.2813717
0.69432524
1.2799608
0.69337589
1.2801863
1.2793883
0.5581967
0.79286315
0.55914389
0.79227017
0.80150091
1.051065
1.2452753
1.0642301
0.80062492
1.0498305
1.2462612
1.0650892
0.65086264
0.5518055
0.47804196
0.46237933
0.65018123
0.55118458
0.47837292
0.46273775
1.0509358
0.80038869
1.0638934
1.2454423
1.2463068
1.0642616
0.80012569
1.0502076
0.55138267
0.64975779
0.4621841
0.47781148
0.47804954
0.46228444
0.64953755
0.55104676
0.60364131
0.56710891
0.52857843
0.48870839
0.60362754
0.56708796
0.52885454
0.48908052
0.64242315
0.68875481
0.71387417
0.75870138
0.64246572
0.68904568
0.71356674
0.75859578
0.5667662
0.60269874
0.48827413
0.52754568
0.52854965
0.48858733
0.60220622
0.56540575
0.68850658
0.64158688
0.7578819
0.71290464
0.71336287
0.75803868
0.6412046
0.68782626
1.3127604
0.92115392
0.92106201
0.95142672
0.96099656
0.95145239
1.3127867
0.92076343
0.92100578
0.95154861
0.96106532
0.95150931
0.30514441
0.7855233
0.70855969
0.30345776
0.78538096
0.70847805
1.2245663
0.92147071
1.3129506
0.92170704
0.9613945
0.95190574
0.95186109
0.95166636
0.96131715
0.95179019
1.3130113
0.92188816
0.92195259
0.30639751
0.70795378
0.78542653
0.78535178
0.70805609
0.31015407
0.98866689
0.97899246
0.97897647
0.9873539
0.94339245
0.98736645
0.98863494
0.97891578
0.97895783
0.98738931
0.94342033
0.98739737
0.97495041
0.98333661
0.97502194
0.94186739
0.95469474
0.95462464
0.95446209
0.94178391
0.95455449
0.98340054
0.97515222
0.97510769
0.97902982
0.98878144
0.9790602
0.94349059
0.9874383
0.98743672
0.98741328
0.94347985
0.98743936
0.9888294
0.97910169
0.97910026
1.0096432
0.9894203
1.0096801
0.98941227
1.3529298
1.008455
0.83531467
0.8353128
0.83529521
1.0084611
0.83531511
1.3529283
1.0095788
0.98942566
0.98941889
1.0095616
1.257134
1.3096799
1.3095798
1.2571978
0.97004434
0.99007
0.99014228
0.97004294
1.0176491
1.3093584
0.9109974
0.91099545
1.017623
1.3092524
0.97003965
0.99000384
0.97004195
0.98994743
1.2568837
1.309204
1.2568411
1.2826529
0.81805829
0.81799245
0.86108409
1.196118
1.2828319
0.92582611
0.95336758
0.92586329
0.95333411
0.87504669
0.94978511
0.87501398
0.94983357
0.86154028
1.1962745
1.282106
0.81764009
0.81769033
1.2827642
2.8237031
2.8237808
0.86676606
0.85833819
0.97596577
1.6860472
0.97593813
1.6860138
2.8234646
2.8235128
2.2186057
2.1647013
2.6332258
2.6344501
1.7562518
2.67579
1.8684028
1.5486433
1.8365255
1.5669794
2.8383071
2.9039591
2.0539125
2.8467955
2.2121722
2.2296889
1.8382887
1.5510182
1.5532254
1.8350987
0.78992559
0.79161298
0.55679817
0.56942961
0.7830766
0.78183913
0.64869517
0.54904257
0.47779717
0.46245948
0.65000014
0.55104185
0.47638968
0.46232205
1.0494227
0.80464715
1.068693
1.2450589
1.2446227
1.0693905
0.80553037
1.0507266
0.55025201
0.65270062
0.46490303
0.48061195
0.47736579
0.46456858
0.65413492
0.55383359
0.64229586
0.6893414
0.71284885
0.75824463
0.64177987
0.68791857
0.71425287
0.75872507
0.56856927
0.60437094
0.49074696
0.52996596
0.53066764
0.49102285
0.60415205
0.56769601
0.68970217
0.64330993
0.75864459
0.71369392
0.71457584
0.7593845
0.64296687
0.68895961
0.30195346
0.70893986
0.78557873
0.78540606
0.70925894
0.30749255
1.3521472
1.3521249
1.3521325
1.0098264
0.98982738
1.0099183
0.9898234
1.3522029
1.352215
1.0098806
0.98980833
0.98987255
1.0099298
1.0163601
0.91089029
1.0163875
1.3077724
1.307745
0.91089086
1.2551917
1.2552139
0.96809956
0.98773823
0.96811233
0.98776016
1.0163143
1.3077078
0.91079227
0.91089255
1.0162668
0.96812074
0.98771733
0.96812187
0.98769811
1.255099
1.3076291
1.3076495
1.255081
0.87248279
0.94722202
0.87251635
0.94717302
0.9233752
0.95100573
0.95102381
0.92334822
1.2796345
0.81475182
0.81469759
0.85790394
1.1931757
1.2799502
0.92330411
0.95098542
0.95096983
0.92332138
0.87235783
0.94696487
0.94699457
0.87234403
0.85736262
1.192982
1.2793298
0.8144456
0.81448369
1.279907
0.97133589
1.6790059
0.86290242
0.85426043
1.6787927
0.9710475
2.8151188
2.8148705
0.86255144
0.85417021
0.97057972
1.6781767
0.97091922
1.6782583
2.8137007
2.8138472
1.864948
1.5430917
1.1776267
1.8293429
1.5657495
1.1889658
2.2354207
2.8386922
2.9091276
2.0619577
2.8273789
2.2114105
2.2309754
1.8380575
1.5504751
1.1861727
1.5524009
1.1877332
1.8355044
0.69266141
1.2785256
1.2787508
0.56104188
0.69652701
1.2807509
1.2802275
0.55718631
0.55995155
0.78924623
0.55726848
0.79169796
1.0265032
0.79719613
1.0305192
1.298252
1.2625001
1.2642834
1.2613361
1.2986909
1.2642421
0.79853345
1.0288417
1.0310231
1.2814075
0.70102333
1.2830582
0.70171446
1.2820075
1.2830374
0.56723321
0.78571197
0.56756633
0.78474512
0.80063315
1.0476551
1.2456157
1.0661439
0.80227286
1.0506769
1.2429519
1.0649662
0.64954716
0.54947997
0.47807936
0.46276296
0.65105892
0.55154807
0.47674361
0.46254658
1.04958
0.8049843
1.0687561
1.2455954
1.2447889
1.069287
0.80598227
1.0511643
0.55056017
0.65309896
0.46467848
0.4806646
0.47759558
0.46439261
0.65459303
0.5540635
0.60280025
0.56741407
0.52783924
0.48845771
0.60228847
0.56564961
0.52977448
0.48893428
0.64182548
0.68922245
0.71306022
0.75832129
0.64135711
0.68797232
0.71426096
0.75873519
0.56801106
0.60455913
0.4905343
0.52978112
0.53051157
0.4907901
0.60446191
0.56755019
0.68960642
0.64308793
0.75936811
0.71446092
0.71460006
0.75948408
0.64302584
0.68951566
1.3133691
0.92272239
0.92253864
0.95199569
0.96160148
0.95209696
1.3131914
0.9220988
0.92237883
0.95234077
0.96167381
0.95223126
0.30635528
0.78550093
0.70841663
0.30996961
0.78570699
0.70877679
1.2255363
1.225391
0.92303488
1.3137627
0.9231787
0.96205475
0.95275444
0.952711
0.95249971
0.96196164
0.9526365
1.3137571
0.92319619
0.92332464
0.30615494
0.7093494
0.78615605
0.78582104
0.70942073
0.31035812
0.98884189
0.97913259
0.97913527
0.9874601
0.94354526
0.98747181
0.98886833
0.97912739
0.97914634
0.98749511
0.94357268
0.98749875
0.97516342
0.98345719
0.97521315
0.94239819
0.95496356
0.95493318
0.95479686
0.94231467
0.95487515
0.98352796
0.97530337
0.97528777
0.97917282
0.98890051
0.97922734
0.94376134
0.9877009
0.98764754
0.9875396
0.9437022
0.98760188
0.9889757
0.97935345
0.97930794
1.0095863
0.98946079
1.0095605
0.98948284
1.3530323
1.0086855
0.83561256
1.3530473
0.83554798
0.83540516
1.0086362
0.83548811
1.0096771
0.98961062
0.98957657
1.009701
1.256788
1.3091657
1.3091403
1.2568071
0.97005511
0.98974495
0.98976041
0.97007344
1.0175295
1.3091081
0.91107697
0.91105496
1.0175261
1.3090447
0.97008848
0.98972892
0.97008591
0.98971457
1.2567115
1.3090563
1.2566932
1.2820536
0.81759629
0.81756425
0.86114804
1.1958552
1.2824209
0.92564295
0.95319362
0.92565268
0.95318444
0.87489196
0.94956694
0.87488327
0.94958425
0.86165987
1.1960482
1.281861
0.81740599
0.81742687
1.2824029
2.8230727
2.823063
0.86664741
0.85840478
0.97636687
1.6861051
0.97623981
1.6860688
2.8234418
2.8234568
2.2060446
2.1514725
2.6601513
2.6470861
1.8551762
2.7849159
2.1618347
1.8706423
1.5688741
1.8675577
1.5727184
2.9507576
2.8596763
2.1464262
2.8994805
2.1712621
1.8363499
1.5766352
1.5554084
1.872148
0.79126675
0.78973468
0.5640367
0.56814816
0.78547481
0.78320502
0.65095924
0.55248626
0.48016273
0.46333656
0.65117933
0.55298019
0.47989405
0.46360621
1.0516155
0.80409458
1.0668859
1.2443069
1.2465793
1.067924
0.80286708
1.0492613
0.55345935
0.65327005
0.46573504
0.48038859
0.48065161
0.46594408
0.65234891
0.55276696
0.64225163
0.68882292
0.71334553
0.75768132
0.64207696
0.68861738
0.71326084
0.75760931
0.56873906
0.604911
0.4920677
0.53146892
0.53121178
0.49171802
0.60499918
0.5691659
0.68915678
0.64346145
0.75813741
0.7140611
0.71348807
0.75795044
0.64361844
0.68973652
0.30785008
0.70857912
0.78597901
0.78572438
0.70840096
0.3036853
1.352274
1.3523379
1.0100955
0.99004668
1.0101452
0.99007773
1.3525183
1.3525637
1.0102207
0.99019292
0.99018493
1.0102746
1.016346
0.91097603
1.016332
1.3076289
1.3076385
0.91101797
1.2550751
1.2550691
0.96814716
0.98765291
0.96816381
0.98765128
1.0173156
1.3076629
0.91103668
0.91103658
1.0173265
0.96817979
0.98765325
0.96817524
0.98765615
1.2550872
1.3076808
1.3077042
1.2550933
0.87232246
0.94694058
0.87233043
0.94692462
0.92325294
0.95093048
0.95093064
0.92324729
1.2793007
0.81441389
0.81439417
0.85765945
1.1929295
1.279708
0.9232385
0.95092672
0.95092721
0.9232393
0.87228976
0.94685465
0.94686917
0.87228531
0.85712219
1.192753
1.2791769
0.81430233
0.81431987
1.2796898
0.97047993
1.6779435
0.86240623
0.85373839
1.6778173
0.97023111
2.8136396
2.8134431
0.86211176
0.85366336
0.96978125
1.6776176
0.97011727
1.6776443
2.8135116
2.8135088
1.871286
1.5661351
1.1900576
1.8647978
1.5717654
1.1942706
2.8620543
2.9557159
2.1603832
2.902
2.1632101
2.1704126
1.8361547
1.5755545
1.2002589
1.5540548
1.1910967
1.8722215
0.69350522
1.2819091
1.2797415
0.56041447
0.69281825
1.2801131
1.27879
0.56048819
0.55801244
0.7940127
0.79251366
1.0321136
0.79822638
1.0313158
1.3007263
1.2614252
1.2627373
1.2660082
1.3003384
1.265224
0.7935614
1.0262518
1.0274548
1.2835428
0.70142045
1.2831461
0.56405303
0.6967601
1.2811978
1.2816566
0.56494419
0.78778362
0.56756358
0.78571725
0.80106313
1.0503434
1.2438221
1.0634553
0.8010955
1.0491417
1.2458088
1.0643267
0.65072459
0.55212403
0.48006502
0.46270101
0.6511098
0.55303443
0.47943001
0.46304258
1.0515125
0.80388332
1.0670057
1.2448008
1.2467527
1.0679249
0.80281406
1.0495251
0.55310229
0.653044
0.46529584
0.48023708
0.48019928
0.46541731
0.65227837
0.55275566
0.6038405
0.56786288
0.5290695
0.48836537
0.60316065
0.56703852
0.52995642
0.48902826
0.64283331
0.68981133
0.7142077
0.75868255
0.64229996
0.68924854
0.71445604
0.75871306
0.56873745
0.60522942
0.49130879
0.53117698
0.53089922
0.49142436
0.60583376
0.56967188
0.69019106
0.64423621
0.75954664
0.71543617
0.71475375
0.75933606
0.64457336
0.69097262
1.3138794
0.923314
0.92349279
0.95283152
0.96221278
0.95288049
1.3138671
0.92337206
0.92356508
0.95279792
0.96221159
0.95288768
0.30947613
0.78619249
0.70883896
0.31155362
0.7862436
0.70883938
1.2256376
1.2257359
0.92326417
1.3136671
0.92315793
0.96209635
0.95255056
0.95261024
0.95274055
0.96212663
0.95268411
1.3136649
0.92292838
0.92316357
0.30771839
0.70950988
0.78656983
0.78632301
0.70931937
0.30337827
0.98908195
0.97952762
0.97950579
0.98777276
0.94395776
0.98783157
0.98908901
0.97942166
0.97948135
0.98792374
0.94402142
0.98789854
0.97505424
0.9834481
0.97504197
0.94219814
0.95462216
0.9546121
0.95465447
0.94222964
0.95463546
0.98347512
0.97507807
0.97506378
0.97957325
0.98912385
0.97961156
0.94420239
0.9880755
0.98805068
0.98797866
0.94417148
0.98803064
0.98916539
0.97967977
0.97966057
1.0098727
0.98972211
1.009823
0.98975696
1.3533323
1.0090891
0.83598253
1.3533697
0.8359506
0.83585314
1.0090658
0.83591444
1.0099795
0.98986177
0.98984164
1.0100019
1.256691
1.309038
1.309044
1.2566864
0.9701278
0.9896859
0.98968313
0.9701441
1.0175294
1.3090688
0.9111985
0.91119083
1.0175233
0.97016153
0.98968622
0.97015419
0.98968991
1.256709
1.3090783
1.3090759
1.2567038
1.2818405
0.81739289
0.81739048
0.86130851
1.1957932
1.2822867
0.92561423
0.9531656
0.92561149
0.95316811
0.8748768
0.9495248
0.87487592
0.94952757
0.8618329
1.1960036
1.281809
0.81738109
0.81738052
1.2822914
2.8231392
2.8232503
0.86679457
0.8586456
0.97691154
1.6861893
0.97672899
1.6861169
2.8230154
2.823032
2.1681895
2.264342
2.674158
2.6581333
1.8772404
2.6528231
2.2584431
1.8691158
1.5533019
1.8351823
1.5719423
2.2603488
2.9609758
2.8540873
2.1518575
2.8504011
2.166892
1.8349018
1.5707589
1.5524289
1.8679896
0.7840053
0.5681243
0.7858265
0.56583767
0.56532685
0.78549525
0.78363706
0.65189313
0.55274127
0.48054655
0.46577384
0.65244709
0.55304808
0.48035718
0.46538409
1.0497737
0.80318007
1.0666422
1.2441361
1.2447641
1.0673016
0.80241577
1.0489963
0.55325348
0.65277799
0.46544623
0.48049729
0.48070293
0.46570738
0.65217532
0.55289788
0.6441989
0.69047231
0.71422273
0.75866753
0.64400491
0.68988694
0.7149769
0.75884527
0.569535
0.60574726
0.49117586
0.53087025
0.53115218
0.49146876
0.6056263
0.5688679
0.69057452
0.64438516
0.75967011
0.71518118
0.71509937
0.7596559
0.64432833
0.69059146
0.30064831
0.70980476
0.78664342
0.78654402
0.70977699
0.30001844
1.3526347
1.0103143
0.99027378
1.0104178
0.99025176
1.3526826
1.3526995
1.0102933
0.99020186
0.99022972
1.0103072
1.0163331
0.91108182
1.0163366
1.3076696
0.91108402
1.2550827
1.2550873
1.3076683
0.96817543
0.98762976
0.96816259
0.98763968
1.0172516
1.3076653
0.91103933
0.91104035
1.0163704
0.96812996
0.98762002
0.9681473
0.98761533
1.2550572
1.3076713
1.3076718
1.2550553
0.87227196
0.94684166
0.87227744
0.94683417
0.92321508
0.95089552
0.95090464
0.92320592
1.2791618
0.81428512
0.81427526
0.85739783
1.1927653
1.2795921
0.92319039
0.95088329
0.9508767
0.92319425
0.87223305
0.94679909
0.94680714
0.87222737
0.8568184
1.1925901
1.2790838
0.81422667
0.81423567
1.2795789
0.96966696
1.6772961
0.86201323
0.85327083
1.6771454
0.96936751
2.8128611
2.8126112
0.86171817
0.85319181
0.96883079
1.6767505
0.96923536
1.6768726
2.8126059
2.8127672
1.8697003
1.5528343
1.1892469
1.8356909
1.5717189
1.1960782
2.9681766
2.8574475
2.1651417
2.8531329
2.1676105
2.1687348
1.8346782
1.5698241
1.1939565
1.5513678
1.1873398
1.8679116
0.69582099
1.2807062
1.2808757
0.56559698
0.70014213
1.2822508
1.2821906
0.56260262
0.56307103
0.56535533
0.78601543
0.78775072
1.0290495
0.79612284
1.0290338
1.2968835
1.2595409
1.2598849
1.2630003
1.2976679
1.262928
0.79142629
1.0245066
1.0249162
1.2818234
0.69973103
1.2817705
0.5611196
0.56420293
0.56394213
0.6952939
1.2802697
1.2804299
0.56158653
0.78795333
0.78606661
0.8024138
1.0492755
1.2452536
1.0674361
0.80315567
1.0500684
1.2446222
1.0668018
0.6520424
0.55268931
0.48047498
0.46559464
0.6526288
0.55311204
0.48019095
0.46532685
1.04988
0.80295451
1.0666523
1.2443562
1.2451287
1.0673429
0.80212636
1.0489263
0.5530605
0.65251048
0.46508612
0.47995958
0.48041793
0.46539306
0.65183047
0.55244699
0.60615085
0.56961793
0.53134518
0.49147191
0.60627652
0.56989732
0.53105836
0.49160354
0.64484733
0.69108688
0.71556932
0.76002275
0.64491589
0.69108606
0.71568522
0.76010241
0.56972509
0.60606731
0.49119849
0.53049413
0.53127739
0.49172814
0.60592999
0.56930668
0.69109958
0.64477404
0.76024344
0.71574126
0.71570789
0.76022317
0.64470325
0.69106632
1.3135813
0.92289068
0.92297714
0.95255191
0.96210066
0.95256192
1.3135863
0.92296912
0.92305361
0.95256802
0.96211395
0.95258722
0.30061032
0.78669368
0.71002219
0.30255066
0.78690072
0.71013176
1.2259867
0.92296924
1.3135904
0.92298927
0.96214307
0.95258999
0.95260938
0.95259545
0.96214607
0.95261959
1.3136555
0.92291214
0.92308832
0.30023873
0.71036837
0.78701568
0.78696483
0.71033077
0.29891281
0.98931671
0.97979802
0.97978875
0.98811748
0.94429243
0.98814659
0.98929129
0.97972811
0.97977353
0.98817913
0.94431801
0.98818454
0.9753233
0.98378223
0.97537876
0.94241118
0.9549998
0.9549566
0.95485754
0.94239458
0.95492131
0.98383075
0.97548104
0.97544431
0.97982273
0.9894016
0.9798337
0.94433034
0.98818326
0.98819515
0.98819881
0.94434174
0.98821319
0.9894331
0.97983665
0.97985092
1.0100234
0.98987772
1.0100252
0.98987095
1.3534718
1.0092089
1.3534889
0.83619333
1.35349
0.83618543
0.83613978
1.0092241
0.83617535
1.0100098
0.98984913
0.9898531
1.0100056
1.2566917
1.3090673
1.2566953
0.97014117
0.98966707
0.98967225
0.97013176
1.0175228
1.3090728
0.91118741
0.91119042
1.0175247
0.97011882
0.98966467
0.97012324
0.98966995
1.2566877
1.3091018
1.3090918
1.2566933
1.2818027
0.81738401
0.81739426
0.86147877
1.1958223
1.2822799
0.92561147
0.95314692
0.92560517
0.95315007
0.87489538
0.94956982
0.87490133
0.94955894
0.8619889
1.1960398
1.2818501
0.81746593
0.8174489
1.2822946
2.8236914
2.8239706
0.86707112
0.85902053
0.97764777
1.6871759
0.97739237
1.6869506
2.8242206
2.8239806
2.1673562
2.2658786
2.6718041
2.6544306
1.8790809
2.6508029
2.2593444
1.8664638
1.5511984
1.8334807
1.5695747
2.2577276
2.960965
2.8523544
2.1556455
2.8486654
2.1700847
1.8332464
1.5690375
1.55053
1.8667511
0.78377061
0.78572734
0.56438824
0.56291893
0.78669647
0.78459426
0.6520781
0.55270474
0.48074606
0.46564573
0.65275293
0.55330936
0.48027882
0.46523891
1.0493415
0.80260687
1.0660695
1.2436049
1.2444302
1.0668628
0.80171055
1.0483418
0.55300389
0.6523044
0.46487157
0.47977053
0.48042667
0.4652057
0.65155132
0.55220268
0.64419953
0.69036664
0.71523314
0.75982683
0.64434163
0.69064004
0.71494032
0.7598274
0.56893597
0.60524071
0.49059383
0.53039869
0.53082631
0.49098306
0.60518584
0.56868822
0.69044504
0.64425615
0.75969935
0.71571168
0.71499988
0.75952975
0.64427487
0.69095535
0.29801654
0.7101145
0.78671315
0.78666107
0.70999072
0.29565642
1.3526951
1.0102322
0.9901975
1.0103567
0.99015447
1.3526791
1.3526894
1.0101953
0.99011215
0.99009975
1.0103061
1.0173768
1.3077066
0.91101926
1.0164124
1.3076639
0.91099162
1.2550456
1.2550486
1.3076691
0.96804042
0.98758722
0.96801603
0.98759123
1.0174875
1.3077165
1.3077368
0.91094725
0.91095504
1.0175005
0.96797067
0.98758645
0.96799237
0.98759466
1.2550536
1.3078299
1.3077996
1.2550633
0.87221361
0.94679309
0.87221885
0.94679337
0.92316454
0.95083034
0.95083794
0.92315858
1.2790769
0.81421823
0.81421779
0.85702992
1.1926344
1.2795425
0.92315504
0.95082135
0.95082019
0.92315186
0.87219488
0.94683335
0.94682373
0.87219891
0.85643072
1.192472
1.2791218
0.8142495
0.81424119
1.279546
0.96869703
1.6761336
0.86162777
0.85275624
1.6759059
0.96836322
2.811763
2.8117426
0.8613662
0.85267289
0.96779253
1.6746881
0.96821523
1.6750298
2.8101018
2.810745
1.8678085
1.5503518
1.1861411
1.8334542
1.5693389
1.1930648
2.2598843
2.9658305
2.8539662
2.160753
2.8528718
2.1677871
2.1704471
1.8339208
1.5697463
1.1932112
1.5504798
1.186046
1.8686912
0.69493718
1.2800934
1.2801486
0.69934895
1.2814379
1.2814381
0.56044479
0.56061985
0.5627873
0.78638443
0.78829839
1.0280494
0.79541265
1.0282734
1.2962547
1.2592871
1.2593184
1.2619602
1.2967859
1.2621704
0.79088337
1.0243114
1.0243421
1.2813511
0.69929722
1.2813901
0.56245691
0.56256231
0.69493302
1.2801465
1.280133
0.56052938
0.78860096
0.78666545
0.80190508
1.0488102
1.2448828
1.0671762
0.80267895
1.0495558
1.2442789
1.0664891
0.65165566
0.55234929
0.48017847
0.46511539
0.65228169
0.55281463
0.47984584
0.46476161
1.0495181
0.80267348
1.06643
1.2444016
1.2448663
1.067113
0.80194451
1.0489346
0.55278288
0.65230749
0.46491683
0.47981792
0.4801205
0.46510563
0.65171945
0.55237981
0.60582638
0.56895158
0.53068808
0.49091068
0.60596798
0.5694493
0.53053375
0.49065408
0.64472603
0.6912404
0.71579474
0.76040973
0.64476811
0.69111443
0.7159786
0.76047874
0.5694741
0.60619523
0.49072141
0.53088059
0.5307177
0.4910116
0.60620972
0.56962109
0.69136672
0.64504262
0.7608557
0.71632923
0.71608897
0.76077069
0.64508541
0.69159132
1.3136746
0.9228479
0.92296664
0.95260834
0.96214719
0.95262162
1.3136691
0.92297468
0.92305831
0.95261325
0.96214798
0.95264245
0.29789464
0.78706071
0.71053385
0.29870273
0.78713157
0.71059275
1.2262219
0.9228799
1.3136689
0.9228472
0.96213612
0.95259445
0.95261729
0.95262636
0.96214553
0.95263686
1.3137273
0.92267355
0.92289574
0.29760503
0.7108916
0.78724221
0.78718661
0.7108245
0.29617828
0.98949779
0.97984787
0.97985685
0.98819171
0.94431631
0.98819195
0.98949416
0.9798516
0.97986674
0.98818629
0.94431797
0.98820731
0.97567691
0.98405343
0.97571141
0.94256968
0.95526838
0.95525803
0.95520551
0.94257505
0.9552488
0.98408111
0.97575591
0.9757514
0.9798614
0.98954239
0.97986533
0.94429543
0.98818599
0.98819311
0.9881979
0.94430799
0.98820965
0.9895633
0.97986093
0.9798783
1.0099804
0.98982478
1.009985
0.98981457
1.0091974
0.83627103
0.8362769
0.83625934
1.009209
0.83628146
1.3535649
1.0099912
0.98981886
0.98981129
1.0100045
1.2567099
1.2566984
0.97009795
0.989729
0.98971429
0.97009307
1.017623
1.3091781
0.91119781
0.91118956
1.0176434
0.97008972
0.9897479
0.97008904
0.98977632
1.2568014
1.3092722
1.309238
1.2568303
1.2818596
0.81748585
0.81751314
0.86163101
1.1959423
1.2823928
0.92569805
0.95319947
0.92567633
0.95321761
0.87499836
0.94976047
0.87501844
0.9497281
0.86214671
1.1961769
1.2820579
0.81769046
0.81765559
1.2824284
2.8253601
2.8254979
0.86749665
0.85955862
0.97859953
1.6897494
0.97824714
1.6892456
2.8277029
2.8269002
2.1672733
2.2568288
2.6522835
2.6619824
1.8536084
2.6560118
2.2588036
1.8699156
1.5515802
1.8348042
1.5710609
2.2678996
2.95703
2.847327
2.1594542
2.8560124
2.1686846
2.1669336
1.8365038
1.5739927
1.5539023
1.8728337
0.78575998
0.78755881
0.56299205
0.56446024
0.78831125
0.78634276
0.65146296
0.55244557
0.47996017
0.46496385
0.65187331
0.55252921
0.47992053
0.46460369
1.0496247
0.8023731
1.0656251
1.244551
1.2447529
1.0662744
0.8017108
1.0492906
0.5528736
0.65215409
0.46407463
0.47997164
0.48021327
0.46453289
0.65161741
0.55252411
0.64448729
0.69091138
0.7158629
0.76052881
0.64458954
0.69111507
0.71567632
0.76047866
0.56864235
0.60472395
0.48979639
0.5295686
0.53045066
0.49031653
0.60434456
0.56776099
0.69065524
0.64368262
0.7593254
0.71386995
0.71543631
0.75986176
0.64333599
0.68928792
0.29660168
0.70953792
0.78636338
0.78668975
0.70991742
0.30022825
1.3526842
1.3527041
1.0103298
0.9900911
1.0103293
0.99011198
1.3528184
1.3529312
1.3528813
1.0104376
0.99013809
0.99014238
1.010509
1.0175864
1.3079665
1.3079212
0.91093681
1.0175712
0.91094644
1.2551
1.3078488
1.2550764
1.3078787
0.96787418
0.98773633
0.96786023
0.98769722
1.0177026
1.3080135
1.3080804
0.91098061
0.91097365
1.0177653
0.96784046
0.98778234
0.96784678
0.98784383
1.255301
1.3082434
1.3081542
1.255358
0.87221285
0.94684874
0.87220284
0.94687595
0.92320299
0.95086163
0.95084654
0.92322178
1.2791583
0.81425821
0.8142781
0.85664652
1.1926921
1.279739
0.92327691
0.95087711
0.95090261
0.92324288
0.87231627
0.94714812
0.94709019
0.87235277
0.85653437
1.1927486
1.2795678
0.81449647
0.81445352
1.2798005
0.96767231
1.6736629
0.86141291
0.85228998
1.6732927
0.96741135
2.8089884
2.8086133
0.86145084
0.85224616
0.96708093
1.6719197
0.96731188
1.6722222
2.8066662
2.8072363
1.8708892
1.551762
1.1868812
1.8353252
1.5711112
1.1939256
2.2686197
2.9624694
2.8502738
2.1639364
2.8594391
2.1690186
2.166524
1.837443
1.5743216
1.1969866
1.5537116
1.1886745
1.8743135
0.69454468
1.2804129
1.2801253
0.6988414
1.2813577
1.2812792
0.56117747
0.56060813
0.5624015
0.78754247
0.78950066
1.0289803
0.79566199
1.0288427
1.298125
1.2617718
1.2607274
1.2628703
1.2978969
1.2629418
0.79175977
1.0267881
1.0255545
1.2817009
0.69885139
1.2816392
0.56221462
0.56338929
0.6949851
1.2812428
1.280712
0.79013215
0.56346355
0.78833277
0.80168276
1.0490983
1.2449513
1.0667394
0.80239686
1.0495788
1.2445923
1.0660578
0.65148715
0.55226268
0.48001501
0.46510656
0.65207375
0.55271519
0.47967744
0.46493952
1.0498117
0.80242338
1.0660104
1.2452458
1.2451981
1.0665634
0.80188931
1.04976
0.55266478
0.65210841
0.46430941
0.47983052
0.47993959
0.46475889
0.65168648
0.55251351
0.60620363
0.56949908
0.53116456
0.4915561
0.60634548
0.56980225
0.53084295
0.49130864
0.64505169
0.69136807
0.71636893
0.76097001
0.64517457
0.6916372
0.71610906
0.76089803
0.56950187
0.6057901
0.49051194
0.53007346
0.53094943
0.49103064
0.60545123
0.56866773
0.69120327
0.6445413
0.76003955
0.71496321
0.71592154
0.76034887
0.64420379
0.69027291
1.3137584
0.92249376
0.9226269
0.95261627
0.96214428
0.95264077
1.3137444
0.92269621
0.92274521
0.95268704
0.96215551
0.95268264
0.29641975
0.78727454
0.71097265
0.2960249
0.78721214
0.71090951
1.2263425
0.92252441
1.3137976
0.92249723
0.96223777
0.95291706
0.95286708
0.95274817
0.96221886
0.95281868
1.31387
0.92233596
0.92255395
0.29722905
0.71015263
0.7869633
0.78719504
0.71042529
0.30073279
0.98956713
0.97986796
0.97987683
0.98820267
0.94429801
0.9882129
0.98958198
0.97987425
0.97988798
0.98823231
0.94430874
0.98824001
0.97569692
0.98403327
0.97567754
0.94247416
0.95513659
0.95516649
0.95521531
0.94250659
0.95520517
0.98402447
0.97563291
0.97566939
0.97988399
0.98956255
0.97989092
0.94433003
0.98829512
0.98828727
0.98825966
0.94433164
0.98828771
0.98957099
0.97989261
0.97990733
1.0100934
0.98984278
1.0100634
0.98985155
1.3537585
1.0093369
0.8362268
0.83624477
0.83625596
1.0093225
0.83626241
1.3538299
1.0102268
0.98993352
0.98990688
1.0102866
1.2568967
1.3093484
1.2568602
0.97009529
0.99002041
0.98996928
0.97009358
1.0178924
1.3095859
0.91131553
0.91129155
1.0179425
0.97009206
0.99007756
0.97009072
0.9901482
1.2571385
1.309755
1.3096621
1.2571989
1.2820968
0.81772868
0.81777531
0.86180874
1.1962263
1.282734
0.92593424
0.95338388
0.92589093
0.95341871
0.87523334
0.95018356
0.87527451
0.9501142
0.86188607
1.1963122
1.2826147
0.81808645
0.8180274
1.2828248
2.8293794
2.8299696
0.86804802
0.86029014
0.97977657
1.693776
0.97931645
1.6931746
2.8330053
2.8321228
2.2645925
2.6568488
2.6562075
1.8417316
2.6517887
2.2780428
1.8735656
1.5548625
1.8371213
1.57481
2.9309031
2.8455091
2.0850704
2.8496681
2.1648738
2.1810324
1.8399202
1.5626718
1.5565289
1.8513855
0.78715679
0.78896259
0.56584906
0.56799266
0.78610284
0.57066793
0.78473685
0.65189576
0.55292334
0.4802103
0.46365704
0.6522917
0.55291374
0.48019008
0.46314916
1.0514852
0.80480357
1.0680632
1.2454024
1.2465895
1.0684102
0.80378024
1.0497563
0.55368676
0.65401493
0.46234369
0.47848769
0.48059497
0.46310257
0.65293431
0.55149206
0.64185315
0.68784295
0.71346933
0.75776093
0.64224075
0.68889972
0.71234758
0.75739918
0.56666746
0.60249634
0.4876308
0.52767047
0.52868388
0.48833116
0.60253117
0.56586473
0.68765526
0.64134255
0.75686233
0.71141621
0.71206416
0.75717042
0.64113559
0.68695699
0.30762042
0.70689483
0.78455113
0.78569671
0.7072691
0.30838052
1.3532114
1.3530067
1.3531055
1.0108109
0.9902158
1.0107316
0.99026939
1.3536534
1.3541131
1.3538764
1.0111904
0.99040909
0.99038825
1.0113657
1.0179989
1.3087229
1.3085754
0.9110537
1.0179448
0.91109179
1.255484
1.3083329
1.2554153
1.3084436
0.96780364
0.98841035
0.96779788
0.988285
1.0182366
1.3088829
0.91123803
0.9112006
1.0183483
0.96780959
0.98855245
0.96779534
0.98872298
1.2559145
1.3096325
1.3093396
1.2560124
0.87243913
0.94721541
0.87239153
0.94729342
0.92352093
0.95112735
0.95107856
0.92358879
1.2801386
0.81454927
0.81459787
0.85655947
1.1931601
1.2805585
0.92375629
0.95117928
0.95124478
0.92366345
0.87277746
0.94793386
0.94779837
0.87287606
0.85653588
1.1932731
1.2810089
0.81464644
0.81468139
1.2807399
0.96705154
1.6712217
0.86183664
0.85222154
1.6710255
0.96709083
2.805821
2.805489
0.86226149
0.85226316
0.9675623
1.671106
0.96714099
1.6709195
2.8052567
2.8050941
1.8741067
1.5545545
1.1901207
1.8374188
1.5746703
1.1975965
2.2671
2.9346859
2.8468532
2.0966922
2.8510967
2.1659137
2.1815329
1.8403768
1.5616866
1.1903305
1.5561512
1.190961
1.8511671
0.69472167
1.2818153
1.2810577
0.69914374
1.2824611
1.2822097
0.56340617
0.56503686
0.78902969
0.79090655
1.0307757
0.79763964
1.0310959
1.2968656
1.2601775
1.2614946
1.2646478
1.3000579
1.2652607
0.79258016
1.0242886
1.026632
1.2832246
0.70059752
1.2832227
0.56246069
0.56499929
0.5676918
0.69588299
1.2802247
1.2815324
0.78822471
0.56784433
0.78682237
0.80218095
1.050462
1.2458574
1.0666383
0.80274742
1.0504754
1.2459879
1.0660988
0.65192719
0.55276965
0.48007664
0.46390332
0.65238053
0.55290316
0.47990011
0.46319021
1.051766
0.80477889
1.0682709
1.2458008
1.2471191
1.0686392
0.80369257
1.0498818
0.55347914
0.65387712
0.4618416
0.47801127
0.48024733
0.46279331
0.65273171
0.5511351
0.60403911
0.56725763
0.5300145
0.48964455
0.60449738
0.56850072
0.52846041
0.48850066
0.64271385
0.68881266
0.71458359
0.75897292
0.64313085
0.68991224
0.71345611
0.75861471
0.56719337
0.60336661
0.48734261
0.52725371
0.52844074
0.4884381
0.60296484
0.56597681
0.6885663
0.64194922
0.75740352
0.71196197
0.7131617
0.75773973
0.6415713
0.6874293
1.3138932
0.92194979
0.92219665
0.95301145
0.96229562
0.95309817
1.3139003
0.92235521
0.92237986
0.95319728
0.96228644
0.95318073
0.30689217
0.78688479
0.70916133
0.30248047
0.78643197
0.70880636
1.2260762
0.9218289
1.3138017
0.92163169
0.96196621
0.95329629
0.95328603
0.95324337
0.96209517
0.95327907
1.3138691
0.92117789
0.92153215
0.30771149
0.70745597
0.78502834
0.78622834
0.70783754
0.30806606
0.98953079
0.97987569
0.97989991
0.98832531
0.94435299
0.98834493
0.98956063
0.97990768
0.97991921
0.98836772
0.94436236
0.9883765
0.97535729
0.98371373
0.97524942
0.94183404
0.95439675
0.95456311
0.95484695
0.94201937
0.95473212
0.98362327
0.97499317
0.97513516
0.97986869
0.98942557
0.97984431
0.94434207
0.9884072
0.98839948
0.98838945
0.94435527
0.98840828
0.9893817
0.97978083
0.97982575
1.0105968
0.99001009
1.010505
0.99003537
1.3545891
1.0097014
0.83579303
0.83592767
0.83609032
1.0096493
0.83603307
1.3548175
1.010967
0.99018979
0.99014435
1.0111263
1.2573263
1.3098466
1.3099575
1.2572582
0.9700608
0.99072459
0.9906006
0.97005279
1.0184321
1.3104019
0.91156812
0.91152066
1.018531
0.97006205
0.9908674
0.97005019
0.99103711
1.2577577
1.3111517
1.310858
1.2578547
1.2827272
0.81814444
0.81820595
0.86203324
1.1968518
1.2836489
0.92643935
0.95371411
0.92634522
0.95378016
0.87572632
0.95100832
0.87582393
0.95086658
0.86265943
1.197178
1.2841472
0.81831064
0.81833497
1.2838501
2.834992
2.8357876
0.86951927
0.86131214
0.98167716
1.6981138
0.98087927
1.6975511
2.8384668
2.8378952
2.6219505
2.6446176
1.7338076
2.816522
2.2219366
1.8763627
1.5553711
1.8404428
1.5737106
2.6649945
2.6738551
1.7913428
2.870229
2.2054393
2.1422154
1.8609505
1.5531293
1.564585
1.8407916
0.78755076
0.78705987
0.76062422
0.79187492
0.65069159
0.54973505
0.47771667
0.45970301
0.65072456
0.55077949
0.47615716
0.458606
1.0523927
0.80224793
1.0670337
1.2489495
1.2497776
1.0682465
0.80059515
1.0541484
0.54926343
0.65037804
0.46927702
0.48261599
0.47559057
0.46015991
0.65171825
0.55969784
0.63710617
0.68213856
0.71066344
0.75458064
0.63867447
0.68620431
0.70678713
0.7531943
0.55928411
0.59772324
0.49738683
0.55029738
0.52163076
0.48560452
0.60582774
0.58317914
0.68118076
0.63616698
0.75757881
0.7169965
0.70586749
0.75186919
0.64300374
0.69472742
0.38221726
0.70372299
0.77501103
0.78516815
0.69964391
0.40313067
1.3548531
1.3543936
1.3546842
1.0116378
0.99046111
1.0117785
0.99035444
1.3528546
1.3451336
1.0081622
0.98724365
0.98848295
1.0067476
1.0190069
1.3105491
1.3104791
0.91146778
1.0187882
0.91158138
1.2560529
1.3099522
1.2560734
1.3102851
0.96746833
0.98936416
0.96687097
0.98951602
1.018362
1.3095873
0.90872293
0.91097279
1.0177388
1.3006844
0.96341239
0.98874882
0.9653909
0.98748504
1.2454254
1.3083986
1.2488477
0.87311167
0.94809779
0.87298621
0.94829381
0.9243318
0.95129919
0.95146224
0.92435947
1.2813246
0.8145965
0.81454474
0.85634055
1.1928015
1.2823989
0.92342631
0.95086537
0.94983362
0.92419271
0.87043215
0.94480138
0.94780558
0.86639224
0.85190867
1.1911791
1.2792912
0.81577077
0.80615724
1.2815056
0.96784332
1.6722022
0.86319998
0.85259318
1.6724095
0.96914298
2.8068767
2.8068139
0.86109086
0.85230094
0.94305812
1.6327857
0.96914359
1.6562149
2.7274422
2.7756946
1.8774927
1.5547625
1.185617
1.8406759
1.5736634
1.1928895
2.2970837
2.6711865
2.6780027
1.8036394
2.874268
2.2050786
2.1413613
1.8606352
1.5524735
1.1785422
1.5632962
1.1859504
1.8410759
0.69017864
1.2807665
1.27971
0.56283648
0.69306796
1.2802621
1.280321
0.78954315
0.56262079
0.78903561
1.0238105
0.78855484
1.0238086
1.2875251
1.2648274
1.254021
1.2603741
1.2943467
1.2600065
0.78939864
1.0360863
1.0198137
1.2808413
0.69242992
1.2823123
0.5851102
0.56822474
0.69132745
1.2898684
1.2838485
0.58795737
0.76261492
0.56702638
0.79401514
0.80204626
1.0514453
1.2462775
1.0675934
0.80184197
1.0500566
1.2483345
1.0681834
0.6505911
0.54944969
0.47725606
0.45918645
0.65059898
0.55044901
0.47572771
0.45816058
1.0525514
0.80220223
1.067318
1.2496109
1.2502027
1.0684546
0.80068182
1.0545789
0.54895645
0.65023743
0.46901171
0.48238169
0.4751554
0.45977417
0.65170506
0.5596355
0.59849415
0.55983029
0.52650084
0.48468867
0.60022389
0.56514039
0.52199578
0.48324475
0.63745966
0.6826646
0.71122672
0.75519311
0.63902565
0.68668473
0.70740745
0.75382349
0.55894338
0.59774453
0.49711953
0.55044186
0.52146317
0.48514469
0.6055022
0.5833281
0.68172926
0.63649149
0.7582964
0.71769224
0.70651243
0.75256015
0.64322536
0.69524686
1.313385
0.91955106
0.92027964
0.95333888
0.96147072
0.95336351
1.3138341
0.92104815
0.92086362
0.95324978
0.96125286
0.95332593
0.34568923
0.78444436
0.70509284
0.30955949
0.78386813
0.70357486
1.213234
0.91845234
1.3087706
0.91835649
0.95940644
0.95322521
0.95332911
0.9530894
0.96034824
0.95320729
1.3056457
0.92354097
0.9188257
0.38231559
0.70440698
0.77551398
0.78570677
0.70030401
0.40367616
0.98928451
0.97977609
0.97980185
0.98845376
0.94440862
0.98851271
0.98928906
0.97978019
0.97979742
0.98862888
0.94447141
0.98860383
0.97489887
0.98313348
0.9748703
0.94101228
0.95219331
0.95444894
0.9542565
0.94110084
0.95430487
0.98285638
0.97257448
0.97493569
0.97966539
0.98886036
0.97915713
0.94153253
0.98355153
0.98650291
0.9885451
0.94365133
0.98795693
0.98830809
0.97490128
0.97799847
1.0115389
0.99024227
1.0115549
0.99016298
1.3537974
1.0088059
0.83910016
0.82457038
0.83449497
1.009375
0.83514421
1.3460827
1.0094953
0.98854742
0.98868041
1.0080546
1.2578856
1.3114716
1.3118094
1.2579129
0.96969297
0.99166038
0.99181574
0.96908861
1.0186677
1.3111573
0.90923025
0.91134953
1.0190551
0.96562801
0.99104345
0.96760604
0.9897795
1.247229
1.3100052
1.3022866
1.2506424
1.2844677
0.81827182
0.81822983
0.86212287
1.1965904
1.28556
0.92611178
0.95339169
0.92687539
0.95236167
0.87340138
0.94792437
0.95089761
0.86938357
0.85821327
1.1951682
1.2824316
0.81946924
0.80994113
1.2846801
2.8397019
2.8398529
0.86862622
0.86177671
0.95860146
1.6606018
0.98353332
1.6840699
2.7611749
2.8096742
)
;
    }
}


// ************************************************************************* //
