/*--------------------------------*- C++ -*----------------------------------*\
| =========                 |                                                 |
| \\      /  F ield         | OpenFOAM: The Open Source CFD Toolbox           |
|  \\    /   O peration     | Version:  2412                                  |
|   \\  /    A nd           | Website:  www.openfoam.com                      |
|    \\/     M anipulation  |                                                 |
\*---------------------------------------------------------------------------*/
FoamFile
{
    version     2.0;
    format      ascii;
    arch        "LSB;label=32;scalar=64";
    class       volScalarField;
    location    "500";
    object      yPlus;
}
// * * * * * * * * * * * * * * * * * * * * * * * * * * * * * * * * * * * * * //

dimensions      [0 0 0 0 0 0 0];

internalField   uniform 0;

boundaryField
{
    inlet
    {
        type            calculated;
        value           uniform 0;
    }
    outlet
    {
        type            calculated;
        value           uniform 0;
    }
    topandbottom
    {
        type            calculated;
        value           uniform 0;
    }
    front
    {
        type            symmetryPlane;
    }
    back
    {
        type            symmetryPlane;
    }
    airfoil
    {
        type            calculated;
        value           nonuniform List<scalar> 
12960
(
47.008597
44.265684
52.468606
44.465135
44.270085
43.90723
39.4162
44.041609
39.580868
43.593242
44.155557
44.01321
52.591213
52.353807
43.777658
51.032586
42.540413
40.286916
44.17764
52.752298
44.05636
38.852736
44.206607
44.224356
39.45897
44.067165
44.738093
44.121394
52.718474
44.183331
47.183283
47.246271
42.72839
39.134884
42.614742
51.192332
38.529137
39.022557
43.766407
52.409663
52.226209
43.13599
52.382861
43.975447
39.610522
44.918115
38.76831
44.100867
44.231724
39.452526
51.556821
41.308625
36.349667
38.993977
44.35445
38.841288
38.595201
52.543729
44.3321
43.142985
52.41101
52.489334
43.589378
52.842934
38.838724
38.308284
38.509743
43.023157
43.618756
37.083496
43.14233
44.137456
39.637301
43.336614
43.500204
44.656124
53.126598
44.245918
52.791461
45.153047
44.393561
44.239924
39.409833
39.419968
44.163161
39.489664
44.130015
39.630185
45.641771
44.992923
38.953894
43.787496
52.924358
44.525521
38.585979
43.598791
53.027883
44.328075
43.902562
44.447693
38.813043
44.157018
45.51341
53.544191
48.525645
48.119155
45.267144
40.718074
52.47052
44.066517
38.776515
38.623704
40.054883
45.224681
38.978876
44.407084
53.195303
43.640115
52.78835
43.056796
43.202831
53.072298
39.867063
44.406965
48.564267
54.221998
53.393048
42.609018
52.362648
52.645986
39.131542
47.87612
43.715821
45.215471
39.004914
39.948953
45.121742
38.805228
52.754057
45.481355
45.208476
39.386578
48.122979
53.964728
45.124136
3.4560698
23.779295
23.910145
24.373729
23.498423
18.913369
18.906982
17.702491
18.114863
18.119969
17.698263
17.063985
17.066895
25.989272
25.98639
16.739568
16.73912
15.6553
16.049571
16.049546
15.658122
23.764242
24.235455
23.689423
24.334953
18.931773
18.925571
17.715923
18.129285
17.710626
18.134934
17.073697
17.07847
26.01377
26.0404
16.731745
16.734063
15.647364
16.043925
15.649747
16.041546
23.635852
24.306599
23.734193
24.138057
18.928002
18.931441
17.714414
18.135604
17.716956
18.132776
17.079954
17.077787
26.090362
25.992389
16.730465
16.730125
15.646202
16.03995
15.645784
16.040351
23.642063
24.370024
23.78134
24.169522
18.916508
18.921184
17.705282
18.126632
17.708639
18.122908
17.072472
17.069546
26.053125
25.990514
16.734517
16.732701
15.649868
16.042629
15.648443
16.044199
23.778497
24.240674
23.689793
24.360594
18.921711
18.91756
17.70854
18.123524
17.705739
18.126695
17.069814
17.072182
26.004856
26.016828
16.731213
16.733507
15.647162
16.04332
15.649063
16.041273
23.662219
24.235755
23.676159
24.189365
18.925511
18.923982
17.712516
18.129294
17.711167
18.13071
17.074847
17.076122
26.046747
25.992563
16.728145
16.72918
15.643838
16.039017
15.644844
16.037988
23.756277
24.311452
23.752383
24.3356
18.92493
18.928061
17.711449
18.132231
17.713704
18.129731
17.076918
17.074939
25.991576
26.024009
16.729463
16.72738
15.645544
16.037591
15.643635
16.039567
23.762584
24.128064
23.613134
24.364132
18.919131
18.91859
17.706944
18.124712
17.706936
18.12486
17.070986
17.070789
25.956217
26.064388
16.735992
16.734417
15.651691
16.044229
15.650011
16.045891
23.677424
24.228975
23.678147
24.221158
18.925298
18.922733
17.710873
18.127663
17.709364
18.129488
17.072674
17.073802
26.026508
26.017739
16.736418
16.737066
15.651902
16.046826
15.652573
16.046139
23.758688
24.361817
23.772727
24.319222
18.92141
18.925544
17.708392
18.128936
17.710207
18.126478
17.073188
17.072105
26.051116
26.004307
16.734757
16.734009
15.651091
16.044232
15.650275
16.045055
24.027539
24.56394
26.028745
25.536232
25.630778
25.038831
24.359176
24.586122
26.076047
25.917409
25.686103
25.444609
23.562219
23.329288
23.783997
24.188811
24.387578
23.66788
23.568389
23.476237
18.72788
18.257678
18.263032
18.720667
18.915
18.922771
18.729327
18.270419
18.264198
18.736617
17.579584
17.171822
17.175495
17.57569
17.703393
18.126926
18.121041
17.7085
17.580444
17.18063
17.176264
17.585341
16.691996
16.688414
16.525161
16.113653
16.116941
16.521838
17.07188
17.067654
16.692648
16.696541
16.525851
16.12125
16.117606
16.529769
15.59642
15.992621
15.995633
15.596335
15.597082
15.999857
15.996295
15.600458
25.523556
25.522286
25.988754
26.098057
25.53233
25.69468
18.953046
18.950906
18.952243
18.950825
16.573932
16.169261
16.169476
16.573745
16.738314
16.734983
16.572713
16.164824
16.168267
16.569403
15.654164
16.044901
16.048352
15.650736
24.415156
24.519631
26.006276
25.974439
25.589644
25.522061
24.50473
24.503166
25.994052
26.004162
25.569499
25.584314
23.557274
23.491652
23.760084
24.319877
24.32161
23.751791
23.555954
23.545737
18.745397
18.272867
18.739316
18.278641
18.932756
18.932365
18.746391
18.279836
18.279664
18.746177
17.592585
17.182503
17.587399
17.187382
17.716947
18.136232
18.135959
17.717465
17.593608
17.18918
17.1884
17.594194
16.70274
16.698225
16.536009
16.122822
16.531457
16.127125
17.080308
17.079482
16.703739
16.704699
16.537033
16.129275
16.128124
16.538102
15.605916
16.001391
15.6019
16.005607
15.606885
16.007767
16.006594
15.608153
25.552203
25.610586
26.022571
26.010991
25.56799
25.548237
18.946986
18.950152
16.566216
16.163857
16.56849
16.161493
16.731158
16.730189
16.565648
16.159966
16.160915
16.56473
15.646791
16.040014
16.040967
15.645848
24.494689
24.302514
25.891288
26.019551
25.400663
25.598635
24.56417
24.358944
25.940602
26.024562
25.469479
25.624299
23.448054
23.527966
23.661208
24.374702
24.185969
23.787164
23.468386
23.5749
18.742034
18.279161
18.745331
18.276222
18.926819
18.922794
18.740865
18.271351
18.275111
18.736902
17.59126
17.188799
17.593719
17.186566
17.713389
18.128006
18.131688
17.709909
17.590252
17.182334
17.185607
17.586829
16.702416
16.704415
16.535945
16.129086
16.537856
16.127337
17.073616
17.076843
16.701507
16.698385
16.535056
16.123536
16.126489
16.531981
15.606553
16.007597
15.608046
16.005908
15.605779
16.002177
16.005077
15.603045
1.6556292
25.672071
25.525181
26.050475
26.002629
25.618683
25.527361
16.565068
16.159905
16.564679
16.160303
16.730726
16.732068
16.565349
16.161993
16.160601
16.566732
15.646513
16.04204
16.040652
15.647887
24.560747
24.344063
25.935058
26.033245
25.461977
25.631068
24.341952
24.308826
25.939074
25.934511
25.456194
25.460993
23.448212
23.569573
23.609915
24.167396
24.133129
23.64042
23.418563
23.446645
18.730939
18.269934
18.73535
18.26606
18.91557
18.916307
18.730063
18.265794
18.265305
18.730718
17.582331
17.181167
17.585588
17.178167
17.704637
18.122631
18.122186
17.704975
17.581707
17.17783
17.177597
17.582016
16.694545
16.697293
16.528211
16.122513
16.530906
16.119977
17.069202
17.068991
16.694024
16.694166
16.527701
16.119574
16.119496
16.527833
15.599793
16.001175
15.602103
15.998697
15.599352
15.998288
15.998228
15.599363
25.619649
25.513027
26.054402
26.05358
25.631653
25.620224
16.569149
16.162594
16.567365
16.164218
16.734829
16.734179
16.569453
16.163904
16.164484
16.568824
15.650091
16.043891
16.044453
15.649578
24.422249
24.548234
26.018727
25.97908
25.611962
25.531155
24.425218
24.524165
26.016753
25.975979
25.600192
25.531159
23.568216
23.489563
23.762885
24.244181
24.337734
23.693394
23.555619
23.492986
18.735744
18.266742
18.731868
18.270067
18.922649
18.923788
18.736655
18.272328
18.270915
18.737904
17.585445
17.178467
17.582745
17.180911
17.709313
18.12896
18.127522
17.710801
17.586203
17.183172
17.181632
17.587704
16.696883
16.694708
16.530497
16.120046
16.528361
16.122021
17.074441
17.072892
16.697566
16.699149
16.531177
16.124288
16.122676
16.532777
15.601518
15.99874
15.599762
16.000658
15.602131
16.00291
16.001302
15.603718
25.53313
25.562522
26.001695
26.028979
25.537214
25.580676
18.945043
18.948955
16.565919
16.163313
16.568171
16.161212
16.730604
16.729459
16.565308
16.159317
16.160606
16.564119
15.646575
16.03936
16.040672
15.645208
24.423569
24.36369
25.943091
26.015756
25.474579
25.570918
24.49568
24.446896
26.008431
25.993284
25.569539
25.567041
23.468423
23.47583
23.701336
24.313774
24.261103
23.752008
23.499775
23.54783
18.739651
18.272647
18.738145
18.274088
18.926334
18.928159
18.740407
18.275916
18.274716
18.742013
17.589411
17.183571
17.588079
17.18486
17.713029
18.132402
18.131304
17.713891
17.589902
17.185926
17.185295
17.5907
16.700824
16.699575
16.534457
16.124733
16.533211
16.125948
17.077125
17.07654
16.701201
16.701661
16.534824
16.126602
16.12628
16.535246
15.605317
16.003356
15.604165
16.004556
15.605603
16.005166
16.004876
15.605803
25.609145
25.541213
25.994532
26.021531
25.535591
25.566277
18.942488
16.562782
16.158984
16.563823
16.157948
16.727756
16.727174
16.562405
16.157241
16.157616
16.561873
15.643562
16.037344
16.037671
15.643369
24.492244
24.524534
26.025412
25.990524
25.612073
25.561653
24.290028
24.49264
26.026485
25.928429
25.603414
25.436226
23.54764
23.549238
23.728197
24.117846
24.303007
23.604815
23.521689
23.416577
18.738934
18.275753
18.74189
18.273151
18.923288
18.919197
18.737402
18.268476
18.271836
18.733553
17.588319
17.185722
17.590508
17.183696
17.710339
18.125257
18.128477
17.707452
17.587247
17.180143
17.182722
17.58445
16.699587
16.701444
16.53318
16.126372
16.535024
16.124624
17.071478
17.073993
16.698713
16.696363
16.532317
16.121613
16.123819
16.529982
15.603943
16.004934
15.605566
16.003222
15.603209
16.000278
16.002437
15.601163
25.518091
25.57155
25.983553
26.064197
25.511633
25.648301
18.943252
18.940411
18.944883
18.949228
16.564155
16.157482
16.562088
16.159484
16.730508
16.73361
16.565185
16.163413
16.160461
16.568254
15.646449
16.043429
16.040524
15.649225
24.300473
24.561834
26.06729
25.929206
25.668655
25.439925
24.405399
24.558456
26.060789
25.979386
25.658984
25.524013
23.548861
23.424238
23.765723
24.224972
24.362679
23.680883
23.55319
23.483695
18.73339
18.267918
18.732961
18.268122
18.919781
18.921967
18.733989
18.270417
18.268604
18.736075
17.583905
17.179648
17.583941
17.179486
17.707311
18.127037
18.12531
17.708814
17.584249
17.181005
17.179762
17.585684
16.695586
16.695881
16.529135
16.121129
16.529493
16.120681
17.072231
17.071045
16.695789
16.696817
16.52931
16.121589
16.120805
16.530246
15.600106
15.999798
15.600686
15.99932
15.600156
16.000156
15.999427
15.600698
25.47001
25.648032
25.963318
26.026724
25.480762
25.587793
18.950726
16.570647
16.164218
16.56906
16.165869
16.736327
16.737003
16.570979
16.166806
16.166216
16.571604
15.652046
16.046819
16.046241
15.652585
24.41204
24.401768
25.979951
25.988787
25.524133
25.538857
24.595039
24.394936
25.93529
26.069476
25.475682
25.681032
23.480413
23.478957
23.690657
24.397621
24.222144
23.790308
23.494776
23.575117
18.739201
18.271072
18.736815
18.273023
18.926058
18.926372
18.739869
18.273273
18.273496
18.739987
17.587634
17.181467
17.586212
17.182656
17.71118
18.129621
18.12991
17.710784
17.587912
17.182451
17.182862
17.587503
16.698173
16.697207
16.531462
16.121898
16.530604
16.122631
17.073597
17.073993
16.698324
16.697971
16.531578
16.122362
16.122726
16.531152
15.601452
16.000448
15.600928
16.001137
15.601502
16.000875
16.001223
15.601153
8.1350974
11.431339
25.588589
25.574342
26.061864
25.974097
25.628156
25.501805
18.952676
18.952706
18.952079
18.949261
16.570924
16.16682
16.57164
16.166123
16.735929
16.734316
16.570422
16.164313
16.165674
16.568801
15.651511
16.044428
16.045708
15.650416
24.553939
24.501389
25.997588
26.041745
25.574347
25.637025
24.001768
24.578442
26.068549
25.46546
25.673691
24.967862
23.553258
23.563175
23.7791
23.892825
24.383417
23.498983
23.56105
23.333217
18.73549
18.27255
18.739181
18.269809
18.920248
18.914248
18.734552
18.264513
18.269216
18.727823
17.58532
17.182011
17.586961
17.180815
17.708095
18.121569
18.125989
17.704628
17.58507
17.177839
17.180672
17.581958
16.696836
16.697638
16.529984
16.122081
16.530806
16.121479
17.06992
17.071976
16.696829
16.694151
16.529948
16.119141
16.121476
16.527547
15.600486
16.000613
15.600928
16.000064
15.600483
15.998009
16.000063
15.60137
25.621593
25.553828
25.954711
26.014444
25.485086
25.562317
18.947423
18.948327
16.569189
16.164093
16.568491
16.164903
16.735536
16.734485
16.569918
16.164657
16.165586
16.569094
15.651674
16.045006
16.045714
15.653711
21.030525
13.003409
21.057416
13.00047
21.053981
13.001106
13.006913
13.009381
21.057426
13.008452
13.011999
13.022125
21.055133
13.029383
21.058617
13.031471
20.93927
20.958447
13.708115
13.711747
12.904898
26.422182
27.364218
12.909109
28.253792
27.904333
21.051848
13.805201
13.801881
13.001692
20.95406
20.945539
13.715008
13.718323
12.911901
28.813503
28.222197
12.913922
28.00742
28.473028
13.79943
13.796969
13.000059
20.945
20.945348
13.717858
13.714049
12.912713
28.444915
2.5669799
30.283421
12.906888
28.090318
28.71527
13.796855
13.798555
13.004525
20.955322
13.711176
13.708127
12.902695
27.45587
28.415081
12.897004
28.236152
28.508986
13.800074
13.801233
13.009327
13.707903
13.708547
12.894724
27.631053
28.256612
12.891265
28.564372
27.5968
13.800546
13.798781
13.008616
13.708699
13.707813
12.888564
28.26664
27.933717
12.882111
28.169587
27.836553
13.798095
13.798125
13.009652
20.94558
13.706106
13.70182
12.876694
28.722331
28.146197
12.865758
28.428779
27.950011
13.79947
13.803744
13.018234
20.951127
13.699622
13.697771
12.859374
27.758696
27.030792
12.850912
27.116469
27.220704
13.806274
13.80878
13.027385
20.946957
20.944157
13.697297
13.696238
12.846871
26.611836
27.30568
12.839301
8.2915497
30.309129
13.178932
21.057207
13.809185
13.808643
13.03088
20.946403
20.938926
13.695234
13.693963
12.837633
27.364045
26.264118
12.833076
25.492019
25.663224
13.80859
13.809474
13.031737
24.012762
23.71584
23.943173
24.133123
23.827735
24.003365
24.223361
24.293101
24.148225
23.606569
23.6776
23.815569
22.10047
22.285891
22.315475
22.077332
20.425598
20.61446
20.619566
20.421322
19.072012
18.912431
19.207644
19.209366
19.070633
18.91172
17.832339
17.701822
17.83164
18.118087
17.965778
17.968694
17.970583
18.119202
17.969825
17.70085
17.827913
17.830597
17.065606
16.946918
16.947651
16.948639
17.066305
16.948105
26.621931
25.985475
21.051225
26.050544
16.882186
16.740684
16.883405
16.741115
16.882987
15.797073
15.656203
16.050842
15.914509
15.914467
16.050521
15.656843
15.797654
14.540099
14.388668
14.389342
14.539373
12.842489
13.003483
12.842685
23.757031
23.988217
23.983722
24.098962
24.304163
24.157559
23.72907
23.904459
23.953225
24.191108
24.33767
24.189953
22.147607
22.352824
22.139097
22.363174
20.457247
20.650258
20.454362
20.653361
19.091392
18.930201
19.227652
19.089225
18.928098
19.229872
17.714474
17.846226
17.844759
17.97948
18.131507
17.981643
17.71267
17.840818
17.842917
17.985015
18.133429
17.983526
16.955241
17.075487
16.956991
16.959934
17.077115
16.958592
26.629284
25.995632
25.993912
16.732438
16.874345
16.733215
15.648054
15.789082
15.908867
16.043037
15.648852
15.791484
15.906485
16.042241
14.532786
14.381541
14.382211
14.532115
12.840018
13.000198
12.839765
23.653538
23.838253
23.86157
24.161248
24.254784
24.113586
23.696614
23.95792
23.915157
24.01782
24.176223
24.047989
22.117885
22.337857
22.125666
22.327996
20.449681
20.646524
20.451675
20.644307
19.090017
18.929178
19.229364
19.091237
18.930343
19.228089
17.715371
17.844517
17.845497
17.985825
18.13477
17.985032
17.716234
17.847147
17.846391
17.983103
18.13381
17.984108
16.961518
17.079379
16.960973
16.959427
17.078642
16.960261
26.629725
26.049746
21.047428
26.627864
25.995013
16.730277
16.873032
16.73016
16.872708
15.645972
15.787868
15.90489
16.039994
15.64583
15.787469
15.905296
16.040131
14.530712
14.380354
14.380126
14.530941
12.841711
13.001647
12.842507
23.6932
23.851696
23.910273
24.219629
24.325597
24.177713
23.746547
24.01066
23.972054
24.039712
24.244845
24.106574
22.116228
22.350578
22.133181
22.330312
20.435825
20.635362
20.439878
20.630613
19.078306
18.917881
19.217879
19.080041
18.9195
19.21602
17.70623
17.835164
17.836146
17.977095
18.125253
17.975762
17.707383
17.83863
17.837338
17.973508
18.123971
17.974528
16.954199
17.071363
16.953115
16.951347
17.070361
16.952139
26.630081
26.017034
26.629153
21.052522
26.629468
25.98412
16.734003
16.877119
16.876584
16.73337
16.875244
15.649486
15.791573
15.907563
16.043225
15.648992
15.790108
15.909083
16.04377
14.533903
14.383595
14.383287
14.534214
12.849405
13.007615
12.850295
23.772527
24.006104
24.000995
24.102634
24.318175
24.17077
23.740483
23.906636
23.965604
24.212917
24.358476
24.209056
22.143796
22.347625
22.130927
22.362422
20.443771
20.635446
20.439968
20.63986
19.08117
18.920464
19.217513
19.079607
18.919019
19.219204
17.707635
17.838581
17.837647
17.974067
18.124594
17.975084
17.706666
17.83567
17.836639
17.977102
18.125693
17.976135
16.951582
17.070574
16.952315
16.953881
17.071391
16.953107
26.630236
25.991153
26.630375
25.984224
16.731938
16.873743
16.874477
16.732729
15.647799
15.788797
15.908228
16.042648
15.64845
15.790742
15.906231
16.041946
14.532623
14.381615
14.382128
14.532084
12.853097
13.00924
12.85311
23.643073
23.871662
23.848426
24.093276
24.189558
24.056155
23.653646
23.89442
23.865311
24.059559
24.154841
24.031144
22.109204
22.318753
22.108341
22.319583
20.442804
20.636471
20.442253
20.637028
19.085443
18.92481
19.222804
19.084921
18.924299
19.223333
17.712014
17.84257
17.842051
17.979713
18.129679
17.980102
17.711562
17.841201
17.841593
17.981104
18.130152
17.980567
16.956556
17.075255
16.956968
16.957821
17.075683
16.957392
26.631596
26.080679
26.031963
16.728531
16.87076
16.728878
15.644157
15.785488
15.903948
16.038679
15.644495
15.7865
15.902925
16.038333
14.529285
14.378721
14.378938
14.529045
12.853518
13.008502
12.853833
23.761876
23.982417
23.985501
24.171415
24.318404
24.177558
23.756739
23.97237
23.977646
24.188163
24.331909
24.188186
22.150629
22.372861
22.155473
22.368201
20.451829
20.650866
20.454267
20.648124
19.087324
18.926379
19.226803
19.08848
18.927459
19.225564
17.71244
17.841528
17.842556
17.9825
18.131705
17.981987
17.713213
17.843856
17.843355
17.98009
18.130847
17.98116
16.95855
17.076466
16.958104
16.956613
17.075789
16.957442
26.630689
26.012966
21.054758
26.629958
26.022754
16.728551
16.871996
16.727842
16.869898
15.644744
15.787151
15.902598
16.038056
15.644097
15.785224
15.904551
16.038726
14.530386
14.380918
14.380179
14.531125
12.858996
13.013154
12.859919
23.716395
23.995036
23.938354
24.001727
24.185195
24.054753
23.655594
23.817983
23.865995
24.208263
24.282315
24.139445
22.11831
22.316929
22.105292
22.333473
20.436537
20.629139
20.434878
20.631295
19.07909
18.918642
19.216491
19.078829
18.918427
19.216807
17.70672
17.836916
17.83667
17.975258
18.124493
17.975032
17.706701
17.836865
17.836635
17.975354
18.124563
17.975084
16.952743
17.07072
16.952468
16.9525
17.070665
16.952398
26.628996
26.006806
26.627305
26.054448
16.735583
16.87852
16.878125
16.735069
16.876987
15.651241
15.793357
15.909148
16.044902
15.650683
15.791678
15.91082
16.04545
14.536531
14.386831
14.386339
14.537011
12.871011
13.023346
12.872386
23.677037
23.891389
23.893459
24.090415
24.225107
24.088919
23.677955
23.894474
23.894181
24.084957
24.228129
24.08946
22.115201
22.324698
22.113247
22.326605
20.444589
20.637637
20.443096
20.639198
19.085211
18.924429
19.222249
19.084277
18.923555
19.223246
17.710431
17.841061
17.840583
17.978016
18.128302
17.978621
17.709912
17.839456
17.840032
17.979721
18.128927
17.979205
16.954269
17.073104
16.954673
16.955318
17.073492
16.955035
26.625133
26.016817
21.055228
26.034797
16.736783
16.879009
16.87937
16.736999
15.652226
15.793616
15.911738
16.046717
15.652454
15.794273
15.911056
16.046485
14.537757
14.387503
14.387704
14.537527
12.879603
13.029834
12.880324
23.732398
23.979819
23.943644
24.210419
24.289672
24.152309
23.740485
24.001209
23.956696
24.178883
24.262725
24.132736
22.151884
22.373993
22.156906
22.369492
20.44925
20.649857
20.452884
20.645867
19.083698
18.92284
19.223744
19.085341
18.924304
19.221929
17.708883
17.838421
17.838976
17.979101
18.128075
17.978303
17.709529
17.840421
17.839688
17.976874
18.127199
17.97751
16.954705
17.072745
16.954297
16.953731
17.07236
16.953951
26.627685
26.109751
26.072336
16.734205
16.877328
16.733955
15.650613
15.792781
15.909246
16.044258
15.650333
15.791942
15.910067
16.044538
14.536747
14.387197
14.386878
14.537086
12.88432
13.031694
12.88498
24.31274
24.479468
26.567977
25.992239
26.564934
25.946159
25.342047
25.561301
24.304719
24.917509
25.456094
24.720591
24.397165
24.50806
26.570567
26.028171
26.571039
20.944296
25.937775
25.390837
25.610738
24.696875
24.952367
25.480169
25.12243
23.363388
23.505812
23.314152
22.959885
23.058721
23.018246
23.414679
23.171769
23.239478
24.017546
23.741308
23.965328
24.22222
24.061493
24.09021
24.231119
24.317464
24.169799
23.688737
23.875483
23.900022
23.371568
23.535205
23.347192
23.493793
23.30073
23.315284
21.453405
21.244343
21.253548
21.441916
22.133042
22.344961
22.350423
22.130987
21.47762
21.279132
21.275096
21.480954
19.897114
19.708962
19.711461
19.89436
20.438827
20.639029
20.634488
20.443266
19.906478
19.723499
19.719842
19.910356
18.555905
18.726995
18.554899
18.260986
18.390749
18.394114
18.396348
18.262192
18.395414
18.725768
18.549867
18.553456
19.077768
18.917233
19.218729
19.215673
19.080641
18.919907
18.557277
18.73138
18.559214
18.268016
18.40418
18.401664
18.397607
18.26588
18.399405
18.733889
18.564247
18.561612
17.443947
17.578957
17.443342
17.174017
17.304034
17.306246
17.307766
17.174907
17.307158
17.578053
17.440122
17.442443
17.833289
17.704726
17.834688
18.12463
17.977201
17.974999
17.971596
18.122611
17.973078
17.706473
17.83862
17.836513
17.444764
17.581717
17.445975
17.178877
17.313075
17.311264
17.308558
17.17739
17.309723
17.58339
17.449454
17.447577
16.83582
16.69159
16.690956
16.367708
16.52465
16.115707
16.235778
16.239066
16.116441
16.523845
16.36442
17.070185
16.953472
16.951826
16.949374
17.068747
16.950433
16.836462
16.69365
16.694977
16.368368
16.526866
16.119793
16.243405
16.239721
16.118556
16.5282
16.372143
15.740005
15.595895
15.994424
15.856022
15.858985
15.995133
15.595546
15.737626
15.314487
15.314913
15.740673
15.59798
15.998437
15.863152
15.859651
15.997228
15.599123
15.744081
15.316353
15.315505
15.469895
14.459667
14.305993
14.305408
14.460228
14.105789
14.105249
13.926286
13.70885
13.926475
14.461762
14.306683
14.460904
14.30753
14.106462
14.107308
13.71078
13.92904
13.928118
12.752057
12.905827
12.751995
22.226323
28.767847
28.060278
23.130141
22.937508
12.908192
12.753763
12.753002
28.254712
27.908183
22.985424
23.052948
25.198761
25.522922
25.585973
25.184406
26.621879
26.027867
26.092821
25.216933
25.597761
24.790171
25.688991
25.397204
22.151269
22.360106
22.364086
22.147332
21.505251
21.301825
21.304655
21.501992
22.167529
22.389797
22.384161
22.171567
21.51357
21.312126
21.311147
21.514979
20.472422
20.665805
20.66746
20.471114
19.94132
19.754461
19.754989
19.940703
20.474114
20.670334
20.67004
20.474298
19.941092
19.754191
19.754291
19.941059
19.113901
18.954116
19.251432
19.251531
19.114056
18.954866
19.112132
19.249709
19.24998
19.111804
18.951287
16.417725
16.574943
16.170775
16.290124
16.29031
16.170468
16.575202
16.417562
16.880922
16.737102
16.735991
16.877585
16.416482
16.571512
16.165885
16.285611
16.289075
16.167041
16.570406
16.413056
15.379703
15.529663
15.530744
15.378738
15.795927
15.65297
16.045971
15.909849
15.913295
16.047131
15.651815
15.792476
15.376389
15.377579
15.527194
14.192493
14.193188
14.019176
13.805124
14.01853
14.537391
14.38777
14.538423
14.38677
14.191604
14.190633
13.802763
14.014723
14.015723
13.002196
12.841143
12.841576
24.493339
24.526797
26.570339
26.027602
26.567421
26.57446
26.027543
25.615526
25.292701
25.603934
25.200604
24.498395
24.495333
26.566555
25.991513
26.566786
20.94677
25.994387
25.26996
25.56389
24.855274
24.847984
25.569309
25.283259
23.548148
23.368354
23.358115
23.044168
23.5232
23.311478
23.336279
23.062328
23.980995
23.755934
23.975733
24.316406
24.176657
24.175585
24.180829
24.314503
24.174583
23.755176
23.974734
23.975901
23.369387
23.552937
23.367393
23.07103
23.074596
23.551179
23.357576
23.364699
21.496148
21.289892
21.491178
21.29418
22.159177
22.371901
22.376134
22.15515
21.503096
21.297386
21.29993
21.500164
19.923133
19.73344
19.920643
19.735847
20.460524
20.655412
20.65697
20.459219
19.926033
19.738134
19.738732
19.925297
18.743839
18.572907
18.571346
18.40672
18.275154
18.409075
18.741775
18.566881
18.5693
18.412626
18.277116
18.411081
19.094338
18.93314
19.232507
19.232803
19.094112
18.932976
18.573923
18.746815
18.574387
18.280207
18.41372
18.414136
18.413649
18.280174
18.414139
18.746712
18.573871
18.574341
17.591155
17.456522
17.455111
17.315004
17.184342
17.316889
17.589387
17.451445
17.45338
17.319977
17.186005
17.318584
17.84725
17.717526
17.847814
18.136557
17.986408
17.986693
17.986042
18.13649
17.986592
17.71768
17.847692
17.847941
17.457543
17.5942
17.458148
17.189276
17.321711
17.321836
17.320996
17.189029
17.321612
17.594378
17.458197
17.45835
16.701436
16.846587
16.699897
16.534686
16.378239
16.245004
16.124395
16.533136
16.373783
16.249365
16.12586
17.080381
16.961841
16.961885
16.960948
17.080117
16.961597
16.847576
16.704395
16.704707
16.848469
16.379253
16.537723
16.129196
16.251476
16.250367
16.128818
16.538072
16.380348
15.604717
15.749585
15.864655
16.002928
15.603352
15.745541
15.868803
16.004363
15.32273
15.323864
15.750549
15.607587
16.007673
15.87099
15.869784
16.007286
15.608007
15.751761
15.325457
15.324785
15.478981
14.46768
14.314243
14.313237
14.468729
14.113973
14.112977
13.932272
13.71601
13.933294
14.470241
14.315069
14.469594
14.315685
14.114794
14.115407
13.718054
13.935758
13.935445
12.75629
12.912664
12.757037
23.139702
27.847515
27.852237
22.924621
22.941614
12.913918
12.757738
12.75796
28.16673
28.439398
22.935087
23.000722
25.529058
25.222782
25.536408
25.306448
24.780455
26.628923
26.023713
26.021001
25.241185
25.571393
25.565553
25.218343
22.145928
22.370658
22.155766
22.3591
21.499471
21.303995
21.505499
21.298861
22.13131
22.344721
22.343901
22.132079
21.488217
21.288835
21.288808
21.488434
20.466833
20.66503
20.469661
20.661777
19.93592
19.751313
19.937862
19.749576
20.460519
20.654348
20.654712
20.460085
19.93126
19.744799
19.745317
19.930742
19.108507
18.948123
19.247476
19.109697
18.949227
19.246179
19.105398
19.242347
19.242832
19.104931
18.944769
16.56689
16.409774
16.284645
16.162977
16.567653
16.412109
16.282274
16.162186
16.873751
16.730698
16.730376
16.872772
16.409197
16.565207
16.160149
16.280733
16.28169
16.160464
16.564902
16.408259
15.371417
15.521334
15.370706
15.788501
15.646345
16.040198
15.904954
15.905906
16.040515
15.646032
15.787537
15.369643
15.370111
15.520254
14.185573
14.186218
14.011983
13.798737
14.011218
14.531116
14.380981
14.531556
14.380541
14.185037
14.184618
13.797241
14.009248
14.009561
12.99993
12.840094
12.839823
24.440357
24.349275
26.571754
25.940186
26.568543
20.956695
26.57302
26.008145
25.466798
25.066536
25.567996
25.289807
24.535898
24.463388
26.572181
26.011323
26.570962
26.028791
25.138786
25.576844
24.915375
24.703195
25.61948
25.337151
23.461243
23.275393
23.28512
23.023154
23.495494
23.340131
23.3123
23.002399
23.869945
23.714039
23.93437
24.346078
24.22519
24.197362
24.057154
24.277488
24.134721
23.76283
24.016614
23.990246
23.291884
23.51137
23.326844
23.03625
23.553104
23.381065
23.362032
21.478113
21.28234
21.4822
21.278933
22.131804
22.359748
22.34593
22.142231
21.482998
21.284028
21.281726
21.486664
19.918833
19.733818
19.920407
19.732336
20.447613
20.642915
20.643023
20.447083
19.915495
19.727548
19.728817
19.914316
18.743182
18.56992
18.57104
18.412995
18.278282
18.412071
18.7443
18.57309
18.572115
18.409945
18.277285
18.411036
19.086369
18.925591
19.223063
19.224416
19.08502
18.924264
18.568768
18.739647
18.567562
18.272693
18.40498
18.406354
18.408813
18.273942
18.407625
18.738336
18.564863
18.566269
17.592194
17.455375
17.456287
17.3213
17.188198
17.320671
17.59303
17.457755
17.457096
17.318995
17.187439
17.319887
17.843473
17.712298
17.842365
18.129316
17.978431
17.979711
17.982038
18.130541
17.980912
17.711137
17.839932
17.841184
17.454384
17.589178
17.453325
17.183481
17.314702
17.315867
17.318021
17.184576
17.316977
17.588035
17.451015
17.452199
16.703226
16.846105
16.703907
16.536731
16.378261
16.251264
16.128671
16.537382
16.38012
16.249448
16.128075
17.074744
16.955321
16.956432
16.9585
17.075825
16.957497
16.845187
16.70052
16.699472
16.842041
16.377384
16.534085
16.124563
16.245578
16.248582
16.125556
16.533053
16.374346
15.60721
15.750057
15.870842
16.007204
15.60772
15.751627
15.869217
16.006628
15.32512
15.324486
15.749262
15.604917
16.003185
15.865558
15.868405
16.004161
15.603995
15.746469
15.322899
15.323736
15.476306
14.470135
14.314941
14.315508
14.469573
14.114676
14.115242
13.935436
13.717332
13.934964
14.468127
14.314259
14.468894
14.313488
14.113991
14.113218
13.714991
13.931922
13.932799
12.755199
12.911914
12.753776
23.037083
3.7627552
30.237733
13.553958
23.333983
12.908265
12.749474
12.750865
28.376857
27.970239
22.903696
23.023659
25.616962
25.361124
25.537935
25.198505
24.917995
26.627418
25.996933
21.052541
25.993276
25.306856
25.540479
25.52274
25.186827
22.150653
22.361247
22.146278
22.36707
21.498147
21.295015
21.496276
21.29644
22.140636
22.345274
22.354945
22.133185
21.493009
21.290305
21.292473
21.489964
20.462666
20.657095
20.462125
20.657768
19.931832
19.745352
19.931524
19.745615
20.46153
20.655524
20.656159
20.461162
19.931533
19.745592
19.745468
19.931589
19.10519
18.944962
19.242514
19.105031
19.242693
19.105349
18.945173
19.243037
19.242806
19.105596
16.564862
16.408598
16.280671
16.15995
16.56473
16.408204
16.281058
16.160086
16.873282
16.731073
16.731519
16.874603
16.408886
16.565714
16.161448
16.282738
16.281348
16.160981
16.566175
16.410281
15.36916
15.369375
15.788173
15.646903
16.041501
15.906986
15.905601
16.041035
15.647365
15.789544
15.370047
15.369672
15.520669
14.184542
14.184297
14.009035
13.797033
14.009183
14.53163
14.380662
14.531251
14.38104
14.184867
14.185259
13.798079
14.010592
14.010144
13.003728
12.846356
12.845327
24.515319
24.426411
26.574432
25.979632
26.573387
20.955431
26.028642
25.532717
25.129801
24.914359
25.610866
25.339846
24.308037
24.303335
26.574721
25.951353
26.574054
25.939006
25.111136
25.467714
24.689321
24.661731
25.455942
25.128368
23.492854
23.270654
23.309778
23.053576
23.53883
23.376365
23.349518
22.986674
23.817428
23.599644
23.807411
24.132306
24.037714
24.003112
24.003897
24.125384
23.994692
23.609293
23.84989
23.816725
23.243616
23.408509
23.234078
22.954207
23.417984
23.269077
23.243033
21.46825
21.275539
21.477953
21.267486
22.080405
22.293038
22.287879
22.08471
21.447792
21.252645
21.250684
21.450184
19.905389
19.72162
19.908095
19.719197
20.428013
20.622353
20.621241
20.428946
19.900534
19.715441
19.71494
19.901113
18.732223
18.559135
18.560356
18.403519
18.268505
18.402036
18.733748
18.563356
18.561814
18.39948
18.26717
18.400642
19.075419
18.915207
19.213237
19.2129
19.075717
18.915472
18.558303
18.729721
18.557974
18.265177
18.399228
18.398568
18.398689
18.265
18.398373
18.729957
18.558897
18.558188
17.583248
17.446637
17.447525
17.313513
17.180033
17.312352
17.584366
17.449801
17.448611
17.310435
17.179005
17.311297
17.834497
17.704366
17.834219
18.122053
17.973221
17.972678
17.972816
18.121892
17.97253
17.70449
17.834867
17.834354
17.446032
17.581442
17.445773
17.177434
17.310105
17.309689
17.309848
17.177348
17.309594
17.581556
17.446314
17.445877
16.695306
16.838143
16.696245
16.528957
16.370643
16.244535
16.12154
16.529877
16.373287
16.241941
16.120675
17.068825
16.950995
16.950637
16.950806
17.068746
16.950565
16.837614
16.693786
16.693841
16.837781
16.370144
16.527467
16.119301
16.241545
16.24145
16.119268
16.527518
16.370261
15.600427
15.743142
15.864575
16.000223
15.601214
15.745506
15.862154
15.999379
15.318557
15.471269
15.471891
15.317944
15.742692
15.599133
15.998028
15.861738
15.861695
15.998002
15.599142
15.742717
15.31729
15.317513
15.470615
14.464109
14.308859
14.309451
14.463528
14.108521
14.109133
13.929266
13.710318
13.928489
14.462853
14.308416
14.463103
14.308141
14.108054
14.107749
13.708458
13.926704
13.92692
12.744744
12.901372
12.743125
22.797166
27.545665
28.444865
12.897941
12.73732
12.738619
28.18925
28.494115
22.955858
23.002902
25.562642
25.306667
25.511597
25.17423
24.870689
26.624116
26.046555
26.05476
25.32905
25.62624
25.632174
25.307319
22.149741
22.349666
22.13798
22.363627
21.502169
21.295549
21.49527
21.301338
22.17551
22.390398
22.394371
22.172231
21.516839
21.311964
21.31346
21.51503
20.468645
20.66018
20.465564
20.663736
19.937404
19.749048
19.93526
19.750985
20.474619
20.669862
20.670771
20.473826
19.941337
19.75396
19.754487
19.940764
19.109778
19.245968
19.10838
19.247471
19.112188
19.249663
19.250093
19.111781
16.568648
16.412643
16.28335
16.163207
16.568026
16.410906
16.285027
16.163772
16.877447
16.734883
16.734659
16.876781
16.412936
16.569506
16.164325
16.284708
16.285305
16.164524
16.569288
16.412324
15.372473
15.372821
15.791804
15.650119
16.044297
15.90878
15.909325
16.04449
15.649943
15.791275
15.373038
15.373019
15.523763
14.187867
14.18755
14.012036
13.800515
14.012451
14.534427
14.383779
14.534396
14.383818
14.188062
14.188117
13.801242
14.013012
14.01307
13.009084
12.852691
12.852323
24.507709
24.54844
26.569547
26.030268
20.945357
26.027232
25.624164
25.320561
24.773993
25.60747
25.211055
24.898031
24.431451
24.478082
26.56979
25.995033
26.56856
26.567062
25.955209
25.300643
25.562275
24.776346
24.874391
25.5094
25.212657
23.561678
23.37638
23.369488
23.048666
23.533077
23.306524
23.344073
23.077777
23.987621
23.735864
23.955645
24.254763
24.10648
24.120098
24.191977
24.295575
24.154793
23.710503
23.910474
23.92622
23.366586
23.533005
23.34766
23.055377
23.510686
23.310024
23.327659
21.485543
21.275217
21.47731
21.282261
22.142149
22.346662
22.35855
22.132092
21.487681
21.280725
21.285004
21.482236
19.910575
19.721477
19.90803
19.723741
20.447304
20.641523
20.643354
20.445997
19.913956
19.726912
19.72703
19.913642
18.734563
18.563654
18.562521
18.400237
18.267871
18.401432
18.733216
18.559973
18.561243
18.403731
18.269024
18.402645
19.084067
18.923256
19.222426
19.222197
19.084359
18.923595
18.564545
18.737275
18.565174
18.271991
18.405979
18.405663
18.404601
18.271545
18.405232
18.737656
18.56587
18.565584
17.584566
17.449617
17.448763
17.31077
17.179257
17.31159
17.583633
17.44701
17.447862
17.313292
17.180099
17.31246
17.83937
17.70993
17.83999
18.128606
17.979367
17.978998
17.977909
18.128149
17.978532
17.710409
17.840844
17.840463
17.450362
17.586817
17.450973
17.182742
17.315549
17.315129
17.314024
17.18224
17.314632
17.587302
17.451875
17.451464
16.696142
16.840577
16.839822
16.695393
16.529765
16.37286
16.242036
16.120654
16.52903
16.370772
16.244067
16.121332
17.074004
16.956143
16.955698
16.954581
17.073498
16.955186
16.841267
16.698168
16.698689
16.842834
16.373534
16.531781
16.123806
16.246344
16.244732
16.123272
16.532309
16.375144
15.600891
15.744935
15.862171
15.999327
15.600289
15.743131
15.864034
15.999985
15.318866
15.472892
15.472284
15.319455
15.745557
15.602706
16.002427
15.866272
15.864668
16.001894
15.603234
15.747148
15.320592
15.320038
15.474055
14.463917
14.309429
14.309004
14.464388
14.108757
14.108382
13.92687
13.708002
13.927107
14.465332
14.309864
14.464867
14.310288
14.109143
14.109519
13.708428
13.92821
13.927952
12.733839
12.894071
12.732703
27.92103
28.832774
22.914684
23.078312
12.892032
12.727861
12.729181
28.23954
28.551586
23.042679
22.977997
23.040612
25.514898
25.195556
25.511904
25.240268
24.748931
26.628407
26.013572
26.62862
26.045368
25.207212
25.559097
24.823857
25.599558
25.260727
22.131257
22.351542
22.139425
22.342337
21.490107
21.295653
21.495624
21.290842
22.134797
22.355762
22.347991
22.141464
21.489841
21.292963
21.289912
21.493631
20.462293
20.659836
20.465142
20.656615
19.932639
19.748483
19.934716
19.74658
20.460263
20.6562
20.654705
20.461425
19.93052
19.744865
19.744476
19.931041
19.106299
18.946101
19.245359
19.107749
19.243822
19.104307
19.241935
19.241799
19.10439
16.566637
16.409487
16.284095
16.162619
16.567412
16.411691
16.281941
16.161897
16.873136
16.730125
16.729757
16.872048
16.408877
16.564819
16.159677
16.280071
16.281333
16.160098
16.564435
16.407649
15.370847
15.370233
15.788206
15.646057
16.039731
15.9043
15.905635
16.04016
15.645606
15.786857
15.369141
15.369658
15.519788
14.186071
14.186558
14.012146
13.800185
14.011721
14.531082
14.381116
14.531564
14.380652
14.185596
14.185152
13.79909
14.01008
14.010446
13.008745
12.853034
12.853012
24.368196
24.322841
26.568453
25.90281
25.963751
25.421486
25.145526
24.787069
25.499604
25.239516
24.709463
24.503125
24.495768
26.569577
26.018815
26.56669
26.003087
25.247835
25.597405
24.841431
24.804636
25.582224
25.265138
23.452431
23.290724
23.277137
23.45847
23.293688
23.28016
23.006056
23.920323
23.734801
23.958691
24.318412
24.172848
24.17508
24.119315
24.30782
24.162274
23.749829
23.972955
23.972948
23.316085
23.528493
23.340626
23.046659
23.543672
23.361275
23.355508
21.469449
21.269896
21.468765
21.270526
22.135581
22.361554
22.350649
22.1453
21.485552
21.289619
21.284156
21.491957
19.913038
19.7263
19.912492
19.726845
20.449847
20.648556
20.645302
20.452566
19.917548
19.732146
19.730793
19.919149
18.73899
18.567635
18.567002
18.406278
18.273026
18.40665
18.738487
18.566145
18.566504
18.407746
18.273508
18.40714
19.088012
18.927154
19.227006
19.226148
19.088767
18.927816
18.568344
18.741147
18.569027
18.275739
18.409728
18.409521
18.408412
18.275303
18.409043
18.741729
18.569796
18.569553
17.588923
17.453574
17.453099
17.31594
17.183978
17.316343
17.588477
17.452259
17.452659
17.31724
17.18441
17.316779
17.843107
17.713484
17.843589
18.132251
17.982678
17.982548
17.981668
18.131851
17.982181
17.713798
17.844039
17.843929
17.454044
17.590332
17.454451
17.185891
17.318376
17.318328
17.317692
17.18566
17.318078
17.590623
17.454783
17.454721
16.700412
16.844504
16.844085
16.699993
16.843252
16.534051
16.376822
16.246787
16.125157
16.533633
16.375583
16.248015
16.125565
17.077101
16.958761
16.95875
16.958224
17.076887
16.958553
16.844893
16.701499
16.701668
16.84539
16.377177
16.535109
16.126645
16.248713
16.248359
16.126525
16.535265
16.377564
15.60497
15.74876
15.866719
16.003779
15.604583
15.747595
15.867904
16.004182
15.322794
15.476625
15.476289
15.323121
15.749057
15.605799
16.005217
15.868472
15.868212
16.005108
15.605875
15.749288
15.323557
15.323383
15.477083
14.467165
14.312129
14.31193
14.467402
14.111079
14.11093
13.928784
13.708664
13.928892
14.467654
14.312259
14.467572
14.312302
14.111158
14.111151
13.70816
13.928622
13.928825
12.723213
12.887495
12.721443
22.917805
28.540272
28.555425
23.030903
23.030662
12.883638
12.712982
12.715365
28.236447
27.874014
22.968477
22.979172
22.916002
25.654192
25.293087
25.593527
25.229939
24.854861
26.62905
25.993311
26.628401
26.011957
25.215875
25.525847
24.795618
25.549423
25.239096
22.15383
22.37152
22.155037
22.370188
21.501016
21.299688
21.50177
21.299042
22.137635
22.345633
22.351162
22.132483
21.490756
21.286824
21.290169
21.486966
20.463836
20.659783
20.464281
20.659313
19.932007
19.745918
19.932417
19.745514
20.458648
20.651205
20.653432
20.456707
19.928276
19.740939
19.742119
19.926952
19.104288
18.943966
19.24235
19.10467
19.241962
19.101782
19.238405
19.239282
19.100976
18.940872
16.563161
16.406296
16.27975
16.15865
16.563511
16.407339
16.278709
16.158302
16.870353
16.727419
16.727203
16.405933
16.562086
16.157211
16.277937
16.278362
16.157353
16.561888
16.405454
15.367226
15.517572
15.517881
15.366927
15.785199
15.643365
16.037301
15.902344
15.902623
16.037425
15.643288
15.784964
15.366516
15.36668
15.517129
14.183339
14.183531
14.009223
13.797955
14.009022
14.528784
14.378569
14.528871
14.378507
14.183214
14.183178
13.797938
14.008929
14.008807
13.009187
12.856005
12.855274
24.499879
24.516363
26.567596
26.004536
25.992909
25.586225
25.311072
24.836357
25.566926
25.258898
24.87953
24.326858
24.410298
26.575148
25.979611
20.946572
26.574315
25.932867
25.292068
25.529204
25.454188
25.087072
23.555227
23.357449
23.366515
23.072671
23.552664
23.363643
23.366205
23.952314
23.679765
23.895903
24.153317
23.992116
24.025116
24.156407
24.22857
24.091126
23.631007
23.809031
23.838866
23.333524
23.480205
23.297869
22.966115
23.009278
23.438918
23.244357
23.26305
21.493931
21.294624
21.498155
21.290778
22.111743
22.308382
22.324013
22.098935
21.468572
21.262923
21.268983
21.461345
19.917898
19.732399
19.91965
19.730811
20.439822
20.630483
20.634266
20.436523
19.909731
19.721413
19.723509
19.907413
18.740289
18.566822
18.568111
18.409575
18.275213
18.40902
18.741307
18.569655
18.569086
18.40686
18.274319
18.408086
19.082229
18.921661
19.218431
19.220059
19.080713
18.920247
18.565367
18.735881
18.56392
18.269367
18.401963
18.40289
18.405479
18.270526
18.404103
18.734551
18.561687
18.56265
17.589277
17.452458
17.453385
17.318177
17.185264
17.317712
17.590027
17.454587
17.454115
17.316102
17.184571
17.317002
17.840375
17.709229
17.839223
18.126116
17.975792
17.976623
17.978889
18.127226
17.97769
17.708236
17.837389
17.838195
17.451422
17.586175
17.450385
17.180859
17.312456
17.313185
17.315099
17.181744
17.314093
17.585213
17.448705
17.449451
16.700375
16.843284
16.844091
16.701009
16.845177
16.533959
16.375518
16.248485
16.12595
16.534588
16.377337
16.246704
16.125354
17.072179
16.953233
16.953923
16.955693
17.073042
16.954767
16.842389
16.697834
16.697028
16.839991
16.374672
16.531448
16.122251
16.243628
16.245879
16.123005
16.530648
16.372371
15.60461
15.74741
15.868238
16.004518
15.605163
15.749054
15.866558
16.003934
15.322378
15.47525
15.321745
15.746663
15.602465
16.000905
15.863673
15.865791
16.001643
15.601768
15.744593
15.320347
15.321051
14.46626
14.310146
14.310774
14.465645
14.108742
14.109405
13.927321
13.70533
13.926671
14.464299
14.309468
14.464978
14.308779
14.108031
14.107309
13.702693
13.923633
13.924389
12.704895
12.874619
12.702011
22.959446
27.897279
27.736215
22.897487
22.878351
12.867991
12.68965
12.692788
27.855794
27.616299
22.891956
22.835732
22.873636
22.805892
25.54862
25.184339
24.802259
25.567247
25.245963
26.630572
26.017051
26.056
25.183014
25.563615
24.918082
24.748423
25.626209
25.348348
22.127794
22.338767
22.12608
22.339891
21.484973
21.283344
21.482762
21.285486
22.151592
22.378029
22.366493
22.160935
21.50128
21.304174
21.29978
21.506484
20.456908
20.649405
20.455295
20.651152
19.927618
19.740476
19.92632
19.741697
20.465691
20.663877
20.660968
20.468305
19.934271
19.749781
19.74787
19.936309
19.101947
18.941869
19.238283
19.100932
18.940893
19.239338
19.106861
19.246133
19.244497
19.108428
18.948055
16.563255
16.407725
16.278169
16.157947
16.562552
16.405678
16.280197
16.158627
16.873057
16.731601
16.874165
16.732658
16.876187
16.408738
16.566263
16.16249
16.284191
16.281193
16.161486
16.567308
16.411773
15.367961
15.519324
15.518536
15.36874
15.788072
15.647401
16.042517
15.908352
15.90549
16.04153
15.648343
15.790887
15.370546
15.369619
15.521153
14.185695
14.184948
14.010099
13.800179
14.01076
14.532817
14.38174
14.531949
14.382604
14.186522
14.187391
13.80281
14.014158
14.013265
13.016978
12.866216
12.864188
24.359873
24.467884
26.572275
25.996074
25.936676
25.565608
25.36799
24.648652
25.46827
25.09398
24.404555
24.471284
26.570953
25.978621
20.943187
25.936453
25.358721
25.545246
24.757324
25.479922
25.197226
23.511298
23.354731
23.323957
22.997325
23.46091
23.251316
23.282459
23.996777
23.732522
23.952353
24.231277
24.088687
24.100109
24.20848
24.290291
24.150806
23.697088
23.894972
23.909613
23.359957
23.529019
23.342695
23.017124
23.049225
23.500119
23.303602
23.319366
21.469028
21.263422
21.462887
21.268165
22.133261
22.342174
22.349978
22.1276
21.479153
21.276012
21.276898
21.477509
19.906169
19.719378
19.905393
19.719988
20.441364
20.637228
20.636863
20.441925
19.909456
19.723748
19.722924
19.910264
18.732954
18.561442
18.561048
18.401392
18.267705
18.401185
18.73278
18.561104
18.560907
18.401655
18.267796
18.401298
19.081112
18.9205
19.219788
19.219001
19.081874
18.921231
18.561996
18.734663
18.562631
18.269783
18.404066
18.403408
18.40217
18.269172
18.40277
18.735363
18.563983
18.563299
17.583703
17.448124
17.447943
17.311958
17.179387
17.311704
17.583699
17.448202
17.447954
17.311839
17.179345
17.311678
17.837309
17.707769
17.837792
18.12643
17.977418
17.976836
17.975773
18.125847
17.976281
17.708278
17.838882
17.838323
17.448445
17.584683
17.448856
17.180553
17.313444
17.312971
17.312138
17.18013
17.312527
17.58517
17.449814
17.449321
16.695511
16.839244
16.839153
16.6956
16.529086
16.371487
16.243143
16.120818
16.529196
16.371881
16.242728
16.120675
17.071797
16.95385
16.953439
16.952734
17.071393
16.953058
16.839465
16.696082
16.696434
16.371644
16.529574
16.121287
16.243718
16.242872
16.121017
16.529895
16.37253
15.600164
15.743585
15.863194
15.999483
15.600353
15.744119
15.862683
15.999329
15.318117
15.318043
15.743659
15.600288
15.999873
15.863439
15.862771
15.999621
15.600477
15.744279
15.318184
15.318073
14.461908
14.306093
14.306294
14.461735
14.104358
14.104612
13.921798
13.699078
13.92138
14.461645
14.305982
14.461654
14.305944
14.104192
14.104097
13.697993
13.920583
13.920678
12.680816
12.857426
12.678126
22.56282
27.727843
27.869438
22.590922
22.668784
12.852347
12.668143
12.670529
26.653588
27.102503
22.066433
22.23614
22.328488
22.322903
25.544119
25.135865
25.621529
25.346957
26.630285
26.026238
26.05992
25.146837
25.56875
24.841341
24.711295
25.621558
25.275269
22.148518
22.373487
22.157673
22.361666
21.502069
21.304498
21.506144
21.301427
22.140715
22.360204
22.352815
22.146465
21.497598
21.300007
21.297904
21.50028
20.469235
20.665469
20.470136
20.66422
19.938268
19.752074
19.938538
19.751928
20.468274
20.663911
20.66279
20.469227
19.938228
19.752707
19.752081
19.938904
19.110951
18.950608
19.248506
19.110805
18.950421
19.248601
19.111545
19.249644
19.24912
19.112043
18.951724
16.570235
16.414191
16.284999
16.164889
16.569716
16.41258
16.286639
16.165433
16.878848
16.73661
16.736841
16.879545
16.41453
16.571252
16.16669
16.287595
16.286985
16.16649
16.571466
16.415142
15.374373
15.525449
15.524987
15.374842
15.793713
15.652313
16.046709
15.911737
15.911172
16.046513
15.652495
15.794273
15.375499
15.525817
15.375216
14.191665
14.191162
14.016549
13.806961
14.017187
14.537683
14.387228
14.537394
14.387532
14.192071
14.192382
13.808465
14.018814
14.018544
13.026512
12.877073
12.876048
24.405052
24.411473
26.573312
25.989796
26.573173
25.965311
25.540207
25.196204
24.768189
25.515796
25.212202
24.551923
24.45628
26.570636
25.969853
26.569169
20.955233
26.04264
25.159246
25.530342
24.957202
24.734333
25.637539
25.390404
23.477748
23.300583
23.296068
23.007724
23.478204
23.297345
23.295836
23.902212
23.726584
23.944184
24.359821
24.240336
24.208704
24.091786
24.277444
24.140301
23.770342
24.024931
23.999465
23.31517
23.525254
23.340961
23.559511
23.380347
23.367864
21.473488
21.272296
21.471661
21.274058
22.140935
22.367068
22.356046
22.150181
21.489977
21.292805
21.288159
21.495534
19.913853
19.726186
19.912573
19.727392
20.452081
20.650522
20.647959
20.45414
19.918616
19.732284
19.731514
19.91962
18.738412
18.566912
18.566193
18.404747
18.271745
18.405454
18.737598
18.564693
18.565435
18.406825
18.272413
18.406164
19.087635
18.926572
19.226295
19.22599
19.087846
18.926707
18.567501
18.740292
18.567848
18.273679
18.407203
18.40761
18.407352
18.273741
18.407643
18.740356
18.567452
18.567852
17.587223
17.451658
17.451277
17.313927
17.181917
17.314401
17.586734
17.450319
17.450816
17.31519
17.182326
17.314835
17.841402
17.711291
17.841539
18.130025
17.979753
17.980153
17.980098
18.130112
17.980262
17.71116
17.841032
17.841419
17.45191
17.588001
17.451982
17.182765
17.315005
17.315335
17.315418
17.182906
17.315475
17.587865
17.451496
17.451842
16.697915
16.841997
16.697582
16.53124
16.373697
16.244048
16.122192
16.530944
16.372873
16.244842
16.122445
17.073893
16.955088
16.955372
16.955487
17.074029
16.955509
16.84217
16.698343
16.69822
16.37381
16.531566
16.122584
16.244598
16.244951
16.122711
16.531419
16.373428
15.601327
15.745137
15.863711
16.000725
15.601145
15.744536
15.864345
16.000963
15.319138
15.319259
15.745207
15.601465
16.001085
15.864072
15.86442
16.001207
15.601343
15.744886
15.31929
15.319313
15.472927
14.462023
14.306207
14.306195
14.462051
14.104036
14.104074
13.920475
13.697151
13.92044
14.461943
14.306171
14.462026
14.30608
14.103953
14.10382
13.696534
13.919972
13.920148
12.662481
12.845008
12.66343
21.731324
3.3462264
13.143981
30.217683
19.608474
21.789456
12.839314
12.660937
12.669116
11.477265
13.526128
13.513621
19.683095
17.305541
25.573349
25.278184
25.591241
25.26206
24.846652
26.629661
26.035989
25.985127
25.310833
25.589058
24.868015
25.517329
25.177763
22.160837
22.376849
22.160966
22.376637
21.509085
21.307113
21.508887
21.307377
22.149983
22.360685
22.363335
22.147949
21.503613
21.301808
21.303025
21.502312
20.472931
20.667968
20.472656
20.668266
19.941325
19.754709
19.941151
19.754847
20.470749
20.664702
20.665791
20.469684
19.939526
19.752068
19.753087
19.938499
19.113439
18.95298
19.25114
19.113415
18.952978
19.251188
19.111697
19.248449
19.24945
19.110704
18.950275
16.571307
16.414464
16.287619
16.166713
16.571546
16.415171
16.28693
16.166479
16.878516
16.735364
16.734798
16.876861
16.413983
16.569852
16.1647
16.285054
16.28647
16.165178
16.569283
16.412471
15.375518
15.525831
15.526113
15.375241
15.793219
15.651095
16.044786
15.909423
15.910638
16.045237
15.650709
15.792092
15.374554
15.374906
15.525131
14.192378
14.192574
14.019099
13.809157
14.019036
14.536972
14.387262
14.537255
14.387013
14.192143
14.191899
13.80878
14.018457
14.018594
13.030686
12.882753
12.882227
24.468375
24.434091
26.565462
25.931263
26.566941
26.56969
25.969563
25.482256
25.273503
25.532344
25.341154
24.333323
24.539748
26.570384
26.051838
26.568798
20.941796
25.937001
25.37585
25.643055
24.264068
24.940181
25.457079
24.662029
23.536276
23.364402
23.355546
23.069412
23.541151
23.373092
23.358806
23.066588
24.014831
23.736717
23.972927
24.153777
23.817521
24.022876
24.228831
24.343429
24.188081
23.621626
23.673379
23.833114
23.362353
23.519719
23.323229
22.967788
23.02405
23.427131
23.177736
23.249625
21.493608
21.294921
21.498894
21.289872
22.105668
22.291404
22.319956
22.082873
21.460782
21.251243
21.261401
21.44844
19.914636
19.729862
19.917344
19.727419
20.434086
20.622175
20.628045
20.429174
19.905317
19.716831
19.719507
19.902289
18.736718
18.56326
18.564357
18.406443
18.271617
18.405434
18.738029
18.566656
18.565564
18.4034
18.270642
18.404352
19.079341
18.919549
19.215183
19.216877
19.078031
18.918945
18.562427
18.733951
18.561736
18.26773
18.397711
18.400993
18.402701
18.268734
18.402107
18.732866
18.556942
18.560459
17.585752
17.449524
17.449895
17.314533
17.181527
17.314007
17.586336
17.450991
17.450418
17.313209
17.181101
17.313535
17.83807
17.70783
17.837765
18.124695
17.972362
17.975174
17.976453
18.125594
17.97608
17.707101
17.834383
17.836957
17.449322
17.584856
17.449137
17.179903
17.310125
17.31221
17.313037
17.180521
17.312857
17.584203
17.446299
17.448498
16.696998
16.84072
16.697287
16.530153
16.372427
16.24431
16.121802
16.530448
16.373116
16.24369
16.121586
17.071407
16.952781
16.953375
16.953631
17.071828
16.953545
16.840716
16.696886
16.696549
16.839276
16.372425
16.529907
16.12104
16.241354
16.243696
16.121459
16.529406
16.370073
15.600556
15.744203
15.863822
16.000354
15.600713
15.744658
15.86331
16.000157
15.318529
15.318492
15.744193
15.600447
15.999656
15.861306
15.863305
16.000048
15.600419
15.742779
15.318609
15.31855
15.472552
14.461037
14.305054
14.305175
14.46093
14.102613
14.102755
13.919335
13.694943
13.919167
14.460761
14.304954
14.460863
14.304816
14.102513
14.102407
13.694452
13.919198
13.919112
12.648007
12.836598
12.646843
21.477935
26.518936
26.127955
21.981231
21.815242
12.834015
12.645149
12.645232
27.130834
26.554648
21.451405
21.710257
25.706421
25.310691
25.655929
25.240217
24.872938
26.62143
25.93687
26.052504
25.167454
25.452715
25.583076
25.225464
22.155424
22.370933
22.154578
22.372173
21.502876
21.301295
21.502836
21.301154
22.146961
22.355087
22.36021
22.142347
21.499693
21.296421
21.298856
21.496708
20.466731
20.662548
20.467261
20.662078
19.935088
19.749202
19.93567
19.748643
20.466435
20.660179
20.661434
20.465474
19.935598
19.748979
19.749379
19.935156
19.107512
18.947275
19.24561
19.107923
18.947614
19.245153
19.108747
19.246197
19.246265
19.108915
18.949821
16.568663
16.413004
16.284819
16.164102
16.568429
16.412204
16.285651
16.164377
16.878137
16.736333
16.736571
16.878376
16.413742
16.570594
16.166284
16.285492
16.28637
16.166209
16.570648
16.412914
15.374276
15.525478
15.37475
15.79338
15.652177
16.046394
15.909986
15.910697
16.046312
15.65256
15.793193
15.375905
15.375349
15.526821
14.192032
14.191732
14.018516
13.808758
14.01876
14.537795
14.38755
14.537481
14.387816
14.192381
14.192674
13.809643
14.020395
14.020011
13.032116
12.887948
12.887357
11.966007
13.274865
11.994615
13.272217
11.996368
13.269856
11.996372
21.054559
13.273835
11.993989
21.056415
13.276355
12.003269
13.275114
11.99388
21.051391
13.277199
11.985442
21.051622
13.285223
11.99406
13.290262
12.000245
13.290659
11.91734
11.894526
13.433944
13.440733
13.172956
6.3227045
13.179373
11.983691
13.534413
13.532251
13.27291
11.881962
11.870992
13.441852
13.446164
13.180414
13.184022
11.994268
21.051724
13.531532
13.528798
13.269753
11.869871
11.871076
13.445964
13.440368
13.183698
13.177234
11.994223
21.052175
13.528843
13.531647
13.273175
11.870494
20.94538
11.8919
13.439309
13.434303
13.176026
13.169684
11.985104
21.052371
13.532228
13.534199
13.276421
11.880812
20.952112
11.880786
20.948707
13.434082
13.433617
13.16923
13.166924
11.986936
21.050138
13.534032
13.532139
13.275176
11.864287
20.942605
11.87097
20.945225
13.433478
13.430675
13.166494
13.161457
11.993773
21.050976
13.53197
13.532607
13.276568
11.871442
11.888252
20.952509
13.429885
13.422562
13.16033
13.150673
11.987044
21.052655
13.533126
13.539347
13.284187
11.887964
11.877013
20.94665
13.4216
13.417409
13.149377
13.142803
11.993454
21.054587
13.540262
13.544208
13.289967
11.877356
11.869893
13.417056
13.414179
13.142132
13.137908
11.99773
13.544391
13.543965
13.290614
11.870026
11.919569
13.41369
13.409538
13.137181
13.132871
11.963302
21.028215
13.543923
13.542977
13.290087
21.896871
22.44777
22.545914
21.844679
20.244726
20.812367
20.832887
20.23157
19.348712
19.356817
11.977317
23.711384
24.21348
24.243563
23.697953
17.744162
18.159052
18.160536
17.743324
17.111883
17.111606
12.551905
13.275763
12.550037
21.933497
22.54145
21.914604
22.574094
20.272888
20.856079
20.264922
20.865803
19.371629
19.378348
11.994391
21.053139
23.701907
24.344442
23.775711
24.247453
17.737394
18.15651
17.739664
18.154053
17.106464
17.104224
12.559769
13.27054
12.567167
21.900818
22.551424
21.917302
22.519794
20.263324
20.858316
20.268644
20.851146
19.377107
19.373165
11.978148
23.771384
24.2408
23.704297
24.360303
18.945046
18.944664
17.735968
18.152158
17.735667
18.152472
17.102618
17.102939
12.578577
13.270818
12.584426
21.882458
22.569886
21.920895
22.505189
20.247456
20.849083
20.257338
20.833421
19.366003
19.360237
11.985341
23.763239
24.202608
23.672091
24.330794
18.950585
18.946909
17.740507
18.154474
17.738041
18.157305
17.105129
17.107146
12.59201
13.275559
12.595018
21.92639
22.526885
21.895204
22.573877
20.259972
20.8386
20.250626
20.853096
19.361775
19.367056
11.994065
21.05227
23.678722
24.274572
23.726574
24.216103
17.736387
18.15595
17.739264
18.152757
17.106059
17.103585
12.595942
13.275818
12.5937
21.89832
22.520843
21.896118
22.523123
20.259536
20.845162
20.257909
20.846798
19.368707
19.370314
11.990962
21.052944
23.746929
24.287303
23.741873
24.314124
18.94332
18.94444
17.7339
18.151566
17.734943
18.150496
17.101761
17.100732
12.588562
13.27524
12.584454
21.919364
22.575155
21.933691
22.560754
20.262233
20.862238
20.268455
20.853396
19.374143
19.37029
11.996345
23.684895
24.261748
23.705708
24.218467
17.734632
18.148472
17.732278
18.150981
17.099676
17.101835
12.581186
13.279788
12.593752
21.907307
22.497532
21.880638
22.550858
20.253067
20.835123
20.249663
20.842589
19.362469
19.363474
12.001648
21.058647
23.678403
24.371415
23.789856
24.193594
18.950003
17.741472
18.156923
17.740211
18.158033
17.106968
17.108433
12.600782
13.28783
12.614203
21.90393
22.524275
21.898133
22.530136
20.26149
20.845155
20.257246
20.850029
19.36756
19.370696
11.993781
23.754776
24.303727
23.749974
24.314866
17.742419
18.159631
17.742875
18.159304
17.10959
17.108984
12.634327
13.290654
12.642658
21.919333
22.578695
21.935933
22.565292
20.25831
20.862698
20.267789
20.849999
19.372064
19.366406
11.985787
21.052499
23.754154
24.286345
23.736732
24.326878
17.739018
18.155347
17.738841
18.155191
17.106146
17.106736
12.650384
13.291222
12.651067
11.874464
20.948301
11.865052
22.633853
22.900363
22.757357
22.736653
23.018772
23.0685
22.768368
21.677935
21.027432
21.051586
21.635521
21.906976
22.538085
22.557464
21.911825
21.687138
21.071693
21.058094
21.695993
20.069587
19.519239
19.528099
20.057871
20.248695
20.852397
20.838636
20.261282
20.073109
19.540611
19.530594
20.085083
19.368481
19.359066
13.437094
13.437792
12.478158
13.175938
12.494804
13.633481
13.672088
13.17661
12.498356
12.496483
23.042339
13.669325
13.67078
24.374636
24.712676
24.419468
24.765802
11.999733
21.058962
24.601653
24.962408
24.447358
23.516718
23.50394
22.748471
23.032782
22.767824
23.732354
24.407253
24.271726
23.808579
23.534754
23.594614
22.802329
22.778041
21.936682
22.550696
22.566917
21.920731
21.72042
21.08572
21.096242
21.705699
21.941389
22.594044
22.57564
21.948278
21.724178
21.09941
21.097994
21.728989
20.287275
20.867978
20.877217
20.281518
20.111539
19.565031
19.568597
20.106511
20.287604
20.879374
20.878515
20.287543
20.11164
19.567423
19.568189
20.111394
18.767597
18.301728
18.303354
18.764466
19.393871
19.397001
18.766685
18.300204
18.302326
18.765049
19.395556
19.396483
17.621759
17.219044
17.219497
17.621202
17.743032
18.157187
18.159464
17.740393
17.620613
17.215271
17.218318
17.617866
17.107315
17.110433
13.535261
13.534556
23.391371
13.702873
13.721278
13.275115
12.557442
12.551514
13.714846
13.714173
11.872469
20.947182
24.764669
24.868257
11.872204
22.741088
23.025691
23.072793
22.779669
22.770145
23.062629
23.075691
22.783729
21.714972
21.075287
21.698991
21.08599
21.937142
22.565191
22.578561
21.926448
21.718083
21.081648
21.087776
21.708584
20.096269
19.543869
20.088649
19.550768
20.273963
20.86213
20.867313
20.270954
20.09729
19.550459
19.551744
20.094817
19.378325
19.379326
13.44478
13.445449
12.498595
13.183073
12.497583
13.66952
13.670925
13.183641
12.49563
12.497074
13.673217
13.670856
22.963675
24.528321
24.878049
24.427513
11.994092
21.052381
24.423969
24.776462
24.441319
24.797257
23.503457
23.568997
22.790983
23.084354
23.034643
22.748713
23.705729
24.244129
24.258676
23.699769
23.504874
23.501668
22.746965
22.744769
21.920428
22.584995
21.943488
22.548239
21.705343
21.096963
21.725006
21.084669
21.915782
22.546245
22.543672
21.917303
21.701033
21.080858
21.081539
21.701928
20.279151
20.877265
20.286149
20.866685
20.103987
19.566549
20.11017
19.562102
20.277173
20.862888
20.863907
20.275627
20.102202
19.559168
19.560742
20.100601
18.761421
18.299537
18.764387
18.29698
19.394757
19.390715
18.945977
18.944611
18.760476
18.295006
18.296181
18.75916
19.387928
19.38946
17.614872
17.214445
17.617115
17.212218
17.736731
18.152165
18.153296
17.735697
17.614231
17.210654
17.21162
17.613218
17.102671
17.103633
13.529765
13.529355
22.878936
13.716627
13.722304
13.270167
12.576377
12.569428
23.210588
13.7317
13.724953
23.093791
11.895067
24.85212
24.6374
11.880697
20.951125
22.755025
23.046175
22.995683
22.715972
22.782206
23.080173
23.008805
22.726368
21.687315
21.077085
21.700823
21.068905
21.904879
22.573111
22.528337
21.92384
21.69027
21.07201
21.069524
21.703513
20.087884
19.549102
20.092826
19.544962
20.262539
20.851721
20.851265
20.259648
20.086941
19.539701
19.543789
20.083525
19.367831
19.371969
13.444258
13.443401
12.495791
13.181624
12.493893
13.678843
13.677282
13.180656
12.483094
12.489957
13.658099
13.6733
23.019024
24.416915
24.763423
24.554111
11.990061
24.385143
24.738944
24.513713
24.869796
23.561085
23.507627
22.753941
23.07226
22.777928
23.755109
24.206925
24.326653
23.672086
23.548403
23.477432
22.733209
23.01581
23.064265
22.771526
21.930035
22.552803
21.921687
22.571596
21.711908
21.082696
21.705562
21.085559
21.926996
22.535155
22.56621
21.912861
21.709455
21.080873
21.084389
21.699039
20.277394
20.864308
20.276241
20.866543
20.102016
19.559357
20.101061
19.55995
20.277052
20.863427
20.86566
20.27692
20.101777
19.560609
19.559892
20.101985
18.759555
18.295008
18.759195
18.29533
19.388067
19.388587
18.945086
18.946001
18.759618
18.296508
18.295442
18.760581
19.389355
19.388562
17.613483
17.210604
17.613182
17.210921
17.736136
18.153692
18.152598
17.737313
17.613665
17.212419
17.211141
17.614869
17.104465
17.10317
13.529602
13.53003
13.734309
13.743485
13.271321
12.590785
12.5862
23.178575
13.757413
13.747394
11.891823
24.691182
11.8876
20.951537
22.778716
23.076164
22.703553
22.70184
22.985029
22.962856
22.682883
21.668575
21.069277
21.700599
21.050674
21.871442
22.503451
22.487053
21.881013
21.659442
21.050045
21.045622
21.667328
20.072652
19.537791
20.081324
19.531509
20.245075
20.832955
20.829278
20.247277
20.070629
19.531381
19.530162
20.072512
19.360093
19.359028
13.436459
13.435716
12.48166
13.172666
12.478008
13.655966
13.652203
22.827551
13.171732
12.473609
12.476898
13.647358
13.651299
22.942554
24.378641
24.729459
24.516484
11.986718
21.052316
24.517372
24.87146
24.54907
24.900293
23.558146
23.477931
22.734236
22.78534
23.789769
24.3317
24.363171
23.763961
23.58206
23.558848
22.78621
23.077791
23.095353
22.800933
21.941256
22.536323
21.91446
22.580597
21.723209
21.082567
21.700722
21.096021
21.949197
22.581499
22.594072
21.942022
21.729772
21.096288
21.099708
21.723863
20.285855
20.865065
20.278325
20.876534
20.109997
19.56172
20.10331
19.566675
20.287723
20.876687
20.879599
20.285762
20.11162
19.566439
19.567816
20.109853
18.764918
18.297312
18.761458
18.300288
19.390406
19.394964
18.95139
18.950298
18.765668
18.299983
18.300909
18.764631
19.394709
19.395998
17.617945
17.213094
17.615582
17.215189
17.740991
18.156994
18.157888
17.740178
17.618401
17.214849
17.215573
17.617612
17.106807
17.10751
13.533707
13.534017
13.761037
13.766799
13.275957
12.596212
12.595579
23.176317
13.767846
13.767696
11.871418
11.869756
20.944309
22.728862
23.016932
22.781741
22.733599
23.020886
23.070784
22.777042
21.706073
21.056835
21.679178
21.073761
21.926066
22.532504
22.570667
21.903393
21.706261
21.066003
21.074732
21.687888
20.083564
19.533272
20.075373
19.539084
20.261134
20.847653
20.85417
20.258962
20.084714
19.540481
19.540153
20.083424
19.368727
19.368093
13.433847
13.433819
12.472513
13.168243
12.469144
22.850249
13.645396
13.637864
13.167953
12.461679
12.467534
13.627814
13.635939
24.454149
24.803844
24.395027
11.995677
21.053062
24.471732
24.413007
24.765208
23.482919
23.526663
22.766547
23.018548
22.734616
23.692091
24.289231
24.233887
23.733759
23.494088
23.532193
22.767378
23.025344
22.739518
21.91166
22.564565
21.931888
22.535629
21.69766
21.091291
21.715388
21.079513
21.912634
22.564038
22.539249
21.927914
21.698128
21.085581
21.079147
21.710691
20.275851
20.872453
20.283027
20.862146
20.100962
19.56465
20.107433
19.559654
20.275184
20.866679
20.86165
20.277448
20.10028
19.559582
19.558972
20.101976
18.759645
18.298888
18.763367
18.295571
19.393061
19.388401
18.944395
18.944339
18.759001
18.294501
18.294938
18.758823
19.388111
19.387726
17.613948
17.214072
17.616735
17.211527
17.735769
18.15162
18.152128
17.735064
17.613332
17.209975
17.210916
17.612567
17.101984
17.102976
13.533186
13.53288
23.278888
13.767795
13.766236
13.275614
12.589884
12.592899
13.75834
13.764277
11.881378
20.952189
11.86809
20.945566
22.720465
23.006067
22.722147
22.776065
23.067762
23.026208
22.738269
21.68386
21.062821
21.681845
21.064493
21.906392
22.571251
22.536693
21.930542
21.690673
21.081491
21.068592
21.71161
20.084314
19.540341
20.082682
19.541961
20.261668
20.861085
20.850262
20.267976
20.08615
19.546375
19.543191
20.09143
19.374141
19.371411
13.432755
13.43238
12.459494
13.164851
12.451056
22.983255
13.623548
13.608935
13.164156
12.435073
12.447451
13.582124
13.603593
24.463551
24.805427
24.499736
12.000845
21.056864
24.439966
24.439469
24.784666
23.54185
23.540981
22.774655
22.770656
23.720164
24.257036
24.262752
23.703767
23.520835
23.503014
22.742448
22.76052
21.929343
22.570551
21.932112
22.566565
21.711885
21.08761
21.71424
21.086045
21.924338
22.540823
22.558132
21.910772
21.707614
21.075049
21.083306
21.695461
20.277057
20.868334
20.278313
20.8669
20.101432
19.559915
20.102665
19.558726
20.27542
20.857334
20.864515
20.270673
20.099966
19.554672
19.557622
20.095793
18.75777
18.294472
18.758882
18.29339
19.388367
19.387192
18.940427
18.756986
18.291155
18.292712
18.755082
19.383504
19.386173
17.611386
17.20977
17.612424
17.208739
17.733339
18.148398
18.149851
17.732165
17.61085
17.20742
17.208272
17.609761
17.099504
17.100286
13.531753
13.531811
13.757051
13.753418
22.996947
13.275416
12.581056
12.583345
22.915023
13.757485
13.752574
23.025932
11.870903
20.945974
11.868996
24.639203
24.85208
22.77983
23.070995
23.060766
22.766778
22.688065
23.039161
22.747408
21.700922
21.082966
21.714321
21.073031
21.907282
22.493302
22.543194
21.878784
21.690443
21.051987
21.066378
21.666666
20.086186
19.546432
20.091765
19.542252
20.258536
20.835315
20.847688
20.250231
20.082942
19.534434
19.539947
20.075535
19.363124
19.368196
13.426922
13.425813
12.430172
13.15637
12.411757
23.069856
13.574302
5.3014684
13.551612
13.154928
12.382277
12.404881
7.0967379
13.519496
13.543535
24.445597
24.39472
24.743726
12.001555
21.058569
24.563861
24.403875
23.489569
23.503874
22.740639
23.028934
22.741334
23.698059
24.375274
24.229752
23.793794
23.502534
23.583518
22.796525
23.092494
22.752392
21.915431
22.538708
21.908767
22.541878
21.70049
21.074003
21.693686
21.079939
21.922924
22.58883
22.552153
21.943276
21.707102
21.094907
21.084398
21.724031
20.274579
20.856487
20.270252
20.861986
20.099489
19.55453
20.095465
19.557887
20.277375
20.875136
20.865911
20.284151
20.102033
19.565095
19.559907
20.108293
18.757843
18.291214
18.755088
18.293784
19.383403
19.386604
18.759407
18.299084
18.295201
18.763607
19.39344
19.388504
17.612196
17.207581
17.609887
17.209775
17.735887
18.156135
18.152353
17.73942
17.613418
17.214191
17.210909
17.616882
17.10617
17.102943
13.535442
13.536395
13.767396
13.779772
23.896835
13.280846
12.596942
12.596656
13.782352
13.778674
23.928429
11.866881
20.94271
24.927633
11.867286
24.921299
22.693132
22.972153
23.0548
22.758375
22.731681
23.060631
22.764449
21.688781
21.052029
21.667916
21.061733
21.912001
22.531337
22.556836
21.902448
21.692925
21.064097
21.064416
21.686692
20.077549
19.533772
20.074915
19.535036
20.254563
20.845602
20.844894
20.256788
20.078862
19.538457
19.535966
20.081269
19.366755
19.364317
13.419292
13.418716
12.373854
13.146065
12.346575
22.733968
13.512194
13.497226
13.145147
12.308635
12.337262
13.505446
13.493884
24.560273
24.915367
24.362536
24.702636
12.001922
21.058713
24.489848
24.368714
23.487234
23.579704
22.793791
23.089291
22.746717
23.678485
24.307233
24.198081
23.747448
23.486101
23.543454
22.772807
23.06366
22.743554
21.924282
22.586542
21.942348
22.548518
21.709639
21.095093
21.723464
21.089239
21.921881
22.568968
22.54532
21.933323
21.707615
21.092612
21.088214
21.716529
20.283318
20.875478
20.284775
20.871188
20.108057
19.565849
20.108967
19.565961
20.28306
20.873999
20.870413
20.285317
20.107909
19.567656
19.566027
20.109938
18.765215
18.299873
18.764387
18.300924
19.394207
19.39453
18.950916
18.952248
18.765425
18.302276
18.301171
18.766693
19.396185
19.39464
17.618981
17.214989
17.617674
17.21642
17.741751
18.15934
18.158289
17.742663
17.619268
17.217493
17.216728
17.62014
17.109484
17.108746
13.542522
13.543088
13.776554
13.780026
23.097313
13.28851
12.630699
12.618488
13.792814
13.784273
11.876809
20.946719
24.754692
11.895315
22.724271
23.009942
23.014604
22.729821
22.784802
23.080727
23.028588
22.742768
21.689015
21.063136
21.683385
21.068209
21.911939
22.577576
22.541949
21.933897
21.695909
21.083332
21.0725
21.714545
20.085896
19.539251
20.081875
19.5426
20.263764
20.862527
20.85368
20.268296
20.08785
19.545413
19.543865
20.091395
19.372922
19.371801
13.415931
13.415505
12.299021
13.140668
12.237911
13.50746
13.734262
13.140235
12.250765
12.20367
21.726589
13.50886
13.931822
24.483976
24.831786
24.496811
11.98034
21.050301
24.407536
24.748557
24.508433
23.55045
23.547692
22.779392
23.069991
23.070061
22.778883
23.748852
24.235224
24.320313
23.706927
23.543182
23.512024
22.761322
22.772116
21.93809
22.575341
21.937834
22.574734
21.720901
21.09478
21.720343
21.095748
21.934716
22.560498
22.568735
21.930261
21.71822
21.091091
21.094405
21.714239
20.28709
20.875791
20.286392
20.876742
20.111456
19.568311
20.11087
19.568584
20.286365
20.872433
20.875642
20.283345
20.110784
19.56504
19.567974
20.107792
18.767009
18.302597
18.76711
18.302321
19.39678
19.396965
18.766411
18.299056
18.301718
18.763627
19.393444
19.396361
17.619835
17.217616
17.620327
17.217029
17.741834
18.156108
18.158704
17.739472
17.619259
17.21449
17.216483
17.616986
17.10656
17.108451
13.544434
13.544326
23.405261
13.796043
13.806236
13.290662
12.649286
12.64466
13.822768
13.810489
11.879781
20.950573
24.910651
24.848626
11.85941
22.784552
23.077615
23.068146
22.773158
22.640682
22.90706
23.058858
22.759204
21.699824
21.083844
21.716269
21.070002
21.904869
22.45444
22.549449
21.850773
21.686813
21.034299
21.061426
21.641684
20.082188
19.544576
20.090757
19.538305
20.253819
20.819501
20.842666
20.239249
20.078385
19.526959
19.536008
20.065628
19.356355
19.364454
13.412375
13.41207
12.256378
13.13567
12.257279
13.461108
13.434344
13.13533
12.241206
12.256135
13.374788
13.425792
22.127844
24.4649
24.810989
24.51519
11.989582
21.055856
24.401845
24.747546
24.406234
24.744558
23.548502
23.535501
22.770409
23.06001
23.067553
22.776016
23.711702
24.23463
24.235117
23.701422
23.517757
23.503308
22.742773
22.766609
21.93327
22.567023
21.932046
22.571207
21.715731
21.090754
21.715203
21.089876
21.931062
22.544825
22.564473
21.915252
21.714196
21.080348
21.089389
21.700321
20.280868
20.871884
20.282466
20.870719
20.105228
19.564044
20.106859
19.5626
20.280943
20.862559
20.870415
20.276019
20.105399
19.55967
19.563009
20.101019
18.762
18.298252
18.762723
18.297951
19.392449
19.391114
18.948055
18.945863
18.762708
18.29687
18.298707
18.759471
19.388577
19.391575
17.616671
17.214035
17.616399
17.214564
17.739807
18.15425
18.155973
17.73864
17.617459
17.214416
17.215334
17.61654
17.107264
17.107484
13.544294
13.54454
23.412553
13.827089
13.842436
13.291496
12.635564
12.650053
22.487382
13.810268
13.846505
23.224016
26.34884
21.090197
11.997776
26.348978
14.713314
14.860993
14.862406
14.712028
13.00134
13.276334
21.059305
26.317523
12.002012
26.318859
14.70633
14.856031
14.707209
14.855136
13.000816
13.271581
21.057239
26.316314
12.001109
26.315014
14.703265
14.851993
14.703233
14.852024
13.000655
13.270073
26.316671
21.058372
12.001621
26.315383
14.706174
14.854483
14.705703
14.854966
13.00614
13.274472
21.05817
26.316684
12.001352
26.317605
14.705755
14.855029
14.70626
14.854503
13.009459
13.276213
21.053243
26.316069
11.991154
26.314724
14.702065
14.851065
14.702398
14.850724
13.008466
13.2751
21.051737
26.316061
11.993983
26.315814
14.702146
14.850241
14.701678
14.850707
13.011044
13.277955
21.051217
26.316152
11.982908
26.315226
14.708367
14.856312
14.707693
14.856987
13.020851
13.286182
26.315131
21.050813
11.981364
26.314711
14.710305
14.858986
14.710389
14.858896
13.028825
13.290468
21.054703
26.319131
11.990292
26.317256
14.708871
14.857305
14.708794
14.857391
13.031263
13.290772
20.974574
26.275816
11.874407
26.308347
20.955563
26.234565
11.89305
26.23654
15.127218
14.944416
14.946309
15.125456
15.131039
14.951193
14.949959
15.13232
14.635612
14.78591
14.787805
14.633853
13.706502
13.435698
14.639408
14.792742
14.791533
14.640602
13.439643
13.712816
12.902237
13.174784
14.038826
4.0349993
30.443943
13.178354
12.910069
28.076137
28.261764
21.050382
26.317044
11.98137
26.31873
15.196072
15.016573
15.017977
15.194802
15.191581
15.012357
15.013423
15.190532
13.803977
13.535771
14.709194
14.857011
14.708168
14.858064
13.533008
13.801019
13.273637
13.001225
20.947735
26.238186
11.869738
26.239064
20.94581
26.231413
11.871385
26.231855
15.135078
14.952521
15.133696
14.953858
15.139608
14.958439
14.958262
15.139787
14.643154
14.79404
14.641876
14.795344
13.713924
13.442937
14.647373
14.799819
14.799644
14.647549
13.446148
13.718373
12.911019
13.181415
27.545141
28.204017
13.184123
12.913713
28.629575
27.951074
21.051614
26.315392
11.994079
26.314944
15.188679
15.011369
15.01047
15.189562
15.185884
15.00742
15.007616
15.185697
13.800196
13.530869
14.703511
14.852074
14.703312
14.852275
13.528867
13.796816
13.269767
13.000302
20.945729
26.235604
11.868125
26.233497
26.233607
20.944398
11.869633
26.233034
15.13945
14.958381
15.139725
14.958114
15.135984
14.953823
14.954707
15.135086
14.647249
14.799764
14.6475
14.799503
13.718212
13.445566
14.643949
14.795271
14.796144
14.643089
13.441424
13.713077
12.913305
13.18317
28.660602
27.970726
13.178431
12.905484
28.446891
27.779273
21.053419
26.314497
11.995744
26.314863
15.185673
15.007346
15.007382
15.18563
15.187195
15.009382
15.008889
15.187695
13.79678
13.528998
14.704736
14.853983
14.705212
14.853501
13.531072
13.799063
13.272516
13.005335
20.946161
26.237457
11.868739
26.234775
26.234946
20.95146
11.887692
26.236635
15.13336
14.952949
15.134197
14.952127
15.131366
14.950314
14.950148
15.131546
14.641439
14.794409
14.642239
14.793597
13.712107
13.438283
14.639442
14.791761
14.791613
14.639567
13.434639
13.707938
12.904078
13.174841
29.056644
28.157043
13.170242
12.896166
28.437496
28.082972
21.052119
26.314868
11.986476
26.316779
15.188725
15.009895
15.010392
15.188217
15.189577
15.010907
15.011225
15.189247
13.799579
13.532786
14.706968
14.855465
14.706677
14.855771
13.534262
13.8011
13.276385
13.009448
20.946122
26.237388
11.868863
26.238357
20.950899
26.232451
11.882882
26.232696
15.132357
14.95064
15.13189
14.951087
15.135101
14.954216
14.953755
15.135571
14.640234
14.792063
14.639843
14.792484
13.707872
13.433951
14.642671
14.795497
14.795049
14.6431
13.433716
13.708635
12.895415
13.168857
29.00936
28.42424
13.167306
12.890434
28.032353
28.980949
21.049554
26.316062
11.986085
26.314686
15.188218
15.010455
15.009911
15.188779
15.185466
15.00679
15.007201
15.185055
13.800862
13.533789
14.703166
14.851436
14.702763
14.851845
13.532349
13.798511
13.275282
13.008523
26.234236
20.949024
11.879164
26.235172
20.945207
26.231742
11.870856
26.231099
15.136404
14.954642
15.136004
14.955032
15.13754
14.956003
14.956104
15.137448
14.643852
14.79591
14.643494
14.796286
13.708688
13.433294
14.644744
14.79717
14.797282
14.644618
13.431351
13.707357
12.889539
13.166009
28.317686
28.594712
13.162469
12.880449
27.900359
28.250098
26.314987
21.051306
11.993993
26.315227
15.184332
15.006415
15.006069
15.18468
15.183292
15.005208
15.005083
15.183407
13.798282
13.531845
14.701221
14.849942
14.701371
14.849805
13.532222
13.798438
13.276064
13.010265
26.231773
20.94607
11.871839
26.231179
20.95595
26.236934
11.892223
26.235208
15.136814
14.955756
15.137206
14.955364
15.133608
14.951618
14.952197
15.133026
14.643959
14.796918
14.644355
14.796526
13.706786
13.428985
14.640857
14.792832
14.793405
14.640283
13.423601
13.701003
12.878642
13.159096
27.40606
28.785275
13.152047
12.86356
27.455521
28.861887
26.317629
21.053076
11.985672
26.315903
15.184157
15.0055
15.005964
15.183693
15.188239
15.010847
15.009997
15.189096
13.798886
13.533781
14.706092
14.855543
14.706928
14.854699
13.538379
13.80465
13.283092
13.019542
20.953564
26.234768
11.891897
26.233883
20.955097
26.234253
11.895439
26.234633
15.132208
14.951145
15.132554
14.950793
15.132101
14.950771
14.950619
15.132265
14.639439
14.792359
14.639805
14.792004
13.700265
13.420731
14.639097
14.791901
14.791765
14.63921
13.41779
13.697591
12.861425
13.148175
27.987903
28.679273
13.143529
12.849588
28.11061
28.093662
21.049694
26.316731
11.980058
26.314854
15.190544
15.011617
15.012291
15.18987
15.192384
15.014245
15.014154
15.19247
13.805499
13.541104
14.710278
14.858982
14.71038
14.858883
13.543931
13.809003
13.289577
13.028157
20.953047
26.234855
11.893989
26.235373
20.945119
26.236772
11.868821
26.236366
15.132604
14.950934
15.13244
14.95109
15.132646
14.950987
14.951155
15.132456
14.639457
14.792051
14.639336
14.792194
13.697439
13.416706
14.639421
14.792069
14.792234
14.639248
13.414641
13.695909
12.848302
13.141539
28.815872
28.869022
13.138751
12.839233
28.333596
28.509653
21.058304
26.316196
12.000988
26.315356
15.192343
15.01424
15.014138
15.192457
15.190786
15.012501
15.012717
15.190535
13.809137
13.544483
14.709053
14.857378
14.708865
14.857576
13.544064
13.808548
13.290616
13.031068
20.953625
26.236822
11.883541
26.237541
20.975116
26.275489
11.877599
26.313588
15.132026
14.950793
15.132236
14.950614
15.131415
14.948407
14.950141
15.129814
14.638864
14.791879
14.639051
14.791702
13.695566
13.413201
14.638135
14.789368
14.791105
14.636533
13.411177
13.692482
12.838605
13.136578
28.712652
28.988654
13.134599
12.830431
26.804828
28.596071
21.089133
26.35038
11.994523
26.349818
15.190475
15.012416
15.012502
15.190418
15.192139
15.012693
15.014232
15.190736
13.808524
13.543959
14.710209
14.857377
14.858926
14.708787
13.544465
13.80812
13.29164
13.029394
22.119744
21.881184
22.47862
22.259516
22.339167
22.516906
21.862957
22.05529
20.429724
20.241223
20.820864
20.607024
20.624469
20.827019
20.237593
20.414717
19.07344
19.352962
19.204334
19.210978
19.355039
19.067963
26.619903
26.647421
21.056955
26.315027
11.973182
26.310419
26.63838
23.922313
23.710985
23.922912
24.252964
24.090946
24.119612
24.111828
24.243869
24.112648
23.714116
23.90632
23.927807
17.873571
17.745127
17.874534
18.161627
18.010171
18.012456
18.011445
18.161505
18.012383
17.74531
17.8726
17.874669
17.112943
16.995487
16.995676
16.994065
17.11256
16.995061
16.884302
15.797963
15.915681
15.915402
15.798303
14.540247
14.388969
14.389609
14.538965
14.71312
14.861348
14.862183
14.71234
12.841433
12.55014
13.276255
13.003148
12.549085
12.842391
21.927255
22.154933
22.344401
22.552156
21.920228
22.132332
22.371607
22.564672
20.270871
20.459431
20.646805
20.859675
20.26815
20.451029
20.655779
20.863066
19.092999
19.224951
19.374408
19.086604
19.231506
19.376684
26.629917
26.628148
21.055534
26.31625
11.996712
26.316284
26.628162
23.707678
23.917146
23.920551
24.201601
24.275033
24.141639
23.733726
23.999332
23.948688
24.111414
24.244592
24.111956
17.738143
17.866899
17.867675
18.007271
18.155742
18.006517
17.738914
17.869216
17.868464
18.004901
18.1549
18.005707
16.875043
16.876669
16.988831
17.105665
16.875823
16.988024
16.986594
17.104912
16.987273
15.789781
15.52206
15.907976
15.790585
15.907179
14.533558
14.383837
14.534418
14.382981
14.705543
14.85364
14.854336
14.704857
12.840344
12.562202
13.271016
13.000012
12.564742
12.839638
21.902095
22.116243
22.351096
22.535505
21.90829
22.136602
22.325736
22.522995
20.264577
20.448462
20.649528
20.854776
20.266398
20.454256
20.643132
20.852267
19.088808
19.230619
19.375757
19.092411
19.226855
19.374422
26.631233
21.05324
26.317765
11.991031
26.317634
26.62852
23.756462
23.999977
23.980003
24.10822
24.269175
24.134914
23.725934
23.917007
23.941373
24.208949
24.327062
24.182808
18.944816
17.735836
17.865428
17.865302
18.00308
18.152243
18.003157
17.735728
17.865124
17.865193
18.00339
18.152358
18.00327
16.872854
16.98502
17.102659
16.872742
16.985062
16.985355
17.10277
16.985178
15.787645
15.519989
15.519773
15.904934
15.787509
15.905072
14.530574
14.379954
14.530536
14.379989
14.703397
14.852379
14.852156
14.70362
12.841033
12.580615
13.270398
13.002275
12.582465
12.843371
21.897081
22.098665
22.364209
22.553775
21.91119
22.144673
22.3094
22.529775
20.250741
20.431951
20.639288
20.8446
20.25424
20.443349
20.625994
20.83898
19.076825
19.219766
19.363994
19.081824
19.21442
19.361985
26.317743
21.056645
11.994162
26.316763
26.630051
23.725217
23.985569
23.941633
24.071605
24.221784
24.091232
23.69056
23.882503
23.901852
24.18735
24.273279
24.136756
18.949406
18.9481
17.739761
17.870054
17.869268
18.005418
18.155428
18.006335
17.738893
17.867477
17.868359
18.008117
18.156428
18.007287
16.987564
17.105855
16.875929
16.988269
16.989507
17.106561
16.988948
15.791178
15.523529
15.523165
15.908143
15.79067
15.90867
14.533495
14.382425
14.533029
14.382885
14.706587
14.855712
14.855389
14.706901
12.848454
12.593333
13.275056
13.008221
12.594365
12.851112
21.920708
22.149949
22.327703
22.550118
21.909571
22.113969
22.368981
22.567013
20.257599
20.446416
20.630368
20.844624
20.2543
20.435665
20.642821
20.849771
19.082499
19.215772
19.363695
19.078015
19.220619
19.365541
26.629669
26.315485
21.054407
11.996152
26.315381
26.63008
23.677084
23.890988
23.887601
24.138078
24.224403
24.093854
23.693303
23.942953
23.904499
24.082352
24.208023
24.076829
18.947471
17.737231
17.865803
17.866667
18.006804
18.15478
18.005683
17.738231
17.868777
17.867702
18.003724
18.153667
18.004611
16.876087
16.988449
17.105202
16.875286
16.987622
16.986045
17.104346
16.986791
15.789445
15.520885
15.521511
15.907577
15.790112
15.906892
14.533151
14.383084
14.533632
14.38263
14.705204
14.853355
14.853931
14.704646
12.853041
12.595445
13.276025
13.009068
12.594707
12.85311
21.89327
22.115173
22.324166
22.514253
21.89245
22.112797
22.326616
22.514889
20.258088
20.444457
20.637311
20.844014
20.257539
20.442835
20.638933
20.844584
19.086193
19.222549
19.368913
19.08463
19.224136
19.369449
26.630391
26.628119
21.047334
26.317207
11.978163
26.317556
26.625563
23.761907
23.96928
23.98791
24.152698
24.317678
24.176663
23.755602
23.95839
23.976737
24.17094
24.342939
24.194234
18.944342
17.734381
17.863391
17.863889
18.002448
18.151388
18.002258
17.734731
17.864442
17.864241
18.001388
18.15103
18.001903
16.871154
16.871789
16.984155
17.101492
16.871499
16.983875
16.983127
17.101147
16.983531
15.785815
15.903606
15.786155
15.518214
15.903262
14.52957
14.379508
14.529891
14.379203
14.701766
14.850144
14.850414
14.701511
12.853256
12.587095
13.275139
13.00863
12.58574
12.85422
21.9283
22.140913
22.37288
22.575574
21.933082
22.155833
22.357879
22.571412
20.265424
20.448187
20.651798
20.861281
20.267596
20.455164
20.643947
20.858196
19.08576
19.227456
19.373462
19.089107
19.223875
19.372128
26.630448
26.629323
21.052395
26.316117
11.994218
26.316003
23.689617
23.896395
23.904491
24.122007
24.253744
24.114663
23.700034
23.924313
23.917759
24.086564
24.234802
24.098538
17.733548
17.864043
17.86293
17.999504
18.148943
17.999973
17.732743
17.861642
17.862108
18.001957
18.149803
18.000813
16.871072
16.982171
17.100135
16.870357
16.98263
16.984297
17.100872
16.983354
15.786339
15.903061
15.785686
15.517434
15.517896
15.903724
14.529767
14.379073
14.529294
14.379556
14.702764
14.852081
14.851329
14.703508
12.857898
12.582241
13.278823
13.014474
12.585843
12.860518
21.898483
22.12921
22.304124
22.513712
21.8883
22.095328
22.346871
22.534515
20.251481
20.438473
20.627937
20.836831
20.2502
20.434057
20.633677
20.839637
19.079638
19.216609
19.36239
19.078973
19.217421
19.362778
26.628348
26.625878
21.055683
26.316404
11.992547
26.314404
23.711468
23.884733
23.925178
24.223781
24.326872
24.182734
23.757578
24.017257
23.980386
24.068724
24.251858
24.117724
17.74117
17.870943
17.870658
18.007765
18.157447
18.008302
17.740776
17.869731
17.870283
18.008925
18.157783
18.008658
16.989349
17.107589
16.989978
16.877626
16.990844
17.108062
16.990463
15.792908
15.909822
15.792352
15.523743
15.910375
14.535953
14.385068
14.535278
14.38575
14.708942
14.858033
14.857561
14.709418
12.869512
12.605043
13.287053
13.024491
12.60967
12.873684
21.898506
22.121203
22.327115
22.521644
21.896567
22.115281
22.333076
22.523413
20.259515
20.446813
20.63704
20.845546
20.258091
20.44235
20.641712
20.847175
19.086166
19.221357
19.368479
19.083418
19.224294
19.369543
26.625464
26.62724
21.055437
26.314823
11.994316
26.315293
26.625157
23.752626
23.975651
23.971182
24.165687
24.307052
24.167294
23.750725
23.968581
23.969347
24.17492
24.305906
24.168161
17.74279
17.871991
17.872358
18.010449
18.159759
18.010552
17.742934
17.872406
17.872488
18.010072
18.15966
18.010435
16.879625
16.99195
17.109559
16.991901
16.879574
16.991312
17.109359
16.991691
15.793939
15.911624
15.794162
15.911394
14.537919
14.387897
14.537997
14.38784
14.710136
14.858464
14.858717
14.709897
12.878832
12.637585
13.290594
13.030187
12.640388
12.881017
21.929175
22.142166
22.375741
22.576066
21.934492
22.158342
22.36066
22.572236
20.262558
20.444391
20.651874
20.860677
20.265859
20.454867
20.640318
20.856316
19.082036
19.22518
19.370544
19.086687
19.220042
19.368547
26.623619
26.627522
21.048562
26.31825
11.976457
26.315521
26.626421
23.784972
23.977713
24.018593
24.149918
24.362759
24.212578
23.77472
23.954206
24.003841
24.181125
24.390198
24.233135
17.738547
17.868365
17.867912
18.006222
18.154866
18.005786
17.738498
17.868284
17.867898
18.006178
18.154793
18.005754
16.876752
16.876543
16.988596
17.106006
16.876489
16.988486
16.989241
17.106204
16.988704
15.792286
15.524947
15.909283
15.791999
15.909564
14.536533
14.386588
14.536466
14.386666
14.709107
14.858065
14.857652
14.709481
12.88375
12.651116
13.290964
13.031913
12.651359
12.885717
26.572181
26.239606
20.949855
11.863576
26.235939
26.359302
25.256208
24.672815
24.831065
25.114703
20.948149
26.23688
11.87801
26.238688
26.568389
26.57102
25.304336
24.738912
24.86719
25.164887
22.675812
22.723372
23.030097
22.744858
23.05283
22.759893
21.463878
21.665135
21.037069
21.233516
21.262137
21.044524
21.650713
21.429175
22.130636
21.911034
22.543811
22.341581
22.350596
22.553647
21.911475
22.129657
21.472151
21.69215
21.067969
21.282432
21.269508
21.063568
21.694333
21.483583
19.899696
20.066592
19.523812
19.704001
19.713711
19.526098
20.063452
19.889206
20.434207
20.252986
20.84843
20.643095
20.629542
20.843882
20.257268
20.447338
19.902822
20.077079
19.537131
19.72713
19.716487
19.533684
20.08117
19.914137
19.075323
19.365154
19.22191
19.213034
19.361913
19.083674
16.835517
16.833496
16.835349
16.367232
16.237867
16.238579
16.366502
16.837457
16.840355
16.838782
16.369341
16.241926
16.240673
16.370625
15.739453
15.468529
15.468202
15.85772
15.858459
15.738792
15.313852
15.467587
15.467989
15.312064
15.127924
14.947443
15.128424
14.946964
15.741576
15.469079
15.86176
15.860573
15.74273
15.129932
14.948059
15.129059
14.948898
15.317441
15.472218
15.470962
15.318708
14.458922
14.303716
14.304807
14.457173
14.636327
14.789012
14.788509
14.636859
13.926529
14.106514
14.105037
13.436489
13.709363
13.926843
14.638365
14.789645
14.790485
14.637514
14.462803
14.309684
14.308542
14.463984
13.438646
13.709977
13.930081
14.109456
14.10832
13.927375
12.751585
12.486736
13.175399
12.906557
12.491665
12.752022
13.665585
22.666417
27.296547
28.572592
13.671779
22.712143
22.872285
13.177419
12.907345
12.754594
12.497847
12.752383
12.497278
27.798602
28.157425
22.950496
13.669654
22.823286
13.670097
22.990958
22.910335
25.201164
24.804795
24.436999
24.769767
24.420876
25.252464
26.620822
21.055426
26.314647
11.991057
26.313782
26.625997
26.628413
25.295324
24.958053
24.597781
24.868914
24.520558
25.392132
23.338089
23.515169
23.335495
23.05303
23.050084
23.516907
23.325498
23.336254
23.049612
22.759147
22.763402
23.946201
23.772095
23.994573
24.403759
24.253451
24.250414
24.138391
24.337634
24.19573
23.806662
24.041031
24.038551
23.353555
23.566626
23.378832
23.099451
23.09913
23.06553
23.593257
23.400016
23.399154
22.802393
23.084487
22.792053
22.155324
21.9331
22.557378
22.351818
22.368589
22.56195
21.929244
22.138612
21.507844
21.717326
21.092247
21.295021
21.306742
21.094646
21.713715
21.494577
22.161175
21.946198
22.594332
22.389289
22.375788
22.586586
21.949061
22.170894
21.510816
21.727815
21.10022
21.311285
21.309061
21.099555
21.72983
21.514123
20.472904
20.287066
20.874
20.660402
20.668267
20.876035
20.286049
20.466229
19.941106
20.111563
19.568598
19.750589
19.754628
19.56905
20.110769
19.936743
20.473502
20.288016
20.880131
20.669635
20.669183
20.879682
20.288118
20.473661
19.941005
20.111882
19.567856
19.753737
19.754349
19.568014
20.111916
19.940578
18.595787
18.768651
18.596668
18.304365
18.434684
18.437354
18.43644
18.304297
18.43734
18.768826
18.593713
18.596583
19.113229
19.397185
19.249001
19.250938
19.397543
19.112212
18.951694
18.594852
18.766034
18.594141
18.30081
18.433485
18.434051
18.43545
18.301478
18.43466
18.765549
18.593083
18.593605
19.112577
19.39598
19.249288
19.250347
19.396199
19.111376
17.486668
17.622743
17.487652
17.220672
17.3506
17.352239
17.351082
17.220468
17.352046
17.622974
17.486134
17.487873
17.872458
17.74201
17.871467
18.157833
18.007959
18.008639
18.010356
18.158557
18.009409
17.741149
17.869926
17.870646
17.485501
17.61956
17.484411
17.216169
17.346953
17.347817
17.34991
17.217181
17.348796
17.618659
17.482637
17.483467
16.418766
16.291668
16.291329
16.419095
16.879703
17.108243
16.9897
16.990653
16.992884
17.109282
16.991716
16.878589
16.415245
16.286671
16.287833
16.414098
15.380037
15.531587
15.531511
15.378741
15.195821
15.016808
15.017688
15.194942
15.794722
15.52844
15.910922
15.912082
15.793558
15.192694
15.015709
15.193841
15.014553
15.375238
15.524869
15.525993
15.374154
14.019793
14.195702
14.193828
13.535777
13.804481
14.017704
14.710266
14.860294
14.711341
14.859172
14.536353
14.384766
14.535354
14.385752
13.533784
13.803645
14.013752
14.188694
14.189649
14.016731
13.745535
23.088808
13.736386
13.274384
13.002698
12.84073
12.555343
12.842007
12.55334
22.957578
13.712756
13.712019
20.947035
26.235505
11.871601
26.233222
26.574764
25.314909
24.85223
25.292251
24.882476
20.946261
26.231574
11.871867
26.232175
26.566113
26.566384
25.262155
24.844477
24.839689
25.26824
22.754697
22.769563
22.77917
22.783287
21.709716
21.500558
21.28588
21.079058
21.703852
21.486824
21.297893
21.082831
22.159061
21.93722
22.574187
22.36332
22.376057
22.578464
21.933511
22.147253
21.503157
21.718091
21.085455
21.292871
21.300045
21.087635
21.71476
21.494851
20.094373
19.924942
19.730495
19.546731
20.091779
19.917608
19.737593
19.549068
20.460597
20.273944
20.865325
20.65273
20.657085
20.867174
20.272859
20.456963
19.925932
20.097331
19.551484
19.736947
19.73857
19.551963
20.096434
19.923915
19.093984
19.379218
19.231724
19.232488
19.379597
19.09342
16.845283
16.842052
16.843737
16.376938
16.246603
16.375421
16.248088
16.848215
16.848504
16.379943
16.251418
16.251054
16.380302
15.748384
15.47739
15.476251
15.866163
15.747008
15.867575
15.32144
15.47358
15.320071
15.474954
15.136382
14.956237
15.137533
14.95512
15.751239
15.478313
15.870879
15.87048
15.75164
15.479379
15.139172
14.957154
15.138475
14.957834
15.325864
15.479512
15.326011
14.466496
14.310893
14.46524
14.312101
14.644359
14.797665
14.796575
14.645425
13.93118
14.110656
14.111851
13.443929
13.716876
13.93419
14.646957
14.798559
14.799225
14.646303
14.470655
14.316237
14.316075
14.470835
13.445909
13.717566
13.935853
14.115962
14.115797
13.934917
12.755457
12.498539
13.182318
12.913272
12.498112
12.7576
13.66957
23.020934
28.565091
28.531714
13.670289
23.123182
23.098083
13.183996
12.913698
12.757228
12.495945
12.757914
12.496514
28.300879
27.966418
13.670752
13.670341
22.997318
23.053023
25.202511
24.793109
24.450497
25.220447
24.767145
24.420596
26.629373
21.052046
26.315943
11.994114
26.316134
26.628928
26.629127
25.2461
24.794587
24.438996
24.802465
24.446096
25.238299
23.511039
23.322126
23.330937
23.062354
23.534659
23.380045
23.352077
22.773814
23.044106
22.758274
23.923441
23.707909
23.926369
24.25657
24.108387
24.118273
24.120149
24.262863
24.123727
23.704467
23.914544
23.921849
23.32142
23.506217
23.321933
23.033038
23.03203
23.503912
23.320505
23.320673
23.031422
22.744178
23.0317
22.743769
21.927507
22.138027
22.382055
22.570967
21.935864
22.165051
22.350448
22.557477
21.711598
21.493998
21.308435
21.093193
21.718693
21.510771
21.294099
21.088805
22.133171
21.913853
22.542989
22.34808
22.345591
22.542273
21.914472
22.135261
21.49008
21.699111
21.079728
21.290346
21.290584
21.079865
21.699533
21.490375
20.281576
20.464085
20.667804
20.874044
20.284052
20.472066
20.658643
20.870278
20.106144
19.933987
19.752766
19.565247
20.108328
19.939493
19.747833
19.563683
20.46188
20.275905
20.862076
20.654902
20.656172
20.862342
20.275427
20.460438
19.932365
20.10102
19.559263
19.744744
19.746351
19.559774
20.100515
19.930745
18.762481
18.589642
18.590636
18.432828
18.298753
18.432023
18.763512
18.592434
18.591604
18.430161
18.297873
18.431102
19.107282
19.24855
19.393579
19.110684
19.244851
19.39216
18.945219
18.588754
18.759759
18.588076
18.295175
18.428107
18.428272
18.42932
18.295564
18.428674
18.759325
18.587498
18.587661
19.106201
19.388051
19.242206
19.243687
19.388551
19.10478
17.615601
17.479632
17.480345
17.346152
17.21366
17.345379
17.616361
17.48186
17.481098
17.34393
17.21291
17.34463
17.866209
17.736211
17.86567
18.152334
18.003094
18.003261
18.004183
18.152709
18.003623
17.735867
17.865148
17.865317
17.479009
17.613727
17.478519
17.210829
17.342343
17.342517
17.343321
17.211151
17.342842
17.61339
17.478015
17.478188
16.410462
16.283765
16.411244
16.282971
16.873285
17.102849
16.985073
16.985248
16.986015
17.103168
16.985561
16.87296
16.408748
16.280917
16.281236
16.408436
15.372236
15.523835
15.522897
15.373151
15.187891
15.008971
15.009667
15.187208
15.788047
15.520729
15.90514
15.905456
15.787727
15.186199
15.008393
15.186641
15.007939
15.369306
15.519705
15.519913
15.369097
14.012832
14.187792
14.186962
13.530275
13.798133
14.010552
14.703835
14.85306
14.704285
14.852603
14.530801
14.380029
14.530609
14.380223
13.529053
13.797631
14.00906
14.184148
14.184322
14.009997
13.718738
23.019096
13.720277
13.269906
12.999915
12.840493
12.574054
12.839664
12.571682
23.069125
13.72909
13.727159
26.569175
20.95217
26.234592
11.881278
26.232044
25.133399
24.799061
25.244332
24.69506
26.234987
20.944862
11.867769
26.23366
26.568591
26.566451
25.259303
24.890989
24.819495
25.321228
22.736162
22.720456
23.064515
22.769787
22.747623
21.688408
21.477088
21.287406
21.072867
21.6934
21.488321
21.277906
21.069972
22.121598
21.912513
22.563197
22.367272
22.332586
22.545399
21.920163
22.147656
21.47911
21.695823
21.072325
21.284344
21.279155
21.071068
21.701245
21.487826
20.089159
19.917549
19.735421
19.547638
20.090843
19.92218
19.731053
19.546235
20.447896
20.261932
20.852494
20.64182
20.642863
20.852021
20.261102
20.44577
19.916494
20.086103
19.541292
19.725951
19.729924
19.542613
20.085064
19.912733
19.087608
19.369404
19.221518
19.225651
19.370751
19.083508
16.846929
16.848159
16.847628
16.379032
16.250825
16.379666
16.250207
16.844193
16.843138
16.376424
16.246623
16.247633
16.375403
15.750738
15.477922
15.478572
15.870471
15.751274
15.479077
15.869917
15.325608
15.479402
15.325916
15.138994
14.957075
15.138389
14.957668
15.74838
15.477157
15.866547
15.867506
15.747439
15.47446
15.136855
14.956364
15.137667
14.955565
15.322004
15.475397
15.321082
14.470551
14.316183
14.470793
14.315931
14.646822
14.798481
14.799066
14.646249
13.93574
14.115911
14.115663
13.44499
13.716662
13.934349
14.644784
14.79778
14.796991
14.64556
14.467302
14.311807
14.312661
14.466451
13.442446
13.715872
13.931018
14.111524
14.112385
13.933618
12.756405
12.497121
13.182467
12.910822
12.499271
12.753067
23.227492
13.678607
23.352211
27.997286
28.212622
13.652433
23.709458
23.118063
23.156077
13.179582
12.909586
12.747945
12.484807
12.752102
12.48714
28.712146
28.71251
13.66123
23.249274
13.665111
22.913486
23.243464
25.304976
24.790606
24.445922
25.220323
24.868678
24.513522
26.629234
21.056552
26.315865
12.000243
26.31731
26.628589
26.630258
25.221624
24.750495
24.40095
24.789322
24.442437
25.190778
23.55015
23.369651
23.361748
23.040144
23.053295
23.526382
23.327306
23.343337
22.764586
23.06695
22.774559
23.978944
23.719979
23.935768
24.224031
24.073982
24.091494
24.182014
24.264572
24.129682
23.688661
23.88342
23.900744
23.359557
23.520027
23.336598
23.492716
23.299561
23.313214
23.027246
22.74243
23.046273
22.757546
21.929663
22.151415
22.353997
22.561674
21.926377
22.140425
22.368438
22.569364
21.711768
21.498163
21.292694
21.084513
21.709295
21.493324
21.296402
21.085608
22.1477
21.921507
22.542613
22.339519
22.363944
22.554888
21.915871
22.128929
21.496215
21.705236
21.081106
21.289647
21.29488
21.082606
21.701052
21.488723
20.277367
20.462672
20.655985
20.865727
20.276927
20.461256
20.657752
20.866581
20.101972
19.931889
19.744997
19.559649
20.101606
19.931087
19.745682
19.559878
20.462193
20.276594
20.863356
20.655802
20.657096
20.864358
20.276418
20.461577
19.931727
20.101471
19.560016
19.746184
19.745579
19.559843
20.101431
19.93217
18.759464
18.587879
18.587779
18.42812
18.295103
18.428229
18.759328
18.587524
18.587646
18.42846
18.295222
18.428355
19.10527
19.242308
19.38831
19.104855
19.242772
19.38851
18.945438
18.587961
18.759733
18.588101
18.295951
18.429597
18.429037
18.428557
18.29562
18.428718
18.76002
18.588968
18.588405
19.105289
19.388766
19.243618
19.242773
19.38856
19.106166
17.613344
17.478278
17.478131
17.342297
17.210649
17.342344
17.613237
17.477974
17.478024
17.342606
17.210759
17.342452
17.865582
17.736382
17.865812
18.153137
18.004655
18.004101
18.003531
18.152794
18.003745
17.736761
17.866732
17.866179
17.478473
17.613927
17.478749
17.211866
17.344067
17.343514
17.342814
17.211446
17.343104
17.614316
17.479702
17.479149
16.408387
16.280714
16.408252
16.280846
16.873617
17.103913
16.986911
16.98636
16.985598
17.103486
16.985926
16.874055
16.409259
16.282188
16.281724
16.409725
15.369036
15.51962
15.519646
15.369011
15.185814
15.007747
15.00752
15.186044
15.788558
15.52029
15.906452
15.905987
15.789019
15.521119
15.186743
15.008057
15.186357
15.008441
15.37049
15.521626
15.370986
14.008991
14.184091
14.184143
13.529254
13.797303
14.009425
14.704301
14.852684
14.703925
14.853061
14.532067
14.381944
14.532542
14.381474
13.530525
13.797656
14.011075
14.186187
14.185706
14.009749
13.73688
23.106889
13.7404
13.271891
13.00297
12.847417
12.58946
12.844321
12.587841
23.064973
13.753353
13.750816
26.573576
26.569028
20.952189
26.23838
11.880887
26.236786
25.213713
24.87182
25.305886
24.777636
26.234611
20.949292
11.885878
26.235026
26.574018
26.573308
25.11692
24.661081
24.660916
25.110684
22.759901
22.731932
23.020123
22.96222
22.682178
22.675204
21.68067
21.45829
21.281531
21.064113
21.692375
21.484953
21.259299
21.057406
22.085495
21.86714
22.486295
22.307697
22.293827
22.480217
21.870695
22.097063
21.450768
21.655847
21.045234
21.258479
21.25313
21.043621
21.658767
21.457259
20.075473
19.902934
19.72395
19.535635
20.078532
19.910635
19.717034
19.533441
20.429114
20.24416
20.828978
20.625656
20.622578
20.827644
20.24495
20.431708
19.901192
20.069858
19.530091
19.716914
19.715513
19.529656
20.070533
19.902813
19.075809
19.358952
19.214258
19.213318
19.358571
19.076639
16.838918
16.840936
16.839873
16.371373
16.243541
16.372276
16.242656
16.837376
16.837439
16.369912
16.241258
16.241219
16.369958
15.743792
15.863645
15.744597
15.473535
15.472662
15.86282
15.319315
15.320172
15.13262
14.950809
15.132021
14.951399
15.74247
15.470835
15.861491
15.861471
15.742484
15.131379
14.950392
15.1316
14.950169
15.31728
15.470821
15.470615
15.31747
14.464815
14.310962
14.465609
14.310164
14.640729
14.792294
14.792879
14.640148
13.93012
14.110671
14.109861
13.437323
13.709563
13.927823
14.639492
14.791877
14.791648
14.639729
14.462782
14.308102
14.30804
14.462882
13.435108
13.708938
13.926638
14.107629
14.10761
13.927295
12.746346
12.480198
13.173711
12.900131
12.479006
12.741527
23.28509
13.655836
22.980687
29.060772
28.157923
13.654513
22.991219
23.286401
23.11621
13.170923
12.898984
12.736117
12.474781
12.740027
12.475873
28.464031
28.090851
13.648528
23.114095
23.179799
13.649863
22.998284
23.115203
25.24008
24.742983
24.396378
25.180707
24.803145
24.453016
26.626026
26.313734
21.052515
11.987056
26.314956
26.626014
26.629257
25.328566
24.900842
24.549623
24.904459
24.556134
25.329602
23.52523
23.37085
23.342222
23.016694
23.495046
23.300301
23.315848
23.076992
23.030249
22.745899
23.052703
22.764875
24.014504
23.79882
24.023718
24.3637
24.188203
24.218791
24.218316
24.371444
24.227275
23.790114
23.986348
24.014912
23.392179
23.590596
23.400006
23.582362
23.371575
23.392464
23.09566
22.801276
23.10221
22.806825
21.930821
22.162277
22.340845
22.546537
21.920962
22.130406
22.378585
22.562948
21.714558
21.50933
21.291373
21.086203
21.706312
21.490448
21.307272
21.091084
22.171835
21.952263
22.594445
22.379482
22.390004
22.599196
21.949574
22.163128
21.514741
21.732315
21.099877
21.307667
21.311733
21.101127
21.730112
21.509857
20.283266
20.471636
20.657369
20.868251
20.280565
20.463065
20.667234
20.872398
20.107728
19.939415
19.74736
19.563277
20.105334
19.933418
19.752787
19.565044
20.473814
20.2884
20.87971
20.667289
20.669805
20.880768
20.287698
20.471608
19.940842
20.112196
19.567706
19.752573
19.754056
19.568195
20.111565
19.939231
18.763816
18.593118
18.592075
18.430426
18.298307
18.431465
18.762589
18.589821
18.590907
18.433557
18.299359
18.432573
19.111046
19.244617
19.391851
19.107115
19.248843
19.393474
18.951636
18.951251
18.593823
18.765893
18.594032
18.30076
18.43326
18.434075
18.43422
18.301084
18.434411
18.765528
18.592827
18.593682
19.111917
19.395878
19.248576
19.249791
19.396334
19.110762
17.617236
17.482668
17.481994
17.344754
17.213843
17.345525
17.616405
17.480402
17.481198
17.346931
17.214577
17.346289
17.870569
17.741112
17.870701
18.157735
18.007801
18.008509
18.008665
18.158047
18.008811
17.740829
17.869731
17.870409
17.483098
17.61851
17.483197
17.215403
17.346593
17.347169
17.347338
17.215654
17.347427
17.618236
17.482332
17.482931
16.412159
16.283979
16.411554
16.284563
16.877507
17.10734
16.989169
16.877277
16.989682
16.989852
17.107584
16.989918
16.412985
16.285143
16.285349
16.412774
15.372019
15.522163
15.522692
15.371508
15.189174
15.011164
15.010829
15.189518
15.791834
15.523739
15.909171
15.909359
15.791653
15.523238
15.189737
15.011355
15.189715
15.011378
15.37287
15.523591
15.372527
14.011567
14.186676
14.187141
13.533288
13.800873
14.012778
14.707106
14.855896
14.707082
14.855919
14.534301
14.383454
14.534027
14.383707
13.534204
13.801121
14.012823
14.187799
14.188026
14.012991
13.762227
23.115657
13.764051
13.276232
13.008712
12.852911
12.596129
12.85179
12.595906
13.768118
13.768108
26.567087
26.573774
20.945464
26.234815
11.870756
26.232799
26.574563
25.329588
24.864835
25.300485
24.902232
20.94542
26.233672
11.86885
26.232975
26.568817
25.254238
24.773996
24.826139
25.19899
22.755629
22.77471
23.070723
23.037665
22.749056
22.764599
21.700893
21.490218
21.266663
21.064008
21.691298
21.467117
21.28645
21.070027
22.14892
21.920737
22.546542
22.334287
22.367002
22.560302
21.912388
22.121438
21.49077
21.702152
21.069867
21.275836
21.287253
21.073163
21.695348
21.476149
20.081423
19.912519
19.719062
19.535414
20.078537
19.905279
19.725518
19.537449
20.447575
20.261114
20.850658
20.639225
20.643954
20.853145
20.260222
20.444274
19.913647
20.084883
19.540671
19.726543
19.726618
19.540639
20.084315
19.913043
19.083472
19.368778
19.222479
19.221624
19.368632
19.084491
16.838345
16.839053
16.37214
16.242665
16.371422
16.243363
16.841868
16.842383
16.374138
16.245866
16.245333
16.37467
15.744294
15.862737
15.743676
15.4712
15.471704
15.863376
15.318309
15.317827
15.132899
14.952166
15.133474
14.951609
15.746136
15.47349
15.865787
15.865255
15.746665
15.134592
14.952723
15.134046
14.953256
15.321106
15.475056
15.474577
15.32158
14.463485
14.308305
14.463127
14.308618
14.640701
14.793514
14.792981
14.641205
13.926703
14.107785
14.108047
13.433882
13.708139
13.927384
14.642208
14.794049
14.794565
14.641715
14.465769
14.311052
14.310686
14.466173
13.43378
13.708288
13.928438
14.110192
14.109871
13.927672
12.734963
12.471377
13.168537
12.893424
12.470272
12.73154
13.643888
22.966908
28.730404
27.778856
13.641613
23.213224
23.044694
13.167646
12.892749
12.726454
12.463883
12.730388
12.465714
28.404192
28.077161
23.062271
13.630188
22.867193
23.24014
23.146373
13.633888
23.078935
25.177693
24.7448
24.398833
25.181624
24.734305
24.38411
26.31581
21.054327
11.998773
26.314858
26.630259
26.628531
25.23499
24.831409
24.473492
24.795007
24.442256
25.275381
23.482695
23.303786
23.30468
23.054339
23.497891
23.343757
23.318746
23.020392
23.033061
22.748487
22.737152
23.906321
23.710381
23.927658
24.287653
24.149743
24.145476
24.099196
24.261149
24.123645
23.725694
23.952118
23.945687
23.312816
23.509614
23.326001
23.056783
23.523089
23.347801
23.338206
23.047263
22.758334
23.036251
22.748476
21.914791
22.128075
22.365111
22.548815
21.921993
22.151034
22.33922
22.538534
21.700661
21.487287
21.301729
21.086111
21.706976
21.50277
21.288227
21.081917
22.129722
21.91669
22.555673
22.363254
22.341743
22.54681
21.922305
22.148011
21.487381
21.701316
21.082948
21.296196
21.288052
21.080521
21.705963
21.497563
20.277548
20.460448
20.663668
20.868014
20.280089
20.46848
20.654601
20.864347
20.102532
19.931179
19.750615
19.562696
20.104819
19.937066
19.745215
19.560938
20.459812
20.275455
20.86455
20.657912
20.654019
20.862638
20.276351
20.462796
19.930492
20.100414
19.559143
19.745419
19.744528
19.558858
20.1011
19.931739
18.760664
18.588037
18.589029
18.432112
18.297665
18.430832
18.761967
18.591622
18.590282
18.428664
18.296508
18.429628
19.105193
19.247043
19.391254
19.109328
19.242665
19.389617
18.944144
18.94418
18.587395
18.758724
18.587098
18.294501
18.427666
18.427634
18.428026
18.294606
18.42771
18.758716
18.587121
18.587053
19.104535
19.387766
19.242207
19.241997
19.387564
19.104601
17.614774
17.47879
17.479597
17.345785
17.213184
17.344864
17.615742
17.48149
17.480534
17.343165
17.212303
17.343956
17.865182
17.735383
17.864809
18.15165
18.002524
18.002584
18.0031
18.151782
18.002741
17.735178
17.864541
17.864628
17.478176
17.612934
17.477764
17.210187
17.341669
17.341858
17.342553
17.21048
17.342129
17.612706
17.47735
17.477514
16.410195
16.283379
16.410954
16.282638
16.872671
17.102218
16.984396
16.872323
16.984652
16.985437
17.10253
16.984981
16.40838
16.280419
16.280829
16.407982
15.371466
15.522739
15.522145
15.372043
15.187613
15.008731
15.009322
15.187009
15.78769
15.520305
15.904681
15.905119
15.787246
15.185925
15.008171
15.186441
15.007659
15.368683
15.518931
15.519334
15.368275
14.012525
14.187457
14.187031
13.533497
13.799806
14.011279
14.703614
14.852805
14.70411
14.8523
14.530643
14.37985
14.530248
14.38023
13.532597
13.799435
14.009755
14.184385
14.184747
14.010848
13.766783
23.166053
13.765923
13.27543
13.008897
12.85309
12.590896
12.853056
12.592037
13.761205
13.762105
26.571775
26.572085
20.95635
26.232577
11.895152
26.235041
26.57445
25.091578
24.721174
25.165812
24.661266
26.573284
20.944841
26.233546
11.869921
26.235714
26.566299
25.288837
24.853108
24.852294
25.28067
22.712448
22.995695
22.712622
22.994686
23.060744
22.768372
22.755316
21.679593
21.473054
21.271835
21.061308
21.678842
21.471197
21.273578
21.061901
22.124748
21.915666
22.563472
22.369069
22.338005
22.551421
21.92422
22.152297
21.478807
21.698595
21.078049
21.293719
21.278435
21.073428
21.706036
21.496776
20.083033
19.914183
19.726248
19.54048
20.082485
19.91255
19.727878
19.541021
20.446951
20.264115
20.858225
20.650917
20.641867
20.854339
20.266389
20.454505
19.915776
20.088226
19.545662
19.733015
19.72927
19.54451
20.090132
19.920211
19.087096
19.373553
19.227496
19.225125
19.372565
19.089179
16.843665
16.376423
16.247212
16.376007
16.247624
16.845206
16.845388
16.377449
16.248749
16.248617
16.377592
15.748405
15.867141
15.748013
15.475498
15.86754
15.322423
15.322018
15.47591
15.136767
14.955687
15.137083
14.955384
15.749265
15.476899
15.86853
15.868433
15.749352
15.137495
14.955924
15.137334
14.956071
15.323614
15.477072
15.477149
15.323531
14.466875
14.311384
14.466542
14.311679
14.644169
14.796911
14.796624
14.644435
13.92863
14.110479
14.110727
13.433056
13.708571
13.928944
14.644743
14.797131
14.797262
14.644633
14.467628
14.312059
14.312241
14.467479
13.431916
13.708408
13.928306
14.110811
14.11104
13.928927
12.724894
12.457086
13.165465
12.886323
12.454234
12.719558
23.112876
13.618514
27.848361
27.877767
13.614037
23.018439
13.163366
12.88504
12.710411
12.439427
12.717546
12.443522
28.132304
28.340122
13.590068
22.909739
22.995213
13.597395
25.338904
24.850724
24.500586
25.282305
24.895829
24.534231
21.053685
26.315141
11.996125
26.316263
26.629566
26.629243
25.198437
24.777516
24.424814
24.762607
24.415582
25.219454
23.55406
23.354702
23.364843
23.06488
23.551131
23.356525
23.364054
23.061526
23.069828
23.070341
22.778652
22.777468
23.935371
23.701899
23.914764
24.244496
24.11816
24.108243
24.128671
24.239068
24.106167
23.69904
23.92136
23.914053
23.33806
23.505036
23.324522
23.030059
23.048596
23.037315
23.500687
23.319544
23.319249
23.031551
22.745186
22.751101
21.932822
22.1497
22.368955
22.57373
21.933869
22.15293
22.365281
22.572375
21.714825
21.49852
21.298663
21.088449
21.715714
21.500535
21.296909
21.087883
22.143794
21.918968
22.544151
22.342021
22.358249
22.549953
21.914252
22.128844
21.494854
21.702923
21.077254
21.284286
21.293747
21.080184
21.69867
21.484085
20.278182
20.462585
20.659254
20.869008
20.27861
20.463876
20.657906
20.868499
20.102455
19.931068
19.745847
19.559935
20.102873
19.932284
19.744645
19.559536
20.460743
20.273571
20.859233
20.649576
20.655817
20.861789
20.271872
20.455311
19.929744
20.098324
19.555362
19.740155
19.743441
19.556422
20.096829
19.926054
18.758388
18.586041
18.586638
18.427664
18.294306
18.42751
18.758761
18.587148
18.587009
18.426568
18.293944
18.427143
19.103608
19.242402
19.388347
19.104747
19.241244
19.387952
18.941615
18.585293
18.756169
18.584521
18.291459
18.42419
18.424524
18.425856
18.292022
18.425126
18.755483
18.58351
18.583877
19.102721
19.384116
19.237857
19.240295
19.385075
19.100483
17.611852
17.476152
17.476604
17.341485
17.209511
17.341238
17.6122
17.477186
17.47695
17.340453
17.209166
17.340892
17.862804
17.73279
17.862223
18.148674
17.999417
17.999666
18.000772
18.1492
18.000157
17.732364
17.861542
17.861764
17.475641
17.610332
17.475152
17.207528
17.339037
17.339166
17.339965
17.20784
17.339505
17.609936
17.474634
17.474785
16.406668
16.279422
16.407018
16.279072
16.869994
17.099592
16.869705
16.981989
16.869755
16.982057
16.982701
17.099879
16.982319
16.405632
16.277921
16.27808
16.405453
15.367554
15.518563
15.367903
15.184007
15.005468
15.00575
15.183715
15.784987
15.51731
15.902286
15.902394
15.784895
15.183326
15.005243
15.183478
15.005104
15.366471
15.517161
15.517067
15.366577
14.009469
14.184061
14.183775
13.53177
13.797872
14.008874
14.701211
14.849934
14.701317
14.849811
14.528812
14.378741
14.528976
14.378557
13.531961
13.79786
14.009179
14.183463
14.183254
14.008796
13.756338
23.16026
13.754574
13.275685
13.008851
12.856884
12.581562
12.85469
12.582386
13.753207
23.037858
13.752015
26.570339
26.566981
20.946345
26.232712
11.871976
26.23481
26.566717
25.28829
24.844345
25.266277
24.86433
26.574273
20.952631
26.238635
11.881069
26.237523
26.575025
25.205253
24.674683
24.764192
25.116623
22.780759
22.777429
23.070891
22.980963
22.699676
22.722473
21.708987
21.486757
21.295569
21.082003
21.71354
21.499043
21.284465
21.078545
22.127089
21.894365
22.502759
22.300757
22.342206
22.521762
21.883845
22.092764
21.477721
21.679577
21.054712
21.259819
21.276704
21.05984
21.670889
21.457756
20.089
19.9154
19.733144
19.545721
20.090945
19.920431
19.728575
19.544271
20.44394
20.254948
20.83774
20.628301
20.639036
20.842123
20.252043
20.434542
19.91253
20.079787
19.535772
19.71998
19.726014
19.537684
20.077203
19.90587
19.083985
19.364377
19.217252
19.221954
19.366134
19.079599
16.844738
16.376283
16.248058
16.376904
16.247451
16.841489
16.840666
16.373818
16.244276
16.245046
16.37303
15.748089
15.475899
15.867827
15.748649
15.476835
15.867254
15.322905
15.323295
15.476439
15.136288
14.954221
15.135659
14.954842
15.745908
15.474537
15.473814
15.864292
15.865015
15.745201
15.134271
14.953542
15.134971
14.952852
15.319685
15.472545
15.473135
15.319106
14.466786
14.31175
14.467197
14.311317
14.643442
14.795398
14.79601
14.642834
13.927871
14.110458
14.109985
13.427989
13.704482
13.925943
14.641499
14.79473
14.794051
14.642172
14.46365
14.307518
14.308118
14.463065
13.424695
13.703592
13.922934
14.105974
14.106612
13.925171
12.707705
12.42466
13.157769
12.872451
12.418447
12.699036
22.816893
13.566226
2.6607794
14.837319
31.300995
13.55879
13.153476
12.87023
12.686595
12.390311
12.695947
12.397813
4.0235745
14.817616
31.234114
22.872751
13.526683
23.049205
13.534769
25.215722
24.794058
24.437179
25.239085
24.770479
24.41568
26.630134
21.056959
26.318221
11.994358
26.317145
26.629481
26.626384
25.243052
24.881898
24.527664
24.808465
24.459731
25.316371
23.491442
23.3107
23.310283
23.499118
23.319389
23.31551
23.025512
23.023137
23.025982
22.738502
22.73756
23.909451
23.731164
23.947856
24.341127
24.227726
24.196548
24.09907
24.280174
24.143362
23.76992
24.021224
23.993535
23.323289
23.530984
23.347782
23.037397
23.057887
23.563506
23.39139
23.374928
23.079659
22.786693
22.769432
21.910568
22.132777
22.339795
22.537155
21.908518
22.126673
22.344773
22.537389
21.695893
21.489222
21.28301
21.074424
21.693697
21.482561
21.289355
21.076448
22.141202
21.931667
22.580959
22.384262
22.354145
22.566752
21.939275
22.16589
21.495027
21.714477
21.092765
21.30659
21.294441
21.088996
21.72073
21.509273
20.272269
20.459452
20.6489
20.856963
20.270776
20.454775
20.653971
20.858849
20.097376
19.929565
19.739963
19.555037
20.095988
19.925801
19.743507
19.556192
20.462556
20.2802
20.873197
20.665662
20.657448
20.869911
20.28258
20.46997
19.931901
20.104608
19.56377
19.751154
19.74567
19.561966
20.106799
19.937738
18.756513
18.586231
18.584939
18.424233
18.291688
18.42471
18.755568
18.583536
18.584014
18.426865
18.29257
18.425613
19.103396
19.237789
19.383904
19.100443
19.240857
19.385005
18.946553
18.587745
18.76101
18.5893
18.297994
18.432317
18.431208
18.42833
18.296659
18.429835
18.76246
18.59184
18.590711
19.105108
19.392158
19.247377
19.242657
19.390445
19.109636
17.61114
17.477039
17.476008
17.339186
17.208042
17.339647
17.61035
17.474771
17.475233
17.341414
17.20879
17.340408
17.865334
17.737185
17.866666
18.155064
18.006976
18.005923
18.003286
18.153764
18.004656
17.738395
17.868942
17.867903
17.47823
17.614683
17.479464
17.21321
17.345912
17.344922
17.342576
17.212089
17.343781
17.615869
17.481628
17.480626
16.406839
16.278636
16.406143
16.279324
17.105198
16.988552
16.98759
16.985379
17.104097
16.986508
16.875232
16.4098
16.283258
16.282238
16.410833
15.367324
15.366859
15.184787
15.007348
15.006589
15.185556
15.78904
15.520215
15.907449
15.906477
15.789996
15.187332
15.008202
15.186421
15.009101
15.371466
15.522958
15.522083
15.372336
14.009568
14.183815
14.184314
13.53456
13.800992
14.01153
14.705216
14.852924
14.70434
14.853813
14.533685
14.384301
14.534515
14.38347
13.537385
13.80188
14.015019
14.189098
14.188261
14.012377
13.787304
23.005778
13.805067
23.30083
13.281965
13.015765
12.867925
12.593998
12.861908
12.593668
13.797064
23.355006
13.806945
26.574148
26.571357
26.237419
20.950417
11.880851
26.237485
26.573748
25.256191
24.705548
25.140701
24.821833
26.574069
20.952011
26.236734
11.882812
26.237529
26.569129
26.573364
25.241376
24.743407
24.816943
25.166335
22.713052
22.738712
23.030172
23.031311
22.743978
22.757401
21.681667
21.474745
21.260173
21.054406
21.673742
21.458508
21.27275
21.058057
22.134429
21.911783
22.541914
22.333436
22.35254
22.552331
21.907817
22.120635
21.478356
21.69333
21.06524
21.274122
21.27587
21.065565
21.69068
21.474677
20.076236
19.90727
19.719318
19.533751
20.075242
19.905221
19.720921
19.534235
20.44019
20.255694
20.846171
20.637091
20.635662
20.846092
20.256382
20.442105
19.908432
20.079942
19.537699
19.724473
19.721957
19.536877
20.080708
19.910928
19.080347
19.365984
19.220556
19.218191
19.365176
19.082631
16.839507
16.839231
16.371454
16.242838
16.371577
16.242707
16.839778
16.84055
16.840148
16.371891
16.243395
16.243105
16.372195
15.743623
15.471494
15.471557
15.862873
15.743796
15.862708
15.318314
15.472076
15.318644
15.471747
15.13199
14.950453
15.13189
14.950566
15.743817
15.471538
15.471665
15.863176
15.862945
15.744031
15.131968
14.950438
15.13189
14.950501
15.318351
15.472069
15.471849
15.318551
14.462184
14.307006
14.462571
14.306597
14.639188
14.791643
14.791768
14.639044
13.922317
14.10542
14.104964
13.419962
13.698632
13.921061
14.639018
14.791615
14.791662
14.638994
14.461691
14.306012
14.30596
14.461771
13.41822
13.698275
13.920529
14.104053
14.104057
13.920832
12.683641
12.365042
13.147072
12.855602
12.355832
12.675513
22.996504
13.505742
23.152014
27.974751
27.882829
13.501425
13.144307
12.85391
12.665828
12.318147
12.672972
12.327709
28.970122
28.434528
23.250345
13.498406
23.316562
13.494234
23.249717
25.216554
24.869583
24.513539
25.307605
24.778575
24.429617
26.627499
21.054692
26.317565
11.991758
26.314818
26.629874
26.625445
25.238198
24.852219
24.49066
24.792558
24.436687
25.299039
23.514188
23.311574
23.333655
23.552155
23.387797
23.364698
23.028942
23.046542
23.070885
22.779452
22.760656
23.88621
23.70562
23.921802
24.302327
24.167113
24.157979
24.071672
24.254764
24.117238
23.734212
23.968004
23.956142
23.309495
23.506386
23.324492
23.051716
23.02615
23.529932
23.356877
23.343779
22.76226
23.036579
22.750562
21.930112
22.141139
22.382454
22.575048
21.937148
22.164546
22.352411
22.55998
21.714206
21.498521
21.306575
21.093622
21.719577
21.50901
21.298694
21.091325
22.138383
21.923449
22.559705
22.368103
22.34937
22.550313
21.927906
22.153058
21.496864
21.708675
21.090298
21.30287
21.297373
21.088627
21.712127
21.503834
20.283953
20.46836
20.666126
20.874469
20.284588
20.470526
20.663037
20.872766
20.108506
19.937965
19.751891
19.566104
20.108936
19.938449
19.751741
19.566057
20.467966
20.283369
20.872115
20.665467
20.662472
20.870762
20.2842
20.470533
19.937905
20.108223
19.566947
19.753484
19.751751
19.566362
20.108965
19.939767
18.765061
18.593535
18.593354
18.433105
18.300381
18.433595
18.764834
18.592625
18.593095
18.434089
18.300694
18.433882
19.111032
19.24815
19.39452
19.110413
19.248635
19.394553
18.951252
18.593758
18.765758
18.594086
18.301878
18.435479
18.435054
18.434325
18.30149
18.434648
18.766205
18.594966
18.594511
19.111204
19.395532
19.25025
19.248779
19.39498
19.112608
17.618664
17.483772
17.48344
17.346707
17.215601
17.347308
17.618252
17.482422
17.483011
17.348098
17.216061
17.347753
17.871215
17.74205
17.871518
18.15897
18.010187
18.009844
18.009189
18.158602
18.009496
17.742367
17.87217
17.871851
17.484066
17.619563
17.484357
17.217277
17.349197
17.348963
17.348399
17.217013
17.348687
17.619865
17.4849
17.484646
16.413771
16.285669
16.413242
16.286208
16.879131
17.109284
16.991865
16.991683
16.991162
17.10903
16.991441
16.87937
16.414803
16.287469
16.287261
16.415012
15.373801
15.524421
15.37312
15.191109
15.013325
15.012859
15.19157
15.793985
15.526097
15.911634
15.911444
15.794174
15.192205
15.013693
15.191934
15.013969
15.375695
15.526396
15.526291
15.375799
14.015823
14.189872
14.190563
13.54186
13.807556
14.017732
14.710083
14.858408
14.709797
14.858691
14.53788
14.387866
14.537985
14.387745
13.543558
13.808057
14.018995
14.192726
14.1926
14.018184
13.776394
13.77724
23.041636
13.289092
13.025545
12.877994
12.626792
12.874921
12.622738
23.219715
13.790009
13.78724
26.570143
26.235342
20.946887
11.877057
26.234577
26.573432
25.213236
24.756478
25.194678
24.768342
20.952316
26.236272
11.882726
26.234085
26.571967
26.571146
25.224063
24.90932
24.800059
25.340817
22.721668
22.723181
23.008695
23.070523
22.776215
23.049807
22.760146
21.684195
21.47773
21.272513
21.063258
21.682305
21.472283
21.277774
21.064954
22.130434
21.920818
22.569963
22.373854
22.343603
22.556698
21.928627
22.156201
21.483633
21.70342
21.080841
21.295919
21.282812
21.076991
21.71002
21.499333
20.084134
19.915431
19.725237
19.54019
20.082782
19.911632
19.72881
19.541324
20.44947
20.265934
20.860592
20.651981
20.644824
20.857437
20.267572
20.455198
19.917116
20.089653
19.545481
19.732352
19.730267
19.544901
20.090942
19.919858
19.087024
19.373093
19.226047
19.225265
19.372666
19.087544
16.841715
16.840961
16.841359
16.373484
16.244363
16.3732
16.244637
16.842206
16.841851
16.842095
16.373803
16.244823
16.244947
16.37367
15.744987
15.472857
15.472715
15.863968
15.74478
15.864188
15.318966
15.4723
15.318763
15.472523
15.132737
14.951299
15.13282
14.951218
15.745186
15.472931
15.864275
15.864397
15.745074
15.132778
14.95132
15.132837
14.951271
15.319191
15.472705
15.472846
15.319031
14.461955
14.306081
14.461865
14.306148
14.639554
14.792384
14.792311
14.639609
13.920499
14.104066
14.104079
13.416335
13.696985
13.92038
14.639545
14.7924
14.792349
14.639608
14.461801
14.30575
14.305936
14.461613
13.415076
13.696783
13.919764
14.103417
14.103637
13.920285
12.663736
12.2879
13.141056
12.842616
12.270605
12.667641
13.504734
21.494838
28.439135
28.199334
13.55123
23.385024
23.327138
13.139589
12.840376
12.653717
12.230378
12.671594
12.202382
28.447196
28.467429
23.35741
13.687927
23.394611
13.913683
17.317933
23.400198
25.261703
24.840778
24.489564
25.275159
24.832507
24.485633
26.629442
21.054946
26.318006
11.991879
26.317161
26.627474
26.626739
25.266711
24.759209
24.415017
24.825279
24.47018
25.19219
23.550386
23.363575
23.365142
23.548931
23.362405
23.364277
23.072774
23.072473
22.782241
22.782169
23.97223
23.728431
23.947886
24.24073
24.105919
24.109463
24.175288
24.286798
24.146577
23.70664
23.917436
23.918965
23.355832
23.526303
23.342036
23.046904
23.044291
23.062619
23.51039
23.33305
23.330651
22.758945
23.051907
22.763929
21.940255
22.158188
22.373983
22.578276
21.940267
22.158282
22.373561
22.578066
21.7226
21.507792
21.305499
21.096162
21.722497
21.507013
21.306413
21.096462
22.154001
21.931549
22.558583
22.362057
22.36847
22.562193
21.92989
22.148789
21.505672
21.715689
21.091793
21.301266
21.304735
21.092951
21.714254
21.501994
20.28738
20.472596
20.66696
20.87697
20.287137
20.471792
20.667853
20.877278
20.111724
19.941066
19.754214
19.568748
20.111516
19.940587
19.754587
19.568853
20.471792
20.285388
20.873252
20.663804
20.666928
20.874372
20.284339
20.468731
19.940426
20.109851
19.566094
19.751022
19.753966
19.567107
20.108814
19.937462
18.767326
18.595169
18.595503
18.435829
18.30275
18.436006
18.767348
18.595347
18.595551
18.435598
18.302669
18.43594
19.113141
19.250794
19.397167
19.113108
19.250901
19.397243
18.95125
18.594559
18.765587
18.59373
18.299986
18.432261
18.433224
18.43499
18.300911
18.43417
18.764623
18.591775
18.592765
19.11254
19.394497
19.247399
19.250299
19.395504
19.109663
17.620209
17.484538
17.484915
17.349341
17.217599
17.349342
17.620366
17.485065
17.485084
17.348783
17.217407
17.34916
17.871401
17.741088
17.870637
18.157006
18.006943
18.00781
18.009474
18.157909
18.008691
17.740264
17.868958
17.869786
17.483972
17.618532
17.483266
17.215123
17.346141
17.346812
17.348226
17.215821
17.347542
17.617738
17.481792
17.482504
16.414836
16.287521
16.415073
16.287289
16.877941
17.107151
16.988975
16.989534
16.990788
17.107815
16.990169
16.877359
16.413443
16.285461
16.285959
16.412912
15.375711
15.526403
15.526308
15.375806
15.192131
15.013673
15.013944
15.191837
15.792794
15.52549
15.909759
15.910186
15.792397
15.191121
15.013351
15.191488
15.013017
15.374233
15.52458
15.524808
15.374
14.019088
14.19276
14.192706
13.544493
13.809065
14.018915
14.709317
14.858165
14.709612
14.857854
14.536719
14.386638
14.536537
14.386792
13.544193
13.808931
14.018379
14.191529
14.191681
14.018758
13.799009
23.435119
13.801965
13.290641
13.030462
12.883242
12.647915
12.881652
12.646404
23.402219
13.818797
13.814633
20.957624
26.23414
11.896477
26.235081
26.571906
25.179869
24.809996
25.229975
24.767102
20.944111
26.240795
11.851897
26.236154
26.565114
26.318029
25.338856
24.690483
24.903282
25.125917
22.780238
22.77707
22.682211
22.727592
21.709292
21.484803
21.296819
21.081863
21.714683
21.500651
21.28187
21.077143
22.126525
21.887187
22.484398
22.265909
22.344426
22.520967
21.868738
22.06146
21.473324
21.671888
21.044305
21.240107
21.271885
21.052707
21.656845
21.435518
20.085899
19.911403
19.731557
19.542966
20.088893
19.919127
19.724612
19.540757
20.439094
20.249658
20.828375
20.61439
20.634078
20.835404
20.245522
20.422266
19.908192
20.074928
19.531591
19.711771
19.721908
19.533973
20.071405
19.896991
19.080578
19.360631
19.211874
19.218357
19.362736
19.075384
16.840879
16.841518
16.841167
16.372551
16.24402
16.3728
16.243797
16.840867
16.840988
16.372426
16.24329
16.24369
16.372004
15.744275
15.472289
15.472286
15.863578
15.744438
15.863395
15.318657
15.472536
15.31884
15.472381
15.131871
14.950448
15.131803
14.95049
15.744128
15.472393
15.862846
15.863266
15.743786
15.472661
15.131801
14.950475
15.131816
14.950476
15.318295
15.47242
15.316666
14.4612
14.305542
14.461403
14.305342
14.638719
14.791519
14.791575
14.638637
13.919544
14.103179
14.10295
13.412751
13.694729
13.919075
14.638539
14.79152
14.791492
14.638603
14.460322
14.303578
14.304514
14.458727
13.411765
13.694598
13.919628
14.10415
14.10249
13.919077
12.649909
12.257582
13.13608
12.835639
12.257649
12.646004
13.455204
21.638357
28.698123
28.995282
13.44624
23.373176
23.439797
13.135042
12.834779
12.64468
12.249706
12.645451
12.253715
28.012868
28.445011
13.407705
13.418836
21.990932
23.234986
25.402351
24.914593
24.554487
25.351864
24.957853
24.58905
26.617736
21.061675
26.315377
11.982541
26.310303
26.650207
26.640193
25.129804
24.795699
24.426858
24.709653
24.373353
25.245457
23.570813
23.360962
23.376688
23.074181
23.563743
23.351158
23.371766
22.779764
23.077634
22.782147
23.920792
23.695582
23.901125
24.242485
24.105784
24.109148
24.107336
24.205706
24.083186
23.70484
23.915092
23.917757
23.338974
23.504631
23.328282
23.027819
23.053049
23.508595
23.322073
23.328881
23.043338
22.753651
23.045174
22.759642
21.934357
22.153758
22.366531
22.57355
21.93383
22.151709
22.369563
22.57528
21.716481
21.502312
21.301222
21.090549
21.716219
21.502369
21.30069
21.090273
22.150552
21.928314
22.552202
22.346013
22.364898
22.558329
21.924199
22.132976
21.501238
21.712109
21.086739
21.289683
21.299941
21.088696
21.708558
21.489242
20.281151
20.466419
20.663108
20.871472
20.28172
20.467928
20.661741
20.871083
20.105474
19.934894
19.750036
19.563211
20.106061
19.936495
19.748512
19.562678
20.466388
20.281149
20.868417
20.654942
20.661587
20.870015
20.280419
20.46074
19.935157
20.105736
19.563193
19.74517
19.748864
19.563557
20.105171
19.931279
18.761781
18.590265
18.590011
18.431415
18.297721
18.430832
18.762059
18.590888
18.590251
18.430969
18.297596
18.430655
19.107584
19.24641
19.39163
19.108691
19.245177
19.391136
18.949075
18.590969
18.763683
18.59175
18.299528
18.429769
18.432456
18.431706
18.299517
18.432489
18.763836
18.588749
18.59163
19.108098
19.391862
19.243784
19.245665
19.392163
19.10708
17.616183
17.481627
17.481116
17.345643
17.213859
17.345429
17.6161
17.481251
17.480996
17.3461
17.214034
17.345578
17.869155
17.74058
17.869941
18.15685
18.005417
18.007732
18.006959
18.156795
18.007735
17.740665
17.867885
17.869989
17.482419
17.618235
17.48318
17.216108
17.345969
17.347665
17.346879
17.216049
17.347604
17.618358
17.481489
17.483281
16.412453
16.284821
16.412183
16.285103
16.879055
17.108395
16.990875
16.99114
16.989982
17.108168
16.990692
16.879773
16.414435
16.287145
16.28703
16.414549
15.373991
15.524501
15.524616
15.373906
15.190725
15.013216
15.012775
15.191155
15.793878
15.526144
15.911278
15.911246
15.793966
15.192158
15.01375
15.191693
15.014215
15.375973
15.527273
15.527326
15.374545
14.018392
14.191474
14.191539
13.544085
13.80903
14.019123
14.710287
14.858556
14.709921
14.858975
14.537671
14.387036
14.387813
14.536252
13.544707
13.809372
14.020858
14.194765
14.193043
14.019575
13.831559
23.449911
13.8369
13.291722
13.032074
12.887694
12.643259
12.886505
12.647528
23.107304
13.843726
13.84904
)
;
    }
}


// ************************************************************************* //
