/*--------------------------------*- C++ -*----------------------------------*\
| =========                 |                                                 |
| \\      /  F ield         | OpenFOAM: The Open Source CFD Toolbox           |
|  \\    /   O peration     | Version:  2412                                  |
|   \\  /    A nd           | Website:  www.openfoam.com                      |
|    \\/     M anipulation  |                                                 |
\*---------------------------------------------------------------------------*/
FoamFile
{
    version     2.0;
    format      ascii;
    arch        "LSB;label=32;scalar=64";
    class       volScalarField;
    location    "1500";
    object      yPlus;
}
// * * * * * * * * * * * * * * * * * * * * * * * * * * * * * * * * * * * * * //

dimensions      [0 0 0 0 0 0 0];

internalField   uniform 0;

boundaryField
{
    inlet
    {
        type            calculated;
        value           uniform 0;
    }
    outlet
    {
        type            calculated;
        value           uniform 0;
    }
    topandbottom
    {
        type            calculated;
        value           uniform 0;
    }
    front
    {
        type            symmetryPlane;
    }
    back
    {
        type            symmetryPlane;
    }
    airfoil
    {
        type            calculated;
        value           nonuniform List<scalar> 
12960
(
47.008052
44.2649
52.468136
44.465897
44.271044
43.90701
39.41597
44.04154
39.580787
43.593195
44.155516
44.013174
52.591213
52.353926
43.777795
51.032694
42.540516
40.287015
44.177695
52.751505
44.055582
38.852216
44.206205
44.22355
39.458813
44.067002
44.738042
44.12134
52.718466
44.183337
47.183332
47.246335
42.728499
39.134977
42.614828
51.192423
38.528284
39.0218
43.765965
52.410887
52.22578
43.135789
52.382764
43.975347
39.610472
44.918071
38.768285
44.100896
44.231798
39.452629
51.556925
41.30873
36.349757
38.994046
44.353461
38.840615
38.594801
52.543863
44.331426
43.142861
52.410864
52.489252
43.589325
52.8429
38.838728
38.308323
38.509794
43.023264
43.618853
37.08358
43.142412
44.135836
39.635599
43.335806
43.499672
44.655886
53.126401
44.245784
52.791311
45.152793
44.393314
44.237541
39.407338
39.421641
44.165798
39.489717
44.130134
39.630247
45.641837
44.992971
38.939405
43.77649
52.922941
44.524769
38.585512
43.59845
53.027706
44.3279
43.902399
44.447532
38.812777
44.156768
45.513517
53.544311
48.525658
48.119187
45.267156
40.718096
52.467063
44.063282
38.775598
38.623297
40.054611
45.224472
38.978732
44.406905
53.195091
43.639807
52.787508
43.057381
43.20166
53.073402
39.867003
44.406978
48.564324
54.222049
53.393091
42.598328
52.355233
52.643625
39.130873
47.87556
43.715529
45.215293
39.004751
39.948798
45.121591
38.804849
52.753639
45.481455
45.208386
39.386546
48.123024
53.964754
45.12417
3.4560918
23.779294
23.910145
24.373728
23.498423
18.913369
18.906982
17.70249
18.114862
18.119968
17.698262
17.063984
17.066894
25.989273
25.98639
16.739569
16.739121
15.655301
16.049572
16.049547
15.658124
23.764242
24.235455
23.689422
24.334952
18.931773
18.92557
17.715922
18.129284
17.710625
18.134933
17.073696
17.078469
26.01377
26.0404
16.731746
16.734064
15.647365
16.043926
15.649748
16.041547
23.635852
24.306598
23.734193
24.138056
18.928001
18.931441
17.714413
18.135603
17.716955
18.132775
17.079953
17.077786
26.090362
25.992389
16.730465
16.730125
15.646203
16.039951
15.645786
16.040352
23.642063
24.370024
23.781339
24.169522
18.916508
18.921183
17.705281
18.126631
17.708638
18.122908
17.072471
17.069546
26.053125
25.990514
16.734518
16.732701
15.649869
16.04263
15.648444
16.0442
23.778496
24.240674
23.689792
24.360593
18.92171
18.917559
17.70854
18.123523
17.705738
18.126695
17.069813
17.072181
26.004857
26.016828
16.731214
16.733508
15.647163
16.043321
15.649064
16.041274
23.662218
24.235755
23.676158
24.189364
18.92551
18.923981
17.712516
18.129294
17.711167
18.130709
17.074846
17.076121
26.046747
25.992563
16.728146
16.729181
15.643839
16.039018
15.644845
16.037989
23.756277
24.311452
23.752382
24.3356
18.924929
18.92806
17.711448
18.13223
17.713703
18.12973
17.076917
17.074938
25.991576
26.024009
16.729464
16.72738
15.645545
16.037592
15.643636
16.039568
23.762583
24.128063
23.613133
24.364132
18.91913
18.91859
17.706943
18.124711
17.706936
18.12486
17.070985
17.070788
25.956218
26.064389
16.735992
16.734418
15.651692
16.04423
15.650012
16.045891
23.677424
24.228975
23.678146
24.221157
18.925298
18.922733
17.710873
18.127663
17.709363
18.129487
17.072674
17.073801
26.026508
26.017739
16.736419
16.737066
15.651903
16.046827
15.652574
16.04614
23.758688
24.361817
23.772727
24.319221
18.92141
18.925543
17.708392
18.128935
17.710207
18.126477
17.073187
17.072104
26.051116
26.004307
16.734758
16.73401
15.651092
16.044233
15.650276
16.045056
24.027539
24.56394
26.028745
25.536232
25.630778
25.038831
24.359175
24.586122
26.076047
25.917409
25.686103
25.444609
23.562218
23.329288
23.783996
24.188811
24.387577
23.667879
23.568388
23.476236
18.727879
18.257677
18.263031
18.720667
18.915
18.92277
18.729327
18.270418
18.264198
18.736616
17.579583
17.171821
17.175494
17.575689
17.703392
18.126925
18.12104
17.708499
17.580443
17.180629
17.176263
17.58534
16.691995
16.688413
16.52516
16.113651
16.116939
16.521837
17.071879
17.067653
16.692647
16.69654
16.525849
16.121248
16.117604
16.529768
15.596419
15.992619
15.995632
15.596333
15.597081
15.999856
15.996293
15.600457
25.523557
25.522287
25.988754
26.098058
25.53233
25.694681
18.953046
18.950906
18.952243
18.950825
16.573933
16.169262
16.169478
16.573746
16.738315
16.734984
16.572714
16.164825
16.168268
16.569404
15.654165
16.044902
16.048353
15.650737
24.415155
24.51963
26.006276
25.974438
25.589643
25.52206
24.504729
24.503166
25.994052
26.004161
25.569499
25.584314
23.557274
23.491651
23.760083
24.319876
24.32161
23.751791
23.555953
23.545737
18.745396
18.272866
18.739315
18.27864
18.932755
18.932364
18.746391
18.279836
18.279663
18.746176
17.592584
17.182502
17.587398
17.187381
17.716947
18.136231
18.135959
17.717464
17.593607
17.189179
17.1884
17.594194
16.702739
16.698224
16.536008
16.122821
16.531456
16.127124
17.080307
17.079481
16.703738
16.704698
16.537032
16.129274
16.128123
16.538101
15.605914
16.00139
15.601899
16.005605
15.606883
16.007766
16.006593
15.608151
25.552203
25.610586
26.022571
26.010991
25.56799
25.548237
18.946986
18.950152
16.566216
16.163858
16.568491
16.161494
16.731159
16.73019
16.565649
16.159967
16.160916
16.564731
15.646792
16.040014
16.040968
15.645849
24.494688
24.302513
25.891288
26.019551
25.400663
25.598634
24.56417
24.358943
25.940602
26.024562
25.469479
25.624298
23.448054
23.527966
23.661208
24.374702
24.185969
23.787163
23.468385
23.574899
18.742034
18.27916
18.745331
18.276221
18.926818
18.922794
18.740865
18.271351
18.27511
18.736901
17.591259
17.188798
17.593719
17.186565
17.713388
18.128006
18.131688
17.709908
17.590252
17.182333
17.185606
17.586829
16.702415
16.704414
16.535944
16.129085
16.537855
16.127336
17.073615
17.076842
16.701506
16.698384
16.535055
16.123535
16.126487
16.53198
15.606551
16.007596
15.608045
16.005907
15.605777
16.002176
16.005076
15.603044
1.6617605
25.672072
25.525182
26.050475
26.002629
25.618683
25.527361
16.565069
16.159906
16.56468
16.160304
16.730727
16.732069
16.56535
16.161994
16.160602
16.566733
15.646514
16.042041
16.040653
15.647888
24.560746
24.344063
25.935057
26.033245
25.461977
25.631068
24.341951
24.308825
25.939074
25.934511
25.456193
25.460993
23.448212
23.569573
23.609914
24.167396
24.133128
23.64042
23.418562
23.446645
18.730938
18.269934
18.735349
18.266059
18.91557
18.916306
18.730063
18.265793
18.265304
18.730717
17.58233
17.181166
17.585587
17.178167
17.704637
18.12263
18.122186
17.704975
17.581707
17.177829
17.177596
17.582015
16.694544
16.697292
16.52821
16.122512
16.530905
16.119975
17.069201
17.06899
16.694023
16.694165
16.5277
16.119573
16.119495
16.527832
15.599791
16.001173
15.602102
15.998696
15.599351
15.998287
15.998227
15.599362
25.619649
25.513027
26.054402
26.05358
25.631653
25.620225
16.56915
16.162595
16.567365
16.164219
16.73483
16.73418
16.569454
16.163905
16.164485
16.568824
15.650092
16.043892
16.044454
15.649579
24.422249
24.548234
26.018727
25.97908
25.611962
25.531154
24.425218
24.524164
26.016753
25.975978
25.600191
25.531159
23.568215
23.489563
23.762885
24.244181
24.337734
23.693393
23.555618
23.492985
18.735743
18.266741
18.731867
18.270066
18.922648
18.923788
18.736654
18.272327
18.270914
18.737903
17.585444
17.178467
17.582744
17.18091
17.709312
18.12896
18.127521
17.7108
17.586202
17.183171
17.181631
17.587704
16.696882
16.694707
16.530496
16.120045
16.52836
16.12202
17.07444
17.072892
16.697565
16.699148
16.531176
16.124286
16.122675
16.532776
15.601516
15.998739
15.599761
16.000657
15.602129
16.002908
16.001301
15.603717
25.533131
25.562522
26.001695
26.028979
25.537214
25.580677
18.945043
18.948955
16.56592
16.163314
16.568172
16.161213
16.730604
16.72946
16.565309
16.159318
16.160607
16.564119
15.646576
16.03936
16.040673
15.645209
24.423569
24.363689
25.943091
26.015756
25.474579
25.570918
24.49568
24.446895
26.008431
25.993284
25.569539
25.567041
23.468422
23.47583
23.701335
24.313774
24.261102
23.752007
23.499775
23.54783
18.739651
18.272646
18.738144
18.274088
18.926333
18.928159
18.740407
18.275916
18.274716
18.742013
17.58941
17.18357
17.588079
17.184859
17.713029
18.132402
18.131303
17.713891
17.589901
17.185925
17.185294
17.590699
16.700823
16.699574
16.534456
16.124732
16.53321
16.125946
17.077124
17.07654
16.7012
16.70166
16.534823
16.126601
16.126278
16.535245
15.605315
16.003355
15.604164
16.004554
15.605601
16.005165
16.004874
15.605802
25.609145
25.541213
25.994532
26.021531
25.535592
25.566277
18.942489
16.562782
16.158985
16.563824
16.157949
16.727756
16.727175
16.562406
16.157242
16.157617
16.561874
15.643563
16.037345
16.037672
15.64337
24.492243
24.524533
26.025412
25.990524
25.612072
25.561652
24.290027
24.492639
26.026485
25.928429
25.603414
25.436225
23.547639
23.549238
23.728196
24.117845
24.303006
23.604814
23.521689
23.416577
18.738934
18.275752
18.741889
18.27315
18.923287
18.919196
18.737401
18.268475
18.271835
18.733552
17.588318
17.185721
17.590507
17.183695
17.710338
18.125256
18.128476
17.707452
17.587247
17.180143
17.182721
17.584449
16.699586
16.701443
16.533179
16.12637
16.535023
16.124623
17.071477
17.073992
16.698712
16.696362
16.532316
16.121611
16.123817
16.529981
15.603941
16.004933
15.605565
16.003221
15.603208
16.000277
16.002436
15.601162
25.518091
25.571551
25.983553
26.064197
25.511634
25.648301
18.943253
18.940411
18.944883
18.949228
16.564156
16.157483
16.562089
16.159485
16.730509
16.733611
16.565186
16.163414
16.160462
16.568255
15.64645
16.04343
16.040525
15.649226
24.300472
24.561833
26.067289
25.929205
25.668654
25.439925
24.405399
24.558455
26.060788
25.979386
25.658983
25.524013
23.548861
23.424237
23.765722
24.224971
24.362679
23.680883
23.553189
23.483694
18.73339
18.267917
18.732961
18.268121
18.919781
18.921967
18.733988
18.270416
18.268603
18.736075
17.583904
17.179647
17.58394
17.179485
17.707311
18.127036
18.125309
17.708813
17.584248
17.181004
17.179762
17.585684
16.695585
16.69588
16.529134
16.121128
16.529492
16.120679
17.072231
17.071044
16.695788
16.696816
16.529309
16.121588
16.120804
16.530245
15.600104
15.999797
15.600685
15.999319
15.600154
16.000155
15.999426
15.600696
25.47001
25.648033
25.963318
26.026725
25.480762
25.587793
18.950726
16.570647
16.164219
16.569061
16.16587
16.736328
16.737004
16.57098
16.166807
16.166217
16.571604
15.652047
16.046819
16.046242
15.652586
24.41204
24.401767
25.97995
25.988786
25.524133
25.538857
24.595038
24.394935
25.935289
26.069475
25.475681
25.681031
23.480413
23.478956
23.690657
24.39762
24.222143
23.790308
23.494775
23.575117
18.739201
18.271071
18.736815
18.273022
18.926057
18.926371
18.739868
18.273272
18.273496
18.739986
17.587633
17.181466
17.586211
17.182655
17.71118
18.12962
18.12991
17.710783
17.587911
17.18245
17.182861
17.587502
16.698172
16.697206
16.531461
16.121897
16.530603
16.12263
17.073596
17.073992
16.698323
16.69797
16.531577
16.12236
16.122725
16.531151
15.60145
16.000447
15.600926
16.001136
15.6015
16.000874
16.001222
15.601152
8.1351693
11.431406
25.588589
25.574342
26.061864
25.974097
25.628156
25.501806
18.952676
18.952706
18.952079
18.949261
16.570925
16.166821
16.57164
16.166124
16.735929
16.734317
16.570423
16.164314
16.165675
16.568801
15.651512
16.044429
16.045709
15.650417
24.553939
24.501388
25.997588
26.041744
25.574347
25.637024
24.001768
24.578441
26.068549
25.46546
25.673691
24.967862
23.553257
23.563174
23.7791
23.892825
24.383417
23.498983
23.56105
23.333217
18.735489
18.272549
18.73918
18.269808
18.920247
18.914247
18.734552
18.264512
18.269215
18.727822
17.585319
17.18201
17.586961
17.180814
17.708094
18.121568
18.125988
17.704627
17.585069
17.177837
17.180671
17.581957
16.696835
16.697637
16.529983
16.12208
16.530805
16.121478
17.069919
17.071975
16.696828
16.69415
16.529947
16.11914
16.121475
16.527546
15.600484
16.000612
15.600926
16.000062
15.600481
15.998007
16.000062
15.601368
25.621594
25.553828
25.954711
26.014445
25.485087
25.562317
18.947423
18.948327
16.56919
16.164094
16.568491
16.164904
16.735537
16.734486
16.569919
16.164658
16.165587
16.569095
15.651675
16.045007
16.045715
15.653713
21.030525
13.0035
21.057416
13.000537
21.053981
13.001157
13.006948
13.009404
21.057426
13.008466
13.012008
13.022131
21.055134
13.029388
21.058617
13.031478
20.93927
20.958447
13.708112
13.711744
12.904896
26.422098
27.364108
12.909109
28.253695
27.904229
21.051848
13.805222
13.801901
13.001774
20.954059
20.945539
13.715006
13.71832
12.911901
28.81342
28.222139
12.913924
28.007743
28.473261
13.799449
13.796986
13.000121
20.945
20.945348
13.717855
13.714046
12.912716
28.445253
2.5752995
30.28358
12.90689
28.090348
28.715366
13.796871
13.798569
13.004571
20.955321
13.711173
13.708124
12.902697
27.45587
28.41506
12.897005
28.236108
28.508942
13.800087
13.801244
13.009358
13.707901
13.708544
12.894724
27.631014
28.256574
12.891264
28.564344
27.596772
13.800556
13.798789
13.008635
13.708697
13.707811
12.888564
28.266615
27.933694
12.88211
28.169578
27.836542
13.798102
13.798131
13.009663
20.94558
13.706104
13.701818
12.876694
28.722323
28.146192
12.865758
28.428786
27.950016
13.799475
13.803749
13.018241
20.951127
13.69962
13.697768
12.859374
27.758705
27.030803
12.850912
27.116487
27.220722
13.806277
13.808783
13.027391
20.946956
20.944156
13.697295
13.696236
12.84687
26.611853
27.305701
12.839301
8.2916111
30.309168
13.178961
21.057207
13.809188
13.808645
13.030887
20.946403
20.938925
13.695232
13.69396
12.837632
27.36407
26.26414
12.833075
25.492034
25.663242
13.808592
13.809477
13.031745
24.012762
23.71584
23.943172
24.133122
23.827735
24.003365
24.22336
24.2931
24.148224
23.606569
23.6776
23.815568
22.10047
22.285891
22.315474
22.077331
20.425597
20.614459
20.619566
20.421321
19.072011
18.91243
19.207644
19.209365
19.070632
18.91172
17.832339
17.701821
17.831639
18.118086
17.965778
17.968693
17.970583
18.119201
17.969824
17.700849
17.827912
17.830596
17.065605
16.946917
16.94765
16.948638
17.066304
16.948104
26.621931
25.985475
21.051225
26.050544
16.882187
16.740685
16.883406
16.741116
16.882988
15.797074
15.656205
16.050843
15.914511
15.914468
16.050523
15.656845
15.797655
14.540103
14.388673
14.389347
14.539377
12.842641
13.003573
12.842834
23.75703
23.988216
23.983722
24.098961
24.304162
24.157558
23.729069
23.904459
23.953224
24.191108
24.337669
24.189953
22.147606
22.352823
22.139096
22.363173
20.457247
20.650257
20.454361
20.65336
19.091391
18.9302
19.227651
19.089225
18.928098
19.229871
17.714473
17.846225
17.844758
17.979479
18.131506
17.981642
17.712669
17.840817
17.842917
17.985014
18.133428
17.983526
16.95524
17.075486
16.956991
16.959934
17.077114
16.958591
26.629284
25.995632
25.993912
16.732439
16.874345
16.733216
15.648055
15.789084
15.908868
16.043038
15.648853
15.791485
15.906485
16.042242
14.53279
14.381546
14.382216
14.532119
12.840144
13.000265
12.839888
23.653537
23.838253
23.86157
24.161248
24.254783
24.113585
23.696614
23.95792
23.915157
24.01782
24.176222
24.047988
22.117884
22.337856
22.125665
22.327996
20.449681
20.646523
20.451675
20.644306
19.090016
18.929177
19.229364
19.091237
18.930342
19.228089
17.71537
17.844516
17.845497
17.985824
18.134769
17.985032
17.716233
17.847146
17.84639
17.983102
18.133809
17.984107
16.961517
17.079378
16.960972
16.959426
17.078641
16.96026
26.629725
26.049746
21.047428
26.627864
25.995014
16.730278
16.873033
16.730161
16.872708
15.645973
15.787869
15.904891
16.039995
15.645831
15.78747
15.905297
16.040132
14.530716
14.380358
14.38013
14.530944
12.841802
13.001698
12.842595
23.6932
23.851695
23.910273
24.219629
24.325597
24.177713
23.746547
24.010659
23.972053
24.039712
24.244844
24.106573
22.116228
22.350577
22.13318
22.330311
20.435824
20.635361
20.439877
20.630613
19.078305
18.91788
19.217878
19.08004
18.9195
19.21602
17.706229
17.835164
17.836145
17.977094
18.125252
17.975762
17.707382
17.838629
17.837337
17.973508
18.12397
17.974527
16.954198
17.071362
16.953114
16.951346
17.07036
16.952138
26.630081
26.017034
26.629153
21.052522
26.629468
25.98412
16.734004
16.877119
16.876585
16.73337
16.875245
15.649487
15.791574
15.907564
16.043226
15.648993
15.790109
15.909084
16.043771
14.533906
14.383599
14.383291
14.534217
12.849466
13.00765
12.850352
23.772526
24.006104
24.000995
24.102634
24.318175
24.170769
23.740483
23.906635
23.965604
24.212916
24.358476
24.209055
22.143796
22.347625
22.130927
22.362421
20.443771
20.635445
20.439968
20.639859
19.081169
18.920463
19.217512
19.079607
18.919018
19.219204
17.707634
17.838581
17.837646
17.974066
18.124593
17.975083
17.706666
17.835669
17.836639
17.977101
18.125692
17.976134
16.951581
17.070573
16.952315
16.95388
17.07139
16.953106
26.630236
25.991153
26.630375
25.984224
16.731939
16.873744
16.874478
16.73273
15.6478
15.788798
15.908229
16.042649
15.648451
15.790743
15.906232
16.041947
14.532625
14.381617
14.382131
14.532087
12.853129
13.009262
12.853139
23.643072
23.871662
23.848425
24.093275
24.189557
24.056154
23.653645
23.894419
23.865311
24.059558
24.154841
24.031143
22.109204
22.318752
22.108341
22.319582
20.442804
20.636471
20.442253
20.637028
19.085442
18.924809
19.222803
19.08492
18.924299
19.223332
17.712013
17.842569
17.84205
17.979713
18.129678
17.980101
17.711561
17.8412
17.841592
17.981103
18.130152
17.980566
16.956555
17.075254
16.956967
16.95782
17.075682
16.957391
26.631596
26.080679
26.031963
16.728532
16.870761
16.728879
15.644158
15.785489
15.903949
16.03868
15.644496
15.786501
15.902926
16.038334
14.529287
14.378723
14.37894
14.529047
12.853526
13.008516
12.853838
23.761875
23.982416
23.985501
24.171414
24.318403
24.177558
23.756738
23.972369
23.977645
24.188162
24.331908
24.188186
22.150629
22.372861
22.155473
22.3682
20.451829
20.650866
20.454266
20.648123
19.087323
18.926378
19.226802
19.08848
18.927458
19.225564
17.712439
17.841527
17.842555
17.982499
18.131705
17.981986
17.713213
17.843855
17.843354
17.980089
18.130846
17.981159
16.958549
17.076465
16.958103
16.956613
17.075789
16.957441
26.630689
26.012966
21.054758
26.629959
26.022755
16.728552
16.871997
16.727843
16.869899
15.644745
15.787153
15.902599
16.038056
15.644098
15.785225
15.904552
16.038727
14.530387
14.38092
14.380181
14.531126
12.858999
13.013163
12.859923
23.716394
23.995036
23.938353
24.001726
24.185194
24.054753
23.655593
23.817982
23.865994
24.208262
24.282315
24.139444
22.11831
22.316928
22.105292
22.333472
20.436537
20.629139
20.434877
20.631295
19.079089
18.918641
19.21649
19.078828
18.918426
19.216806
17.706719
17.836916
17.83667
17.975257
18.124492
17.975032
17.7067
17.836865
17.836634
17.975353
18.124563
17.975084
16.952742
17.070719
16.952467
16.952499
17.070665
16.952397
26.628996
26.006806
26.627305
26.054449
16.735584
16.878521
16.878126
16.73507
16.876988
15.651242
15.793358
15.909149
16.044902
15.650684
15.791679
15.910821
16.045451
14.536532
14.386833
14.386341
14.537012
12.87102
13.023352
12.872396
23.677037
23.891388
23.893458
24.090415
24.225107
24.088919
23.677954
23.894474
23.894181
24.084957
24.228128
24.089459
22.1152
22.324697
22.113246
22.326605
20.444589
20.637636
20.443095
20.639198
19.085211
18.924428
19.222248
19.084276
18.923554
19.223246
17.71043
17.841061
17.840582
17.978015
18.128301
17.97862
17.709911
17.839455
17.840031
17.97972
18.128926
17.979205
16.954268
17.073103
16.954673
16.955317
17.073492
16.955034
26.625134
26.016817
21.055228
26.034797
16.736784
16.87901
16.879371
16.737
15.652227
15.793617
15.911739
16.046718
15.652455
15.794274
15.911057
16.046486
14.537758
14.387504
14.387705
14.537529
12.879613
13.029839
12.880334
23.732397
23.979818
23.943643
24.210419
24.289671
24.152309
23.740484
24.001209
23.956695
24.178882
24.262724
24.132735
22.151884
22.373992
22.156906
22.369492
20.449249
20.649857
20.452883
20.645866
19.083697
18.92284
19.223744
19.085341
18.924303
19.221928
17.708882
17.838421
17.838975
17.979101
18.128074
17.978302
17.709528
17.84042
17.839687
17.976873
18.127199
17.977509
16.954704
17.072744
16.954296
16.95373
17.072359
16.95395
26.627685
26.109751
26.072336
16.734206
16.877329
16.733956
15.650614
15.792782
15.909247
16.044259
15.650334
15.791943
15.910068
16.044539
14.536748
14.387199
14.386879
14.537087
12.884329
13.031702
12.884989
24.31274
24.479467
26.567977
25.992239
26.564934
25.946159
25.342047
25.5613
24.304719
24.917509
25.456094
24.720591
24.397165
24.50806
26.570566
26.02817
26.571039
20.944296
25.937774
25.390837
25.610737
24.696875
24.952366
25.480169
25.122429
23.363387
23.505811
23.314152
22.959884
23.05872
23.018245
23.414679
23.171768
23.239478
24.017545
23.741307
23.965328
24.22222
24.061492
24.090209
24.231119
24.317463
24.169798
23.688737
23.875482
23.900021
23.371567
23.535205
23.347191
23.493792
23.30073
23.315283
21.453404
21.244342
21.253548
21.441916
22.133041
22.34496
22.350423
22.130986
21.47762
21.279131
21.275095
21.480953
19.897114
19.708962
19.711461
19.894359
20.438826
20.639028
20.634487
20.443265
19.906477
19.723498
19.719841
19.910356
18.555905
18.726994
18.554898
18.260985
18.390748
18.394113
18.396347
18.262191
18.395414
18.725768
18.549866
18.553455
19.077768
18.917233
19.218728
19.215672
19.080641
18.919906
18.557276
18.731379
18.559213
18.268015
18.40418
18.401664
18.397606
18.265879
18.399404
18.733888
18.564247
18.561611
17.443946
17.578957
17.443341
17.174016
17.304033
17.306245
17.307765
17.174906
17.307157
17.578052
17.440121
17.442442
17.833288
17.704726
17.834687
18.124629
17.9772
17.974999
17.971595
18.12261
17.973077
17.706472
17.83862
17.836512
17.444763
17.581716
17.445974
17.178877
17.313074
17.311263
17.308557
17.177389
17.309722
17.58339
17.449453
17.447576
16.835819
16.691589
16.690955
16.367707
16.524649
16.115705
16.235776
16.239065
16.116439
16.523844
16.364419
17.070184
16.953471
16.951825
16.949373
17.068746
16.950432
16.836461
16.693649
16.694976
16.368367
16.526865
16.119792
16.243404
16.239719
16.118555
16.528199
16.372142
15.740003
15.595894
15.994423
15.85602
15.858984
15.995132
15.595544
15.737624
15.314485
15.314911
15.740671
15.597979
15.998436
15.863151
15.859649
15.997227
15.599122
15.74408
15.316351
15.315503
15.469893
14.459665
14.30599
14.305406
14.460226
14.105787
14.105247
13.926283
13.708847
13.926472
14.46176
14.30668
14.460902
14.307527
14.10646
14.107306
13.710777
13.929037
13.928115
12.752059
12.905826
12.751998
22.226271
28.767737
28.060168
23.130067
22.937434
12.908192
12.753768
12.753007
28.254601
27.908073
22.98536
23.052878
25.198761
25.522923
25.585973
25.184406
26.621879
26.027868
26.092821
25.216934
25.597762
24.790171
25.688992
25.397205
22.15127
22.360106
22.364086
22.147332
21.505252
21.301826
21.304656
21.501992
22.16753
22.389797
22.384162
22.171567
21.51357
21.312126
21.311147
21.514979
20.472423
20.665805
20.667461
20.471115
19.941321
19.754461
19.75499
19.940704
20.474114
20.670335
20.67004
20.474298
19.941092
19.754191
19.754291
19.94106
19.113901
18.954116
19.251432
19.251531
19.114057
18.954867
19.112132
19.249709
19.24998
19.111805
18.951287
16.417726
16.574944
16.170777
16.290125
16.290311
16.17047
16.575203
16.417563
16.880922
16.737103
16.735992
16.877585
16.416483
16.571513
16.165886
16.285612
16.289076
16.167042
16.570407
16.413057
15.379705
15.529664
15.530746
15.378739
15.795928
15.652972
16.045972
15.90985
15.913296
16.047132
15.651816
15.792477
15.376391
15.37758
15.527195
14.192501
14.193197
14.01919
13.805145
14.018545
14.537394
14.387775
14.538427
14.386775
14.191612
14.190641
13.802783
14.014735
14.015736
13.002281
12.841281
12.84172
24.493339
24.526797
26.570339
26.027602
26.567421
26.57446
26.027543
25.615526
25.2927
25.603934
25.200604
24.498395
24.495333
26.566555
25.991513
26.566785
20.94677
25.994387
25.26996
25.563889
24.855273
24.847983
25.569309
25.283258
23.548147
23.368354
23.358115
23.044167
23.523199
23.311477
23.336279
23.062327
23.980994
23.755933
23.975733
24.316405
24.176657
24.175585
24.180828
24.314502
24.174582
23.755175
23.974733
23.975901
23.369387
23.552937
23.367392
23.07103
23.074596
23.551178
23.357575
23.364698
21.496147
21.289892
21.491178
21.29418
22.159177
22.3719
22.376133
22.15515
21.503095
21.297386
21.299929
21.500163
19.923133
19.73344
19.920642
19.735846
20.460523
20.655411
20.65697
20.459219
19.926033
19.738134
19.738731
19.925296
18.743838
18.572906
18.571345
18.40672
18.275153
18.409074
18.741775
18.56688
18.5693
18.412626
18.277116
18.411081
19.094337
18.933139
19.232507
19.232803
19.094112
18.932975
18.573923
18.746814
18.574387
18.280206
18.413719
18.414135
18.413648
18.280173
18.414138
18.746712
18.57387
18.57434
17.591154
17.456521
17.45511
17.315003
17.184341
17.316888
17.589387
17.451444
17.453379
17.319976
17.186005
17.318583
17.84725
17.717525
17.847813
18.136557
17.986408
17.986692
17.986042
18.136489
17.986592
17.717679
17.847691
17.847941
17.457542
17.594199
17.458147
17.189275
17.32171
17.321835
17.320995
17.189028
17.321611
17.594377
17.458196
17.458349
16.701435
16.846586
16.699896
16.534685
16.378238
16.245003
16.124394
16.533135
16.373782
16.249364
16.125859
17.08038
16.96184
16.961884
16.960947
17.080116
16.961596
16.847575
16.704394
16.704706
16.848468
16.379252
16.537722
16.129195
16.251475
16.250366
16.128816
16.538071
16.380347
15.604716
15.749584
15.864654
16.002927
15.60335
15.74554
15.868802
16.004362
15.322728
15.323862
15.750548
15.607585
16.007672
15.870989
15.869783
16.007285
15.608006
15.75176
15.325455
15.324784
15.478979
14.467678
14.31424
14.313235
14.468727
14.113971
14.112974
13.932269
13.716007
13.933291
14.470239
14.315067
14.469592
14.315683
14.114792
14.115405
13.718051
13.935755
13.935442
12.756297
12.912664
12.757045
23.139648
27.847532
27.852211
22.924623
22.941591
12.91392
12.757746
12.757968
28.166817
28.439555
22.935206
23.000813
25.529058
25.222782
25.536408
25.306448
24.780455
26.628924
26.023714
26.021001
25.241185
25.571393
25.565554
25.218344
22.145928
22.370659
22.155767
22.359101
21.499471
21.303996
21.505499
21.298862
22.13131
22.344722
22.343901
22.132079
21.488217
21.288835
21.288808
21.488435
20.466833
20.66503
20.469662
20.661777
19.935921
19.751314
19.937862
19.749576
20.460519
20.654348
20.654712
20.460085
19.93126
19.744799
19.745318
19.930742
19.108507
18.948123
19.247476
19.109697
18.949227
19.246179
19.105398
19.242347
19.242832
19.104931
18.944769
16.566891
16.409774
16.284646
16.162978
16.567654
16.41211
16.282275
16.162187
16.873752
16.730698
16.730376
16.872773
16.409197
16.565208
16.16015
16.280734
16.281691
16.160465
16.564902
16.40826
15.371419
15.521335
15.370707
15.788502
15.646346
16.040199
15.904955
15.905907
16.040516
15.646033
15.787538
15.369644
15.370112
15.520255
14.18558
14.186225
14.011994
13.798756
14.01123
14.53112
14.380986
14.531559
14.380545
14.185044
14.184625
13.797258
14.009259
14.009572
12.999994
12.840201
12.839936
24.440357
24.349275
26.571754
25.940186
26.568543
20.956695
26.573019
26.008145
25.466798
25.066535
25.567996
25.289807
24.535898
24.463387
26.572181
26.011322
26.570961
26.02879
25.138785
25.576843
24.915375
24.703195
25.61948
25.33715
23.461243
23.275392
23.285119
23.023153
23.495493
23.340131
23.3123
23.002398
23.869945
23.714039
23.93437
24.346078
24.225189
24.197362
24.057154
24.277488
24.134721
23.762829
24.016613
23.990245
23.291883
23.51137
23.326844
23.03625
23.553103
23.381065
23.362032
21.478112
21.282339
21.482199
21.278933
22.131804
22.359747
22.345929
22.142231
21.482997
21.284027
21.281725
21.486663
19.918833
19.733817
19.920407
19.732335
20.447613
20.642915
20.643023
20.447082
19.915494
19.727547
19.728816
19.914315
18.743181
18.56992
18.57104
18.412995
18.278282
18.41207
18.744299
18.57309
18.572115
18.409945
18.277284
18.411036
19.086368
18.92559
19.223062
19.224416
19.08502
18.924263
18.568767
18.739646
18.567562
18.272692
18.404979
18.406353
18.408813
18.273941
18.407625
18.738336
18.564862
18.566268
17.592194
17.455374
17.456287
17.321299
17.188198
17.32067
17.593029
17.457754
17.457096
17.318994
17.187438
17.319887
17.843472
17.712297
17.842364
18.129315
17.978431
17.97971
17.982038
18.13054
17.980911
17.711136
17.839931
17.841184
17.454383
17.589177
17.453324
17.18348
17.314702
17.315866
17.31802
17.184575
17.316976
17.588034
17.451014
17.452199
16.703225
16.846104
16.703906
16.53673
16.37826
16.251263
16.12867
16.537381
16.380119
16.249447
16.128074
17.074744
16.95532
16.956431
16.958499
17.075824
16.957496
16.845186
16.700519
16.699471
16.84204
16.377382
16.534084
16.124561
16.245577
16.248581
16.125555
16.533052
16.374345
15.607209
15.750056
15.87084
16.007202
15.607718
15.751626
15.869216
16.006627
15.325119
15.324484
15.74926
15.604916
16.003184
15.865557
15.868403
16.00416
15.603994
15.746467
15.322897
15.323734
15.476304
14.470133
14.314939
14.315506
14.469571
14.114673
14.11524
13.935434
13.71733
13.934961
14.468125
14.314256
14.468892
14.313486
14.113989
14.113215
13.714988
13.931919
13.932796
12.755206
12.911916
12.753784
23.037202
3.7778833
30.237756
13.55328
23.334038
12.908268
12.749481
12.750872
28.376986
27.970398
22.903682
23.023667
25.616962
25.361125
25.537936
25.198505
24.917996
26.627418
25.996933
21.052541
25.993276
25.306857
25.54048
25.522741
25.186827
22.150653
22.361247
22.146278
22.36707
21.498148
21.295015
21.496277
21.296441
22.140636
22.345274
22.354946
22.133185
21.49301
21.290305
21.292473
21.489964
20.462666
20.657095
20.462126
20.657769
19.931832
19.745353
19.931524
19.745616
20.461531
20.655524
20.656159
20.461162
19.931533
19.745592
19.745468
19.931589
19.105191
18.944963
19.242515
19.105031
19.242693
19.105349
18.945173
19.243037
19.242806
19.105596
16.564863
16.408599
16.280672
16.159951
16.56473
16.408205
16.281059
16.160087
16.873282
16.731073
16.73152
16.874604
16.408887
16.565715
16.161448
16.282739
16.281349
16.160982
16.566176
16.410282
15.369161
15.369376
15.788174
15.646904
16.041501
15.906987
15.905602
16.041036
15.647366
15.789545
15.370049
15.369674
15.52067
14.184547
14.184303
14.009045
13.797048
14.009193
14.531634
14.380666
14.531254
14.381045
14.184872
14.185265
13.798094
14.010601
14.010153
13.003776
12.84643
12.845406
24.515319
24.426411
26.574432
25.979631
26.573387
20.95543
26.028642
25.532717
25.129801
24.914359
25.610866
25.339846
24.308036
24.303335
26.57472
25.951352
26.574054
25.939006
25.111135
25.467714
24.689321
24.661731
25.455942
25.128368
23.492853
23.270653
23.309777
23.053576
23.538829
23.376364
23.349517
22.986674
23.817428
23.599644
23.80741
24.132306
24.037713
24.003111
24.003897
24.125384
23.994692
23.609292
23.84989
23.816725
23.243615
23.408509
23.234078
22.954206
23.417983
23.269077
23.243033
21.468249
21.275538
21.477952
21.267485
22.080404
22.293038
22.287879
22.084709
21.447791
21.252644
21.250683
21.450183
19.905388
19.72162
19.908095
19.719196
20.428012
20.622352
20.62124
20.428946
19.900533
19.715441
19.71494
19.901113
18.732222
18.559134
18.560355
18.403519
18.268505
18.402036
18.733748
18.563355
18.561813
18.399479
18.267169
18.400642
19.075419
18.915207
19.213236
19.2129
19.075716
18.915471
18.558302
18.72972
18.557974
18.265177
18.399227
18.398567
18.398688
18.265
18.398373
18.729956
18.558896
18.558188
17.583247
17.446636
17.447524
17.313512
17.180032
17.312351
17.584365
17.4498
17.44861
17.310434
17.179004
17.311296
17.834496
17.704366
17.834218
18.122052
17.973221
17.972677
17.972815
18.121891
17.972529
17.704489
17.834866
17.834353
17.446032
17.581442
17.445772
17.177434
17.310104
17.309689
17.309848
17.177347
17.309594
17.581555
17.446313
17.445876
16.695305
16.838142
16.696244
16.528956
16.370642
16.244534
16.121539
16.529876
16.373286
16.241939
16.120674
17.068824
16.950995
16.950636
16.950805
17.068745
16.950564
16.837613
16.693785
16.69384
16.83778
16.370143
16.527466
16.119299
16.241544
16.241448
16.119267
16.527517
16.37026
15.600426
15.743141
15.864574
16.000222
15.601212
15.745505
15.862153
15.999378
15.318555
15.471267
15.47189
15.317942
15.742691
15.599132
15.998027
15.861737
15.861694
15.998001
15.599141
15.742716
15.317289
15.317512
15.470613
14.464107
14.308856
14.309449
14.463526
14.108519
14.109131
13.929263
13.710315
13.928486
14.462851
14.308414
14.463101
14.308139
14.108052
14.107746
13.708455
13.926702
13.926918
12.744751
12.901373
12.743131
22.797142
27.545624
28.444832
12.897942
12.737324
12.738623
28.189207
28.494072
22.95583
23.002874
25.562642
25.306667
25.511598
25.17423
24.870689
26.624117
26.046555
26.05476
25.32905
25.62624
25.632175
25.30732
22.149741
22.349666
22.13798
22.363627
21.50217
21.29555
21.49527
21.301338
22.17551
22.390398
22.394371
22.172232
21.516839
21.311964
21.31346
21.515031
20.468646
20.660181
20.465564
20.663737
19.937404
19.749048
19.93526
19.750985
20.474619
20.669863
20.670772
20.473826
19.941338
19.75396
19.754487
19.940764
19.109778
19.245968
19.10838
19.247472
19.112189
19.249664
19.250093
19.111781
16.568649
16.412644
16.283351
16.163208
16.568027
16.410907
16.285028
16.163772
16.877448
16.734884
16.734659
16.876782
16.412936
16.569506
16.164326
16.284708
16.285306
16.164525
16.569289
16.412325
15.372474
15.372822
15.791805
15.65012
16.044298
15.908781
15.909326
16.044491
15.649944
15.791276
15.37304
15.37302
15.523764
14.187871
14.187554
14.012044
13.800528
14.012459
14.53443
14.383783
14.534399
14.383822
14.188066
14.188121
13.801254
14.013018
14.013077
13.009116
12.852735
12.852371
24.507709
24.54844
26.569547
26.030268
20.945356
26.027232
25.624164
25.320561
24.773992
25.607469
25.211054
24.898031
24.431451
24.478082
26.56979
25.995032
26.56856
26.567062
25.955208
25.300643
25.562275
24.776346
24.874391
25.5094
25.212657
23.561677
23.37638
23.369487
23.048665
23.533076
23.306523
23.344072
23.077777
23.98762
23.735863
23.955645
24.254762
24.106479
24.120097
24.191976
24.295575
24.154793
23.710503
23.910473
23.92622
23.366585
23.533005
23.347659
23.055376
23.510686
23.310023
23.327658
21.485543
21.275216
21.477309
21.282261
22.142148
22.346661
22.35855
22.132091
21.487681
21.280724
21.285003
21.482236
19.910575
19.721476
19.90803
19.723741
20.447303
20.641522
20.643354
20.445996
19.913956
19.726912
19.72703
19.913642
18.734563
18.563653
18.56252
18.400236
18.267871
18.401432
18.733215
18.559973
18.561242
18.403731
18.269024
18.402644
19.084067
18.923256
19.222426
19.222196
19.084359
18.923594
18.564545
18.737274
18.565173
18.27199
18.405978
18.405663
18.404601
18.271544
18.405232
18.737655
18.565869
18.565583
17.584566
17.449616
17.448762
17.31077
17.179256
17.311589
17.583632
17.447009
17.447862
17.313291
17.180098
17.312459
17.83937
17.709929
17.83999
18.128605
17.979366
17.978997
17.977908
18.128148
17.978532
17.710409
17.840844
17.840463
17.450361
17.586816
17.450972
17.182741
17.315548
17.315128
17.314023
17.182239
17.314632
17.587302
17.451874
17.451463
16.696141
16.840576
16.839821
16.695392
16.529764
16.372859
16.242035
16.120652
16.529029
16.370771
16.244066
16.121331
17.074003
16.956142
16.955697
16.954581
17.073497
16.955185
16.841267
16.698167
16.698688
16.842833
16.373533
16.53178
16.123805
16.246343
16.244731
16.123271
16.532308
16.375143
15.600889
15.744933
15.86217
15.999326
15.600288
15.74313
15.864032
15.999984
15.318865
15.472891
15.472283
15.319453
15.745555
15.602705
16.002426
15.86627
15.864667
16.001893
15.603233
15.747147
15.32059
15.320036
15.474054
14.463915
14.309427
14.309002
14.464386
14.108755
14.10838
13.926867
13.707999
13.927104
14.46533
14.309862
14.464865
14.310286
14.109141
14.109517
13.708425
13.928208
13.92795
12.733842
12.894071
12.732706
27.920997
28.832738
22.914663
23.078289
12.892031
12.727862
12.729183
28.239508
28.551556
23.042661
22.977977
23.040592
25.514899
25.195556
25.511904
25.240268
24.748931
26.628407
26.013572
26.628621
26.045368
25.207213
25.559097
24.823857
25.599558
25.260728
22.131257
22.351543
22.139426
22.342337
21.490107
21.295653
21.495625
21.290843
22.134797
22.355762
22.347992
22.141465
21.489841
21.292963
21.289912
21.493632
20.462293
20.659836
20.465142
20.656615
19.932639
19.748483
19.934717
19.74658
20.460264
20.656201
20.654705
20.461425
19.93052
19.744866
19.744476
19.931042
19.1063
18.946102
19.245359
19.107749
19.243823
19.104308
19.241936
19.241799
19.104391
16.566637
16.409488
16.284096
16.16262
16.567413
16.411692
16.281942
16.161898
16.873137
16.730125
16.729758
16.872049
16.408878
16.56482
16.159678
16.280072
16.281334
16.160099
16.564436
16.40765
15.370848
15.370234
15.788207
15.646058
16.039732
15.904301
15.905636
16.040161
15.645607
15.786858
15.369142
15.369659
15.519789
14.186073
14.186561
14.012152
13.800194
14.011726
14.531084
14.381119
14.531567
14.380655
14.185598
14.185154
13.799099
14.010085
14.010451
13.008765
12.85305
12.853032
24.368195
24.322841
26.568452
25.90281
25.963751
25.421486
25.145526
24.787069
25.499604
25.239516
24.709463
24.503124
24.495767
26.569577
26.018815
26.56669
26.003086
25.247834
25.597405
24.841431
24.804636
25.582223
25.265138
23.45243
23.290723
23.277136
23.458469
23.293687
23.280159
23.006055
23.920322
23.734801
23.95869
24.318411
24.172848
24.17508
24.119314
24.30782
24.162273
23.749828
23.972955
23.972948
23.316084
23.528493
23.340626
23.046659
23.543671
23.361274
23.355508
21.469448
21.269895
21.468764
21.270526
22.13558
22.361553
22.350648
22.1453
21.485551
21.289619
21.284156
21.491957
19.913038
19.7263
19.912491
19.726844
20.449846
20.648555
20.645301
20.452566
19.917547
19.732145
19.730792
19.919149
18.73899
18.567634
18.567002
18.406278
18.273025
18.406649
18.738487
18.566144
18.566504
18.407745
18.273507
18.40714
19.088012
18.927154
19.227006
19.226147
19.088766
18.927815
18.568343
18.741146
18.569026
18.275739
18.409728
18.409521
18.408411
18.275303
18.409043
18.741728
18.569795
18.569553
17.588922
17.453573
17.453099
17.315939
17.183977
17.316342
17.588476
17.452258
17.452658
17.31724
17.184409
17.316778
17.843106
17.713484
17.843589
18.13225
17.982677
17.982548
17.981667
18.131851
17.98218
17.713798
17.844038
17.843928
17.454044
17.590331
17.454451
17.18589
17.318375
17.318327
17.317692
17.185659
17.318077
17.590622
17.454782
17.45472
16.700411
16.844503
16.844084
16.699992
16.843251
16.53405
16.376821
16.246786
16.125156
16.533632
16.375582
16.248014
16.125564
17.0771
16.95876
16.958749
16.958223
17.076886
16.958552
16.844892
16.701499
16.701667
16.845389
16.377176
16.535108
16.126644
16.248712
16.248357
16.126524
16.535264
16.377563
15.604968
15.748759
15.866718
16.003778
15.604581
15.747593
15.867903
16.004181
15.322793
15.476623
15.476287
15.323119
15.749056
15.605798
16.005215
15.86847
15.868211
16.005107
15.605874
15.749287
15.323555
15.323382
15.477082
14.467163
14.312127
14.311928
14.4674
14.111076
14.110928
13.928781
13.708661
13.928889
14.467652
14.312257
14.46757
14.3123
14.111156
14.111149
13.708158
13.928619
13.928823
12.723214
12.887495
12.721444
22.91779
28.540252
28.555404
23.030891
23.030648
12.883637
12.712982
12.715365
28.23643
27.874
22.968471
22.979162
22.915994
25.654192
25.293087
25.593527
25.229939
24.854861
26.62905
25.993312
26.628401
26.011957
25.215876
25.525847
24.795619
25.549424
25.239096
22.153831
22.37152
22.155037
22.370188
21.501016
21.299689
21.50177
21.299042
22.137635
22.345634
22.351162
22.132483
21.490757
21.286825
21.29017
21.486967
20.463836
20.659783
20.464281
20.659313
19.932007
19.745918
19.932417
19.745514
20.458649
20.651206
20.653432
20.456707
19.928276
19.74094
19.742119
19.926953
19.104288
18.943966
19.242351
19.10467
19.241962
19.101782
19.238405
19.239282
19.100976
18.940872
16.563162
16.406297
16.279751
16.158651
16.563512
16.40734
16.27871
16.158303
16.870354
16.72742
16.727204
16.405934
16.562086
16.157212
16.277938
16.278363
16.157354
16.561889
16.405455
15.367227
15.517573
15.517882
15.366928
15.7852
15.643366
16.037301
15.902345
15.902624
16.037426
15.643289
15.784965
15.366517
15.366681
15.51713
14.18334
14.183533
14.009228
13.797962
14.009026
14.528786
14.378572
14.528873
14.378509
14.183216
14.18318
13.797944
14.008932
14.008811
13.009199
12.856007
12.855277
24.499878
24.516363
26.567596
26.004535
25.992909
25.586225
25.311071
24.836357
25.566926
25.258898
24.87953
24.326857
24.410298
26.575148
25.979611
20.946572
26.574315
25.932867
25.292067
25.529204
25.454188
25.087072
23.555226
23.357448
23.366514
23.072671
23.552664
23.363643
23.366204
23.952314
23.679764
23.895902
24.153317
23.992115
24.025116
24.156406
24.22857
24.091125
23.631006
23.809031
23.838866
23.333524
23.480204
23.297869
22.966114
23.009277
23.438918
23.244356
23.263049
21.493931
21.294624
21.498154
21.290778
22.111742
22.308381
22.324013
22.098935
21.468571
21.262922
21.268983
21.461344
19.917898
19.732399
19.91965
19.730811
20.439821
20.630483
20.634266
20.436523
19.90973
19.721412
19.723509
19.907413
18.740288
18.566821
18.56811
18.409574
18.275212
18.409019
18.741307
18.569655
18.569085
18.40686
18.274318
18.408086
19.082229
18.92166
19.218431
19.220058
19.080712
18.920246
18.565366
18.73588
18.563919
18.269366
18.401962
18.402889
18.405478
18.270525
18.404102
18.734551
18.561686
18.562649
17.589276
17.452457
17.453385
17.318176
17.185263
17.317711
17.590026
17.454587
17.454114
17.316102
17.18457
17.317001
17.840374
17.709228
17.839223
18.126116
17.975791
17.976623
17.978888
18.127225
17.97769
17.708235
17.837389
17.838194
17.451421
17.586175
17.450384
17.180858
17.312455
17.313184
17.315098
17.181744
17.314093
17.585212
17.448705
17.44945
16.700374
16.843283
16.84409
16.701008
16.845176
16.533958
16.375517
16.248484
16.125949
16.534587
16.377336
16.246703
16.125353
17.072178
16.953232
16.953922
16.955692
17.073042
16.954766
16.842388
16.697833
16.697027
16.83999
16.374671
16.531447
16.12225
16.243627
16.245877
16.123004
16.530647
16.37237
15.604609
15.747409
15.868237
16.004517
15.605161
15.749053
15.866557
16.003933
15.322376
15.475248
15.321743
15.746662
15.602464
16.000904
15.863671
15.86579
16.001642
15.601766
15.744592
15.320346
15.32105
14.466258
14.310144
14.310772
14.465643
14.10874
14.109402
13.927319
13.705328
13.926668
14.464297
14.309466
14.464976
14.308777
14.108029
14.107307
13.702691
13.92363
13.924386
12.704895
12.874619
12.702011
22.959443
27.897279
27.736213
22.897487
22.87835
12.86799
12.68965
12.692788
27.855796
27.616303
22.891961
22.835736
22.873637
22.805895
25.54862
25.184339
24.802259
25.567247
25.245963
26.630573
26.017052
26.056
25.183015
25.563616
24.918082
24.748423
25.62621
25.348349
22.127794
22.338768
22.126081
22.339891
21.484973
21.283345
21.482763
21.285486
22.151592
22.37803
22.366494
22.160936
21.50128
21.304175
21.29978
21.506485
20.456908
20.649406
20.455295
20.651152
19.927618
19.740476
19.92632
19.741697
20.465691
20.663878
20.660969
20.468305
19.934271
19.749781
19.74787
19.93631
19.101947
18.941869
19.238284
19.100932
18.940893
19.239338
19.106861
19.246133
19.244498
19.108428
18.948055
16.563256
16.407726
16.27817
16.157948
16.562553
16.405678
16.280198
16.158628
16.873058
16.731602
16.874166
16.732659
16.876187
16.408739
16.566264
16.162491
16.284192
16.281194
16.161487
16.567309
16.411773
15.367962
15.519326
15.518537
15.368742
15.788073
15.647402
16.042518
15.908353
15.905491
16.041531
15.648344
15.790888
15.370547
15.36962
15.521154
14.185696
14.184949
14.010102
13.800183
14.010763
14.532819
14.381742
14.531951
14.382606
14.186523
14.187392
13.802815
14.01416
14.013268
13.016986
12.866224
12.864195
24.359872
24.467884
26.572275
25.996074
25.936675
25.565607
25.367989
24.648651
25.46827
25.09398
24.404555
24.471283
26.570953
25.97862
20.943186
25.936452
25.358721
25.545246
24.757324
25.479922
25.197226
23.511297
23.35473
23.323957
22.997325
23.460909
23.251315
23.282458
23.996776
23.732521
23.952353
24.231276
24.088687
24.100108
24.20848
24.290291
24.150805
23.697087
23.894971
23.909612
23.359956
23.529018
23.342694
23.017124
23.049224
23.500119
23.303602
23.319365
21.469028
21.263422
21.462886
21.268164
22.133261
22.342173
22.349977
22.1276
21.479152
21.276011
21.276897
21.477508
19.906169
19.719377
19.905393
19.719987
20.441364
20.637227
20.636862
20.441925
19.909456
19.723747
19.722924
19.910264
18.732953
18.561441
18.561047
18.401391
18.267704
18.401184
18.73278
18.561103
18.560907
18.401655
18.267795
18.401298
19.081111
18.920499
19.219787
19.219
19.081874
18.921231
18.561995
18.734663
18.562631
18.269782
18.404065
18.403407
18.40217
18.269172
18.40277
18.735362
18.563982
18.563298
17.583702
17.448123
17.447942
17.311957
17.179386
17.311703
17.583699
17.448201
17.447954
17.311838
17.179345
17.311677
17.837308
17.707768
17.837791
18.126429
17.977417
17.976836
17.975772
18.125847
17.976281
17.708277
17.838881
17.838323
17.448444
17.584683
17.448855
17.180552
17.313443
17.31297
17.312137
17.180129
17.312526
17.585169
17.449813
17.44932
16.69551
16.839243
16.839152
16.695599
16.529085
16.371486
16.243142
16.120817
16.529195
16.37188
16.242727
16.120674
17.071797
16.953849
16.953438
16.952733
17.071393
16.953057
16.839465
16.696082
16.696433
16.371643
16.529573
16.121286
16.243717
16.242871
16.121016
16.529894
16.372529
15.600163
15.743584
15.863193
15.999481
15.600352
15.744118
15.862681
15.999328
15.318116
15.318042
15.743658
15.600287
15.999871
15.863438
15.86277
15.99962
15.600475
15.744278
15.318182
15.318072
14.461906
14.306091
14.306292
14.461733
14.104356
14.10461
13.921795
13.699076
13.921377
14.461643
14.30598
14.461652
14.305942
14.104189
14.104095
13.697991
13.920581
13.920676
12.680816
12.857425
12.678127
22.562827
27.727857
27.86945
22.590932
22.668793
12.852346
12.668144
12.670529
26.653603
27.10252
22.066447
22.236153
22.328498
22.322915
25.544119
25.135865
25.621529
25.346957
26.630285
26.026239
26.059921
25.146837
25.568751
24.841341
24.711295
25.621558
25.275269
22.148518
22.373487
22.157673
22.361666
21.50207
21.304498
21.506144
21.301427
22.140716
22.360204
22.352816
22.146466
21.497598
21.300008
21.297905
21.500281
20.469235
20.665469
20.470136
20.66422
19.938268
19.752074
19.938539
19.751929
20.468274
20.663911
20.662791
20.469227
19.938228
19.752707
19.752082
19.938904
19.110951
18.950608
19.248507
19.110805
18.950422
19.248602
19.111545
19.249644
19.249121
19.112044
18.951724
16.570236
16.414192
16.285
16.16489
16.569717
16.412581
16.286639
16.165434
16.878848
16.736611
16.736842
16.879546
16.41453
16.571253
16.166691
16.287596
16.286985
16.166491
16.571466
16.415143
15.374375
15.525451
15.524989
15.374844
15.793714
15.652315
16.04671
15.911738
15.911173
16.046514
15.652496
15.794275
15.375501
15.525818
15.375217
14.191666
14.191164
14.016552
13.806965
14.017189
14.537684
14.38723
14.537395
14.387534
14.192072
14.192383
13.808468
14.018816
14.018546
13.026518
12.877084
12.876059
24.405052
24.411473
26.573312
25.989796
26.573172
25.96531
25.540207
25.196203
24.768189
25.515795
25.212201
24.551923
24.45628
26.570636
25.969853
26.569169
20.955233
26.042639
25.159245
25.530341
24.957201
24.734333
25.637539
25.390404
23.477747
23.300583
23.296068
23.007723
23.478203
23.297344
23.295836
23.902212
23.726584
23.944183
24.359821
24.240335
24.208703
24.091786
24.277444
24.1403
23.770342
24.024931
23.999464
23.315169
23.525254
23.34096
23.55951
23.380346
23.367864
21.473488
21.272295
21.47166
21.274057
22.140934
22.367067
22.356045
22.150181
21.489977
21.292804
21.288158
21.495534
19.913852
19.726185
19.912572
19.727392
20.45208
20.650521
20.647959
20.45414
19.918615
19.732284
19.731513
19.91962
18.738411
18.566911
18.566192
18.404747
18.271744
18.405453
18.737598
18.564692
18.565434
18.406825
18.272412
18.406163
19.087634
18.926571
19.226295
19.225989
19.087845
18.926707
18.5675
18.740291
18.567848
18.273678
18.407203
18.407609
18.407351
18.273741
18.407643
18.740355
18.567451
18.567852
17.587222
17.451658
17.451276
17.313926
17.181916
17.3144
17.586733
17.450318
17.450815
17.31519
17.182325
17.314834
17.841402
17.71129
17.841538
18.130024
17.979752
17.980152
17.980097
18.130112
17.980261
17.71116
17.841031
17.841418
17.451909
17.588001
17.451981
17.182765
17.315004
17.315334
17.315418
17.182905
17.315475
17.587864
17.451495
17.451842
16.697914
16.841996
16.697581
16.531239
16.373696
16.244047
16.122191
16.530943
16.372872
16.244841
16.122444
17.073892
16.955087
16.955371
16.955486
17.074028
16.955508
16.842169
16.698342
16.698219
16.373809
16.531565
16.122583
16.244597
16.24495
16.12271
16.531418
16.373426
15.601325
15.745135
15.863709
16.000724
15.601143
15.744534
15.864344
16.000962
15.319137
15.319258
15.745206
15.601464
16.001084
15.86407
15.864419
16.001206
15.601342
15.744885
15.319288
15.319312
15.472925
14.462021
14.306205
14.306193
14.462049
14.104034
14.104072
13.920473
13.697149
13.920438
14.461941
14.306169
14.462025
14.306078
14.103951
14.103818
13.696532
13.919969
13.920146
12.662482
12.845008
12.663431
21.731339
3.3462447
13.144012
30.217724
19.60849
21.78947
12.839313
12.660937
12.669116
11.477329
13.526162
13.513655
19.683107
17.305553
25.573349
25.278185
25.591241
25.262061
24.846652
26.629661
26.03599
25.985128
25.310834
25.589059
24.868015
25.517329
25.177763
22.160837
22.37685
22.160967
22.376637
21.509086
21.307114
21.508887
21.307378
22.149983
22.360685
22.363335
22.14795
21.503614
21.301808
21.303025
21.502312
20.472931
20.667968
20.472656
20.668266
19.941325
19.754709
19.941152
19.754848
20.47075
20.664703
20.665791
20.469685
19.939526
19.752069
19.753087
19.9385
19.11344
18.952981
19.25114
19.113416
18.952979
19.251189
19.111698
19.248449
19.24945
19.110704
18.950276
16.571308
16.414465
16.28762
16.166714
16.571547
16.415171
16.286931
16.166479
16.878517
16.735365
16.734799
16.876862
16.413984
16.569852
16.164701
16.285055
16.286471
16.165179
16.569284
16.412472
15.375519
15.525832
15.526114
15.375242
15.793221
15.651096
16.044787
15.909424
15.910639
16.045237
15.65071
15.792093
15.374555
15.374907
15.525133
14.192379
14.192575
14.019101
13.809159
14.019038
14.536974
14.387263
14.537256
14.387014
14.192144
14.1919
13.808783
14.018459
14.018596
13.030692
12.882763
12.882238
24.468375
24.43409
26.565462
25.931262
26.566941
26.56969
25.969562
25.482256
25.273503
25.532344
25.341154
24.333323
24.539748
26.570384
26.051838
26.568798
20.941795
25.937001
25.37585
25.643054
24.264068
24.940181
25.457079
24.662029
23.536276
23.364402
23.355545
23.069411
23.54115
23.373092
23.358805
23.066587
24.01483
23.736717
23.972926
24.153776
23.817521
24.022876
24.228831
24.343429
24.188081
23.621626
23.673379
23.833113
23.362352
23.519719
23.323228
22.967788
23.02405
23.427131
23.177736
23.249625
21.493608
21.294921
21.498893
21.289872
22.105668
22.291404
22.319956
22.082872
21.460781
21.251243
21.2614
21.448439
19.914635
19.729861
19.917343
19.727419
20.434085
20.622175
20.628045
20.429174
19.905316
19.71683
19.719506
19.902288
18.736718
18.563259
18.564356
18.406443
18.271616
18.405433
18.738028
18.566656
18.565563
18.4034
18.270641
18.404351
19.07934
18.919548
19.215182
19.216877
19.07803
18.918945
18.562426
18.733951
18.561735
18.267729
18.39771
18.400992
18.4027
18.268733
18.402106
18.732866
18.556941
18.560459
17.585751
17.449523
17.449894
17.314532
17.181526
17.314006
17.586336
17.45099
17.450417
17.313208
17.1811
17.313534
17.83807
17.707829
17.837764
18.124694
17.972361
17.975173
17.976452
18.125594
17.976079
17.7071
17.834382
17.836957
17.449321
17.584855
17.449136
17.179902
17.310124
17.312209
17.313036
17.18052
17.312856
17.584202
17.446298
17.448497
16.696997
16.840719
16.697286
16.530152
16.372426
16.244309
16.1218
16.530447
16.373115
16.243689
16.121584
17.071406
16.95278
16.953374
16.95363
17.071827
16.953544
16.840715
16.696885
16.696548
16.839274
16.372424
16.529906
16.121038
16.241352
16.243695
16.121458
16.529404
16.370072
15.600554
15.744201
15.863821
16.000353
15.600711
15.744657
15.863308
16.000156
15.318527
15.31849
15.744191
15.600445
15.999655
15.861304
15.863304
16.000046
15.600417
15.742777
15.318607
15.318548
15.47255
14.461035
14.305052
14.305173
14.460927
14.10261
14.102753
13.919333
13.694941
13.919165
14.460759
14.304952
14.460861
14.304813
14.102511
14.102404
13.69445
13.919195
13.91911
12.648008
12.836597
12.646844
21.47795
26.518958
26.127977
21.981247
21.815258
12.834015
12.64515
12.645232
27.130855
26.554668
21.451416
21.710271
25.706422
25.310691
25.65593
25.240218
24.872939
26.62143
25.93687
26.052504
25.167455
25.452716
25.583076
25.225464
22.155425
22.370934
22.154578
22.372173
21.502877
21.301295
21.502836
21.301155
22.146961
22.355087
22.360211
22.142347
21.499693
21.296421
21.298856
21.496708
20.466731
20.662549
20.467261
20.662078
19.935088
19.749203
19.935671
19.748643
20.466435
20.660179
20.661434
20.465474
19.935599
19.74898
19.74938
19.935157
19.107513
18.947275
19.245611
19.107923
18.947615
19.245153
19.108748
19.246198
19.246265
19.108915
18.949822
16.568664
16.413005
16.284819
16.164103
16.56843
16.412205
16.285652
16.164378
16.878138
16.736334
16.736572
16.878376
16.413743
16.570595
16.166285
16.285494
16.286371
16.16621
16.570649
16.412915
15.374277
15.525479
15.374751
15.793381
15.652179
16.046395
15.909987
15.910698
16.046314
15.652561
15.793195
15.375906
15.37535
15.526823
14.192034
14.191733
14.018518
13.80876
14.018762
14.537797
14.387551
14.537483
14.387817
14.192382
14.192675
13.809646
14.020398
14.020014
13.032125
12.887957
12.887368
11.966007
13.274902
11.994615
13.27227
11.996368
13.269904
11.996372
21.054559
13.273873
11.993989
21.056415
13.276381
12.003269
13.27513
11.99388
21.051391
13.277208
11.985442
21.051622
13.285229
11.99406
13.290266
12.000246
13.290664
11.917339
11.894526
13.43394
13.44073
13.172953
6.0175156
13.179371
11.983691
13.534436
13.532284
13.272962
11.881961
11.870991
13.441849
13.446161
13.180413
13.184021
11.994268
21.051724
13.531565
13.528829
13.269801
11.869871
11.871075
13.445962
13.440365
13.183698
13.177233
11.994223
21.052176
13.528874
13.531673
13.273213
11.870494
20.94538
11.8919
13.439307
13.4343
13.176025
13.169683
11.985104
21.052371
13.532253
13.534219
13.276448
11.880812
20.952111
11.880786
20.948706
13.434079
13.433615
13.169229
13.166924
11.986937
21.050138
13.534051
13.532153
13.275193
11.864287
20.942605
11.870969
20.945225
13.433476
13.430673
13.166493
13.161456
11.993774
21.050977
13.531983
13.532616
13.276578
11.871441
11.888252
20.952508
13.429883
13.42256
13.160329
13.150672
11.987044
21.052655
13.533135
13.539353
13.284193
11.887963
11.877013
20.946649
13.421598
13.417408
13.149376
13.142802
11.993454
21.054588
13.540268
13.544212
13.289971
11.877356
11.869892
13.417054
13.414177
13.142131
13.137907
11.99773
13.544395
13.543968
13.290619
11.870025
11.919568
13.413689
13.409536
13.13718
13.132869
11.963302
21.028215
13.543926
13.542979
13.29009
21.89687
22.44777
22.545914
21.844679
20.244726
20.812366
20.832887
20.231569
19.348711
19.356816
11.977317
23.711385
24.21348
24.243563
23.697953
17.744162
18.159053
18.160536
17.743325
17.111884
17.111607
12.55215
13.275818
12.55035
21.933496
22.541449
21.914603
22.574093
20.272887
20.856078
20.264922
20.865803
19.371628
19.378347
11.994391
21.053139
23.701908
24.344442
23.775711
24.247453
17.737394
18.15651
17.739665
18.154054
17.106465
17.104224
12.560024
13.270592
12.567387
21.900817
22.551424
21.917302
22.519794
20.263323
20.858316
20.268644
20.851145
19.377106
19.373165
11.978148
23.771385
24.240801
23.704298
24.360304
18.945047
18.944664
17.735968
18.152158
17.735667
18.152472
17.102618
17.102939
12.578726
13.270862
12.584547
21.882457
22.569886
21.920895
22.505189
20.247455
20.849082
20.257338
20.833421
19.366003
19.360237
11.985341
23.763239
24.202608
23.672092
24.330795
18.950585
18.946909
17.740507
18.154475
17.738042
18.157305
17.105129
17.107146
12.592092
13.275593
12.595082
21.926389
22.526884
21.895203
22.573876
20.259972
20.8386
20.250626
20.853095
19.361775
19.367056
11.994065
21.05227
23.678722
24.274572
23.726574
24.216103
17.736387
18.15595
17.739265
18.152757
17.10606
17.103586
12.59598
13.27584
12.593721
21.89832
22.520842
21.896117
22.523123
20.259535
20.845162
20.257908
20.846797
19.368707
19.370313
11.990962
21.052944
23.74693
24.287303
23.741874
24.314124
18.94332
18.944441
17.7339
18.151567
17.734944
18.150497
17.101762
17.100732
12.588554
13.275253
12.584431
21.919363
22.575155
21.933691
22.560754
20.262232
20.862237
20.268455
20.853396
19.374142
19.370289
11.996345
23.684896
24.261749
23.705708
24.218467
17.734632
18.148472
17.732279
18.150981
17.099677
17.101835
12.581159
13.279796
12.593744
21.907307
22.497532
21.880638
22.550857
20.253066
20.835122
20.249662
20.842588
19.362468
19.363474
12.001648
21.058648
23.678403
24.371416
23.789857
24.193595
18.950004
17.741472
18.156924
17.740211
18.158033
17.106968
17.108433
12.600786
13.287835
12.614212
21.903929
22.524274
21.898132
22.530135
20.261489
20.845154
20.257245
20.850029
19.367559
19.370696
11.993781
23.754777
24.303728
23.749975
24.314867
17.742419
18.159631
17.742875
18.159305
17.10959
17.108984
12.634343
13.290658
12.642676
21.919332
22.578695
21.935933
22.565292
20.258309
20.862698
20.267789
20.849998
19.372063
19.366406
11.985787
21.052499
23.754154
24.286346
23.736732
24.326878
17.739018
18.155347
17.738841
18.155192
17.106146
17.106737
12.6504
13.291227
12.651084
11.874463
20.948301
11.865052
22.633853
22.900362
22.757356
22.736652
23.018772
23.068499
22.768367
21.677935
21.027431
21.051586
21.63552
21.906975
22.538084
22.557463
21.911824
21.687137
21.071692
21.058094
21.695992
20.069587
19.519238
19.528098
20.05787
20.248695
20.852396
20.838636
20.261281
20.073109
19.54061
19.530593
20.085082
19.36848
19.359065
13.437091
13.437789
12.478161
13.175937
12.494816
13.633477
13.672096
13.176608
12.498374
12.496496
23.042279
13.669343
13.670789
24.374636
24.712676
24.419468
24.765803
11.999733
21.058962
24.601653
24.962408
24.447358
23.516718
23.50394
22.748472
23.032782
22.767825
23.732355
24.407253
24.271727
23.80858
23.534754
23.594615
22.80233
22.778041
21.936682
22.550697
22.566918
21.920732
21.720421
21.08572
21.096243
21.7057
21.94139
22.594044
22.575641
21.948278
21.724178
21.09941
21.097995
21.728989
20.287275
20.867979
20.877217
20.281518
20.11154
19.565031
19.568597
20.106511
20.287605
20.879375
20.878515
20.287543
20.111641
19.567423
19.56819
20.111394
18.767598
18.301729
18.303355
18.764466
19.393871
19.397001
18.766685
18.300204
18.302327
18.765049
19.395556
19.396483
17.621759
17.219045
17.219498
17.621203
17.743032
18.157188
18.159464
17.740393
17.620613
17.215271
17.218318
17.617867
17.107315
17.110433
13.535294
13.534589
23.400479
13.703797
13.722291
13.27517
12.557709
12.551816
13.715345
13.715009
11.872469
20.947182
24.764669
24.868257
11.872204
22.741087
23.02569
23.072792
22.779669
22.770144
23.062629
23.075691
22.783729
21.714972
21.075286
21.698991
21.085989
21.937141
22.565191
22.578561
21.926447
21.718082
21.081648
21.087776
21.708583
20.096269
19.543869
20.088648
19.550768
20.273963
20.862129
20.867312
20.270953
20.09729
19.550458
19.551743
20.094816
19.378325
19.379325
13.444777
13.445446
12.498615
13.183072
12.497606
13.669541
13.670958
13.18364
12.495661
12.497099
13.673262
13.670893
22.963705
24.528321
24.878049
24.427513
11.994092
21.052381
24.42397
24.776463
24.44132
24.797258
23.503458
23.568997
22.790983
23.084355
23.034643
22.748713
23.70573
24.244129
24.258676
23.69977
23.504875
23.501669
22.746966
22.74477
21.920429
22.584995
21.943488
22.548239
21.705344
21.096964
21.725007
21.08467
21.915783
22.546245
22.543673
21.917303
21.701033
21.080859
21.08154
21.701928
20.279151
20.877265
20.28615
20.866686
20.103988
19.56655
20.11017
19.562102
20.277173
20.862889
20.863908
20.275627
20.102203
19.559168
19.560743
20.100602
18.761421
18.299538
18.764387
18.296981
19.394757
19.390715
18.945977
18.944611
18.760476
18.295007
18.296182
18.759161
19.387928
19.389461
17.614873
17.214445
17.617116
17.212219
17.736731
18.152166
18.153297
17.735697
17.614231
17.210655
17.211621
17.613219
17.102672
17.103633
13.529798
13.529388
22.880371
13.717042
13.722561
13.270219
12.57654
12.569634
23.210773
13.73185
13.725179
23.094231
11.895067
24.852119
24.6374
11.880696
20.951125
22.755024
23.046175
22.995682
22.715972
22.782206
23.080172
23.008804
22.726368
21.687314
21.077085
21.700822
21.068904
21.904878
22.57311
22.528336
21.923839
21.690269
21.072009
21.069523
21.703512
20.087884
19.549101
20.092825
19.544961
20.262538
20.85172
20.851265
20.259647
20.08694
19.539701
19.543789
20.083525
19.367831
19.371968
13.444256
13.443398
12.495822
13.181624
12.493923
13.67889
13.677322
13.180656
12.483115
12.489984
13.65812
13.673335
23.019069
24.416916
24.763423
24.554111
11.990061
24.385143
24.738945
24.513714
24.869796
23.561085
23.507627
22.753942
23.07226
22.777929
23.755109
24.206926
24.326654
23.672086
23.548403
23.477433
22.73321
23.015811
23.064265
22.771526
21.930035
22.552803
21.921688
22.571597
21.711908
21.082697
21.705563
21.08556
21.926996
22.535155
22.56621
21.912861
21.709456
21.080874
21.08439
21.699039
20.277395
20.864308
20.276242
20.866544
20.102016
19.559357
20.101062
19.559951
20.277052
20.863427
20.865661
20.27692
20.101778
19.56061
19.559893
20.101985
18.759556
18.295008
18.759195
18.29533
19.388067
19.388587
18.945086
18.946001
18.759618
18.296508
18.295442
18.760582
19.389356
19.388562
17.613484
17.210605
17.613182
17.210921
17.736137
18.153693
18.152598
17.737313
17.613666
17.212419
17.211142
17.614869
17.104466
17.10317
13.529631
13.530059
13.734437
13.743575
13.271365
12.590874
12.586314
23.178563
13.757469
13.747476
11.891822
24.691181
11.8876
20.951537
22.778715
23.076163
22.703553
22.70184
22.985029
22.962855
22.682882
21.668574
21.069276
21.700598
21.050673
21.871441
22.50345
22.487053
21.881013
21.659442
21.050044
21.045622
21.667328
20.072651
19.53779
20.081323
19.531508
20.245074
20.832955
20.829277
20.247277
20.070628
19.531381
19.530162
20.072512
19.360093
19.359027
13.436457
13.435713
12.48168
13.172665
12.478024
13.655985
13.652216
22.827521
13.171731
12.473623
12.476913
13.647366
13.651312
22.942524
24.378641
24.729459
24.516485
11.986718
21.052316
24.517372
24.871461
24.549071
24.900293
23.558146
23.477931
22.734236
22.785341
23.78977
24.3317
24.363171
23.763961
23.582061
23.558848
22.786211
23.077791
23.095354
22.800933
21.941257
22.536323
21.914461
22.580598
21.723209
21.082568
21.700722
21.096021
21.949197
22.5815
22.594072
21.942023
21.729772
21.096288
21.099708
21.723864
20.285855
20.865066
20.278326
20.876534
20.109997
19.56172
20.10331
19.566676
20.287723
20.876687
20.8796
20.285762
20.11162
19.566439
19.567816
20.109853
18.764919
18.297313
18.761458
18.300288
19.390407
19.394964
18.951391
18.950298
18.765668
18.299983
18.300909
18.764632
19.394709
19.395999
17.617945
17.213095
17.615583
17.215189
17.740992
18.156994
18.157888
17.740179
17.618402
17.21485
17.215574
17.617612
17.106807
17.107511
13.53373
13.534039
13.761084
13.766832
13.275989
12.596255
12.595639
23.176308
13.767865
13.767727
11.871418
11.869755
20.944309
22.728861
23.016931
22.781741
22.733598
23.020886
23.070783
22.777042
21.706072
21.056834
21.679177
21.073761
21.926066
22.532503
22.570666
21.903392
21.70626
21.066003
21.074731
21.687888
20.083564
19.533271
20.075372
19.539084
20.261134
20.847652
20.85417
20.258961
20.084714
19.540481
19.540153
20.083423
19.368726
19.368093
13.433844
13.433817
12.472525
13.168243
12.469153
22.850223
13.645403
13.637867
13.167952
12.461684
12.467543
13.627814
13.635941
24.45415
24.803845
24.395027
11.995677
21.053063
24.471732
24.413007
24.765209
23.482919
23.526664
22.766547
23.018548
22.734616
23.692092
24.289231
24.233888
23.733759
23.494088
23.532194
22.767378
23.025345
22.739518
21.911661
22.564565
21.931888
22.535629
21.697661
21.091292
21.715389
21.079513
21.912635
22.564038
22.53925
21.927914
21.698129
21.085582
21.079147
21.710692
20.275851
20.872453
20.283027
20.862146
20.100963
19.564651
20.107433
19.559654
20.275185
20.866679
20.86165
20.277448
20.100281
19.559582
19.558972
20.101976
18.759645
18.298889
18.763368
18.295571
19.393061
19.388402
18.944395
18.944339
18.759001
18.294501
18.294938
18.758823
19.388111
19.387726
17.613949
17.214073
17.616736
17.211528
17.735769
18.15162
18.152129
17.735065
17.613333
17.209975
17.210916
17.612567
17.101985
17.102976
13.533202
13.532896
23.278887
13.767812
13.766247
13.275635
12.589883
12.592916
13.758339
13.764287
11.881378
20.952189
11.86809
20.945566
22.720465
23.006066
22.722146
22.776064
23.067762
23.026207
22.738268
21.683859
21.06282
21.681844
21.064492
21.906391
22.57125
22.536692
21.930541
21.690673
21.08149
21.068592
21.71161
20.084314
19.54034
20.082682
19.541961
20.261668
20.861085
20.850261
20.267976
20.086149
19.546375
19.543191
20.09143
19.374141
19.37141
13.432753
13.432378
12.459499
13.16485
12.451059
22.983239
13.623548
13.608934
13.164155
12.435075
12.447454
13.582124
13.603592
24.463551
24.805428
24.499736
12.000845
21.056864
24.439966
24.439469
24.784666
23.541851
23.540982
22.774656
22.770656
23.720164
24.257036
24.262753
23.703767
23.520835
23.503014
22.742449
22.760521
21.929343
22.570551
21.932113
22.566566
21.711885
21.08761
21.71424
21.086046
21.924339
22.540823
22.558132
21.910772
21.707614
21.07505
21.083307
21.695461
20.277058
20.868335
20.278313
20.866901
20.101433
19.559915
20.102665
19.558727
20.275421
20.857334
20.864516
20.270673
20.099966
19.554673
19.557623
20.095794
18.75777
18.294473
18.758883
18.29339
19.388367
19.387193
18.940428
18.756986
18.291156
18.292712
18.755082
19.383505
19.386173
17.611386
17.20977
17.612424
17.208739
17.73334
18.148399
18.149851
17.732166
17.610851
17.207421
17.208273
17.609762
17.099505
17.100287
13.531765
13.531822
13.757045
13.753393
22.99706
13.275429
12.581029
12.583322
22.91526
13.757432
13.752543
23.026063
11.870903
20.945974
11.868996
24.639202
24.852079
22.779829
23.070994
23.060766
22.766778
22.688064
23.03916
22.747407
21.700922
21.082966
21.71432
21.07303
21.907281
22.493302
22.543194
21.878783
21.690443
21.051986
21.066377
21.666666
20.086185
19.546432
20.091764
19.542252
20.258535
20.835314
20.847688
20.25023
20.082941
19.534434
19.539946
20.075535
19.363124
19.368195
13.42692
13.425811
12.430174
13.156369
12.411758
23.069852
13.574302
5.2930126
13.551612
13.154927
12.382279
12.404883
7.1041896
13.519497
13.543535
24.445598
24.394721
24.743727
12.001555
21.058569
24.563862
24.403876
23.489569
23.503874
22.74064
23.028934
22.741334
23.698059
24.375274
24.229753
23.793794
23.502535
23.583519
22.796525
23.092495
22.752392
21.915432
22.538709
21.908767
22.541878
21.70049
21.074003
21.693686
21.079939
21.922925
22.588831
22.552154
21.943277
21.707102
21.094908
21.084399
21.724031
20.274579
20.856488
20.270252
20.861986
20.099489
19.554531
20.095466
19.557888
20.277375
20.875136
20.865911
20.284151
20.102033
19.565095
19.559908
20.108293
18.757844
18.291214
18.755089
18.293784
19.383404
19.386604
18.759407
18.299085
18.295202
18.763607
19.393441
19.388505
17.612196
17.207582
17.609887
17.209776
17.735888
18.156135
18.152353
17.739421
17.613419
17.214192
17.21091
17.616882
17.10617
17.102943
13.53545
13.536402
13.767338
13.77965
23.897322
13.280853
12.596947
12.596655
13.782274
13.778552
23.928719
11.866881
20.94271
24.927633
11.867286
24.921298
22.693131
22.972152
23.054799
22.758375
22.73168
23.06063
22.764448
21.68878
21.052029
21.667916
21.061732
21.912
22.531336
22.556835
21.902447
21.692924
21.064096
21.064416
21.686691
20.077549
19.533771
20.074915
19.535035
20.254562
20.845601
20.844894
20.256787
20.078861
19.538456
19.535965
20.081268
19.366754
19.364317
13.419291
13.418714
12.373856
13.146064
12.346577
22.733974
13.512196
13.497228
13.145146
12.308638
12.337264
13.505449
13.493886
24.560274
24.915367
24.362536
24.702636
12.001922
21.058713
24.489848
24.368715
23.487235
23.579704
22.793791
23.089291
22.746718
23.678486
24.307233
24.198082
23.747448
23.486102
23.543454
22.772807
23.06366
22.743555
21.924282
22.586543
21.942349
22.548518
21.709639
21.095093
21.723464
21.08924
21.921881
22.568969
22.54532
21.933324
21.707615
21.092613
21.088214
21.71653
20.283318
20.875479
20.284775
20.871188
20.108057
19.56585
20.108967
19.565961
20.283061
20.874
20.870414
20.285317
20.107909
19.567656
19.566027
20.109939
18.765216
18.299873
18.764387
18.300925
19.394208
19.39453
18.950917
18.952248
18.765425
18.302276
18.301172
18.766693
19.396185
19.39464
17.618981
17.214989
17.617674
17.21642
17.741752
18.15934
18.158289
17.742664
17.619268
17.217494
17.216728
17.62014
17.109484
17.108747
13.542527
13.543093
13.776492
13.779994
23.097367
13.288515
12.630714
12.618499
13.792805
13.784248
11.876808
20.946718
24.754692
11.895315
22.72427
23.009941
23.014603
22.729821
22.784802
23.080726
23.028588
22.742767
21.689014
21.063135
21.683385
21.068209
21.911938
22.577575
22.541948
21.933896
21.695908
21.083331
21.0725
21.714544
20.085896
19.53925
20.081874
19.542599
20.263764
20.862526
20.85368
20.268296
20.087849
19.545412
19.543865
20.091395
19.372921
19.371801
13.415929
13.415504
12.299024
13.140667
12.237914
13.507464
13.734266
13.140234
12.250768
12.203673
21.726604
13.508865
13.931826
24.483976
24.831786
24.496811
11.98034
21.050302
24.407537
24.748557
24.508433
23.55045
23.547692
22.779392
23.069992
23.070062
22.778883
23.748853
24.235224
24.320314
23.706928
23.543182
23.512024
22.761322
22.772116
21.93809
22.575342
21.937835
22.574735
21.720902
21.09478
21.720344
21.095749
21.934717
22.560499
22.568735
21.930261
21.71822
21.091091
21.094405
21.714239
20.28709
20.875791
20.286392
20.876743
20.111457
19.568311
20.110871
19.568585
20.286366
20.872433
20.875643
20.283346
20.110784
19.565041
19.567974
20.107793
18.76701
18.302597
18.76711
18.302321
19.39678
19.396966
18.766411
18.299056
18.301718
18.763627
19.393444
19.396361
17.619835
17.217617
17.620328
17.217029
17.741835
18.156108
18.158704
17.739473
17.61926
17.214491
17.216483
17.616986
17.10656
17.108452
13.544438
13.54433
23.405324
13.796039
13.806241
13.290667
12.649303
12.644679
13.82278
13.810497
11.879781
20.950573
24.91065
24.848626
11.85941
22.784552
23.077614
23.068146
22.773158
22.640681
22.90706
23.058858
22.759203
21.699824
21.083843
21.716269
21.070002
21.904868
22.454439
22.549449
21.850773
21.686813
21.034299
21.061426
21.641683
20.082188
19.544575
20.090756
19.538304
20.253818
20.819501
20.842665
20.239248
20.078384
19.526958
19.536008
20.065627
19.356355
19.364453
13.412373
13.412068
12.256381
13.135669
12.257282
13.461112
13.434349
13.135329
12.241208
12.256138
13.374792
13.425796
22.127859
24.464901
24.810989
24.515191
11.989582
21.055856
24.401844
24.747545
24.406235
24.744558
23.548502
23.535501
22.77041
23.060011
23.067553
22.776017
23.711703
24.23463
24.235117
23.701422
23.517757
23.503308
22.742774
22.76661
21.93327
22.567024
21.932046
22.571208
21.715731
21.090755
21.715204
21.089877
21.931062
22.544825
22.564474
21.915252
21.714196
21.080348
21.08939
21.700322
20.280868
20.871885
20.282466
20.870719
20.105229
19.564044
20.106859
19.562601
20.280943
20.86256
20.870416
20.276019
20.105399
19.55967
19.563009
20.10102
18.762
18.298252
18.762724
18.297952
19.392449
19.391115
18.948056
18.945864
18.762708
18.296871
18.298707
18.759472
19.388577
19.391575
17.616671
17.214035
17.616399
17.214564
17.739807
18.154251
18.155974
17.738641
17.617459
17.214417
17.215335
17.616541
17.107265
17.107485
13.544297
13.544543
23.412592
13.827102
13.842452
13.291502
12.635573
12.65007
22.487398
13.810274
13.846523
23.224049
26.34884
21.090197
11.997776
26.348978
14.713317
14.860996
14.862409
14.712031
13.001399
13.276391
21.059306
26.317524
12.002012
26.318859
14.706334
14.856034
14.707213
14.855139
13.000886
13.271633
21.057239
26.316314
12.00111
26.315014
14.703268
14.851996
14.703236
14.852027
13.000707
13.27012
26.316671
21.058372
12.001621
26.315383
14.706177
14.854486
14.705706
14.854968
13.006177
13.274508
21.058171
26.316684
12.001352
26.317605
14.705758
14.855031
14.706263
14.854505
13.009483
13.276238
21.053243
26.316069
11.991154
26.314724
14.702067
14.851067
14.7024
14.850726
13.008481
13.275115
21.051737
26.316061
11.993983
26.315814
14.702148
14.850243
14.70168
14.850709
13.011053
13.277964
21.051217
26.316152
11.982908
26.315226
14.708369
14.856314
14.707695
14.856989
13.020857
13.286188
26.315131
21.050813
11.981364
26.314711
14.710307
14.858988
14.710391
14.858898
13.02883
13.290473
21.054703
26.319131
11.990292
26.317256
14.708872
14.857306
14.708796
14.857393
13.031269
13.290777
20.974574
26.275815
11.874407
26.308347
20.955563
26.234565
11.893049
26.23654
15.127216
14.944413
14.946307
15.125454
15.131037
14.951191
14.949958
15.132319
14.63561
14.785908
14.787803
14.633851
13.706499
13.435694
14.639406
14.79274
14.791531
14.6406
13.43964
13.712813
12.902234
13.174781
14.117402
4.0668697
30.486086
13.178353
12.910069
28.079926
28.266816
21.050382
26.317044
11.98137
26.31873
15.196074
15.016575
15.01798
15.194804
15.191582
15.012359
15.013426
15.190533
13.803991
13.535804
14.709197
14.857013
14.708171
14.858066
13.53304
13.801038
13.273693
13.001301
20.947735
26.238186
11.869738
26.239064
20.945809
26.231413
11.871384
26.231855
15.135077
14.952519
15.133695
14.953856
15.139607
14.958437
14.95826
15.139785
14.643152
14.794038
14.641874
14.795342
13.713921
13.442934
14.647371
14.799817
14.799642
14.647547
13.446145
13.71837
12.911019
13.181414
27.547853
28.206397
13.184123
12.913715
28.630026
27.951723
21.051615
26.315392
11.99408
26.314944
15.188681
15.011371
15.010472
15.189563
15.185886
15.007422
15.007618
15.185699
13.800215
13.530901
14.703514
14.852076
14.703315
14.852278
13.528899
13.796832
13.269819
13.000359
20.945728
26.235604
11.868124
26.233497
26.233606
20.944397
11.869633
26.233034
15.139449
14.958379
15.139723
14.958112
15.135983
14.953821
14.954706
15.135084
14.647247
14.799762
14.647498
14.799502
13.718209
13.445564
14.643947
14.795269
14.796142
14.643087
13.441422
13.713074
12.913307
13.18317
28.660952
27.971018
13.17843
12.905486
28.446903
27.779316
21.053419
26.314497
11.995744
26.314863
15.185674
15.007348
15.007384
15.185632
15.187197
15.009384
15.008891
15.187696
13.796796
13.529028
14.704739
14.853986
14.705215
14.853503
13.531098
13.799077
13.272559
13.005377
20.94616
26.237457
11.868739
26.234775
26.234946
20.95146
11.887692
26.236635
15.133359
14.952947
15.134196
14.952125
15.131364
14.950312
14.950146
15.131544
14.641437
14.794407
14.642237
14.793596
13.712105
13.438281
14.63944
14.791759
14.791611
14.639565
13.434636
13.707935
12.90408
13.17484
29.056636
28.157035
13.170242
12.896166
28.437472
28.082943
21.052119
26.314868
11.986476
26.31678
15.188727
15.009897
15.010393
15.188219
15.189579
15.010909
15.011227
15.189248
13.799593
13.53281
14.706971
14.855467
14.706679
14.855773
13.534283
13.80111
13.276415
13.009476
20.946122
26.237387
11.868863
26.238357
20.950898
26.232451
11.882881
26.232696
15.132355
14.950639
15.131888
14.951085
15.135099
14.954215
14.953754
15.135569
14.640233
14.792062
14.639841
14.792483
13.707869
13.433949
14.642669
14.795495
14.795048
14.643098
13.433713
13.708633
12.895415
13.168856
29.009354
28.424238
13.167305
12.890434
28.032443
28.981015
21.049554
26.316062
11.986085
26.314686
15.188219
15.010456
15.009912
15.18878
15.185467
15.006791
15.007203
15.185057
13.800872
13.533807
14.703169
14.851439
14.702766
14.851848
13.532363
13.798519
13.275302
13.008541
26.234236
20.949024
11.879163
26.235172
20.945207
26.231742
11.870856
26.231099
15.136402
14.95464
15.136002
14.95503
15.137539
14.956001
14.956102
15.137447
14.64385
14.795908
14.643492
14.796285
13.708685
13.433291
14.644742
14.797169
14.79728
14.644616
13.431349
13.707354
12.889538
13.166008
28.317804
28.594866
13.162468
12.880448
27.901009
28.250587
26.314987
21.051307
11.993993
26.315227
15.184333
15.006417
15.006071
15.184682
15.183293
15.00521
15.005085
15.183408
13.798289
13.531858
14.701223
14.849944
14.701373
14.849807
13.532231
13.798444
13.276076
13.010276
26.231773
20.94607
11.871839
26.231179
20.95595
26.236934
11.892223
26.235208
15.136812
14.955754
15.137204
14.955362
15.133607
14.951616
14.952195
15.133024
14.643957
14.796916
14.644354
14.796524
13.706784
13.428983
14.640855
14.79283
14.793403
14.640281
13.423599
13.701001
12.878642
13.159095
27.40679
28.786149
13.152046
12.863559
27.455829
28.86232
26.317629
21.053076
11.985672
26.315904
15.184158
15.005501
15.005965
15.183694
15.18824
15.010848
15.009999
15.189097
13.798891
13.533789
14.706095
14.855545
14.70693
14.854701
13.538386
13.804654
13.283099
13.019549
20.953564
26.234768
11.891896
26.233883
20.955097
26.234252
11.895439
26.234632
15.132206
14.951143
15.132552
14.950791
15.132099
14.950769
14.950618
15.132263
14.639437
14.792358
14.639803
14.792002
13.700263
13.420729
14.639095
14.791899
14.791763
14.639208
13.417788
13.697589
12.861425
13.148173
27.988207
28.679465
13.143528
12.849588
28.110735
28.093794
21.049694
26.316731
11.980059
26.314855
15.190545
15.011619
15.012292
15.189872
15.192386
15.014247
15.014155
15.192471
13.805503
13.54111
14.71028
14.858984
14.710382
14.858885
13.543935
13.809006
13.289582
13.028163
20.953047
26.234855
11.893989
26.235373
20.945118
26.236771
11.868821
26.236365
15.132603
14.950932
15.132438
14.951088
15.132645
14.950985
14.951154
15.132454
14.639455
14.792049
14.639334
14.792192
13.697437
13.416704
14.639419
14.792067
14.792232
14.639246
13.414639
13.695907
12.848302
13.141538
28.815989
28.869126
13.13875
12.839233
28.333651
28.509714
21.058304
26.316196
12.000989
26.315356
15.192344
15.014242
15.01414
15.192458
15.190787
15.012502
15.012718
15.190536
13.80914
13.544487
14.709055
14.857379
14.708867
14.857577
13.544067
13.808551
13.290622
13.031075
20.953625
26.236822
11.88354
26.237541
20.975116
26.275489
11.877598
26.313588
15.132025
14.950791
15.132234
14.950612
15.131414
14.948405
14.950139
15.129812
14.638862
14.791878
14.63905
14.7917
13.695564
13.413199
14.638133
14.789365
14.791102
14.636531
13.411175
13.692479
12.838604
13.136577
28.712702
28.988702
13.134597
12.83043
26.804843
28.596103
21.089134
26.35038
11.994523
26.349818
15.190476
15.012418
15.012504
15.190419
15.192141
15.012695
15.014234
15.190737
13.808526
13.543962
14.71021
14.857379
14.858927
14.708789
13.544469
13.808121
13.291646
13.029398
22.119743
21.881184
22.478619
22.259516
22.339166
22.516905
21.862957
22.05529
20.429724
20.241223
20.820864
20.607023
20.624469
20.827019
20.237592
20.414716
19.073439
19.352961
19.204333
19.210978
19.355038
19.067962
26.619903
26.647422
21.056956
26.315028
11.973182
26.310419
26.63838
23.922314
23.710986
23.922912
24.252964
24.090946
24.119613
24.111828
24.243869
24.112648
23.714116
23.90632
23.927808
17.873572
17.745128
17.874535
18.161628
18.010172
18.012457
18.011445
18.161506
18.012384
17.74531
17.8726
17.874669
17.112944
16.995488
16.995677
16.994065
17.112561
16.995061
16.884303
15.797964
15.915682
15.915404
15.798305
14.540252
14.388974
14.389615
14.538968
14.713123
14.861351
14.862185
14.712343
12.841535
12.550478
13.276311
13.003233
12.549406
12.84254
21.927255
22.154933
22.3444
22.552155
21.920227
22.132332
22.371606
22.564672
20.27087
20.459431
20.646804
20.859674
20.268149
20.451028
20.655778
20.863066
19.092998
19.22495
19.374408
19.086603
19.231506
19.376683
26.629917
26.628148
21.055534
26.31625
11.996712
26.316284
26.628162
23.707679
23.917147
23.920551
24.201601
24.275034
24.14164
23.733726
23.999333
23.948688
24.111415
24.244592
24.111957
17.738143
17.866899
17.867675
18.007271
18.155743
18.006517
17.738915
17.869216
17.868465
18.004902
18.1549
18.005707
16.875044
16.87667
16.988832
17.105665
16.875824
16.988024
16.986595
17.104912
16.987273
15.789782
15.522061
15.907977
15.790586
15.90718
14.533562
14.383842
14.534422
14.382985
14.705546
14.853642
14.854338
14.704861
12.840477
12.562441
13.271068
13.000077
12.564971
12.839761
21.902095
22.116242
22.351096
22.535504
21.908289
22.136602
22.325735
22.522994
20.264576
20.448461
20.649528
20.854775
20.266397
20.454256
20.643132
20.852266
19.088807
19.230618
19.375757
19.09241
19.226854
19.374422
26.631233
21.05324
26.317765
11.991031
26.317634
26.62852
23.756463
23.999978
23.980003
24.10822
24.269175
24.134915
23.725935
23.917007
23.941373
24.208949
24.327062
24.182809
18.944816
17.735836
17.865428
17.865303
18.00308
18.152243
18.003157
17.735729
17.865125
17.865193
18.00339
18.152359
18.00327
16.872854
16.98502
17.10266
16.872742
16.985063
16.985355
17.102771
16.985178
15.787646
15.519991
15.519774
15.904935
15.78751
15.905073
14.530577
14.379959
14.53054
14.379994
14.7034
14.852381
14.852159
14.703623
12.841132
12.580749
13.270444
13.002324
12.582592
12.843458
21.897081
22.098665
22.364208
22.553775
21.911189
22.144673
22.309399
22.529775
20.25074
20.431951
20.639288
20.844599
20.25424
20.443348
20.625993
20.838979
19.076824
19.219766
19.363993
19.081824
19.21442
19.361984
26.317743
21.056645
11.994162
26.316763
26.630051
23.725218
23.985569
23.941633
24.071606
24.221785
24.091232
23.69056
23.882504
23.901853
24.18735
24.273279
24.136756
18.949406
18.948101
17.739761
17.870054
17.869268
18.005418
18.155428
18.006335
17.738893
17.867477
17.86836
18.008118
18.156428
18.007288
16.987564
17.105856
16.87593
16.98827
16.989507
17.106562
16.988949
15.791179
15.523531
15.523166
15.908144
15.790671
15.908671
14.533498
14.382429
14.533032
14.382889
14.70659
14.855714
14.855392
14.706904
12.848521
12.593405
13.275091
13.008255
12.594433
12.851168
21.920708
22.149948
22.327702
22.550118
21.90957
22.113968
22.36898
22.567013
20.257599
20.446416
20.630368
20.844624
20.2543
20.435664
20.642821
20.84977
19.082498
19.215772
19.363695
19.078014
19.220619
19.36554
26.62967
26.315485
21.054407
11.996152
26.315381
26.63008
23.677084
23.890988
23.887602
24.138078
24.224403
24.093855
23.693303
23.942954
23.9045
24.082352
24.208023
24.07683
18.947472
17.737232
17.865803
17.866667
18.006804
18.154781
18.005684
17.738232
17.868778
17.867703
18.003725
18.153668
18.004611
16.876088
16.98845
17.105202
16.875287
16.987623
16.986045
17.104346
16.986792
15.789446
15.520887
15.521512
15.907578
15.790113
15.906893
14.533154
14.383088
14.533635
14.382633
14.705207
14.853357
14.853934
14.704648
12.853079
12.595475
13.276049
13.009089
12.594733
12.853137
21.893269
22.115173
22.324165
22.514253
21.892449
22.112796
22.326616
22.514889
20.258087
20.444456
20.63731
20.844014
20.257539
20.442835
20.638933
20.844583
19.086193
19.222549
19.368912
19.08463
19.224135
19.369448
26.630391
26.628119
21.047334
26.317208
11.978163
26.317556
26.625563
23.761907
23.969281
23.987911
24.152698
24.317678
24.176663
23.755602
23.958391
23.976737
24.170941
24.342939
24.194235
18.944342
17.734382
17.863392
17.863889
18.002448
18.151389
18.002258
17.734731
17.864442
17.864241
18.001389
18.15103
18.001904
16.871155
16.87179
16.984155
17.101492
16.8715
16.983876
16.983127
17.101148
16.983532
15.785816
15.903607
15.786156
15.518215
15.903263
14.529572
14.379511
14.529894
14.379206
14.701769
14.850146
14.850416
14.701513
12.853268
12.587081
13.275153
13.008643
12.585723
12.854224
21.928299
22.140913
22.372879
22.575573
21.933081
22.155833
22.357879
22.571411
20.265423
20.448186
20.651798
20.861281
20.267596
20.455164
20.643947
20.858196
19.085759
19.227455
19.373462
19.089107
19.223875
19.372127
26.630448
26.629323
21.052395
26.316117
11.994218
26.316003
23.689617
23.896396
23.904491
24.122008
24.253745
24.114664
23.700034
23.924313
23.917759
24.086565
24.234802
24.098538
17.733549
17.864043
17.862931
17.999505
18.148943
17.999973
17.732743
17.861642
17.862108
18.001957
18.149803
18.000813
16.871072
16.982172
17.100136
16.870358
16.982631
16.984297
17.100872
16.983355
15.786341
15.903062
15.785687
15.517435
15.517897
15.903725
14.529769
14.379075
14.529296
14.379558
14.702767
14.852083
14.851331
14.70351
12.857901
12.582219
13.278831
13.014482
12.585828
12.860524
21.898482
22.129209
22.304124
22.513712
21.8883
22.095328
22.34687
22.534515
20.251481
20.438472
20.627936
20.836831
20.250199
20.434056
20.633677
20.839636
19.079637
19.216608
19.36239
19.078972
19.21742
19.362778
26.628349
26.625878
21.055683
26.316404
11.992547
26.314404
23.711469
23.884734
23.925178
24.223782
24.326872
24.182734
23.757579
24.017257
23.980386
24.068724
24.251858
24.117725
17.741171
17.870944
17.870659
18.007765
18.157448
18.008303
17.740776
17.869731
17.870283
18.008926
18.157783
18.008658
16.98935
17.107589
16.989979
16.877627
16.990844
17.108062
16.990463
15.792909
15.909823
15.792353
15.523745
15.910375
14.535954
14.385069
14.535279
14.385752
14.708944
14.858035
14.857562
14.70942
12.869522
12.605049
13.287058
13.024497
12.609677
12.873695
21.898505
22.121202
22.327115
22.521644
21.896566
22.11528
22.333076
22.523412
20.259514
20.446813
20.637039
20.845546
20.258091
20.44235
20.641712
20.847174
19.086165
19.221357
19.368479
19.083418
19.224293
19.369542
26.625464
26.62724
21.055437
26.314823
11.994316
26.315294
26.625157
23.752627
23.975651
23.971182
24.165687
24.307052
24.167294
23.750725
23.968581
23.969347
24.17492
24.305906
24.168161
17.74279
17.871991
17.872358
18.010449
18.159759
18.010552
17.742934
17.872407
17.872488
18.010072
18.15966
18.010435
16.879625
16.991951
17.109559
16.991902
16.879575
16.991313
17.10936
16.991691
15.79394
15.911625
15.794163
15.911395
14.53792
14.387898
14.537999
14.387841
14.710138
14.858466
14.858718
14.709898
12.878843
12.637601
13.290599
13.030193
12.640405
12.881028
21.929174
22.142165
22.37574
22.576065
21.934491
22.158341
22.360659
22.572236
20.262557
20.444391
20.651873
20.860676
20.265858
20.454866
20.640318
20.856315
19.082036
19.22518
19.370544
19.086686
19.220042
19.368546
26.62362
26.627522
21.048562
26.318251
11.976458
26.315521
26.626421
23.784973
23.977713
24.018594
24.149918
24.362759
24.212578
23.774721
23.954207
24.003842
24.181126
24.390198
24.233135
17.738547
17.868366
17.867912
18.006222
18.154867
18.005786
17.738499
17.868284
17.867899
18.006178
18.154794
18.005754
16.876753
16.876544
16.988597
17.106006
16.87649
16.988487
16.989241
17.106204
16.988704
15.792287
15.524948
15.909284
15.792
15.909565
14.536534
14.386589
14.536467
14.386667
14.709109
14.858066
14.857653
14.709483
12.88376
12.651132
13.290969
13.031921
12.651375
12.885727
26.572181
26.239606
20.949855
11.863575
26.235939
26.359302
25.256207
24.672815
24.831064
25.114703
20.948149
26.23688
11.87801
26.238688
26.568389
26.57102
25.304335
24.738912
24.86719
25.164886
22.675812
22.723372
23.030097
22.744857
23.052829
22.759892
21.463878
21.665135
21.037068
21.233515
21.262136
21.044524
21.650712
21.429174
22.130636
21.911034
22.543811
22.34158
22.350595
22.553647
21.911474
22.129656
21.472151
21.692149
21.067969
21.282432
21.269507
21.063568
21.694332
21.483583
19.899695
20.066591
19.523811
19.704
19.71371
19.526098
20.063452
19.889206
20.434206
20.252986
20.84843
20.643095
20.629542
20.843881
20.257268
20.447337
19.902821
20.077078
19.53713
19.727129
19.716486
19.533684
20.08117
19.914136
19.075322
19.365154
19.221909
19.213033
19.361913
19.083673
16.835516
16.833495
16.835348
16.367231
16.237866
16.238578
16.366501
16.837456
16.840354
16.838781
16.369339
16.241924
16.240672
16.370624
15.739451
15.468527
15.4682
15.857719
15.858458
15.73879
15.31385
15.467585
15.467987
15.312062
15.127923
14.947441
15.128422
14.946962
15.741574
15.469077
15.861758
15.860571
15.742728
15.129931
14.948057
15.129057
14.948896
15.31744
15.472216
15.47096
15.318706
14.458919
14.303714
14.304804
14.45717
14.636325
14.78901
14.788507
14.636857
13.926526
14.106511
14.105034
13.436485
13.70936
13.92684
14.638363
14.789643
14.790483
14.637512
14.462801
14.309681
14.30854
14.463982
13.438643
13.709974
13.930078
14.109453
14.108318
13.927372
12.751586
12.486743
13.175396
12.906557
12.491675
12.752026
13.665587
22.666343
27.305507
28.579078
13.671784
22.717695
22.880054
13.177418
12.907344
12.7546
12.497863
12.752388
12.497293
27.806009
28.163728
22.95239
13.669669
22.827192
13.67011
22.990891
22.913646
25.201164
24.804795
24.436999
24.769767
24.420876
25.252464
26.620822
21.055426
26.314647
11.991057
26.313782
26.625998
26.628413
25.295324
24.958054
24.597781
24.868914
24.520558
25.392132
23.33809
23.515169
23.335495
23.05303
23.050084
23.516907
23.325498
23.336255
23.049613
22.759147
22.763403
23.946201
23.772096
23.994573
24.40376
24.253451
24.250414
24.138392
24.337634
24.19573
23.806662
24.041031
24.038551
23.353555
23.566627
23.378833
23.099452
23.09913
23.06553
23.593258
23.400017
23.399154
22.802393
23.084487
22.792054
22.155324
21.9331
22.557378
22.351818
22.368589
22.561951
21.929245
22.138612
21.507844
21.717326
21.092247
21.295021
21.306743
21.094646
21.713715
21.494577
22.161175
21.946198
22.594332
22.389289
22.375788
22.586587
21.949061
22.170894
21.510816
21.727816
21.10022
21.311285
21.309061
21.099555
21.72983
21.514123
20.472904
20.287067
20.874
20.660402
20.668267
20.876035
20.28605
20.466229
19.941107
20.111563
19.568599
19.75059
19.754629
19.569051
20.110769
19.936744
20.473502
20.288017
20.880132
20.669635
20.669184
20.879682
20.288118
20.473661
19.941006
20.111883
19.567856
19.753737
19.75435
19.568014
20.111916
19.940578
18.595788
18.768651
18.596668
18.304365
18.434684
18.437354
18.43644
18.304298
18.43734
18.768826
18.593713
18.596583
19.113229
19.397185
19.249001
19.250939
19.397543
19.112213
18.951695
18.594853
18.766034
18.594142
18.300811
18.433485
18.434052
18.43545
18.301479
18.43466
18.765549
18.593083
18.593605
19.112577
19.395981
19.249288
19.250348
19.3962
19.111376
17.486668
17.622743
17.487653
17.220673
17.350601
17.352239
17.351082
17.220469
17.352047
17.622975
17.486134
17.487874
17.872458
17.74201
17.871468
18.157833
18.00796
18.008639
18.010357
18.158558
18.00941
17.741149
17.869926
17.870647
17.485502
17.61956
17.484412
17.21617
17.346953
17.347818
17.349911
17.217182
17.348797
17.618659
17.482637
17.483468
16.418767
16.291669
16.29133
16.419096
16.879704
17.108243
16.989701
16.990654
16.992884
17.109283
16.991717
16.87859
16.415246
16.286672
16.287834
16.414099
15.380039
15.531589
15.531513
15.378742
15.195823
15.01681
15.017691
15.194944
15.794723
15.528441
15.910923
15.912083
15.79356
15.192696
15.015711
15.193842
15.014556
15.37524
15.524871
15.525995
15.374156
14.019803
14.195708
14.193837
13.53581
13.804502
14.017717
14.710269
14.860297
14.711344
14.859174
14.536357
14.384771
14.535358
14.385758
13.533818
13.803666
14.013764
14.188701
14.189657
14.016744
13.74697
23.101425
13.737614
13.274441
13.002785
12.840868
12.555621
12.842155
12.553632
22.960148
13.713358
13.712738
20.947035
26.235505
11.871601
26.233222
26.574763
25.314908
24.852229
25.29225
24.882476
20.946261
26.231574
11.871867
26.232175
26.566112
26.566383
25.262155
24.844476
24.839688
25.268239
22.754696
22.769562
22.779169
22.783286
21.709715
21.500558
21.28588
21.079057
21.703851
21.486823
21.297893
21.08283
22.159061
21.937219
22.574187
22.36332
22.376056
22.578463
21.93351
22.147253
21.503157
21.71809
21.085454
21.292871
21.300044
21.087635
21.71476
21.494851
20.094372
19.924942
19.730494
19.54673
20.091778
19.917607
19.737592
19.549067
20.460597
20.273943
20.865324
20.652729
20.657084
20.867174
20.272858
20.456963
19.925932
20.09733
19.551484
19.736947
19.73857
19.551963
20.096434
19.923914
19.093983
19.379217
19.231723
19.232487
19.379596
19.09342
16.845282
16.842051
16.843736
16.376937
16.246602
16.375419
16.248087
16.848214
16.848503
16.379942
16.251417
16.251053
16.380301
15.748382
15.477389
15.476249
15.866162
15.747007
15.867574
15.321439
15.473578
15.320069
15.474953
15.13638
14.956236
15.137531
14.955119
15.751237
15.478311
15.870878
15.870479
15.751638
15.479377
15.13917
14.957152
15.138473
14.957832
15.325863
15.479511
15.326009
14.466494
14.310891
14.465237
14.312098
14.644357
14.797663
14.796573
14.645423
13.931177
14.110653
14.111849
13.443927
13.716873
13.934187
14.646955
14.798558
14.799223
14.646301
14.470653
14.316235
14.316073
14.470833
13.445906
13.717564
13.93585
14.115959
14.115795
13.934914
12.755464
12.49856
13.182317
12.913273
12.498134
12.757608
13.669596
23.020894
28.566515
28.533523
13.670318
23.123774
23.098912
13.183995
12.913699
12.757236
12.495974
12.757922
12.496541
28.301925
27.967276
13.670796
13.670382
22.997379
23.053353
25.202511
24.793109
24.450498
25.220447
24.767146
24.420596
26.629373
21.052046
26.315943
11.994114
26.316134
26.628928
26.629127
25.246101
24.794587
24.438996
24.802466
24.446097
25.238299
23.511039
23.322126
23.330938
23.062354
23.534659
23.380046
23.352077
22.773814
23.044107
22.758275
23.923442
23.70791
23.92637
24.256571
24.108388
24.118273
24.12015
24.262864
24.123727
23.704468
23.914544
23.921849
23.32142
23.506218
23.321934
23.033038
23.03203
23.503913
23.320505
23.320674
23.031423
22.744178
23.0317
22.743769
21.927508
22.138028
22.382055
22.570968
21.935865
22.165051
22.350449
22.557478
21.711598
21.493999
21.308436
21.093194
21.718693
21.510772
21.294099
21.088805
22.133172
21.913853
22.54299
22.348081
22.345591
22.542274
21.914472
22.135262
21.490081
21.699111
21.079728
21.290346
21.290585
21.079865
21.699534
21.490375
20.281576
20.464085
20.667805
20.874044
20.284052
20.472067
20.658643
20.870278
20.106144
19.933988
19.752767
19.565247
20.108328
19.939493
19.747833
19.563683
20.46188
20.275906
20.862076
20.654903
20.656173
20.862342
20.275427
20.460438
19.932365
20.10102
19.559264
19.744744
19.746352
19.559774
20.100515
19.930746
18.762481
18.589643
18.590636
18.432828
18.298753
18.432023
18.763512
18.592434
18.591604
18.430162
18.297873
18.431102
19.107283
19.248551
19.393579
19.110685
19.244851
19.39216
18.945219
18.588754
18.759759
18.588076
18.295175
18.428107
18.428272
18.42932
18.295565
18.428674
18.759325
18.587499
18.587661
19.106202
19.388052
19.242206
19.243687
19.388551
19.10478
17.615601
17.479633
17.480345
17.346153
17.21366
17.34538
17.616361
17.481861
17.481098
17.34393
17.212911
17.34463
17.866209
17.736211
17.86567
18.152334
18.003094
18.003262
18.004183
18.152709
18.003623
17.735868
17.865148
17.865318
17.479009
17.613727
17.478519
17.21083
17.342343
17.342517
17.343321
17.211151
17.342843
17.613391
17.478016
17.478189
16.410463
16.283766
16.411245
16.282972
16.873286
17.102849
16.985074
16.985248
16.986015
17.103169
16.985562
16.87296
16.408749
16.280918
16.281237
16.408437
15.372237
15.523837
15.522898
15.373152
15.187893
15.008973
15.009669
15.18721
15.788048
15.52073
15.905141
15.905457
15.787728
15.1862
15.008395
15.186643
15.007942
15.369307
15.519706
15.519915
15.369099
14.012844
14.1878
14.18697
13.530307
13.798151
14.010564
14.703838
14.853062
14.704289
14.852606
14.530804
14.380034
14.530613
14.380228
13.529086
13.797649
14.00907
14.184154
14.184328
14.010009
13.719098
23.020102
13.720587
13.269959
12.999982
12.840598
12.574231
12.839784
12.571876
23.069374
13.729267
13.727364
26.569175
20.95217
26.234592
11.881278
26.232044
25.133399
24.799061
25.244331
24.695059
26.234987
20.944862
11.867768
26.23366
26.56859
26.566451
25.259303
24.890989
24.819495
25.321227
22.736161
22.720455
23.064514
22.769787
22.747622
21.688407
21.477088
21.287406
21.072867
21.6934
21.488321
21.277905
21.069972
22.121597
21.912513
22.563196
22.367272
22.332586
22.545399
21.920162
22.147656
21.47911
21.695822
21.072325
21.284343
21.279154
21.071067
21.701245
21.487825
20.089158
19.917549
19.73542
19.547638
20.090842
19.922179
19.731052
19.546234
20.447895
20.261932
20.852493
20.64182
20.642862
20.852021
20.261101
20.445769
19.916494
20.086103
19.541291
19.725951
19.729924
19.542612
20.085064
19.912733
19.087608
19.369403
19.221518
19.225651
19.370751
19.083507
16.846928
16.848158
16.847627
16.379031
16.250824
16.379665
16.250206
16.844192
16.843137
16.376423
16.246622
16.247632
16.375402
15.750737
15.477921
15.478571
15.870469
15.751273
15.479075
15.869915
15.325606
15.4794
15.325914
15.138993
14.957073
15.138388
14.957666
15.748379
15.477155
15.866546
15.867505
15.747438
15.474459
15.136853
14.956362
15.137665
14.955563
15.322002
15.475395
15.321081
14.470549
14.31618
14.470791
14.315929
14.64682
14.798479
14.799064
14.646247
13.935737
14.115908
14.11566
13.444987
13.716659
13.934346
14.644782
14.797778
14.796989
14.645558
14.4673
14.311805
14.312658
14.466449
13.442443
13.715869
13.931015
14.111522
14.112382
13.933615
12.756413
12.497153
13.182466
12.910824
12.499302
12.753074
23.227616
13.678654
23.352304
27.99741
28.212813
13.652478
23.709516
23.118095
23.156138
13.179582
12.909588
12.747952
12.48483
12.75211
12.487165
28.712231
28.712561
13.661255
23.249283
13.665141
22.913516
23.243466
25.304976
24.790607
24.445922
25.220323
24.868679
24.513522
26.629234
21.056552
26.315865
12.000243
26.31731
26.628589
26.630259
25.221625
24.750495
24.400951
24.789323
24.442437
25.190779
23.55015
23.369651
23.361749
23.040145
23.053295
23.526383
23.327307
23.343337
22.764586
23.066951
22.774559
23.978945
23.71998
23.935769
24.224032
24.073982
24.091495
24.182015
24.264573
24.129682
23.688661
23.88342
23.900744
23.359557
23.520027
23.336598
23.492717
23.299562
23.313214
23.027247
22.742431
23.046273
22.757547
21.929663
22.151416
22.353998
22.561674
21.926378
22.140425
22.368438
22.569364
21.711768
21.498164
21.292695
21.084513
21.709295
21.493325
21.296403
21.085609
22.1477
21.921507
22.542613
22.339519
22.363945
22.554889
21.915872
22.12893
21.496216
21.705237
21.081106
21.289647
21.29488
21.082607
21.701053
21.488724
20.277368
20.462672
20.655986
20.865728
20.276927
20.461257
20.657752
20.866581
20.101972
19.931889
19.744998
19.559649
20.101607
19.931087
19.745682
19.559878
20.462193
20.276595
20.863357
20.655802
20.657096
20.864359
20.276418
20.461577
19.931728
20.101472
19.560016
19.746184
19.745579
19.559844
20.101431
19.93217
18.759465
18.587879
18.58778
18.428121
18.295103
18.428229
18.759328
18.587524
18.587647
18.42846
18.295222
18.428356
19.105271
19.242309
19.38831
19.104855
19.242772
19.388511
18.945438
18.587961
18.759733
18.588101
18.295951
18.429597
18.429037
18.428558
18.29562
18.428718
18.76002
18.588968
18.588406
19.10529
19.388767
19.243618
19.242773
19.38856
19.106166
17.613345
17.478278
17.478132
17.342297
17.210649
17.342344
17.613238
17.477974
17.478025
17.342606
17.210759
17.342452
17.865583
17.736383
17.865813
18.153138
18.004655
18.004101
18.003532
18.152794
18.003746
17.736761
17.866732
17.86618
17.478473
17.613927
17.47875
17.211866
17.344067
17.343515
17.342814
17.211447
17.343105
17.614317
17.479702
17.47915
16.408387
16.280715
16.408253
16.280847
16.873617
17.103914
16.986912
16.986361
16.985599
17.103487
16.985927
16.874056
16.40926
16.282189
16.281725
16.409726
15.369037
15.519621
15.519648
15.369012
15.185816
15.007749
15.007522
15.186046
15.788559
15.520291
15.906453
15.905988
15.78902
15.521121
15.186745
15.008059
15.186358
15.008444
15.370492
15.521627
15.370987
14.009001
14.184097
14.184149
13.529284
13.797319
14.009434
14.704304
14.852686
14.703928
14.853064
14.53207
14.381949
14.532545
14.381478
13.530553
13.797672
14.011083
14.186191
14.185711
14.009759
13.737001
23.106988
13.740508
13.271936
13.003021
12.847489
12.589557
12.844405
12.587948
23.064971
13.753419
13.750893
26.573576
26.569028
20.952189
26.23838
11.880886
26.236786
25.213713
24.87182
25.305886
24.777636
26.234611
20.949292
11.885878
26.235026
26.574018
26.573307
25.11692
24.66108
24.660915
25.110684
22.759901
22.731932
23.020123
22.96222
22.682177
22.675203
21.680669
21.458289
21.281531
21.064113
21.692374
21.484952
21.259299
21.057406
22.085495
21.86714
22.486294
22.307697
22.293827
22.480217
21.870695
22.097063
21.450768
21.655847
21.045234
21.258479
21.25313
21.043621
21.658766
21.457258
20.075472
19.902934
19.72395
19.535635
20.078531
19.910635
19.717033
19.53344
20.429113
20.244159
20.828978
20.625655
20.622578
20.827643
20.244949
20.431707
19.901192
20.069858
19.530091
19.716914
19.715512
19.529655
20.070532
19.902812
19.075808
19.358952
19.214258
19.213318
19.358571
19.076639
16.838917
16.840935
16.839872
16.371372
16.24354
16.372275
16.242655
16.837375
16.837438
16.369911
16.241256
16.241218
16.369957
15.74379
15.863643
15.744596
15.473533
15.472661
15.862819
15.319313
15.32017
15.132619
14.950807
15.13202
14.951397
15.742469
15.470833
15.86149
15.86147
15.742483
15.131378
14.95039
15.131598
14.950168
15.317279
15.47082
15.470614
15.317468
14.464813
14.31096
14.465607
14.310162
14.640727
14.792292
14.792877
14.640146
13.930118
14.110668
14.109859
13.43732
13.709561
13.92782
14.63949
14.791875
14.791646
14.639727
14.46278
14.3081
14.308038
14.46288
13.435105
13.708935
13.926636
14.107627
14.107608
13.927292
12.746353
12.480216
13.17371
12.900132
12.479023
12.741533
23.285069
13.655855
22.980659
29.060741
28.157908
13.654529
22.991191
23.28638
23.116195
13.170922
12.898984
12.736121
12.474794
12.740033
12.475887
28.464003
28.090825
13.648538
23.114085
23.179784
13.649874
22.998256
23.115191
25.240081
24.742983
24.396379
25.180707
24.803145
24.453017
26.626026
26.313735
21.052515
11.987056
26.314956
26.626014
26.629257
25.328566
24.900842
24.549623
24.90446
24.556134
25.329602
23.52523
23.37085
23.342223
23.016694
23.495046
23.300301
23.315848
23.076992
23.03025
22.745899
23.052703
22.764876
24.014504
23.79882
24.023718
24.3637
24.188204
24.218791
24.218316
24.371444
24.227276
23.790115
23.986348
24.014912
23.392179
23.590597
23.400006
23.582362
23.371576
23.392465
23.095661
22.801277
23.10221
22.806825
21.930821
22.162277
22.340845
22.546537
21.920962
22.130406
22.378585
22.562949
21.714559
21.50933
21.291373
21.086204
21.706312
21.490448
21.307273
21.091084
22.171836
21.952264
22.594446
22.379483
22.390005
22.599196
21.949575
22.163128
21.514741
21.732315
21.099877
21.307667
21.311733
21.101127
21.730113
21.509857
20.283267
20.471636
20.65737
20.868251
20.280566
20.463065
20.667234
20.872398
20.107728
19.939416
19.74736
19.563277
20.105335
19.933418
19.752788
19.565044
20.473814
20.2884
20.87971
20.667289
20.669805
20.880768
20.287698
20.471609
19.940842
20.112196
19.567707
19.752574
19.754056
19.568195
20.111565
19.939232
18.763817
18.593118
18.592075
18.430426
18.298307
18.431465
18.762589
18.589822
18.590907
18.433558
18.29936
18.432574
19.111047
19.244617
19.391852
19.107115
19.248844
19.393475
18.951637
18.951252
18.593824
18.765893
18.594032
18.30076
18.43326
18.434075
18.43422
18.301084
18.434412
18.765529
18.592827
18.593682
19.111918
19.395878
19.248576
19.249791
19.396335
19.110763
17.617236
17.482668
17.481994
17.344755
17.213843
17.345526
17.616406
17.480402
17.481198
17.346931
17.214577
17.34629
17.870569
17.741112
17.870702
18.157735
18.007801
18.00851
18.008665
18.158048
18.008811
17.740829
17.869732
17.87041
17.483099
17.618511
17.483198
17.215404
17.346593
17.347169
17.347338
17.215655
17.347428
17.618236
17.482332
17.482931
16.41216
16.28398
16.411555
16.284564
16.877507
17.107341
16.989169
16.877277
16.989683
16.989853
17.107584
16.989919
16.412986
16.285144
16.28535
16.412775
15.37202
15.522164
15.522694
15.371509
15.189176
15.011166
15.010831
15.189519
15.791835
15.52374
15.909172
15.90936
15.791654
15.523239
15.189739
15.011357
15.189716
15.01138
15.372871
15.523592
15.372528
14.011575
14.18668
14.187146
13.533312
13.800885
14.012786
14.707109
14.855899
14.707085
14.855921
14.534304
14.383458
14.53403
14.38371
13.534225
13.801133
14.012829
14.187802
14.18803
14.012998
13.762275
23.115643
13.764093
13.276265
13.008748
12.852953
12.596177
12.851844
12.595961
13.768142
13.768138
26.567087
26.573774
20.945464
26.234815
11.870756
26.232799
26.574562
25.329588
24.864835
25.300485
24.902231
20.94542
26.233672
11.868849
26.232975
26.568817
25.254237
24.773996
24.826139
25.19899
22.755629
22.774709
23.070722
23.037665
22.749055
22.764599
21.700892
21.490217
21.266662
21.064007
21.691298
21.467116
21.286449
21.070026
22.14892
21.920736
22.546541
22.334287
22.367002
22.560302
21.912387
22.121437
21.490769
21.702151
21.069866
21.275836
21.287252
21.073163
21.695348
21.476149
20.081422
19.912519
19.719061
19.535414
20.078537
19.905279
19.725518
19.537448
20.447574
20.261113
20.850657
20.639224
20.643954
20.853144
20.260221
20.444274
19.913647
20.084882
19.540671
19.726543
19.726618
19.540639
20.084315
19.913042
19.083471
19.368778
19.222478
19.221623
19.368631
19.08449
16.838344
16.839052
16.372139
16.242664
16.371421
16.243362
16.841868
16.842382
16.374137
16.245865
16.245332
16.374668
15.744293
15.862736
15.743675
15.471198
15.471703
15.863375
15.318307
15.317825
15.132898
14.952164
15.133472
14.951608
15.746135
15.473489
15.865786
15.865254
15.746664
15.134591
14.952721
15.134044
14.953255
15.321104
15.475054
15.474575
15.321578
14.463483
14.308303
14.463125
14.308616
14.640699
14.793512
14.792979
14.641203
13.9267
14.107782
14.108045
13.43388
13.708136
13.927381
14.642206
14.794048
14.794564
14.641713
14.465767
14.31105
14.310684
14.466171
13.433778
13.708285
13.928435
14.11019
14.109869
13.92767
12.734967
12.471388
13.168536
12.893424
12.470282
12.731543
13.643894
22.966884
28.730415
27.778855
13.641618
23.213241
23.044705
13.167645
12.892749
12.726455
12.463889
12.730391
12.465721
28.404218
28.077203
23.062325
13.630188
22.867175
23.240184
23.146398
13.63389
23.078968
25.177693
24.744801
24.398834
25.181624
24.734306
24.384111
26.31581
21.054327
11.998773
26.314858
26.630259
26.628531
25.234991
24.83141
24.473492
24.795008
24.442257
25.275381
23.482696
23.303786
23.304681
23.054339
23.497892
23.343758
23.318747
23.020392
23.033062
22.748488
22.737152
23.906321
23.710381
23.927658
24.287653
24.149744
24.145477
24.099196
24.26115
24.123645
23.725695
23.952119
23.945687
23.312816
23.509614
23.326001
23.056784
23.52309
23.347801
23.338206
23.047263
22.758335
23.036251
22.748477
21.914792
22.128076
22.365112
22.548815
21.921994
22.151034
22.33922
22.538534
21.700661
21.487288
21.301729
21.086112
21.706977
21.502771
21.288228
21.081918
22.129722
21.916691
22.555673
22.363255
22.341744
22.546811
21.922305
22.148011
21.487382
21.701316
21.082949
21.296197
21.288052
21.080522
21.705964
21.497564
20.277548
20.460448
20.663669
20.868014
20.28009
20.468481
20.654602
20.864347
20.102532
19.93118
19.750615
19.562696
20.10482
19.937066
19.745215
19.560939
20.459813
20.275456
20.864551
20.657913
20.65402
20.862638
20.276352
20.462797
19.930492
20.100414
19.559143
19.745419
19.744528
19.558858
20.101101
19.931739
18.760665
18.588037
18.58903
18.432112
18.297666
18.430832
18.761967
18.591622
18.590282
18.428664
18.296508
18.429628
19.105193
19.247043
19.391255
19.109329
19.242665
19.389618
18.944144
18.944181
18.587396
18.758725
18.587098
18.294502
18.427667
18.427635
18.428027
18.294607
18.427711
18.758716
18.587121
18.587054
19.104535
19.387766
19.242207
19.241998
19.387564
19.104602
17.614774
17.47879
17.479598
17.345785
17.213185
17.344864
17.615742
17.481491
17.480535
17.343165
17.212303
17.343956
17.865182
17.735383
17.864809
18.151651
18.002525
18.002584
18.003101
18.151783
18.002741
17.735178
17.864541
17.864628
17.478176
17.612934
17.477765
17.210188
17.34167
17.341858
17.342553
17.210481
17.34213
17.612706
17.47735
17.477515
16.410196
16.28338
16.410955
16.282639
16.872671
17.102219
16.984397
16.872324
16.984652
16.985438
17.10253
16.984982
16.40838
16.28042
16.28083
16.407982
15.371467
15.52274
15.522146
15.372044
15.187614
15.008733
15.009324
15.187011
15.787691
15.520307
15.904682
15.90512
15.787247
15.185927
15.008173
15.186442
15.007661
15.368684
15.518932
15.519335
15.368277
14.012531
14.18746
14.187034
13.533514
13.799815
14.011285
14.703617
14.852808
14.704112
14.852303
14.530646
14.379852
14.530251
14.380233
13.532613
13.799444
14.009759
14.184387
14.18475
14.010854
13.766802
23.166059
13.765939
13.275451
13.008919
12.853104
12.590901
12.85308
12.592049
13.761208
13.762113
26.571775
26.572085
20.95635
26.232577
11.895152
26.235041
26.57445
25.091577
24.721173
25.165812
24.661266
26.573284
20.94484
26.233546
11.869921
26.235714
26.566298
25.288836
24.853108
24.852293
25.280669
22.712447
22.995694
22.712622
22.994685
23.060743
22.768372
22.755315
21.679593
21.473054
21.271835
21.061307
21.678842
21.471197
21.273577
21.0619
22.124747
21.915665
22.563472
22.369069
22.338005
22.551421
21.92422
22.152297
21.478806
21.698594
21.078049
21.293719
21.278434
21.073428
21.706035
21.496776
20.083032
19.914183
19.726247
19.540479
20.082485
19.912549
19.727877
19.54102
20.446951
20.264114
20.858224
20.650916
20.641866
20.854339
20.266388
20.454505
19.915775
20.088226
19.545661
19.733015
19.72927
19.54451
20.090131
19.920211
19.087095
19.373552
19.227496
19.225125
19.372565
19.089179
16.843664
16.376422
16.247211
16.376006
16.247623
16.845205
16.845387
16.377448
16.248748
16.248616
16.37759
15.748404
15.86714
15.748012
15.475497
15.867538
15.322422
15.322016
15.475908
15.136765
14.955685
15.137081
14.955382
15.749264
15.476897
15.868529
15.868432
15.749351
15.137493
14.955922
15.137332
14.956069
15.323612
15.47707
15.477148
15.32353
14.466873
14.311382
14.46654
14.311677
14.644167
14.796909
14.796622
14.644433
13.928628
14.110476
14.110724
13.433053
13.708568
13.928942
14.644741
14.797129
14.79726
14.644631
14.467626
14.312057
14.312238
14.467477
13.431914
13.708405
13.928303
14.110809
14.111038
13.928925
12.724895
12.45709
13.165464
12.886323
12.454237
12.719558
23.112942
13.618514
27.848609
27.877962
13.614037
23.018535
13.163365
12.885039
12.710411
12.439429
12.717546
12.443525
28.13261
28.340494
13.590067
22.909732
22.995411
13.597394
25.338904
24.850725
24.500586
25.282305
24.895829
24.534231
21.053685
26.315141
11.996125
26.316263
26.629566
26.629243
25.198437
24.777517
24.424814
24.762607
24.415582
25.219454
23.55406
23.354702
23.364843
23.06488
23.551131
23.356525
23.364054
23.061527
23.069828
23.070341
22.778652
22.777469
23.935372
23.7019
23.914764
24.244496
24.118161
24.108243
24.128672
24.239069
24.106167
23.69904
23.92136
23.914053
23.33806
23.505036
23.324522
23.030059
23.048596
23.037316
23.500687
23.319545
23.31925
23.031551
22.745187
22.751101
21.932823
22.1497
22.368956
22.57373
21.933869
22.15293
22.365281
22.572375
21.714825
21.49852
21.298663
21.088449
21.715715
21.500536
21.296909
21.087883
22.143794
21.918968
22.544152
22.342021
22.35825
22.549953
21.914252
22.128845
21.494854
21.702924
21.077255
21.284286
21.293748
21.080185
21.69867
21.484085
20.278183
20.462586
20.659254
20.869008
20.278611
20.463877
20.657907
20.868499
20.102455
19.931069
19.745847
19.559936
20.102873
19.932284
19.744645
19.559536
20.460743
20.273572
20.859234
20.649577
20.655818
20.861789
20.271873
20.455311
19.929745
20.098324
19.555363
19.740155
19.743441
19.556422
20.096829
19.926055
18.758388
18.586042
18.586638
18.427664
18.294306
18.427511
18.758761
18.587148
18.587009
18.426569
18.293944
18.427144
19.103608
19.242402
19.388347
19.104747
19.241244
19.387953
18.941615
18.585293
18.75617
18.584521
18.291459
18.42419
18.424525
18.425856
18.292023
18.425127
18.755483
18.583511
18.583877
19.102721
19.384116
19.237857
19.240295
19.385076
19.100483
17.611853
17.476152
17.476604
17.341485
17.209511
17.341238
17.6122
17.477186
17.476951
17.340454
17.209166
17.340893
17.862804
17.732791
17.862223
18.148674
17.999418
17.999666
18.000773
18.1492
18.000158
17.732364
17.861542
17.861765
17.475641
17.610333
17.475153
17.207528
17.339037
17.339166
17.339966
17.20784
17.339506
17.609936
17.474634
17.474785
16.406669
16.279423
16.407019
16.279073
16.869995
17.099592
16.869706
16.981989
16.869756
16.982057
16.982702
17.099879
16.98232
16.405633
16.277921
16.278081
16.405454
15.367556
15.518564
15.367904
15.184008
15.00547
15.005752
15.183717
15.784988
15.517311
15.902287
15.902395
15.784896
15.183327
15.005245
15.18348
15.005106
15.366472
15.517162
15.517068
15.366579
14.009474
14.184063
14.183777
13.531781
13.797879
14.008878
14.701214
14.849936
14.70132
14.849813
14.528813
14.378743
14.528978
14.378559
13.531972
13.797866
14.009182
14.183464
14.183256
14.0088
13.756327
23.160341
13.754556
13.275697
13.008865
12.856887
12.581536
12.854694
12.582364
13.753162
23.038017
13.751978
26.570339
26.566981
20.946345
26.232712
11.871976
26.23481
26.566717
25.288289
24.844345
25.266276
24.86433
26.574273
20.952631
26.238635
11.881069
26.237523
26.575025
25.205252
24.674682
24.764192
25.116622
22.780758
22.777428
23.07089
22.980963
22.699675
22.722472
21.708986
21.486757
21.295568
21.082002
21.713539
21.499042
21.284464
21.078545
22.127088
21.894365
22.502758
22.300756
22.342205
22.521761
21.883844
22.092764
21.477721
21.679577
21.054711
21.259819
21.276703
21.05984
21.670888
21.457756
20.088999
19.915399
19.733143
19.545721
20.090945
19.920431
19.728574
19.54427
20.44394
20.254947
20.83774
20.6283
20.639035
20.842122
20.252042
20.434542
19.912529
20.079786
19.535771
19.719979
19.726014
19.537684
20.077203
19.90587
19.083984
19.364377
19.217251
19.221954
19.366134
19.079599
16.844737
16.376282
16.248057
16.376903
16.24745
16.841488
16.840665
16.373817
16.244275
16.245045
16.373029
15.748088
15.475898
15.867825
15.748647
15.476834
15.867253
15.322903
15.323293
15.476437
15.136286
14.95422
15.135658
14.954841
15.745906
15.474535
15.473812
15.86429
15.865014
15.745199
15.134269
14.953541
15.134969
14.95285
15.319683
15.472543
15.473133
15.319105
14.466784
14.311748
14.467195
14.311315
14.64344
14.795396
14.796008
14.642833
13.927868
14.110456
14.109983
13.427987
13.70448
13.925941
14.641497
14.794728
14.794049
14.64217
14.463648
14.307516
14.308116
14.463063
13.424693
13.703589
13.922932
14.105972
14.10661
13.925168
12.707705
12.424661
13.157768
12.87245
12.418448
12.699036
22.817167
13.566226
2.6402834
14.838991
31.303517
13.55879
13.153475
12.87023
12.686595
12.390313
12.695947
12.397815
4.0924045
14.817636
31.231642
22.872744
13.526684
23.049163
13.534769
25.215722
24.794058
24.437179
25.239085
24.770479
24.415681
26.630134
21.056959
26.318221
11.994358
26.317145
26.629482
26.626384
25.243053
24.881898
24.527664
24.808465
24.459731
25.316372
23.491442
23.310701
23.310284
23.499119
23.31939
23.315511
23.025512
23.023137
23.025982
22.738503
22.737561
23.909452
23.731165
23.947856
24.341128
24.227727
24.196548
24.09907
24.280174
24.143362
23.76992
24.021224
23.993536
23.323289
23.530985
23.347783
23.037398
23.057887
23.563507
23.39139
23.374929
23.079659
22.786693
22.769433
21.910568
22.132777
22.339796
22.537156
21.908518
22.126673
22.344773
22.537389
21.695894
21.489223
21.283011
21.074424
21.693697
21.482562
21.289355
21.076449
22.141202
21.931667
22.58096
22.384262
22.354145
22.566753
21.939275
22.165891
21.495027
21.714478
21.092766
21.30659
21.294441
21.088996
21.720731
21.509274
20.27227
20.459453
20.6489
20.856963
20.270777
20.454775
20.653972
20.85885
20.097377
19.929566
19.739964
19.555037
20.095989
19.925802
19.743507
19.556192
20.462556
20.280201
20.873197
20.665663
20.657448
20.869912
20.28258
20.469971
19.931902
20.104608
19.56377
19.751155
19.74567
19.561966
20.1068
19.937739
18.756514
18.586231
18.58494
18.424233
18.291688
18.42471
18.755568
18.583536
18.584015
18.426866
18.29257
18.425613
19.103396
19.237789
19.383904
19.100443
19.240857
19.385005
18.946554
18.587745
18.76101
18.5893
18.297995
18.432318
18.431208
18.428331
18.296659
18.429835
18.76246
18.59184
18.590711
19.105108
19.392159
19.247377
19.242657
19.390445
19.109636
17.61114
17.477039
17.476009
17.339187
17.208042
17.339647
17.61035
17.474772
17.475234
17.341415
17.208791
17.340408
17.865334
17.737185
17.866666
18.155064
18.006977
18.005923
18.003287
18.153765
18.004657
17.738396
17.868942
17.867904
17.47823
17.614683
17.479464
17.21321
17.345913
17.344922
17.342576
17.212089
17.343781
17.615869
17.481628
17.480627
16.40684
16.278636
16.406144
16.279325
17.105199
16.988552
16.987591
16.98538
17.104097
16.986509
16.875233
16.409801
16.283259
16.282239
16.410834
15.367325
15.366861
15.184788
15.00735
15.006591
15.185557
15.789041
15.520216
15.90745
15.906478
15.789997
15.187334
15.008204
15.186422
15.009103
15.371468
15.522959
15.522085
15.372337
14.009572
14.183817
14.184315
13.534568
13.800996
14.011533
14.705219
14.852926
14.704342
14.853814
14.533687
14.384303
14.534517
14.383472
13.537392
13.801885
14.015022
14.189099
14.188263
14.01238
13.787236
23.006151
13.80497
23.30137
13.281972
13.015773
12.867934
12.594003
12.861915
12.593673
13.796967
23.35493
13.806833
26.574148
26.571357
26.237419
20.950416
11.880851
26.237485
26.573747
25.25619
24.705548
25.1407
24.821832
26.574068
20.952011
26.236733
11.882812
26.237528
26.569129
26.573364
25.241376
24.743407
24.816943
25.166335
22.713051
22.738712
23.030172
23.03131
22.743977
22.7574
21.681667
21.474744
21.260172
21.054406
21.673741
21.458507
21.272749
21.058056
22.134429
21.911783
22.541913
22.333436
22.352539
22.55233
21.907816
22.120634
21.478356
21.69333
21.06524
21.274122
21.27587
21.065565
21.690679
21.474677
20.076235
19.90727
19.719317
19.53375
20.075241
19.905221
19.720921
19.534234
20.44019
20.255694
20.846171
20.63709
20.635662
20.846091
20.256382
20.442105
19.908431
20.079941
19.537698
19.724473
19.721956
19.536877
20.080707
19.910927
19.080346
19.365984
19.220555
19.21819
19.365175
19.08263
16.839506
16.83923
16.371453
16.242837
16.371576
16.242705
16.839777
16.840549
16.840148
16.37189
16.243394
16.243104
16.372194
15.743622
15.471492
15.471555
15.862872
15.743795
15.862707
15.318312
15.472075
15.318642
15.471745
15.131988
14.950451
15.131889
14.950564
15.743815
15.471536
15.471663
15.863174
15.862943
15.74403
15.131967
14.950437
15.131889
14.9505
15.318349
15.472067
15.471848
15.31855
14.462182
14.307004
14.462569
14.306595
14.639186
14.791641
14.791766
14.639042
13.922315
14.105418
14.104962
13.41996
13.69863
13.921059
14.639016
14.791613
14.791661
14.638992
14.461689
14.30601
14.305958
14.461769
13.418218
13.698273
13.920527
14.104051
14.104055
13.92083
12.683641
12.365044
13.14707
12.855602
12.355834
12.675513
22.996528
13.505743
23.152049
27.974904
27.882987
13.501427
13.144306
12.85391
12.665828
12.318149
12.672973
12.327712
28.970275
28.43467
23.25041
13.498409
23.316625
13.494237
23.24978
25.216555
24.869584
24.51354
25.307606
24.778575
24.429617
26.6275
21.054692
26.317565
11.991759
26.314818
26.629875
26.625445
25.238198
24.852219
24.490661
24.792558
24.436688
25.299039
23.514188
23.311574
23.333656
23.552155
23.387798
23.364699
23.028943
23.046543
23.070885
22.779453
22.760657
23.886211
23.70562
23.921802
24.302327
24.167113
24.157979
24.071672
24.254765
24.117239
23.734212
23.968004
23.956143
23.309496
23.506386
23.324493
23.051716
23.02615
23.529932
23.356877
23.34378
22.762261
23.036579
22.750563
21.930112
22.141139
22.382455
22.575048
21.937148
22.164546
22.352412
22.55998
21.714206
21.498522
21.306576
21.093622
21.719577
21.50901
21.298695
21.091326
22.138383
21.92345
22.559705
22.368103
22.34937
22.550314
21.927906
22.153058
21.496864
21.708676
21.090299
21.302871
21.297373
21.088628
21.712127
21.503834
20.283954
20.468361
20.666126
20.87447
20.284589
20.470526
20.663037
20.872767
20.108506
19.937965
19.751892
19.566104
20.108937
19.93845
19.751741
19.566058
20.467966
20.28337
20.872115
20.665467
20.662472
20.870763
20.284201
20.470533
19.937905
20.108224
19.566947
19.753485
19.751752
19.566363
20.108966
19.939768
18.765061
18.593536
18.593354
18.433105
18.300382
18.433596
18.764834
18.592625
18.593095
18.43409
18.300695
18.433883
19.111033
19.248151
19.39452
19.110414
19.248636
19.394553
18.951253
18.593759
18.765758
18.594086
18.301878
18.435479
18.435054
18.434325
18.301491
18.434649
18.766205
18.594966
18.594512
19.111204
19.395533
19.25025
19.248779
19.39498
19.112608
17.618664
17.483772
17.483441
17.346708
17.215602
17.347309
17.618252
17.482422
17.483012
17.348099
17.216061
17.347753
17.871215
17.74205
17.871518
18.15897
18.010188
18.009845
18.009189
18.158602
18.009496
17.742368
17.87217
17.871851
17.484066
17.619563
17.484358
17.217278
17.349198
17.348964
17.348399
17.217014
17.348687
17.619866
17.484901
17.484647
16.413772
16.285669
16.413243
16.286209
16.879131
17.109284
16.991865
16.991683
16.991162
17.10903
16.991442
16.87937
16.414804
16.287469
16.287262
16.415013
15.373802
15.524422
15.373121
15.191111
15.013326
15.012861
15.191572
15.793986
15.526098
15.911635
15.911445
15.794175
15.192206
15.013695
15.191935
15.01397
15.375696
15.526397
15.526293
15.3758
14.015826
14.189873
14.190565
13.541865
13.80756
14.017734
14.710085
14.85841
14.709799
14.858693
14.537882
14.387868
14.537986
14.387746
13.543562
13.808061
14.018997
14.192727
14.192601
14.018186
13.776345
13.777201
23.041682
13.289097
13.025551
12.878005
12.626805
12.874932
12.62275
23.219779
13.789995
13.78722
26.570143
26.235342
20.946887
11.877057
26.234577
26.573431
25.213236
24.756478
25.194677
24.768342
20.952316
26.236272
11.882726
26.234085
26.571967
26.571146
25.224062
24.90932
24.800059
25.340817
22.721667
22.72318
23.008695
23.070523
22.776215
23.049806
22.760145
21.684194
21.477729
21.272512
21.063258
21.682304
21.472282
21.277774
21.064954
22.130433
21.920817
22.569963
22.373853
22.343602
22.556698
21.928627
22.1562
21.483632
21.703419
21.08084
21.295919
21.282811
21.07699
21.71002
21.499332
20.084134
19.915431
19.725237
19.54019
20.082782
19.911632
19.728809
19.541323
20.44947
20.265933
20.860592
20.651981
20.644824
20.857436
20.267571
20.455197
19.917116
20.089652
19.545481
19.732351
19.730267
19.544901
20.090941
19.919858
19.087024
19.373092
19.226046
19.225264
19.372665
19.087543
16.841714
16.84096
16.841358
16.373483
16.244362
16.373199
16.244636
16.842205
16.84185
16.842094
16.373802
16.244822
16.244946
16.373669
15.744986
15.472855
15.472714
15.863967
15.744778
15.864186
15.318965
15.472299
15.318762
15.472521
15.132736
14.951298
15.132818
14.951216
15.745185
15.472929
15.864274
15.864396
15.745072
15.132777
14.951318
15.132835
14.95127
15.319189
15.472704
15.472845
15.319029
14.461953
14.306079
14.461863
14.306146
14.639552
14.792382
14.792309
14.639607
13.920497
14.104064
14.104077
13.416333
13.696983
13.920378
14.639544
14.792398
14.792347
14.639607
14.461799
14.305748
14.305934
14.461611
13.415074
13.696781
13.919762
14.103415
14.103635
13.920283
12.663736
12.287903
13.141055
12.842616
12.270608
12.667642
13.504737
21.494852
28.439218
28.199424
13.551234
23.385075
23.327192
13.139588
12.840376
12.653717
12.230381
12.671595
12.202385
28.44727
28.467496
23.35745
13.687933
23.394659
13.913688
17.317944
23.400243
25.261704
24.840778
24.489564
25.27516
24.832508
24.485633
26.629442
21.054947
26.318006
11.991879
26.317161
26.627474
26.626739
25.266712
24.759209
24.415017
24.825279
24.470181
25.19219
23.550387
23.363576
23.365143
23.548932
23.362405
23.364277
23.072774
23.072473
22.782242
22.78217
23.97223
23.728431
23.947887
24.240731
24.10592
24.109463
24.175288
24.286799
24.146578
23.70664
23.917437
23.918966
23.355832
23.526303
23.342036
23.046904
23.044291
23.06262
23.510391
23.33305
23.330651
22.758945
23.051907
22.76393
21.940255
22.158189
22.373983
22.578276
21.940267
22.158283
22.373561
22.578066
21.722601
21.507792
21.305499
21.096162
21.722497
21.507013
21.306413
21.096462
22.154001
21.931549
22.558584
22.362058
22.36847
22.562194
21.92989
22.148789
21.505673
21.71569
21.091793
21.301266
21.304735
21.092952
21.714254
21.501995
20.28738
20.472597
20.666961
20.87697
20.287137
20.471792
20.667853
20.877278
20.111725
19.941066
19.754214
19.568748
20.111517
19.940587
19.754587
19.568853
20.471792
20.285388
20.873253
20.663804
20.666928
20.874372
20.284339
20.468731
19.940427
20.109851
19.566094
19.751022
19.753967
19.567107
20.108814
19.937463
18.767326
18.595169
18.595504
18.435829
18.302751
18.436007
18.767348
18.595347
18.595552
18.435598
18.302669
18.435941
19.113142
19.250795
19.397168
19.113108
19.250902
19.397243
18.95125
18.59456
18.765587
18.59373
18.299987
18.432262
18.433224
18.43499
18.300912
18.434171
18.764623
18.591775
18.592766
19.11254
19.394498
19.247399
19.250299
19.395505
19.109664
17.620209
17.484539
17.484915
17.349341
17.2176
17.349342
17.620367
17.485066
17.485085
17.348783
17.217408
17.349161
17.871401
17.741089
17.870638
18.157007
18.006944
18.007811
18.009474
18.15791
18.008692
17.740264
17.868958
17.869786
17.483972
17.618533
17.483266
17.215123
17.346141
17.346813
17.348227
17.215821
17.347543
17.617739
17.481792
17.482504
16.414837
16.287522
16.415074
16.28729
16.877942
17.107152
16.988976
16.989534
16.990789
17.107815
16.99017
16.87736
16.413444
16.285462
16.285959
16.412913
15.375712
15.526405
15.52631
15.375807
15.192133
15.013674
15.013945
15.191839
15.792795
15.525491
15.90976
15.910187
15.792398
15.191123
15.013352
15.191489
15.013018
15.374235
15.524581
15.52481
15.374001
14.01909
14.192761
14.192707
13.544497
13.809067
14.018917
14.709319
14.858166
14.709614
14.857855
14.536721
14.386639
14.536539
14.386793
13.544197
13.808933
14.018381
14.19153
14.191682
14.01876
13.799008
23.435178
13.801968
13.290646
13.030468
12.883253
12.647932
12.881663
12.646422
23.402262
13.818808
13.814643
20.957624
26.23414
11.896477
26.235081
26.571906
25.179869
24.809996
25.229975
24.767102
20.944111
26.240795
11.851897
26.236153
26.565114
26.318029
25.338856
24.690483
24.903281
25.125916
22.780237
22.777069
22.68221
22.727592
21.709292
21.484802
21.296818
21.081862
21.714683
21.500651
21.28187
21.077143
22.126525
21.887186
22.484397
22.265908
22.344425
22.520966
21.868737
22.06146
21.473323
21.671887
21.044304
21.240107
21.271884
21.052707
21.656845
21.435517
20.085898
19.911403
19.731556
19.542966
20.088893
19.919126
19.724611
19.540756
20.439093
20.249657
20.828374
20.614389
20.634077
20.835404
20.245521
20.422265
19.908191
20.074927
19.53159
19.71177
19.721908
19.533972
20.071404
19.896991
19.080578
19.36063
19.211873
19.218356
19.362735
19.075384
16.840878
16.841517
16.841166
16.37255
16.244019
16.372799
16.243795
16.840866
16.840987
16.372425
16.243288
16.243689
16.372003
15.744274
15.472287
15.472285
15.863576
15.744436
15.863393
15.318656
15.472535
15.318838
15.47238
15.13187
14.950446
15.131802
14.950488
15.744126
15.472391
15.862845
15.863265
15.743784
15.472659
15.131799
14.950473
15.131815
14.950474
15.318293
15.472418
15.316664
14.461198
14.30554
14.461401
14.30534
14.638718
14.791517
14.791573
14.638635
13.919542
14.103177
14.102947
13.412749
13.694726
13.919073
14.638537
14.791518
14.79149
14.638601
14.46032
14.303575
14.304512
14.458725
13.411763
13.694596
13.919626
14.104148
14.102487
13.919074
12.649909
12.257585
13.136078
12.835638
12.257652
12.646005
13.455208
21.638373
28.698163
28.995325
13.446245
23.37321
23.439832
13.13504
12.834778
12.64468
12.249709
12.645451
12.253718
28.012903
28.445046
13.407709
13.41884
21.990947
23.235018
25.402351
24.914593
24.554487
25.351865
24.957853
24.58905
26.617736
21.061675
26.315377
11.982541
26.310303
26.650207
26.640193
25.129805
24.795699
24.426858
24.709653
24.373353
25.245457
23.570813
23.360963
23.376689
23.074182
23.563744
23.351158
23.371766
22.779765
23.077635
22.782147
23.920792
23.695582
23.901125
24.242485
24.105784
24.109148
24.107336
24.205706
24.083186
23.70484
23.915092
23.917757
23.338975
23.504631
23.328282
23.027819
23.05305
23.508596
23.322074
23.328881
23.043338
22.753651
23.045175
22.759643
21.934358
22.153758
22.366531
22.57355
21.93383
22.15171
22.369563
22.57528
21.716482
21.502313
21.301223
21.090549
21.716219
21.50237
21.30069
21.090273
22.150553
21.928315
22.552203
22.346013
22.364899
22.558329
21.9242
22.132977
21.501238
21.71211
21.08674
21.289683
21.299942
21.088697
21.708559
21.489243
20.281152
20.46642
20.663108
20.871472
20.28172
20.467929
20.661742
20.871083
20.105475
19.934894
19.750036
19.563211
20.106061
19.936496
19.748513
19.562678
20.466388
20.28115
20.868417
20.654942
20.661588
20.870015
20.28042
20.460741
19.935157
20.105737
19.563194
19.74517
19.748864
19.563557
20.105172
19.93128
18.761781
18.590266
18.590011
18.431415
18.297721
18.430833
18.762059
18.590888
18.590251
18.430969
18.297597
18.430655
19.107585
19.24641
19.39163
19.108691
19.245177
19.391136
18.949076
18.590969
18.763684
18.591751
18.299529
18.42977
18.432456
18.431706
18.299518
18.432489
18.763837
18.588749
18.59163
19.108099
19.391862
19.243784
19.245666
19.392163
19.10708
17.616183
17.481628
17.481116
17.345644
17.213859
17.34543
17.6161
17.481251
17.480997
17.3461
17.214034
17.345578
17.869155
17.740581
17.869941
18.156851
18.005418
18.007732
18.00696
18.156795
18.007736
17.740666
17.867886
17.869989
17.482419
17.618236
17.48318
17.216109
17.345969
17.347666
17.34688
17.21605
17.347605
17.618359
17.48149
17.483281
16.412453
16.284822
16.412184
16.285104
16.879056
17.108396
16.990876
16.991141
16.989983
17.108169
16.990693
16.879774
16.414436
16.287146
16.287031
16.41455
15.373992
15.524502
15.524618
15.373907
15.190726
15.013217
15.012776
15.191156
15.793879
15.526146
15.911279
15.911247
15.793968
15.19216
15.013752
15.191694
15.014217
15.375974
15.527275
15.527328
15.374547
14.018394
14.191475
14.191541
13.544088
13.809033
14.019125
14.710289
14.858558
14.709923
14.858977
14.537673
14.387037
14.387815
14.536253
13.544711
13.809375
14.02086
14.194766
14.193045
14.019578
13.831573
23.449948
13.836916
13.291728
13.032082
12.887698
12.643275
12.886515
12.647545
23.107331
13.843742
13.849058
)
;
    }
}


// ************************************************************************* //
