/*--------------------------------*- C++ -*----------------------------------*\
| =========                 |                                                 |
| \\      /  F ield         | OpenFOAM: The Open Source CFD Toolbox           |
|  \\    /   O peration     | Version:  2412                                  |
|   \\  /    A nd           | Website:  www.openfoam.com                      |
|    \\/     M anipulation  |                                                 |
\*---------------------------------------------------------------------------*/
FoamFile
{
    version     2.0;
    format      ascii;
    arch        "LSB;label=32;scalar=64";
    class       volScalarField;
    location    "100";
    object      yPlus;
}
// * * * * * * * * * * * * * * * * * * * * * * * * * * * * * * * * * * * * * //

dimensions      [0 0 0 0 0 0 0];

internalField   uniform 0;

boundaryField
{
    inlet
    {
        type            calculated;
        value           uniform 0;
    }
    outlet
    {
        type            calculated;
        value           uniform 0;
    }
    topandbottom
    {
        type            calculated;
        value           uniform 0;
    }
    front
    {
        type            symmetryPlane;
    }
    back
    {
        type            symmetryPlane;
    }
    airfoil
    {
        type            calculated;
        value           nonuniform List<scalar> 
12960
(
56.344004
50.043826
58.740969
49.019745
49.017967
47.641246
42.995054
46.865298
42.309775
46.003404
46.487064
46.738838
55.708842
56.200953
47.402484
56.339786
48.148018
56.33661
48.393977
51.485936
60.107003
50.263508
43.781279
49.230501
56.327813
48.498921
42.665125
47.115598
47.232354
46.538104
55.557972
46.953716
51.438343
51.537839
46.707266
43.218959
55.864494
55.940958
48.620014
58.116127
43.91261
45.385885
43.015898
44.665021
42.002352
41.849802
42.083035
49.120768
41.714211
57.574312
40.929495
41.276919
40.798354
56.623313
40.884163
56.387064
40.165776
40.442067
39.859656
46.573233
39.945891
55.54486
39.551163
39.879438
39.259586
46.557585
39.438122
42.130167
39.296586
39.113307
39.376247
47.279116
39.465133
41.526517
39.729541
39.370438
40.013999
47.209482
39.881072
47.604808
40.346536
40.116275
40.162274
43.117314
39.945261
56.539115
40.597938
40.5682
40.404122
48.177681
40.413072
56.33083
41.156662
41.047103
41.036482
43.152773
40.882987
45.585744
43.514398
42.146524
20.390786
51.22451
42.879001
42.885274
19.938481
19.926634
44.595564
42.477792
42.007249
19.589598
19.803097
19.676222
43.624655
41.10711
41.260806
19.392418
19.415369
57.941952
41.276577
41.409699
19.534383
19.612757
19.518318
57.006281
40.697998
40.831649
19.498925
48.239845
40.426012
40.357567
19.114583
19.254647
18.974613
46.468278
39.616928
39.866273
55.630544
39.782283
39.960046
18.826348
18.963016
55.235399
39.441684
39.613099
18.728922
18.791599
46.042885
39.362886
39.294097
18.601927
18.667481
18.610361
18.721347
55.487526
39.735854
39.703462
18.791831
18.807094
41.660301
39.525087
39.295933
18.648646
18.66692
18.546559
18.660883
41.537063
39.673018
39.668127
18.50425
18.547096
41.788055
39.718815
39.804088
18.934439
18.806009
18.532929
18.632779
18.878738
46.857486
40.161207
40.140061
18.989197
18.942887
47.976345
40.010171
40.277291
19.428126
19.35805
19.027986
19.185176
19.420963
55.692714
40.724319
40.639567
19.717876
19.620436
56.102228
40.792813
40.90031
19.802144
19.777474
19.606881
43.095797
41.50012
41.041848
19.691361
19.532855
49.684991
41.889324
41.902943
20.616321
20.020557
59.283674
47.133502
42.35935
45.051522
45.193214
46.781896
55.514417
47.539615
56.455965
48.438886
47.651488
47.303808
42.771818
43.002697
47.294256
43.184062
47.967498
44.511828
50.979651
52.590323
43.527169
47.695072
19.645906
20.739331
55.024761
46.409272
19.495527
18.877703
18.337145
18.590164
40.597691
45.47139
19.365613
18.662279
55.949879
18.847817
47.221247
18.911515
18.99119
18.714607
47.274539
47.7712
19.100506
18.655207
42.255947
47.623894
18.971457
19.141383
19.101913
18.730944
55.764182
55.832106
19.373948
19.37612
18.914494
48.673971
57.209199
19.241316
54.202396
54.012761
19.741351
19.196899
51.210667
46.552258
19.842998
19.886982
21.094057
20.194325
42.840448
57.483905
41.733557
56.014763
39.909108
40.368769
39.500214
46.457083
39.591288
40.682403
39.127374
38.909087
39.135914
40.514405
38.927903
42.170664
39.474391
39.178007
39.762706
47.558661
39.720015
42.179907
40.189573
39.833297
40.44887
47.743158
40.276418
56.915225
40.358007
40.510038
40.294086
46.973693
40.211373
56.198006
40.095551
40.400733
39.817734
47.199011
40.027358
47.5331
39.97135
40.129662
40.297403
56.443638
40.608982
43.488963
40.987055
40.806903
41.415074
48.514786
41.610381
54.752954
42.288559
42.138136
42.694803
60.542152
43.078402
61.342792
44.621559
43.957622
19.970778
48.540617
40.466437
40.970252
19.443976
19.683575
56.188398
40.506992
40.57045
19.055621
19.3903
19.641402
19.377592
20.086591
19.267021
19.556244
54.946491
39.626426
39.732599
18.783469
18.868939
41.050542
39.279029
38.936089
19.607111
18.401858
18.854629
18.324613
18.311104
19.572987
50.449743
38.983615
38.906398
19.571389
18.273037
18.219254
45.634036
39.2441
39.292624
18.391263
19.290185
18.465398
18.235087
18.514684
18.807335
18.943811
47.680707
40.061777
39.819714
18.901552
18.948947
18.890204
42.071446
39.94579
39.753207
18.854731
18.890278
18.991195
18.818872
18.841388
18.744236
43.310971
40.229542
40.050414
19.063367
19.009657
48.499309
40.295044
40.355777
19.170353
18.554625
19.229295
19.117939
19.173859
19.062895
19.108176
42.148721
39.936651
39.954074
18.95474
56.382781
40.209904
40.443344
18.543912
19.241053
19.039276
19.230869
19.073705
55.253422
40.326297
40.277431
55.470373
40.343654
40.331035
19.081755
19.173627
19.164778
19.304704
19.310542
19.145117
19.235075
48.654384
40.702064
40.573113
48.78207
40.999444
40.933603
19.108965
19.277389
19.199405
19.227177
19.105032
19.481898
43.612217
41.705175
41.562872
19.195104
19.192777
54.190552
41.880013
42.025561
19.623893
19.239903
19.807031
19.320591
19.23004
19.442399
19.501011
60.528215
43.029088
43.188005
20.198101
20.224864
51.554011
42.907795
43.338344
19.877374
20.355626
20.125385
20.634767
0.78841667
1.2983778
1.2940721
0.81481357
1.6302356
1.6648481
1.1433662
1.2140525
1.2052419
1.1571307
1.0692939
1.0662071
1.9436435
1.9507143
1.2266139
1.2355991
0.84115411
0.91666863
0.90576146
0.85354025
0.79311942
1.292638
0.79193106
1.2914508
1.5158354
1.5598537
1.076974
1.1525997
1.1062085
1.1128962
1.0441517
1.025179
1.9397893
1.9669044
1.2022589
1.2086361
0.80918108
0.87686364
0.81735691
0.86585762
0.7911423
1.3002215
0.79773742
1.2921858
1.4320223
1.4542709
0.99478868
1.0445843
1.0233633
1.0116259
0.98896041
0.96776931
1.9204041
2.0065317
1.2274717
1.2106765
0.81886139
0.86890223
0.81046619
0.8841697
0.79159334
1.2936829
0.79390045
1.295404
1.4319617
1.4243878
0.94907176
0.98088434
0.96039159
0.97750459
0.93697775
0.92196276
1.949655
1.963125
1.2867659
1.2651292
0.84985871
0.91977347
0.83855325
0.9395063
0.79346172
1.2937695
0.79491813
1.2952354
1.4629905
1.4538122
0.93999205
0.984024
0.94041245
0.99190935
0.90139414
0.89301641
1.9314261
1.9449318
1.3224064
1.3133083
0.86377611
0.96055826
0.86136791
0.96525768
0.78956632
1.2942999
0.79253961
1.296684
1.4681039
1.4701939
0.95044655
1.0028345
0.94511513
1.0076541
0.88858694
0.89083552
1.9416511
1.966436
1.3246573
1.3268925
0.85977532
0.96327848
0.86230659
0.95947773
0.79663877
1.2998281
0.79016654
1.2984294
1.4628645
1.4638256
0.96098775
1.0096101
0.95834395
1.0089931
0.89741002
0.90190816
1.9558871
1.9852812
1.3137858
1.3180428
0.85413332
0.95298144
0.85557994
0.95029428
0.79895292
1.2965626
0.79151725
1.2984266
1.4695415
1.4677477
0.96122093
1.0058682
0.9614872
1.0055082
0.91042702
0.91665511
1.9551978
1.9281807
1.3089879
1.3094323
0.85548781
0.94804551
0.85393503
0.94904677
0.79238407
1.2956221
0.79094838
1.2956103
1.4637486
1.4676548
0.97348312
1.0091385
0.96518766
1.0174165
0.93149435
0.94473538
1.9442977
1.9379366
1.3235406
1.3153961
0.8722071
0.9563635
0.86313213
0.96498975
0.7828616
1.2936324
0.78801312
1.2901447
1.4743425
1.4673928
1.0181276
1.0410905
0.99939196
1.0575082
0.97387838
0.9936758
1.9784803
1.9729992
1.3507946
1.3418626
0.90973475
0.98377909
0.89450724
0.99515071
1.1869636
1.1826039
1.9393802
1.9515477
1.8248948
1.8614301
1.1834338
1.191306
1.9663693
1.9458191
1.869276
1.8295962
0.69164606
0.71288116
0.7850962
1.2949936
1.2945277
0.79441546
0.68857788
0.69798761
1.5706591
1.2616826
1.2511169
1.5947885
1.6174373
1.5748875
1.5592196
1.2047898
1.2415469
1.5194036
1.1258941
1.0137769
1.0171805
1.1378231
1.1367904
1.1648352
1.197255
1.1150949
1.1202739
0.99941078
1.014025
1.1010934
1.3260176
1.3283016
1.0115239
0.94456561
0.94449078
1.0169438
1.0497139
1.063179
1.3236412
1.3093223
1.009078
0.92834953
0.94151754
0.99406438
0.84398158
0.95485834
0.95173519
0.85735697
0.84039464
0.93626934
0.94865422
0.82984307
1.8261829
1.8620764
1.9676831
1.9422842
1.8721085
1.8340152
1.4442236
1.4170957
1.4506777
1.4539938
0.92243399
0.89980486
0.88713862
0.94299029
1.2234602
1.21205
0.91605663
0.86170717
0.88068007
0.89544448
0.83573816
0.88208267
0.8997923
0.82112929
1.1819587
1.1782493
1.9550535
1.9318971
1.827041
1.8250862
1.1902459
1.1873723
1.939946
1.9401504
1.8503874
1.8342252
0.69764579
0.69607664
0.79229732
1.2964588
1.2936505
0.79302612
0.69675959
0.69893753
1.4619417
1.1911767
1.5053023
1.1465786
1.5023264
1.4651984
1.4478637
1.0855142
1.1311041
1.4088099
1.0665121
0.99362804
1.0932476
0.97202385
1.066713
1.0572869
1.0990468
1.0341004
1.057083
0.93750657
0.96395665
1.0265966
1.2825768
1.3033929
0.9651002
0.92322001
0.98771553
0.90577005
0.99619675
1.0183567
1.2752135
1.2520719
0.95713171
0.88095679
0.89966821
0.93218287
0.816316
0.93162989
0.826444
0.91638554
0.8129883
0.89509586
0.9111104
0.80384375
1.8255939
1.8354893
1.9343159
1.9401494
1.8454763
1.8358913
1.4457512
1.4531255
0.87598323
0.85618016
0.88925408
0.84453586
1.2019056
1.2069978
0.87415097
0.84515657
0.84281109
0.87814336
0.8078655
0.8659623
0.86421813
0.80877765
1.1925732
1.1820796
1.9192863
2.0105167
1.8217615
1.8612065
1.1874329
1.1834761
1.939515
1.9493777
1.8484135
1.8542818
0.69775185
0.70338829
0.7885404
1.2935423
1.290876
0.79103749
0.6952339
0.69734082
1.3725883
1.0719501
1.397692
1.0372537
1.428693
1.4245937
1.368069
1.0117761
1.0286914
1.3634511
0.98873266
0.92890944
1.0164579
0.90345651
0.98680886
0.98418893
1.0031035
0.96591637
0.9809255
0.87443708
0.89569035
0.95983928
1.2227894
1.2445851
0.90070534
0.87506455
0.92410173
0.85829225
0.94238683
0.96116072
1.2161252
1.1977872
0.8936063
0.83842145
0.85310614
0.87401525
0.79278089
0.8900571
0.80091984
0.87583282
0.79001621
0.85878808
0.87140818
0.78216865
1.8232781
1.8573056
1.9423248
1.9520315
1.8512001
1.8554155
0.90468206
0.84869804
0.88269295
0.86599322
1.234495
1.25745
0.91404733
0.89783196
0.87345367
0.94435628
0.82241036
0.91259666
0.89088441
0.83434612
1.1818188
1.1920565
1.9488705
1.9610962
1.8583333
1.8306753
1.1923584
1.185619
1.9503818
1.9626178
1.8256432
1.8663784
0.69642881
0.69963276
0.79627123
1.2953869
1.296148
0.79146746
0.70079628
0.69630455
1.3736785
1.0098932
1.3645524
1.010014
1.4369281
1.450734
1.3788158
1.0196373
1.0121473
1.3941615
0.94119118
0.86859416
0.95408525
0.85302793
0.94689286
0.98186649
0.97845384
0.94158744
0.93841707
0.83753938
0.84873001
0.93109679
1.1784881
1.1925312
0.85294063
0.83394116
0.86831761
0.82142578
0.90478976
0.9174322
1.1744193
1.1639739
0.84840703
0.80728637
0.81760232
0.83665638
0.77040245
0.85484596
0.77925103
0.84382155
0.76714618
0.83127602
0.84043823
0.75855196
1.8588621
1.8314535
1.9552837
1.9664858
1.8281642
1.8695239
0.98155337
0.90608083
0.95439047
0.92855166
1.2931323
1.3091276
0.98911324
0.9491729
0.93483466
1.0068015
0.85286274
0.95774267
0.94507698
0.85976662
1.1810698
1.187561
1.9300414
1.9445357
1.8279492
1.817589
1.1818729
1.1821967
1.9462911
1.9498805
1.8194751
1.8235389
0.69825188
0.69982361
0.79509993
1.2930395
1.2944325
0.79303465
0.69984507
0.69816558
1.4103206
1.0234783
1.3986685
1.0332138
1.4662383
1.4709581
1.4141891
1.0428516
1.0364918
1.4215199
0.9267279
0.83485599
0.92933918
0.82848521
0.94099815
1.0009697
0.99506522
0.94397542
0.92707296
0.82566317
0.82727192
0.92859659
1.1557433
1.1613854
0.82801212
0.80460841
0.83376263
0.79872226
0.88850453
0.89126923
1.1545785
1.1531755
0.82706876
0.79651273
0.79759077
0.82701074
0.7493975
0.82892559
0.75578413
0.82363752
0.74757422
0.82154816
0.82260463
0.74494965
1.8294341
1.8182876
1.9462569
1.9549713
1.8192237
1.8257516
1.4167763
1.406406
1.0187138
0.95246065
1.0110504
0.95794176
1.3243436
1.3269818
1.0197561
0.95690466
0.9584853
1.0189254
0.86392642
0.96435548
0.96576045
0.86298248
1.1859431
1.1947305
1.9390675
1.9664678
1.8490552
1.8373463
1.19676
1.1928966
1.9546147
1.9304977
1.8357488
1.8324456
0.69463847
0.69767261
0.79576393
1.2998788
1.2991718
0.7946177
0.70049824
0.69788739
1.4236036
1.0450461
1.4224195
1.0482029
1.4680753
1.4657887
1.4247785
1.0485814
1.0489605
1.4270413
0.93424189
0.82631127
0.929568
0.82951694
0.9527436
1.0096747
1.009096
0.95737116
0.93649581
0.83584224
0.83110422
0.94158895
1.1560749
1.1535897
0.83283281
0.79683653
0.82807204
0.79935401
0.89596626
0.89213064
1.1570288
1.160073
0.83447284
0.80418909
0.80046491
0.83901404
0.74522631
0.82174823
0.74449353
0.82376252
0.74564751
0.82809617
0.82471032
0.74937108
1.8512117
1.8359165
1.9529627
1.9304933
1.8337207
1.8349237
1.4457566
1.0116139
0.95581018
1.0176227
0.95129181
1.3236475
1.3196311
1.0095075
0.94478694
0.94971582
1.0027123
0.85893102
0.95417378
0.95825263
0.85634608
1.2027738
1.1899981
1.9569615
1.9821035
1.8285563
1.8854705
1.1885571
1.1968226
1.9517864
1.9527067
1.8599796
1.8281376
0.70088809
0.69325052
0.79178362
1.297278
1.2978399
0.79583568
0.6964885
0.70043618
1.4288727
1.0487627
1.4271894
1.0477969
1.4644187
1.4677939
1.4308605
1.0463769
1.0477916
1.4357651
0.94635565
0.83769835
0.94294681
0.8420284
0.9618008
1.006514
1.0089546
0.9618827
0.94749048
0.8461425
0.84330675
0.94858593
1.1649123
1.161337
0.84519247
0.8055057
0.84063889
0.81016302
0.9085078
0.90357575
1.165924
1.1695135
0.84647156
0.81869336
0.81194819
0.85099133
0.75823282
0.82929442
0.75099266
0.83369465
0.76103304
0.84220166
0.83545513
0.77282442
1.8278602
1.8887274
1.961192
1.9409729
1.866343
1.8373047
1.4331784
1.4395682
1.4312925
1.4285578
0.99433625
0.94348533
1.0004429
0.9400243
1.3127391
1.3101261
0.99284789
0.93718346
0.93917215
0.98924584
0.85394128
0.94822178
0.9497203
0.85378361
1.1944717
1.1893825
1.9449391
1.9606963
1.8294661
1.8648208
1.1991163
1.1870292
1.9192967
1.9824122
1.8139726
1.885896
0.70286676
0.69598253
0.79950398
1.2971947
1.2978185
0.78918545
0.70348251
0.69318256
1.4371761
1.0466672
1.4362983
1.0472748
1.4705547
1.4695303
1.4380391
1.0508731
1.0482389
1.4380333
0.94913171
0.84737356
0.94863981
0.85143314
0.96173676
1.0078588
1.0063129
0.96387404
0.94991354
0.86081766
0.85334448
0.95308968
1.1779395
1.1712794
0.86249699
0.82144189
0.85326125
0.83175447
0.92784272
0.91912334
1.1804298
1.189813
0.86602324
0.84854458
0.83561206
0.87878969
0.79194421
0.8448536
0.77706105
0.85452012
0.79687989
0.86981572
0.85810087
0.81303338
1.8273486
1.8298397
1.9348302
1.9862247
1.8235881
1.8904256
1.4348771
0.98768943
0.93703994
0.98840153
0.93790924
1.3095916
1.3134281
0.98841577
0.94348023
0.93884963
0.99323046
0.85649423
0.95425064
0.95000772
0.86099212
1.1937322
1.1920388
1.9458895
1.9394222
1.8528282
1.8506938
1.1873933
1.1949896
1.9663209
1.9437889
1.875173
1.8490885
0.69642945
0.69540618
0.79076341
1.2934144
1.2958083
0.7906045
0.69465591
0.69491638
1.4346822
1.0529678
1.4367371
1.0611502
1.4637617
1.4658779
1.4355661
1.0790728
1.0653133
1.4405664
0.96407812
0.86436509
0.95490308
0.87768105
0.9778359
1.0358752
1.0219005
0.99350716
0.96866197
0.9008562
0.88304652
0.98504127
1.2063797
1.1937015
0.90019568
0.85289744
0.88387068
0.86604821
0.96753834
0.94989407
1.2104113
1.2232535
0.90513644
0.88147647
0.87001046
0.92002154
0.83204467
0.87363349
0.81786239
0.8848779
0.8357595
0.89799338
0.88826446
0.84623951
1.8537231
1.8505095
1.9680543
1.9447115
1.8779441
1.8505968
1.4605857
1.4508432
1.4640154
1.4740347
1.0060815
0.94594762
0.99579083
0.95533387
1.3270344
1.3382336
1.0104936
0.97125301
0.95914592
1.0246136
0.87615823
0.97983703
0.96856782
0.88966252
1.1907409
1.1849529
1.9746218
1.9719412
1.8762601
1.8752435
1.1821886
1.1836173
1.9308637
1.9502296
1.8404097
1.8607108
0.68857058
0.69248582
0.78399602
1.294929
1.2915869
0.81137823
0.68949158
0.71151819
1.4482148
1.084598
1.4424272
1.0996113
1.4757948
1.4811902
1.4487584
1.1055729
1.1036696
1.4424434
1.0106288
0.90720374
0.99122131
0.92629948
1.0243209
1.0658099
1.0625048
1.0384799
1.0171606
0.93892328
0.93226245
1.0326771
1.240307
1.2277206
0.94007818
0.88498065
0.92508301
0.89589306
1.0120246
1.0000491
1.2433116
1.2540807
0.94420521
0.90503239
0.89951845
0.96218204
0.85648933
0.90095587
0.84887014
0.9102961
0.85888442
0.91738752
0.91344391
0.86548068
1.8795609
1.8763885
1.9343516
1.9524456
1.8432842
1.8637164
1.489919
1.4776633
1.0408851
0.9755261
1.0292559
0.98729551
1.3520377
1.3517966
1.0431202
0.99297983
0.99054294
1.0492962
0.91442288
1.0003154
0.9983036
0.92466091
2.6838911
0.83749584
2.9522156
0.7826442
2.9899152
0.76168164
0.79125403
0.81651458
2.9853452
0.817758
0.81468421
0.81523529
2.7071773
0.83386117
2.66065
0.87393883
2.6742909
2.888157
1.1797308
1.1726337
0.86554728
0.84897824
2.8743549
1.1437995
1.1255996
0.80231958
2.922819
2.875589
1.1639584
1.1435861
0.83767197
0.82096335
1.1086979
1.0922771
0.76183413
2.9813523
2.6568186
1.1362274
1.1188276
0.81238281
0.79806941
1.0930921
1.109421
0.77708854
2.6815792
1.109679
1.0964594
0.78860202
0.77429574
1.123097
1.142056
0.80995354
1.0910201
1.0874775
0.76845477
0.7648164
1.1487974
1.1524462
0.81849455
1.0875445
1.0897352
0.76468536
0.76619892
1.1520093
1.150032
0.81533851
2.6438358
1.0920468
1.0993936
0.76803121
0.77577939
1.1490216
1.148212
0.81367782
2.676436
1.1059354
1.1190002
0.78335308
0.79916733
1.1492287
1.1558318
0.82356778
2.7024391
2.6863851
1.1285162
1.1363392
0.80782335
0.8188908
2.6946787
1.1637079
1.1823538
0.85739583
2.6529394
2.6619365
1.1413241
1.1401249
0.82385215
0.83414434
1.195211
1.2034355
0.89740337
1.0236494
0.79317067
1.0272918
1.287253
1.26491
1.255106
1.2595668
1.296254
1.2622736
0.79365111
1.0370528
1.0226391
1.0557942
1.2441212
1.2495674
1.0515438
0.79231921
0.62343062
0.63802457
0.80260931
1.1230151
1.6425767
1.2701261
1.2605005
1.1352318
1.6511656
1.1629529
1.151314
1.1705922
1.2147683
1.1894952
1.189818
1.1792351
1.2114786
1.1851507
1.1576402
1.1768482
1.1768414
1.0714337
0.91616481
0.90217391
0.90004482
1.069167
0.90559578
2.1748113
1.9353681
2.9312585
1.9464564
1.2964682
1.2294022
1.2992342
1.2288879
1.306144
0.96522416
0.84632848
0.91493685
0.8615551
0.85192439
0.91085146
0.8433356
0.97496469
0.82682158
0.91411517
0.91945409
0.82015129
0.96822332
0.83065018
0.96157967
0.79094892
1.0254328
1.0238183
1.2588868
1.2933573
1.2572719
0.78911239
1.0250522
1.0226137
1.2585069
1.2921678
1.2576574
1.0531287
1.2454905
1.0528662
1.2455233
0.78299781
0.71868794
0.79330361
0.71313375
0.9975482
1.5301012
1.1648326
1.0103034
1.5449233
1.1511871
1.0873143
1.089844
1.101113
1.1337697
1.1399472
1.1226615
1.0972006
1.1218096
1.1118237
1.0986791
1.1267316
1.1110327
0.88190426
1.0383914
0.87801953
0.86900245
1.0322058
0.8737946
2.1672574
1.9673813
1.9442329
1.203662
1.2739838
1.2058318
0.8111603
0.93784518
0.8235738
0.8723358
0.81387877
0.94475712
0.81363867
0.86865509
0.77384561
0.87220865
0.87569955
0.76950941
0.89386633
0.77667014
0.8857574
0.79285116
1.0238987
1.0256413
1.264532
1.2974562
1.2623589
0.79620704
1.0306408
1.0287081
1.2577593
1.2964067
1.2599263
1.0532968
1.2467324
1.0543409
1.2458455
0.75378551
0.70213757
0.75944042
0.69775662
0.93704367
1.4376942
1.0878943
0.93950078
1.4453755
1.0877814
1.0038263
1.0027584
1.0121733
1.0364856
1.0327749
1.0256298
1.0134736
1.0324161
1.0221156
1.0056779
1.0218254
1.0154324
0.84279907
0.98189543
0.83717466
0.82547854
0.9749326
0.83142382
2.1668724
1.9516271
2.8799566
2.28859
1.9638242
1.2211461
1.3001229
1.2155358
1.2834327
0.81554842
0.94999103
0.81630422
0.87308067
0.81273477
0.94061176
0.82916744
0.878267
0.76819602
0.87211405
0.86980201
0.77160732
0.86469266
0.76320463
0.86640881
0.7901631
1.024438
1.0234704
1.2597878
1.294706
1.2602029
0.79369011
1.0264142
1.0264826
1.2587639
1.2957406
1.2583214
1.0516797
1.2450574
1.052502
1.2442661
0.70850485
0.65414102
0.71811623
0.64450949
0.89986954
1.4284031
1.0670899
0.90439217
1.4261385
1.0673609
0.95229485
0.95928781
0.96198906
0.9727923
0.97909452
0.97006625
0.95615771
0.96878753
0.96516858
0.96633281
0.97818715
0.96811575
0.79753519
0.93183675
0.79216853
0.78122988
0.92692706
0.78672549
2.176252
1.9727401
2.158294
2.6775389
2.2752972
1.9579265
1.2799206
1.3586836
1.351695
1.2726788
1.3370619
0.84633337
0.98741164
0.86241866
0.92675535
0.84255964
0.97318364
0.88258349
0.93339363
0.80899838
0.90133393
0.89779204
0.81415495
0.90208183
0.79549494
0.90741706
0.79022799
1.0260085
1.0228901
1.2601523
1.296234
1.2603278
0.79378588
1.0270945
1.0264064
1.2597837
1.2936964
1.2571053
1.0514368
1.2443256
1.0516654
1.2440541
0.61838919
0.58272917
0.63172774
0.57215427
0.88176376
1.4600606
1.0794908
0.88392354
1.4572683
1.0803056
0.93993224
0.95610109
0.95543091
0.96602326
0.98696161
0.96784528
0.94024639
0.95417738
0.9548501
0.97124978
0.98984253
0.96982456
0.75562936
0.89829288
0.75109186
0.7427845
0.89555774
0.74675374
2.1656479
1.9716299
2.2073332
1.9338829
1.3200042
1.3968792
1.3941144
1.3169672
0.86327383
1.0073989
0.90394642
0.96274459
0.86249395
1.0033632
0.90849317
0.96433578
0.83533313
0.9173759
0.9167359
0.83617835
0.93405228
0.81745857
0.9351511
0.78768188
1.0236223
1.0220713
1.2591302
1.2937468
1.256989
0.78873629
1.0252895
1.022217
1.2589302
1.2963267
1.2577771
1.049672
1.243532
1.0501096
1.2433189
0.55104903
0.50892994
0.55527855
0.50273038
0.8626323
1.4686487
1.0688743
0.86610019
1.4696789
1.065559
0.94873551
0.96901235
0.96736216
0.98018955
1.0050278
0.9826411
0.94712522
0.96322584
0.9654943
0.98617152
1.0068482
0.98485072
0.7329262
0.88912291
0.73278225
0.73373737
0.88998994
0.73302314
2.1868265
1.9908697
1.9374333
1.3257949
1.4007128
1.3266295
0.8606863
1.0052536
0.90618978
0.96215087
0.86157762
1.0073552
0.90241845
0.96093345
0.83387398
0.9164174
0.91682279
0.83320313
0.93522888
0.81715831
0.93434009
0.79768125
1.0296277
1.030936
1.2605902
1.2994982
1.2615499
0.79259155
1.0247912
1.0266144
1.2632271
1.3005574
1.2647203
1.0540353
1.246227
1.0529319
1.2470687
0.56024802
0.49825547
0.55944517
0.49886817
0.82863607
1.4621944
1.0411222
0.83140537
1.4628315
1.0389911
0.96044086
0.97688218
0.97678364
0.99001496
1.0097896
0.99065927
0.95971796
0.97527443
0.97631753
0.99069232
1.0097748
0.99104538
0.74375603
0.8989549
0.74633051
0.75174152
0.90054248
0.7489233
2.2934371
1.9656886
2.9701591
2.167977
1.9490288
1.3152752
1.3881042
1.316803
1.3931232
0.85451321
0.9998082
0.89615399
0.95203028
0.85503749
1.0014193
0.89375804
0.95119422
0.82923463
0.91424775
0.91445366
0.82891251
0.93069152
0.81427982
0.9300536
0.7945354
1.0309001
1.0274086
1.2594409
1.2967496
1.2588203
0.79015189
1.0248592
1.0238005
1.263741
1.2971101
1.261262
1.0539384
1.2452074
1.0525392
1.2462696
0.59634775
0.54117841
0.59124285
0.54733494
0.82894526
1.4686268
1.0373439
0.82770626
1.4682249
1.0379675
0.96137277
0.97488035
0.975248
0.98772509
1.0058475
0.98763842
0.96163656
0.97559408
0.97556967
0.9871743
1.0059869
0.98764189
0.7686345
0.91243149
0.77197185
0.77885812
0.91457395
0.77527237
2.1609105
1.9429285
2.2709601
1.9867547
1.3089877
1.3819919
1.3820116
1.309258
1.3826118
0.85480429
0.99975799
0.89189492
0.94818834
0.85432873
0.99875822
0.89324875
0.94856608
0.82933623
0.91655801
0.91564517
0.83030452
0.93133227
0.81608716
0.93246052
0.79632573
1.0249678
1.0281973
1.2586012
1.2965122
1.2612008
0.79536771
1.0239707
1.0275593
1.259239
1.2954681
1.2613578
1.0552235
1.2468363
1.054725
1.2472005
0.75080326
0.62627499
0.71916507
0.6501489
0.83936992
1.4646108
1.056033
0.83768024
1.466129
1.0601931
0.97021279
0.98577618
0.98269958
0.9896176
1.011581
0.9919588
0.96761746
0.97780376
0.98011986
0.99787494
1.0146213
0.99491463
0.80102787
0.93549234
0.80580506
0.81658013
0.93994497
0.81083076
2.2918635
1.9607964
2.6884676
1.9702673
1.320601
1.3973343
1.3941391
1.3179741
0.86879778
1.0143231
0.90116645
0.9589622
0.86581712
1.0063269
0.91032657
0.96189913
0.84658152
0.9362066
0.93250462
0.85044338
0.95639455
0.83789717
0.9615723
0.78645037
1.0176269
1.0206488
1.2570302
1.2912909
1.2575023
0.78899059
1.0216556
1.0226928
1.254099
1.2898838
1.2560083
1.0544444
1.2470403
1.0542544
1.2475554
0.9558522
0.86072554
0.94458027
0.87199766
0.8719162
1.4719407
1.0811872
0.86508077
1.4695165
1.0827854
1.0119542
1.0287785
1.0229293
1.0217574
1.0468954
1.0277648
1.0057833
1.0106919
1.0169048
1.0392052
1.0526256
1.0337775
0.8508409
0.98035227
0.85780754
0.87297159
0.987032
0.86501945
2.2211458
1.9305451
1.9505316
1.3484553
1.4280298
1.3454728
0.90456501
1.0457737
0.92995885
0.98779423
0.89953527
1.033234
0.94247519
0.99167777
0.88300351
0.97413265
0.96922701
0.88776535
1.0096893
0.87925527
1.017136
1.1754413
1.1868024
2.1836408
1.9331268
2.2345569
1.9440047
1.833755
1.8356403
1.5574014
1.5489053
1.8208789
1.8613532
1.1799115
1.1887171
2.1746911
1.9609767
2.1735215
2.6603843
1.9460657
1.8665434
1.8630294
1.5501403
1.5683831
1.8237394
1.8363702
1.2789523
0.69650101
1.2817149
0.59560322
0.57303626
0.57483057
0.6952692
1.2892293
1.2835256
1.0208308
0.78551868
1.0209175
1.2926792
1.2613522
1.2595632
1.2575654
1.2933501
1.2571016
0.79153322
1.0275894
1.0254731
1.2773244
0.68910694
1.27687
0.69525556
1.2792326
1.2785981
0.56983356
0.49118733
0.49053078
0.57282276
1.0523198
1.2465742
1.2462487
1.0532545
0.57206993
0.51031279
0.50224718
0.57445235
1.0847442
1.118821
1.1195078
1.0907724
0.81716024
0.72755167
0.71861367
0.81479269
1.044288
1.0635338
1.0832119
1.0239501
1.2740371
1.5806679
1.2844687
1.2624816
1.30291
1.2997089
1.2849341
1.2586322
1.2937851
1.5870019
1.2991996
1.2920829
1.0725551
1.6036251
1.2089531
1.2238901
1.0565777
1.5894189
1.2614817
1.5465495
1.2472196
1.2179541
1.2323715
1.2470874
1.2738606
1.2303986
1.2610859
1.5331914
1.2160315
1.2319545
1.0934034
1.1325709
1.0981112
1.0185775
1.0801427
1.0829303
1.0785949
1.0194437
1.0817663
1.1385103
1.0995016
1.1015321
1.1561053
1.1303402
1.1489343
1.1765459
1.1446155
1.1549342
1.172665
1.1875825
1.16455
1.1232843
1.1315924
1.1407689
1.0889041
1.1146089
1.0840079
1.0050841
1.059708
1.0656485
1.0749762
1.0101066
1.0707651
1.1084195
1.0719501
1.0785394
1.3942073
1.3273642
1.3246812
1.0286754
1.0129184
0.94711478
0.99321965
0.99163247
0.9466438
1.0129465
1.0323527
1.0548476
0.88562816
0.88908252
0.89631269
1.0594744
0.8926141
1.390979
1.3197515
1.3149884
1.0259069
1.005132
0.93336461
0.97522175
0.98880849
0.93786947
1.0001653
1.0102517
1.0035025
0.84832356
0.95574479
0.90301151
0.89876904
0.95418132
0.84387026
1.0114044
1.2382568
1.2372119
0.9996804
0.83659959
0.94083868
0.88073919
0.89466069
0.94506269
0.83316845
0.98715017
1.2320892
1.2354096
1.291448
0.85435414
0.94364453
0.9465221
0.85095712
0.82387376
0.82798109
1.2745292
1.1836623
1.2796759
0.84254943
0.93988503
0.84676524
0.93601995
0.82026564
0.81637341
1.1784012
1.267763
1.2719561
1.0024364
0.86211814
1.0004143
0.85248303
0.98026763
0.9853364
1.8351342
1.8398525
1.8241596
1.8636813
2.1741062
1.958208
1.9489263
1.8697858
1.8642099
1.5689741
1.8303016
1.8441133
1.0519868
1.2433789
1.2488597
1.0476425
0.54794111
0.47102404
0.46756167
0.55130521
1.0495728
1.2473223
1.2467504
1.0506583
0.54606986
0.46661774
0.46587584
0.54713414
0.58636181
0.55327477
0.52896931
0.62032603
0.85719049
0.90820384
0.91340806
0.86497171
0.58262731
0.54122289
0.53324592
0.59109824
0.86974975
0.93881152
0.93762871
0.86904179
0.72161823
1.4344122
0.97958737
0.98922506
0.67355357
1.4150674
0.74431151
1.0029516
1.0064327
0.73743119
1.4541918
0.94428631
0.92822775
0.89753937
0.93513601
0.92057245
0.89279203
0.93305107
0.96188209
1.2933264
1.2195921
1.215766
1.2824626
0.93769715
0.90905751
0.86774443
0.89508204
0.91414964
0.87410829
0.90214558
0.91756014
1.1906766
1.2567475
1.2605745
1.1870057
0.96054249
0.83019141
0.88776121
0.82827767
0.84554904
0.89371027
0.8253082
0.94807361
1.1771749
1.1826413
1.2460156
0.80623525
0.8128583
1.2417182
1.1469826
1.2449003
0.80524247
0.90766961
0.81262463
0.9012905
0.79949215
0.79251519
1.1333597
1.2233164
1.2296374
0.8092877
0.92064971
0.93047235
1.1897478
1.1837273
2.1715951
1.945344
2.2693807
2.1764648
1.9705974
1.8445704
1.8287901
1.8750037
1.8369556
1.1936738
1.185145
2.1689839
1.9294889
2.1459367
2.6765311
1.9577634
1.8569279
1.8346292
1.5583558
1.5614172
1.8666314
1.8428215
0.69526623
1.2785624
1.2779915
0.56433862
0.69335561
1.2786776
1.2776973
0.56482303
1.0247058
0.79136867
1.0240403
1.2958841
1.2605344
1.2588463
1.2584389
1.2931097
1.2580733
0.79069784
1.0262493
1.0240596
1.278173
0.69569289
1.2777347
0.5644587
0.56285295
0.69575923
1.280309
1.2785735
0.57745277
0.54483144
0.57668624
0.55288926
1.0528925
1.2450387
1.2449709
1.0526955
0.57676976
0.56211122
0.56245089
0.57589297
0.96992829
1.0151027
0.97786799
1.00385
0.76565911
0.71091368
0.71001366
0.76342436
0.96651464
0.99652505
0.99397932
0.96863536
1.4764063
1.1472045
1.16491
1.2170626
1.1768322
1.2010565
1.4909693
1.1995514
1.1824546
1.1678749
1.1619282
1.184609
0.96723326
1.4890983
1.1055664
1.1161438
0.95914856
1.4769055
1.1294614
1.434236
1.1117984
1.1001998
1.1016123
1.117496
1.1510058
1.115578
1.1341198
1.4212466
1.077953
1.0945502
1.0759856
1.0399908
1.0488579
1.0535069
0.98712065
1.0466315
1.085026
1.0649127
1.0573004
1.0309521
0.9800577
1.0391578
1.0785779
1.0560568
1.0669798
1.0708015
1.0482101
1.060613
1.0862538
1.0849623
1.0735498
1.0451757
1.0435564
1.0552068
1.031148
1.0472321
1.0218782
0.94658283
0.99585879
1.0051079
1.0227185
0.95555073
1.0141401
1.037088
1.0023487
1.0123312
1.2899251
1.3506113
1.2969502
0.97315186
0.98305346
0.9697067
0.91773014
0.98080365
1.0054068
0.95039393
0.91198426
1.0036045
0.84819374
0.85347719
0.8641713
1.0111612
0.858895
1.3434699
1.2676019
1.2599035
1.3208384
0.97561843
0.94898155
0.88721318
0.92264046
0.94358942
0.89354359
0.94069782
0.95272766
0.81960536
0.96892993
0.8757447
0.92677221
0.82298661
0.98273102
0.85985062
0.92174346
1.2095428
1.2046269
0.96440436
0.80971705
0.90041482
0.83918258
0.85453728
0.90582632
0.80667406
0.95153558
1.1947224
1.1997185
1.2538758
0.82099295
0.91329919
0.91682632
0.81683093
0.79683179
0.79952259
1.2562196
1.1601762
1.2524526
0.80932598
0.90984418
0.81287637
0.90666662
0.79384096
0.790895
1.149109
1.2376916
1.2413423
0.96491519
0.83391695
0.96000605
0.82370294
0.94357669
0.94699289
1.8722012
1.8344173
1.8487557
1.8356842
1.5453563
2.1872589
1.9325812
1.9621823
1.8547267
1.8307115
1.8690922
1.8451075
1.048769
1.2455236
1.0494922
1.2444167
0.54773485
0.46703887
0.54760225
0.46716859
1.0505914
1.2459767
1.245797
1.0503416
0.54827259
0.46609863
0.46690643
0.54738507
0.60992273
0.55480222
0.60706843
0.55714649
0.83770179
0.91433327
0.8463498
0.90354923
0.61475078
0.56129013
0.56053431
0.61398304
0.79806472
0.85379798
0.86510522
0.78518052
0.70090291
1.4482492
0.9900567
0.71234619
1.4510656
0.98578948
0.66971296
0.96734154
0.97102348
0.65840163
1.4349949
0.87935522
0.8988737
0.88952767
0.85137864
0.8838567
0.91162612
0.8778306
0.84749179
1.2739718
1.2025702
1.2043422
1.2797156
0.89703205
0.87388518
0.84308901
0.87929228
0.87616835
0.8423545
0.87529675
0.90046002
1.151559
1.2172527
1.1482036
0.93690602
0.8073772
0.86423184
0.81385783
0.81219805
0.86368615
0.80770572
0.93867211
1.1442727
1.1457445
1.2137775
0.76359814
0.76697334
1.2065108
1.1039096
1.2019304
0.76402311
0.86937535
0.76619059
0.86743957
0.76037535
0.75782964
1.0955884
1.1903973
1.1920611
0.76375346
0.8654813
0.86816164
1.1884137
1.1924129
2.1658146
1.9518363
2.1794138
2.8734119
2.2875934
1.9646737
1.8589349
1.8378216
1.8354268
1.8441499
1.1813091
1.1838395
2.1580714
1.9508064
2.1506145
1.9222432
1.8552507
1.8578184
1.561659
1.5583652
1.8258693
1.8574418
0.69939271
1.2789764
1.2801974
0.56948287
0.7022523
1.2817979
1.2813469
0.56684247
1.0215859
0.78760048
1.0208539
1.2910253
1.2579642
1.2565138
1.2557989
1.2905144
1.2552304
0.78937696
1.0239188
1.0224857
1.2777115
0.69426465
1.2772472
0.56115777
0.69591371
1.2786485
1.2779082
0.57163943
0.5535898
0.57367261
0.54884201
1.0511771
1.2446541
1.2441043
1.0517441
0.56534069
0.53270254
0.53617424
0.56428525
0.98189527
1.0038913
0.97853173
1.0013669
0.74046146
0.68012414
0.68453142
0.73630089
0.98535407
1.0063341
1.0063649
0.9837169
1.3795367
1.0266364
1.0368769
1.0869779
1.0592686
1.0735759
1.38816
1.0628154
1.0492046
1.0511749
1.0476756
1.0615461
0.93300325
1.4262909
1.0829984
1.0901617
0.92741714
1.4253406
1.0192175
1.3653494
1.0140207
1.0158801
1.028599
1.0318663
1.0430389
1.0217047
1.0367453
1.3640857
1.0085688
1.0106583
0.99749035
0.96545403
0.97408293
0.98700275
0.92029982
0.97823622
1.0068527
0.99267491
0.98328265
0.96144435
0.91190274
0.96973793
0.99446684
0.97930179
0.98681396
0.98908795
0.97699323
0.9825429
0.99720498
0.995651
0.98954344
0.97235318
0.97375529
0.97984064
0.95771169
0.97349874
0.95031026
0.8811204
0.93325248
0.93977467
0.95388904
0.88830066
0.94670667
0.96650008
0.93654977
0.94331127
1.2298617
1.2913574
1.237201
0.90831518
0.92368389
0.9159458
0.86932109
0.91619281
0.9460887
0.89666797
0.86377632
0.94825714
0.80260931
0.80788103
0.81961884
0.95461769
0.81358728
1.2844165
1.2096682
1.203553
1.2651553
0.91706385
0.8867626
0.84315886
0.87352021
0.8907061
0.84807976
0.88023718
0.89872246
0.7953129
0.93690564
0.83423157
0.88517445
0.79799183
0.94750809
0.82030619
0.88046612
1.1718232
1.1677077
0.93350395
0.78722511
0.86288116
0.80437438
0.81605536
0.86710087
0.78459292
0.92384429
1.1593699
1.1635266
1.2190854
0.79318566
0.89017526
0.89275084
0.78996431
0.77784595
0.77953858
1.228157
1.1331226
1.2251996
0.78410077
0.8874591
0.78683107
0.88492854
0.77542261
0.77275826
1.1237167
1.2128158
1.2159594
0.93278468
0.80942012
0.92905204
0.80063956
0.91478528
0.91802214
1.8587699
1.8395711
1.8343357
1.8429238
1.5515257
2.1601747
1.9499137
2.6968831
1.9218312
1.8577413
1.8572878
1.8251086
1.8587962
1.0515467
1.2477967
1.0522059
1.2471645
0.54653032
0.46507486
0.54729187
0.46387704
1.0495442
1.2459244
1.2454192
1.0501032
0.54384559
0.45895328
0.45949587
0.54414281
0.6001112
0.55339273
0.6042926
0.54980702
0.75734872
0.82171572
0.76012062
0.81435161
0.5893052
0.53960006
0.54059188
0.58637374
0.74514778
0.7927662
0.79689494
0.74060623
0.63280012
1.4199798
0.95787627
0.63847465
0.9541625
0.61765386
1.4101156
0.93917732
0.94156389
0.60919801
0.8962696
0.92503663
0.88322993
0.85346802
0.88889902
0.9046796
0.90216698
0.85934831
1.3070464
1.2419173
1.2496642
1.3295926
0.93378589
0.92393223
0.88956159
0.93675114
0.91027816
0.88140429
0.93415982
0.96235306
1.1537918
1.1585777
0.95402325
0.82616201
0.90529499
0.85512836
0.83487078
0.89801127
0.8301339
0.96807492
1.1698673
1.164023
1.2389389
0.75981418
0.75793863
1.191031
1.0951333
1.1929123
0.78076936
0.87489367
0.77584014
0.87818337
0.76170195
0.7638422
1.1069848
1.2056319
1.2018752
0.77250624
0.88366721
0.87778072
1.1841077
1.1943941
2.1755088
1.9700632
2.1592821
2.6730516
1.955793
1.8755452
1.8624344
1.5467692
1.8293339
1.8317136
1.1918724
1.186013
2.2624308
1.9465378
2.2703379
1.9585593
1.8313587
1.8250429
1.5673399
1.5489341
1.8657413
1.8648617
0.69510279
1.2786338
1.2781232
0.56567043
0.69884425
1.2793987
1.2791287
0.56524252
1.0284101
0.79601471
1.0281663
1.2948037
1.258616
1.2580884
1.2616589
1.2960875
1.2614696
0.79109818
1.024272
1.0237832
1.279945
0.70056137
1.2798938
0.56735532
0.69591037
1.2785278
1.2784572
0.55841423
0.52073761
0.5599751
0.51587384
1.052527
1.2444252
1.2450612
1.0517448
0.55349286
0.49792697
0.50217761
0.55151008
0.96028983
0.99494976
0.96669457
0.98422347
0.67774218
0.61404388
0.62050541
0.66799373
0.93406758
0.95573395
0.96058453
0.92467872
1.3701266
1.0173041
1.0136904
1.0276925
1.009207
1.0282291
1.3673174
1.0090409
1.0112153
1.0317638
1.0094208
1.0296094
0.89638688
1.4417631
1.0766907
1.0753714
0.89432373
1.4467917
1.0229054
1.3843569
1.0290097
1.0170152
1.0471418
1.0436116
1.0355603
1.0148046
1.0398286
1.3898209
1.0395008
1.0348566
0.94488437
0.91642584
0.92054513
0.9275642
0.86306435
0.92231729
0.94926506
0.93061667
0.92535216
0.91318678
0.85797169
0.91757827
0.95771967
0.94495262
0.956432
0.98037797
0.96521969
0.96500019
0.9658082
0.97956878
0.96549326
0.94326361
0.95447581
0.95532642
0.9131508
0.93584789
0.91007199
0.84095145
0.89962901
0.90271506
0.90948366
0.84475893
0.90604525
0.93347853
0.90431238
0.90719948
1.1828478
1.2443465
1.1875528
0.85777834
0.87830453
0.8689104
0.82958225
0.86291963
0.89383483
0.85505254
0.82543121
0.9086294
0.76001781
0.76474635
0.77570696
0.91293316
0.77000341
1.2398114
1.1705418
1.1670354
1.2280177
0.87381454
0.84408693
0.81051133
0.83932089
0.85082545
0.81394588
0.84013618
0.86206625
0.77322503
0.91205459
0.80060349
0.85101391
0.77609749
0.9208364
0.78967045
0.84734886
1.1407836
1.1973556
1.2005509
1.1375887
0.90926591
0.76389729
0.8341828
0.77774536
0.786325
0.83720547
0.76098548
0.90217354
1.1313744
1.13441
1.1908097
0.76856503
0.86881673
0.87153073
0.7651784
0.75761151
0.7598671
1.2037361
1.1086282
1.2010805
0.75945828
0.8660021
0.76200581
0.86353269
0.75460623
0.75150177
1.0985634
1.1904646
1.1927954
0.90262755
0.78523046
0.89828802
0.77630355
0.88421539
0.88681342
1.8778672
1.8638292
1.831004
1.8326549
1.567952
2.2647749
1.949592
1.9610452
1.8332516
1.8268116
1.8680628
1.8677563
1.0508175
1.2465755
1.0513852
1.245979
0.54559555
0.45743391
0.54557567
0.4566649
1.0526492
1.2468004
1.2474051
1.0519714
0.54681024
0.45403996
0.45538649
0.54613781
0.57937825
0.53577311
0.58093448
0.53468155
0.72687307
0.77971982
0.72832969
0.77694595
0.57679284
0.53112292
0.53215065
0.5756505
0.72226667
0.77970424
0.77602676
0.72330053
0.58772361
0.93335701
0.59179561
0.93161253
0.5872647
0.93203733
0.92992363
0.5897081
0.97316293
0.99798069
0.94565564
0.9140348
0.96405598
0.97190937
0.96998836
0.92160223
1.3652778
1.2989552
1.3043147
1.3822909
1.0052806
0.99579131
0.94515554
0.99257482
0.97680352
0.94037807
1.0017138
1.0223213
1.2010625
1.2066134
0.99146961
0.8554436
0.95420781
0.90114277
0.88826845
0.94998232
0.85772866
1.0011088
1.2159417
1.2116013
1.2828352
0.7815617
0.77875016
1.2182014
1.1275353
1.2223534
0.82308037
0.90456911
0.81888678
0.90750839
0.78370228
0.7854475
1.1410995
1.2356417
1.2330108
0.80661685
0.92561384
0.92136156
1.1899133
1.1911624
2.1630875
1.970108
2.8948667
1.9343324
1.8776202
1.8400816
1.5429863
1.8337842
1.8240191
1.5545599
1.1915821
1.194325
2.1771772
1.9628131
2.2656068
2.1710055
1.9598544
1.824868
1.8677996
1.5459163
1.5438699
1.8665159
1.828297
0.69533347
1.2788461
1.2780413
0.56626154
0.6984854
1.2794219
1.2790048
0.5662219
1.0273701
0.79140903
1.0244136
1.2942195
1.2588924
1.2572936
1.2605308
1.2963273
1.2590012
0.78977007
1.0254904
1.0227575
1.2791504
0.69615584
1.2780781
0.56446005
0.69481118
1.2784939
1.2776486
0.54577365
0.48639177
0.54712327
0.48177409
1.0505736
1.2433809
1.2434646
1.0503383
0.54149093
0.46236112
0.4671284
0.54063394
0.8833
0.94022264
0.89315633
0.93294783
0.58233106
0.53274503
0.54061546
0.57378235
0.85416669
0.91123409
0.91409331
0.84555064
1.4071252
1.0569997
1.0537415
1.0516098
1.0272419
1.0559697
1.4035309
1.0447984
1.0500683
1.062551
1.0306875
1.059602
0.88033609
1.4686113
1.0775885
1.0796947
0.87846694
1.4705713
1.0611651
1.417705
1.0648873
1.0413047
1.0723782
1.0714366
1.0662076
1.0395077
1.0694734
1.4204992
1.0680524
1.0675103
0.92725893
0.89768089
0.89869179
0.89721138
0.83242262
0.89508956
0.92826532
0.90204028
0.90024835
0.89185578
0.83039512
0.89335017
0.95769319
0.94204314
0.95919303
0.99925739
0.97839137
0.97683818
0.97357931
0.99764989
0.9755708
0.94315291
0.96171789
0.96051784
0.89748775
0.92755273
0.89748108
0.82580907
0.89011852
0.8902051
0.89106301
0.82643991
0.89057325
0.92816798
0.89781516
0.89768595
1.1572099
1.2178184
1.2198027
1.1591027
0.82939785
0.85282212
0.8366329
0.80219489
0.83131803
0.85946282
0.83047096
0.80024913
0.88892845
0.73325378
0.7342876
0.73933831
0.8899129
0.73632575
1.2161329
1.153645
1.1531465
1.2135495
0.85167221
0.82649026
0.79647294
0.8281659
0.82927665
0.79682439
0.82644055
0.85087908
0.75101178
0.89447794
0.77506698
0.82676937
0.75305339
0.89991973
0.76872268
0.82501302
1.1212817
1.1785783
1.1796536
1.1204026
0.89316682
0.74603121
0.82156604
0.76608987
0.76740084
0.82189876
0.74511142
0.89145541
1.1191041
1.1196479
1.1766179
0.74893379
0.85272999
0.85397816
0.74738972
0.73992385
0.74081345
1.1846868
1.0915245
1.1835313
0.74583021
0.85151864
0.74623723
0.85074737
0.73843182
0.73694251
1.0875066
1.1803506
1.1807281
0.87647772
0.76690472
0.87439875
0.76451717
0.87149465
0.87117229
1.8789587
1.8420329
1.8332999
1.825494
1.555562
2.1793451
1.9646705
2.2641968
1.9636236
1.8257729
1.8696437
1.5468145
1.868418
1.8296297
1.0516156
1.2464612
1.0519812
1.2460839
0.54509248
0.45068552
0.54538043
0.4495241
1.0516063
1.2460762
1.2460459
1.0514629
0.54473468
0.44632667
0.44703506
0.54450918
0.56607733
0.52272151
0.56914771
0.51884921
0.74784913
0.79971939
0.73892584
0.80956682
0.55521857
0.50359073
0.50758534
0.55077338
0.77039055
0.84921713
0.83996909
0.77588399
0.62243472
1.4125568
0.94282303
0.61288103
0.94760827
0.66253466
0.9731315
0.96491913
0.67662597
1.0170227
1.0336578
0.99629025
0.95499078
1.014476
1.0263956
1.0028269
0.95685364
1.3991671
1.3257447
1.3266838
1.4026135
1.0346022
1.0201135
0.95788792
1.0025311
1.0036221
0.95848594
1.0198987
1.0337423
1.2297437
1.2308983
1.0079932
0.86376981
0.9652073
0.9073368
0.9089156
0.96574077
0.8634718
1.0078821
1.2316563
1.2315243
1.2981523
0.79286835
0.79223424
1.2422015
1.1502488
1.2437224
0.83663138
0.91773503
0.83662591
0.91786737
0.79292577
0.79272952
1.1545875
1.246015
1.2461226
0.81835098
0.93615833
0.93597935
1.1903943
1.1982743
2.1817442
1.9832369
1.9380182
1.888223
1.8584664
1.5527995
1.8478371
1.8386136
1.5669714
1.1914281
1.1880015
2.2016506
1.9259797
2.2222668
1.9382358
1.8419393
1.8164966
1.5625662
1.5576909
1.8242391
1.8454309
0.69217731
1.2785508
1.2767767
0.69373586
1.2782343
1.276982
0.56643969
1.0289769
0.79909088
1.0312841
1.2997149
1.2628109
1.2647559
1.2629689
1.2984191
1.2640351
0.79921224
1.0284219
1.0318106
1.2811959
0.70277938
1.2818698
0.57439685
0.70244953
1.2802882
1.2818436
0.53676757
0.4500942
0.53743604
0.44732605
1.0559736
1.248771
1.2488348
1.0558069
0.54022612
0.44433107
0.44548767
0.54002125
0.83828702
0.90735033
0.83412589
0.90924672
0.55109086
0.49627053
0.49458404
0.55371638
0.85312617
0.9237382
0.91910745
0.85639377
1.4236823
1.0674849
1.0685814
1.0737429
1.0467837
1.0747711
1.4237109
1.0688213
1.0695436
1.0744855
1.0479943
1.0749383
0.8538285
1.4675282
1.052128
1.0565319
0.84903178
1.4672101
1.0679199
1.4261946
1.0686526
1.0491075
1.073906
1.0749323
1.0749305
1.0495106
1.0753608
1.4273422
1.0675825
1.068872
0.93255977
0.90251198
0.90094585
0.89075411
0.82717644
0.89167571
0.9311271
0.89856201
0.89972276
0.89419428
0.82837079
0.89289979
0.97110854
0.95469327
0.97268459
1.0097635
0.98967888
0.98930968
0.98787384
1.0098711
0.98898894
0.95633486
0.97455649
0.97380978
0.90462616
0.93853313
0.90660953
0.83426769
0.90067885
0.89923045
0.8959467
0.83275803
0.89769529
0.94033825
0.90988633
0.90846705
1.1550221
1.2155443
1.214635
1.1541679
1.2137366
0.83103231
0.85535194
0.82865062
0.79740602
0.82938905
0.85195182
0.83176373
0.79827704
0.89460741
0.74087229
0.73820265
0.73483383
0.89339332
0.73616189
1.2164264
1.1578601
1.1588246
1.2200006
0.85674901
0.83590776
0.80285578
0.83690827
0.83300683
0.80159946
0.83735977
0.86085623
0.74447729
0.89110766
0.7659142
0.82218016
0.74410963
0.89108077
0.76670626
0.82286935
1.1205058
1.1784057
1.1773838
1.1213791
0.89144677
0.74628697
0.82687289
0.77100136
0.76747593
0.82571826
0.74748114
0.89401385
1.1228696
1.1221248
1.1800028
0.74485964
0.84890797
0.84898235
0.74467028
0.73532479
0.73470223
1.1800844
1.0895223
1.1805565
0.74533957
0.84874129
0.74469935
0.84894497
0.73519532
0.73503158
1.0889082
1.1825536
1.1817846
0.87109166
0.76455858
0.87090225
0.76518396
0.87329392
0.87189498
1.8945023
1.8606006
1.8472461
1.8384706
1.5676406
2.2091046
1.9283079
2.2555187
1.9410225
1.841614
1.8168696
1.5643359
1.8233752
1.848768
1.0519338
1.2469718
1.0525191
1.2466547
0.545115
0.44468845
0.54530404
0.44401375
1.0585218
1.252352
1.2521961
1.0589807
0.55013787
0.44602239
0.44546501
0.55193247
0.54600634
0.49467868
0.54380489
0.49583069
0.79523304
0.86641669
0.79044816
0.8698204
0.56154798
0.5147759
0.5092262
0.56779752
0.79796539
0.8642438
0.86779121
0.79634581
0.72384566
1.4433063
0.99516592
0.71579374
0.99888102
0.72917373
0.99702551
0.99829004
0.72592723
1.4435396
1.0139634
1.0270567
1.001441
0.95449184
1.0160836
1.0325529
0.99666812
0.95303774
1.3996583
1.3224933
1.3212264
1.0251428
1.0073642
0.94642816
0.98970506
0.99499117
0.9481578
1.0051968
1.0191784
1.2289026
1.294394
1.2954068
1.2280351
1.0045415
0.85803447
0.95551616
0.89730469
0.90120571
0.95695572
0.85719711
1.0021695
1.2261279
1.2271009
1.2924579
0.79228081
0.79236891
1.2458624
1.1517239
1.2456949
0.83184828
0.91604649
0.83256917
0.91567756
0.79192675
0.7915024
1.1527352
1.2440419
1.2447612
0.81552336
0.93158639
0.93185851
1.1991283
1.193404
2.2863618
1.9621098
1.951516
1.8324642
1.8321645
1.5786864
1.8584528
1.8778075
1.5514932
1.1885219
1.1984895
2.1641069
1.965601
2.6738615
2.2564666
1.9477743
1.8633786
1.8732726
1.8265865
1.833419
0.70122893
1.2811256
1.2811304
0.57006133
0.69586137
1.2785051
1.2792398
1.0253487
0.79151486
1.0250917
1.2971011
1.2621678
1.2619564
1.2601677
1.2981049
1.2600298
0.7955155
1.0286076
1.0283328
1.2797925
0.69627268
1.2795941
0.57210797
0.56997093
0.70021098
1.2807044
1.280659
0.539604
0.44220689
0.53855976
0.44370548
1.0528119
1.2466721
1.2458928
1.0537752
0.54121105
0.45318635
0.44905366
0.54253288
0.86941069
0.9314754
0.86620195
0.93313004
0.56881688
0.5157519
0.50755607
0.57431749
0.86661865
0.92947585
0.93077208
0.86294163
1.428383
1.0660745
1.0666582
1.0737837
1.048784
1.0737967
1.4282461
1.0673151
1.0676021
1.0727074
1.0486262
1.0733562
0.83062059
1.4656408
1.0370936
1.0375603
0.83021825
1.4672111
1.0674825
1.4331961
1.0694945
1.0471065
1.0740773
1.0744729
1.0733588
1.0478514
1.0742875
1.4352811
1.0710186
1.0710981
0.94544192
0.91545582
0.91428114
0.90239639
0.83932654
0.90397278
0.9444294
0.91148635
0.91305298
0.90662245
0.84088639
0.90545127
0.97723889
0.96218312
0.97716816
1.0074038
0.98841113
0.98922076
0.99068208
1.0085043
0.99024106
0.96228995
0.97614663
0.97678282
0.91680886
0.94823449
0.91781199
0.8452861
0.91021997
0.90967938
0.90791543
0.8444471
0.90897737
0.94867539
0.91880388
0.91855313
1.1636649
1.2262005
1.224561
1.1624574
1.2216356
0.8436572
0.86708334
0.83834895
0.80687646
0.84210723
0.86279142
0.84317303
0.80843042
0.90670018
0.76479346
0.76092846
0.75460751
0.90512521
0.75747957
1.2276237
1.1668124
1.1679284
1.232799
0.86860389
0.84762583
0.81612413
0.85112957
0.8448714
0.81387411
0.84901996
0.87462205
0.75529305
0.89972247
0.77220216
0.83057059
0.75276688
0.89499321
0.77691542
0.83202742
1.1290465
1.1904147
1.1309413
0.90161808
0.76419798
0.83967175
0.78707244
0.77897636
0.83739508
0.76831135
0.9095036
1.1348852
1.132853
0.75000439
0.85444449
0.85283129
0.75156123
0.74332972
0.74066424
1.1855967
1.0948931
1.1872511
0.75607121
0.85621904
0.75351731
0.85847898
0.74553062
0.74792584
1.097322
1.1948286
1.192523
0.87596654
0.76876982
0.87708986
0.77314745
0.88671089
0.88336245
1.8336438
1.8328122
1.5799777
1.855519
1.8809035
2.1717161
1.9676694
1.9391259
1.8669577
1.8726583
1.5604768
1.5702926
1.8224954
1.8481626
1.0580135
1.2499758
1.0564328
1.251034
0.5547573
0.44986555
0.55307965
0.45448143
1.057908
1.2514095
1.2502553
1.0594187
0.5603069
0.477628
0.47006808
0.56282048
0.59759078
0.53102629
0.58953838
0.53738016
0.79223213
0.84786715
0.7924865
0.84286227
0.62475074
0.57399691
0.56237282
0.63461573
0.80078622
0.84195524
0.8381617
0.808548
0.71121715
1.434911
0.98992795
0.71497867
1.4370803
0.9872485
0.70171988
0.98263753
0.98178977
0.7003637
1.428734
0.99636057
1.0121149
0.98817168
0.94227925
0.99851431
1.0172881
0.98406735
0.94118878
1.3868138
1.3118205
1.3856389
1.3110496
1.3834485
1.0108818
0.99156322
0.93772731
0.98080302
0.98307337
0.9384612
0.99047026
1.0081378
1.2225146
1.2878487
1.2884207
1.2220682
0.99949194
0.85379209
0.94861581
0.89200841
0.8932501
0.94918047
0.85376119
0.99880413
1.221351
1.2216906
1.2872502
0.79133543
0.79122598
1.2431559
1.1487968
1.2430361
0.828369
0.91410105
0.8286548
0.91400967
0.79123188
0.79111997
1.1504819
1.2426798
1.2429197
0.81345774
0.92906507
0.92873979
1.1970698
1.1911534
2.1840488
1.9232894
1.9823668
1.8279323
1.8362518
1.5685052
1.8846537
1.8654735
1.1944365
1.1929942
2.2600185
1.9564634
2.8039645
1.9382308
1.8280502
1.8368546
1.5779259
1.8480631
1.8794485
0.69862994
1.2821041
1.2804964
0.56860667
0.69422016
1.2792218
1.2787716
1.0312186
0.79686279
1.0297309
1.2965913
1.258662
1.2592489
1.263744
1.2994578
1.2635041
0.79085222
1.0230577
1.0243604
1.2823872
0.70137893
1.2818119
0.56355482
0.57360258
0.69556111
1.277629
1.2792545
0.5472835
0.46898748
0.54533098
0.47646894
1.0552374
1.2452795
1.2472681
1.052689
0.55318531
0.5075127
0.49951657
0.55338354
0.85319107
0.91892112
0.85435787
0.91482131
0.62253055
0.57689627
0.56625583
0.6405353
0.86741203
0.91244519
0.90970926
0.87762946
1.4373727
1.0722118
1.0725977
1.074729
1.0470576
1.0755996
1.4374315
1.071768
1.0729506
1.0759875
1.0475071
1.0759866
0.83498523
1.4708105
1.0440286
1.0409644
0.83557871
1.4707513
1.073703
1.4388566
1.075733
1.050125
1.0815357
1.0807543
1.0774774
1.0495498
1.0794296
1.4392375
1.0774861
1.0774651
0.94895502
0.92059599
0.92006434
0.91104965
0.84860866
0.91186664
0.94893443
0.91923691
0.91973569
0.91364207
0.85004338
0.9127646
0.97520926
0.96231787
0.97555575
1.007195
0.98847542
0.98789148
0.9875391
1.0069998
0.98786239
0.96311469
0.97661306
0.97600796
0.92169597
0.95082495
0.92296622
0.85794555
0.92042424
0.91833054
0.9150071
0.8555502
0.91659643
0.95195432
0.9261166
0.92449916
1.1753694
1.2425319
1.2397162
1.173126
0.85892745
0.8873396
0.85382782
0.82448301
0.8557941
0.87716723
0.86423895
0.82791821
0.92453739
0.79584154
0.79075533
0.78244375
0.92168023
0.78619623
1.2452662
1.1830055
1.1860464
0.89117114
0.86965877
0.84398607
0.88122602
0.86812168
0.83960246
0.87380223
0.90437155
0.78654143
0.92298161
0.79014821
0.84774998
0.78143736
0.91247405
0.80112246
0.85096534
1.1496813
1.1534682
0.92680424
0.80190031
0.86577605
0.8197349
0.80529409
0.86179276
0.8072509
0.93979546
1.1604065
1.1569483
0.77204301
0.87797149
0.87417063
0.77574432
0.7719742
0.76699062
1.2028182
1.110325
1.2059596
0.78420353
0.88173278
0.77971158
0.88578042
0.77620984
0.78033125
1.1181388
1.2180554
1.2150727
0.89624304
0.78607961
0.89969302
0.79546856
0.91648927
0.91170797
1.8522091
1.8310691
1.8890674
1.8431462
2.2566714
1.9531473
1.9423655
1.8343757
1.8351459
1.5811192
1.5534171
1.8543365
1.883497
1.0599224
1.2501728
1.0591954
1.2507315
0.57288944
0.503926
0.57042053
0.51448011
1.0630588
1.2511746
1.2527629
1.0612369
0.58404105
0.55788631
0.54701941
0.58685282
0.67684204
0.60769891
0.66438222
0.61853194
0.86484026
0.871086
0.84811998
0.88526978
0.73480396
0.67970428
0.6610317
0.76055041
0.9219028
0.95381588
0.93584573
0.94225764
0.71694019
1.4321046
0.99279877
0.70877085
1.4300533
0.9987698
0.75360522
1.0321117
1.0231604
0.76793258
1.4444299
0.98768936
1.0077743
0.98052393
0.93711527
0.9880462
1.0076487
0.98114823
0.93745246
1.3825955
1.3105738
1.3119506
1.3864858
1.0086992
0.98963425
0.94161365
0.98701482
0.98209945
0.9401374
0.99134111
1.0139569
1.2220316
1.2889287
1.2881516
1.2228352
1.0005788
0.8577046
0.95254419
0.89893908
0.89431139
0.951194
0.85923325
1.0044369
1.2252044
1.290052
1.2238907
0.7949983
0.79379304
1.2440473
1.150041
1.2450127
0.83311953
0.91778493
0.83159735
0.91932166
0.79628498
0.79785201
1.1539062
1.2511468
1.2494444
0.82090071
0.94270074
0.938999
1.1891912
1.1848163
2.2907331
1.9634006
2.1606218
1.9694036
1.8296988
1.8576205
1.5676744
1.8387706
1.8600404
1.1830619
1.1865907
2.247203
1.9434851
2.1624559
2.6426939
1.9557742
1.8733028
1.8274074
1.5609781
1.5730519
1.8254087
1.8545248
0.70051839
1.2788308
1.2799395
0.56702364
0.69980462
1.2782339
1.2796868
1.0236901
0.79428418
1.0267296
1.2948246
1.2579734
1.2610287
1.2585074
1.2954541
1.2606137
0.79525303
1.0235066
1.0275271
1.2782142
0.69792855
1.2789711
0.69898981
1.278031
1.2792271
0.5647559
0.52984395
0.56103605
0.53602502
1.0549806
1.2474745
1.2471058
1.0554487
0.57274603
0.54462329
0.5436266
0.57519524
0.93769726
0.93877602
0.92152975
0.95073852
0.84617277
0.77789285
0.74219078
0.87670093
0.99064756
0.99917295
0.9892656
1.005082
1.4352618
1.0820443
1.0806652
1.0834652
1.0555147
1.0859963
1.4362699
1.0782044
1.0798452
1.0910068
1.058512
1.0885039
0.84753113
1.4640796
1.0744292
1.0714107
0.85034499
1.4648549
1.0856167
1.4371524
1.0902422
1.0744884
1.1099552
1.1053
1.0952916
1.0701152
1.1003867
1.4390284
1.0992742
1.0951609
0.96045104
0.93879425
0.93474651
0.92323833
0.86831874
0.92653343
0.95751769
0.92843744
0.93138304
0.93467055
0.87283173
0.93038509
0.99000704
0.9826576
0.99465631
1.0310239
1.0163597
1.0112636
1.0021268
1.0265891
1.0067049
0.98800443
1.0050155
0.99970886
0.94366887
0.97373113
0.9489999
0.89467429
0.95665994
0.95063115
0.93960277
0.88873974
0.9449496
0.97929197
0.96083306
0.95480448
1.2019069
1.2738346
1.1975948
0.89458333
0.9253141
0.88590303
0.85722079
0.88898953
0.90936305
0.90047848
0.8616056
0.9612719
0.84338598
0.83575509
0.8222954
0.95534161
0.82849508
1.2784924
1.2143315
1.2185524
0.93012088
0.90979066
0.87766106
0.91743632
0.90485372
0.87376701
0.91465252
0.94413839
0.82727169
0.9546297
0.82409703
0.87738382
0.82234181
0.94368332
0.83625368
0.88111806
1.1780117
1.1813816
0.95777305
0.83914781
0.89479421
0.85094337
0.83993493
0.89148537
0.84259116
0.96705605
1.186527
1.1840501
1.2558755
0.80262141
0.90648718
0.90369767
0.80519485
0.80484937
0.80101362
1.2269849
1.1307646
1.2298683
0.81023094
0.90883301
0.8076089
0.91116941
0.8074976
0.80969897
1.1365109
1.2392045
1.2371027
0.92783312
0.81016874
0.93099207
0.81658643
0.94306572
0.93995234
1.8286469
1.8601959
1.8399152
1.8613141
1.5672312
2.2507947
1.9451829
1.9558454
1.8762919
1.8282371
1.575277
1.8251098
1.8568661
1.0645292
1.2528975
1.0636102
1.2534237
0.60887482
0.5839638
0.60137416
0.5930353
1.0641081
1.2533718
1.2529354
1.0648842
0.62908924
0.63166713
0.62057117
0.63559553
0.88575999
0.76214152
0.85278352
0.79589313
1.0189893
1.0030055
1.0014195
1.0170109
0.97718945
0.9340917
0.90080471
1.0028029
1.0629187
1.0599335
1.0511183
1.0744245
0.82337425
1.4572598
1.0570686
0.81062027
1.4540326
1.0639453
0.85609753
1.0842084
1.080123
0.86521417
1.4705739
1.0023324
1.0268596
0.98955536
0.94879078
0.9989915
1.0166206
0.99928388
0.95198479
1.4010876
1.3307567
1.334613
1.413152
1.0311487
1.0151942
0.96716846
1.0159222
1.0032755
0.96317359
1.0200361
1.0448845
1.2369999
1.3072448
1.3037544
1.240446
1.0177397
0.88041964
0.97599736
0.92584846
0.91405399
0.97228214
0.8849814
1.0291685
1.2480398
1.2441032
1.3153218
0.81646176
0.81232295
1.2593543
1.1670031
1.2628217
0.85896084
0.94025964
0.85461504
0.94460153
0.82078072
0.8254019
1.1807935
1.2789284
1.2750421
0.85198314
0.98713463
0.97992709
1.1790615
1.1776403
2.2198032
1.929512
2.1741324
2.2586268
1.9502732
1.8184658
1.8697582
1.8259888
1.8705834
1.1730971
1.1771539
2.2509643
1.9438176
2.1577119
2.7770251
1.9455292
1.8515924
1.8248887
1.5551708
1.5582171
1.8215493
1.8610098
0.691531
1.2764228
1.2765663
0.5622668
0.69360429
1.2770662
1.2770675
0.56218516
1.0189064
0.7893119
1.0229137
1.2850705
1.26158
1.252439
1.2557383
1.2908315
1.2579924
0.79040941
1.0332482
1.019231
1.277244
0.69520077
1.2801794
0.58986258
0.56867062
0.69436975
1.2873369
1.2820463
0.58276182
0.5445868
0.5807949
0.54482477
1.0555658
1.2434721
1.2489313
1.0514416
0.5883368
0.5760485
0.5523842
0.5939471
1.0328548
1.0176211
1.0310579
1.0193456
0.94308582
0.86879915
0.86666767
0.92795602
1.0207852
1.0032827
1.0130937
1.0036802
1.4466581
1.1161305
1.1127683
1.1153617
1.0900961
1.1208183
1.444726
1.1039137
1.1088106
1.1297243
1.0953608
1.1257054
0.89541332
1.4764084
1.0920363
1.0872109
0.89357371
1.4708263
1.1186246
1.4479458
1.1193268
1.1073878
1.1343878
1.1350787
1.1332669
1.1065728
1.1352924
1.442168
1.1171389
1.1167495
1.0041477
0.98721266
0.98055352
0.9630055
0.91358296
0.96946425
0.99771401
0.96726052
0.97390017
0.98243025
0.9200555
0.97603036
1.0344959
1.0301101
1.0393853
1.0678756
1.0484795
1.0503474
1.04452
1.0662353
1.0485693
1.0354932
1.044844
1.0433997
0.99378527
1.0233736
0.99983348
0.93999305
0.9986919
0.99806023
0.98860577
0.9372786
0.99405712
1.0290804
1.0067455
1.0048576
1.2362078
1.3162124
1.2319275
0.93510964
0.96181277
0.92143385
0.88846781
0.92998576
0.94878779
0.93365737
0.8921209
1.0105872
0.90314759
0.89021711
0.88058635
1.0054477
0.88896297
1.3206364
1.246179
1.2460953
1.3355236
0.96593977
0.94829361
0.90548918
0.94574304
0.93751497
0.90277444
0.95234684
0.97918677
0.8534091
0.97652304
0.85389298
0.90392651
0.8512012
0.96946024
0.86269624
0.90703912
1.1973286
1.1991408
0.97880389
0.86178719
0.91817708
0.86721784
0.86581108
0.91616171
0.856895
0.98192794
1.2000912
1.1996763
1.2767673
0.81976764
0.92196121
0.92015309
0.82171063
0.82120883
0.81905887
1.2458543
1.1450796
1.2484607
0.8262694
0.9237488
0.82403327
0.92509965
0.82261655
0.82484458
1.1465766
1.2467983
1.2527679
0.95043048
0.82545645
0.95322332
0.83094468
0.96535078
0.96338821
1.8199791
1.872877
1.8261232
1.872403
1.5676698
2.2586358
1.9483751
1.9493422
1.8543844
1.8254929
1.8226583
1.864544
1.0642709
1.2526958
1.0638578
1.2532668
0.65866946
0.66448599
0.65350365
0.6741791
1.0651862
1.2490853
1.254585
1.0611512
0.66942582
0.72385855
0.69501859
0.68064028
1.071975
1.0090731
1.0599218
1.0242798
1.0992937
1.0778077
1.096632
1.0803991
1.0829614
1.042549
1.0426562
1.0781629
1.097325
1.0709941
1.0766173
1.0931005
0.89797415
1.4855119
1.0981797
0.8904052
1.4814115
1.1031636
0.92856669
1.1239819
1.1176144
0.93380521
1.5024377
1.0376635
1.0612798
1.0202371
0.97970317
1.033798
1.0494578
1.031702
0.98370532
1.4301691
1.3523413
1.3484007
1.4330396
1.0640941
1.0443518
0.99417466
1.0381416
1.0346634
0.99293605
1.0440944
1.0694527
1.2685908
1.3418994
1.2720024
1.0496996
0.91897208
1.0015388
0.9477711
0.94654341
1.0005462
0.91504062
1.0549181
1.2753562
1.2740368
1.3468496
0.85844663
0.8526678
1.2930214
1.1992309
1.2977079
0.895759
0.97869295
0.89221288
0.98233557
0.86361069
0.86921093
1.2093943
1.303509
1.3083313
0.89305546
1.0409476
1.0374926
1.8810012
0.84048121
2.1495664
0.77883896
2.1353255
0.74182883
2.1848964
2.9775655
0.77475551
2.1541342
2.9665324
0.81058097
2.1788924
0.81452495
1.8190687
2.6487438
0.8099029
2.0807514
2.8755478
0.80890859
1.9529817
0.82593334
1.8478795
0.86750831
1.8747184
2.0366501
0.8530632
0.8277796
0.86183433
0.83816137
2.0419555
0.83533459
0.77668105
0.78748857
2.1329531
2.1379231
0.82315942
0.79558159
0.83372977
0.80746311
2.1529467
2.8817543
0.7672245
0.72836988
0.74219862
2.1157984
1.7963775
0.79223102
0.76866666
0.80427729
0.78106427
1.8138011
2.6657536
0.72824555
0.76024022
0.76886013
2.1656638
2.9668572
1.8693534
0.76470658
0.74061993
0.77724337
0.75321403
1.8769785
2.6842965
0.7668807
0.8030984
0.80805123
2.1410345
2.9572361
2.1559614
2.960702
0.73807933
0.7328639
0.75071739
0.74452112
2.1653559
2.9732834
0.80570286
0.80926953
0.81509686
2.156977
2.9766011
2.091303
2.8760496
0.73299471
0.73794242
0.74465846
0.74979957
2.1087419
2.8813166
0.80848259
0.80253837
0.81041957
1.8043002
2.1341725
2.9653858
0.73869673
0.75177051
0.75081721
0.76457012
2.0898748
2.9018561
0.80180977
0.7985488
0.80853363
1.9185014
1.7342647
2.6244608
0.75441304
0.77765387
0.76730664
0.79021459
1.751883
2.6258563
0.79866583
0.81032058
0.82229819
1.9298095
1.8999747
0.78055391
0.79726364
0.79321996
0.81141124
1.9162357
0.81387172
0.84977226
0.86164249
1.8298883
1.8800214
0.79914934
0.81614585
0.81375422
0.83117838
1.8833704
2.6650874
0.85579279
0.88951999
0.89868967
0.81206282
1.075487
1.0719431
0.82165798
0.92739156
0.52368496
0.56969697
0.99476726
1.1812659
1.1674004
2.1216374
0.78827769
1.2973368
1.2925754
0.81379274
0.99691409
1.0179729
1.0273941
0.99155625
0.97388079
0.96914221
1.5769969
0.82199764
1.6228032
0.81339477
1.0681818
0.81299461
1.0665755
0.85943601
0.66344678
0.8808772
0.67319072
1.0895937
1.0505828
2.1119518
2.9295346
0.79141328
1.2961703
0.79449132
1.2899396
0.99203624
1.026923
0.99134455
1.0251573
0.95689237
0.95419306
1.5766948
0.75659798
1.5517364
0.81095948
1.0681302
0.81339664
1.0662867
0.84904315
0.66534083
0.85225298
0.64964645
1.0181837
1.0198527
2.0671507
0.79093049
1.2993494
0.79683144
1.2927708
1.416817
1.4276984
1.0017165
1.0259231
0.9983904
1.0324855
0.96330576
0.97756946
1.5352728
0.74825076
1.5404545
0.80981453
1.0668468
0.81085564
1.0661502
0.79737027
0.61027821
0.81905221
0.58578327
1.0044612
0.99685707
1.9053737
0.79310023
1.29401
0.79414358
1.2968053
1.3984885
1.4012444
1.0401226
1.0495506
1.0223761
1.0632131
1.0093056
1.031074
1.5678375
0.79164154
1.5860567
0.8088314
1.0669341
0.80888201
1.0673114
0.68045422
0.55008098
0.72667006
0.52350473
0.99438602
0.99139846
2.1261966
2.9005183
0.79476534
1.2948788
0.79626066
1.2960594
1.0868571
1.0886294
1.0706386
1.105368
1.0607931
1.0721998
1.6097577
0.81490041
1.6164009
0.80507501
1.0677227
0.80666072
1.0664974
0.62480132
0.47859866
0.6273013
0.46112369
0.9828401
0.97953614
2.074511
2.8042957
0.79106702
1.2955552
0.79434117
1.2972335
1.4449389
1.4379016
1.1054376
1.1248794
1.1034819
1.1287457
1.0788811
1.077141
1.6201434
0.81261467
1.6196645
0.8084862
1.0654322
0.80590705
1.0683572
0.64818766
0.45475019
0.64483266
0.45834694
0.97067408
0.96841098
2.1676858
0.79736322
1.3001344
0.79110061
1.2983903
1.0884268
1.1222451
1.0975035
1.1132773
1.0686078
1.0626614
1.6198188
0.80872714
1.6203846
0.81348068
1.0677269
0.80887133
1.0701001
0.67640452
0.49321657
0.66030545
0.52374317
0.96791292
0.96248024
2.1226151
2.9313481
0.80196057
1.2960525
0.79500129
1.3007102
1.4288182
1.0673386
1.0964033
1.0733601
1.0887523
1.0550445
1.0540419
1.6267462
0.81211258
1.6345755
0.81296709
1.0650172
0.81067889
1.0649377
0.8684279
0.56734653
0.78590984
0.60480484
0.96279859
0.97497077
1.9070162
0.79457577
1.2984187
0.79380754
1.2975939
1.0765674
1.0853634
1.0687133
1.090429
1.0606813
1.0706514
1.6589129
0.8394367
1.6786281
0.814263
1.0656548
0.81406202
1.06752
1.0027953
0.71930991
0.98099021
0.75244107
0.99235528
0.99789862
1.7470644
2.6197721
0.78493305
1.2946611
0.78979486
1.2915379
1.1122897
1.1078143
1.096884
1.1199042
1.0928378
1.1053671
1.7183814
0.88448533
1.7408597
2.1024931
2.9201165
1.8128551
0.81169546
0.59005317
0.77380157
0.78162521
0.56715274
0.56617849
0.78314373
0.66845628
0.47091125
0.49141681
0.68140403
0.81001724
1.0686651
1.0678898
0.81324304
0.66748
0.57794382
0.50984716
0.67188931
1.0150963
1.1721691
1.1700748
1.0644916
0.91908584
0.65715361
0.60145408
0.88927067
1.0004694
1.104643
1.1576679
0.95071578
1.1045735
1.1543572
0.84329952
0.84043265
1.6395951
0.85443467
1.6979246
2.6917322
2.8342636
0.85093138
1.679253
1.6962404
2.8162397
2.8352603
1.184763
1.5579671
1.1789706
1.5478702
1.814736
2.6614581
1.1901756
1.5585626
1.1891524
0.69244371
0.71255643
0.81568086
0.58746981
0.77720648
0.78569689
1.2993229
1.293834
0.79602971
0.69006537
0.70062422
0.78280371
0.7859921
0.8028466
1.0756489
1.0726027
0.81128737
0.64971969
0.48043054
0.45557402
0.66192854
0.80095974
1.0705793
1.0689199
0.80373453
0.64837831
0.46402732
0.45739799
0.650866
0.64780054
0.52662398
0.48312988
0.74346241
0.74955705
0.93570788
0.97575274
0.81365557
0.64794464
0.49990194
0.48652905
0.66597252
0.75122808
0.9842066
0.98415241
0.75930344
1.429317
1.0493156
1.0607392
1.4039292
0.89687248
0.94572625
1.435757
1.0653382
1.0630406
1.4454593
0.94816581
0.954054
0.98941243
0.9087725
0.90805214
0.98584978
0.99610627
1.0276069
1.0284989
0.99241128
0.98809223
0.89439369
0.90481041
0.98336007
0.95893487
0.96642374
0.81269995
0.80453085
2.6102722
2.7372192
0.81378593
1.5860984
1.6159267
2.6993245
2.7324074
2.0983008
2.9514244
1.5504784
1.5435557
1.7992525
0.7829578
0.56596242
0.56543705
0.78505404
0.78389662
0.56791739
0.56403224
0.78698335
0.67323854
0.59378051
0.67216317
0.61893265
0.81301986
1.0670955
1.0654226
0.8123503
0.67297996
0.61616784
0.62154906
0.67210906
0.92107051
1.0897673
0.93774415
1.0555848
0.85239418
0.66990593
0.67342255
0.84838329
0.91762833
1.0422203
1.0492973
0.91906212
1.0198592
1.041437
0.81004005
0.80597977
1.6728441
0.82123179
1.6543814
2.8085921
2.7870756
0.81742417
1.6326554
1.6484604
2.7602749
2.7798396
1.1842415
1.5509069
1.1759928
1.8244776
2.6899158
1.1879976
1.5583499
1.1822258
1.5576878
0.69523088
0.69976783
0.7831561
0.56794173
0.56115667
0.78959721
0.79205618
1.2958483
1.2916205
0.79212089
0.69589122
0.69777082
0.78538415
0.79000266
0.80220844
1.07049
0.80335513
1.0661908
0.65040229
0.46440623
0.65065727
0.46490795
0.80275234
1.0686057
1.0658337
0.80186462
0.65093785
0.46698992
0.46540818
0.6493627
0.66684718
0.50178926
0.66805523
0.50489325
0.73547882
0.97661589
0.75462373
0.95139205
0.66597833
0.50683962
0.50544514
0.65931305
0.72632073
0.91871534
0.94154083
0.707127
1.4493647
1.0658429
1.4472538
1.0661909
0.94191193
0.92250578
1.4427345
1.4312786
1.4500078
1.0690598
1.0669615
1.4509006
0.89930287
0.91525287
0.98159129
0.89156154
0.98222017
0.88607197
0.99364539
1.02504
1.0253071
0.99740577
0.98251535
0.88982284
0.88582348
0.98627887
0.96011235
0.95479487
0.74329576
0.73731909
2.6884378
2.6596859
0.75101063
1.5356991
1.5454209
2.6414054
2.6527045
2.0539852
1.5575894
1.5505898
1.8612893
2.6954582
0.78147073
0.57064781
0.56418691
0.78399502
0.78298288
0.56426594
0.56187159
0.78508485
0.66969951
0.61032872
0.67281268
0.59177742
0.80976543
1.0664333
1.0655254
0.81037698
0.6682906
0.5663141
0.58533298
0.6677512
0.93773654
1.0452383
0.92312026
1.0443007
0.84116508
0.61960072
0.64185597
0.8222309
0.93392056
1.0372647
1.0473691
0.91558079
1.0080658
1.0247305
0.78245635
0.77893827
1.6273768
0.79470658
1.6117908
2.7537856
2.7345475
0.79131404
1.5918264
1.6065543
2.7099846
2.7282194
1.1892834
1.555689
1.1815348
1.8873916
1.1863585
1.561928
1.1831518
1.5596743
0.69742081
0.70221805
0.78293417
0.56380505
0.78523822
0.78822059
1.2938309
1.2914941
0.79119956
0.69501369
0.69788294
0.78540017
0.56394625
0.56139504
0.78669421
0.80185018
1.0697074
0.80296064
1.0682546
0.64876613
0.46739763
0.65008179
0.46415123
0.80090161
1.0681582
1.067425
0.8022773
0.64782755
0.45755711
0.4623153
0.64925323
0.64813182
0.50605028
0.65653484
0.5006207
0.6973962
0.90993146
0.70266618
0.8880858
0.64424942
0.49298337
0.49835784
0.63263085
0.69328557
0.86712787
0.88072991
0.68146858
1.4487136
1.0707165
1.4507887
1.0761767
0.89461034
0.87781514
1.4135784
1.4032434
1.4478515
1.0869396
1.078661
1.4449463
0.85790189
0.8713421
0.9941097
0.89330399
0.98787698
0.90874456
1.0038257
1.0457766
1.0358798
1.0168742
0.99737309
0.93836368
0.91553643
1.0127786
1.002737
0.98362147
0.73640807
0.74133096
2.6406806
2.6464265
0.75243585
1.5612692
1.5442278
2.6694106
2.6505849
1.8855942
1.5667322
2.1512278
2.9621363
0.78187594
0.56593031
0.78324242
0.78326649
0.56545905
0.56738396
0.78149566
0.66533798
0.55910674
0.66753241
0.53873715
0.81025987
1.0660215
1.0667186
0.80856237
0.66505382
0.51693861
0.53294587
0.66193979
0.89438142
1.0359631
0.91041283
1.0152528
0.78374091
0.55843711
0.57789589
0.74074553
0.88415976
1.0017721
1.0118881
0.8403165
0.99504255
0.99758319
0.75317911
0.7493625
1.5864897
0.76580032
1.5709051
2.7036112
2.6847617
0.76210316
1.5545304
1.5659765
2.6642973
2.6786559
1.1807705
1.546891
1.1925588
2.1651928
2.9698676
1.1932855
1.5694045
1.1863781
1.5503612
0.69803238
0.70022162
0.78418093
0.78468178
0.7980276
1.2969037
1.2977773
0.7929676
0.7024309
0.69730654
0.78429721
0.56714584
0.56915032
0.78273439
0.80409328
1.0686784
0.80332302
1.0685736
0.65151989
0.45590592
0.65026733
0.4491514
0.80536069
1.0686191
1.0692992
0.80491985
0.65274965
0.44037457
0.44747869
0.65240835
0.62238743
0.49106481
0.62940854
0.48570582
0.66803053
0.86267626
0.67660782
0.85298771
0.61971202
0.47746497
0.48399291
0.61569374
0.66367811
0.85864872
0.85027865
0.66215142
1.4436114
1.0902786
1.4442849
1.1006781
0.85438295
0.84468872
1.3989471
1.4034432
1.4439557
1.1174579
1.1044223
1.4480858
0.8478011
0.84234382
1.0381964
0.94655946
1.0189978
0.96999288
1.0462218
1.0833764
1.0682493
1.0647456
1.0445275
0.99619693
0.97715401
1.0632613
1.0559556
1.0380809
0.78558427
0.79081171
2.6766885
2.6981906
0.79649991
1.6060051
1.5914696
2.722483
2.704912
2.1115756
2.1388404
2.9593077
0.78111735
0.56704234
0.78119549
0.77973769
0.56527532
0.5666658
0.78004104
0.65970377
0.51078019
0.66151912
0.4899921
0.80842486
1.0679524
1.0677675
0.80712957
0.65862198
0.45888167
0.48242659
0.65634684
0.78304597
1.0001102
0.82566343
0.9914024
0.66479568
0.487553
0.51304183
0.63233532
0.76888781
0.98236417
0.98855204
0.73315984
0.98439343
0.99028135
0.73343181
0.73251104
1.5510942
0.74571397
1.543439
2.6601822
2.6506004
0.74474282
1.5402675
1.54174
2.646143
2.6485337
1.1812234
1.5440973
1.1873454
2.1571505
2.9680766
1.1822556
1.1818284
1.5444062
0.69928677
0.70064783
0.7822787
0.56715373
0.78243336
0.79651294
1.294498
1.295252
0.79483731
0.70112453
0.70033567
0.78024857
0.567648
0.78100785
0.80627029
1.0694105
0.80563497
1.0697626
0.65333497
0.43809895
0.65289234
0.43074843
0.80676955
1.0711661
1.0704915
0.80690589
0.65367374
0.42523752
0.42888492
0.65374459
0.61180804
0.4747141
0.61489063
0.46478486
0.67283629
0.86457072
0.66392497
0.89148658
0.6094123
0.45222861
0.46132341
0.60465062
0.67473581
0.92934173
0.89995938
0.68307787
1.4579717
1.1222791
1.4501684
1.1375298
0.85278241
0.87397972
1.421194
1.4340399
1.4608499
1.1548007
1.1423369
1.4690842
0.9117977
0.88143843
1.0844371
1.001693
1.0691064
1.0149389
1.091313
1.1224794
1.1104868
1.10153
1.0884506
1.0233887
1.0181424
1.0973699
1.0787365
1.074911
0.80991998
0.81018719
2.7269922
2.7362288
0.81537968
1.6197456
1.6174567
2.7414543
2.7378713
2.0752771
2.8090472
2.0917482
2.9309339
0.78000173
0.56481113
0.78214319
0.78114243
0.57190508
0.572068
0.77905316
0.65383426
0.45197268
0.65550745
0.437778
0.8077879
1.0668648
1.068155
0.80731679
0.65613713
0.43153703
0.4360215
0.65571745
0.73187835
0.9814625
0.72736566
0.98269982
0.6277317
0.45516875
0.45754094
0.64100718
0.73617286
0.98661517
0.98315876
0.75024164
0.97224527
0.97847568
0.73450457
0.73493448
1.5398486
0.74603973
1.5401576
2.6455509
2.6461206
0.74661477
1.5447428
1.5406799
2.6523372
2.6471489
1.1858896
1.5528481
1.1940003
2.1163101
2.9402295
1.1964018
1.1913641
1.5570533
0.69669863
0.69999711
0.78030077
0.78256273
0.79690064
1.3004951
1.2993864
0.7954279
0.70215921
0.69912893
0.78121373
0.7794983
0.80653884
1.0711701
0.80760714
1.0700127
0.65441449
0.42437856
0.65453
0.42415102
0.80936632
1.0705866
1.0716553
0.81196688
0.65695195
0.43121108
0.42592496
0.66128067
0.61221703
0.45003568
0.60438468
0.45171159
0.69482936
0.93475716
0.68555892
0.94372516
0.61729794
0.46569077
0.45513098
0.63578896
0.69788228
0.92982514
0.9409404
0.70893991
1.4742366
1.1574319
1.4711077
1.161654
0.92011606
0.93065127
1.4415425
1.4740298
1.1581946
1.1616071
1.4684748
0.91623592
0.92791245
1.1000207
1.0240416
1.0990587
1.0224299
1.1048534
1.1248477
1.1286699
1.1000612
1.099134
1.0144478
1.0210678
1.0935876
1.0707122
1.0761845
0.80582327
0.80487122
2.7423047
2.7429962
0.81199168
1.6194837
1.6192675
2.743485
2.742666
2.1514427
2.9652167
1.8903988
1.5511806
1.5694805
0.78404113
0.56854096
0.57264143
0.77858555
0.77883688
0.57019575
0.7807149
0.65702278
0.43026996
0.65460275
0.43327372
0.80759565
1.0684089
1.0675029
0.8094199
0.65670417
0.45479884
0.43573665
0.65943824
0.75802292
0.9871058
0.75387033
0.98774804
0.64955087
0.48363279
0.46076099
0.65733785
0.75712778
0.9860812
0.98669847
0.75545334
0.96814389
0.9679152
0.74257763
0.7441604
1.5459453
0.7551188
1.5513691
2.6539795
2.6616435
0.75690953
1.5632438
1.5536601
2.6752749
2.6644954
1.2020001
1.1884812
1.551429
1.8887531
2.6816795
1.1925526
1.1952049
0.70170307
0.69460446
0.78398402
0.57014404
0.77836591
0.79236327
1.2993642
1.2975085
0.79784717
0.69700211
0.70227439
0.77713373
0.57677368
0.78056719
0.81483636
1.069155
0.81048396
1.0720972
0.66570033
0.4331137
0.66054912
0.4463549
0.81479188
1.0730599
1.0712176
0.81946292
0.66684399
0.48229925
0.45208872
0.67386399
0.66689291
0.46936408
0.6431691
0.48481225
0.72596457
0.9225063
0.71270312
0.90273949
0.67545809
0.5269882
0.49163347
0.7036157
0.73258962
0.9001315
0.8973461
0.76098993
1.4563607
1.1556068
1.4656578
1.1462742
0.91039059
0.89325555
1.4531555
1.1327538
1.1427731
1.44523
0.88761319
0.88815031
1.0817145
1.012167
1.0909921
1.0045862
1.0853046
1.0997643
1.1099726
1.0761374
1.0786351
0.99559166
1.0022594
1.0699386
1.0561751
1.0610575
0.79991189
0.79931437
2.7441702
2.7454571
0.80845413
1.6247342
1.6208059
2.7525269
2.7463902
2.0467984
2.884276
1.5524195
1.953887
1.5477971
0.78090152
0.56956763
0.57456359
0.77753537
0.78675541
0.57549051
0.77680417
0.6651873
0.46256913
0.65952548
0.49367423
0.81464463
1.0648197
1.0704874
0.80934397
0.66699596
0.53964792
0.50509254
0.66582225
0.76548465
0.98378797
0.75545743
0.97385291
0.68973364
0.55897396
0.53309714
0.75830514
0.77758422
0.97029631
0.96969902
0.83443691
0.95983899
0.95956772
0.76394055
0.76713419
1.5664881
0.77667882
1.5776851
2.6792215
2.6924597
0.77989622
1.5951272
1.5816632
2.7117414
2.6970116
1.1877538
1.5558844
1.1898207
1.550518
2.010616
2.8597075
1.201555
1.1915766
0.70536835
0.69922529
0.77802134
0.57539023
0.77527678
0.80274128
1.2995155
1.3016386
0.79181898
0.70615487
0.69539327
0.78375349
0.57136829
0.77484745
0.82442595
1.0728698
0.82012531
1.0747603
0.68354254
0.49494655
0.67589915
0.53882091
0.82689099
1.0696576
1.0749997
0.82520788
0.68758098
0.58526178
0.552354
0.69306144
0.76175516
0.54110074
0.71441238
0.57978062
0.82814773
0.90651406
0.77504762
0.9388533
0.784402
0.62593568
0.59060744
0.86427004
0.84978975
0.99435737
0.95233385
0.92115252
1.4408957
1.1295213
1.4433426
1.1218963
0.89151573
0.91515343
1.4379874
1.4475815
1.4405878
1.1178177
1.120159
1.440012
0.95983325
0.92583277
1.0622164
0.99414924
1.0674938
0.99179459
1.0665056
1.0849944
1.0871702
1.0672883
1.0616488
0.99545427
0.99203763
1.0634542
1.0584847
1.0546833
0.80105356
0.8025983
2.7551682
2.7654815
0.81397194
1.6529699
1.6381325
2.7885151
2.7700642
1.9010193
2.6799469
1.5650083
1.8382217
0.78638536
0.56433635
0.56545467
0.78707215
0.78672698
0.56373784
0.56429281
0.78782472
0.67321914
0.54771436
0.66789168
0.56847517
0.81278886
1.0657002
1.0647694
0.81456733
0.67382743
0.60083098
0.57503612
0.67736402
0.92115696
0.97477418
0.85637844
0.99644407
0.89460531
0.69524788
0.62317925
0.96467279
0.94328105
1.0220222
1.004715
0.99802863
0.98972179
0.97940158
0.7884787
0.7905718
1.5991157
0.80149008
1.6106334
2.716439
2.7299816
0.80388921
1.6260674
1.6142499
2.749391
2.7344014
1.1958967
1.5695054
1.1935771
1.8498011
2.647159
1.1876761
1.5624681
1.196348
0.69892425
0.69799382
0.78318507
0.57226155
0.57309993
0.78363946
0.79290718
1.2944788
1.2976351
0.79224181
0.69713691
0.69683556
0.78442491
0.78467292
0.83201696
1.0698689
0.82691311
1.069893
0.70692331
0.59373571
0.6961628
0.634927
0.83186955
1.0699684
1.0695515
0.83464312
0.70882034
0.72796987
0.65391209
0.71686089
0.97528325
0.64269769
0.8932112
0.72113094
1.0120545
1.0075457
0.94564754
1.0406621
0.99985297
0.85777534
0.7535086
1.059518
1.0311254
1.0687551
1.0492071
1.0762731
1.442724
1.1180252
1.4401598
1.1221071
0.9705838
0.99700805
1.4441867
1.1345571
1.1245588
1.4501415
1.0202935
1.0040462
1.073857
0.99786497
1.0652899
1.0074001
1.0802773
1.1038167
1.093242
1.0926474
1.0776796
1.0230993
1.0112586
1.090163
1.0883712
1.0750041
0.8272858
0.83246297
2.7956096
2.8195709
0.84462338
1.7100553
1.6859175
2.8560352
2.8282514
1.7215875
2.6142062
1.5695044
1.5656319
2.0146686
0.78732594
0.56210754
0.56205352
0.78478884
0.81298384
0.58568436
0.56695225
0.77667079
0.67815777
0.60763621
0.67731551
0.61918368
0.81520419
1.0753978
1.0711031
0.82760812
0.67874204
0.71122666
0.6187961
0.69660631
1.0227233
1.0259518
1.0098747
1.0314805
0.99789114
0.80484555
0.74857769
0.94136248
1.0187482
1.0293185
1.0317259
0.96361016
1.0094589
0.99944642
0.80553504
0.80687541
1.6297505
0.82153837
1.6408161
2.7545564
2.7682934
0.82395239
1.583191
1.641247
2.6269084
2.7663808
1.1908069
1.5706199
1.185722
2.0228816
2.7738402
1.1841245
1.5580524
1.1841123
1.5599868
0.69089154
0.69453994
0.78521724
0.56828042
0.56836481
0.78308691
0.78593044
1.2971613
1.2927981
0.81453644
0.69169364
0.71506259
0.81100066
0.77525285
0.83573548
1.0697151
0.83405214
1.0712934
0.72337538
0.75108198
0.71822707
0.80388429
0.83719419
1.0798603
1.0747603
0.85613577
0.72539277
0.89146412
0.80962561
0.75045337
1.0968086
0.88579928
1.0736518
0.94536863
1.1006496
1.0742801
1.086617
1.0842284
1.0995754
0.98676828
0.95116661
1.087899
1.1017443
1.0733221
1.0842812
1.0900841
1.4621488
1.1382983
1.4526054
1.1499874
1.0259122
1.0398059
1.4945295
1.5228317
1.4650951
1.1603941
1.1533838
1.4794223
1.0421656
1.0425852
1.1090061
1.0271924
1.0944447
1.0382234
1.1189619
1.1292799
1.1232609
1.1320178
1.1151664
1.038453
1.0411682
1.1262557
1.1100808
1.1086867
0.87293943
0.8770715
2.8653705
2.8898641
0.88912174
1.687758
1.7438419
2.7476436
2.8902636
2.8319384
2.940042
2.1160672
2.6685996
0.87635928
0.90111146
0.89721888
0.87875322
0.84077459
0.8347403
2.7488727
2.7001862
1.9919629
2.864261
0.8225949
0.84679425
0.82876545
0.84026575
0.78887673
0.77057783
2.9574243
2.8744573
2.1857108
2.909463
0.8095221
0.82480403
0.8071353
0.82779002
0.76081657
0.74274429
2.864632
2.9722869
2.1749024
2.8799252
0.85315685
0.87050065
0.8470635
0.87749072
0.786606
0.78060102
2.897357
2.7825348
2.1236106
2.845604
0.88519623
0.91124694
0.88330041
0.91343862
0.81490683
0.81253495
2.7164587
2.6651019
1.9442893
2.8860889
0.88553859
0.91419236
0.88633823
0.91331252
0.81817136
0.81391341
2.690787
2.6653991
1.9055659
2.6511086
0.8799142
0.9067034
0.88045744
0.90612772
0.81495533
0.80946313
2.6327773
2.6482795
1.7593125
2.7610112
0.87858045
0.90372692
0.87827854
0.90409649
0.81454864
0.80961863
2.890831
2.9875232
2.1758509
2.6582145
0.89254995
0.91521779
0.88951019
0.9185105
0.83008142
0.83004343
2.9650684
2.8460794
2.1691177
2.6581909
0.92748416
0.94974968
0.92257215
0.95485764
0.86845111
0.87338827
2.926979
2.8224529
2.0997712
2.6649668
2.9209099
2.8266472
2.1239872
2.8127187
0.94803329
0.97293013
0.9697278
0.95528112
0.93405726
0.94859396
0.95345651
0.92903986
0.90035094
0.92709172
0.9267401
0.89975709
1.1822546
0.84617919
0.88409667
0.90561814
0.91016098
0.87992851
0.83234733
1.1689753
0.86637745
0.85911721
0.84256827
0.84527698
2.928779
2.8319099
2.1381391
2.7929243
0.91651045
0.94504032
0.93802049
0.92788623
0.87908405
0.89288772
0.90096362
0.87036132
1.1507085
0.82516705
0.84251264
0.85391677
0.83544911
0.86139909
0.78626988
1.1195935
0.7962801
0.79539036
2.6990838
2.6665829
1.9454521
2.8075759
2.6323565
2.6390171
1.7548702
2.7878937
0.91835418
0.94360469
0.92380812
0.93851954
0.89209865
0.90938734
0.91396167
0.88714156
0.87143075
0.9009817
0.87569468
0.89629461
1.167608
0.81866324
0.85176502
0.86973378
0.87383377
0.84825065
0.79892006
1.1402381
0.84144083
0.82936497
0.81057295
0.81813464
2.6383881
2.6429067
1.767683
2.7855975
0.85456458
0.88518519
0.87818987
0.86208596
0.83425992
0.8596433
0.85931245
0.83486969
1.11384
0.7584819
0.80578995
0.82319139
0.80590759
0.82291438
0.72996616
1.0915639
0.74381294
0.76080038
2.947893
2.8697529
2.1673753
2.9075003
2.7538166
2.8832634
2.0639959
2.6603791
0.87772454
0.90490789
0.88233378
0.90056379
0.85597625
0.8756334
0.87979343
0.85156768
0.84126078
0.86566287
0.84473711
0.86164686
1.1391292
0.78905466
0.82422891
0.83850785
0.84233478
0.82076955
0.77229324
1.1156452
0.81519809
0.80105833
0.78450537
0.79509164
2.8928989
2.7591015
2.0825444
2.6649557
0.84075268
0.86150668
0.86475559
0.83708835
0.87563458
0.9035078
0.89583741
0.88418116
1.0918137
0.72972178
0.83452315
0.86342944
0.84083614
0.85636692
0.75364581
1.1138843
0.76300507
0.78179519
2.9634798
2.8603493
2.1535465
2.8749497
2.6580149
2.6675
1.8697898
2.6703578
0.84308274
0.871369
0.84719791
0.86721919
0.82481337
0.84614078
0.84900954
0.82185229
0.81345834
0.83445705
0.81712172
0.83038495
1.1124684
0.76090988
0.79706987
0.80989358
0.81261813
0.79451572
0.74329552
1.0942646
0.79179776
0.77331747
0.75576533
0.77218372
2.6713792
2.6587098
1.8828642
2.6710412
0.900634
0.91120676
0.91868979
0.89258223
0.93158156
0.95147414
0.94780816
0.93546277
1.1184443
0.7735276
0.87759184
0.90846564
0.8808021
0.90497151
0.79977784
1.1446808
0.80481444
0.81268773
2.8839547
2.774197
2.1027199
2.8404779
2.6662261
2.6612116
1.8598637
2.8599734
0.81744158
0.84354539
0.81931165
0.84145393
0.81439099
0.83761036
0.83744742
0.81461126
0.79007789
0.80732288
0.7921277
0.80511622
1.0923167
0.73618874
0.78554451
0.80073431
0.80058625
0.7855882
0.73259741
1.0872465
0.770094
0.74855346
0.74421154
0.76481962
2.6716399
2.6655672
1.8837811
2.8679685
0.94061668
0.9544227
0.95663753
0.93846781
0.94172231
0.9575611
0.95847052
0.94069408
1.1468885
0.807773
0.88754953
0.91509366
0.8870705
0.91583303
0.8099116
1.1524022
0.8154564
0.81841619
2.6610798
2.7025264
1.9343958
2.8810879
2.8544904
2.7818027
2.0067482
2.7598145
0.81602101
0.83788235
0.81507111
0.83845455
0.82110901
0.84409566
0.8429577
0.82209042
0.78592152
0.80088296
0.78567098
0.80118802
1.0871273
0.73350819
0.78947282
0.80638238
0.80516462
0.79057952
0.73697398
1.090262
0.76462242
0.74488566
0.74851548
0.76682481
2.7934444
2.8698102
2.0268571
2.7593522
0.93779721
0.95653833
0.95534258
0.93939074
0.93011436
0.94796851
0.94903471
0.92895946
1.1522251
0.80768008
0.88170242
0.9074882
0.88109067
0.90839139
0.8033268
1.1496453
0.81092452
0.81515486
2.6599677
2.6796786
1.8907672
2.6464852
2.9526997
2.8468553
2.1439944
2.8614386
0.82481166
0.84524786
0.82320941
0.84669754
0.83584762
0.86096947
0.85784727
0.83882968
0.79292045
0.80752428
0.79165987
0.80883599
1.0908725
0.73986902
0.80313526
0.8230782
0.81989464
0.80600032
0.7490818
1.1012851
0.76725445
0.75193724
0.76168684
0.77821109
2.8166028
2.9279133
2.1422658
2.7944828
0.92671731
0.94709796
0.94628182
0.9278484
0.92291366
0.94310579
0.94333219
0.92265876
1.1492915
0.80118606
0.87824348
0.90370718
0.8782156
0.90390304
0.79868754
1.1483503
0.80835111
0.81402961
2.6439202
2.651616
1.7694635
2.6611638
2.8120364
2.7084307
2.076802
2.6478635
0.84609133
0.86426402
0.84213205
0.86796905
0.86721759
0.89259242
0.88854128
0.87119791
0.81212148
0.8263165
0.80894331
0.82979818
1.1033255
0.75752547
0.82977272
0.85357463
0.84959733
0.83324376
0.77436226
1.1214311
0.78058823
0.77019303
0.78677073
0.80232994
2.8123576
2.7035787
2.0892352
2.6495524
0.9224601
0.94315859
0.94340002
0.92252005
0.9277305
0.95175486
0.94936166
0.9301826
1.1486671
0.79913885
0.88462467
0.91247554
0.88690736
0.91020188
0.80728304
1.1581197
0.81907811
0.82663422
2.9768403
2.8850199
2.1644345
2.6576604
2.9674516
2.865467
2.1508963
2.6602858
0.87901064
0.89633915
0.87499003
0.90006755
0.89391811
0.91733978
0.91496915
0.89603814
0.83936088
0.85712738
0.83638316
0.86047727
1.1258009
0.78349259
0.85162911
0.87644025
0.87417884
0.85373081
0.79519383
1.1379295
0.80508219
0.79603739
0.80885548
0.82069587
2.9769349
2.8700677
2.1701065
2.6633842
0.93621321
0.95468835
0.95802229
0.9330316
0.95871784
0.98542297
0.98022106
0.96415309
1.160732
0.81795021
0.91295063
0.94473118
0.91773515
0.93983251
0.84384782
1.1866005
0.85581808
0.8629047
2.9575948
2.8421739
2.1484611
2.6543176
2.9421677
2.8385216
2.1245085
2.6549293
0.90035581
0.91951688
0.89804314
0.92184665
0.9091122
0.93804011
0.93343978
0.91837118
0.85772337
0.87842351
0.85567921
0.88044498
1.1394693
0.8013466
0.86940438
0.89331202
0.8920123
0.86952148
0.80875804
1.1451865
0.82220312
0.81619433
0.82797843
0.83484471
2.9540419
2.8469783
2.1378765
2.654325
0.97485938
0.99075713
0.99604732
0.96955906
0.99233122
1.0194694
1.0156856
1.0000908
1.1908983
0.86186165
0.94695599
0.97542634
0.97463326
0.94655322
0.8822279
1.2087351
0.89555739
0.89889659
1.0547731
0.81346989
1.0699143
1.2497663
1.2492314
1.0705457
0.81239486
1.0581268
0.79921203
0.93589116
0.50452756
0.67170432
0.67219829
0.53268916
0.95621581
0.85358352
1.1044168
1.1783567
1.2759107
1.2494412
1.1758426
1.1567142
2.2406251
2.2548147
2.767307
2.7067277
1.9122358
2.8239515
2.1604047
1.0230845
0.79196257
1.0258445
1.2861495
1.2642034
1.2540981
1.2590092
1.2947278
1.2610091
0.7922573
1.035977
1.0211946
1.0073954
0.99738604
1.0073981
1.0231979
1.0062413
1.0117744
1.0147568
1.026055
1.0141892
0.99623153
1.0004851
1.0056794
0.97343248
0.84725107
0.83678188
0.83681017
0.97142642
0.84067277
1.2968654
0.96888901
0.8608992
0.85732548
0.97303443
0.83171373
0.92610763
0.9251865
0.8325496
0.87101295
0.88461194
0.89125664
0.86458613
0.95533302
1.6085119
0.82870211
0.82419295
1.6220144
0.95183996
0.81213775
1.0542867
1.247549
1.0654601
0.81162449
1.054646
1.2465672
1.0653662
0.86594878
0.77192787
0.72394999
0.66747212
0.87207057
0.80174713
0.70980083
0.6708682
0.98687869
1.1791889
1.075371
1.0252568
1.1380943
1.062146
2.2302645
2.1768308
2.6405141
2.6419839
1.7631971
2.8173312
2.2851375
0.7893844
1.0238789
1.0229987
1.26262
1.2957241
1.2600189
0.79038997
1.0283554
1.0247201
1.25739
1.293466
1.257894
0.9912441
1.0022335
1.0020509
1.0110172
1.0265677
1.010146
0.99118401
1.0026867
1.0022041
1.0080821
1.0261701
1.0093059
1.2749917
1.279319
0.82526069
0.95548184
1.2767845
0.82406509
0.82374857
0.95466078
0.82358124
0.93948925
1.2204268
0.81944288
0.94181681
0.81610244
0.77891334
0.88431255
0.78459175
0.87973909
0.81715698
0.82984808
0.83457285
0.81266288
0.90219282
1.5676811
0.76307044
0.77141202
1.5591985
0.87847626
0.81201836
1.0525879
1.247341
1.0673527
0.8131558
1.0547607
1.2453484
1.0665852
0.85276961
0.74593303
0.70609235
0.66014164
0.85265728
0.76159281
0.69294741
0.65547805
0.93719461
1.0907961
1.0188797
0.94503
1.0881016
1.0193788
2.1798965
2.6604092
2.6625373
1.8126449
2.75405
2.3397288
0.79258709
1.0242659
1.0259007
1.2645003
1.2966994
1.2624608
0.79552784
1.0302879
1.0285279
1.2585991
1.296354
1.2604964
1.4237932
1.0008165
1.0101576
1.0089667
1.0087656
1.0279461
1.0104779
0.9999153
1.006592
1.0078985
1.0148337
1.0304389
1.0126496
1.2938417
0.83468103
0.96747668
1.2882347
0.83878761
0.84882423
0.97237104
0.84360736
0.94636838
1.2281375
1.2235596
0.81980042
0.9432161
0.82415955
0.76558026
0.86673163
0.76375697
0.86799307
0.81303403
0.83693646
0.83191834
0.81746118
0.8637033
1.5359731
0.74492122
0.76554064
1.5376605
0.86907707
0.80933421
1.0523024
1.2457096
1.0661513
0.81015206
1.0531258
1.2449017
1.0653059
0.80669178
0.69606228
0.66358229
0.60117434
0.81293623
0.72477997
0.63525025
0.59315037
0.89902272
1.0696486
1.0027245
0.91228433
1.0688755
0.999666
2.6594041
2.6623626
1.8505935
2.6532998
2.2881276
0.7911856
1.0259331
1.0245559
1.2605055
1.2954663
1.2611881
0.79421384
1.0268248
1.0271548
1.2604183
1.2968597
1.2596466
1.3986099
1.3996725
1.0342346
1.0454484
1.0399068
1.0343175
1.0541177
1.0393296
1.0283776
1.0290123
1.0344171
1.0498207
1.0588836
1.0446868
0.87759002
1.0163611
1.3444381
0.88324472
0.89551583
1.0238643
0.8893493
0.98296378
1.2739126
1.2686648
0.86956505
0.97819322
0.87634318
0.80353979
0.88993336
0.79783532
0.89397682
0.8590151
0.89022209
0.88413491
0.8644471
0.89602661
1.5742594
0.78626727
0.79946346
1.5802918
0.91228217
0.80779658
1.0530047
1.2453753
1.0655148
0.80805452
1.052565
1.2458036
1.0651294
0.69581645
0.60443596
0.5939809
0.54120656
0.71077648
0.64453569
0.56120539
0.53247155
0.88193449
1.0782238
0.99376886
0.88822785
1.0803253
0.99252401
2.2061617
2.6309846
2.6134271
1.7338234
2.7854739
2.2619604
0.79156793
1.0271464
1.0240588
1.2616034
1.2970677
1.2616239
0.7951748
1.0284259
1.0276657
1.2609851
1.2944813
1.258312
1.4092723
1.0819382
1.0921129
1.0867814
1.0777802
1.0943352
1.0836234
1.0764803
1.0751387
1.0810358
1.0950092
1.100051
1.0895281
1.3867738
0.92170693
1.0652173
1.3907209
0.9255111
0.93168032
1.0690989
0.92887677
1.0064813
1.2973226
1.2962219
0.9061047
1.005148
0.90763184
0.83407845
0.91424018
0.83227004
0.91572262
0.88658384
0.91583703
0.91499218
0.88742806
0.93194581
1.6127338
0.81396256
0.81799422
1.6148633
0.93563432
0.80394644
1.0508864
1.2457905
1.0649637
0.80463032
1.0522805
1.244604
1.0648736
0.62355255
0.54845802
0.51697445
0.47016916
0.62398551
0.56079202
0.49839987
0.46498974
0.86130698
1.0713248
0.98200317
0.87148559
1.0622062
0.98011162
2.1675082
2.1554436
2.6255675
2.6511989
1.7401003
2.6991713
2.2893865
0.78932029
1.0247575
1.0231787
1.2606851
1.2950124
1.2585288
0.79060188
1.0267626
1.0236905
1.2600318
1.2974722
1.2589142
1.4407612
1.1056073
1.113336
1.11311
1.1139938
1.1268115
1.1157472
1.1049898
1.1104259
1.1121073
1.1174955
1.1281334
1.1170132
1.4018163
1.4026972
0.93778249
1.0787799
1.4025105
0.93760486
0.93587449
1.0782734
0.93704193
1.0060708
0.90504267
1.0067925
1.2963203
0.90382493
0.83465195
0.91747821
0.83540978
0.91721131
0.88478714
0.91120677
0.91235212
0.8839739
0.93574057
1.6202476
0.81328133
0.81652715
1.6200235
0.93333564
0.80849981
1.0538005
1.2443447
1.0678611
0.80718408
1.0513006
1.2467636
1.0687105
0.64759403
0.56086049
0.49800432
0.45459558
0.64655166
0.5580024
0.50042135
0.45570455
0.8299389
1.0432301
0.96951473
0.83770859
1.0375229
0.96835554
2.2792932
2.1825904
2.9777158
2.8809166
2.1689308
2.8683983
0.7985253
1.030064
1.0315359
1.2613141
1.2996503
1.2623791
0.79360446
1.0254046
1.0273511
1.2637517
1.3006137
1.2654143
1.0918263
1.0975415
1.100797
1.1107124
1.1194728
1.1080404
1.0949615
1.1062777
1.1037095
1.1021227
1.1165041
1.1052772
1.3898481
0.92627906
1.06671
1.3915771
0.92425061
0.92012517
1.0648122
0.92227424
1.0003169
0.89528789
1.0008652
1.2897483
1.2890727
0.8945412
0.82969493
0.91485794
0.83021953
0.91467951
0.87950545
0.9049626
0.90559145
0.87909552
0.93104076
1.6200605
0.8090788
0.81388026
1.6201742
0.92936369
0.81018098
1.0569653
1.2463715
1.0661072
0.8083662
1.0534759
1.2490193
1.0671298
0.6678257
0.60203666
0.53336079
0.50205056
0.66305343
0.58582453
0.55399819
0.51208704
0.83212966
1.036023
0.96615638
0.82852402
1.0386086
0.96385744
2.1846646
2.1923135
2.6967964
2.6590541
1.9508564
2.844179
0.79667054
1.0336834
1.0294934
1.2612226
1.2987977
1.2612309
0.79313048
1.0274509
1.0263038
1.2665665
1.3005633
1.263832
1.0691017
1.0752133
1.0771275
1.0856101
1.0935347
1.08295
1.0712474
1.0817023
1.0793085
1.0786991
1.0910308
1.0807602
0.91286125
1.0544406
0.91245832
1.3823044
0.91256598
1.0541737
0.91241499
0.99928058
0.89214192
0.99896694
1.2872185
0.89263062
0.82875548
0.91447624
0.82844315
0.91498852
0.87921269
0.90547356
0.90471254
0.88008132
0.93033012
1.6290155
0.81068631
0.8172566
1.6315616
0.93397571
0.81450852
1.0528158
1.244271
1.0680261
0.81347247
1.0521382
1.2445277
1.0683622
0.84088028
0.78206
0.60528532
0.5764189
0.81312145
0.68941863
0.67825916
0.58829309
0.84224479
1.0514139
0.96575879
0.8370654
1.0642385
0.96980245
2.160416
2.2957719
2.9800379
2.8820056
2.1760847
2.6596758
2.1510486
0.79858863
1.0270292
1.0303638
1.2615902
1.2988809
1.2639564
0.79796858
1.0268009
1.0301536
1.2614424
1.2973235
1.2636256
1.0735724
1.0820434
1.0792495
1.0765746
1.0865355
1.0781527
1.0710382
1.0748812
1.0768578
1.0828621
1.0882631
1.0803522
1.3885668
0.92055421
1.0635542
0.92390235
1.3912635
0.93219364
1.0669567
0.9278632
1.0113604
0.90392918
1.008704
0.90703971
0.84315639
0.92612863
0.84012894
0.92916987
0.89605076
0.92607709
0.92218131
0.89985379
0.95148548
1.6651618
0.83456755
0.8422524
1.6716997
0.9671588
0.81545254
1.0527849
1.2450224
1.068484
0.81522044
1.0527549
1.2459042
1.0693339
1.0003795
0.95881011
0.83850082
0.73499727
0.99275167
0.92667789
0.87651122
0.74492217
0.87902481
1.0790788
0.99429711
0.85908568
1.0841571
0.99610248
2.1768327
2.2602096
2.9291024
2.810236
2.1506776
2.6415223
2.1775606
0.7886595
1.0192976
1.0224651
1.2585398
1.2924816
1.2591827
0.79102291
1.0231205
1.0243532
1.25583
1.2913588
1.2578616
1.1063247
1.1158141
1.1105636
1.1011381
1.1118861
1.1052852
1.101426
1.1015329
1.1058922
1.1131016
1.1159393
1.1093063
1.4249067
1.4171897
0.95799652
1.09736
1.421253
0.96324202
0.97271641
1.101667
0.96821053
1.0416169
1.3377573
0.93419096
1.0374351
0.93837033
0.87812858
0.95905551
0.8732436
0.96415794
0.93239986
0.96450134
0.95984733
0.93708488
1.0020857
1.726571
0.8791139
0.88434578
1.7343273
1.0244447
2.250295
2.7243322
2.7826425
1.9002034
2.816033
2.160439
1.8483264
1.5434205
1.5583268
1.8279384
2.683867
2.6647995
1.8819623
2.6560282
2.2500994
2.2361539
1.8617565
1.5454172
1.5649315
1.829389
0.75161828
0.78379211
0.56679699
0.7829905
0.5649982
0.78337361
0.56966057
0.66962715
0.46568029
0.49673532
0.49303138
0.47584308
0.67165203
0.58076954
1.0523707
0.8098907
1.0675867
1.2479024
1.2463373
1.0676462
0.81130696
1.0549733
0.5703678
0.66789599
0.55712817
0.52096209
0.49683845
0.53239103
0.6698242
0.57618949
1.0751017
1.0267767
1.1730051
1.1170796
1.1141021
1.1747574
1.0425014
1.0979176
0.80907212
0.91083877
0.64606178
0.72731207
0.69960305
0.62736015
0.89932009
0.80819619
1.0612554
0.9839839
1.1209637
1.0450013
1.1013944
1.1396412
0.96599417
1.0049889
1.0887775
1.1209084
1.1940065
1.2374304
1.1382295
1.0411899
1.3966608
1.402536
1.3935975
1.0304429
0.99442141
0.99361244
1.0313642
1.3865787
1.3761709
1.3816249
1.0220374
0.98056782
0.98514422
1.0172237
1.0067259
1.2979734
1.2999282
0.90450743
0.90226692
1.0109102
1.2350389
1.3055967
1.2953509
1.2411933
0.94729435
0.9653928
0.94545048
0.96781009
0.99563266
1.2953612
0.88563018
0.89030876
0.99145798
0.93864354
0.96207051
0.94270662
0.95799951
1.2282692
1.2826854
1.2872357
1.2238955
0.85657176
0.94928026
0.95028426
0.85472204
0.89847814
0.92195209
0.92468771
0.89568443
1.2834183
0.83558091
0.82356087
0.8451775
1.1829259
1.2779964
0.88818573
0.91843862
0.91447311
0.89210329
0.83825994
0.92812173
0.93206258
0.83386878
0.83659873
1.1813238
1.2638449
0.8093585
0.81271274
1.2755434
0.98608857
1.6738055
0.8569391
0.85946654
1.692093
0.99599197
2.7775653
2.8198082
0.84686938
0.85598182
0.97506335
1.6855295
0.99058587
1.6913932
2.8237664
2.8305458
1.8530602
1.5453777
1.1740578
1.5604037
1.1851582
1.8319786
2.1756948
2.695037
2.6692119
1.9240048
2.6569197
2.2531444
2.21992
1.8650317
1.5525142
1.1847881
1.5682013
1.1905007
1.83702
1.2808355
0.69655411
1.2834075
0.57030042
0.57137648
0.69502883
1.2904834
1.2849959
0.59242159
0.75633152
0.78856257
1.0211476
0.78627055
1.0220581
1.2958754
1.2646608
1.2619611
1.257738
1.2949936
1.2586971
0.79231543
1.0300568
1.0270021
1.2797629
0.69087729
1.2798541
0.56868605
0.56736642
0.56472857
0.69725193
1.2829572
1.2819435
0.78517909
0.5647086
0.78631804
1.0519383
0.80341389
1.0696276
1.2494534
1.2494666
1.0702132
0.80213155
1.0545343
0.54681926
0.65065874
0.46358059
0.47839886
0.46637432
0.45599377
0.65253029
0.55908477
1.0499167
0.80031761
1.0689284
1.2490226
1.2469951
1.0685583
0.80162134
1.0527124
0.54610555
0.64789668
0.46246281
0.46722364
0.46581562
0.45997097
0.64916579
0.54824682
0.57373581
0.66236017
0.49729979
0.59597179
0.52382078
0.48372818
0.69777377
0.66967429
0.85903106
0.75609124
0.94782569
0.90603376
0.92231615
0.96197297
0.78068094
0.88009642
0.5745368
0.65495229
0.49617034
0.54755915
0.52653085
0.49122658
0.66150125
0.5976141
0.86430621
0.75500145
0.98848432
0.93256423
0.93060251
0.98822252
0.7581228
0.86455306
1.0611127
1.4215863
1.0540148
1.0540772
1.0646825
1.0683755
1.0782817
1.0579997
1.0738482
1.4092697
1.0406483
1.0447705
0.73755671
0.91024618
0.97150432
0.99925886
0.93016531
0.70461675
1.4533353
1.0673099
1.4403866
1.0720647
1.0652842
1.0875445
1.0867246
1.0820757
1.0647175
1.0849928
1.4436131
1.0771231
1.0753853
0.74642588
0.95364435
0.99774541
1.0051371
0.95623854
0.73027955
0.96655182
0.99029417
0.96786229
0.91112406
0.96335448
0.96561144
0.96361403
0.91060474
0.96536835
0.98963332
0.96432648
0.96762038
1.00709
0.99504574
1.0064002
1.0284451
1.0122876
1.0136089
1.0150167
1.0289612
1.0147252
0.99391543
1.0039073
1.005348
0.96470208
0.98657951
0.96267535
0.89782291
0.95351728
0.9561138
0.96127494
0.9014099
0.95876859
0.98508433
0.95856351
0.96069047
0.95012321
0.93133301
0.92626084
0.95546385
1.289507
0.96123667
0.82707979
0.82890868
0.83380466
0.96379048
0.83101372
1.2858856
0.93079841
0.90115526
0.90756819
0.92402584
1.1904519
1.2690204
1.2581769
1.1991237
0.91083455
0.92498823
0.93178001
0.90395132
0.95588294
1.2519202
0.83340094
0.83917368
0.95170617
0.88781281
0.91728369
0.89632877
0.90912704
1.1714605
1.2345023
1.2401038
1.1658547
1.2521141
0.8234077
0.81095253
0.8195723
1.1434113
1.2407764
0.8497713
0.8769382
0.85721039
0.86908146
0.79792918
0.8893296
0.7909472
0.89503325
0.79552355
1.1388827
1.2173458
0.78066619
0.78606892
1.2357115
2.6910833
2.7280689
0.80505029
0.8165852
0.91102094
1.596092
0.94086611
1.6062438
2.7106161
2.7220908
2.6579882
2.6601538
1.7696047
2.8553761
2.2179695
1.8493766
1.5683062
1.8696442
1.5559285
2.8254162
2.7154808
2.0096759
2.6441671
2.1573149
2.2163852
1.8476185
1.5703107
1.5565396
1.8678695
0.78725224
0.78696601
0.78757924
0.78802929
0.67231214
0.57801217
0.53343765
0.60530019
0.67167119
0.57656623
0.55812802
0.61321512
1.0536304
0.81218227
1.0649993
1.2464332
1.2456764
1.0646827
0.81168367
1.0537232
0.57761668
0.67217926
0.620158
0.55996167
0.56110978
0.62190972
0.67165444
0.57551675
0.92366691
0.96524205
1.0288367
1.0758967
0.92812533
0.9894086
0.99794154
1.0638418
0.76623924
0.84836595
0.67300935
0.70912254
0.70855883
0.67370287
0.84604016
0.76178622
0.96414191
0.91548261
1.0402599
1.0020889
0.99490482
1.0435594
0.91488836
0.97215121
0.97728934
1.0253268
1.0972743
1.1267894
1.0334405
0.95243304
1.3576047
1.3704368
1.3642424
0.9916754
0.96371118
0.99893023
0.95729638
1.3360051
1.3284341
0.96906687
0.9297256
0.93676173
0.96143645
0.97355126
1.2635457
1.2683835
0.87055985
0.97817868
0.86529546
1.2143776
1.2780075
1.2192769
1.2731644
0.9130526
0.92845934
0.90772673
0.93348768
0.95996128
1.2587319
0.84433552
0.8495948
0.95567935
1.2491825
0.89717921
0.92351958
0.90245473
0.91866649
1.1899
1.2446103
1.1851651
0.82518728
0.92418019
0.82947211
0.92040741
0.86724318
0.88701544
0.89163323
0.86316059
1.2601323
0.80578148
0.80236141
0.8142616
1.1564027
1.2487517
0.85536935
0.88248532
0.87807033
0.85918768
0.80594117
0.90072566
0.90363748
0.80254724
0.802288
1.1526873
1.2343886
0.78601807
0.78820034
1.2449969
0.96986147
1.6665842
0.8251744
0.8303051
1.6604094
0.95527183
2.8012805
2.7941597
0.8138393
0.82681631
0.93993877
1.6378035
0.95082588
1.6429347
2.7664994
2.7728931
1.8690971
1.5637235
1.1896709
1.8554904
1.5675144
1.1882908
2.1416001
2.8487502
2.7413164
2.033712
2.6443743
2.1629426
2.212581
1.8425104
1.5687927
1.1904331
1.5504385
1.1787295
1.8687035
0.69360396
1.2793287
1.2794636
0.5642731
0.69553716
1.2828159
1.2811238
0.78951358
0.56114916
0.79198283
1.0242592
0.79158888
1.0240297
1.2949324
1.2605128
1.2588533
1.257776
1.2909086
1.2576606
0.79052819
1.0258465
1.0240368
1.2796369
0.69548007
1.2796474
0.56641538
0.56179062
0.69520407
1.2820379
1.2804709
0.56355698
0.78869511
0.56203248
0.78943964
0.8004507
1.0504832
1.248778
1.0664025
0.80089592
1.0523961
1.245868
1.0647459
0.64907025
0.54850425
0.46720354
0.46440022
0.6491764
0.5482102
0.46750563
0.46443708
1.0507639
0.8023285
1.0666882
1.2470896
1.2457993
1.0660646
0.80163001
1.0510218
0.54879623
0.65040013
0.46640309
0.46563179
0.46749103
0.46590017
0.64948599
0.54706273
0.66823442
0.6113819
0.55156932
0.50278799
0.66877345
0.6027468
0.55884634
0.50368798
0.74215523
0.82529492
0.92280922
0.96890075
0.74803799
0.85534888
0.89047008
0.96009499
0.61287771
0.66475076
0.50639133
0.55981611
0.55958518
0.50549486
0.66213974
0.6110726
0.81104506
0.71797018
0.92609573
0.8411323
0.87663423
0.93291694
0.71163002
0.77490894
1.4490601
1.0811413
1.080939
1.0886612
1.0662543
1.0895699
1.448633
1.0790551
1.080613
1.0899076
1.06647
1.0898602
0.69113942
0.99342743
0.93586447
0.72282609
0.98074502
0.92905156
1.4388489
1.0825188
1.4506297
1.0844494
1.0685623
1.095159
1.0942321
1.0911278
1.0680861
1.0928715
1.45102
1.0871085
1.0861817
0.68151245
0.9032702
0.96382232
0.97546405
0.90835706
0.65022824
0.98136876
0.95425575
0.95481098
0.95146963
0.88921919
0.94982193
0.98171703
0.95699623
0.95585094
0.947572
0.88749371
0.94855801
1.0033577
0.99514754
1.0045333
1.0250841
1.008144
1.0080701
1.0080164
1.0254662
1.0082318
0.9966185
1.0059521
1.0054848
0.95455372
0.98368656
0.95543498
0.88769162
0.95121328
0.94948002
0.9475638
0.88649365
0.94829579
0.98517537
0.95834849
0.956886
0.90211698
0.88470182
0.9064362
0.88078048
1.2749142
0.95767862
0.83144953
0.82864954
0.82476939
0.95599618
0.82643001
1.2768864
0.89666397
0.87688482
0.87585904
0.89786201
1.1556604
1.2292159
1.2243905
1.1605144
0.84797374
0.86694549
0.87207056
0.84244571
0.93673239
1.2150171
0.8123323
0.81177632
0.93735387
0.83540504
0.86302898
0.83820951
0.8604648
1.1440061
1.2146415
1.2136944
1.1448823
1.2116554
0.77562984
0.77087555
0.75038379
1.1015343
1.198029
0.80690117
0.8262657
0.80921817
0.82394563
0.76291573
0.86609749
0.76284905
0.8663268
0.73289329
1.0981399
1.1897578
0.75575882
0.75619881
1.1946153
2.6778508
2.6680444
0.74670969
0.76693963
0.86386663
1.5375329
0.87241826
1.5406863
2.6436398
2.6473436
2.3439626
2.6525961
2.6596329
1.8090513
2.752632
1.8621762
1.5528329
1.8360768
1.5667294
2.6513148
2.6794485
1.844028
2.6537058
2.1813928
2.1683981
1.8599555
1.5513412
1.5603304
1.8402295
0.78251707
0.78379499
0.56250822
0.78415971
0.78561226
0.67114568
0.5691928
0.5570181
0.60407997
0.67243385
0.57499336
0.5440035
0.59762965
1.0517028
0.80908619
1.0657416
1.2453218
1.2445915
1.0650339
0.80953472
1.0525759
0.5668997
0.66750181
0.57294324
0.52883725
0.53975681
0.57909568
0.66751669
0.5632319
0.93315204
0.98346531
1.0052606
1.0444087
0.92623381
0.97543796
1.0026344
1.0427877
0.74156883
0.83409365
0.62789078
0.67253969
0.68777649
0.63488171
0.8268019
0.73032317
0.98371476
0.92696071
1.0400616
1.0056965
1.0049848
1.0455741
0.91940301
0.98014547
0.93753144
1.0164753
1.0756107
1.0913974
1.0245993
0.92114777
1.2985693
1.3134184
1.3059686
0.93148473
0.90938708
0.93880375
0.90298463
1.277603
1.2711602
0.91069437
0.87931341
0.88494308
0.90458808
0.94043462
1.2273325
1.2314019
0.82941642
0.9441801
1.2355823
0.82477983
1.1759956
1.2400757
1.1805351
0.87340953
0.89229297
0.8691061
0.89638304
0.93022027
1.2232044
0.80816659
0.8119906
0.92667908
1.2114656
0.86031766
0.88810202
0.86470086
0.8839042
1.1553189
1.2151366
1.1514734
0.79619631
0.89783883
0.79924442
0.89519276
0.83778371
0.85398035
0.85774066
0.83438932
1.2312523
0.78352833
0.78118626
0.7857596
1.1299583
1.2222466
0.82753445
0.85008569
0.84613889
0.83094541
0.78122841
0.87962835
0.88231762
0.77804257
0.77555956
1.1267632
1.2097923
0.76784112
0.77010168
1.2190858
0.93623835
1.6222014
0.79783622
0.80647615
1.6169645
0.92520963
2.7472373
2.7407627
0.78783894
0.80343102
0.91085843
1.5968499
0.92138685
1.6015941
2.7159901
2.7219799
1.8625538
1.5513943
1.1852822
1.8358708
1.5662698
1.190531
2.1523147
2.6889077
2.657166
1.8575394
2.6542259
2.1832968
2.1707204
1.8606158
1.5510631
1.1797373
1.5603564
1.18256
1.8407144
0.69879158
1.2810129
1.2820296
0.56899156
0.56799146
0.70122343
1.2834835
1.2829964
0.78372038
0.56597625
0.78489511
1.0217879
0.78744723
1.0210075
1.2910949
1.2586281
1.2570528
1.2565575
1.2907028
1.2557942
0.7894499
1.0242505
1.0227119
1.2798264
0.69441076
1.2794714
0.69638746
1.2809754
1.2802103
0.56194011
0.78629053
0.5605304
0.78747954
0.80265729
1.0509164
1.2480383
1.0692068
0.80329015
1.052129
1.2466981
1.0685709
0.64971151
0.54537541
0.46550737
0.46709801
0.65033797
0.54733105
0.46221306
0.46580556
1.0500165
0.80053047
1.0675793
1.2465149
1.2458919
1.0669318
0.80122118
1.0508889
0.54429863
0.6475344
0.45896721
0.45861641
0.46060092
0.46053947
0.64818002
0.54481922
0.65185443
0.59526009
0.55673444
0.50448041
0.65444878
0.60763703
0.54644933
0.50252454
0.69937314
0.75375348
0.82958045
0.90212421
0.70025575
0.7657623
0.80739506
0.89458732
0.59154112
0.64082389
0.49437873
0.53834318
0.54308563
0.49612012
0.63654182
0.58365529
0.74923895
0.68913493
0.87073363
0.78764906
0.80111507
0.87463921
0.68527688
0.73700622
1.4496087
1.0891888
1.0894648
1.0967612
1.072737
1.098486
1.4504822
1.088329
1.0894439
1.1002612
1.0747518
1.0995937
0.62835524
0.96063802
0.88923678
0.64419724
0.95006732
0.88310538
1.4062639
1.0896294
1.4470207
1.090674
1.0843965
1.1080947
1.106333
1.1018661
1.0817399
1.1041372
1.4459553
1.0923298
1.0917279
0.62392152
0.86060514
0.93711768
0.94543286
0.86486342
0.60165079
0.9918829
0.97015412
0.96653923
0.95402764
0.89770486
0.9575862
0.98994114
0.96062351
0.96348551
0.96635011
0.90301177
0.96175634
1.0125685
1.0071353
1.015725
1.0426099
1.0301226
1.0263717
1.0185463
1.0395105
1.0227114
1.0118188
1.0242421
1.0198709
0.97478823
1.0016925
0.98025336
0.9305173
0.99154995
0.9847339
0.97193367
0.92294661
0.97817552
1.0070525
0.99286897
0.98644576
0.91718828
0.88849099
0.91036453
0.89489622
1.3143393
0.99627117
0.87210959
0.86628278
0.85453244
0.98992653
0.86037711
1.3219465
0.94306884
0.92778158
0.91889877
0.95269974
1.1498321
1.2166968
1.2196542
1.1468723
0.84593185
0.87482485
0.86929546
0.85227725
0.95833845
1.2333746
0.84786554
0.84105483
0.96304927
1.2448951
0.86733215
0.88127553
0.85951152
0.88837377
1.1761551
1.2509723
1.1825749
1.1899593
0.75591647
0.75653799
0.73247928
1.0996745
1.1954843
0.82842485
0.84290625
0.82268868
0.84947325
0.78626245
0.88580642
0.79204081
0.88185409
0.74721274
1.1031074
1.2097692
0.76955161
0.76639932
1.1984434
2.6413334
2.6432444
0.75742112
0.76858298
0.88973024
1.5549826
0.87278485
1.5491385
2.6624186
2.6559466
2.2748769
2.2867179
2.6563786
2.6576653
1.8518775
2.6532583
1.871867
1.5487738
1.8322436
1.5719007
2.8529104
2.9563487
2.1497045
2.8599423
2.168251
2.1780143
1.8322627
1.56767
1.5497712
1.8657989
0.78284404
0.78471868
0.56420871
0.56516644
0.78381129
0.78190312
0.66553143
0.55710092
0.52485971
0.55199648
0.66650849
0.5617522
0.51106711
0.54489484
1.0528772
0.8096751
1.0656884
1.2446762
1.2453663
1.0664118
0.80864445
1.0519242
0.55552383
0.66397725
0.52255132
0.49396216
0.5065537
0.52771019
0.66262158
0.55000238
0.89825551
0.9522071
1.0022009
1.0308634
0.90278385
0.97378542
0.97417015
1.0223494
0.6854174
0.76954746
0.56586821
0.60466567
0.62641843
0.57177983
0.75464839
0.65654904
0.94258273
0.86967893
1.0046153
0.95106685
0.96629505
1.0090523
0.85392172
0.91503155
0.898866
0.99693385
1.0773769
1.072261
0.99856577
0.89230052
1.2491182
1.2596145
1.2542322
0.88359644
0.86409996
0.88863464
0.85949999
1.2354171
1.2314584
0.87002089
0.84300026
0.84679717
0.86606671
0.91478708
0.79678845
0.91772908
1.2076779
1.2038992
0.79311616
1.1439952
1.1476665
0.83923178
0.85942246
0.83536129
0.86324066
0.90659563
1.1940254
0.78036967
0.78318681
0.90426742
0.82805821
0.85567699
0.83158771
0.85216096
1.1285782
1.1855421
1.187929
1.1262152
0.77169315
0.87675846
0.77476521
0.87406092
0.80976844
0.82277521
0.82645078
0.80626835
1.2066368
0.76494329
0.76204143
0.75698818
1.1057508
1.1983748
0.79978777
0.81911271
0.81564542
0.80288938
0.75698946
0.85900648
0.86118516
0.75448618
0.74603291
1.1028053
1.1883231
0.74654339
0.74866177
1.1955154
0.90662991
1.5812517
0.7694333
0.78200083
1.5759781
0.89397087
2.6971553
2.6907944
0.75864219
0.77886864
0.88130895
1.5580455
0.88995529
1.5616885
2.6684317
2.6730794
1.8743169
1.5498157
1.1839462
1.8340794
1.5734703
1.1947487
2.2752548
2.8572583
2.9631523
2.1633791
2.8664515
2.1685244
2.179597
1.833949
1.5699854
1.1933711
1.5512691
1.1869099
1.8684734
0.69635307
1.2814928
1.2808332
0.56597854
0.69962873
1.2817662
1.2816093
0.5667357
0.56616354
0.78496488
0.56529222
0.78654747
1.0301297
0.79783743
1.0299433
1.2967402
1.2603359
1.2601162
1.2635235
1.2977842
1.2633845
0.79293437
1.0258168
1.0256275
1.2828302
0.70211301
1.2827836
0.69730705
1.281181
1.2812859
0.56724472
0.7846158
0.56940079
0.78284276
0.80309044
1.0517057
1.2470294
1.0681246
0.80339264
1.0516513
1.2468498
1.067466
0.65059508
0.54611855
0.45814376
0.45360775
0.65056605
0.5454208
0.45626902
0.45103629
1.0526681
0.80554898
1.0684493
1.2468589
1.2475407
1.0691264
0.80491053
1.0519941
0.54680599
0.65305738
0.4427217
0.45274957
0.45610979
0.4452787
0.65253187
0.54564706
0.62533112
0.57760434
0.53683484
0.48878946
0.62742821
0.5819607
0.53386623
0.48706199
0.67101907
0.72479928
0.78265494
0.85894284
0.67305772
0.73191483
0.77481346
0.85538206
0.57682838
0.61853631
0.47969129
0.52909896
0.5329618
0.48186156
0.61706598
0.57359227
0.72259936
0.66088521
0.85347419
0.78388686
0.77394174
0.8500131
0.66041124
0.72718287
1.4436165
1.0954434
1.094876
1.110203
1.0939547
1.1126206
1.4439224
1.093075
1.0941593
1.1163452
1.0975468
1.1146463
0.58502534
0.93500814
0.85051496
0.59596528
0.93042059
0.84681538
1.3999109
1.4011621
1.0967062
1.4449604
1.0992043
1.1130707
1.1296263
1.1257906
1.1187122
1.1087303
1.1220133
1.4462918
1.105673
1.1023054
0.58528465
0.84330478
0.93484003
0.92951397
0.8412072
0.59534048
1.0318981
1.0202706
1.0135928
0.99876212
0.95469218
1.0060353
1.0255199
0.99973876
1.0067626
1.020102
0.96259377
1.0132187
1.0514199
1.0524159
1.0575076
1.0784588
1.0723041
1.0669081
1.0555479
1.0734897
1.0613807
1.0587005
1.0693774
1.0635561
1.0268747
1.0508589
1.0333547
0.99030975
1.0453912
1.0395522
1.0268562
0.98397632
1.0333698
1.0572001
1.0457604
1.0397273
0.98989006
0.95425836
0.98114365
0.96244373
1.3714098
1.0505578
0.91752678
1.3771227
0.91262003
0.90153158
1.0446132
0.90724128
1.0117373
0.98809044
0.98283023
1.0174398
1.1951037
1.2570972
1.2629505
1.1889572
0.90835548
0.93235538
0.92582674
0.91542739
0.99509314
1.2786921
0.89757452
0.89328008
0.9983337
1.2898019
0.92700315
0.93823735
0.92165599
0.94340886
1.2198305
1.2865814
1.2231985
1.2139743
0.77273361
0.77570567
0.77979717
1.1337407
1.2263909
0.87379608
0.89581466
0.86941276
0.90075434
0.82677684
0.91233924
0.8298659
0.9101091
0.79562289
1.1376429
1.2381894
0.78882198
0.78706935
1.2298663
2.684009
2.6911604
0.80090999
0.80308441
0.92905696
1.6016716
0.916823
1.5967142
2.7172909
2.7113312
2.2066487
2.2031986
2.6053499
2.6267817
1.7165034
2.7844321
2.260189
1.8725958
1.5582243
1.8453019
1.5695397
2.6814025
2.6698281
1.8766403
2.8450993
2.2702263
1.8672447
1.5675465
1.56961
1.8656649
0.78344971
0.78462548
0.56473747
0.5636359
0.78525807
0.78515242
0.65987813
0.54456981
0.49027226
0.50426033
0.66054849
0.54864885
0.47687488
0.49710856
1.0530945
0.80604565
1.0645409
1.245994
1.2460831
1.064532
0.80562337
1.0525499
0.54304942
0.65673368
0.46669757
0.45791031
0.47199381
0.4746239
0.65607215
0.54001606
0.79543217
0.87290052
0.94577035
0.99828356
0.80953682
0.90414087
0.92547861
0.99474485
0.59183617
0.65144779
0.49570425
0.52488119
0.54959814
0.50356316
0.64019056
0.5666218
0.86256442
0.75437081
0.98347861
0.90810845
0.91861991
0.98579621
0.74140525
0.83869302
0.88223044
0.9869853
1.074143
1.0801782
0.98915364
0.87620392
1.2250363
1.2222336
0.85480972
0.83411279
0.8569088
0.83208142
1.214688
1.2137987
0.85129314
0.82808203
0.82846598
0.85101501
0.8958716
0.77250989
0.89769647
1.183199
1.181076
0.77035508
1.1223432
1.1240921
0.8162058
0.8387658
0.81524784
0.83988382
0.89253004
1.1774878
0.76616172
0.76649091
0.8920201
0.81434687
0.83794775
0.81460736
0.83749471
1.1188046
1.1762854
1.1761718
1.1189026
0.7504573
0.85690601
0.75221248
0.85523931
0.78834316
0.80222016
0.80339637
0.78707353
1.1862614
0.74408392
0.74191535
0.73457871
1.0905144
1.182534
0.78561942
0.80128616
0.80068917
0.78613781
0.74550661
0.84960567
0.8501087
0.74507058
0.73223861
1.0895701
1.1801275
0.73547229
0.73579971
1.1815121
0.8785502
1.5481517
0.74683509
0.76572066
1.5455269
0.87262615
2.6563579
2.6530387
0.74414902
0.76477649
0.87125797
1.540574
0.87137569
1.5408375
2.6465875
2.6471752
1.8743236
1.558765
1.1895503
1.8460657
1.5704375
1.1908724
2.6746214
2.6887708
1.8865025
2.8476478
2.1753449
2.2760005
1.8692884
1.5686889
1.1918124
1.5708019
1.1943585
1.8673361
0.69631927
1.2813184
1.2805376
0.56846469
0.69941655
1.281962
1.2815226
0.56591182
0.56760355
0.78446868
0.78575846
1.0285476
0.79293642
1.0256536
1.2953892
1.2606073
1.2587736
1.2617543
1.2972549
1.2602758
0.79142692
1.0270906
1.0241768
1.2816794
0.6977193
1.2807055
0.56772419
0.69669006
1.2813565
1.2803983
0.56557094
0.78589049
0.56581085
0.78586139
0.80516546
1.0530289
1.2474265
1.068058
0.80540507
1.0526344
1.2477373
1.0676079
0.65276367
0.54512878
0.4517402
0.43569772
0.65290904
0.54557642
0.44856144
0.43312433
1.0535802
0.80524124
1.0676047
1.2488906
1.2483129
1.0675082
0.80492307
1.0539673
0.54514693
0.6528813
0.42620156
0.44589554
0.4478181
0.42741585
0.6525944
0.54495493
0.6138375
0.56235436
0.52616928
0.47144276
0.61446371
0.57147725
0.51520442
0.46828005
0.66989065
0.75583628
0.7901113
0.87266922
0.66652536
0.73192815
0.81930636
0.88162857
0.55861817
0.60787651
0.4548052
0.49920241
0.51147087
0.45785083
0.60607918
0.54649686
0.76314657
0.67698817
0.92094642
0.85484548
0.82908161
0.9098904
0.67964867
0.78133332
1.4549951
1.1219786
1.117687
1.1337795
1.1274991
1.138418
1.4524457
1.1093089
1.1134364
1.1472926
1.1326266
1.142895
0.63380229
0.93827993
0.85874977
0.6035489
0.95290359
0.86563687
1.4256411
1.429734
1.1262002
1.4637752
1.130657
1.1512865
1.1642985
1.1604972
1.1516731
1.1469919
1.1561517
1.4664237
1.1387363
1.1348187
0.64769649
0.90021124
0.98169283
0.95829792
0.88967668
0.69099096
1.0799078
1.0662011
1.0619323
1.0509442
1.0067259
1.0561317
1.074749
1.0515464
1.0570241
1.0647621
1.0112386
1.060808
1.0970944
1.0953615
1.1016245
1.1193651
1.11186
1.1089617
1.1002618
1.11527
1.1050432
1.0988888
1.1083086
1.1054513
1.0699361
1.092031
1.0731697
1.0223925
1.0745797
1.0731879
1.0682089
1.0207246
1.0710822
1.095114
1.0777284
1.0758605
1.0320579
0.99922513
1.0296499
1.0014246
1.4008962
1.0781268
0.93781961
1.4020702
0.93722753
0.93414684
1.0769382
0.9360553
1.0348984
1.0034267
1.0038217
1.0346506
1.2280902
1.2925104
1.2945882
1.2259583
0.94216147
0.95905791
0.95821687
0.94299785
1.0082349
1.2979648
0.90823749
0.90882723
1.0081961
0.94260961
0.95934472
0.94312437
0.95913183
1.2315508
1.2976591
1.2980553
1.2312079
1.2403551
0.79027207
0.79130847
0.80916156
1.153532
1.2450991
0.88787979
0.91629639
0.88787876
0.91629046
0.83645155
0.91770415
0.83606806
0.91786355
0.81022354
1.154271
1.2460796
0.79258075
0.79255413
1.2457627
2.7308199
2.7338845
0.81555215
0.81819695
0.9360162
1.6191607
0.93578325
1.6183468
2.7403689
2.7391628
2.1692956
2.1561512
2.6248932
2.648888
1.7384499
2.7039907
2.2887943
1.8806623
1.5639515
1.8568583
1.5778718
2.25772
2.8118656
2.7502764
1.9545976
2.8371285
2.1909119
1.8285237
1.552667
1.5482554
1.833128
0.78432331
0.56261663
0.78475696
0.56248605
0.57487214
0.77553668
0.77553726
0.65299041
0.53750421
0.45377236
0.44610255
0.6538053
0.53887932
0.44590762
0.4410027
1.0532247
0.8105492
1.0705484
1.2456055
1.2464044
1.0705711
0.81022557
1.0526734
0.5391229
0.65815035
0.4333479
0.442663
0.44571161
0.43482688
0.6577954
0.53889673
0.7266898
0.84279425
0.90591943
0.98145713
0.72450997
0.83422769
0.91159346
0.98130819
0.54818397
0.63259822
0.45523376
0.49727658
0.49493686
0.45557531
0.63679251
0.55569285
0.84744485
0.74032777
0.98510342
0.92594611
0.91430989
0.98366307
0.7445562
0.85977267
0.8590799
0.97469033
1.0468022
1.0593251
0.97692288
0.84435302
1.21403
0.85428109
0.8294215
0.85297807
0.8305145
1.2172723
1.2184339
0.85846319
0.83550899
0.83422591
0.85980134
0.89073876
0.76582224
0.890716
1.1763585
0.7660755
1.1195956
1.119117
1.1765545
0.81710989
0.84006004
0.81811594
0.839183
0.89233539
1.1791698
0.76968142
0.76843316
0.89286829
0.82008857
0.84091598
0.81907962
0.84184834
1.1236616
1.1827013
1.1811083
1.1247381
0.74479764
0.84908715
0.744748
0.84890436
0.78625335
0.80248945
0.80169977
0.78681788
1.1799007
0.73472757
0.73419878
0.73394585
1.0898162
1.1810393
0.78834124
0.80322501
0.80404399
0.78747455
0.74595475
0.84972053
0.84923953
0.74651458
0.73574289
1.0899926
1.1834195
0.73632178
0.73522944
1.1813475
0.87093204
1.5397774
0.74529402
0.76457219
1.5398028
0.87073676
2.6452672
2.6453337
0.74732332
0.76460674
0.87402124
1.5433761
0.87086755
1.5418064
2.6505298
2.6486362
1.8859738
1.5645659
1.1905137
1.8576407
1.5810071
1.1993013
2.8285744
2.7637867
1.9752167
2.8406343
2.2301886
2.1899079
1.8290858
1.5522171
1.189993
1.5483195
1.1869349
1.8327624
0.69446781
1.2811454
1.2795255
0.56744708
0.69617925
1.2811344
1.2798703
0.56829782
0.56466378
0.56517616
0.78450983
0.78505288
1.029812
0.80028138
1.0322947
1.3001668
1.2636922
1.2657283
1.263824
1.2990262
1.2651867
0.80012844
1.0289929
1.0325295
1.2835973
0.70445353
1.2842575
0.57332916
0.57368251
0.57603499
0.70385886
1.2824765
1.2841109
0.57631517
0.77572676
0.77583148
0.80553957
1.0530601
1.2490497
1.0685728
0.80626197
1.0543724
1.2478791
1.0684365
0.65358089
0.54580232
0.4454398
0.4237184
0.65403248
0.5454257
0.44387009
0.42346533
1.0554817
0.81287802
1.0741648
1.2493828
1.2497062
1.0740985
0.81393778
1.0562872
0.54770471
0.6601683
0.42970978
0.44633368
0.44453226
0.42792895
0.6618259
0.55245027
0.6084192
0.54968966
0.49555305
0.44847545
0.60585557
0.54372237
0.4987082
0.44917469
0.69120187
0.79737559
0.85991761
0.93984573
0.68799601
0.78563584
0.87033331
0.94270874
0.55497332
0.62308673
0.4624276
0.51958294
0.5033059
0.45881862
0.62893534
0.5741286
0.79798448
0.7010708
0.93501572
0.85800688
0.86914698
0.93794762
0.70467929
0.79508404
1.4735759
1.1464793
1.1455341
1.1671382
1.1595267
1.1693345
1.472408
1.1416834
1.1438238
1.1715898
1.1608806
1.1707628
0.72829214
0.98901895
0.92574784
0.70428151
1.0007319
0.92887935
1.4449407
1.1462155
1.4726791
1.1450063
1.1599604
1.1677605
1.1694831
1.1714464
1.1609829
1.1706524
1.4707905
1.1407667
1.1430958
0.72978805
0.92042835
0.99480483
0.99988541
0.92366722
0.72215073
1.1005107
1.0790005
1.0797859
1.0755701
1.0241558
1.0760087
1.1002371
1.0791075
1.079903
1.0747725
1.0237122
1.0757653
1.1131167
1.1038101
1.1123825
1.1269031
1.1133715
1.1155538
1.1174814
1.1280963
1.1169216
1.102323
1.1088313
1.1110045
1.0778917
1.0977978
1.0763613
1.0170167
1.0672609
1.0698361
1.0735797
1.0193852
1.0720088
1.0960506
1.0718445
1.0744386
1.0291471
1.0000973
1.0310781
0.99850248
1.3983564
1.072847
1.3949649
0.92867153
1.396788
0.9310412
0.93480726
1.0748358
0.93327201
1.0232231
0.99152905
0.99331913
1.0213078
1.2298522
1.2970847
1.2306392
0.93622157
0.95276859
0.95410881
0.93473438
1.0037776
1.2934501
0.89857374
0.89994686
1.0029812
0.93155046
0.95148316
0.93315993
0.95025181
1.2253213
1.2905692
1.2915254
1.2245544
1.2460043
0.79253294
0.79241375
0.80680144
1.1536224
1.2456707
0.88247209
0.91028273
0.88325445
0.90936878
0.83128422
0.91508881
0.83078695
0.91537986
0.80409432
1.1532634
1.243696
0.79115473
0.79120191
1.2452483
2.7428129
2.7430285
0.81143794
0.8159258
0.93128547
1.6192241
0.93241848
1.6190922
2.7428077
2.7424772
2.2799868
2.1662014
2.9660075
2.8721193
2.1506319
2.8678256
2.1784938
1.8348137
1.5707106
1.8626714
1.5544717
2.1607637
2.6501079
2.6450376
1.8380957
2.6533662
2.2701355
1.8719343
1.5511933
1.5737575
1.8331899
0.78014597
0.77799471
0.57312172
0.57193217
0.77898128
0.78091853
0.65666497
0.54036969
0.44162622
0.43063371
0.65540392
0.5381893
0.44489409
0.43169333
1.0528178
0.8077285
1.0682204
1.2469206
1.2459343
1.0674073
0.8089019
1.0541122
0.54063337
0.65718428
0.44735258
0.45781132
0.44627994
0.44036672
0.65854919
0.54375069
0.75717867
0.86938915
0.9278329
0.98788538
0.75546316
0.86273693
0.93268073
0.98804699
0.56311945
0.6525072
0.47267494
0.52453512
0.50223452
0.46518795
0.65477486
0.57970752
0.86801191
0.75627824
0.98598608
0.92575616
0.93132589
0.98579472
0.75541856
0.85954049
0.83147833
0.96773621
1.0357461
1.0371565
0.96746128
0.82985627
1.2230489
0.86590349
0.8398222
0.86430859
0.84145666
1.2289619
1.2306452
0.87059838
0.84868909
0.84664736
0.87238754
0.89790484
1.1879518
0.77349485
0.89605004
1.184154
0.77504575
1.1272153
1.1258478
1.1857351
0.82663183
0.85035592
0.82855279
0.84837882
0.90381466
1.1927225
1.1951955
0.78406726
0.78131766
0.90648585
0.83308591
0.85251416
0.83067721
0.85496619
1.1371897
1.2015936
1.1981113
1.1399234
0.74854809
0.85030484
0.74730644
0.85135428
0.79432077
0.81243324
0.81043139
0.79604579
1.1842828
0.73712827
0.73832308
0.74108219
1.0961161
1.1889791
0.80036524
0.81456252
0.81697829
0.79800744
0.75880973
0.86386948
0.86100333
0.76167151
0.74632326
1.0973328
1.1972962
0.75464005
0.75081532
1.190643
0.87468915
1.547539
0.75330904
0.76983476
1.5492755
0.878493
2.6561398
2.6586898
0.75899878
0.77112417
0.88961641
1.5599416
0.88044219
1.5565636
2.6713618
2.6676726
1.8355374
1.5697988
1.1973709
1.8617671
1.5541402
1.1917502
2.1744052
2.666953
2.6550288
1.8671103
2.6660979
2.2357811
2.2137711
1.8707599
1.5485466
1.1844967
1.572056
1.1960516
1.8319824
0.70229924
1.2830683
1.2831928
0.69726771
1.2807467
1.2814832
0.57456055
0.57483695
0.57177956
0.77992042
0.77768196
1.025576
0.79266368
1.0258562
1.2958275
1.2638628
1.2620036
1.2604396
1.2978387
1.2606806
0.79650893
1.0301803
1.0287305
1.2815765
0.69724492
1.2816002
0.57221032
0.57265255
0.70125116
1.2833328
1.2828766
0.57542616
0.77787881
0.78038223
0.81387962
1.0581544
1.2480415
1.0716606
0.81178348
1.0547666
1.2507635
1.0725765
0.66380631
0.55680354
0.44716793
0.43655109
0.66156216
0.55244222
0.45936028
0.44113932
1.0575278
0.8155677
1.0725357
1.2520877
1.2500357
1.0713676
0.81761493
1.0605202
0.5585264
0.6684095
0.4700889
0.48603914
0.46420075
0.45965045
0.671052
0.5657019
0.65867419
0.60575682
0.52491193
0.4735277
0.65084048
0.58139673
0.54449478
0.47856806
0.72056623
0.79291147
0.85228165
0.91547346
0.71636162
0.79354126
0.8391713
0.90847999
0.61485145
0.68440291
0.51245369
0.58581587
0.55252971
0.5005435
0.69353835
0.64446634
0.79559533
0.74036527
0.89607049
0.84874983
0.8373639
0.89490363
0.74942807
0.8194053
1.4591506
1.1260402
1.1297941
1.1650824
1.1527189
1.1619602
1.4622899
1.1375025
1.1336097
1.1551774
1.1495344
1.158566
0.70688919
0.99217787
0.90422478
0.71832719
0.98486946
0.89816818
1.4297121
1.121744
1.4499937
1.1175675
1.1360427
1.1416781
1.1445774
1.151443
1.1393123
1.1478104
1.4472573
1.1108483
1.1138001
0.70351634
0.88516887
0.98456429
0.98262633
0.88507534
0.70074261
1.0851129
1.0599029
1.0632187
1.0648218
1.0098035
1.0622642
1.0883303
1.0692301
1.0664745
1.0564857
1.0073773
1.0594917
1.0944781
1.0822474
1.0913944
1.1033294
1.0889376
1.0925299
1.0990718
1.1067098
1.0959731
1.0793006
1.0847681
1.0881754
1.056967
1.0756734
1.0541834
0.99770975
1.0465529
1.0489433
1.0538923
1.0000878
1.0514543
1.0728819
1.0488715
1.0515823
1.0137696
0.98676412
1.0155823
0.98540664
1.0576826
0.91390225
0.9152858
0.91854269
1.0594464
0.91698781
1.3845555
1.0098477
0.98146522
0.98224445
1.0090011
1.2231785
1.2238398
0.92576714
0.94486001
0.9455731
0.92500454
0.99921071
1.2875137
0.8923129
0.89278791
0.99897669
0.92347907
0.94426371
0.92424065
0.94376423
1.2212296
1.2870699
1.2871168
1.2212259
1.2433894
0.79112918
0.79111257
0.80056792
1.1508213
1.2431896
0.8784873
0.90457356
0.8787978
0.90423791
0.82827799
0.91417268
0.82833227
0.9140419
0.79894571
1.1506956
1.2429368
0.79157943
0.79118588
1.2430382
2.7445605
2.7448585
0.80832587
0.81354008
0.92954664
1.6230463
0.92882657
1.6216784
2.7500384
2.7478849
2.2354954
2.1818779
2.7519031
2.866192
2.0721423
2.8036223
2.1734638
1.8426502
1.5743805
1.8765029
1.5578102
2.1923898
2.9300405
2.8382362
2.0968087
2.7386286
2.1708993
2.1799448
1.8417207
1.5668627
1.5577121
1.8577377
0.78380965
0.78191688
0.57141471
0.56759742
0.78356686
0.78004537
0.66201922
0.55013789
0.46275189
0.47183037
0.65989881
0.54449118
0.48411582
0.4823145
1.0576878
0.81257986
1.0665997
1.2438889
1.2494843
1.0683316
0.81012169
1.0514225
0.55240232
0.66650786
0.52890049
0.5151196
0.49170501
0.51681313
0.66549123
0.5544987
0.75859686
0.85394797
0.92173427
0.98086888
0.75585637
0.8564069
0.91118791
0.97730883
0.60942303
0.70891563
0.54996679
0.58921439
0.55918535
0.54113806
0.7321534
0.66263839
0.85905564
0.79458241
0.96754044
0.91794619
0.90930966
0.96686236
0.81377722
0.89033188
0.83423213
0.95764791
1.047092
1.0389913
0.95727272
0.83641689
1.2350722
1.2372451
0.88351556
0.85686344
0.88006202
0.86036917
1.2481431
1.2557756
1.2516185
0.89511609
0.87648175
0.87211391
0.89944202
0.91908986
1.2169996
1.2126475
0.79343746
0.91557169
0.79705769
1.145959
1.204942
1.1427626
1.2084674
0.850331
0.87612324
0.8546611
0.87192352
0.93082747
1.2209729
1.2249102
0.81475665
0.80975517
0.93526296
0.86300261
0.8801891
0.85879799
0.88430263
1.1638894
1.2335509
1.2290412
1.1675589
0.76830012
0.8668883
0.76477131
0.87034937
0.81539675
0.83761763
0.83355056
0.81889163
1.1997975
0.75819061
0.7621004
0.76065165
1.1129
1.209104
0.82602173
0.84153503
0.84546744
0.82239265
0.78843457
0.89344111
0.88967343
0.79224243
0.77065302
1.1154043
1.2210992
0.78916995
0.78450747
1.2120359
0.89261799
1.5700938
0.77328452
0.78902818
1.5737687
0.90326381
2.6834532
2.687781
0.78320052
0.79202333
0.92046668
1.590777
0.90711374
1.5860864
2.7067139
2.7016942
1.8594831
1.5768598
1.1985228
1.8800782
1.5683825
1.1973013
2.2253554
2.9428662
2.8424855
2.1144078
2.791217
2.1683905
2.18271
1.8429404
1.5720682
1.1984711
1.559496
1.1941797
1.8639906
0.70024976
1.2850752
1.2832673
0.69684104
1.2822946
1.2817982
0.58010305
0.57682029
0.57448622
0.78222526
0.7810781
1.0342887
0.79968083
1.032067
1.2999527
1.2610794
1.2624843
1.2671947
1.3013198
1.2657995
0.79405179
1.0254802
1.0274012
1.2853863
0.7038785
1.2847624
0.57494189
0.58087649
0.69818085
1.2805435
1.2822659
0.78079932
0.57961859
0.77777303
0.82080077
1.0633015
1.2519806
1.0703975
0.81963889
1.0605706
1.2539969
1.0709909
0.67952406
0.57645266
0.49453536
0.50893597
0.67724981
0.56829512
0.52529943
0.52357332
1.0646182
0.82652566
1.0713547
1.249982
1.2546051
1.072927
0.82530868
1.0602974
0.58052936
0.68996038
0.5755952
0.56732891
0.53606149
0.56442584
0.69125094
0.59006672
0.74202624
0.69252656
0.59678695
0.55477769
0.72648137
0.65405459
0.63120625
0.56731497
0.80825207
0.88274607
0.85869855
0.91531653
0.79072424
0.832858
0.90117671
0.92615759
0.71195415
0.80891908
0.61221922
0.70262841
0.6452662
0.60097113
0.83547388
0.7896562
0.90178977
0.87260867
0.98058828
0.97120897
0.91812369
0.96639871
0.89644295
0.96256768
1.4411622
1.10319
1.1042321
1.1388247
1.1266679
1.1363685
1.44198
1.1080793
1.1058353
1.1325929
1.1240928
1.1342409
0.72711792
0.98788921
0.89741256
0.70321166
1.0061272
0.90532476
1.4411841
1.1022006
1.4403011
1.1015261
1.1181845
1.1298915
1.1298657
1.1312224
1.1189506
1.1303084
1.4400734
1.1012591
1.1011352
0.73973739
0.94859078
1.0409094
1.0143445
0.9371145
0.78274612
1.0636773
1.0421368
1.0432996
1.0447741
0.99306205
1.0433643
1.0655765
1.0467091
1.0449647
1.0414117
0.99235914
1.0422492
1.0742063
1.0662814
1.0737275
1.0853788
1.075947
1.0761211
1.0774753
1.0861372
1.0767342
1.0666515
1.0738401
1.073613
1.0418518
1.0617268
1.0422198
0.99386305
1.0443299
1.0429077
1.0413925
0.992838
1.0419682
1.0624402
1.0445366
1.0432147
1.007457
0.98050887
1.0074967
0.98072013
1.3835924
1.0568286
0.91807086
0.91610433
0.91343874
1.0556632
0.91468296
1.3849342
1.0100765
0.98506053
0.98344008
1.011895
1.2216081
1.287653
1.2213438
0.92282825
0.94476258
0.94397083
0.92359049
1.0016206
1.2915627
0.89709424
0.89561343
1.0028981
0.925935
0.94594487
0.92463235
0.9474756
1.2268958
1.2953358
1.2932867
1.2289603
1.2433774
0.79210864
0.79281199
0.79993705
1.1533507
1.2464694
0.88281191
0.90674665
0.88132415
0.90833832
0.83510325
0.9234905
0.83748142
0.92123626
0.80468634
1.1546256
1.2535286
0.80235904
0.79983575
1.2478526
2.7580667
2.7614756
0.81628705
0.8188071
0.94688184
1.6474479
0.93607132
1.6424282
2.7817833
2.7755118
2.2916243
2.8793492
2.9748009
2.1533765
2.6574301
2.1516804
1.8293807
1.5554353
1.8395053
1.5478298
2.9505746
2.8417703
2.15638
2.6423503
2.2782305
2.1615498
1.8359281
1.5463947
1.5524563
1.8284837
0.78185978
0.78144751
0.56754284
0.56588006
0.78219619
0.56551715
0.7828356
0.67292242
0.56769441
0.52242267
0.55481732
0.67090986
0.55726287
0.54004535
0.56165029
1.0524838
0.81512978
1.0684947
1.2451963
1.2443635
1.0681391
0.8160634
1.0532687
0.57014577
0.67586822
0.59177258
0.54435935
0.54219118
0.58273105
0.67739371
0.57721806
0.89965489
0.95513528
0.92733133
0.9808277
0.8783833
0.90545417
0.96423762
0.98810684
0.81311359
0.92037337
0.6686397
0.80932845
0.70852491
0.64383802
0.94433996
0.90311587
0.97339065
0.96514367
1.0170991
1.007553
0.97763945
1.0113725
0.9835539
1.0162719
0.84505936
0.9866491
1.0767549
1.0678881
0.98322889
0.85414821
1.2688816
1.2600773
1.2642819
0.91992717
0.89063946
0.9144607
0.89557376
1.2832637
1.2943617
1.2885826
0.93464488
0.91316089
0.90896438
0.9392454
0.95091438
1.2494943
1.2454303
0.82813511
0.9472416
0.83212004
1.174361
1.2374565
1.17093
1.2412391
0.88280633
0.90692655
0.8862167
0.90358579
0.96078115
1.252778
0.84736308
0.84352411
0.96396912
0.89156365
0.90974562
0.88897394
0.91238248
1.1887756
1.262319
1.2589324
1.1911443
0.79942577
0.89689561
0.79582716
0.90037328
0.84206441
0.86676471
0.86366077
0.8446776
1.2240332
0.79302057
0.79676371
0.78605418
1.1327676
1.2325616
0.84930467
0.86936245
0.87174384
0.84702066
0.81242832
0.91492814
0.91315239
0.81420164
0.79282031
1.1345997
1.2414326
0.81395934
0.81168919
1.2348444
0.92408644
1.603123
0.79874342
0.81239944
1.6068901
0.93390019
2.7210126
2.7254165
0.80626309
0.81439355
0.94544015
1.6222384
0.93674721
1.61815
2.7441896
2.7390853
1.830727
1.5569294
1.1905878
1.8412125
1.5490663
1.1857393
2.1648408
2.9595585
2.8470769
2.1663634
2.6439383
2.2797155
2.162665
1.8376488
1.5475133
1.1832678
1.5537018
1.1871135
1.8300698
0.70298112
1.2817969
1.2829922
0.7023692
1.28132
1.2827936
0.57525833
0.57477468
0.77852917
0.77798038
1.0256966
0.79624795
1.0285305
1.2959971
1.259438
1.2626449
1.2606233
1.2968829
1.2624876
0.79697562
1.0248799
1.0290465
1.2810443
0.70022379
1.2816078
0.56990039
0.57219131
0.57156571
0.70101355
1.2803537
1.2816629
0.77964179
0.57224001
0.78004259
0.83251045
1.0623845
1.2503501
1.0729086
0.83026877
1.0610053
1.2507992
1.0733308
0.70440295
0.61619726
0.57541049
0.60444806
0.70039924
0.59487086
0.60202438
0.61782168
1.0617858
0.83404844
1.0729487
1.2510644
1.2503911
1.0727056
0.83552162
1.0629407
0.62269933
0.71162681
0.70101133
0.6421024
0.61073765
0.6755058
0.71469198
0.64214177
0.94859618
0.91769724
0.7298587
0.66420931
0.92114635
0.82058514
0.83098227
0.6902067
0.99122509
1.0349602
0.98766685
1.0197656
0.96903521
0.9824372
1.0298363
1.0308348
0.94815837
1.0221874
0.82267194
0.96303573
0.8660284
0.78692234
1.0420323
1.025508
1.0496197
1.048429
1.062795
1.0676114
1.0411943
1.0564748
1.0635639
1.0838949
1.4414323
1.106517
1.1042807
1.1303108
1.1188634
1.1312768
1.440607
1.1017085
1.1026767
1.1348516
1.1201988
1.1327586
0.83546197
1.0493778
0.98049447
0.79713788
1.0700373
0.98931357
1.467256
1.108973
1.4458762
1.1118101
1.1308881
1.1474785
1.1436239
1.1373209
1.1274823
1.1402212
1.4478047
1.1188389
1.1150222
0.84661945
1.0152309
1.0885436
1.0754791
1.010151
0.87415858
1.0706458
1.0556836
1.0523382
1.0465548
1.0007663
1.0493071
1.0678618
1.0466678
1.0493996
1.0557164
1.0040479
1.0524088
1.085565
1.084319
1.0894101
1.100077
1.097081
1.093269
1.0860683
1.0965127
1.0896208
1.0885478
1.0973704
1.0933833
1.0595629
1.0817916
1.0636882
1.0191911
1.0714679
1.0675226
1.0595254
1.0153126
1.0635537
1.0860583
1.0720222
1.0679392
1.0231175
0.99251033
1.0197667
0.99577186
1.4050813
1.0839031
0.95284463
0.94759016
0.93720219
1.0795061
0.94243739
1.4091718
1.0357001
1.0117202
1.0074921
1.0403755
1.2340517
1.2977635
1.3006899
1.2313366
0.9399714
0.96595232
0.96182839
0.94425744
1.0213961
1.3111102
0.92182098
0.9179275
1.0252219
0.95362022
0.97044922
0.94879606
0.97524796
1.2521638
1.3241353
1.3196456
1.256441
1.2562587
0.80525593
0.80857288
0.82244763
1.1730117
1.2669686
0.90839257
0.93046129
0.904027
0.93508884
0.86360089
0.9540477
0.86840936
0.94922278
0.83805542
1.1768991
1.2835279
0.8357699
0.83036705
1.2709068
2.8031264
2.8111316
0.85011577
0.8469155
0.99450956
1.7017973
0.97322241
1.6936711
2.846617
2.8372657
2.9198002
2.8070366
2.1341134
2.6384209
2.1754051
1.8310408
1.5456718
1.8302386
1.5459031
2.9243816
2.8340585
2.0784994
2.6833729
2.2594493
2.1532104
1.8330688
1.5430003
1.5465611
1.8280554
0.78308068
0.78173267
0.75350988
0.78529331
0.67843157
0.58443933
0.54386994
0.61342988
0.67805793
0.57893575
0.54436258
0.61734624
1.0542606
0.81683619
1.0696362
1.2493826
1.2481547
1.0704509
0.81647112
1.0585348
0.58596535
0.68049274
0.6569455
0.62266601
0.54506386
0.62595565
0.68362364
0.61176638
1.0228165
1.0328084
1.0141705
1.0283773
1.018754
1.02524
1.0206316
1.0301352
0.95292353
0.98487595
0.76910489
0.87558896
0.8710983
0.74871552
0.96345332
0.91492894
1.0301668
1.0070338
1.027704
0.99597381
1.0194037
1.0298739
0.985549
0.98840917
0.88616612
1.0029767
1.0994634
1.0854676
1.0008073
0.92776665
1.3107076
1.2999689
1.3052633
0.95813069
0.9254118
0.95338736
0.92956129
1.3248493
1.3242701
0.96979336
0.9444384
0.94106408
0.97387397
0.97399266
1.2738214
1.2708596
0.85663331
0.9716243
0.8595168
1.1952209
1.2651017
1.193173
1.2678346
0.90263007
0.92671815
0.90481484
0.92422954
0.98046109
1.2754238
0.86991039
0.86843688
0.9824808
1.2720146
0.90777023
0.92893248
0.90624532
0.93099339
1.1969233
1.2819457
1.2043468
0.81779016
0.9164659
0.81587593
0.91821051
0.85989313
0.8850598
0.88262663
0.86234934
1.2435041
0.81546441
0.81695775
0.80345909
1.1464339
1.2507394
0.86727565
0.88743685
0.88963423
0.86491896
0.82785556
0.92597558
0.92781473
0.82557124
0.80795656
1.1466872
1.2554526
0.82875076
0.81937408
1.2518815
0.94770239
1.633699
0.8187844
0.82723134
1.6375783
0.95637308
2.7598976
2.7648789
0.82585197
0.82920977
0.94911489
1.6173693
0.95997263
1.6350594
2.710949
2.7520023
1.8334696
1.5467582
1.1792126
1.831846
1.5476676
1.1783532
2.1583509
2.9412826
2.846015
2.1055126
2.6817745
2.2642016
2.153346
1.8340599
1.5446139
1.1740128
1.5472646
1.1771891
1.829934
0.69397786
1.2787629
1.278987
0.56854586
0.69588788
1.2793961
1.2794629
0.78101909
0.56854046
0.7797575
1.020415
0.79150849
1.0246079
1.2867363
1.2640275
1.25446
1.2573161
1.2920106
1.2596749
0.79300355
1.0357799
1.0212846
1.2795296
0.6976508
1.2825666
0.59149744
0.57305506
0.69729755
1.2899764
1.2845867
0.59624657
0.75158747
0.5750049
0.78369427
0.83627806
1.0625162
1.2506906
1.0724818
0.83536922
1.0622803
1.2514666
1.0732661
0.72187236
0.66245121
0.65249036
0.77241358
0.72001142
0.64809272
0.679851
0.78982415
1.0638028
0.83984347
1.0737384
1.2552017
1.2535533
1.0744316
0.84107613
1.0693689
0.66517446
0.72880357
0.84784494
0.77993986
0.68407583
0.81987554
0.73359449
0.71618961
1.0915102
1.0791245
0.98740799
0.90984527
1.0840391
1.0444065
1.0359385
0.92907555
1.0982665
1.100318
1.0737261
1.0787135
1.0939243
1.0914819
1.0814828
1.08219
1.0830596
1.0987028
0.96875678
1.042003
1.040918
0.95612499
1.093422
1.072542
1.0998702
1.1006258
1.077275
1.0647033
1.080387
1.0817104
1.0970597
1.0870776
1.4586748
1.1366784
1.1317725
1.1513817
1.1421636
1.1555032
1.4553967
1.1227094
1.1269437
1.1643351
1.1460539
1.1598965
0.90610157
1.0933908
1.0313279
0.88272761
1.108173
1.0360968
1.5002753
1.1406332
1.4685142
1.1444043
1.1585123
1.179163
1.1737002
1.168003
1.1562158
1.1710369
1.4692292
1.1574309
1.1472862
0.9157046
1.0415341
1.1267766
1.1131511
1.0432392
0.97238658
1.10364
1.0893316
1.0848737
1.0755932
1.0311688
1.0796911
1.0989498
1.0762763
1.0806085
1.087368
1.0349581
1.0836666
1.1217113
1.1255923
1.1280442
1.127781
1.1273086
1.1256129
1.1172361
1.1258745
1.1217827
1.1311448
1.1353582
1.1335773
1.0940572
1.1211456
1.098201
1.0423303
1.0920066
1.0944516
1.0909074
1.0430084
1.0935647
1.1260101
1.0993574
1.1008667
1.0578245
1.0244189
1.0538876
1.0282907
1.4312924
1.112198
0.98440169
0.97620497
0.9767703
1.1107008
0.98058888
1.4265852
1.0659176
1.0392622
1.0367742
1.0670177
1.2648146
1.3286877
1.3333724
1.2606588
0.97997356
1.0059687
1.0012007
0.98469862
1.052523
1.3447948
0.95047741
0.94952791
1.0555487
0.99091505
1.0100513
0.98822713
1.0132048
1.2724242
1.3513157
1.3424192
1.2786106
1.2882349
0.84131237
0.84693871
0.8676421
1.2055847
1.3026609
0.9447426
0.96874987
0.94138833
0.97212147
0.89785164
0.98586947
0.98650543
0.89626227
0.88026984
1.2080044
1.3125457
0.87766066
0.86655546
1.3058381
2.8745202
2.8831843
0.8926811
0.88913714
1.0259336
1.7214512
1.0314937
1.7390735
2.834103
2.8764288
)
;
    }
}


// ************************************************************************* //
