/*--------------------------------*- C++ -*----------------------------------*\
| =========                 |                                                 |
| \\      /  F ield         | OpenFOAM: The Open Source CFD Toolbox           |
|  \\    /   O peration     | Version:  2412                                  |
|   \\  /    A nd           | Website:  www.openfoam.com                      |
|    \\/     M anipulation  |                                                 |
\*---------------------------------------------------------------------------*/
FoamFile
{
    version     2.0;
    format      ascii;
    arch        "LSB;label=32;scalar=64";
    class       volScalarField;
    location    "1300";
    object      yPlus;
}
// * * * * * * * * * * * * * * * * * * * * * * * * * * * * * * * * * * * * * //

dimensions      [0 0 0 0 0 0 0];

internalField   uniform 0;

boundaryField
{
    inlet
    {
        type            calculated;
        value           uniform 0;
    }
    outlet
    {
        type            calculated;
        value           uniform 0;
    }
    topandbottom
    {
        type            calculated;
        value           uniform 0;
    }
    front
    {
        type            symmetryPlane;
    }
    back
    {
        type            symmetryPlane;
    }
    airfoil
    {
        type            calculated;
        value           nonuniform List<scalar> 
12960
(
52.208454
47.599554
56.128604
47.526243
47.609354
46.985664
42.477568
47.130323
42.615783
46.603297
47.083948
47.170098
56.189844
56.031838
47.076798
55.233594
47.01619
54.306251
46.404891
48.027137
56.569611
47.411989
42.041915
47.411168
55.170297
47.518489
42.504911
47.097608
47.758401
47.085363
56.272306
47.416379
51.56511
51.605879
46.091442
42.559024
54.377861
54.344505
46.275717
55.189572
41.300593
42.280453
40.595779
42.342017
40.340124
40.080681
40.522246
47.007581
40.258231
55.803198
39.955689
40.225335
39.896842
55.224873
40.057246
55.578231
39.854735
40.042879
39.633417
46.165036
39.816368
55.847464
39.912874
40.176617
39.675477
47.008644
39.918476
42.658838
39.933853
39.74076
40.011371
47.892754
40.09805
41.922094
40.20504
39.872863
40.457592
47.423989
40.277165
47.527566
40.359984
40.201411
40.091306
42.73467
39.789554
55.56726
39.913011
39.973802
39.631744
46.97739
39.556249
54.469537
39.775746
39.753635
39.567477
41.243898
39.319006
42.729122
40.953195
39.852841
19.349809
47.936224
40.736427
40.609563
19.098086
19.028537
42.167772
40.469281
40.125883
18.926248
19.026057
19.100153
41.808439
39.829194
39.896449
18.948659
18.931566
56.034572
40.074199
40.283266
19.213516
19.259147
19.229584
55.729541
40.039254
40.084217
19.304276
47.361253
39.850356
39.870521
19.064721
19.16565
18.966646
46.190635
39.658571
39.823557
55.835446
39.911283
40.176386
19.083913
19.189653
55.904503
40.022259
40.150673
19.081531
19.126849
46.619521
39.975506
39.920617
18.985934
19.033203
18.984723
19.104904
56.285818
40.351762
40.329251
19.164496
19.186827
42.03554
40.109321
39.837488
18.962922
19.027465
18.892792
18.932819
41.651559
39.94959
40.00327
18.729517
18.79574
41.783572
39.933203
39.954238
19.026829
18.933726
18.729805
18.796625
18.897732
46.358652
39.841094
39.905431
18.932614
18.923738
47.185344
39.598694
39.776872
19.208309
19.176474
18.931673
19.046391
19.164799
54.303304
39.692004
39.692705
19.352354
19.290236
54.384174
39.674427
39.695437
19.3235
19.375492
19.053387
41.10315
39.695703
39.366187
18.98133
18.885867
46.85381
39.936141
39.794765
19.562591
19.083667
56.641839
47.222688
42.655663
46.555278
46.74446
47.75288
56.510431
47.332064
56.137045
47.888622
47.106302
46.928605
42.437034
42.663593
46.924816
42.289349
46.854589
42.292851
48.262216
48.24765
42.342543
46.732155
19.027172
20.043925
56.353844
47.679517
19.084366
19.076776
18.930457
19.083528
41.887374
46.819513
19.206317
19.075154
56.373643
18.967036
47.335986
19.071133
19.046146
19.00116
46.781487
47.243064
19.127201
19.040191
41.826555
47.175887
18.955892
19.146973
19.091426
19.025581
55.459616
55.526046
19.391826
19.393481
18.970401
48.108495
56.493545
19.170171
52.284357
51.90624
19.225377
18.931577
47.773174
43.231159
19.062131
19.080654
19.736
19.096883
41.189719
55.284038
40.38591
55.812915
40.013432
40.253459
39.804228
47.014701
40.096161
41.992953
40.329297
40.046384
40.366588
41.90804
40.149898
43.171548
40.302732
40.103888
40.48766
48.187754
40.325301
42.072769
40.211236
39.923091
40.412467
47.339396
40.183633
56.338193
40.152751
40.308171
40.092185
46.453152
40.0154
55.78904
39.951777
40.25338
39.676179
46.85636
39.894732
47.176933
39.786173
39.969834
40.084373
55.989414
40.360311
42.660888
40.278193
40.200894
40.594934
47.174208
40.668419
52.187222
40.472977
40.480128
40.710114
57.128491
40.916907
56.603393
41.433847
40.967683
19.01234
46.923464
39.637416
39.890006
19.125141
19.245664
55.57251
39.919478
40.225136
19.160569
19.1832
18.925719
19.277664
19.525242
19.27119
19.026393
55.981468
40.473597
40.42216
19.221251
19.236403
42.29366
40.248559
39.996833
19.224174
18.937928
19.141601
18.893341
18.915168
19.313953
52.180817
40.14474
40.105444
19.343086
18.84282
18.808563
46.850099
40.355571
40.322068
18.932795
19.166261
18.969351
18.836492
18.973057
19.172188
18.977908
48.175005
40.447874
40.312715
18.977592
19.167409
19.154691
42.047274
40.223655
39.926949
18.943619
19.062877
19.186477
18.948071
19.155823
19.057608
42.88716
40.068108
39.914095
19.040069
18.998273
47.966524
40.114551
40.160565
19.131253
18.933533
19.188335
19.085695
19.13574
19.068131
19.072798
41.696259
39.754849
39.761735
18.93218
55.945424
40.042824
40.289249
18.874103
19.240267
19.009717
19.225008
19.084342
54.927457
40.199679
40.149934
55.139979
40.212396
40.190078
19.082313
19.182261
19.178672
19.320781
19.324925
19.133178
19.206902
48.13839
40.346463
40.276335
47.97441
40.570989
40.421901
18.894159
19.177737
19.066793
19.179315
18.934072
19.189094
42.221666
40.495609
40.491937
18.761858
18.818663
51.865276
40.525801
40.521043
18.901652
18.74175
19.36726
18.7523
18.911375
18.798978
18.90595
56.832983
40.541013
40.856313
19.169088
19.261756
47.708649
40.269273
40.530784
19.02423
19.178502
19.236611
19.371765
0.79038626
1.2996814
1.2963576
0.81509186
1.2189712
1.2690258
0.98251377
0.93811689
0.94033649
0.97945268
1.0063681
1.009412
1.9691202
1.9386376
1.3060696
1.301268
0.85581807
0.96010615
0.9645293
0.85868089
0.7959293
1.2995512
0.79837749
1.2998677
1.2252417
1.2258523
0.98256961
0.94062943
0.98244079
0.94085928
1.0088002
1.0084151
1.9380857
1.9628812
1.3080951
1.3084579
0.85576173
0.96398485
0.85578828
0.96364215
0.78958861
1.2977277
0.79077401
1.2940962
1.224498
1.2247724
0.98249371
0.94089204
0.98258319
0.94087743
1.0079277
1.0076758
1.9576514
1.9516197
1.3073532
1.3075945
0.85544379
0.96321117
0.85558015
0.96301563
0.79582492
1.2963514
0.79345687
1.2985808
1.2245604
1.2246049
0.98235561
0.94106344
0.98243339
0.94108827
1.0073701
1.0072792
1.9984792
1.9313306
1.3069752
1.3070792
0.85518757
0.96277915
0.85526562
0.96268552
0.79436142
1.2929137
0.79503701
1.2957066
1.2247397
1.2242853
0.98211869
0.94097654
0.98221934
0.94073586
1.0073141
1.0073923
1.9307639
1.9471535
1.3069925
1.3069093
0.85506061
0.96260691
0.85508928
0.96260323
0.79387121
1.2991748
0.79759331
1.2987544
1.2245731
1.224619
0.98244685
0.94075097
0.98234001
0.94090048
1.0076309
1.0077689
1.954801
1.9629899
1.3072615
1.3071318
0.85514796
0.96270313
0.85509345
0.962807
0.79368265
1.3000231
0.79893614
1.2989115
1.2250736
1.2247115
0.98263138
0.94120566
0.98258462
0.94127343
1.0079584
1.0080261
1.96292
1.9472765
1.3075505
1.3074465
0.85530687
0.96298947
0.85524886
0.96308233
0.79281577
1.297843
0.79688933
1.2975683
1.2255731
1.2254434
0.98282206
0.94125347
0.98276335
0.94119651
1.0081219
1.0081789
1.9611435
1.9458291
1.3078255
1.3077132
0.85543756
0.96320221
0.85538742
0.96326304
0.79479939
1.2996263
0.79835515
1.3009385
1.2251581
1.2253628
0.98270985
0.94106857
0.98282112
0.94090027
1.0083145
1.0084154
1.9577934
1.9577125
1.3081712
1.3080243
0.85552332
0.96339251
0.85551823
0.96350655
0.79012083
1.2952675
0.79203417
1.2959673
1.2234136
1.2259218
0.9821431
0.94013063
0.98225274
0.9397955
1.0087498
1.0091027
1.9461316
1.9349231
1.307431
1.3084532
0.85550114
0.96381149
0.85537711
0.96409035
1.188298
1.1845868
1.9668499
1.9386126
1.833726
1.8538744
1.1926194
1.1897587
1.9423638
1.9526876
1.832762
1.8352919
0.69225961
0.71213771
0.79032431
1.3003016
1.2972151
0.79791617
0.69212462
0.69956779
1.3101404
0.95628837
0.95998245
1.3165503
1.2239069
1.2260802
1.3122144
0.96069975
0.96029212
1.3132639
0.98842456
0.93701887
0.94363953
0.98509299
0.98251454
0.94057761
0.94037393
0.9824507
0.98846032
0.94343334
0.9437254
0.98830052
1.305091
1.3002788
0.98478338
0.94531584
0.9498246
0.98409414
1.0089869
1.0095088
1.3067595
1.3075816
0.98631622
0.9498476
0.95000411
0.98729465
0.85435639
0.95956847
0.96399713
0.85718207
0.85459665
0.96359723
0.9640273
0.85435522
1.8348489
1.8546232
1.9413174
1.950917
1.8321638
1.8353423
1.2190854
1.2694107
1.2240877
1.2262511
0.98592998
0.94580484
0.95030832
0.9852523
1.3077309
1.3085667
0.98745488
0.95032705
0.95047178
0.98842013
0.85604965
0.96411561
0.96454267
0.85579684
1.1902284
1.1937647
1.9417436
1.9618209
1.8322303
1.8333605
1.1957137
1.1945365
1.9485351
1.9518715
1.8390818
1.8377824
0.69820467
0.69987863
0.79972732
1.3005842
1.3015428
0.7956072
0.70214295
0.69966367
1.3128686
0.96075179
1.3132237
0.96073989
1.2250114
1.2248189
1.3127246
0.96059507
0.96074093
1.3125007
0.98825588
0.94335959
0.98827482
0.94317294
0.98264007
0.9409627
0.94096171
0.98263921
0.98827928
0.94294359
0.94313594
0.98818879
1.3071882
1.3075685
0.98722925
0.9497849
0.98736171
0.94950948
1.0080411
1.0083344
1.3071029
1.3067864
0.98721072
0.94923051
0.94944349
0.98712064
0.85432618
0.96347671
0.85434523
0.96313782
0.85429972
0.9627956
0.96305239
0.85419771
1.8318178
1.8341204
1.9504637
1.9538567
1.8388735
1.8389942
1.2254559
1.2260302
0.98831447
0.95023298
0.9884558
0.94996697
1.308003
1.3077155
0.98829026
0.94967777
0.94988359
0.98819832
0.85573269
0.96328094
0.96353804
0.85562142
1.1966946
1.1879216
1.9578888
1.9522444
1.8542534
1.8629419
1.1814631
1.1894199
1.9442677
1.950105
1.8563816
1.8243494
0.69435722
0.69441736
0.78914715
1.2944089
1.2942001
0.79445858
0.69417802
0.69957349
1.3122277
0.96053452
1.3124761
0.96041401
1.2244543
1.2245246
1.312232
0.96048189
0.96042845
1.3122793
0.98798761
0.94288514
0.9881455
0.94268188
0.98249456
0.94106529
0.9409382
0.98246869
0.98796185
0.94246416
0.94263379
0.98785001
1.3064664
1.3067519
0.98701028
0.94919221
0.98714283
0.94900313
1.0074387
1.0076218
1.306434
1.3062155
0.98700486
0.94881729
0.94896444
0.98690549
0.85401445
0.9627305
0.85415294
0.96251815
0.85396388
0.96230155
0.96246917
0.85383699
1.8544022
1.8619218
1.9438818
1.9503309
1.856284
1.8239012
0.98809825
0.94961454
0.98820173
0.94945905
1.3073242
1.30716
0.9880981
0.94929773
0.94941082
0.98802444
0.85539929
0.96281269
0.96295375
0.85529236
1.1874453
1.1888959
1.9983464
1.9313525
1.8522624
1.8254176
1.1880891
1.1900601
1.948867
1.9495325
1.8410065
1.8574964
0.70051029
0.69829501
0.79240649
1.2947987
1.2968665
0.7940901
0.69713308
0.69697333
1.3124996
0.96051545
1.3123757
0.96058358
1.2244811
1.2241741
1.312568
0.96055893
0.96061299
1.312369
0.98772558
0.94243125
0.98782508
0.94234695
0.98234472
0.94106684
0.94111066
0.98228072
0.98772004
0.94237479
0.94235213
0.98768163
1.3060865
1.3062178
0.98688874
0.94882646
0.98693562
0.94874665
1.0073177
1.0072874
1.3061129
1.3060444
0.98692164
0.94797126
0.94874938
0.9869407
0.85372016
0.96228629
0.85380236
0.96219202
0.85369655
0.961387
0.96218624
0.85364334
1.8516306
1.8250017
1.9492944
1.9519038
1.8412721
1.8588543
0.98799023
0.94926424
0.98803858
0.94919659
1.306992
1.3069353
0.98801015
0.94915342
0.94917766
0.98798777
0.85516352
0.96261059
0.96265674
0.85510242
1.1792795
1.1860781
1.9272287
1.9448524
1.8258525
1.8233043
1.1941077
1.1864583
1.9614422
1.949336
1.8313512
1.8562531
0.69709889
0.6981747
0.79797622
1.2976547
1.2981173
0.79338473
0.70033965
0.69707479
1.3122951
0.96050671
1.3123907
0.96024373
1.2247256
1.2246702
1.3122123
0.96018946
0.96019927
1.3120634
0.98763852
0.9424018
0.98767086
0.94248032
0.98215396
0.94073844
0.94072743
0.9823012
0.98768579
0.94268849
0.94253758
0.98784579
1.3061712
1.306111
0.98716201
0.94874862
0.9870313
0.94882923
1.0076001
1.0074537
1.3062346
1.3062893
0.98722855
0.94895605
0.94886738
0.98733977
0.85363743
0.96213559
0.85363813
0.96219509
0.85364045
0.96229351
0.96222469
0.85368233
1.8301573
1.8238929
1.9658228
1.9398928
1.8326713
1.847862
1.2252207
1.2247006
0.98815255
0.94915135
0.98804334
0.94917989
1.3070501
1.3071372
0.98820781
0.94927471
0.94919399
0.98830081
0.8550551
0.96266898
0.96260717
0.85507734
1.1902799
1.1965571
1.9509619
1.958563
1.8601873
1.8325273
1.1991346
1.1919346
1.9566255
1.9624129
1.8311139
1.8705922
0.69726291
0.70141984
0.79905653
1.2997226
1.3004991
0.79433139
0.7019892
0.69726134
1.3122005
0.96025529
1.3120912
0.96050008
1.2245155
1.2246732
1.3122546
0.96085744
0.9606108
1.3124555
0.98803421
0.94275207
0.98791542
0.94289076
0.98249339
0.94117578
0.94099278
0.98257139
0.98808302
0.94303434
0.94294533
0.98815219
1.3064308
1.3063662
0.98752116
0.94901648
0.98742839
0.94910727
1.0079458
1.0078329
1.3064946
1.3065312
0.98757326
0.94922907
0.94915306
0.98761442
0.85375855
0.96233566
0.85369693
0.96242614
0.85377762
0.96254721
0.96247017
0.85383634
1.8622202
1.8357728
1.9581124
1.9621841
1.8318158
1.870464
1.2250122
0.98849618
0.94930747
0.98836762
0.9494302
1.3073378
1.3074577
0.98856145
0.94958536
0.94946869
0.98865337
0.85516488
0.96295035
0.96283956
0.8552276
1.1914908
1.1982248
1.9639701
1.9493947
1.872495
1.8283074
1.1959486
1.1902859
1.9465761
1.9643115
1.8278459
1.8712317
0.6967947
0.70174684
0.79785134
1.2973948
1.2989197
0.79255861
0.70085845
0.69589056
1.3126279
0.96092477
1.3125217
0.96096645
1.2251434
1.225434
1.3126479
0.96086179
0.96096562
1.3126385
0.98821299
0.94306864
0.98818559
0.9431097
0.9826663
0.94128266
0.94130471
0.9827425
0.98824128
0.94315025
0.94313273
0.98828562
1.3065976
1.3065883
0.98762435
0.9492728
0.98766227
0.94928511
1.0081206
1.0080648
1.3066497
1.3066622
0.98763641
0.94929662
0.94929944
0.9875774
0.85389043
0.96258056
0.85384941
0.96261702
0.85389385
0.96264881
0.96263757
0.85450234
1.8709639
1.8270935
1.946183
1.9639493
1.8266067
1.8710437
1.225707
1.2253184
1.2257785
1.2260828
0.98873881
0.94961747
0.98869905
0.94970817
1.3076204
1.3077252
0.98877284
0.94978335
0.94972917
0.98876711
0.85532152
0.96317652
0.96310486
0.85537089
1.1888278
1.1959735
1.9621121
1.9475585
1.8691099
1.8277498
1.1978969
1.1889923
1.9474301
1.9584272
1.826578
1.8657512
0.69605867
0.70003287
0.79732203
1.2991001
1.2981651
0.79396183
0.7003087
0.69670437
1.312606
0.96083895
1.3126341
0.96074706
1.225537
1.2254818
1.3126162
0.96073333
0.96074683
1.3126475
0.9883615
0.94316883
0.98832108
0.94318517
0.98284706
0.94111741
0.94120043
0.982842
0.98838778
0.94320979
0.94320394
0.98839518
1.3067456
1.3067174
0.98747492
0.94930259
0.98757765
0.94928048
1.0083016
1.0082207
1.3068124
1.3068879
0.98746964
0.94928451
0.94928969
0.98735757
0.85453073
0.96266503
0.85451479
0.96268109
0.85454884
0.96275703
0.96270556
0.8545779
1.8682024
1.8264249
1.9466248
1.9570229
1.8257809
1.8647765
1.2262999
0.98873048
0.94979365
0.9887816
0.94982394
1.3079011
1.3080269
0.98873456
0.94985057
0.94982868
0.98863317
0.85545294
0.96335687
0.96328023
0.85550423
1.1909115
1.2007702
1.9576849
1.9577404
1.867565
1.8311208
1.1975816
1.1897051
1.95309
1.9850383
1.8284041
1.8873918
0.69721756
0.70078109
0.79883552
1.2981645
1.299395
0.79120198
0.70149
0.69392994
1.3126482
0.96075254
1.3126681
0.96070612
1.2251009
1.2256643
1.3126312
0.960338
0.96066745
1.312698
0.98834437
0.94322162
0.98840809
0.94320308
0.98265608
0.94033821
0.94082826
0.98235184
0.98831996
0.94317607
0.94320633
0.98814252
1.3070795
1.3069697
0.98720381
0.94930267
0.98734645
0.94933394
1.0086676
1.0084782
1.3071755
1.3073461
0.98718756
0.94943513
0.94936589
0.9870736
0.85458739
0.96279714
0.85459605
0.96290329
0.8545764
0.96313221
0.96296223
0.85446496
1.8683503
1.8311999
1.9509609
1.984551
1.827384
1.8868918
1.2258993
1.2261006
1.2258475
1.2264238
0.98846306
0.94985725
0.98861401
0.949898
1.3082657
1.3084722
0.98844286
0.94999104
0.94991429
0.98832249
0.85550444
0.9637251
0.9635485
0.85540647
1.1854385
1.1866218
1.9441894
1.935786
1.8313918
1.8256767
1.1854508
1.1824976
1.971163
1.9388213
1.8354589
1.8532656
0.69311194
0.69481431
0.78981867
1.2982629
1.2953772
0.81410491
0.69270068
0.71196492
1.3113005
0.9601908
1.3127439
0.95956114
1.2182939
1.2686698
1.3092668
0.95572449
0.95928843
1.3160289
0.98806895
0.94319819
0.98811412
0.94328747
0.98213013
0.93772183
0.93982516
0.9789991
0.98800916
0.93641856
0.94316867
0.98457296
1.306355
1.307415
0.98576587
0.94947686
0.98702684
0.94942379
1.0058343
1.008992
1.3047246
1.2997748
0.98422276
0.94379816
0.9492157
0.98336409
0.85395948
0.96322551
0.85444069
0.96348887
0.8536732
0.95810888
0.96343391
0.85637621
1.8320787
1.8250618
1.9723344
1.9397003
1.8355203
1.8544412
1.2241605
1.2266878
0.98701551
0.95001944
0.98826599
0.94999632
1.3057995
1.3008415
0.98547165
0.94515905
0.94977953
0.98461249
0.85522281
0.9594973
0.96402509
0.85796593
2.6940035
0.85807655
2.9500086
0.85922434
2.7333366
0.85872473
0.85870354
0.85882798
2.9685924
0.85907496
0.85949335
0.85998769
2.9718547
0.8606106
2.920966
0.8614256
2.6915262
2.9076871
1.1838777
1.1920285
0.85554001
0.85696938
2.9064867
1.1840798
1.1946718
0.85947283
2.9467181
2.9593352
1.1943465
1.1911908
0.8565101
0.85576855
1.1944366
1.1938841
0.85884232
2.7277095
2.9573244
1.1934962
1.1906246
0.85545092
0.85497892
1.1936659
1.1934295
0.85869385
2.6658706
1.1904845
1.1902992
0.85474417
0.85437816
1.193337
1.193234
0.85878139
1.1902261
1.1901249
0.85419369
0.8538804
1.1932025
1.193184
0.85897008
1.1900754
1.1899866
0.85370748
0.85337982
1.1931892
1.1932331
0.85933181
2.9585336
1.18993
1.1898253
0.85317213
0.85275797
1.1932635
1.1933205
0.85980778
2.9596742
1.1897943
1.1898049
0.85251958
0.85217587
1.193367
1.1935136
0.86034764
2.969208
2.6173531
1.1924522
1.190262
0.85207042
0.85211343
2.6236979
1.1936648
1.1940915
0.86117828
2.9153965
2.6900444
1.1903797
1.1796063
0.85225581
0.85046071
1.1942349
1.1834965
0.85994034
1.0258459
0.79112244
1.0260215
1.2892587
1.2661034
1.2553671
1.2618885
1.2969504
1.2617658
0.79172057
1.0378667
1.0217325
1.0506815
1.2411672
1.2471042
1.0459941
0.56323697
0.53812083
0.52624964
0.57357565
0.41663486
1.2131157
0.79212179
0.78869175
0.43696121
1.206126
0.97408528
0.98238447
0.9740832
0.94015264
0.95136212
0.9536116
0.95343493
0.9402715
0.95347893
0.98216039
0.97184194
0.97417287
1.0081316
0.83849411
0.82394167
0.83378613
1.0086675
0.83448157
2.1835515
1.9622824
2.971483
1.9363133
1.3550141
1.3041852
1.3539715
1.2980113
1.3545722
1.0198308
0.85627775
0.96280204
0.90581807
0.91256925
0.96399228
0.84746671
1.0176422
0.87601936
0.9521818
0.95132201
0.87674896
0.97448821
0.85833514
0.97794377
0.79145169
1.0298359
1.0261319
1.2652291
1.3002512
1.2632457
0.79421331
1.0315732
1.0283401
1.2641763
1.2996258
1.2616938
1.0479026
1.2438925
1.0487662
1.2432633
0.56609956
0.52724764
0.56553859
0.5278628
0.30943805
1.2254774
0.78436159
0.31036574
1.2256688
0.78463177
0.98252263
0.97415676
0.97408208
0.95339219
0.94071247
0.95347158
0.98249089
0.97395764
0.9740325
0.95364332
0.94079942
0.95356763
0.83484847
1.0086647
0.83490882
0.834923
1.008548
0.83494072
2.1869639
1.9830295
1.9537959
1.3082735
1.3541507
1.3084377
0.8557753
1.0186918
0.91210772
0.96385872
0.85578046
1.0190608
0.91188143
0.96374211
0.87608831
0.95101678
0.95113146
0.8759949
0.9770321
0.85913528
0.97683957
0.7916464
1.0233933
1.0252759
1.260209
1.2984704
1.2604032
0.79051388
1.0249949
1.0248361
1.2582089
1.2935097
1.2594881
1.0494462
1.2442171
1.0492995
1.2444941
0.56632079
0.52865503
0.56651197
0.52840955
0.30512044
1.2245863
0.78483441
0.30519851
1.224695
0.78481866
0.98252473
0.97418816
0.97419846
0.95371228
0.94087064
0.95369023
0.98256666
0.97424588
0.97423578
0.9536895
0.94087751
0.9536944
0.8346578
1.0078495
0.83459574
0.83445282
1.007777
0.83453451
2.2831785
1.9622545
2.7537666
2.1806474
1.974841
1.3074753
1.353019
1.3075992
1.3533412
0.8554853
1.018066
0.91160594
0.96313758
0.85552924
1.0182609
0.91147215
0.96306938
0.8755914
0.95034332
0.95039457
0.87555016
0.97631509
0.85871138
0.97631811
0.79403374
1.0291255
1.0275448
1.2609512
1.2968351
1.259321
0.79071008
1.0266506
1.024234
1.2633529
1.2993041
1.2624035
1.0488789
1.2436855
1.0488184
1.2438734
0.56588697
0.52790851
0.56590153
0.52794167
0.30558057
1.2246184
0.78495603
0.30464643
1.2246484
0.78494932
0.98239497
0.97416088
0.97420002
0.95382171
0.94108758
0.95382688
0.98243379
0.97423956
0.97424518
0.95378392
0.94110823
0.95382604
0.83423164
1.0073416
0.83421571
0.83416893
1.007323
0.83420178
2.210359
1.9417185
2.3268488
2.9974136
2.1679337
1.9745387
1.3070498
1.3525692
1.3526073
1.3071277
1.3526798
0.85520868
1.0177447
0.911302
0.96274032
0.85523255
1.0178339
0.91122838
0.96270596
0.87535817
0.95003173
0.95005065
0.87533245
0.97650254
0.85871962
0.97654564
0.79072517
1.0273918
1.0242436
1.2598542
1.2945842
1.259968
0.7933294
1.0270217
1.0262458
1.2610638
1.2954327
1.258823
1.0480706
1.2432417
1.0485227
1.2429495
0.56727616
0.52868183
0.56652714
0.52939294
0.30569354
1.224666
0.78469305
0.30791944
1.2244913
0.78467166
0.98214048
0.97381902
0.97386017
0.95360673
0.9408996
0.95353145
0.98219316
0.97399137
0.97394329
0.9533914
0.94082274
0.953463
0.83424488
1.0073447
0.83427108
0.83431541
1.0073803
0.8343031
2.1763313
1.9795534
2.193728
1.9264704
1.307014
1.352594
1.3525786
1.3070229
0.85506477
1.017613
0.9111633
0.96259807
0.85507264
1.0176449
0.91115706
0.96259379
0.87522959
0.94988666
0.94988913
0.87521826
0.97686433
0.85885649
0.97691681
0.79321294
1.0270274
1.0267285
1.263988
1.298593
1.2633402
0.79677952
1.0303865
1.0296369
1.2615216
1.299723
1.2616359
1.0492847
1.2449932
1.0501512
1.244276
0.56886212
0.53135602
0.5691731
0.53105633
0.30383622
1.224616
0.78480744
0.30301753
1.2246136
0.78483277
0.98242406
0.97405917
0.97403433
0.95345342
0.94080167
0.95349283
0.98240343
0.97397302
0.97402709
0.95355469
0.94085916
0.95353346
0.83458086
1.0076893
0.83464274
0.83473042
1.0077452
0.83470115
2.1666644
1.968011
1.9481115
1.3072662
1.3529239
1.3072611
0.85512662
1.017728
0.91124813
0.96273285
0.85510606
1.0176599
0.91134288
0.96276527
0.87523416
0.94988366
0.94986826
0.87524146
0.97735169
0.85912581
0.9774349
0.79438396
1.02668
1.0273327
1.2647242
1.300192
1.2648726
0.79910839
1.0313247
1.0314805
1.2612328
1.2992864
1.2617747
1.0493865
1.2451276
1.0501835
1.2444878
0.56813564
0.53026634
0.56807636
0.53021394
0.30480993
1.2249635
0.7855752
0.30589922
1.2248174
0.78569012
0.98262537
0.974306
0.97429434
0.95378735
0.94124933
0.95383089
0.98262494
0.97425023
0.97429727
0.95386861
0.94127858
0.9538647
0.83496646
1.0079953
0.83501923
0.83508463
1.0080272
0.83506757
2.166676
1.9584666
2.6674657
2.2657158
1.9489155
1.307563
1.3532856
1.3075672
1.3531473
0.85528632
1.017906
0.9115074
0.96301955
0.85526454
1.0178441
0.91158289
0.96304807
0.87531218
0.94994453
0.94992866
0.8753146
0.9780528
0.85955776
0.9781445
0.79267038
1.0258567
1.0256726
1.2628159
1.2977717
1.2629241
0.797101
1.0293359
1.0295217
1.2603531
1.2973051
1.2601436
1.0486122
1.2443563
1.0492541
1.2438135
0.56892233
0.53059331
0.5689389
0.53053988
0.29704901
1.2255613
0.78628155
0.29757955
1.2254939
0.78628721
0.98281727
0.97448099
0.97448216
0.9539661
0.94124769
0.95398802
0.98281173
0.97444894
0.97449208
0.95397946
0.94123615
0.9540001
0.835261
1.008151
0.83529928
0.83532619
1.0081793
0.83532996
2.1692145
1.9615467
2.171435
1.9461625
1.3078334
1.3536573
1.3536158
1.3078353
1.3535042
0.85541851
1.0180694
0.9116553
0.96321991
0.85539969
1.0179986
0.91167286
0.96323762
0.87532742
0.9500436
0.9500121
0.87532837
0.97881284
0.86005917
0.97890842
0.79311936
1.0283479
1.0266004
1.26461
1.2993394
1.264172
0.79757751
1.0310554
1.0304333
1.2631977
1.298925
1.2614387
1.0490233
1.2445981
1.0494395
1.244297
0.5671904
0.52934905
0.56758028
0.52895074
0.30527413
1.2252333
0.78576169
0.30356143
1.2252835
0.7856013
0.9827706
0.97429505
0.97436843
0.95390097
0.94103827
0.95387564
0.98282068
0.97445025
0.97443944
0.95374569
0.9409918
0.95383321
0.83532175
1.0083563
0.83530941
0.83521498
1.008399
0.83528351
2.1773423
1.9709155
2.67779
1.9519547
1.3081655
1.3542633
1.3541599
1.3081568
0.85552847
1.0184146
0.91169618
0.96342462
0.85552383
1.0182534
0.91172005
0.96346033
0.87543469
0.95042944
0.95034921
0.87546817
0.97975612
0.86071919
0.9799252
0.78841301
1.0251464
1.0234952
1.2608692
1.2960176
1.2611025
0.79138286
1.0261667
1.025959
1.2609305
1.2965129
1.2596378
1.0499403
1.2458656
1.0496971
1.2463302
0.56193614
0.52562541
0.56371892
0.52397215
0.32666176
1.2254018
0.7828011
0.31565809
1.2260144
0.78243176
0.98218254
0.97364429
0.97363627
0.95305106
0.93998096
0.9529565
0.9822164
0.97371884
0.9736677
0.95293014
0.939877
0.95293332
0.83460187
1.0088865
0.83439811
0.83392705
1.0090437
0.83412293
2.1794731
1.9814692
1.9306343
1.308113
1.3556786
1.3084752
0.85537204
1.0193319
0.91184081
0.96390704
0.85536604
1.0188529
0.91206843
0.96401516
0.87598578
0.95145679
0.95134017
0.87603294
0.98164416
0.86146443
0.98206706
1.1818871
1.1914762
2.1827547
1.9604903
2.2888408
1.9366584
1.8334744
1.8617971
1.5578706
1.5489218
1.8277181
1.8602461
1.1947409
1.1987753
2.1780475
1.9843469
2.2270085
2.9096275
1.9321809
1.8422103
1.8875862
1.5577592
1.557298
1.8400196
1.84172
1.2805975
0.69360977
1.2821053
0.59228473
0.57305393
0.57177276
0.69240179
1.2895661
1.2835887
1.0257149
0.78930551
1.0247274
1.2991844
1.2653494
1.2630994
1.2616396
1.298716
1.2610602
0.79360672
1.0313184
1.0280264
1.2803609
0.69078369
1.2796189
0.69526841
1.2823307
1.2810573
0.54965681
0.47869495
0.47612942
0.55286064
1.0498175
1.2459063
1.2459059
1.05034
0.55018757
0.47813577
0.47718435
0.55125853
0.68367334
0.71303412
0.70785057
0.68986295
0.56066633
0.52414125
0.52274295
0.5620764
0.6833031
0.70915094
0.70799661
0.68446612
0.91768087
1.3084304
0.91747984
0.95858702
0.95217547
0.95234038
0.95226904
0.95956738
0.9523026
1.3051264
0.92236437
0.91778153
0.33061612
1.2257317
0.78307926
0.78283567
0.31971129
1.2262203
0.91901627
1.3130238
0.91958226
0.96063206
0.95225895
0.95244699
0.95250959
0.96049752
0.95252622
1.3133434
0.91991314
0.91999498
0.97892469
0.98816176
0.97848103
0.94089504
0.98294939
0.98586872
0.98781299
0.94297573
0.98728445
0.98766138
0.97431728
0.97737123
0.97401658
0.98249906
0.97397346
0.94050263
0.95335779
0.95333019
0.9533572
0.94044207
0.95334439
0.98247865
0.97394674
0.97396018
0.97900292
0.988425
0.97896243
0.94354033
0.9875035
0.9876313
0.98786966
0.94365792
0.98778295
0.98837482
0.97880852
0.97889963
1.3542308
1.3032015
1.2970236
1.0109142
0.98289617
0.94801097
0.98648393
0.98981198
0.94920013
0.9797955
1.0095315
1.0091752
0.83476667
0.83464162
0.83431925
1.0093868
0.83444257
1.3551262
1.3073455
1.3076489
1.0115656
0.98692575
0.94995333
0.99040009
0.99025092
0.95002756
0.98727087
1.0104022
1.0183999
0.85480737
0.96228107
0.90445564
0.91120275
0.96348336
0.84596585
1.0161827
1.2522201
1.2542074
1.0183996
0.85443066
0.96375406
0.91084698
0.91121695
0.96392245
0.85438326
1.0178214
1.2564864
1.2558753
1.3109234
0.87353619
0.94965749
0.9487892
0.87426475
0.81550738
0.81610528
1.2740045
1.1900631
1.2814362
0.87423383
0.94970614
0.87432411
0.9495526
0.8158071
0.81576594
1.1942667
1.2826262
1.2833692
0.97186453
0.85592644
0.97539687
0.85707056
0.97521404
0.97570891
1.8340164
1.8627773
1.8273262
1.8614473
2.1788833
1.9832235
1.9311635
1.8421291
1.8872768
1.556739
1.840543
1.8429078
1.0509512
1.2417721
1.2476265
1.0463716
0.54944513
0.47843174
0.47579518
0.55274833
1.0502321
1.2466569
1.2465602
1.0508639
0.55011883
0.47800225
0.47695466
0.55130859
0.5633017
0.53794524
0.52601864
0.57370504
0.68378587
0.71314669
0.70801165
0.68995427
0.56075545
0.52390341
0.52245506
0.56223183
0.6834658
0.70936385
0.70821688
0.6846332
0.41862245
1.213251
0.79224987
0.78890523
0.43772117
1.206466
0.33233934
0.78318064
0.78294441
0.32149453
1.2264004
1.0109224
0.98404836
0.948483
0.98677453
0.99006653
0.94966032
0.98095059
1.0095653
1.3559025
1.3083074
1.3086031
1.355254
1.0115474
0.98805495
0.95041219
0.99066689
0.990484
0.95047838
0.98838929
1.0115234
1.253863
1.3115031
1.3102996
1.2558551
1.0198223
0.85587833
0.9642654
0.91220582
0.9125813
0.96442238
0.85582853
1.0192273
1.2581314
1.2575227
1.3123441
0.81828546
0.81888564
1.2759142
1.1926015
1.2838244
0.8767255
0.95221784
0.87681332
0.9520591
0.81857364
0.81852918
1.1969298
1.2850233
1.2857688
0.85952317
0.97794883
0.97841167
1.1989842
1.2007558
2.1854866
1.9806529
2.2323418
2.170563
1.9557239
1.8843672
1.8417358
1.8626694
1.8352915
1.1938757
1.1964954
2.1560553
1.9446596
2.2224703
2.8732332
1.9698182
1.8453745
1.8519769
1.5622943
1.5595231
1.8450883
1.845794
0.69340592
1.2820468
1.2803569
0.56737997
0.69565941
1.282242
1.2808435
0.56636387
1.0326305
0.79981268
1.0322506
1.3011424
1.264089
1.265737
1.2662303
1.3013862
1.2656613
0.79907304
1.0295182
1.0320625
1.2835339
0.70306074
1.284253
0.57325426
0.57330378
0.70282404
1.2828883
1.2842553
0.55046454
0.4781138
0.55100666
0.47787215
1.053313
1.2479492
1.2476922
1.0533184
0.55435478
0.4803542
0.48075207
0.55385915
0.68750176
0.71166942
0.68701113
0.71216437
0.56725404
0.52983168
0.52965038
0.56762382
0.68827384
0.71309307
0.71302706
0.68848841
1.3130592
0.92006023
0.92017844
0.95211012
0.96076539
0.95194854
1.3131889
0.92007778
0.92024239
0.95158405
0.9607736
0.95179532
0.30742081
1.2248669
0.78500509
0.78502813
0.30663278
1.2248309
0.92012573
1.3126067
0.92015352
0.96067006
0.95103786
0.95118948
0.9514538
0.96072994
0.95133769
1.3125867
0.92017969
0.9202967
0.98825794
0.97866623
0.97869754
0.98741668
0.94329124
0.98733737
0.9882719
0.97876485
0.97873745
0.98721177
0.94324292
0.98729233
0.97425377
0.98267257
0.97430704
0.94100299
0.95377441
0.95381179
0.95375136
0.94101877
0.95381943
0.98268207
0.97429966
0.97433788
0.97866051
0.98827429
0.97863246
0.94302089
0.98694322
0.98702968
0.98717024
0.94309387
0.98712214
0.98825825
0.97852051
0.97859922
1.3073597
1.3534282
1.3075175
0.9873144
1.0096195
0.9903746
0.94969933
0.9873751
1.0113309
0.99009224
0.94962581
1.0081397
0.83474218
0.83482233
0.83490976
1.008249
0.83488656
1.3532184
1.3069994
1.306953
1.3527519
1.0094389
0.98719659
0.94931831
0.98980529
0.99002223
0.94939738
0.98720523
1.0090152
0.85433873
1.0173047
0.91074868
0.96335952
0.85434194
1.0176551
0.91053486
0.96326014
1.2565078
1.2563923
1.0172093
0.85427109
0.96288622
0.91089233
0.91047451
0.96298106
0.85423301
1.0169736
1.2561976
1.2562798
1.3088469
0.87359993
0.94849925
0.94860991
0.87350497
0.81585072
0.81587162
1.2821576
1.1942397
1.2818925
0.87335332
0.94838926
0.87342016
0.94827856
0.81580682
0.81574928
1.19376
1.2806187
1.2812739
0.97410363
0.85634595
0.97382795
0.85590053
0.9729815
0.9731586
1.8859655
1.8431477
1.8597338
1.8361161
1.5590138
2.1581111
1.945074
1.9704586
1.8448622
1.8521583
1.8455625
1.8467894
1.0481359
1.2445895
1.0492006
1.243752
0.55025835
0.47790396
0.55095054
0.4775321
1.0533282
1.2482873
1.2479689
1.0533918
0.55401872
0.47985163
0.48025205
0.55354697
0.56537702
0.5267417
0.56494121
0.52710554
0.68743993
0.71175369
0.68700409
0.71221574
0.56703851
0.52913954
0.52898207
0.5671551
0.68845148
0.71327147
0.71315815
0.68854077
0.31102242
1.2256755
0.78444291
0.31209485
1.2258523
0.78470427
0.30867557
0.78509618
0.78511195
0.3079176
1.2250598
0.98839278
1.0107119
0.99060295
0.95014097
0.98846079
1.0113282
0.99034409
0.95004831
1.3539351
1.3078933
1.3078445
1.3534663
1.0105262
0.9882583
0.94973967
0.99003456
0.99025485
0.9498065
0.98826458
1.010093
1.2581323
1.3106168
1.2580141
1.0185903
0.85569876
0.96336079
0.91165235
0.91181611
0.963443
0.85565928
1.0183327
1.2578118
1.2578976
1.3102453
0.81862988
0.81865155
1.2840469
1.1943039
1.2837741
0.87584984
0.95089612
0.87591415
0.95078304
0.81858038
0.81852413
1.1964675
1.283032
1.2836861
0.85890797
0.97640949
0.97648145
1.1984556
1.1815132
2.2793131
1.9599928
2.200787
2.7512969
2.179727
1.9743526
1.8294472
1.8555527
1.8793073
1.8658779
1.1923358
1.1847204
2.1988511
1.9265305
2.1475483
1.9579323
1.8628377
1.8256763
1.5452781
1.565156
1.8634498
1.829186
0.69596016
1.2789959
1.279431
0.56152348
0.69394711
1.280108
1.2790606
0.56138628
1.0229431
0.79119871
1.0246456
1.2969355
1.260674
1.2605117
1.2578702
1.2940655
1.2590336
0.79282149
1.0271486
1.0260503
1.2789556
0.69626079
1.2796729
0.56175703
0.69789366
1.2809937
1.280459
0.54997574
0.47720166
0.55025132
0.47684693
1.0493606
1.2446905
1.2443896
1.049978
0.55054442
0.47809847
0.47743274
0.55141321
0.68768431
0.71279896
0.68782862
0.71269471
0.5659766
0.52789966
0.52785645
0.56602305
0.68767927
0.71260598
0.71258058
0.68769769
1.3123143
0.92028704
0.92032751
0.95093865
0.96047584
0.95084609
1.312426
0.92029879
0.92040138
0.9507273
0.96045041
0.95079735
0.3051478
1.2244383
0.78488944
0.78485492
0.30497772
1.2244617
0.92046282
1.3122323
0.92058435
0.96046817
0.95081357
0.95079435
0.95074578
0.96045726
0.95078183
1.312284
0.92077258
0.9207985
0.98804386
0.97828447
0.97835294
0.98687968
0.94281947
0.98680778
0.98810558
0.97847205
0.97842408
0.98666708
0.94276484
0.98675886
0.97421384
0.98248941
0.97423442
0.94103284
0.95383238
0.95381381
0.9537356
0.94099849
0.95378855
0.98249638
0.9742637
0.97427318
0.97824526
0.98792917
0.97819887
0.94252477
0.98641793
0.98648547
0.98661553
0.94258966
0.98656707
0.98790976
0.97809595
0.97816491
1.3065916
1.3523073
1.3067176
0.98708535
1.0085694
0.98976595
0.94913405
0.98714562
1.0100028
0.98952853
0.94908971
1.0074962
0.83427759
0.83432397
0.83440798
1.0075676
0.83437594
1.3522226
1.306371
1.3063518
1.3520028
1.0084735
0.98697811
0.94887754
0.98840412
0.98947963
0.94893047
0.98697802
1.0082613
0.8540612
1.017544
0.91084909
0.96265986
0.85410799
1.0168993
0.91070824
0.96260217
1.255842
1.2557712
1.0174955
0.853918
0.96236617
0.91055411
0.91067323
0.96242594
0.85387018
1.0164985
1.2556558
1.2557037
1.3080574
0.87308113
0.947797
0.94785101
0.87303361
0.8153623
0.81541762
1.2807623
1.1934542
1.2806639
0.87295831
0.94773878
0.87298977
0.94767588
0.81530435
0.81524671
1.1931446
1.2798451
1.2804103
0.97254923
0.85535138
0.9724136
0.85507158
0.97192875
0.97204474
1.8308406
1.8561362
1.8799255
1.8653149
1.5611095
2.2008781
1.9249257
2.6780045
1.9579346
1.863304
1.82443
1.8634121
1.8289252
1.0498062
1.2446905
1.0495455
1.2450696
0.54990828
0.47684475
0.55010536
0.47655461
1.0495349
1.2450391
1.2448236
1.0500499
0.55025942
0.47749578
0.47694383
0.55100019
0.56631127
0.52834629
0.56652314
0.52813295
0.68812624
0.71311978
0.68822854
0.71305641
0.56579168
0.52737732
0.52728178
0.56560162
0.68800096
0.71302734
0.71298295
0.68805079
0.30678151
1.2248094
0.78495574
0.30675062
0.78494952
0.30697738
1.2246601
0.78501936
0.78498789
0.30674872
0.98815336
1.009661
0.98996466
0.9495574
0.98820873
1.0099723
0.98977807
0.94950229
1.3529371
1.3072651
1.3072526
1.352734
1.0095723
0.98807851
0.94932952
0.98958504
0.98972011
0.94936583
0.98808637
1.0093685
1.2574491
1.2573793
1.0180072
0.85535927
0.96285507
0.91132799
0.91142914
0.96289871
0.85532142
1.0178678
1.2572694
1.2573141
1.3094525
0.81819737
0.81824399
1.2826824
1.1936055
1.282582
0.87548977
0.95028124
0.87551481
0.95022231
0.81814375
0.81809716
1.1959573
1.2823157
1.282875
0.85870095
0.97640466
0.97637852
1.1954412
1.1942916
2.2093285
1.9409143
2.3275505
2.9933264
1.9739991
1.8397102
1.8400796
1.5537463
1.8819721
1.8378854
1.1835808
1.1922108
2.157122
1.9578963
2.2220656
1.9283545
1.8457404
1.8668351
1.5624606
1.5586082
1.831203
1.8606542
0.69846149
1.2813616
1.2806586
0.56221721
0.69558136
1.2806739
1.2798432
0.5645192
1.0259965
0.79087019
1.0241242
1.293535
1.2595516
1.2589623
1.2607242
1.295735
1.2588925
0.7929449
1.0261004
1.0252866
1.2803378
0.69458892
1.2788753
0.560104
0.69569185
1.2791869
1.2785844
0.55090635
0.47815923
0.5510877
0.47809198
1.0483608
1.2432693
1.243145
1.0489103
0.55106077
0.47918697
0.47842162
0.55204029
0.68760461
0.71266786
0.68775784
0.71251772
0.56492195
0.52677462
0.52665456
0.56472433
0.68667555
0.7114252
0.71165738
0.68650446
1.3124733
0.92135654
0.92130329
0.9508892
0.96054159
0.95095859
1.3124588
0.92101755
0.92125612
0.95107066
0.960581
0.95104352
0.31065611
1.2243431
0.78475931
0.78478097
0.31154737
1.2242088
0.92156107
1.3125434
0.92160695
0.9606089
0.95101845
0.95111182
0.95113875
0.96063395
0.95116741
1.3124933
0.92138942
0.92164336
0.98776426
0.9779685
0.97800338
0.98638216
0.94239871
0.98634506
0.98780694
0.97806691
0.97804496
0.98629098
0.94238419
0.98633691
0.97414829
0.98232939
0.97412926
0.94110387
0.95369439
0.95374166
0.9537768
0.94112457
0.95377388
0.98232717
0.97407063
0.97412814
0.97796894
0.98771233
0.97796916
0.94237022
0.9862803
0.98628547
0.98629194
0.94236905
0.98630301
0.98772043
0.97796426
0.97798593
1.3061545
1.351855
1.3062287
0.98692776
1.0081081
0.98928649
0.948803
0.98695885
1.0093184
0.98921669
0.94879471
1.0073045
0.83423879
0.83422339
0.83418127
1.0073022
0.83421224
1.3518496
1.3061016
1.3061274
1.3518245
1.0080887
0.98694535
0.94872582
0.98829608
0.98921727
0.94877133
0.98698141
1.0080901
0.853743
1.016371
0.91053662
0.96225372
0.85376951
1.0164597
0.91046563
0.96223512
1.2554425
1.3077682
1.3077989
1.2554067
1.0163478
0.85367691
0.96213363
0.90986059
0.91046146
0.96218651
0.85365661
1.0163026
1.2553545
1.2553723
1.3077144
0.87281185
0.94742885
0.94744881
0.87278414
0.81499446
0.81502176
1.2796838
1.1929061
1.2801381
0.87274683
0.9474028
0.87275946
0.94736978
0.81496461
0.81493047
1.1903291
1.2794993
1.2795207
0.97160499
0.85467808
0.97150124
0.85445123
0.97105694
0.97116202
1.8391021
1.8394329
1.8814096
1.8379333
1.5521555
2.1564359
1.9589737
1.9298806
1.8462527
1.8673043
1.8324923
1.8612813
1.0492006
1.2441363
1.0490185
1.2444118
0.55070881
0.47760678
0.55075281
0.47765724
1.0487486
1.2437669
1.243734
1.0491723
0.55101382
0.47884753
0.47813743
0.55190203
0.56615759
0.52789298
0.56608027
0.52804615
0.68826174
0.71326173
0.68832815
0.71319711
0.56497895
0.5268696
0.52682824
0.56497182
0.68746951
0.71250539
0.71251486
0.68746738
0.30703925
0.7851404
0.30613777
0.78518031
0.31214165
0.78516318
0.78515458
0.31298805
0.98802491
1.0092005
0.98954668
0.9492367
0.98806161
1.0093177
0.98946034
0.94921075
1.3525552
1.3069702
1.3069873
1.3525014
1.0091698
0.98800534
0.9491553
0.98940806
0.9894366
0.94916225
0.98802534
1.0091247
1.2570522
1.2570092
1.0177182
0.85514111
0.96262238
0.91116877
0.91120649
0.96263444
0.85511811
1.0176582
1.256942
1.2569674
1.3090948
0.81793596
0.81795487
1.2821813
1.1933098
1.2821349
0.8752982
0.94999826
0.87531071
0.94996442
0.81790638
0.81787943
1.1957383
1.2820238
1.282551
0.85877376
0.97673827
0.9766967
1.1848701
1.1923525
2.1751375
1.9790587
2.8615583
1.9283081
1.8820791
1.8386332
1.5442426
1.8272042
1.8298418
1.5528423
1.1979744
1.1884556
2.2151169
1.9316935
2.2791267
2.1792164
1.981198
1.8322915
1.8263946
1.5669529
1.548812
1.8852017
1.8613879
0.69368454
1.279865
1.2788138
0.56198091
0.69624015
1.2797741
1.2793597
0.5631182
1.0307027
0.79521729
1.028252
1.2982064
1.260958
1.2603645
1.2639758
1.2971167
1.2620415
0.79167683
1.0265968
1.0253653
1.2807665
0.69806359
1.2802851
0.5636401
0.69485258
1.280451
1.2795425
0.55086038
0.4788018
0.55147395
0.47829888
1.0489566
1.2432839
1.2436566
1.0484384
0.55187836
0.47900543
0.4790241
0.55169228
0.68844872
0.71258079
0.68784192
0.71311437
0.56896492
0.53113211
0.5311268
0.56896977
0.68979944
0.71433546
0.71426864
0.68987515
1.3124039
0.92102203
0.92127131
0.95096258
0.96042705
0.95088477
1.3124452
0.92142147
0.92146531
0.95063782
0.96034834
0.9507954
0.30171256
1.2246993
0.78474739
0.78473964
0.30151201
1.2247002
0.92095324
1.3121357
0.9208631
0.96017043
0.95045809
0.95046846
0.95055988
0.96018439
0.95051475
1.3121366
0.92074338
0.920913
0.98764015
0.97800362
0.97799044
0.98630181
0.94242473
0.98631793
0.98766435
0.97797661
0.97799232
0.9863698
0.94246297
0.98636118
0.97383836
0.9821968
0.97386619
0.94072018
0.9534371
0.95341533
0.95339206
0.94072991
0.95341151
0.98226024
0.97394812
0.97392249
0.97805786
0.98773714
0.97811224
0.94264365
0.98656262
0.98651803
0.98642517
0.94260054
0.98648708
0.98780822
0.97822177
0.97818281
1.3061873
1.3519472
1.3519257
1.3061918
0.98715364
1.0082247
0.98923251
0.94880509
0.98712059
1.0092225
0.98931821
0.9488395
1.0075516
0.8345404
0.83449068
0.83436773
1.007513
0.83443801
1.3519797
1.3062659
1.3063406
1.3520956
1.0082574
0.987288
0.94894492
0.98947269
0.98936095
0.94892354
0.98736126
1.0083848
0.85363448
1.0162989
0.91042734
0.96218034
0.85363381
1.0163036
0.91047819
0.96220175
1.255335
1.307701
1.3076922
1.2553367
1.0163036
0.85365547
0.96227593
0.91057133
0.91050233
0.96226012
0.85366699
1.0163543
1.2553494
1.2553336
1.3077241
0.8726939
0.94726701
0.94726697
0.87268406
0.8147945
0.81480673
1.2794309
1.1926666
1.2799127
0.87267981
0.94725929
0.87267645
0.9472441
0.81477795
0.81475797
1.1901428
1.2793583
1.2793626
0.9707639
0.85414041
0.97066523
0.8539464
0.97023864
0.97034692
1.8825952
1.8419742
1.8234802
1.8300701
1.5546638
2.214971
1.935056
2.2845136
1.9834977
1.8318468
1.8295093
1.5643207
1.8871844
1.8568201
1.0481704
1.243755
1.0486885
1.2434032
0.55039682
0.47824043
0.55107227
0.47767147
1.0491254
1.2439557
1.2441457
1.0488247
0.55151514
0.47867905
0.47855223
0.55149306
0.56719355
0.52847057
0.56655019
0.52898665
0.68923679
0.71358573
0.68867837
0.71408537
0.56888587
0.53093213
0.53088332
0.56892968
0.69042011
0.71507038
0.71506836
0.69045511
0.3063447
1.2251357
0.78509131
0.30876368
0.78506183
0.3026444
0.78516551
0.78514491
0.30272033
0.98814228
1.009208
0.98941141
0.94915604
0.98812095
1.0091354
0.98945611
0.94916257
1.3526204
1.3070763
1.3071492
1.3527278
1.0092295
0.98824369
0.94924189
0.989567
0.9894734
0.94921353
0.98830893
1.0093328
1.2568866
1.25688
1.0176088
0.85505708
0.96264373
0.91121903
0.91116202
0.9626197
0.8550633
1.0176386
1.256878
1.2568699
1.3090366
0.81780526
0.81781185
1.2819737
1.1931947
1.281953
0.87521484
0.94986942
0.87521166
0.94985288
0.817787
0.81777311
1.1956731
1.2819243
1.2824332
0.85894768
0.9771397
0.97708345
1.1900213
1.1998797
2.1666008
1.9663931
1.9458034
1.8755193
1.8640165
1.5533615
1.8281986
1.8363015
1.5693272
1.2001858
1.1922396
2.2676985
1.9527732
2.1670317
1.9619216
1.8354282
1.8298383
1.5732942
1.5536368
1.8704131
1.8705424
0.69676349
1.2808583
1.2806908
0.70057977
1.2820285
1.2817893
0.56605768
1.0316205
0.79901204
1.0315582
1.300376
1.2619591
1.2624046
1.2651254
1.3005047
1.2650642
0.79456631
1.0273953
1.0277453
1.2822983
0.70186211
1.2822952
0.56864221
0.6974659
1.2809572
1.2810298
0.55237651
0.4799067
0.55275113
0.47980588
1.0501733
1.2444343
1.2450584
1.0493965
0.55338644
0.48065102
0.48080113
0.55302524
0.68906496
0.71378491
0.68937258
0.71347861
0.56808786
0.53005397
0.53039449
0.56781583
0.68865252
0.71300971
0.71307423
0.68858045
1.3121929
0.92113308
0.92111293
0.95053783
0.96032989
0.95064145
1.312162
0.92088193
0.92108041
0.95085107
0.9604258
0.95077232
0.30651388
1.2245233
0.78516532
0.78507826
0.30679957
1.2246109
0.92132413
1.3123198
0.92145984
0.96079193
0.95126425
0.95120189
0.95098746
0.96071836
0.95111872
1.3124454
0.92159863
0.92167761
0.98800712
0.97842848
0.97839667
0.98663076
0.94280493
0.98668551
0.98797806
0.9782945
0.97836102
0.98677989
0.94286368
0.98675663
0.97411262
0.98252293
0.97415188
0.94111966
0.95375533
0.95371186
0.95361861
0.94107205
0.95367931
0.98255886
0.97422904
0.9742069
0.9784808
0.98811435
0.97851591
0.94301613
0.98690682
0.9868911
0.98683496
0.9429947
0.98688341
0.98815171
0.97855745
0.9785551
1.3064459
1.3522675
1.3522382
1.3064501
1.3521425
0.98752648
1.0085641
0.98954329
0.94905583
0.98750714
1.0095379
0.98962436
0.94910574
1.007913
0.83493616
0.83489639
0.83478732
1.0078866
0.83485265
1.3523043
1.306525
1.3065951
1.3524057
1.0085994
0.98761604
0.94922853
0.98976783
0.9896725
0.94921137
0.98766741
1.0087052
0.85373687
1.0164384
0.91061132
0.96236995
0.85371472
1.016371
0.91069673
0.962414
1.2554225
1.3078295
1.3078072
1.2554357
1.0164597
0.85380297
0.96253271
0.91080695
0.91073402
0.96251446
0.85381672
1.0165237
1.255467
1.255442
1.3078733
0.87269273
0.94722299
0.94721324
0.87269182
0.81468337
0.8146882
1.2793238
1.1925198
1.2798127
0.87269642
0.9472229
0.87269059
0.94721262
0.81467273
0.81465678
1.1900045
1.2792744
1.279277
0.96990272
0.85365529
0.96978903
0.85345345
0.96928673
0.96941978
1.8767311
1.8651288
1.8295217
1.8384536
1.5692525
2.2679147
1.9524026
2.2775335
1.9621554
1.8357756
1.8297566
1.5723629
1.8705979
1.8706373
1.0497834
1.2457743
1.0506994
1.2450175
0.55236473
0.47980388
0.55277918
0.47965494
1.0502885
1.2447978
1.2454572
1.0494704
0.55303813
0.48009181
0.48032438
0.55261554
0.56879872
0.53107995
0.56914291
0.53064353
0.68957585
0.71441645
0.68987446
0.71412418
0.56827261
0.52968114
0.53016368
0.56801138
0.68906662
0.71353188
0.71356824
0.68902267
0.30531855
1.22505
0.78524152
0.30466364
0.78525897
0.30668429
0.78554086
0.78546038
0.30651258
1.2251595
0.98847789
1.0095291
0.98960455
0.94934619
0.98845144
1.0093763
0.98973864
0.94938488
1.3529713
1.307381
1.3074668
1.0095753
0.98860503
0.94954728
0.98991302
0.98978062
0.94950701
0.98867196
1.0097197
1.2569354
1.3091333
1.3091089
1.2569518
1.0177493
0.85518491
0.96291487
0.91147534
0.91137462
0.96287472
0.85520474
1.0178196
1.2569962
1.2569643
1.3091803
0.81778191
0.81777347
1.2819203
1.1931939
1.281914
0.87526967
0.94988316
0.87525221
0.94988098
0.81777894
0.817779
1.1957104
1.281942
1.2824383
0.85928666
0.97777697
0.97769011
1.1916625
1.1979988
2.1643946
1.9558389
1.9511798
1.8653255
1.8715323
1.5533626
1.8289306
1.834992
1.5731567
1.1958283
1.189419
2.2667452
1.9514265
2.9578892
2.1664053
1.9575833
1.8354553
1.8279677
1.8650613
1.8700589
0.69742967
1.2806177
1.2809042
0.56870479
0.70191535
1.2822652
1.2822723
1.0302409
0.79801118
1.0303617
1.2978022
1.2600712
1.2606005
1.2636936
1.2987122
1.2637226
0.79323795
1.0255522
1.0261764
1.2816876
0.70105449
1.2816503
0.56377706
0.5668897
0.69651431
1.2799766
1.2802459
0.55315089
0.48113776
0.55365028
0.48081545
1.0496721
1.2440401
1.2447189
1.0488525
0.5532137
0.48032571
0.48072976
0.55267095
0.68917717
0.71343363
0.68896469
0.71369545
0.56867822
0.53033101
0.53056521
0.56860178
0.68982657
0.71459204
0.7143467
0.69003481
1.3126312
0.92167673
0.92179478
0.95135364
0.96096071
0.9514114
1.3126009
0.92174017
0.92187012
0.95142586
0.96098622
0.95145838
0.30126902
1.2252395
0.78609034
0.78602793
0.30000534
1.2253688
0.92169574
1.3126549
0.92163133
0.96090623
0.9512689
0.95134418
0.95142839
0.96095271
0.95141108
1.3127057
0.92135603
0.92163775
0.98821233
0.97861724
0.97861909
0.98694337
0.94308969
0.98696484
0.98821423
0.97859195
0.97862028
0.98699391
0.94311534
0.98700253
0.97434482
0.98269007
0.97437106
0.94129281
0.95395808
0.95394126
0.95390654
0.94131544
0.95393801
0.98272566
0.97443194
0.97441629
0.97864007
0.9882584
0.97865077
0.94315116
0.98703055
0.98702953
0.98701945
0.94315356
0.98704232
0.9882875
0.97866071
0.97867102
1.3066278
1.3525094
1.3524943
1.3066509
1.3524342
0.98767159
1.008788
0.98982009
0.94928984
0.98769637
1.0098389
0.989823
0.94931312
1.008103
0.8352422
0.83521368
0.83512936
1.0080956
0.83518148
1.3525351
1.3066694
1.3067309
1.3526145
1.0087997
0.98763933
0.94931179
0.98987242
0.98984198
0.94932566
0.98765179
1.0099923
0.85387966
1.0174072
0.91083404
0.96260081
0.85386228
1.0165363
0.91086131
0.96262659
1.2555188
1.3079553
1.2555191
1.0174222
0.85390032
0.96265398
0.91086004
0.91087225
0.96265783
0.85448631
1.0174437
1.2555261
1.2555146
0.8726694
0.94716372
0.94716324
0.87265165
0.81454488
0.81455991
1.2792357
1.1923697
1.2797216
0.8726189
0.94715473
0.87263217
0.94713627
0.81452537
0.81450128
1.189844
1.2791835
1.2791828
0.96887742
0.85310477
0.9687426
0.85284872
0.96811703
0.96827862
1.8675708
1.8706648
1.5524565
1.8278251
1.8349689
2.2657989
1.9502426
1.9598521
1.8347067
1.8276626
1.5713078
1.5517619
1.8676552
1.8704418
1.0493634
1.2453489
1.0501308
1.2447254
0.55272648
0.48050086
0.55317499
0.48022287
1.0500029
1.2446793
1.245254
1.0493146
0.55318106
0.48024612
0.48050888
0.55279228
0.56810071
0.52991962
0.56832727
0.52987325
0.68959703
0.71395853
0.68940994
0.71419392
0.56895552
0.53036617
0.53049716
0.56896489
0.69035273
0.71521822
0.71499539
0.69055742
0.30381163
1.2255924
0.78596836
0.30482333
1.2254384
0.78610505
0.30096999
0.7866173
0.78653324
0.2999453
1.2260057
0.98875147
1.0098817
0.98994943
0.94964986
0.9887554
1.0097608
0.99005095
0.94967755
1.3533305
1.3076574
1.3533778
1.3077381
1.3534702
1.009915
0.98878402
0.94976707
0.99015268
0.99007659
0.94974782
0.98881798
1.010024
1.2570984
1.3093206
1.3092984
1.2571103
1.0179223
0.85533789
0.96315476
0.91164416
0.91160037
0.96312796
0.85535307
1.0179767
1.2571412
1.2571169
1.3093604
0.81781142
0.81780395
1.2819653
1.1932728
1.2819652
0.87532576
0.94994384
0.87531802
0.94994096
0.81780696
0.81780521
1.1957959
1.2820161
1.2825053
0.85975379
0.97854005
0.97844304
1.1883268
1.195532
2.1690254
1.9607153
1.947879
1.868201
1.8686595
1.5520865
1.8265352
1.8349591
1.1974367
1.1900354
2.255923
1.9461579
2.9589244
1.9653933
1.83384
1.8281427
1.5716898
1.873146
1.8673619
0.69595848
1.2800024
1.2799221
0.56555716
0.70024184
1.2811037
1.2811458
1.0298321
0.79709608
1.0297143
1.2981677
1.2617538
1.2607374
1.263277
1.2984383
1.2632994
0.79289508
1.0271818
1.0261024
1.2812703
0.69994376
1.2812116
0.56483964
0.56572063
0.69581464
1.2805573
1.2801391
0.55245304
0.48034483
0.55284275
0.4800877
1.0491728
1.2438151
1.244289
1.0485923
0.55273532
0.47998121
0.48024493
0.55235455
0.69076355
0.71535665
0.69073087
0.71541293
0.56878776
0.53005751
0.5304728
0.56841542
0.69046343
0.71456008
0.71507677
0.68998338
1.3126389
0.92093611
0.92112494
0.9512475
0.96080745
0.95122632
1.3126544
0.92132115
0.92130885
0.95118242
0.96078891
0.95122727
0.29787314
1.2255225
0.7860944
0.78620472
0.29868032
1.2255379
0.92092408
1.3126277
0.92086
0.96073808
0.95127322
0.95125379
0.9512079
0.96075301
0.95124396
1.3126937
0.92064403
0.92088943
0.9883579
0.9787103
0.97871117
0.98705695
0.94317823
0.98707326
0.98835448
0.97868734
0.97871226
0.98710385
0.94319574
0.98711013
0.97449953
0.98285186
0.97449766
0.94114605
0.9539356
0.95395775
0.95398975
0.94118853
0.95398972
0.98286003
0.97448114
0.97450751
0.97873263
0.98839763
0.97874109
0.94321526
0.98715501
0.98715071
0.9871326
0.94322101
0.98715933
0.98841434
0.97873975
0.97875698
1.3067647
1.3527467
1.3527169
1.3067819
0.98753081
1.0100773
0.98988613
0.94929901
0.98758204
1.0100236
0.98989789
0.94930619
1.0082735
0.83534846
0.83536063
0.83534435
1.0082573
0.83536496
1.3527918
1.3068499
1.3069324
1.0101249
0.98744403
0.94929183
0.98990885
0.98991529
0.94930183
0.98744374
1.0102517
0.85452947
1.0174846
0.9108623
0.96267292
0.85452932
1.017462
0.91083552
0.96269188
1.2555497
1.2555559
1.0175178
0.85456106
0.96274373
0.91082769
0.91083975
0.96273433
0.85458199
1.0176144
1.2555985
1.2555662
0.87253623
0.94711989
0.94709944
0.87252108
0.81442611
0.8144217
1.2796809
1.1922404
1.2797047
0.8725092
0.94713771
0.87250958
0.94715237
0.81443109
0.81443871
1.1922519
1.2793248
1.2797754
0.96767779
0.8524516
0.96754437
0.85224189
0.96703713
0.967154
1.8693887
1.8684969
1.8262102
1.8346772
2.2578535
1.9484217
1.9674695
1.8337186
1.8291928
1.5712825
1.550983
1.8747063
1.8673328
1.0489847
1.2450414
1.049765
1.2443937
0.55249503
0.48032256
0.5530183
0.47996683
1.0495074
1.2444405
1.2448275
1.0490307
0.55274762
0.47990172
0.48009499
0.55246261
0.56921359
0.53069325
0.56931701
0.53060506
0.69100446
0.71569036
0.69099622
0.71572877
0.56908657
0.53009444
0.53051311
0.56876898
0.69075811
0.7151857
0.71545237
0.69050025
0.29738676
1.2262675
0.78681566
0.2978933
1.2261758
0.78681614
0.29803222
0.78666086
0.78675228
0.29880725
1.2262691
0.98877298
1.0101733
0.99016991
0.94980468
0.98880721
1.0100571
0.990219
0.94981209
1.3537113
1.3079442
1.3080317
1.3538947
1.010213
0.98871488
0.94984198
0.99027199
0.99023012
0.94983376
0.98871687
1.0103671
1.2572272
1.3095239
1.3094868
1.2572467
1.018096
0.85547043
0.9633295
0.91168868
0.91167499
0.9633013
0.8554868
1.0182055
1.2573028
1.3095573
1.2572657
0.81787236
0.81785012
1.2820789
1.1933869
1.2821009
0.87534589
0.95006343
0.8753335
0.95008577
0.81788695
0.81790716
1.1934837
1.2823088
1.2827355
0.86027502
0.97934663
0.97922737
1.1911912
1.198502
2.1759096
1.9713417
2.1616461
1.9526013
1.8763517
1.8699856
1.5531881
1.8308198
1.8348941
1.1923737
1.1924284
2.2666386
1.9591962
2.2663813
2.9471021
1.9306816
1.8332644
1.835785
1.5761429
1.5518861
1.8386875
1.8789768
0.69557901
1.2813577
1.2805347
0.56674671
0.69990719
1.2817998
1.2816242
1.0315173
0.7990884
1.0319651
1.2978178
1.2608746
1.2621166
1.2649317
1.3006772
1.2656503
0.79424876
1.0254604
1.0277192
1.282826
0.70171557
1.2829054
0.69717078
1.2800122
1.2812885
0.55247702
0.48020046
0.55273228
0.48004326
1.0518278
1.2466414
1.2469858
1.0511257
0.55368979
0.47962586
0.480527
0.55268808
0.6884764
0.71341613
0.68888718
0.71299349
0.56667886
0.52807892
0.52864391
0.56619501
0.68769211
0.71169887
0.71212536
0.68730366
1.3126979
0.92026111
0.92049499
0.9513589
0.96075614
0.9514454
1.3127088
0.92065361
0.9206763
0.95156385
0.96075565
0.95153965
0.30871857
1.2251632
0.78451914
0.78492813
0.3089635
1.2253831
0.92016466
1.3126217
0.91999107
0.96047903
0.95172467
0.95170617
0.95163256
0.96060069
0.95168913
1.3126981
0.91957637
0.91991464
0.98838243
0.97871866
0.97874487
0.98718261
0.94322176
0.98719756
0.98841309
0.97875577
0.97876563
0.98721728
0.94322769
0.98723048
0.97422501
0.98256669
0.97411395
0.94052646
0.95321431
0.95338469
0.95366945
0.94070865
0.95355571
0.98247076
0.97384751
0.97399866
0.97870973
0.98826955
0.9786811
0.94318732
0.98723936
0.98723544
0.98723679
0.94320706
0.98725273
0.98822141
0.97860737
0.97865815
1.3070714
1.3533366
1.3070617
0.9872738
1.0105556
0.98993245
0.94931446
0.98733889
1.0103285
0.98998131
0.94933969
1.008591
0.83479785
0.83495568
0.83515512
1.0085407
0.83507955
1.3534727
1.3072467
1.3073649
1.010677
0.98715848
0.94941738
0.99004166
0.99001345
0.94940255
0.98716081
1.0110724
0.85460414
1.0178105
0.91083979
0.96283264
0.85461132
1.0176695
0.91085527
0.96288198
1.2557805
1.2558276
1.0178839
0.85454794
0.96307517
0.91093364
0.91087607
0.96302726
0.85451984
1.0181334
1.2559606
1.25588
1.3089653
0.87257016
0.94743811
0.94735951
0.87259843
0.81453555
0.81452007
1.2800625
1.192535
1.2801727
0.87268767
0.9475163
0.87263506
0.94759498
0.81453439
0.81451523
1.1926352
1.2803625
1.2806385
0.96681006
0.8520537
0.96676476
0.85208264
0.96689831
0.96680373
1.8766119
1.8709811
1.8305413
1.8353952
1.57484
2.2669156
1.9589274
1.9298605
1.8335045
1.8357286
1.5514915
1.837774
1.8790093
1.0493987
1.2452147
1.0498663
1.2448747
0.55257852
0.48016502
0.55288004
0.47994976
1.0520563
1.2470576
1.2474401
1.051302
0.55364096
0.4793663
0.48030048
0.5525871
0.56740885
0.52939525
0.56793463
0.52884255
0.68901733
0.71408828
0.68943841
0.71367649
0.56677174
0.52771337
0.52816688
0.56631063
0.68804797
0.71216568
0.71259055
0.68765102
0.30523348
1.2259697
0.7863546
0.30359193
1.2260192
0.78618789
0.30823086
0.78504736
0.7854678
0.3083315
1.2261391
0.98853703
1.0106608
0.99028144
0.94986822
0.98860567
1.0104257
0.99031963
0.94987917
1.3543971
1.3083352
1.3084542
1.3549897
1.0107611
0.98841069
0.94996153
0.99038938
0.99033334
0.94993496
0.98841006
1.0111633
1.2574982
1.3101192
1.3099953
1.2575485
1.0184739
0.85547718
0.96365822
0.91179221
0.91172898
0.96359766
0.85544159
1.0187219
1.2576816
1.2576005
1.310446
0.81808082
0.818059
1.2825684
1.1937291
1.2826792
0.87556806
0.95050113
0.87551154
0.95057991
0.81807914
0.81806458
1.1964809
1.2834154
1.2836895
0.86107384
0.98076581
0.98053738
1.1873408
1.1942212
2.1784844
1.9798588
2.2373858
2.2059188
1.9309273
1.8826828
1.8396837
1.8268123
1.8361876
1.1804289
1.18844
2.1844548
1.959583
2.295813
2.9684435
1.9315213
1.8334639
1.8594274
1.5559202
1.5477043
1.8271952
1.8594114
0.6912587
1.2805381
1.2794307
0.56537482
0.69421532
1.2800383
1.2800569
0.56512899
1.025031
0.79037506
1.0250568
1.288382
1.2650599
1.2545735
1.2611228
1.2955532
1.2608101
0.79091979
1.0367431
1.0208033
1.2806692
0.6938051
1.2821161
0.59017238
0.56963308
0.69245114
1.2894568
1.283554
0.54989225
0.4772161
0.55026339
0.47670164
1.0504328
1.2412019
1.2471898
1.0456572
0.54918472
0.47800282
0.4756363
0.55220121
0.68340897
0.70926099
0.68484601
0.7078997
0.56193061
0.53593136
0.52490648
0.57138907
0.68218824
0.71147115
0.70655116
0.68798601
1.3122328
0.91797887
0.91871176
0.95178521
0.96001257
0.95182329
1.3126832
0.91946626
0.91929424
0.9517164
0.95980588
0.95179708
0.41674048
1.2123383
0.79153978
0.78821626
0.43628022
1.2056203
0.91687367
1.3076125
0.91676317
0.95797844
0.95172203
0.95180135
0.95155695
0.9589105
0.95167177
1.304473
0.92197187
0.91723432
0.98809792
0.9785924
0.97861898
0.98728301
0.94322996
0.98733651
0.9881081
0.97860457
0.97861757
0.98744874
0.94328595
0.98742807
0.97372401
0.98196347
0.97371027
0.93971935
0.9510426
0.95326885
0.95304359
0.93979136
0.95310183
0.98172251
0.97148074
0.97380949
0.97848567
0.98769388
0.97798424
0.94032502
0.98237423
0.98532383
0.98736546
0.94244825
0.98677929
0.98716671
0.97375198
0.97683746
1.3070356
1.3547682
1.3073973
0.9864857
1.009871
0.99005332
0.94950505
0.9869041
1.0112183
0.98963976
0.94952539
1.0076225
0.83793608
0.82338927
0.83334922
1.0081938
0.83398418
1.3538326
1.3027521
1.2965413
1.3532818
1.0091797
0.98225401
0.94726061
0.9848177
0.98917242
0.94853248
0.97910853
1.0076869
0.85383551
1.0187171
0.91099019
0.96332406
0.85441308
1.0182736
0.9112021
0.96344322
1.2557803
1.2551276
1.0186919
0.85408461
0.96158332
0.90366774
0.91114689
0.96286674
0.84519117
1.0155196
1.2513708
1.2534055
1.3080573
0.87310823
0.94844282
0.94832526
0.87315408
0.81417275
0.8141754
1.2812211
1.1925597
1.2819182
0.87226398
0.94835928
0.87304041
0.9474576
0.81382764
0.81438994
1.1881156
1.2719029
1.2798528
0.96763392
0.85226136
0.968075
0.85089505
0.96362729
0.96734329
1.8840319
1.8400306
1.8265837
1.8362872
1.5537109
2.1854032
1.9599486
1.9318866
1.8332526
1.858639
1.8268888
1.8606552
1.0502181
1.2463435
1.0499485
1.2468299
0.5498903
0.47701483
0.55023637
0.47652537
1.0506108
1.241683
1.2475868
1.0459438
0.54918622
0.4779412
0.47549161
0.55230703
0.561791
0.52511824
0.56351872
0.52352561
0.68381016
0.70977735
0.6852318
0.70843192
0.56166582
0.53596331
0.52472778
0.57134004
0.68267657
0.71215381
0.70717379
0.6885272
0.32593196
1.2261561
0.7833279
0.31486797
1.2267712
0.78296385
0.41696764
0.79213137
0.78883018
0.4360041
1.2063596
0.98772275
1.0111022
0.99038471
0.95004719
0.9881427
1.0112888
0.99001615
0.95005559
1.3547433
1.3038274
1.2976171
1.3541831
1.0104124
0.98350395
0.94787803
0.98612307
0.98953937
0.94909125
0.98035748
1.0089171
1.2575029
1.3117858
1.2568508
1.0193003
0.85564197
0.96222896
0.90514154
0.91200764
0.96345252
0.84678433
1.0170208
1.2530945
1.2551263
1.3095578
0.81776773
0.8177678
1.2842912
1.1939577
1.2844826
0.87515132
0.95136522
0.87592295
0.95046553
0.81742245
0.81797971
1.192033
1.2750122
1.2829438
0.86019862
0.97825243
0.98162826
1.8880596
0.86526626
2.1439936
0.86881121
2.0061426
0.86746386
2.1240632
2.9084182
0.86709213
2.1454105
2.956427
0.86704443
2.1618707
0.86715947
2.1644829
2.9649569
0.86743507
2.1637474
2.9631641
0.86779066
2.1691046
0.86838207
2.1360093
0.86983104
1.8893295
2.0615188
0.85408855
0.8588437
0.86238945
0.86607538
2.0665652
0.85720934
0.86201551
0.86905984
2.1290789
2.1545197
0.85879875
0.85831936
0.8658152
0.86430503
2.1671962
2.9672807
0.86196574
0.86166745
0.86755442
1.9963092
2.1555415
0.85830457
0.85807027
0.86417885
0.86344205
2.1667815
2.9626243
0.86166119
0.86172462
0.8671103
2.1143396
2.9043523
1.7912534
0.85803997
0.85783117
0.86336108
0.86289511
1.7966226
2.6659982
0.86173522
0.86182073
0.86703745
2.1387657
2.9483686
1.9114881
2.6926996
0.85780244
0.8575903
0.8628383
0.86247623
1.9189975
2.7121033
0.86183043
0.86192003
0.86713363
2.1472639
2.9710582
1.8663182
2.6642173
0.85755656
0.85727245
0.86242687
0.8620761
1.8771546
2.6694881
0.86193195
0.86205324
0.86739226
2.151656
1.8611079
2.6620213
0.85722153
0.85677957
0.86202285
0.8616466
1.8712714
2.6657583
0.86206542
0.86209692
0.86773807
2.1571538
1.8922953
2.6775226
0.85671112
0.85627308
0.86160175
0.86150176
1.8927498
2.6853777
0.86209042
0.8620377
0.86827492
2.1526574
1.7241483
0.85624358
0.85614113
0.86154599
0.86235452
1.73603
0.86203322
0.86220501
0.86959803
2.1246886
1.8879821
0.85613309
0.85092049
0.86254221
0.8583733
1.8874891
2.6912684
0.86221826
0.8571403
0.86582909
0.80352702
1.0747025
1.072645
0.81135749
0.59606067
0.51526337
0.48200111
0.61805001
0.71213611
0.69964417
2.1621197
0.78868331
1.2992783
1.2955846
0.81388949
0.98317705
0.93880202
0.94092528
0.98021361
1.007081
1.0101148
1.6086265
0.86870346
1.6826873
0.80249389
1.0681851
0.80428565
1.0671327
0.60287615
0.48588951
0.60107235
0.48797935
0.70597279
0.70726171
2.141761
2.9328599
0.79372019
1.2991006
0.79708428
1.2986858
0.98308415
0.94109783
0.98300581
0.94127562
1.0094623
1.0090539
1.6869118
0.8681493
1.6864205
0.80022469
1.0648787
0.80152646
1.0638231
0.60224485
0.48952841
0.60321965
0.48783679
0.70767245
0.70761284
1.9214465
0.78839852
1.2967724
0.78912072
1.2937016
1.2247229
1.2250142
0.98290585
0.94125003
0.98301359
0.94120678
1.008554
1.008317
1.6864559
0.86728504
1.6865728
0.80162748
1.067044
0.8029075
1.0670027
0.60204438
0.48855132
0.60247635
0.48762945
0.70796937
0.7076416
2.1470219
0.79419043
1.2948237
0.79131237
1.2972918
1.2248816
1.2248826
0.98282859
0.94136299
0.98282753
0.94148645
1.0080151
1.0079219
1.6865408
0.86707801
1.6865364
0.80243785
1.0656913
0.80314527
1.066613
0.60443642
0.48872361
0.6019631
0.4901172
0.70730957
0.708023
2.0987125
2.8562447
0.79231912
1.2918823
0.79313828
1.2952894
0.98265395
0.94148605
0.98275851
0.94125295
1.0079022
1.0079525
1.6864735
0.86709685
1.686479
0.80255029
1.0674179
0.80362065
1.0665818
0.60458283
0.49223584
0.605007
0.49110304
0.70843787
0.70791492
1.8942454
2.6847817
0.79240288
1.2988006
0.79643747
1.298076
1.2250488
1.2250422
0.98304976
0.94133904
0.98292804
0.94149081
1.0081943
1.0083637
1.6866089
0.86727352
1.6869386
0.80222439
1.0672489
0.80336416
1.0662803
0.60442367
0.49078758
0.60427634
0.49060319
0.70798037
0.70869801
1.8727189
0.79182525
1.2986938
0.79689992
1.2975897
0.98334052
0.94178329
0.98319563
0.94195814
1.00862
1.0087581
1.6877676
0.86758674
1.6884903
0.80169818
1.0663615
0.802277
1.065845
0.60534261
0.49127628
0.6052588
0.49050189
0.70978272
0.70993091
1.8788061
2.6766114
0.7912579
1.2975506
0.79607793
1.296695
1.2261198
0.98371919
0.9421532
0.98363522
0.94213037
1.0089594
1.0090565
1.6904636
0.86798946
1.6917578
0.80283578
1.0667029
0.80267528
1.0667246
0.60313075
0.48960575
0.60423211
0.48857617
0.70879074
0.7076498
1.9015575
0.79342147
1.2991117
0.79716337
1.3003763
0.9836019
0.94200776
0.983731
0.94180395
1.0092057
1.0092987
1.6942052
0.86880712
1.6956877
0.80293345
1.0670478
0.8019405
1.0699087
0.59634093
0.48670104
0.60116874
0.48205903
0.70516623
0.70058749
2.1302892
2.9205206
0.78840929
1.2941505
0.79021382
1.2949821
0.98299687
0.94096629
0.98309952
0.94063167
1.0095979
1.0099446
1.6980627
0.86997284
1.698128
2.1586347
2.9649115
2.1200303
0.81605326
0.58795823
0.77597762
0.78417609
0.57095979
0.56914665
0.78367547
0.65102274
0.48381611
0.45793437
0.66166795
0.80269028
1.0688496
1.0694256
0.80472676
0.65086578
0.46042052
0.45764205
0.65315299
0.63507877
0.76463861
0.75087935
0.65294025
0.59618326
0.48505102
0.48159088
0.59972546
0.63532135
0.75520018
0.75159067
0.63887455
0.70517887
0.70104567
0.85648021
0.85798673
1.6104678
0.86578118
1.6836322
2.6567001
2.8162985
0.86633281
1.6869236
1.6874745
2.8246023
2.8238935
1.1871948
1.5582217
1.182927
1.5486521
2.1311062
2.9150432
1.1915666
1.5582412
1.187964
0.6908644
0.71122012
0.8177937
0.58635257
0.77826244
0.7887068
1.2999217
1.2964148
0.79671375
0.69085587
0.69882493
0.78592054
0.78589105
0.80349846
1.0751748
1.0728499
0.81162194
0.65089034
0.48360325
0.45751083
0.66179346
0.80272035
1.0693723
1.0696625
0.80507566
0.65079897
0.46024742
0.45722156
0.65341084
0.59596138
0.51512776
0.48168353
0.6179755
0.63509488
0.76468602
0.75107156
0.65292506
0.59610257
0.48484971
0.48126947
0.59969276
0.63535723
0.75537454
0.75179278
0.63879653
1.3105346
0.95693518
0.96055621
1.3170499
0.71223075
0.69973097
1.3125964
0.9611745
0.96082832
1.3136301
0.70527179
0.70113671
0.98910288
0.93776471
0.94436168
0.98586164
0.98315051
0.94106218
0.94092707
0.98302999
0.98911805
0.94411728
0.94443921
0.98890796
1.0096568
1.0102077
0.8596182
0.86113188
2.6533223
2.8149416
0.86927673
1.687131
1.6867315
2.8245124
2.8226409
2.129149
2.9292717
1.5530736
1.5587312
2.0579627
0.78515785
0.57034764
0.56963039
0.78662687
0.78632921
0.57012981
0.57220255
0.78515469
0.65136083
0.46082988
0.65281203
0.46220899
0.80480949
1.0667404
1.0677795
0.80335127
0.65358802
0.46424444
0.46365359
0.65216126
0.64154632
0.7560415
0.63985222
0.7574361
0.60298317
0.49008877
0.48856016
0.60354745
0.64191858
0.75787632
0.75766818
0.64192323
0.70771593
0.70748822
0.85853873
0.85847204
1.6861742
0.86504244
1.6844198
2.8236972
2.8218922
0.86482713
1.6823211
1.6837932
2.8189473
2.8210028
1.1888941
1.553048
1.1919499
2.0708155
2.8834027
1.1940774
1.5623423
1.1919393
1.5583398
0.69637696
0.69900557
0.78695789
0.56791027
0.56576001
0.78949152
0.79774958
1.2998268
1.3002376
0.79394154
0.70060344
0.69832528
0.78887021
0.78792559
0.80228548
1.0686645
0.80458223
1.0669882
0.65111537
0.4606023
0.65302081
0.4614294
0.80455586
1.066822
1.0676624
0.80324168
0.65330813
0.46344116
0.46275777
0.65199567
0.60215173
0.48566107
0.6006462
0.48697002
0.64125687
0.75618811
0.63965734
0.75755866
0.60294858
0.48933051
0.48803169
0.6032745
0.64170829
0.75816087
0.75782938
0.64200597
1.3132616
0.9612139
1.3135953
0.961159
0.70607217
0.70739294
1.2252373
1.2250643
1.3131226
0.96098078
0.96114871
1.3129165
0.70797538
0.70765666
0.98880018
0.94403037
0.98886798
0.94380558
0.98313467
0.94132746
0.94136293
0.98307822
0.98880691
0.94355799
0.94375888
0.98867691
1.0086631
1.0089681
0.86179689
0.86175285
2.8243307
2.8235984
0.86796599
1.6863914
1.6863613
2.8240561
2.8237937
1.9085171
1.5714851
1.5611038
1.8490061
2.6735898
0.78958535
0.56430427
0.56020521
0.79062144
0.78466589
0.56463748
0.56018758
0.79015367
0.64918051
0.46349978
0.65046542
0.4620552
0.80026042
1.0674535
1.0641322
0.80352088
0.64926717
0.46296757
0.46199014
0.65208322
0.6412845
0.7578085
0.64168083
0.75761182
0.60237318
0.48860013
0.48801347
0.60245497
0.6412027
0.75770188
0.75758997
0.64123252
0.7078899
0.70764108
0.85821669
0.85818576
1.6818565
0.86382941
1.6807814
2.8183923
2.8168646
0.86372638
1.6797723
1.6804531
2.8158652
2.8165984
1.1945402
1.570507
1.1866783
1.8477708
1.1784424
1.5439347
1.1877283
1.5648807
0.69349422
0.69303828
0.7921524
0.557102
0.79275843
0.78770821
1.2928851
1.2935089
0.79233428
0.69313467
0.69795497
0.78729898
0.56063366
0.5568906
0.7923505
0.80044181
1.0649598
0.80147606
1.0641808
0.64930877
0.46263679
0.65036602
0.46166028
0.80038171
1.0675061
1.064458
0.80328887
0.64929601
0.46239025
0.46150578
0.6517454
0.60251605
0.4889242
0.60306971
0.4879368
0.6414192
0.75812737
0.64183484
0.75798441
0.60238239
0.48817228
0.48774272
0.60218521
0.64134094
0.75808925
0.75795925
0.64134731
1.3126433
0.96091668
1.3128968
0.96078014
0.70796149
0.70791662
1.2246783
1.2247862
1.3126493
0.96083838
0.96078819
1.3127208
0.70818141
0.7079334
0.98846856
0.94350061
0.98862915
0.94330934
0.98289642
0.94135209
0.94125221
0.98285092
0.98843955
0.94310348
0.94326407
0.98832289
1.0080813
1.0082666
0.86171081
0.86171841
2.8240977
2.824281
0.86723076
1.6865251
1.686541
2.8238393
2.8241448
2.1385096
1.5537185
2.1110394
2.8579771
0.78551315
0.56398393
0.78497812
0.78946451
0.56126193
0.56263113
0.78714889
0.65039433
0.4628715
0.65160318
0.46236958
0.80107032
1.064622
1.0660406
0.80310034
0.65008418
0.46290046
0.46186213
0.65255927
0.6407752
0.75774625
0.64127518
0.75726754
0.60155689
0.48753744
0.4870573
0.60137942
0.64035624
0.7564574
0.75690671
0.64031075
0.70708958
0.7073425
0.85798609
0.85795268
1.6795483
0.86316866
1.6790539
2.8157412
2.8150145
0.86309972
1.6785066
1.6788301
2.8141603
2.8146221
1.1844886
1.5525709
1.1859707
2.1154705
2.8552987
1.1859785
1.5619154
1.1877998
1.5579239
0.69938258
0.69666444
0.78813992
0.78719811
0.79093511
1.2937388
1.2958858
0.79220174
0.69614484
0.69571296
0.79178068
0.55762549
0.55941603
0.7892714
0.80186979
1.0671171
0.80272527
1.0673549
0.65051836
0.46234098
0.65130899
0.46217298
0.8013596
1.0648207
1.0664182
0.80302634
0.65026876
0.46241112
0.46170273
0.65244321
0.60219057
0.4882657
0.60235771
0.48771295
0.64125433
0.7581844
0.64148814
0.75793629
0.601725
0.48739789
0.48715085
0.6017607
0.64085329
0.75753108
0.75764199
0.6408878
1.3129972
0.96088328
1.3128269
0.96102038
0.70830085
0.70817048
1.2248171
1.2245646
1.3130869
0.96106577
0.96107616
1.3129401
0.70779963
0.70793925
0.98825326
0.94307123
0.98830654
0.94298578
0.98284428
0.94157153
0.94154741
0.98281791
0.98826029
0.94297839
0.9429855
0.98822709
1.0079168
1.007925
0.8618097
0.86181853
2.8236588
2.8235986
0.86706433
1.6864736
1.6865219
2.8236439
2.8237582
2.0932123
2.0886826
2.9453284
0.7877543
0.56252867
0.78673571
0.78613237
0.5649093
0.56445192
0.78575735
0.65119814
0.46324312
0.65236062
0.46400773
0.80316924
1.0665985
1.0668517
0.80268248
0.65197488
0.46541495
0.46461405
0.65184705
0.64285221
0.7567961
0.64085924
0.75813126
0.60506812
0.49204255
0.49085292
0.60507634
0.64341198
0.75862431
0.7584568
0.64376743
0.708555
0.70842653
0.85775253
0.85772
1.6783949
0.86270279
1.6781665
2.8141886
2.8137775
0.86264923
1.6778878
1.67807
2.8136809
2.8138082
1.1771515
1.5435803
1.1857001
2.1058505
2.9555477
1.1918597
1.1848712
1.5481342
0.6955477
0.69690644
0.7900235
0.55951263
0.78901284
0.79623937
1.2970943
1.2974701
0.79235015
0.69908255
0.69649163
0.78763049
0.56113933
0.78780323
0.80213013
1.0658476
0.8029623
1.0667942
0.65081273
0.46255761
0.65213753
0.46321857
0.80291759
1.067292
1.0671593
0.80300686
0.65161912
0.46510033
0.46387442
0.65199377
0.60455533
0.48790755
0.6023062
0.4895416
0.64334422
0.75786724
0.64138173
0.75911403
0.60480111
0.49126898
0.49033857
0.6054962
0.64383889
0.75939141
0.75939196
0.64412429
1.3129031
0.96101715
1.3129722
0.96076694
0.70803132
0.70890092
1.2252015
1.2250993
1.312823
0.96078268
0.96073594
1.3126833
0.70907501
0.7090933
0.98816732
0.9429911
0.9882118
0.9430368
0.98269332
0.94131483
0.94125601
0.98287516
0.98821698
0.94325416
0.94309
0.98840785
1.0081546
1.0080105
0.86190554
0.86191577
2.8234606
2.8235125
0.86710393
1.686482
1.6864264
2.823332
2.8233853
1.8946791
2.6766466
2.1533908
2.9679021
0.78404096
0.56783589
0.78587315
0.78573706
0.56663999
0.56847392
0.78394183
0.65201123
0.46585202
0.65266817
0.46545971
0.80341711
1.0665072
1.06726
0.80253417
0.65282357
0.46537099
0.46567273
0.65229565
0.64297436
0.75844275
0.64363416
0.75788933
0.60449297
0.49056236
0.49114469
0.60415287
0.64281358
0.75754948
0.75768441
0.64252959
0.70782386
0.70779814
0.85748379
0.8574419
1.6777326
0.86230447
1.6774222
2.8134388
2.8128383
0.86225308
1.676839
1.6773
2.8124407
2.8129496
1.1891933
1.5539391
1.1949693
2.1694704
2.9721414
1.1966089
1.1898636
1.5530352
0.69607964
0.70060482
0.78571694
0.78784894
0.79734011
1.2984029
1.2995212
0.79233207
0.70059855
0.69575129
0.78819692
0.78611529
0.80270722
1.0680323
0.80398408
1.0669848
0.65205308
0.46560334
0.65287909
0.46530593
0.80341377
1.0666014
1.0675424
0.80232411
0.65271584
0.46474354
0.46538047
0.65198506
0.60468714
0.49163348
0.605445
0.4913639
0.64319496
0.75917134
0.64398175
0.75834488
0.60460121
0.49000564
0.49131525
0.60427842
0.64306225
0.75811614
0.75815932
0.64286538
1.3128195
0.96086501
1.3127149
0.961124
0.7089224
0.70836614
1.2252596
1.3128659
0.96146631
0.96122842
1.3130398
0.70835504
0.70826031
0.98864137
0.94332712
0.98849256
0.94349879
0.98309033
0.94174214
0.94157343
0.98316726
0.98869286
0.94369934
0.94356502
0.98878158
1.0085872
1.0084402
0.8620196
0.86203634
2.8235423
2.8241322
0.86730273
1.6874866
1.6869847
2.8246232
2.8240339
1.8574198
2.6579712
2.1536143
1.5712989
1.5530363
0.78371331
0.56873986
0.56561874
0.78604561
0.78699952
0.56710873
0.78440365
0.65210599
0.46568769
0.65300664
0.46532422
0.8028294
1.0657859
1.0668381
0.80164075
0.65258342
0.46505222
0.46548065
0.6515719
0.64313479
0.75771304
0.64267654
0.75823708
0.60472097
0.49106348
0.49086029
0.60507928
0.64343291
0.75959297
0.7585518
0.64397987
0.709628
0.70896821
0.85708338
0.85701746
1.6765706
0.86188295
1.6759243
2.812069
2.8117152
0.86182599
1.6744087
1.6755664
2.8094984
2.8113426
1.1889742
1.1955342
1.5717312
2.1667337
2.9652458
1.1949575
1.1878397
0.69540473
0.70020267
0.78628422
0.56485762
0.7884607
0.79626871
1.2972212
1.2978305
0.79169145
0.69970955
0.69535439
0.78866052
0.56167214
0.78664139
0.802147
1.0672787
0.80311437
1.0664031
0.65194519
0.46498235
0.6526663
0.46475986
0.80289531
1.0663551
1.0670564
0.80217359
0.65256892
0.46501359
0.46504723
0.65201819
0.60490895
0.49028261
0.60448286
0.49019479
0.64355668
0.75829245
0.64303379
0.75903567
0.60518744
0.49095376
0.49055941
0.60559774
0.64384094
0.76004887
0.75933094
0.6443786
1.3132637
0.96154624
1.3131062
0.96169691
0.70853973
0.70925096
1.3133095
0.96178348
0.96174611
1.3133813
0.71013111
0.70951444
0.98895081
0.94375342
0.98883305
0.94386857
0.98341587
0.94215533
0.94203973
0.98359447
0.98901427
0.94401295
0.94391932
0.98914739
1.0089386
1.0088234
0.86213043
0.86213318
2.8250366
2.8255516
0.86762489
1.6900169
1.688778
2.8280013
2.8259746
1.8725839
2.6683081
1.5708452
2.1510731
1.5517374
0.78538013
0.56548106
0.5636859
0.78729584
0.78764629
0.56575965
0.78561386
0.65158231
0.46525892
0.65207767
0.46481394
0.80238551
1.0660673
1.0665033
0.80193989
0.65212279
0.46411163
0.46492688
0.6517228
0.64438584
0.75980217
0.6442718
0.75999935
0.60533238
0.48971897
0.49065679
0.60452403
0.64420888
0.75884573
0.75991654
0.64337508
0.70912957
0.709854
0.85654014
0.85647332
1.6739956
0.86152534
1.6728882
2.8091344
2.8079491
0.86150542
1.6713339
1.6724445
2.8057459
2.8074655
1.1874888
1.5516059
1.1940204
1.5701172
2.164821
2.9667521
1.1964158
1.1869685
0.69484454
0.69956512
0.78699581
0.56349769
0.78951911
0.79576691
1.2985944
1.2972626
0.79280712
0.69908834
0.69591907
0.78947493
0.56262633
0.7878766
0.80179026
1.0669476
0.80283123
1.0660399
0.65163741
0.46520221
0.65254539
0.46480549
0.80246463
1.0664839
1.0666681
0.80231627
0.65216982
0.46424086
0.46493087
0.65204734
0.60573602
0.49128849
0.60579452
0.49080749
0.64457075
0.76022716
0.64455334
0.76037371
0.60575369
0.49007541
0.49095441
0.60501491
0.6445373
0.75959877
0.7603066
0.64378378
1.3134363
0.9617921
1.3134019
0.96174734
0.71027621
0.71038415
1.2262752
1.2262231
1.3134519
0.96173079
0.96175047
1.3134767
0.70967778
0.71031799
0.98927118
0.94405101
0.98920212
0.94410406
0.98374802
0.94206126
0.94213831
0.983752
0.98930228
0.94414532
0.94412998
0.98931521
1.0091916
1.0091079
0.86210566
0.86209555
2.8284429
2.8299333
0.86805216
1.6936956
1.6921948
2.8327798
2.8305424
1.885293
2.6776101
1.5747524
2.1404455
0.78610396
0.56691896
0.56706739
0.7875641
0.78913215
0.56509742
0.569855
0.78524341
0.65250504
0.4641426
0.65231032
0.46341966
0.80430503
1.0663522
1.0678832
0.80212192
0.65372535
0.46171054
0.46360206
0.6514973
0.64187704
0.75848091
0.64303774
0.75731635
0.60297675
0.48755412
0.48868993
0.60204874
0.64163497
0.75601121
0.75723747
0.64051691
0.70596197
0.70730055
0.85614215
0.85612963
1.6710167
0.86175526
1.6704131
2.8054608
2.8044009
0.86187047
1.6706081
1.67028
2.804517
2.8041936
1.1894713
1.5529978
1.1994147
2.1452752
2.9521232
1.1951843
1.5752863
1.1879594
0.69622235
0.69995496
0.78797458
0.56466323
0.56442275
0.78961357
0.79738168
1.2969411
1.2986475
0.78929753
0.70045342
0.69253771
0.79140067
0.78731464
0.80302196
1.0670998
0.80303765
1.0670054
0.65266682
0.4642879
0.65263203
0.46314427
0.80444225
1.0664739
1.0681409
0.80208495
0.65383663
0.46116724
0.46335944
0.65145499
0.60351289
0.49002754
0.60476288
0.48823424
0.64224156
0.75925555
0.64346399
0.75810525
0.60333273
0.48657482
0.48866095
0.60202142
0.64199413
0.75656219
0.75778015
0.64069813
1.3134596
0.96174076
1.3134941
0.96164683
0.70935711
0.70822764
1.3134349
0.96120373
0.96158748
1.3134853
0.70654664
0.70787572
0.98924353
0.94415587
0.98932668
0.94412015
0.98353681
0.94118081
0.94171489
0.98320173
0.98920858
0.94406022
0.9441149
0.98899966
1.0095191
1.0093572
0.8620876
0.8621101
2.8333027
2.8353344
0.86897428
1.6975524
1.6961428
2.8374227
2.8359633
2.128982
2.9151434
1.5518588
1.554311
2.1610971
0.78780907
0.56510091
0.56712366
0.78415509
0.8168573
0.5864072
0.57088757
0.77684798
0.65111168
0.46083958
0.65099969
0.45799075
0.8034907
1.0749266
1.0729617
0.81074368
0.65102406
0.48245555
0.45780343
0.66103055
0.63518894
0.75525844
0.63968777
0.75117409
0.59539695
0.51305092
0.48172524
0.61546256
0.63422698
0.763511
0.75014399
0.65053006
0.71136764
0.69895827
0.8550783
0.85349851
1.670903
0.86258252
1.6706262
2.8050645
2.8031976
0.86195855
1.5922654
1.6664794
2.6345569
2.7952409
1.1831718
1.5511279
1.184518
2.174029
2.9753978
1.1840421
1.5560921
1.1799315
1.54663
0.69189742
0.69349349
0.79005923
0.56192764
0.56399889
0.78635671
0.78789591
1.2976935
1.2941186
0.81284143
0.69130288
0.7111456
0.81856675
0.77913099
0.80299825
1.0671792
0.80193889
1.070069
0.65117296
0.46033397
0.65099583
0.45772067
0.80350885
1.0753454
1.0730922
0.81106386
0.65105034
0.48243844
0.4575329
0.66132509
0.59636921
0.48579663
0.60116974
0.48185973
0.6354019
0.75582365
0.63987443
0.75177762
0.59544519
0.51318358
0.48155181
0.6152704
0.63445814
0.76426627
0.7507708
0.65070639
1.3120801
0.96104496
1.3135252
0.96040586
0.70577108
0.70121623
1.2190083
1.2694626
1.3100483
0.95655856
0.96013718
1.3168223
0.71209243
0.6995958
0.98891975
0.94407603
0.98896622
0.94415326
0.98298587
0.93854383
0.94066397
0.97983724
0.98886058
0.93728506
0.94403225
0.98543268
1.0066651
1.0098336
0.86122777
0.85967202
2.8377339
2.8364687
0.86935577
1.6209009
1.694112
2.6683009
2.8289618
2.7991363
2.9184961
2.0910164
2.6575364
0.92544309
0.9495082
0.95166605
0.92239138
0.8559633
0.86582021
2.6948266
2.6641305
1.9066702
2.8562551
0.927094
0.95456485
0.92721703
0.95447947
0.85931061
0.86856266
2.6450125
2.6602929
1.7554991
2.6767455
0.92645511
0.95403485
0.92650354
0.95399165
0.85874458
0.86738736
2.6376966
2.6136314
1.7315099
2.8003718
0.92616408
0.95375362
0.92618822
0.9537255
0.8586883
0.8670787
2.8947326
2.7820425
2.1090262
2.8455805
0.9260016
0.95356894
0.92600824
0.95356116
0.85880075
0.8670545
2.9569868
2.8470379
2.1598502
2.869522
0.92599394
0.95355584
0.92598081
0.95356789
0.8590268
0.86718971
2.9677565
2.8573699
2.1650319
2.8543454
0.92609592
0.95367897
0.92608161
0.95369085
0.85942938
0.86748033
2.9639831
2.8518607
2.1609564
2.8513446
0.92613299
0.95371333
0.92612558
0.95371325
0.85991762
0.86784827
2.8561202
2.9662618
2.1678452
2.8644708
0.92624635
0.95372651
0.92621352
0.95373788
0.8605092
0.86850285
2.9026631
2.7863945
2.1178598
2.8044195
0.9267989
0.9539494
0.92669627
0.9539587
0.86135568
0.87002944
2.9124241
2.7952497
2.0788508
2.6593301
2.8123516
2.7081974
2.0520531
2.8250532
0.96145811
0.98734781
0.986942
0.96518681
0.96875558
0.99026868
0.99044179
0.96881573
0.92311522
0.94726464
0.94943548
0.92004727
1.1836803
0.85140007
0.92516987
0.95240704
0.95246007
0.92502345
0.8588192
1.192013
0.85339021
0.86295321
0.86631109
0.85682099
2.8179922
2.7098848
2.0617236
2.8210404
0.96342352
0.98938094
0.98896724
0.96714971
0.9707367
0.99230453
0.99248031
0.97079335
1.1862939
0.85449473
0.92750367
0.95463721
0.92735285
0.95469545
0.86198532
1.1946577
0.86928801
0.8593945
2.6884476
2.6616099
1.89112
2.8539096
2.9329386
2.8479432
2.1061223
2.8479142
0.96880766
0.99006286
0.96882221
0.98985259
0.96871931
0.98894494
0.98904936
0.96871331
0.92476682
0.95232916
0.92488449
0.95224881
1.1944245
0.85871072
0.92430192
0.95185495
0.95190359
0.92423259
0.85834818
1.1910977
0.85666315
0.86554177
0.86445794
0.85564537
2.9385569
2.8516578
2.1183001
2.8538051
0.97077793
0.99209647
0.99188342
0.97079636
0.97068103
0.99096989
0.9910743
0.97067518
1.1945591
0.86188644
0.92663053
0.95407563
0.92655924
0.95412692
0.86167735
1.1937989
0.86767389
0.85878124
2.6405658
2.657534
1.7426162
2.674538
2.6598178
2.657246
1.7923562
2.8518263
0.96871357
0.98884412
0.96871044
0.98875226
0.96865398
0.98835237
0.98839997
0.96863698
0.92412271
0.95180514
0.92417022
0.95176259
1.1935167
0.85827931
0.92390084
0.95153699
0.95156762
0.92386243
0.85809921
1.1905693
0.85554054
0.86405578
0.86353182
0.85488526
2.6632455
2.6626112
1.8033792
2.8530884
0.9706789
0.9908705
0.99078075
0.97067363
0.97063709
0.99039726
0.99044189
0.97062464
1.1937239
0.86165912
0.92625441
0.95377658
0.92621547
0.95380823
0.86171223
1.1933907
0.86714654
0.8586829
2.6081934
2.6353122
1.7176267
2.800477
2.7311424
2.8422816
2.0215532
2.6507715
0.96862951
0.98830562
0.968628
0.9882646
0.96858451
0.98810791
0.98811765
0.96857951
0.92380702
0.95150536
0.92382835
0.95148105
1.1905189
0.85801371
0.9236971
0.95136831
0.95137731
0.92368074
0.8578551
1.1902689
0.85480507
0.86329514
0.86295635
0.8543046
2.8438046
2.7298463
2.0307392
2.6497908
0.9706182
0.99035134
0.99030889
0.97061758
0.97053345
0.99011021
0.99012819
0.97051957
1.1933575
0.86174549
0.92604408
0.95357512
0.92601951
0.95359426
0.86180973
1.1932163
0.86704605
0.85878336
2.8759946
2.7646374
2.0901029
2.839565
2.6364427
2.6484017
1.8069681
2.6638353
0.96862145
0.98810194
0.96859265
0.98810307
0.96869693
0.9881464
0.98813198
0.96870534
0.92367121
0.95136068
0.92366938
0.95136215
1.1902398
0.85777704
0.92366571
0.95138631
0.95137731
0.92366651
0.85761835
1.1901049
0.8542409
0.86279329
0.86252917
0.85381231
2.6315234
2.6452665
1.8067942
2.6653922
0.97054616
0.99009691
0.99009087
0.97052502
0.97057345
0.99008742
0.99007864
0.97057515
1.1932035
0.86184002
0.92597752
0.95354319
0.92597288
0.95354149
0.86190815
1.1931794
0.86712386
0.85898994
2.846325
2.9550436
2.1560234
2.8687686
2.6677252
2.6537893
1.8744005
2.6523547
0.96874964
0.98815804
0.96872008
0.988175
0.96881871
0.98826846
0.98825552
0.96881446
0.92368613
0.95139377
0.92367062
0.95140876
1.1900836
0.85752455
0.92371687
0.95146378
0.95145996
0.92371411
0.85731568
1.1899659
0.85375256
0.86238782
0.86213217
0.85330208
2.6562025
2.6732358
1.8846305
2.656156
0.97061275
0.99009553
0.99011082
0.97058507
0.97071399
0.99024671
0.99022236
0.97072135
1.1931788
0.86194442
0.92606283
0.95366137
0.92606834
0.95364905
0.86203875
1.1932391
0.86736383
0.85937355
2.8574909
2.9630927
2.1531314
2.8516142
2.6745284
2.6561663
1.8845714
2.6524372
0.96880831
0.98827258
0.96880746
0.98827661
0.968698
0.9882667
0.98826797
0.96865573
0.92371335
0.9514611
0.92371033
0.9514609
1.1899423
0.85716953
0.9236509
0.95137888
0.95139742
0.92363163
0.85684387
1.1898069
0.85323077
0.86197874
0.86169985
0.8526662
2.655486
2.6743749
1.8850307
2.65389
0.97074153
0.99026394
0.99028146
0.97072749
0.97070764
0.99037137
0.99035534
0.9706823
1.1932472
0.86207403
0.92612652
0.95371021
0.92612156
0.95371384
0.86210115
1.19333
0.8677014
0.85985633
2.9596144
2.8497576
2.1561472
2.8488122
2.6576347
2.6522122
1.8533986
2.657988
0.96858012
0.98826165
0.96861302
0.98826214
0.96837914
0.98840619
0.98835989
0.96833379
0.92361019
0.95135777
0.9236153
0.95134345
1.1897899
0.85664568
0.92359474
0.9512881
0.95128989
0.92360238
0.85632017
1.1898269
0.85258457
0.86157175
0.86148785
0.85212007
2.6583953
2.6513686
1.8607581
2.6603218
0.97064054
0.99038392
0.99040096
0.97065679
0.97049292
0.99060358
0.99055292
0.97045091
1.1933433
0.86208084
0.92617937
0.95371592
0.92618963
0.95371527
0.86203981
1.193555
0.86818981
0.86042083
2.9609838
2.8550684
2.1615972
2.8627555
2.7976057
2.6985968
2.0410646
2.6419057
0.96825617
0.98845696
0.96828893
0.98852172
0.96812106
0.9892761
0.9891025
0.9681061
0.92365136
0.95128817
0.92361863
0.95129869
1.1923544
0.85620597
0.92391395
0.95147118
0.95142958
0.92399538
0.85611983
1.1903488
0.85208579
0.86159865
0.86217228
0.85215197
2.8045391
2.7024024
2.0540965
2.6444419
0.97037653
0.99065788
0.99072474
0.97040819
0.97024325
0.99148139
0.99130905
0.97022676
1.1936021
0.86202959
0.92652282
0.95391291
0.92660046
0.95387492
0.86215923
1.1941878
0.86937453
0.86126859
2.8985095
2.7849677
2.1174656
2.8019262
2.9050239
2.7788137
2.0768161
2.6558095
0.96795879
0.98943862
0.9680632
0.98956945
0.96034955
0.98614548
0.98579927
0.9640058
0.92419685
0.95150247
0.92408931
0.95151529
1.1904027
0.8560484
0.92191222
0.94602076
0.94824347
0.91879887
0.84827088
1.1818047
0.85220354
0.86270727
0.8590042
0.8482093
2.9102941
2.780629
2.0885289
2.6535812
0.97007608
0.99164255
0.99177168
0.97018208
0.96246835
0.98835424
0.98799498
0.96613204
1.1942515
0.86214876
0.92451687
0.94847247
0.95067903
0.92142249
0.85447337
1.1856751
0.86641381
0.85784494
1.0523422
0.802452
1.0668396
1.248856
1.2494899
1.0680092
0.80094754
1.054464
0.55981577
0.59912611
0.49881763
0.55305886
0.52204651
0.48632925
0.60800416
0.58598663
0.38484225
0.70402716
0.77505979
0.78509796
0.69996995
0.40221475
2.2906944
2.2210591
2.6664498
2.673812
1.8003824
2.8687087
2.1432566
1.0248033
0.78947706
1.0250247
1.2885734
1.2658892
1.2549457
1.2613581
1.2962352
1.2612728
0.79025989
1.0372147
1.0208565
0.97471524
0.98308101
0.97475062
0.94081006
0.95208219
0.95429702
0.95404244
0.9408976
0.95412535
0.98289061
0.97258431
0.97488046
1.0088421
0.83907173
0.8245124
0.83434793
1.0093745
0.83504617
1.3462876
1.0191499
0.90980868
0.9119312
1.0195394
0.87399876
0.94845821
0.95141946
0.86999568
0.92678729
0.95413677
0.95312251
0.92753084
0.95346184
1.6475935
0.86734613
0.85924269
1.6711522
0.97892899
0.80006908
1.0506197
1.2472915
1.0641795
0.80116768
1.0520799
1.2460376
1.0636978
0.60239037
0.56665579
0.52647587
0.48679857
0.60183225
0.5648285
0.528517
0.48735565
0.3087776
0.78401167
0.7065537
0.31186024
0.7848359
0.70696799
2.2252995
2.1701048
2.6597942
2.6620948
1.8266727
2.812847
2.2786582
0.78953361
1.0282338
1.0248035
1.2649895
1.2993838
1.2628011
0.79279967
1.0308534
1.0274804
1.2631557
1.2985442
1.2608738
0.98305601
0.97462564
0.97457105
0.95388131
0.94116365
0.95394406
0.98304091
0.9744789
0.97453869
0.95407869
0.94123345
0.95402258
1.3543989
1.3549449
0.83540335
1.0093184
1.3546641
0.83546128
0.83547139
1.0091934
0.83549054
1.018797
1.3108434
0.91201999
1.0189138
0.91194304
0.87618777
0.95141411
0.87630308
0.95125712
0.92697311
0.95431371
0.95439171
0.92686365
0.97725984
1.6866278
0.86833567
0.8590521
1.6864163
0.97669488
0.80127145
1.048165
1.2442691
1.06488
0.80126954
1.0494049
1.2431078
1.0654776
0.60244102
0.56605676
0.5292549
0.48860478
0.60261159
0.56685491
0.5280439
0.48829407
0.30516436
0.78488746
0.70763102
0.30551829
0.78482338
0.70761026
2.2001675
2.9762691
2.8651058
2.1388563
2.7206509
2.165105
0.79048402
1.022755
1.0246793
1.2595982
1.2979489
1.2600863
0.789111
1.0239132
1.0240248
1.2580291
1.293177
1.2593562
1.2249311
0.98294451
0.9745322
0.97455572
0.95406272
0.94122177
0.95403182
0.98299138
0.97462116
0.97460234
0.95400519
0.94122036
0.95402592
1.3531269
0.83522692
1.0084804
1.3532426
0.83517326
0.83504303
1.0084125
0.8351187
1.0181234
1.3095955
1.3096788
0.91155542
1.0181842
0.91150788
0.87563112
0.95052232
0.87567815
0.95044916
0.92640198
0.95391083
0.95394743
0.92635313
0.97631704
1.6864417
0.86732388
0.8587055
1.6864481
0.97633883
0.8012274
1.0496618
1.2455151
1.064845
0.8013312
1.0505812
1.2450242
1.0652271
0.60239646
0.56555324
0.52801338
0.48804077
0.60251016
0.56586645
0.52758152
0.48805397
0.30718606
0.78495074
0.70797532
0.30447678
0.78490813
0.70786808
2.7804875
2.88634
2.1333219
2.8935697
2.2152029
0.79225448
1.0280067
1.026301
1.2598645
1.295244
1.2582701
0.78869338
1.0251082
1.0227832
1.2625875
1.2978512
1.261517
1.224925
1.224941
0.98283813
0.97457013
0.97457101
0.95409398
0.9414121
0.95412716
0.98284833
0.97455028
0.97458083
0.95416761
0.9414678
0.95416605
0.83482756
1.0079869
1.3526528
0.83481469
0.83477058
1.0079673
0.83480223
1.0177684
1.3091629
1.3091993
0.91127125
1.0177939
0.91124364
0.8753796
0.95010231
0.87540516
0.95006921
0.92613131
0.95366882
0.9536941
0.92610001
0.97645538
1.6864675
0.86706984
0.85873878
1.686427
0.97660141
0.80072955
1.0500053
1.2445287
1.0643709
0.80138725
1.0500501
1.2449891
1.0640795
0.60335519
0.56806415
0.52795808
0.48934453
0.60263725
0.56582118
0.53021389
0.48936867
0.30375025
0.78473279
0.70742043
0.30992683
0.78467741
0.7077304
2.2025772
2.6402896
2.6176663
1.7286228
2.751502
2.2566744
0.78871043
1.0260599
1.022846
1.259056
1.2935005
1.2592815
0.79158109
1.0256866
1.0250577
1.2604615
1.2945031
1.2580247
1.2249362
0.98267635
0.97433615
0.97437585
0.95411665
0.94141042
0.95404263
0.98273109
0.97450647
0.97445933
0.9539065
0.94133546
0.95397513
1.35252
0.83479489
1.0079215
1.3525532
0.83480716
0.83482702
1.0079472
0.83482637
1.0176174
1.3090362
1.3090354
0.91115402
1.017624
0.91114894
0.87523745
0.94990514
0.8752499
0.94989013
0.92598718
0.95354864
0.95355208
0.92597457
0.97680794
1.6864072
0.86706795
0.85888765
1.6863805
0.97697884
0.80225134
1.0495699
1.2454992
1.0668963
0.80314308
1.0506861
1.2445897
1.0661388
0.60447959
0.56865021
0.5316381
0.49165851
0.60478794
0.56939285
0.53062804
0.49134065
0.30481859
0.78479662
0.70827849
0.30231763
0.78489437
0.70809325
2.1666308
2.2547417
2.6556368
2.6477205
1.8549448
2.6605902
2.2795502
0.79201312
1.0261486
1.026138
1.2638096
1.2981283
1.263153
0.79561158
1.0297747
1.0290312
1.261101
1.2994499
1.2615243
1.2250374
0.98302884
0.97463109
0.9746118
0.95402573
0.94139698
0.95406961
0.9830027
0.974543
0.97460369
0.95412271
0.94145567
0.95410932
1.3528855
1.3527765
0.83506745
1.0082626
1.3528369
0.83513373
0.8352276
1.0083289
0.83519626
1.0177024
0.91127486
1.0176751
1.3090831
0.91130431
0.87522364
0.94984799
0.87521817
0.94985111
0.92600056
0.95359777
0.95358005
0.92600867
0.97726515
1.6866595
0.86722395
0.85917986
1.686739
0.97752726
0.80259433
1.048991
1.2449971
1.0674332
0.8034667
1.0500747
1.2440992
1.066734
0.60419611
0.56832212
0.53022623
0.49088155
0.60438108
0.56800634
0.53029256
0.49067112
0.30364662
0.78544747
0.70819683
0.30659676
0.78580761
0.70844397
2.1695391
2.2623483
2.6752732
2.6557873
1.8881687
2.6550712
0.79227691
1.0253588
1.0258261
1.2637407
1.2988605
1.263844
0.79698958
1.0298644
1.0299527
1.2603353
1.2980682
1.2607896
0.98329602
0.97497332
0.9749203
0.95433742
0.94185152
0.95440455
0.98326148
0.974817
0.97488844
0.95452295
0.9419176
0.95447448
1.3532511
0.83548172
1.0086791
1.3532076
0.83555155
0.83565916
1.0087347
0.83562029
1.0178845
0.91153236
1.0178596
1.3092504
1.3092684
0.91155526
0.87530408
0.94990263
0.87529784
0.94990965
0.92610025
0.95370544
0.95369772
0.92610244
0.97795374
1.6879329
0.86752715
0.85962415
1.6881234
0.97824819
0.8016949
1.0486474
1.2441857
1.0665366
0.80239254
1.0490977
1.243862
1.0658394
0.6053468
0.56893769
0.53055643
0.49076818
0.60535851
0.56887049
0.53053322
0.49059808
0.29695549
0.78624817
0.70989759
0.29825311
0.78628399
0.70995119
2.2606296
2.2594187
2.6693635
2.6556164
1.8851482
2.6602166
0.79129143
1.0248527
1.0248465
1.2628136
1.2975272
1.2628304
0.79605776
1.0289821
1.0289938
1.2597931
1.2967555
1.2597801
0.98371029
0.9753535
0.97535059
0.95482134
0.94216502
0.95485725
0.98369721
0.97529666
0.97535331
0.95486091
0.94216392
0.95487709
0.83593315
1.009005
0.83598777
1.3535747
0.83603899
1.0090466
0.83603234
1.0180419
0.91165987
1.0180142
1.3094245
0.91166337
0.87532403
0.9499674
0.87532508
0.94998188
0.92613356
0.95371037
0.95371029
0.92613504
0.97871476
1.6908093
0.86791054
0.86013278
1.6912025
0.97901742
0.80189762
1.0500042
1.2449577
1.0661298
0.8023679
1.0497814
1.245299
1.0656511
0.60342294
0.56696204
0.52967712
0.48934678
0.60384571
0.5679652
0.52876001
0.48883911
0.30685397
0.78589535
0.7084228
0.30172939
0.78542602
0.70803666
2.1634131
2.2642557
2.6585557
2.6591177
1.8562087
2.6528825
2.2765964
0.79176934
1.0275162
1.0257883
1.264347
1.2987575
1.2638427
0.79629907
1.030376
1.0296755
1.2628321
1.2983382
1.2610782
0.98367248
0.97516221
0.97524678
0.9547973
0.94196924
0.95476724
0.98372863
0.97533848
0.97532498
0.9546163
0.94191089
0.95471632
1.3539696
0.83606616
1.0092469
0.83605905
1.3540715
0.83596768
1.009287
0.83603613
1.0183561
0.91170068
1.0182981
0.91170655
0.87540436
0.95021593
0.87538372
0.95027322
0.92627868
0.95377125
0.95375045
0.92631857
0.97959941
1.694622
0.86863969
0.86083581
1.6950822
0.98012188
0.80192621
1.0511285
1.2457637
1.0672595
0.80174778
1.0497873
1.2477898
1.0678366
0.59818244
0.56010002
0.52699094
0.48552302
0.59990266
0.56508825
0.52227367
0.48344505
0.34719252
0.783421
0.70403676
0.31116908
0.7828017
0.70249092
2.2388157
2.2061583
2.623301
2.6447426
1.7382534
2.8193255
2.2218586
0.78684092
1.0240007
1.0224925
1.2600742
1.29507
1.260454
0.78972457
1.0249037
1.0248529
1.2602506
1.2957707
1.2591148
0.98303342
0.974472
0.97446156
0.95386802
0.94081421
0.9537741
0.98306449
0.97454002
0.9744904
0.95375355
0.94071104
0.95375377
1.3556785
1.3552531
0.83534452
1.0097321
1.3555272
0.83514395
0.83467914
1.0098873
0.83487224
1.01921
1.3117417
0.91190703
1.0190081
0.91199389
0.87588121
0.95094851
0.87578479
0.95112336
0.92688243
0.95370726
0.95390115
0.9268806
0.98129289
1.69848
0.87010997
0.86137246
1.6987479
0.98246244
2.2197409
2.6725643
2.6646888
1.7882647
2.8653906
2.1445681
1.8632545
1.5528583
1.5670185
1.8393964
2.6141015
2.6395562
1.7215917
2.8071944
2.1682513
2.2492144
1.8800434
1.5648371
1.5776156
1.8530995
0.75967526
0.7909556
0.56924496
0.78731732
0.56773982
0.78704093
0.54950618
0.65059075
0.47027545
0.48360633
0.47599738
0.46076381
0.6521112
0.56054033
1.0509862
0.80177817
1.0667981
1.2478454
1.2474347
1.0671561
0.80260695
1.0525226
0.54981961
0.65056896
0.45939072
0.47884696
0.47650947
0.45827839
0.65155942
0.55236312
0.68179449
0.63754985
0.75821224
0.71814049
0.70634777
0.75238576
0.6449951
0.69639256
0.55979793
0.59732338
0.48382037
0.52557023
0.52180373
0.48246934
0.59837916
0.56354658
0.68219778
0.63643265
0.75414786
0.71017811
0.70685687
0.75290277
0.63769255
0.68552203
0.35022859
0.70410567
0.78356343
0.78329722
0.7027154
0.3145802
1.3531841
1.3537788
1.3454867
1.0097656
0.98777556
0.98895045
1.0083726
1.3550591
1.3545023
1.3548406
1.0117359
0.99045654
0.99044078
1.0116789
1.0177084
1.3100767
1.3088745
0.90844264
0.91056486
1.018089
1.2462031
1.3089696
1.3012211
1.2496437
0.96448656
0.98979565
0.96643927
0.98854431
1.018249
1.311004
0.91096315
0.91109945
1.018012
0.968466
0.99038317
0.96788948
0.99050631
1.2567492
1.3103105
1.3106575
1.2567656
0.87151252
0.94591701
0.94889229
0.86749354
0.92446061
0.95190237
0.95088903
0.92520249
1.2803497
0.81716045
0.80756588
0.85426036
1.1921712
1.2825739
0.92529737
0.95230719
0.95245009
0.92533888
0.87408318
0.94908408
0.94929612
0.8739417
0.85859414
1.1938293
1.2822783
0.81583836
0.81580925
1.2834579
0.95088422
1.649014
0.86442861
0.85677115
1.6723625
0.97627663
2.7475543
2.7955422
0.8664431
0.85702306
0.97476983
1.6875895
0.9761431
1.6880304
2.8255243
2.8257849
1.8640805
1.5525145
1.1802881
1.5669696
1.1899558
1.8395873
2.2300173
2.6184747
2.6419783
1.7302316
2.8121576
2.1683676
2.244808
1.8803379
1.5655849
1.1940455
1.5774817
1.1973719
1.8543852
1.2807168
0.69227218
1.2822514
0.57002741
0.56880924
0.69123611
1.2898919
1.2838132
0.589743
0.76172034
0.79316187
1.0247275
0.78792605
1.0239446
1.2990288
1.2651532
1.263056
1.2611321
1.2981539
1.2607388
0.79249037
1.0306699
1.0275003
1.2805478
0.68978703
1.2799329
0.5686399
0.56687636
0.56620736
0.69455786
1.2827951
1.2815023
0.7890662
0.56508491
0.78898151
1.0525622
0.8024765
1.0671655
1.2495717
1.2499692
1.0682516
0.80110177
1.0549501
0.54925533
0.65050446
0.47003221
0.48338489
0.47563277
0.4604184
0.6521456
0.56049567
1.051245
0.80198068
1.0673152
1.2485995
1.2479419
1.0675629
0.80294036
1.0530498
0.5496249
0.65065985
0.45914823
0.47875229
0.47618582
0.45794165
0.65178367
0.55245812
0.55964169
0.5990471
0.4986745
0.55288463
0.52176065
0.48610064
0.60794872
0.58588141
0.68192199
0.63757005
0.75832743
0.71819001
0.70654145
0.75255598
0.64501341
0.6964389
0.55963026
0.59730133
0.48361902
0.5253149
0.52149853
0.48220765
0.59870315
0.56340195
0.68234401
0.63650398
0.75434421
0.7103652
0.70707081
0.75310778
0.63777789
0.68547473
0.91823318
1.3088602
0.91809898
0.95921571
0.95284045
0.95298461
0.95284995
0.96017764
0.9529334
1.3056023
0.92302615
0.91841646
0.38704114
0.7041357
0.77516905
0.7852963
0.70006714
0.40203274
1.2259309
0.91950831
1.3133998
0.92004435
0.96112262
0.95273049
0.95293064
0.95304026
0.96100719
0.95302728
1.3137129
0.92035082
0.92044148
0.35204272
0.70420621
0.78365645
0.78343338
0.70281534
0.31638871
0.97962389
0.98886561
0.9791983
0.94163439
0.98369914
0.98660892
0.988527
0.94370733
0.9880104
0.98840267
0.97507831
0.97811465
0.97461536
0.98311311
0.97454698
0.94100572
0.95386206
0.95385277
0.95393048
0.94096732
0.95388983
0.98307386
0.97448215
0.97451288
0.97968701
0.9890644
0.97963274
0.94423576
0.98817172
0.98831267
0.98857242
0.944363
0.98847488
0.98899803
0.97945124
0.97955702
1.009766
0.98804338
0.98918122
1.0083656
1.3558273
1.0098547
0.83532231
0.83519929
0.83487989
1.010078
0.83500283
1.3556079
1.0117091
0.99069723
0.99065218
1.011677
1.2478365
1.3103807
1.3026483
1.2512675
0.96646376
0.99183139
0.99057738
0.96841982
1.0196655
1.3124279
0.91232538
0.91246122
1.0194246
0.97044973
0.99242252
0.96987367
0.99254622
1.2583904
1.3117235
1.3120744
1.258402
1.2827162
0.819942
0.81039201
0.85739228
1.1948267
1.2849758
0.92763318
0.95454341
0.92767334
0.95468729
0.87657446
0.95159452
0.87643014
0.95180582
0.86174998
1.1964914
1.284678
0.81860772
0.81857478
1.2858571
2.7448181
2.7936009
0.86940579
0.85945183
0.97754887
1.6874003
0.97880493
1.687514
2.8246494
2.8245292
2.6560199
2.660785
1.8187066
2.8165658
2.2769044
1.8774389
1.5719191
1.8651934
1.5776545
2.6559131
2.6450211
1.7763819
2.7879256
2.2709392
2.2528465
1.8591585
1.5588554
1.5665299
1.8444072
0.79125337
0.79224456
0.78310144
0.78419357
0.64966414
0.55159447
0.4787637
0.46092375
0.65060501
0.55221754
0.4786736
0.46122687
1.0523339
0.80605631
1.0689603
1.2458839
1.2470274
1.0683698
0.80571956
1.0511017
0.5533878
0.65477076
0.46477647
0.47918417
0.480014
0.46464294
0.6542224
0.55232897
0.64107636
0.6879224
0.71102407
0.75667219
0.64054458
0.68637987
0.71254691
0.75712586
0.56687686
0.60329404
0.49026548
0.52983323
0.52912372
0.48940698
0.60369107
0.56751452
0.6882521
0.64215931
0.75789594
0.71304818
0.71284319
0.75782672
0.64221552
0.68838498
0.30817889
0.70771187
0.78495659
0.78497891
0.7076412
0.30602061
1.3536705
1.3542023
1.3539291
1.0109271
0.99030424
1.0111917
0.99024737
1.3530407
1.3528991
1.0103935
0.98990645
0.99000531
1.0102681
1.0174056
1.3092137
1.3094381
0.91066852
1.0175174
0.91059563
1.2566106
1.3099813
1.2567039
1.3096859
0.96877338
0.98948041
0.96874609
0.98965438
1.0171274
1.309003
0.91095149
0.91098344
1.0170461
1.3087065
0.96871329
0.98931585
0.96872081
0.9891704
1.2561174
1.3085826
1.2560422
0.87369817
0.94889673
0.87381012
0.94873891
0.92464893
0.95208859
0.95216389
0.92453938
1.2824592
0.81586224
0.81587364
0.85861834
1.1941121
1.2816622
0.92436889
0.95201478
0.95195366
0.92444225
0.87328657
0.94808177
0.94817082
0.87322913
0.85842261
1.1940193
1.2804771
0.81561254
0.81567917
1.2814661
0.97439735
1.6855201
0.8652795
0.8561837
1.6849017
0.97358496
2.8230766
2.8225625
0.86463975
0.85603313
0.97281509
1.6827095
0.97335555
1.6831708
2.8194442
2.8201122
1.8787815
1.5704262
1.196687
1.8637397
1.5775722
1.1988121
2.2288508
2.6607905
2.6485019
1.7869415
2.7958842
2.2726519
2.2564076
1.8595604
1.5583729
1.1917656
1.566141
1.1945853
1.8449776
0.69185754
1.2819005
1.2803905
0.56468264
0.69463903
1.2826473
1.2811414
0.79308081
0.56301478
0.79455724
1.0312069
0.79799267
1.0309917
1.3000881
1.2635468
1.2649791
1.2652981
1.3004223
1.2649207
0.79727771
1.0284486
1.030817
1.2834688
0.7016316
1.2842396
0.56658159
0.5683785
0.70140772
1.2829565
1.2842757
0.56965202
0.78565678
0.56958981
0.78683667
0.8000585
1.0506148
1.2480109
1.0646377
0.80136499
1.0525655
1.2462569
1.0638897
0.64956449
0.55128081
0.47864227
0.46046715
0.65069178
0.55227418
0.47823238
0.46046972
1.0522885
0.80585355
1.0690176
1.2462403
1.2472317
1.068349
0.80557344
1.0511999
0.55303945
0.65452626
0.46392753
0.47870144
0.47953124
0.46370271
0.65402006
0.55204445
0.60167872
0.56585908
0.52631274
0.48605109
0.6012263
0.5644093
0.52763723
0.48633195
0.64068768
0.68783897
0.71116229
0.75679201
0.64023422
0.68625615
0.71259936
0.75723471
0.56641838
0.60332441
0.48956399
0.52910772
0.52833428
0.48880459
0.60342338
0.56706629
0.68820889
0.64200535
0.75814482
0.71328055
0.71292423
0.75803634
0.64210068
0.68849631
1.3134472
0.9204912
0.92061607
0.95257531
0.96121442
0.95240669
1.3135698
0.92051656
0.92068343
0.95201896
0.96120798
0.95224282
0.31018557
0.784107
0.70665174
0.31365041
0.78490336
0.70707708
1.2251028
0.92055111
1.3130101
0.9205752
0.96106193
0.95144376
0.95160094
0.95187911
0.96112921
0.95175557
1.3129959
0.92059802
0.92071651
0.30946548
0.70795178
0.78505255
0.78505257
0.70785091
0.30736888
0.98881922
0.9792453
0.97929209
0.98807002
0.94394838
0.9879758
0.98884971
0.97939176
0.97934818
0.9878224
0.94388709
0.98791619
0.97470128
0.98314674
0.97473265
0.94137788
0.95413473
0.95418785
0.95416699
0.94140674
0.95421548
0.98313651
0.97468594
0.97474178
0.97922531
0.98878606
0.97918573
0.94363507
0.987528
0.98761617
0.98776912
0.94371035
0.98771259
0.98875612
0.97906116
0.97914463
1.0109099
0.99052357
1.0111158
0.99042846
1.353753
1.0087621
0.83530234
0.83537568
0.83545883
1.0088771
0.83543708
1.3536157
1.0103638
0.99010344
0.99017154
1.0102197
1.2582386
1.3113915
1.3110932
1.2583365
0.97074031
0.99150555
0.99168249
0.97070929
1.0184994
1.3104038
0.91170316
0.91175491
1.0184096
0.97067444
0.99134024
0.97068307
0.9911945
1.2577282
1.3099818
1.3100982
1.2576527
1.2843412
0.81863404
0.81864982
0.86182059
1.1966821
1.2840581
0.9266982
0.95423832
0.92677043
0.95417739
0.87578403
0.95059774
0.87572631
0.95068184
0.86172741
1.1967162
1.2828966
0.81840564
0.81846215
1.2838753
2.8239837
2.8236566
0.86781712
0.85897338
0.9763402
1.686362
0.97657146
1.6863131
2.8240969
2.8240209
2.1657706
2.9703346
2.8599029
2.1260059
2.7214738
1.8307569
1.5762604
1.8762961
1.5463899
2.7839859
2.8989867
2.0714949
2.640403
2.1717918
2.2686924
1.8402691
1.5668685
1.5529632
1.8643848
0.78956142
0.78808845
0.56345156
0.78740918
0.78772691
0.64980519
0.54968097
0.4779674
0.46290987
0.6499701
0.55091362
0.47669999
0.46233734
1.0481898
0.80147303
1.0657577
1.2459721
1.2432195
1.0656178
0.80245819
1.0511534
0.54981176
0.65027653
0.46266106
0.47845656
0.47686978
0.46216417
0.6513248
0.55190535
0.64141509
0.68776487
0.71293689
0.75772787
0.64145554
0.68801938
0.71262992
0.7576632
0.56605824
0.60235223
0.48845068
0.52818592
0.52787503
0.48823424
0.60239593
0.5661609
0.68771584
0.64115938
0.75764287
0.71265485
0.71259171
0.7576015
0.64119004
0.68774537
0.30520623
0.70778213
0.78493113
0.78483705
0.70769497
0.30471307
1.3524184
1.3526401
1.3525352
1.0097801
0.98970172
1.009953
0.98966148
1.3521447
1.352079
1.0083918
0.98934666
0.98943638
1.0083187
1.0176176
1.3082068
1.3082922
0.91081089
1.0176648
1.3083861
0.91077036
1.2559075
1.3084729
1.2559703
0.96869848
0.98859996
0.9686872
0.98866901
1.0174251
1.3081175
0.91059022
0.91064333
1.0165428
1.3079288
0.9686605
0.98852664
0.96867118
0.98845709
1.2555978
1.3079775
1.2555507
0.87312449
0.94799484
0.87317276
0.94791529
0.92406793
0.95167772
0.95171667
0.9240142
1.2808688
0.81554344
0.81547676
0.85824722
1.193389
1.2805752
0.92393275
0.9516346
0.95159784
0.92396518
0.87292219
0.94756574
0.94761251
0.8728918
0.85816017
1.1933528
1.2797822
0.81513804
0.81518577
1.2804996
0.97266779
1.6814228
0.86393715
0.85525064
1.681011
0.97228842
2.8177608
2.817223
0.86363443
0.85515586
0.97180558
1.6799207
0.97215983
1.6801243
2.8160013
2.8162909
1.8318498
1.5763981
1.1971095
1.8771805
1.5466338
1.1803411
2.1471844
2.9050745
2.7887356
2.0863202
2.6410272
2.172635
2.2676694
1.8397581
1.5659416
1.1897055
1.5517615
1.1821408
1.8645889
0.6950581
1.2792722
1.2796781
0.56071794
0.55809918
0.69275804
1.2801604
1.2791807
0.79194649
0.55824158
0.7902909
1.0220614
0.78942369
1.023432
1.2956012
1.2596035
1.2595719
1.2574504
1.2928799
1.2582645
0.79082341
1.0256204
1.0246426
1.2791581
0.69493098
1.2797274
0.69637142
1.280871
1.2804016
0.5595541
0.7899857
0.55810921
0.79016572
0.80147064
1.0485521
1.2446362
1.065083
0.80134617
1.0495343
1.2437172
1.0657922
0.64992409
0.54961946
0.47753296
0.46207305
0.64998422
0.55068234
0.47640336
0.46176079
1.0485093
0.80143015
1.0658458
1.2462854
1.2437864
1.065793
0.80228484
1.0511827
0.54966406
0.65014666
0.46208994
0.477795
0.47650136
0.46163761
0.65105512
0.55142741
0.6026956
0.56611549
0.52886188
0.48858997
0.60286836
0.56685052
0.52790361
0.48834123
0.64152926
0.68806038
0.71321412
0.75807519
0.64166538
0.68836914
0.7130101
0.75803155
0.56590205
0.60234316
0.48798471
0.52753787
0.52759801
0.48779099
0.60237148
0.56571784
0.68801528
0.64132046
0.75800831
0.71311438
0.71298317
0.75796531
0.64135939
0.68814713
1.3127329
0.9206772
0.92072908
0.95134104
0.96085458
0.95124407
1.3128482
0.92071533
0.92081366
0.95110744
0.96082409
0.95118772
0.30690117
0.7850017
0.70793409
0.30695053
0.78495653
0.70792115
1.2247027
0.9208457
1.3126555
0.92096623
0.96082124
0.95118342
0.95116012
0.95111781
0.96081233
0.95114897
1.3127165
0.92116459
0.92118425
0.30700314
0.70806201
0.78506245
0.78497159
0.7079781
0.3063595
0.98852587
0.97883038
0.97889598
0.98746431
0.94343788
0.98739472
0.98858769
0.97901084
0.97896394
0.98726215
0.94338738
0.9873496
0.9745422
0.98288056
0.9745473
0.94132118
0.95409116
0.95407656
0.95403224
0.94129787
0.95406632
0.98287886
0.97456184
0.97457389
0.97879177
0.98840281
0.97874568
0.943161
0.98702393
0.9870881
0.98721271
0.94322225
0.98716617
0.9883803
0.97864736
0.97871291
1.0097552
0.98989992
1.0098589
0.98983096
1.3528624
1.0081386
0.83486944
0.83491506
0.83500104
1.0082126
0.83496822
1.352808
1.0094944
0.98962469
0.98966547
1.0094243
1.2575145
1.309871
1.309768
1.2575798
0.97066464
0.99063224
0.99069868
0.97065638
1.0179565
1.309509
0.91135809
0.91138895
1.0179057
1.309387
0.97063895
0.99056219
0.97064467
0.9904962
1.2572158
1.3093322
1.2571692
1.282777
0.81834572
0.81829109
0.86166924
1.1960481
1.2830119
0.92628442
0.95386999
0.92631223
0.95383668
0.8754574
0.95013403
0.87542833
0.95017106
0.86173255
1.1961464
1.2822621
0.81802421
0.81805399
1.2829555
2.824236
2.824319
0.8671935
0.8586999
0.97641561
1.6865207
0.9763528
1.6864836
2.824013
2.8240629
2.1672024
2.2170568
2.8790374
2.7767758
2.1119712
2.8922944
1.8500472
1.5745196
1.8771868
1.5633164
2.6353255
2.6299421
1.739943
2.7828469
2.1778948
2.158116
1.8674745
1.5531242
1.5685665
1.8440387
0.78898304
0.78788972
0.56337031
0.55989568
0.790272
0.79026541
0.6503332
0.55081364
0.47837139
0.46270479
0.65054232
0.55163486
0.47802123
0.46256161
1.0489358
0.80107099
1.0640229
1.243869
1.2442532
1.0641934
0.80210708
1.0496795
0.55065229
0.65044357
0.46222827
0.47967751
0.47800931
0.461709
0.65161557
0.55274838
0.64112157
0.68730191
0.71269462
0.75772131
0.64127459
0.68778559
0.71223038
0.75756756
0.56531662
0.6008707
0.48704269
0.52732506
0.5270406
0.48681421
0.60094506
0.5652142
0.68693833
0.64003542
0.75629169
0.711644
0.71189925
0.75662215
0.6399441
0.68679003
0.30903616
0.70699875
0.78475748
0.78483816
0.70709822
0.31127537
1.3518878
1.3519603
1.3519288
1.0092421
0.98930218
1.0093408
0.98930463
1.3518416
1.3518357
1.0091862
0.98920369
0.98927037
1.0091992
1.0163943
0.91051333
1.016424
1.3078773
1.3078341
0.91049898
1.2554753
1.2555066
0.96861501
0.98820298
0.96860632
0.9882284
1.0163327
1.3077298
0.91042285
0.91046313
1.0163182
0.96858908
0.98817144
0.96859594
0.98813973
1.255321
1.3076684
1.3076763
1.2553069
0.87283419
0.94751869
0.87285988
0.9474772
0.92377633
0.95143196
0.95145301
0.92374546
1.2797249
0.81509212
0.81505264
0.85801649
1.1929835
1.2801093
0.9237076
0.95140715
0.95138863
0.9237185
0.87272942
0.94731332
0.94733397
0.87271783
0.85789092
1.1928604
1.279469
0.81486331
0.8148915
1.2800656
0.97169147
1.6793452
0.86323765
0.85460218
1.6791339
0.97139649
2.8155005
2.8152574
0.86302085
0.85452401
0.97094829
1.6785238
0.97127421
1.6786029
2.8140864
2.8142343
1.8493733
1.5728954
1.1922176
1.8767257
1.5616275
1.1911431
2.2189453
2.6343131
2.63096
1.7465616
2.7785149
2.1768869
2.1586331
1.8679496
1.5530579
1.1818631
1.5677504
1.189846
1.8451913
0.69719851
1.2814582
1.2806811
0.56000414
0.69408775
1.2805436
1.2797663
0.56121827
0.55839083
0.79143783
0.55980878
0.79022906
1.0250308
0.78934122
1.023081
1.2927484
1.2587361
1.2583639
1.2601454
1.2946927
1.2582487
0.79128211
1.0247642
1.0241693
1.2804829
0.69358062
1.2790087
0.69457969
1.2792675
1.2786901
0.55636954
0.79252154
0.55677376
0.79241818
0.80135807
1.0500791
1.2458574
1.0650257
0.80130476
1.0506494
1.2456494
1.0654833
0.65034187
0.55072489
0.47773095
0.46228185
0.65039245
0.55118728
0.47768782
0.46226497
1.0493778
0.80132281
1.0642976
1.2442547
1.2448953
1.0645297
0.80221778
1.0497845
0.55061997
0.65060858
0.46190043
0.47925936
0.4777299
0.4615012
0.65166028
0.55248886
0.60248615
0.56587756
0.52772354
0.48788638
0.60250044
0.56591047
0.52776709
0.48804475
0.64152907
0.6880238
0.71321275
0.75823162
0.64158561
0.68826227
0.7129864
0.75815955
0.56537241
0.60166598
0.48700249
0.52733954
0.52724983
0.48686157
0.60168743
0.5654094
0.68770196
0.64055495
0.75737036
0.71271665
0.71271268
0.7574171
0.64056059
0.68772147
1.3129539
0.92184396
0.92175796
0.95127229
0.96092818
0.95136383
1.312924
0.921422
0.92168338
0.95153554
0.96099183
0.95147708
0.30861777
0.78510418
0.70836651
0.30601651
0.78518738
0.70833049
1.224692
1.2245755
0.92208545
1.3130832
0.92216717
0.96110882
0.951581
0.95166179
0.95163695
0.96111946
0.95169567
1.3130516
0.92199491
0.92223229
0.31048973
0.70769383
0.78516684
0.78516911
0.70774827
0.31256073
0.9882755
0.97854672
0.97857477
0.98699022
0.9430391
0.98695582
0.98830129
0.97862302
0.97860784
0.98690566
0.94302423
0.98695024
0.97459388
0.98284962
0.97460544
0.94159688
0.95419782
0.95423089
0.95420321
0.94159455
0.95423707
0.98285926
0.97457984
0.97462568
0.97854949
0.98825994
0.97854829
0.94298585
0.98686739
0.98688332
0.9869035
0.94299423
0.98690858
0.98826893
0.97852974
0.97855982
1.0092332
0.98951499
1.0092723
0.9894795
1.3525378
1.0079167
0.83480086
1.3525219
0.83479912
0.83477918
1.0079295
0.83480135
1.0091454
0.98941024
0.98941628
1.009126
1.2570904
1.3092853
1.3092391
1.2571255
0.97059746
0.99023721
0.99026776
0.97058274
1.0176973
1.3091174
0.91117808
0.91118783
1.0176729
1.3090349
0.97054668
0.99019772
0.97056253
0.99015816
1.256901
1.3090494
1.2568795
1.2822137
0.81799476
0.81797192
0.86176371
1.1957793
1.2826113
0.92606049
0.95363747
0.92607435
0.95361305
0.87527771
0.94991794
0.87526061
0.94993493
0.86183179
1.1959035
1.2819997
0.81783539
0.81785115
1.2825957
2.8236016
2.8235772
0.86706221
0.85875473
0.97675952
1.6864985
0.97664674
1.6864777
2.8238757
2.8239159
2.195168
2.1955375
2.6129639
2.6373348
1.7181897
2.7578518
2.2537481
1.8744702
1.5526176
1.8395359
1.5708351
2.9072767
2.7959067
2.1338988
2.8536838
2.1660518
1.8385125
1.5758114
1.5541439
1.8782698
0.78981802
0.79075976
0.56125749
0.56283872
0.78944264
0.78851296
0.6501119
0.5513764
0.47949064
0.46331647
0.65083317
0.55251779
0.4784709
0.46339963
1.0504728
0.80194751
1.0646419
1.2448098
1.2452494
1.0649741
0.80139696
1.0498646
0.55200591
0.65135867
0.46503341
0.4793416
0.47891438
0.46487499
0.6509651
0.55220685
0.64217286
0.68903096
0.71205703
0.75724054
0.64149575
0.68726675
0.71361377
0.75770395
0.56871919
0.60501387
0.49175864
0.53147202
0.53092475
0.49117175
0.60507749
0.56906012
0.68951122
0.64372525
0.75870632
0.71424929
0.71401656
0.75865405
0.64381221
0.68980762
0.30242386
0.70860695
0.78477562
0.78471899
0.7085747
0.30175963
1.3518525
1.3518935
1.0092976
0.98930363
1.009323
0.98935913
1.3520179
1.3520681
1.009405
0.98946504
0.98945464
1.0094626
1.0162958
0.91046427
1.0162973
1.3076668
1.3076729
0.91048182
1.2553187
1.2553052
0.96863829
0.98812022
0.96865331
0.98810872
1.0171342
1.3076962
0.91056123
0.9105436
1.0171669
0.96867678
0.98812186
0.96866207
0.98812271
1.2553547
1.3077453
1.3077301
1.2553659
0.87269796
0.94729117
0.87270483
0.9472732
0.92366343
0.951364
0.95136037
0.92365451
1.2794427
0.81483798
0.81481835
0.85778157
1.1927635
1.2799089
0.92365748
0.95136252
0.95136698
0.92364841
0.87267791
0.94722121
0.94722603
0.87268099
0.85765728
1.1926582
1.2793422
0.81471901
0.81473471
1.2798876
0.97084473
1.6782776
0.86275486
0.85407662
1.6781451
0.97056752
2.8140093
2.8138072
0.86258346
0.85400976
0.97011868
1.6779248
0.97045397
1.6779549
2.8138397
2.8138457
1.8752826
1.5505563
1.1821588
1.8370768
1.5708114
1.1906643
2.7969021
2.9106965
2.1528528
2.8584285
2.1780764
2.1588612
1.8411796
1.5762392
1.1968975
1.5557177
1.1883532
1.8799021
0.6922316
1.2799739
1.278914
0.55889914
0.69509359
1.2798787
1.2795194
0.55762666
0.55845599
0.79168635
0.79278638
1.0296204
0.79362094
1.0273386
1.2977986
1.2608428
1.2600941
1.2634804
1.2970734
1.2618145
0.79032468
1.0261012
1.0245926
1.2809926
0.69688443
1.280578
0.56266542
0.69400017
1.2810593
1.2800279
0.56022554
0.7912067
0.56053044
0.79057708
0.80055603
1.0499654
1.2448576
1.0647813
0.80128399
1.0500749
1.2453049
1.0644198
0.64982001
0.55086203
0.4789957
0.46254335
0.65060948
0.55216401
0.47782572
0.46270172
1.0505208
0.80184554
1.0651593
1.2456442
1.2456669
1.0653031
0.80153153
1.0504309
0.55152437
0.65113837
0.46454678
0.47913897
0.47832134
0.46424784
0.65094761
0.55214528
0.60386064
0.56794346
0.52797229
0.48838081
0.60287465
0.56600809
0.52982459
0.48909242
0.64271648
0.68977251
0.71310563
0.75829992
0.64194614
0.68815672
0.71453277
0.75874173
0.56859858
0.6051045
0.49100465
0.53109644
0.53057094
0.49083523
0.60548405
0.56929235
0.69019636
0.6441174
0.7595361
0.71493811
0.71488128
0.75954391
0.64419603
0.69034916
1.3130074
0.92166766
0.9219094
0.95153395
0.96093998
0.95146332
1.3130395
0.92203863
0.92209497
0.95123047
0.96086528
0.95138056
0.30433304
0.78514227
0.70832914
0.3109955
0.78506795
0.70863856
1.2251589
1.2251433
0.92160946
1.3127487
0.92153479
0.9607449
0.95112173
0.95111367
0.9511662
0.96073932
0.95113969
1.3127537
0.92144951
0.92160292
0.30311725
0.70917821
0.78519839
0.78511124
0.70919098
0.30320683
0.98817127
0.97853787
0.97852907
0.98687614
0.94300053
0.98688087
0.9882001
0.97853188
0.97853835
0.98691769
0.94302733
0.98691486
0.97436198
0.98274571
0.97440101
0.94128146
0.95400044
0.95396669
0.95391614
0.94127424
0.95394886
0.98282125
0.97450761
0.97447031
0.97859201
0.98827582
0.97865182
0.94320182
0.9871283
0.98707447
0.98697095
0.94315371
0.98703586
0.98835757
0.97878273
0.97873223
1.0091829
0.98942421
1.0091564
0.98943342
1.3526536
1.0081027
0.83502423
1.3527003
0.83497665
0.83486999
1.0080669
0.83493188
1.009258
0.98953128
0.9894953
1.0092913
1.2568761
1.3090256
1.3090226
1.2568713
0.97055401
0.99009205
0.99008821
0.97056041
1.0176143
1.3090234
0.91119498
0.91117308
1.0176204
0.97056266
0.99008428
0.97055813
0.99007671
1.2568759
1.3090513
1.3090348
1.2568817
1.2819795
0.8178211
0.81781321
0.86185878
1.195681
1.2824524
0.92597391
0.95353915
0.92596801
0.95353745
0.87521115
0.94984341
0.87521146
0.9498421
0.86192994
1.1958228
1.2819168
0.81775848
0.81776043
1.2824582
2.8234886
2.8235673
0.8671215
0.85891586
0.97718675
1.6864061
0.97702781
1.6863544
2.8232066
2.823256
2.1625335
2.254869
2.653247
2.647541
1.8515274
2.6548725
2.2787776
1.8742502
1.5534849
1.8360149
1.5754902
2.2773992
2.9613903
2.8566938
2.152565
2.8654417
2.1669181
1.8355082
1.574134
1.5540539
1.8708232
0.78476826
0.56755966
0.78662557
0.56578195
0.56673789
0.78572667
0.78395714
0.6517301
0.55262416
0.47981463
0.46580675
0.65239017
0.55282382
0.48006611
0.465397
1.050287
0.80336192
1.0665426
1.2443774
1.2451592
1.067198
0.80255361
1.0493345
0.55327396
0.65286682
0.46529099
0.48074828
0.48060674
0.46556425
0.65226023
0.55309317
0.64320573
0.68899153
0.71405678
0.75818955
0.64338683
0.68963604
0.71342613
0.75790089
0.56859838
0.60430584
0.49064213
0.53007741
0.53062743
0.49101675
0.60414058
0.56785777
0.68881106
0.64264455
0.75749771
0.71306851
0.71322537
0.75755259
0.64252908
0.68862196
0.30581349
0.70773858
0.78530099
0.78499219
0.7077381
0.30682654
1.3521969
1.0096336
0.98958932
1.0096513
0.98965641
1.3523431
1.3523895
1.0097477
0.98977211
0.98976695
1.0097988
1.0164143
0.91064393
1.0163913
1.3077573
0.91068288
1.2553982
1.255375
1.3077778
0.96876467
0.98821845
0.96878153
0.98819383
1.0172842
1.3078353
0.9107914
0.91078349
1.0165086
0.96880403
0.98823177
0.96879061
0.98824169
1.2554792
1.3079006
1.3078794
1.2554904
0.87268642
0.94721313
0.87268151
0.94720808
0.92369098
0.95143246
0.95141882
0.92369255
1.2793269
0.81470285
0.81469212
0.85752163
1.1926206
1.279815
0.92370825
0.95143937
0.95144916
0.92369461
0.87269398
0.94719074
0.94719682
0.87269296
0.85736806
1.1925182
1.2792585
0.81461609
0.81463483
1.2797985
0.96999958
1.6775825
0.86235389
0.85359083
1.6774251
0.96967612
2.81316
2.8129018
0.86218802
0.85352168
0.96914021
1.6770011
0.96954664
1.677131
2.8128406
2.8130184
1.8753303
1.5533283
1.1886
1.8368311
1.5757939
1.1988841
2.9682189
2.8593682
2.1659592
2.867452
2.16793
2.1693202
1.8359134
1.5735367
1.1979512
1.5535103
1.1901123
1.8712752
0.69580797
1.2810697
1.2810311
0.56547099
0.69969522
1.282519
1.2822081
0.56312984
0.56315316
0.56509188
0.78647422
0.78837784
1.0304954
0.79712415
1.0302769
1.2992008
1.2610047
1.2615363
1.2644643
1.2994252
1.2642767
0.79260732
1.0259729
1.0263865
1.2823822
0.70034141
1.2822876
0.56284119
0.56520087
0.56506872
0.69594294
1.28091
1.2809996
0.56301621
0.78813425
0.7863105
0.80255157
1.0499366
1.2462994
1.067488
0.80350181
1.0512514
1.2452067
1.0666881
0.65189923
0.55250917
0.47969224
0.4656506
0.65261137
0.55283404
0.47982249
0.46534847
1.0505149
0.80323411
1.0666703
1.244716
1.2456599
1.0673659
0.80237225
1.0493839
0.55303014
0.65264351
0.4648105
0.48014079
0.48024103
0.4651558
0.65197963
0.55264766
0.6049304
0.56859146
0.53129789
0.49159155
0.60524978
0.56938311
0.5305413
0.49156008
0.64343648
0.68934492
0.71471374
0.75889951
0.64374145
0.69015243
0.71387013
0.75861493
0.56854606
0.60444337
0.49048514
0.52960061
0.53056772
0.49109541
0.60429368
0.56804318
0.68919105
0.64293207
0.75803817
0.71361043
0.71368853
0.75805958
0.64284603
0.68908233
1.3128164
0.9218252
0.92182519
0.95121611
0.96095134
0.95132742
1.3127876
0.92159915
0.92180127
0.95152217
0.96105236
0.95145618
0.30592518
0.78523405
0.70873439
0.30391685
0.78530244
0.70854216
1.2250575
0.92198854
1.3129216
0.92209423
0.96139835
0.95187257
0.95181862
0.95164032
0.96132881
0.95175176
1.3130366
0.92218737
0.92228461
0.30645595
0.70824868
0.78566977
0.78538453
0.70822259
0.30613216
0.98860893
0.97903881
0.97899731
0.98720734
0.94339086
0.98727458
0.98856946
0.97886874
0.97894935
0.98739235
0.94346085
0.98735787
0.9746757
0.98311478
0.97470714
0.9416849
0.95429502
0.95425145
0.95417545
0.94164301
0.9542256
0.98314925
0.97478314
0.97475826
0.97909959
0.98872741
0.97914449
0.94366426
0.98757434
0.98754241
0.98745846
0.9436277
0.98751963
0.98877049
0.97921315
0.9791961
1.0094785
0.9896494
1.0094258
0.98968864
1.3530208
1.00854
1.3531152
0.83543916
1.3530794
0.83539442
0.83528645
1.0085047
0.83535136
1.0096247
0.98987165
0.98982238
1.0096727
1.2569111
1.3090557
1.2568875
0.97062974
0.99016086
0.99013197
0.97065091
1.0177741
1.3091439
0.91144288
0.91140662
1.0177937
0.97068878
0.99018047
0.97066701
0.99019856
1.2570172
1.3092264
1.3092003
1.2570376
1.2819116
0.81775576
0.8177612
0.86196765
1.1956924
1.2824283
0.92604555
0.95361066
0.92602227
0.95362913
0.87527787
0.94989232
0.87528678
0.94988221
0.86205642
1.1958477
1.2819456
0.81778336
0.81777796
1.2824492
2.823791
2.8240404
0.86734164
0.85923167
0.97785344
1.6872373
0.97760541
1.6870301
2.8241762
2.8239681
2.1677848
2.2683036
2.6725158
2.6535936
1.8824859
2.6498871
2.2617116
1.8674501
1.5534575
1.8351421
1.571444
2.2582564
2.9632292
2.8557504
2.1563883
2.8490421
2.168877
1.8337614
1.569805
1.5516227
1.8664554
0.78341497
0.78531392
0.56634946
0.56443508
0.78620399
0.78412411
0.65237046
0.55298383
0.48110303
0.46566341
0.65308567
0.5536043
0.48068783
0.46528657
1.0495578
0.80289066
1.066246
1.2436742
1.2445705
1.0670322
0.80199147
1.0484878
0.55328251
0.65257631
0.4650339
0.48018766
0.48083622
0.46533242
0.65182859
0.55249951
0.64298882
0.68927275
0.71322595
0.75793845
0.64284881
0.68877444
0.71376617
0.75819825
0.56860836
0.60488444
0.49054672
0.53037205
0.5305734
0.49088717
0.60495106
0.56869122
0.68956738
0.64365816
0.75909705
0.71503325
0.71406898
0.75883875
0.64381192
0.69041551
0.3025042
0.70942863
0.78617684
0.78593799
0.70921769
0.29899258
1.3524698
1.0098836
0.98984272
1.0099273
0.98988328
1.3525635
1.3526022
1.0099273
0.98988515
0.98990713
1.0100087
1.0173952
1.3079445
0.91084791
1.0165533
1.3079063
0.91087473
1.255506
1.2554929
1.3079186
0.9687917
0.98828533
0.96877325
0.98827938
1.0174289
1.3079564
1.3079691
0.91087343
0.91088264
1.0174598
0.9687205
0.98827971
0.96874639
0.98827058
1.2555309
1.3080077
1.3079921
1.2555314
0.87267826
0.94717838
0.87268547
0.94716662
0.92370256
0.95144262
0.95145169
0.92368583
1.2792417
0.81459336
0.81457382
0.85714484
1.1924661
1.2797213
0.92366176
0.95142559
0.95141085
0.92366827
0.87259874
0.94710549
0.94711444
0.87258248
0.85691955
1.1923601
1.2791749
0.81445271
0.81447375
1.2797037
0.96899609
1.6763356
0.86193888
0.85302316
1.6760861
0.96860293
2.811931
2.811884
0.86175702
0.85293561
0.96795302
1.6747545
0.96844025
1.6751282
2.8100886
2.810776
1.8691045
1.5527792
1.1892747
1.8353431
1.5714416
1.1959592
2.2606384
2.9681121
2.8572486
2.1616555
2.8534746
2.1670687
2.1693818
1.8344055
1.5707395
1.1950935
1.5515771
1.1879403
1.8686795
0.69579288
1.280624
1.2807795
0.70028577
1.2821728
1.2821346
0.56210358
0.56248148
0.56475298
0.78612857
0.78802386
1.0291703
0.79655953
1.0294524
1.2975266
1.2600975
1.2604101
1.2630174
1.2980495
1.2632686
0.79201863
1.02518
1.0255084
1.2818286
0.69998344
1.2818645
0.56398557
0.56405173
0.69563274
1.2804856
1.2805789
0.56192869
0.788225
0.78630249
0.80235236
1.0491302
1.2452858
1.0673734
0.80317802
1.0500781
1.2444918
1.0666779
0.65206869
0.55267197
0.48046934
0.46496686
0.65272929
0.55313291
0.48019128
0.46463608
1.0498142
0.8030674
1.0665941
1.244505
1.2450575
1.0672838
0.80232897
1.0491467
0.55310739
0.65269619
0.46489944
0.48020899
0.48047006
0.46505396
0.65211346
0.55274694
0.60470882
0.56828033
0.52988414
0.4903765
0.6046372
0.56829902
0.52998254
0.49019852
0.64334149
0.68984542
0.71377058
0.75851494
0.64320409
0.68923774
0.71446092
0.75876893
0.56884362
0.60537356
0.49044481
0.53057282
0.53028777
0.49069518
0.60548091
0.56914027
0.69012201
0.64405871
0.75984354
0.71542736
0.71474369
0.75960905
0.64422441
0.69074646
1.3132445
0.9223735
0.92244073
0.95196722
0.96160797
0.95204866
1.3131963
0.92232591
0.92247686
0.95215161
0.96167083
0.95213465
0.30282409
0.78583025
0.70876018
0.3056017
0.78625218
0.70900313
1.225879
0.92244932
1.3133435
0.92244543
0.96178652
0.95221074
0.95223787
0.95220925
0.96178424
0.95224934
1.313422
0.92228296
0.92251111
0.30193292
0.70995875
0.78670613
0.78641313
0.70975699
0.29909946
0.98891632
0.97937476
0.9793465
0.98763013
0.94379731
0.98767469
0.98888719
0.9792668
0.9793196
0.98775641
0.94384813
0.98773801
0.97505677
0.98347905
0.9751272
0.94212703
0.95479021
0.95473878
0.95461001
0.9421018
0.95469091
0.9835497
0.9752585
0.975212
0.9794289
0.9890653
0.97947065
0.94399142
0.98789824
0.98787529
0.98781013
0.94396795
0.98786133
0.9891247
0.97953278
0.97951985
1.0098435
0.98998728
1.0098021
0.99001518
1.0089021
0.83589637
0.83584981
0.835727
1.008877
0.83580044
1.3534418
1.0099514
0.99013059
0.9901003
1.0099871
1.2570762
1.2570516
0.97073937
0.99032243
0.99030003
0.97073658
1.0179415
1.3093283
0.91163219
0.91161526
1.0179555
0.97071552
0.99033364
0.97072519
0.99034174
1.2571546
1.3093996
1.309376
1.2571687
1.2819497
0.81778467
0.81779171
0.86208985
1.1957742
1.2824847
0.92612064
0.9537062
0.92610781
0.9537101
0.8753239
0.94995333
0.87532308
0.94994199
0.86213688
1.1959317
1.2820294
0.81780848
0.81780289
1.2825106
2.8252123
2.8253107
0.8676717
0.85968795
0.97861807
1.6895669
0.97834228
1.6891026
2.8273323
2.8265829
2.1704797
2.2600056
2.6565254
2.6708529
1.8650471
2.6562585
2.25747
1.8682263
1.5511227
1.833517
1.5704105
2.2612103
2.9573374
2.8472018
2.1583855
2.8495865
2.1694894
2.1678643
1.8361975
1.5731104
1.5535172
1.8718404
0.78517092
0.78716912
0.56357761
0.56407129
0.78826663
0.7862661
0.65158584
0.55243993
0.48036588
0.46517665
0.6521434
0.55282762
0.48005968
0.46478138
1.0493363
0.80222462
1.0655369
1.2443216
1.2444674
1.0661911
0.80157501
1.0490535
0.55279509
0.65202401
0.46425801
0.47998739
0.48027793
0.46468976
0.65149975
0.5524347
0.64441651
0.6907494
0.71523704
0.75994454
0.64440841
0.69061524
0.71539387
0.76001552
0.56898788
0.60513935
0.49004698
0.52985509
0.53066257
0.49053886
0.6048118
0.56819811
0.69066558
0.64401432
0.75943415
0.71420889
0.71529486
0.75973613
0.64370334
0.6896408
0.2973042
0.70943959
0.78599741
0.78627343
0.70969149
0.29997527
1.3526435
1.3526834
1.0100675
0.98989033
1.0100604
0.98992053
1.3528451
1.3529649
1.3529143
1.0101666
0.98991432
0.98993452
1.0102306
1.0174788
1.3080784
1.3080528
0.91085672
1.0174835
0.91085821
1.2555371
1.308012
1.2555276
1.3080262
0.96853383
0.98828737
0.96849306
0.98826869
1.0175472
1.3081032
1.3081481
0.91083617
0.91084599
1.0175979
0.96841121
0.98830315
0.96844861
0.98832474
1.2556245
1.3082623
1.3081971
1.2556561
0.87254809
0.94709484
0.8725632
0.94708994
0.92359715
0.95131248
0.95132522
0.92358386
1.2791804
0.81443254
0.81442249
0.85660842
1.1923568
1.279722
0.92358469
0.95129795
0.95129118
0.92357592
0.87250769
0.94720536
0.9471696
0.87251535
0.85641311
1.1923913
1.2793816
0.81446046
0.81444479
1.2797546
0.96780049
1.6736056
0.86155285
0.85237632
1.6731891
0.96741633
2.8088208
2.8083901
0.86149945
0.85230413
0.96693283
1.6716137
0.96727925
1.6719698
2.8061844
2.8068245
1.8695479
1.5514786
1.1874084
1.8344486
1.5706763
1.1942715
2.2623028
2.9630755
2.8505987
2.1631154
2.8535068
2.1697175
2.1673908
1.8368323
1.5734656
1.1963523
1.5532424
1.1884072
1.873213
0.69490806
1.2802654
1.2802515
0.69951359
1.2816632
1.2816021
0.56100555
0.56106899
0.56334919
0.78708367
0.78924532
1.0288235
0.79567584
1.0288447
1.2977749
1.2615201
1.2605192
1.2627036
1.2977505
1.2628751
0.79166906
1.0265421
1.02543
1.2815107
0.69884007
1.2814873
0.56169758
0.56303788
0.69492111
1.281001
1.2805196
0.7902279
0.56310242
0.78839767
0.80190637
1.0489159
1.2450336
1.0669299
0.80277737
1.0497764
1.2443496
1.0661341
0.65175177
0.55239107
0.48041118
0.46513573
0.65247555
0.55309712
0.47986777
0.46494352
1.0495865
0.8023988
1.0658755
1.2450142
1.2449312
1.0664379
0.80187104
1.0495644
0.55273989
0.65215736
0.46437491
0.47996167
0.48007839
0.46477312
0.65174872
0.55260886
0.60577986
0.56921526
0.53086264
0.49131111
0.60585155
0.56936574
0.53060927
0.49107225
0.64460253
0.69098896
0.71559733
0.76034357
0.64462971
0.6909138
0.71570945
0.76039457
0.56928618
0.60560737
0.49041821
0.52997417
0.53076214
0.49089381
0.60532607
0.56856151
0.69092814
0.64437853
0.7599105
0.71486574
0.71562955
0.76015778
0.64410729
0.69018765
1.3134544
0.92198954
0.92216359
0.95222687
0.96178375
0.95223529
1.3134476
0.92229172
0.92231847
0.95222169
0.9617805
0.95225636
0.29724338
0.78678799
0.71036828
0.29847053
0.78681004
0.71040688
1.2262674
0.92197915
1.3134628
0.9219098
0.96174057
0.95230148
0.95228892
0.95224924
0.96175701
0.95228314
1.3135257
0.92167709
0.9219316
0.29752121
0.70995959
0.78657639
0.7868053
0.71018061
0.30007626
0.98926196
0.97963207
0.97962611
0.98794283
0.94407626
0.98797383
0.98924967
0.97957795
0.97961731
0.98802307
0.9441061
0.98802168
0.97537602
0.98375665
0.97537874
0.94209031
0.95483313
0.95485297
0.95487541
0.94212998
0.95488035
0.98376817
0.97536933
0.9753931
0.97965983
0.98931574
0.97967256
0.94415027
0.98808739
0.98808372
0.98805778
0.94415268
0.98808923
0.98933452
0.97967343
0.9796914
1.0101329
0.99018914
1.0100933
0.99019947
1.3537703
1.0091636
0.83608713
0.83609443
0.83606732
1.0091489
0.83609506
1.35385
1.0102599
0.99025978
0.99024099
1.0103105
1.257201
1.3094469
1.2571788
0.97061056
0.99045489
0.99042318
0.97058335
1.0181296
1.3096087
0.9116837
0.91167706
1.018162
0.97052001
0.99048136
0.97054953
0.99051169
1.2573329
1.3097318
1.309662
1.2573678
1.2820464
0.81781303
0.81782714
0.86207992
1.1959013
1.2826483
0.92616296
0.95370725
0.92614354
0.95371018
0.87535277
0.95016295
0.87536475
0.95011691
0.86205684
1.1959612
1.2823754
0.81796137
0.81793002
1.2827102
2.8288332
2.82936
0.86811202
0.8602027
0.97945814
1.6931836
0.97911639
1.6926356
2.8321272
2.8313143
2.2643019
2.6572842
2.6563535
1.8408687
2.6516264
2.2758317
1.8731612
1.5544106
1.8366558
1.574322
2.9310493
2.8456492
2.0851355
2.849563
2.1649096
2.1809305
1.8394975
1.5623211
1.5561449
1.8510291
0.78724643
0.78904292
0.56527923
0.56753994
0.78613684
0.57020194
0.78477445
0.65178379
0.55290093
0.4802186
0.46386744
0.65213973
0.55281294
0.48025885
0.46336662
1.0513571
0.80470925
1.0680126
1.2453029
1.2464717
1.0683497
0.80369162
1.0496393
0.55368032
0.65396098
0.46254981
0.47858809
0.48067993
0.46331
0.6528865
0.55150008
0.64221465
0.6881167
0.71382582
0.75808814
0.64263917
0.68928235
0.71260423
0.75768673
0.56691389
0.60272273
0.48780095
0.52776091
0.52884779
0.48853108
0.60260027
0.56592366
0.68782213
0.64145985
0.75654032
0.71113563
0.71225504
0.75693033
0.64109588
0.68675133
0.3080893
0.70652036
0.78402396
0.78522725
0.70694559
0.30947641
1.353231
1.3530396
1.3531337
1.0104812
0.98994812
1.0104168
0.98999076
1.3536402
1.3540732
1.3538516
1.0108031
0.9900409
0.99004813
1.0109593
1.0177652
1.3086407
1.308519
0.91084694
1.0177302
0.91086287
1.2557312
1.3083261
1.2556848
1.308412
0.96821088
0.98870301
0.9681755
0.98860107
1.0179556
1.308774
0.91091234
0.91090049
1.0180553
0.96812404
0.98881425
0.96814099
0.98894572
1.2560366
1.3094453
1.3091791
1.2561092
0.87254353
0.94724475
0.87252509
0.94729374
0.92368192
0.95132827
0.9513088
0.92371788
1.2799689
0.81447718
0.81449757
0.85616901
1.1926
1.2803045
0.92383593
0.95135087
0.95138621
0.92376539
0.87274506
0.94780136
0.94768309
0.87281856
0.85613664
1.1927007
1.2806226
0.81441721
0.81447219
1.280467
0.96685364
1.6707454
0.86166531
0.85204465
1.67049
0.96674777
2.8051292
2.8047242
0.86201765
0.8520532
0.96704653
1.6703396
0.9667529
1.6702111
2.804196
2.8041095
1.8738145
1.5541498
1.1896718
1.837026
1.5742067
1.1970468
2.2668596
2.9348401
2.8469855
2.0968096
2.8510243
2.1659006
2.1814119
1.839996
1.5613378
1.189958
1.5557737
1.1905656
1.8507972
0.69460068
1.2816663
1.2808733
0.69899782
1.282223
1.282005
0.56273922
0.56435881
0.78921593
0.79106828
1.0305937
0.79749108
1.0309099
1.2966336
1.2599968
1.2612957
1.2644529
1.2998113
1.2650548
0.79243199
1.0241146
1.0264469
1.2830947
0.70055833
1.2831109
0.56191241
0.564451
0.5671052
0.6958453
1.2801258
1.28143
0.78835003
0.56728603
0.78694291
0.80212882
1.0503455
1.2456334
1.0664631
0.80266168
1.0502743
1.2458522
1.0659493
0.65199288
0.55295812
0.48021299
0.46403314
0.65240757
0.55299508
0.48013306
0.46333484
1.0516577
0.80477094
1.0681756
1.2456797
1.2469928
1.0685398
0.80368994
1.0497757
0.55369073
0.65400384
0.46207134
0.47831895
0.48050545
0.46301836
0.65286878
0.55138456
0.60388398
0.56710391
0.52992293
0.48964558
0.60437356
0.56839164
0.52839306
0.48851829
0.64260756
0.68866023
0.7145011
0.75887684
0.64306202
0.68984298
0.71329105
0.75848578
0.56699853
0.60309362
0.48737601
0.52713702
0.52833014
0.48844775
0.60266602
0.56573096
0.68836631
0.64170974
0.7570802
0.71161514
0.71294733
0.75746348
0.6412981
0.6871056
1.3135155
0.9212294
0.9214851
0.95237622
0.96173171
0.95244861
1.313531
0.92167467
0.92168351
0.95252799
0.96171531
0.95252531
0.30668537
0.78649062
0.70899444
0.30179192
0.78599961
0.70861212
1.2259209
0.92110805
1.3134192
0.92091132
0.96136014
0.95260423
0.95260275
0.95257288
0.96150023
0.95260625
1.3134903
0.92045962
0.92081488
0.30776201
0.70709957
0.78454138
0.78578187
0.70752034
0.30874079
0.9892911
0.9796276
0.97966348
0.9881122
0.94415258
0.98812252
0.98932843
0.97968653
0.97969172
0.98812635
0.94415293
0.98814861
0.97507934
0.98343546
0.97495589
0.94138047
0.95403487
0.95421382
0.95452527
0.94157797
0.95439748
0.9833285
0.9746713
0.97482989
0.97960811
0.9891467
0.97956893
0.94407935
0.98811175
0.98811671
0.98813604
0.94410729
0.98814257
0.98908751
0.97947631
0.97953644
1.0105721
0.99029481
1.0104936
0.9903013
1.3545619
1.0094503
0.83553936
0.83569952
0.83590731
1.0094117
0.83582825
1.3547782
1.0108826
0.99037524
0.99035018
1.0110187
1.2574469
1.3097979
1.3098854
1.2573992
0.97033226
0.99090875
0.99080588
0.97029742
1.0185435
1.3102535
0.91176245
0.91174083
1.0186199
0.97024668
0.991021
0.97026377
0.99115267
1.2577583
1.3109271
1.31066
1.2578306
1.2824587
0.81799025
0.81802447
0.86204092
1.1962975
1.2833304
0.92644574
0.95379558
0.92637294
0.95383219
0.87562604
0.95079807
0.875697
0.95067533
0.86214838
1.1965318
1.2836811
0.81798545
0.81803121
1.2835113
2.8338995
2.8346237
0.86917261
0.8609535
0.981
1.6970683
0.98032051
1.6965607
2.8370214
2.8365225
2.6219555
2.6446332
1.7337537
2.8164299
2.2217232
1.8761389
1.5550356
1.8400939
1.5734225
2.6650224
2.6738901
1.7912882
2.8701937
2.2053487
2.1421989
1.8609002
1.5529163
1.5643583
1.8407092
0.78760022
0.7871102
0.76071344
0.79194987
0.65063841
0.54973657
0.47781473
0.45989613
0.65067237
0.55078516
0.47625419
0.45878007
1.0522781
0.80215049
1.067008
1.2488644
1.2496982
1.0682239
0.80049818
1.0540326
0.54926463
0.65032323
0.46947692
0.48271446
0.47568752
0.46036892
0.65166394
0.55970354
0.63689762
0.68184616
0.71035007
0.75418129
0.63848451
0.68596559
0.70640569
0.75277403
0.55926004
0.59757865
0.4975107
0.55040931
0.52171655
0.48571231
0.60577226
0.58331928
0.68087722
0.63595144
0.75705742
0.71653711
0.7054661
0.75137154
0.64282538
0.69440137
0.38354564
0.70317042
0.77441216
0.78460977
0.6991201
0.40261114
1.3547679
1.3543399
1.3546155
1.0112148
0.99002355
1.0113227
0.98994508
1.3527342
1.345008
1.0079724
0.98702078
0.98825021
1.0065304
1.0186132
1.3102882
1.3102451
0.91105946
1.0184447
0.9111534
1.2560937
1.3097374
1.2561404
1.310048
0.96761196
0.98940824
0.96697878
0.98958239
1.0179522
1.3092919
0.90825265
0.91047407
1.0174741
1.3003561
0.96344331
0.98876108
0.9654611
0.98745513
1.2453088
1.3080535
1.2486964
0.87300258
0.94794334
0.87290311
0.94811456
0.92428305
0.95126811
0.9514599
0.92428095
1.2809133
0.81434581
0.8142706
0.85575519
1.1920496
1.2819592
0.92330185
0.95080569
0.94974552
0.92408857
0.87019637
0.94450395
0.94752191
0.86613223
0.85121225
1.1904071
1.2787439
0.81538326
0.80576977
1.2810445
0.96727946
1.6712626
0.86276509
0.85212941
1.671413
0.96842118
2.8055974
2.80547
0.86054284
0.85180091
0.94215072
1.6316115
0.9683798
1.6550771
2.7258894
2.7741786
1.8772647
1.5544665
1.1852996
1.8403392
1.5734262
1.1926071
2.2969594
2.671213
2.6780317
1.803623
2.8742409
2.204971
2.1413177
1.8603904
1.5522897
1.1783159
1.5630774
1.1857004
1.8408892
0.69016571
1.280685
1.2796266
0.56229917
0.69304673
1.2801638
1.2802307
0.78970396
0.56208969
0.78921932
1.0236774
0.78845597
1.0236816
1.2873857
1.2646967
1.2538905
1.2602348
1.2941936
1.2598741
0.78929999
1.0359555
1.0196878
1.2807639
0.69242859
1.282237
0.58475933
0.56770073
0.69132437
1.2897916
1.2837755
0.58746319
0.76281069
0.5665094
0.79420397
0.8020466
1.0513385
1.2461537
1.0674833
0.80183886
1.0499465
1.2482165
1.0680663
0.65073775
0.5497163
0.47757338
0.45945247
0.65074357
0.5507039
0.47606533
0.45843526
1.0524401
0.8021964
1.0672323
1.2494974
1.2500841
1.068364
0.80067671
1.0544673
0.54922598
0.65038656
0.46927586
0.48269759
0.47549548
0.46004848
0.65185303
0.5598804
0.59818067
0.55975087
0.526391
0.48474636
0.59988742
0.56490079
0.5218899
0.48331262
0.63710216
0.68226218
0.71084724
0.75476233
0.63867744
0.68633393
0.70695501
0.75336659
0.55891376
0.59763613
0.49721886
0.55044674
0.5213729
0.48524283
0.60551463
0.5833697
0.6813187
0.63621902
0.75777635
0.71726859
0.70604291
0.75204084
0.64308557
0.6949997
1.3130094
0.91884472
0.91957096
0.95265147
0.96085958
0.95268176
1.3134597
0.92033466
0.92015392
0.95257662
0.96065011
0.95265395
0.34662572
0.78394734
0.70465038
0.31037464
0.78334562
0.70311293
1.2130067
0.91775445
1.3084023
0.91766917
0.95882456
0.95257729
0.95267533
0.95242685
0.95976354
0.95255499
1.3052742
0.92284042
0.91813172
0.38333535
0.70386976
0.77496509
0.78518522
0.69978094
0.40325374
0.98894824
0.97944435
0.97947316
0.98814796
0.94410296
0.98819613
0.98895852
0.97946627
0.97947475
0.98830085
0.9441553
0.98828375
0.97455273
0.98281745
0.97453655
0.94055149
0.95184749
0.95408371
0.9538688
0.94063051
0.95392524
0.98256675
0.9722907
0.97462794
0.97933606
0.98854567
0.97883561
0.94118991
0.98323055
0.98617842
0.98821483
0.94331172
0.9876289
0.98802714
0.97461575
0.97769881
1.0113326
0.99035272
1.0113744
0.99024308
1.3536445
1.0084562
0.83868861
0.82414761
0.83410449
1.0090329
0.83474002
1.3459226
1.0092026
0.98829704
0.98861547
1.0077597
1.2578136
1.3112185
1.31153
1.2578614
0.9697287
0.99160707
0.99178431
0.96909398
1.0185902
1.3107911
0.90917006
0.9113315
1.0189467
0.9655618
0.99095809
0.96757582
0.98965323
1.2470332
1.3095646
1.3018673
1.2504193
1.2839773
0.81792122
0.81785488
0.86184883
1.1958285
1.2850297
0.92590696
0.95324302
0.92669182
0.95218307
0.87308797
0.94754102
0.95052965
0.86904407
0.85741105
1.1943132
1.2817874
0.81897288
0.80944433
1.2841329
2.8380535
2.8381416
0.86798024
0.86115773
0.95755747
1.6591798
0.98261049
1.6826762
2.7592844
2.8078105
)
;
    }
}


// ************************************************************************* //
