/*--------------------------------*- C++ -*----------------------------------*\
| =========                 |                                                 |
| \\      /  F ield         | OpenFOAM: The Open Source CFD Toolbox           |
|  \\    /   O peration     | Version:  2412                                  |
|   \\  /    A nd           | Website:  www.openfoam.com                      |
|    \\/     M anipulation  |                                                 |
\*---------------------------------------------------------------------------*/
FoamFile
{
    version     2.0;
    format      ascii;
    arch        "LSB;label=32;scalar=64";
    class       volScalarField;
    location    "500";
    object      yPlus;
}
// * * * * * * * * * * * * * * * * * * * * * * * * * * * * * * * * * * * * * //

dimensions      [0 0 0 0 0 0 0];

internalField   uniform 0;

boundaryField
{
    inlet
    {
        type            calculated;
        value           uniform 0;
    }
    outlet
    {
        type            calculated;
        value           uniform 0;
    }
    topandbottom
    {
        type            calculated;
        value           uniform 0;
    }
    front
    {
        type            symmetryPlane;
    }
    back
    {
        type            symmetryPlane;
    }
    airfoil
    {
        type            calculated;
        value           nonuniform List<scalar> 
12960
(
52.1629
47.565031
56.090237
47.503662
47.587718
46.972989
42.466802
47.127271
42.613717
46.607783
47.089004
47.175037
56.195079
56.030237
47.07419
55.22133
47.0046
54.287899
46.388851
48.01454
56.52406
47.374471
42.016237
47.383872
55.150294
47.502366
42.496988
47.089818
47.760183
47.087835
56.279129
47.422205
51.567569
51.607489
46.085457
42.552494
54.361802
54.327752
46.260142
55.171909
41.270038
42.244608
40.565934
42.309907
40.314397
40.054156
40.497447
46.976809
40.234663
55.775398
39.93885
40.207288
39.881081
55.201641
40.042473
55.561523
39.845591
40.032824
39.625167
46.15404
39.808973
55.842118
39.910973
40.173751
39.674512
47.007324
39.918424
42.66234
39.93787
39.74429
40.015793
47.898243
40.102758
41.926692
40.209472
39.877528
40.461701
47.427779
40.280821
47.527559
40.359988
40.202171
40.090499
42.731347
39.787928
55.556333
39.906255
39.967908
39.624219
46.964993
39.547977
54.451607
39.764529
39.742646
39.556218
41.229298
39.307832
42.716859
40.944138
39.84329
19.33708
47.896481
40.70731
40.580039
19.085959
19.016249
42.134918
40.440944
40.0985
18.915265
19.014267
19.089925
41.781877
39.808026
39.874152
18.940008
18.922414
56.004652
40.054008
40.264099
19.206646
19.251799
19.223149
55.707737
40.026446
40.070426
19.299041
47.345929
39.838537
39.859614
19.061047
19.161582
18.963366
46.181016
39.652966
39.817041
55.828134
39.906559
40.172599
19.083349
19.188687
55.904829
40.023865
40.151493
19.082415
19.127398
46.622765
39.977827
39.923603
18.987848
19.034394
18.986189
19.107118
56.292395
40.356751
40.334183
19.166853
19.189136
42.040439
40.114263
39.842306
18.965047
19.029813
18.895086
18.934639
41.654197
39.952238
40.006439
18.730871
18.797339
41.784254
39.935283
39.955683
19.027006
18.934225
18.730891
18.797427
18.897212
46.354021
39.83778
39.90297
18.931332
18.92284
47.177214
39.594548
39.77185
19.205463
19.173996
18.93
19.044314
19.161611
54.288041
39.682381
39.683733
19.348211
19.286378
54.366781
39.664252
39.684796
19.318774
19.371108
19.048544
41.08869
39.684789
39.355132
18.97658
18.881066
46.839657
39.925525
39.784643
19.558596
19.079475
56.660372
47.232458
42.664807
46.569256
46.759347
47.774813
56.538275
47.364884
56.178717
47.933697
47.151325
46.974866
42.478452
42.700764
46.964223
42.319355
46.886972
42.322351
48.296554
48.296178
42.353271
46.743239
19.016544
20.047671
56.367294
47.69131
19.076148
19.079148
18.934628
19.086777
41.903147
46.838061
19.2015
19.082327
56.406181
18.964908
47.365283
19.069386
19.056977
19.000982
46.820518
47.283728
19.138574
19.042274
41.867548
47.221913
18.970529
19.161717
19.106231
19.027579
55.510606
55.57635
19.406014
19.407421
18.970239
48.145902
56.536092
19.181635
52.320549
51.942095
19.22056
18.941381
47.812226
43.268122
19.057499
19.090483
19.750054
19.108377
41.199911
55.30035
40.394752
55.824643
40.020125
40.260077
39.811098
47.02528
40.103389
42.004882
40.340086
40.056412
40.378119
41.922191
40.162121
43.190517
40.320059
40.120198
40.506028
48.21264
40.34463
42.100795
40.237116
39.94764
40.439611
47.376393
40.211779
56.38942
40.186329
40.341189
40.12628
46.498352
40.049934
55.843877
39.986872
40.288898
39.71083
46.901104
39.929259
47.218881
39.817034
40.001505
40.114767
56.034975
40.390139
42.692209
40.303828
40.227012
40.620281
47.206561
40.693386
52.223815
40.498138
40.504899
40.735934
57.170403
40.943527
56.656438
41.468879
41.000404
18.999926
46.936145
39.644655
39.89791
19.127613
19.248421
55.584794
39.926323
40.231777
19.162838
19.185518
18.914345
19.279915
19.528407
19.273427
19.016686
55.994488
40.481876
40.429864
19.224259
19.239181
42.304804
40.257385
40.006219
19.216373
18.941448
19.144155
18.897173
18.919668
19.307908
52.199809
40.158495
40.118406
19.33744
18.848372
18.813737
46.869892
40.370215
40.337573
18.938749
19.161828
18.975694
18.841315
18.979789
19.179815
18.975
48.200852
40.469363
40.333063
18.975069
19.176358
19.163175
42.074544
40.246112
39.950372
18.953892
19.072242
19.185112
18.957852
19.163862
19.057801
42.921796
40.098283
39.943138
19.052731
19.010471
48.008588
40.145751
40.192687
19.145407
18.935239
19.202247
19.098801
19.149262
19.079929
19.087139
41.737458
39.789852
39.796458
18.946715
56.000022
40.078242
40.324898
18.876322
19.255193
19.024189
19.23995
19.098874
54.978853
40.233517
40.18428
55.189369
40.245616
40.222571
19.095075
19.195443
19.193104
19.335135
19.338533
19.145635
19.219079
48.176847
40.374703
40.305325
48.010202
40.598637
40.448747
18.904187
19.188874
19.077536
19.191132
18.944416
19.185567
42.250739
40.520016
40.516513
18.771065
18.828029
51.901277
40.55021
40.545567
18.911134
18.750882
19.362681
18.76145
18.920964
18.808243
18.90112
56.876736
40.569296
40.883746
19.180112
19.272403
47.7512
40.298582
40.561626
19.019805
19.190662
19.246856
19.384757
0.7892965
1.2987004
1.2939025
0.81435847
1.2177341
1.2682071
0.98216006
0.93793676
0.93961336
0.97907042
1.0056564
1.0088248
1.9416205
1.9392251
1.3058855
1.3010484
0.85554852
0.95957827
0.96401552
0.85835806
0.79632746
1.2986445
0.79550633
1.3009493
1.2244093
1.22487
0.98236209
0.93977847
0.98199623
0.94052707
1.0085431
1.008422
1.9407348
1.9765949
1.3083598
1.3085425
0.85566358
0.96365774
0.85561166
0.9634923
0.79179043
1.2979783
0.79753314
1.2954293
1.2250935
1.224739
0.98318759
0.94158666
0.9829823
0.94182492
1.0083875
1.00835
1.9567589
1.9391046
1.3082359
1.3082395
0.85568062
0.96338195
0.85568591
0.96335587
0.79446307
1.2977111
0.79887892
1.2991944
1.2252021
1.2251564
0.98319774
0.94189854
0.98326254
0.94178965
1.0082654
1.0081911
1.9364179
1.9428944
1.3082159
1.3082077
0.85567142
0.96333665
0.85567092
0.9633333
0.79661632
1.297802
0.79260335
1.2965292
1.2245469
1.2248695
0.98267183
0.94178132
0.98297343
0.94155653
1.0080853
1.0080242
1.9520303
1.9405736
1.3080734
1.3081482
0.85553242
0.9633429
0.8555993
0.96333255
0.79304656
1.3007153
0.79952042
1.2995027
1.224415
1.2244046
0.9822876
0.94081344
0.98218049
0.94077049
1.0078992
1.0078277
1.9691713
1.9617106
1.3078713
1.3079805
0.85535316
0.96325146
0.85542323
0.96315777
0.79296207
1.2956966
0.79426303
1.2982929
1.2245914
1.224462
0.98259942
0.94108953
0.98260643
0.94118328
1.0077432
1.0076969
1.976127
1.9414111
1.3075623
1.3076698
0.85518115
0.96295836
0.85523876
0.9628335
0.79399358
1.2985394
0.79345282
1.2983923
1.2248283
1.2247813
0.98227793
0.94102019
0.98236319
0.94088315
1.0076434
1.0076336
1.9578863
1.9715588
1.3072938
1.30738
0.85502888
0.96262951
0.85508184
0.96251797
0.79386869
1.2991147
0.79407183
1.2983643
1.2243995
1.224468
0.98211656
0.94065588
0.98226203
0.94035805
1.0076356
1.0076296
1.9546784
1.9611287
1.3071981
1.3071874
0.85491511
0.96241397
0.85496935
0.96243207
0.79011277
1.2959005
0.79243394
1.2957723
1.2225276
1.2252558
0.98123437
0.93945204
0.98149819
0.93907167
1.0078362
1.0081844
1.945887
1.9293727
1.3064188
1.3073907
0.855006
0.96273138
0.85478678
0.96311779
1.1853077
1.1808611
1.9403156
1.9393831
1.8263953
1.8523049
1.1952967
1.1915591
1.9338567
1.9632283
1.8401466
1.8640336
0.69219176
0.71175557
0.79317232
1.2980771
1.2988068
0.79096083
0.69586551
0.69325585
1.3086211
0.95566918
0.95879501
1.3157571
1.2226493
1.2252177
1.3107377
0.95961973
0.95902252
1.3123761
0.987957
0.93624383
0.94301272
0.98453675
0.98211493
0.93958132
0.93948554
0.98194477
0.9880056
0.94306338
0.94315991
0.98787175
1.3044988
1.2996512
0.9841076
0.94470888
0.94926737
0.9833697
1.0086394
1.0089764
1.3062131
1.307243
0.98570016
0.9494464
0.94948859
0.98696908
0.85357094
0.95903184
0.9635072
0.85638153
0.85382837
0.96327071
0.96357049
0.85365069
1.8267567
1.8527647
1.9313383
1.9647653
1.837618
1.8657129
1.218548
1.2690696
1.223471
1.2260042
0.98571205
0.94521339
0.9497314
0.98499982
1.3075889
1.3086225
0.98728934
0.94992468
0.94992206
0.98850244
0.85580023
0.96374115
0.9640517
0.8556038
1.1892691
1.1967288
1.9414798
1.9787339
1.838785
1.84201
1.1829207
1.1919086
1.9962459
1.925073
1.8529995
1.8193333
0.6990787
0.69801019
0.79725464
1.2948111
1.3001776
0.79653322
0.70043026
0.69858025
1.3124335
0.95984173
1.3123574
0.96048116
1.2245632
1.2247237
1.3126709
0.96127804
0.96071166
1.3128629
0.98812341
0.94307529
0.98790805
0.94315779
0.9824925
0.94143521
0.94077296
0.98287571
0.98821635
0.94331662
0.94320478
0.98846165
1.3070648
1.3072603
0.98721429
0.94949813
0.98707366
0.94938922
1.0084037
1.008416
1.307094
1.306989
0.98732855
0.94946701
0.94940645
0.98750856
0.85372614
0.96322297
0.85365926
0.96307069
0.85375756
0.96299667
0.96305083
0.85384419
1.8383465
1.8404427
1.991697
1.9229887
1.8495587
1.8164713
1.2252257
1.2256944
0.98867601
0.94989175
0.98858622
0.94983738
1.3083816
1.3083052
0.9887778
0.94985599
0.94983343
0.98895059
0.85567477
0.96339366
0.96345584
0.85568566
1.1928845
1.1919728
1.9733013
1.9455786
1.8752994
1.8558625
1.1953959
1.1863233
1.9540196
1.9532135
1.8320199
1.8627834
0.6946078
0.69983077
0.7954097
1.2981438
1.2962089
0.79441881
0.69792715
0.69700078
1.3130567
0.96141071
1.3129056
0.96154913
1.2251506
1.2252339
1.3130577
0.96147951
0.9615573
1.3128672
0.98866537
0.94335984
0.98854802
0.94339383
0.98323714
0.94191507
0.94187908
0.98327112
0.98869894
0.94337849
0.94340652
0.9886899
1.3069451
1.3070059
0.98774442
0.94954707
0.98758452
0.9494797
1.0082974
1.0083509
1.306972
1.3068749
0.98782114
0.94936199
0.94946617
0.98786514
0.85394342
0.96300885
0.85386055
0.96294632
0.85393024
0.96282238
0.96293148
0.8537924
1.8618454
1.8505418
1.9699972
1.9543492
1.8377038
1.8636324
0.98919225
0.94986599
0.98902048
0.94990888
1.3082735
1.3082602
0.98927237
0.9499588
0.94992144
0.98938314
0.85567627
0.96333817
0.96334846
0.85567213
1.1870819
1.1937747
1.9355989
1.9411301
1.8312244
1.825829
1.1923851
1.2000496
1.9787544
1.98494
1.8839966
1.8447629
0.69748074
0.70177666
0.7898464
1.3001897
1.2987596
0.79712681
0.692783
0.70106266
1.3126838
0.96146277
1.3127836
0.96135817
1.2251711
1.2249144
1.312687
0.96143793
0.9613563
1.3126706
0.98862772
0.94337813
0.98869395
0.94331133
0.98317999
0.94180498
0.94178034
0.98305329
0.98861743
0.94322017
0.94329979
0.98849092
1.306814
1.3068898
0.98793462
0.94954186
0.98789352
0.94947062
1.008123
1.0081834
1.306837
1.3067191
0.98796535
0.94856287
0.94947331
0.98792573
0.85377065
0.96288938
0.85377747
0.96284234
0.85376415
0.96187108
0.96283963
0.85363134
1.8328105
1.8265924
1.9813501
1.9884205
1.8861136
1.8460896
0.98950818
0.94996704
0.98943021
0.94999296
1.3082508
1.308204
0.98955195
0.95002613
0.94999923
0.98956374
0.85566605
0.96334012
0.9633326
0.8556202
1.1941079
1.191653
1.9524045
1.9412316
1.8621978
1.8471886
1.1967774
1.1862405
1.9472886
1.9471045
1.8297197
1.8578176
0.69956012
0.6967424
0.79771056
1.2994978
1.2965863
0.79449662
0.70067394
0.6971501
1.3125916
0.96146287
1.3127682
0.96125538
1.224572
1.2245477
1.3125736
0.96057886
0.96111524
1.3122331
0.98818472
0.94320148
0.98843839
0.94310436
0.98254319
0.94090877
0.94141077
0.9822125
0.98809595
0.94297372
0.94307747
0.98785474
1.3066054
1.3067361
0.98790897
0.94948341
0.98794949
0.94947183
1.0079338
1.0080106
1.3066398
1.3065659
0.98794094
0.94945261
0.94947546
0.98789116
0.85364924
0.96275125
0.85366335
0.96280369
0.85365058
0.96276231
0.96280424
0.8535964
1.8618642
1.8464881
1.9480416
1.9470718
1.829541
1.857509
1.2254624
1.2257287
0.98956026
0.95003271
0.98959089
0.9500373
1.3081084
1.3080636
0.98959549
0.94998584
0.95003053
0.98955728
0.85551199
0.96327374
0.96332145
0.85544842
1.1914777
1.1996937
1.9671412
1.9578434
1.8764117
1.8306264
1.1985609
1.1898471
1.9471993
1.9862914
1.8297282
1.8894383
0.69645883
0.70193275
0.79663317
1.2980092
1.2983352
0.7913079
0.70035959
0.6949946
1.3118647
0.96045617
1.3120666
0.96025071
1.2244195
1.224493
1.3118727
0.9603997
0.96026431
1.3119674
0.98787772
0.94296002
0.98784391
0.94289217
0.98237416
0.94103198
0.94083485
0.98257198
0.98793056
0.94284495
0.94288728
0.98803577
1.3064511
1.3065708
0.98776229
0.94949502
0.98787751
0.94930826
1.0077722
1.0078226
1.3064594
1.3063492
0.98774037
0.94918668
0.94928004
0.98757935
0.85350508
0.96276234
0.85355339
0.96265046
0.85350775
0.96254083
0.96262952
0.8534598
1.8776397
1.8327531
1.9423013
1.9784228
1.8280186
1.8847263
1.2252219
0.98938534
0.94995731
0.98953594
0.94984923
1.3078661
1.3077486
0.98935078
0.9496556
0.94980231
0.98915776
0.85532881
0.96299798
0.96311789
0.85525971
1.1876545
1.1975803
1.9705073
1.9219857
1.8759859
1.8243657
1.1971887
1.197289
1.9620233
1.9566844
1.8695148
1.8646335
0.69627968
0.69821857
0.79387265
1.2987551
1.2986066
0.79427495
0.69699132
0.69730845
1.312214
0.96048168
1.3120285
0.96064048
1.2246316
1.2247451
1.3122966
0.96070866
0.96068505
1.3123491
0.98804277
0.942843
0.98807077
0.94278964
0.98257344
0.9410839
0.94119344
0.98242109
0.98802793
0.9427213
0.94278148
0.98792565
1.3062657
1.3063638
0.98741768
0.94921535
0.98755569
0.94900463
1.0076669
1.0076982
1.3062896
1.3062159
0.98739905
0.94895792
0.94897445
0.9872223
0.85354587
0.96253234
0.85344997
0.96241032
0.85354692
0.96232745
0.96238899
0.85413224
1.8809003
1.8360733
1.9204852
1.9582839
1.8223915
1.8662516
1.2250849
1.225025
1.2250621
1.2251581
0.988915
0.94960272
0.98911792
0.94944533
1.3075545
1.307447
0.98886271
0.94922414
0.94938914
0.98863009
0.85515964
0.96266771
0.9627897
0.85509894
1.1979705
1.1967714
1.9583674
1.9658222
1.8660262
1.8734767
1.1969415
1.1975208
1.9642084
1.9647847
1.8720789
1.8710819
0.69704186
0.69648715
0.79351799
1.2981483
1.2983692
0.7933932
0.69653126
0.6963101
1.3123248
0.96071009
1.3123856
0.96064576
1.2248186
1.2245884
1.3123448
0.96053359
0.96063421
1.3122399
0.9878541
0.94271509
0.9879086
0.94267091
0.98227568
0.94072586
0.94085745
0.98227466
0.98786039
0.94260847
0.94266839
0.98785624
1.3061899
1.3062469
0.9870174
0.94892931
0.98720015
0.94880444
1.0076517
1.0076486
1.3062312
1.3061969
0.98698573
0.94866763
0.94877907
0.98675543
0.85410835
0.96231181
0.85413516
0.96223566
0.85410892
0.96218584
0.96222833
0.85408208
1.8647991
1.876487
1.9645426
1.9660071
1.8722223
1.8714676
1.2252518
0.98832679
0.94916671
0.98858064
0.94900022
1.3073085
1.3072438
0.98826659
0.94880517
0.94894586
0.98796805
0.8550114
0.96242188
0.9624844
0.85497691
1.1983139
1.1963077
1.9576846
1.9603367
1.8644392
1.8688317
1.1942285
1.1989973
1.9731757
1.9797681
1.8767276
1.882887
0.69670506
0.69687268
0.79333687
1.2963332
1.299418
0.79086055
0.69609523
0.69422188
1.3120191
0.96048444
1.3122075
0.96018182
1.2245236
1.2250802
1.3120426
0.9596409
0.96006449
1.3120695
0.98772672
0.94259023
0.98786129
0.94245501
0.98201821
0.93965746
0.94022089
0.98162369
0.98765499
0.94228994
0.94241256
0.98737858
1.3062407
1.3062381
0.9864369
0.94864903
0.98669804
0.94858394
1.0077618
1.0076496
1.3063212
1.3064226
0.98640323
0.94864029
0.94859316
0.98622322
0.85401802
0.96219474
0.85407937
0.96222104
0.85399305
0.96241867
0.9622602
0.85386653
1.8622651
1.8695682
1.9725787
1.9792782
1.8770799
1.8821365
1.224686
1.2248124
1.2247919
1.2253265
0.98760302
0.948764
0.98788712
0.94869158
1.3072725
1.3074159
0.98756549
0.94875204
0.94868657
0.98740679
0.85488344
0.96263084
0.96245623
0.85479466
1.1869632
1.1862227
1.9439017
1.930101
1.83112
1.8258904
1.1856403
1.1826402
1.9713605
1.938872
1.8356287
1.8534674
0.69337688
0.69570033
0.789962
1.2984091
1.29551
0.81421935
0.69304407
0.71221452
1.3107589
0.95949923
1.3121112
0.95891835
1.2171992
1.2678912
1.3087432
0.95496042
0.9586588
1.3154133
0.98716006
0.94229533
0.98732227
0.94235892
0.98114797
0.93680816
0.93906881
0.97781639
0.98704694
0.93549282
0.94223636
0.98341278
1.3054283
1.306473
0.98497146
0.94868988
0.98616058
0.94861674
1.004962
1.0080773
1.3038146
1.2989458
0.9834671
0.9429725
0.94842382
0.98274174
0.85341746
0.9625238
0.85384378
0.96284264
0.8531579
0.95740463
0.96281804
0.85576632
1.8319637
1.8252653
1.9725447
1.939679
1.8358389
1.8544956
1.2228051
1.2255214
0.98621103
0.9487951
0.98735143
0.94888391
1.3048177
1.3000002
0.98472353
0.94435977
0.94873215
0.98408986
0.85476783
0.95879516
0.96311065
0.85765593
2.7007516
0.8578368
2.9826565
0.85915473
2.6929856
0.85886843
0.85901216
0.85934271
2.9753417
0.85969337
0.86002222
0.86038126
2.6713404
0.86081978
2.9075709
0.86157129
2.698156
2.7240769
1.1832603
1.1914201
0.85450165
0.85602849
2.7238769
1.1839636
1.1946448
0.85932283
2.9769014
2.8892629
1.194038
1.1908496
0.85574717
0.85513035
1.194446
1.1940558
0.85893673
2.6774308
2.672908
1.1934138
1.190428
0.85494939
0.85453221
1.1938578
1.1937598
0.85896049
3.0016824
1.1903299
1.1901765
0.85436031
0.85408501
1.1936852
1.1937258
0.85923591
1.1901793
1.1900709
0.85398769
0.85372569
1.1937069
1.1937888
0.85959612
1.1900527
1.1898707
0.85358098
0.85319571
1.1937496
1.1937691
0.85992565
2.8943626
1.1898222
1.1896353
0.85297199
0.85246711
1.1937085
1.1937188
0.86027243
2.6551115
1.1896129
1.1895613
0.85219023
0.85171765
1.1936696
1.1937104
0.86062539
2.670079
2.6183808
1.1923377
1.1898663
0.85158986
0.85149145
2.625035
1.1938037
1.1942205
0.86133806
2.9015182
2.6898813
1.1899496
1.1791686
0.85161235
0.84985182
1.1943231
1.1836929
0.86018213
1.0245808
0.78986324
1.0250773
1.2871424
1.2658418
1.2544038
1.2602302
1.2954109
1.2608124
0.79062752
1.0376032
1.0209423
1.0512306
1.2415313
1.2476739
1.046269
0.56287505
0.53798571
0.52681432
0.57228339
0.41567149
1.2116253
0.79106388
0.78741843
0.43601879
1.2047371
0.97374893
0.98205239
0.97384396
0.93982103
0.95135065
0.95350575
0.95300598
0.93973543
0.95321589
0.98181351
0.97169952
0.97400723
1.0074479
0.83779772
0.82325598
0.83321772
1.0080278
0.83386266
2.1707147
1.9554411
2.919224
1.9458357
1.3547372
1.3039738
1.3536625
1.2977868
1.3542291
1.0195397
0.85598672
0.96227679
0.90532804
0.91210884
0.96346884
0.8471476
1.0173122
0.87570539
0.95198355
0.95110691
0.87645924
0.97427484
0.85812738
0.97772556
0.7935315
1.0298057
1.0268874
1.2640115
1.3008664
1.2643325
0.79579289
1.0295677
1.0295612
1.2643661
1.2990513
1.2616674
1.0495205
1.2448668
1.0498088
1.244378
0.56631245
0.52750563
0.56592735
0.52796541
0.31274362
1.224381
0.78313724
0.31270346
1.2245509
0.78361509
0.9822454
0.97389008
0.97373463
0.9526808
0.94003868
0.95289944
0.98212458
0.97340148
0.97357751
0.95331438
0.94030554
0.95313111
0.8345399
1.0084981
0.83470125
0.83488427
1.0084705
0.83482317
2.1649174
1.9742474
1.9427579
1.3084454
1.3543524
1.3085517
0.8556432
1.0186416
0.91182711
0.96358759
0.85562397
1.0188959
0.9117652
0.96353128
0.87601973
0.95103626
0.95112716
0.87595981
0.97703482
0.85911596
0.9768846
0.79416105
1.0250605
1.0272523
1.2625054
1.2950229
1.2616267
0.79679008
1.0295471
1.0289522
1.2592376
1.2966727
1.2610775
1.0498965
1.2455491
1.0511965
1.2445861
0.567508
0.52960864
0.56747471
0.52952371
0.30790748
1.2249868
0.78551389
0.30889072
1.2248441
0.78564565
0.98315178
0.97491361
0.97487408
0.95424914
0.9417157
0.95437915
0.98309764
0.97468595
0.97481903
0.95449305
0.9417982
0.9544647
0.83516697
1.0083905
0.83521487
0.83524216
1.0083864
0.83524858
2.159929
1.9540962
2.7156169
2.239285
1.9344978
1.308277
1.353907
1.3083125
1.353969
0.85568119
1.0183846
0.91178323
0.96336938
0.85568275
1.0184495
0.91180876
0.96335913
0.87573347
0.950546
0.95058275
0.87571693
0.97657928
0.85889477
0.97661578
0.79916439
1.0282142
1.0316096
1.2636614
1.3003788
1.2650805
0.80025186
1.0309798
1.0322577
1.2626597
1.299067
1.2645408
1.0520958
1.24698
1.0525384
1.2468389
0.56769312
0.52965827
0.5675983
0.52980373
0.30089999
1.2251746
0.78598688
0.30141008
1.2251362
0.78593971
0.98323722
0.97492131
0.97497326
0.95459082
0.94188627
0.95458098
0.98327297
0.97502069
0.97502779
0.95447307
0.9418519
0.95454486
0.83526708
1.0082546
0.83526307
0.83519345
1.0082382
0.83524789
2.2486203
1.9497305
2.2160904
2.9326229
2.1521541
1.9340388
1.3082563
1.3538335
1.353842
1.3082882
1.3538308
0.85567087
1.0183137
0.91184459
0.96333288
0.8556701
1.0183252
0.91186785
0.96333015
0.87566196
0.95036581
0.95037307
0.87565932
0.97698669
0.85906895
0.9770666
0.79579129
1.0281759
1.0278937
1.2608812
1.2976765
1.2603694
0.79269311
1.0261922
1.0258375
1.2609827
1.2958316
1.2611023
1.0503736
1.2440017
1.0491298
1.2447771
0.56563158
0.52744156
0.56536968
0.52781445
0.30898207
1.224627
0.7855514
0.30783616
1.224767
0.78547351
0.98280741
0.97441939
0.97456693
0.95434538
0.94175896
0.95430318
0.98291461
0.97473269
0.9746824
0.95407354
0.94170002
0.95423023
0.83508963
1.0080756
0.83509098
0.83503716
1.0080674
0.83507996
2.1879167
1.9286315
2.1568219
1.9614327
1.3081346
1.3536828
1.3537141
1.3082054
0.85555251
1.018242
0.91189962
0.96334036
0.85557618
1.0182855
0.91189803
0.96333507
0.875682
0.95032265
0.95032332
0.87568369
0.9776327
0.85941273
0.97772282
0.79414172
1.0265043
1.0273566
1.2655685
1.3001255
1.2650775
0.7991957
1.0321478
1.0317131
1.2613943
1.2992776
1.2618946
1.0494306
1.2450011
1.0501768
1.2444317
0.56838672
0.53012182
0.56824971
0.53030079
0.30341413
1.2243866
0.78479165
0.30438829
1.224354
0.78477916
0.98223911
0.97393945
0.97388775
0.95339023
0.94078246
0.95339962
0.98221395
0.97383756
0.97386984
0.95346418
0.94077608
0.95343396
0.83490246
1.007886
0.83489895
0.83485897
1.0078696
0.83489252
2.1682614
1.9554668
1.9627839
1.3079504
1.3534661
1.3080213
0.85537438
1.0180545
0.91181975
0.96322155
0.85539748
1.0181334
0.91172579
0.96318828
0.87563451
0.95025897
0.95026622
0.87561721
0.97826909
0.85975816
0.97835473
0.79614533
1.0260109
1.028286
1.2605297
1.2987288
1.2636077
0.7980547
1.0268749
1.0303121
1.2605996
1.2956578
1.2613874
1.0504427
1.2456589
1.0506955
1.2455386
0.56809653
0.53065696
0.56839144
0.53027189
0.30320661
1.2245409
0.78539679
0.30284224
1.2244864
0.78544356
0.98263478
0.97433274
0.97436331
0.95385225
0.94115519
0.95391073
0.98264924
0.97432217
0.97437729
0.95390603
0.94119464
0.95393737
0.83480345
1.0077386
0.83479677
0.83473076
1.0077323
0.83478044
2.1863218
1.9613957
2.6443991
2.2945153
1.9694368
1.3076441
1.3531678
1.3077155
1.3532699
0.85519808
1.0178345
0.91151124
0.96291449
0.85521664
1.0179142
0.91137038
0.96287091
0.87548115
0.95019143
0.95019446
0.87545788
0.97886635
0.8600875
0.97894135
0.79804585
1.0268587
1.0303331
1.2609095
1.2984266
1.2632636
0.79746212
1.0263968
1.0298231
1.2611827
1.2984862
1.2636158
1.0503934
1.2454507
1.0502799
1.245547
0.56802573
0.52971122
0.56783032
0.52992821
0.30270953
1.2248323
0.78591907
0.30296625
1.2248219
0.78593683
0.98230816
0.97395152
0.97399357
0.95365027
0.94098376
0.95360987
0.98234627
0.97407774
0.97405114
0.95351446
0.94094764
0.95357529
0.83456433
1.0076485
0.83454474
0.8344742
1.0076556
0.83452269
2.2721696
1.95254
2.1705773
1.9495806
1.3073638
1.3529121
1.3529425
1.3074328
1.3529881
0.85504211
1.0176445
0.91112085
0.96258791
0.85505969
1.0177059
0.91097079
0.96254833
0.87530442
0.95018285
0.95017477
0.87528069
0.97943531
0.86045002
0.97950704
0.79855345
1.0270029
1.0310791
1.2616871
1.2991479
1.2642145
0.79831183
1.0271567
1.0307746
1.26149
1.2994823
1.2645645
1.0509294
1.2460785
1.0508519
1.2461806
0.56657592
0.52856313
0.56673051
0.52837659
0.30764611
1.2243579
0.78528478
0.30743503
1.224391
0.78513324
0.98220404
0.97370635
0.97380589
0.95338581
0.94059276
0.9533555
0.98225986
0.97389091
0.97388077
0.95317712
0.94050397
0.95329817
0.83433461
1.007644
0.83430592
0.83416602
1.0076515
0.83425861
2.2740684
1.95383
2.6835118
1.9496952
1.3072221
1.3530704
1.353001
1.3072597
0.85493412
1.0177201
0.91077359
0.96240843
0.85495102
1.0176463
0.91071012
0.96241168
0.8752333
0.95042166
0.95036232
0.87525194
0.98012794
0.8609266
0.9802779
0.78861973
1.0250061
1.0235777
1.2611346
1.2953875
1.2606819
0.79133286
1.0264326
1.0256846
1.2607576
1.2966014
1.2596832
1.0500428
1.2460314
1.0498983
1.2463999
0.56172239
0.52549459
0.56362585
0.52375447
0.32826341
1.2246179
0.78227739
0.31603296
1.2252868
0.78186757
0.98133809
0.97276493
0.97281827
0.95235264
0.93929693
0.95223392
0.98142197
0.97298208
0.97289512
0.95211862
0.93917687
0.95217264
0.83353335
1.0079666
0.83334581
0.83290618
1.0081213
0.83308642
2.1801746
1.9818215
1.9271388
1.30707
1.3544565
1.3074113
0.85483697
1.018712
0.91084145
0.9628521
0.85479953
1.0181509
0.91117856
0.96299557
0.87578874
0.95144616
0.95132206
0.87585596
0.98195409
0.8616376
0.98239882
1.1767106
1.1883796
2.1702674
1.9538379
2.2347044
1.9475162
1.8352391
1.8596983
1.5552117
1.5479551
1.8284226
1.8578351
1.1955333
1.1853259
2.2450328
1.9475451
2.1695444
2.7558977
1.9643796
1.8521385
1.8296358
1.5693159
1.5620103
1.8703705
1.8635482
1.28104
0.69285537
1.2820209
0.5918225
0.57440728
0.57196791
0.69160033
1.2895079
1.2832913
1.0280972
0.79326781
1.027823
1.2979603
1.2613372
1.2611773
1.2634194
1.2965872
1.2625982
0.79052679
1.025777
1.0254808
1.2820118
0.69536713
1.2810356
0.69253737
1.2797694
1.2798052
0.54933237
0.47785032
0.47566087
0.55195528
1.0521488
1.2461808
1.2480394
1.0503844
0.55086038
0.47678941
0.47718158
0.55007684
0.68179696
0.71075004
0.70608573
0.68721812
0.56218027
0.52543455
0.52466037
0.56327617
0.68310159
0.70866933
0.70744919
0.68430028
0.91574514
1.307035
0.91589004
0.95778335
0.95154408
0.95140886
0.95073089
0.95854592
0.95102287
1.3040068
0.92170551
0.91668086
0.32844398
1.2245806
0.78138919
0.78114992
0.31822422
1.225284
0.91704318
1.3117313
0.91778746
0.95942442
0.95101888
0.95102752
0.95089563
0.95922324
0.95096698
1.3122986
0.91863985
0.91846713
0.97836348
0.98766874
0.97787035
0.94015727
0.98221026
0.98517209
0.98721544
0.94228966
0.9866299
0.9871618
0.97362475
0.97673202
0.97356605
0.98203887
0.97340978
0.9394529
0.95253582
0.95249255
0.9527565
0.93943706
0.95259385
0.98196479
0.97331074
0.97331714
0.97848815
0.98796801
0.97848464
0.94309756
0.9871409
0.98720262
0.98732968
0.94315169
0.98729677
0.98791575
0.97841974
0.97845645
1.3535267
1.3025799
1.2963882
1.0102932
0.98218077
0.9474094
0.98585736
0.98923154
0.94861193
0.97906568
1.0088577
1.0087566
0.83437982
0.83419817
0.83379481
1.0089102
0.8339533
1.3544714
1.3068699
1.307252
1.0109986
0.9863982
0.94952856
0.98995742
0.98971666
0.94956409
0.98684774
1.0099909
1.0177456
0.85400674
0.9617497
0.9038285
0.91063966
0.96296694
0.84514352
1.015506
1.251457
1.2534857
1.0177628
0.85368104
0.96338046
0.91045898
0.91068678
0.96350492
0.85365586
1.017273
1.2558668
1.255204
1.3103358
0.87264084
0.94889738
0.94800245
0.87340622
0.81469489
0.81526599
1.2732676
1.1895062
1.2807182
0.87345467
0.94898015
0.87350549
0.94886572
0.81503135
0.81502814
1.1937665
1.2820843
1.2827578
0.97056446
0.85491968
0.97412265
0.85612478
0.9740778
0.97453137
1.8357262
1.8603001
1.8274066
1.8587453
2.2465329
1.9452693
1.9640269
1.8509971
1.8277898
1.5607802
1.8708785
1.865121
1.0516497
1.2422549
1.2483383
1.046777
0.54917574
0.47764758
0.47536649
0.55188686
1.0526674
1.2469996
1.2488158
1.0509567
0.55076784
0.47658537
0.47695463
0.55002428
0.56372997
0.53843264
0.52714758
0.57327568
0.68256463
0.71160247
0.70686846
0.68807659
0.56273176
0.52551518
0.52478108
0.56376384
0.68364873
0.70927638
0.70807596
0.6848318
0.41641634
1.2124441
0.79163761
0.78802255
0.43629802
1.2056143
0.32919492
0.78195848
0.78172449
0.31896085
1.2260683
1.0106036
0.98379814
0.9478945
0.98625738
0.9895826
0.94907262
0.98069211
1.0092031
1.3556712
1.3082326
1.3086039
1.3552203
1.0112764
0.98797101
0.94995353
0.99039717
0.99003797
0.94996946
0.98839676
1.0114643
1.2536435
1.3113633
1.3101346
1.2556625
1.0195491
0.85564751
0.96384414
0.91187937
0.91214393
0.96396173
0.85561838
1.019031
1.258015
1.2573662
1.312275
0.81808215
0.81866213
1.2758462
1.1926618
1.2837408
0.87648962
0.952043
0.87655014
0.95191321
0.81839566
0.81837871
1.1970396
1.2850499
1.2857427
0.85937407
0.97784948
0.97826088
1.1966857
1.1993525
2.1631688
1.9726211
2.2152216
2.2166991
1.9424173
1.8831224
1.8496607
1.8397185
1.8373531
1.1964964
1.1941853
2.2120235
1.9564522
2.3219153
2.9925257
1.963884
1.8421434
1.8521927
1.5474435
1.5563282
1.8726129
1.8326843
0.69649403
1.2813665
1.2805698
0.56662405
0.69829284
1.2810869
1.2811542
0.56533345
1.0308809
0.79372855
1.027582
1.2985428
1.2614349
1.2616396
1.2649876
1.2984843
1.2621423
0.79379131
1.0286742
1.0271828
1.2820238
0.69685723
1.2808908
0.56495529
0.56618974
0.69604888
1.280578
1.2801024
0.55214615
0.47838027
0.55169843
0.47881986
1.0485737
1.2434081
1.2437224
1.0486291
0.55068076
0.47870401
0.47811705
0.55130119
0.68719879
0.71118137
0.68684119
0.71158281
0.56671018
0.52932301
0.52879079
0.56740342
0.68745969
0.71245481
0.71217408
0.68791986
1.3123147
0.91977225
0.91944051
0.95105576
0.96005413
0.9510975
1.3123207
0.91894107
0.9192325
0.95131103
0.96027964
0.95119916
0.3114134
1.2246901
0.78491641
0.7846333
0.31071141
1.2247365
0.92032811
1.3128342
0.92076342
0.96112694
0.95191023
0.95183802
0.95151457
0.96093981
0.95171326
1.3129231
0.92118341
0.92114149
0.98805079
0.97859511
0.97854545
0.98713097
0.94309894
0.98713508
0.9879812
0.9784469
0.9785
0.98717561
0.9431395
0.98717205
0.97405392
0.98261657
0.97421225
0.94122955
0.95409399
0.95390237
0.95351157
0.94101302
0.95371389
0.98275705
0.97455082
0.97439708
0.97866692
0.98830098
0.97872991
0.94328734
0.98728554
0.98726752
0.98721458
0.94325463
0.98725594
0.98839921
0.97884013
0.9788031
1.3071452
1.3532364
1.3072442
0.98716288
1.00951
0.99008836
0.94950762
0.98713781
1.0110485
0.9899346
0.94948787
1.0084048
0.83512685
0.83507634
0.83495925
1.0084162
0.83502913
1.3531504
1.3070876
1.3071016
1.3529247
1.009442
0.9874077
0.94951681
0.99004392
0.98995988
0.94950837
0.98750048
1.0093146
0.85370148
1.0169276
0.91042219
0.96318023
0.85367669
1.0171439
0.91040734
0.96314115
1.2560609
1.2559947
1.0169038
0.85382004
0.96302767
0.91111623
0.91043003
0.96305498
0.85383739
1.0169072
1.2559035
1.2559462
1.3086013
0.87304166
0.9480285
0.94810709
0.87298922
0.81531985
0.8153046
1.2816754
1.193972
1.2814464
0.87290764
0.94795395
0.87294299
0.94787664
0.81531767
0.81529478
1.1935421
1.2803399
1.2809347
0.97313879
0.85562829
0.97291853
0.85526661
0.97224211
0.9723843
1.8836446
1.8497741
1.8387654
1.83695
1.563734
2.2095894
1.9517351
1.9641613
1.8408011
1.8484909
1.8721048
1.8308944
1.0496867
1.2455218
1.050112
1.2449517
0.5515945
0.47788124
0.55129187
0.47818509
1.0488409
1.2439986
1.244302
1.0489205
0.55027566
0.47816107
0.47754469
0.55094262
0.56569966
0.5271205
0.56547436
0.52728924
0.68742909
0.71165249
0.68708306
0.71205393
0.56681618
0.52905139
0.5284431
0.56737321
0.68819475
0.7130506
0.71281501
0.68845871
0.31268546
1.2252037
0.78365966
0.31274104
1.225378
0.78412081
0.31127505
0.78538579
0.78510696
0.31065058
1.2255162
0.98864893
1.0109552
0.99039741
0.94986463
0.98865089
1.0113328
0.99037172
0.94984518
1.354258
1.3083662
1.3083786
1.3540271
1.0108765
0.98885739
0.94984486
0.99040156
0.99037464
0.94983621
0.98894496
1.010707
1.2581566
1.3107302
1.2580854
1.018586
0.85568169
0.96340955
0.91177493
0.91176028
0.96342707
0.85568463
1.0184745
1.2579852
1.2580306
1.3104741
0.81863473
0.81861432
1.2841501
1.1943827
1.2838946
0.87586998
0.9509447
0.87590917
0.95086046
0.81862082
0.81859303
1.1967794
1.2832547
1.2838544
0.85901158
0.9765893
0.97663405
1.1830612
1.1905727
2.1571057
1.9318987
2.1822244
2.6721599
2.2554937
1.9484887
1.8409168
1.8701389
1.8272541
1.8612957
1.1935105
1.1853718
2.2808036
1.9606611
2.2646163
1.9715456
1.83688
1.8312398
1.5692313
1.5517303
1.872452
1.8656673
0.69682806
1.2791906
1.2800953
0.56752382
0.69953338
1.2812126
1.2810786
0.56535388
1.0283178
0.79627213
1.0289281
1.29646
1.2614179
1.259947
1.2617874
1.2962743
1.2621715
0.79285131
1.0273857
1.0258352
1.2799851
0.69848537
1.2800019
0.56386575
0.69527997
1.280468
1.2793862
0.55202149
0.48004834
0.55322051
0.47919449
1.0488194
1.2433265
1.243598
1.048566
0.55122937
0.47886126
0.47863472
0.55137461
0.68827953
0.71291945
0.68811073
0.71316432
0.56766454
0.52888145
0.52929511
0.56739388
0.68913798
0.71400917
0.71389277
0.68921618
1.3130542
0.92186416
0.92183815
0.95200868
0.96149663
0.95208556
1.313003
0.92145052
0.92174118
0.9521123
0.96155099
0.95214218
0.30433285
1.2252124
0.78596916
0.78594368
0.30333099
1.2252643
0.92197899
1.3130223
0.92198872
0.9615159
0.95189643
0.95198784
0.95210376
0.96155132
0.95206873
1.3130065
0.92183119
0.9220433
0.98864887
0.97896856
0.97896466
0.98732124
0.94338498
0.98733838
0.98862106
0.97890241
0.978953
0.98734042
0.94340596
0.98736274
0.97496493
0.98325942
0.97499161
0.94190918
0.95459418
0.95458199
0.95454281
0.94191101
0.95457926
0.98327714
0.97502515
0.97502407
0.9789913
0.98870855
0.97899445
0.94339756
0.98728696
0.98731485
0.98734864
0.94341408
0.98735023
0.98871765
0.97896821
0.97899919
1.3069965
1.3527921
1.3070384
0.98770607
1.0091586
0.99016604
0.94957978
0.98766148
1.0104447
0.99001512
0.94957606
1.0083165
0.83528333
0.83528735
0.8352616
1.0083449
0.83528643
1.3527701
1.3069603
1.3069804
1.3526795
1.0091097
0.98785943
0.94943354
0.98901278
0.98998691
0.94947035
0.9879091
1.0090886
0.85394433
1.0177147
0.911133
0.96301065
0.85392612
1.0168914
0.91113138
0.96300111
1.2556728
1.2556405
1.0176975
0.85390291
0.96288051
0.91112583
0.91113623
0.96292344
0.85382056
1.0167201
1.255594
1.255612
1.308112
0.87276925
0.94752517
0.94756465
0.8727451
0.81504387
0.81508071
1.2805089
1.1933982
1.2804335
0.87270241
0.9474839
0.87272099
0.94743777
0.8150057
0.81496493
1.1930937
1.2797164
1.280237
0.97193472
0.85487959
0.97183495
0.85464331
0.97145013
0.97154738
1.8630787
1.8629134
1.8185505
1.8590193
1.5654971
2.2867624
1.9627103
2.9941328
1.9687125
1.8381498
1.8337639
1.8711292
1.866802
1.0502562
1.246056
1.0514714
1.2451375
0.55193134
0.47967319
0.55301502
0.47891653
1.0491865
1.2438472
1.2442044
1.0488188
0.55112209
0.4784429
0.47831354
0.5511509
0.56790112
0.52976502
0.56796662
0.52964982
0.68915085
0.71363779
0.6889723
0.71389178
0.56768084
0.52858521
0.52896058
0.56712222
0.68974092
0.71470883
0.71459385
0.68978991
0.30799229
1.2257836
0.78602875
0.3090317
0.78618896
0.30419587
1.2260709
0.78656871
0.78653628
0.30317031
0.98915433
1.010602
0.99040906
0.94987913
0.98911081
1.0106624
0.99044654
0.94989242
1.3538956
1.3082752
1.3083132
1.3538554
1.0105912
0.98932652
0.94994709
0.99048831
0.99045818
0.94993408
0.98939625
1.0105685
1.2577623
1.2577348
1.0183658
0.85567426
0.96334141
0.91183785
0.91181547
0.96334229
0.85567379
1.0183307
1.2576983
1.2577107
1.30998
0.81839457
0.8184094
1.2829773
1.1938592
1.2828911
0.87569592
0.95050253
0.87570375
0.95046353
0.8183609
0.81833039
1.1964326
1.282707
1.2832154
0.85898219
0.97680845
0.97676034
1.1939987
1.1893672
2.2466153
1.9479055
2.220314
2.9326186
1.9355846
1.8302932
1.8425106
1.55031
1.8425921
1.8344039
1.193725
1.1971501
2.1626536
1.94494
2.1760393
1.9733618
1.8771877
1.853446
1.5558759
1.5770469
1.8386328
1.8395388
0.70227555
1.2806248
1.2826523
0.57119079
0.70332373
1.2824083
1.2831916
0.56583818
1.024383
0.79277283
1.0268556
1.3012588
1.2645273
1.2654871
1.2601303
1.2992654
1.2618427
0.79804414
1.0305111
1.0315329
1.2786105
0.69578009
1.2794917
0.56265031
0.70120978
1.2817512
1.2814738
0.55285165
0.48055878
0.55382209
0.47971576
1.0483607
1.2448234
1.243734
1.049533
0.54977869
0.47762202
0.47717468
0.55046661
0.68924893
0.71414607
0.68939143
0.71400596
0.56747596
0.52883757
0.52911899
0.5668575
0.68839043
0.71253151
0.71313388
0.68784725
1.3127025
0.92176231
0.92180914
0.9518535
0.96143161
0.95181021
1.3127382
0.92183745
0.92187903
0.95173787
0.96140337
0.95179062
0.30145102
1.2250871
0.7857997
0.78585026
0.30265095
1.2249845
0.92186017
1.3126486
0.92189585
0.96140751
0.95186496
0.95180996
0.95174689
0.96137885
0.95177418
1.3126684
0.92205188
0.92205604
0.9886607
0.97890524
0.97893597
0.98728218
0.94336457
0.98726457
0.98869356
0.97896966
0.97896731
0.98721632
0.94335218
0.98726095
0.97489389
0.98314741
0.97486121
0.94179255
0.95438702
0.95440381
0.95444151
0.94178753
0.95442724
0.98311705
0.97479858
0.97484831
0.97889806
0.98858988
0.978876
0.94325631
0.9870993
0.98714461
0.98720604
0.94328833
0.98719303
0.98856355
0.9787943
0.97885649
1.3068694
1.3525997
1.3069166
0.98793426
1.0089979
0.99010063
0.94959217
0.9879296
1.0102475
0.98997456
0.94957695
1.0081453
0.83511084
0.83513472
0.83517413
1.0081737
0.83516477
1.3525881
1.3068194
1.3068281
1.3524939
1.0089799
0.98795822
0.94947247
0.98901629
0.98997517
0.94954952
0.98797733
1.0089853
0.85377215
1.0166582
0.9111483
0.96290613
0.85377191
1.0166972
0.91113636
0.96289629
1.2555149
1.3079899
1.3079949
1.2555042
1.0166458
0.85374903
0.9627529
0.91034808
0.91113923
0.96285098
0.85369805
1.0164912
1.2554832
1.2554898
1.307976
0.87261876
0.94725185
0.94726559
0.8726051
0.81478488
0.8148013
1.2795933
1.1929252
1.28003
0.87258649
0.94723636
0.87259246
0.94721589
0.8147647
0.81472865
1.1902344
1.2794835
1.2794858
0.97120947
0.85435497
0.97114388
0.85415418
0.97080682
0.97088762
1.8305757
1.8443801
1.843747
1.8349981
1.559866
2.1622769
1.9448562
1.9772613
1.878995
1.8531219
1.8406023
1.8400496
1.052521
1.2474138
1.0527671
1.2474262
0.55291008
0.48022307
0.55368622
0.47954064
1.0490746
1.2456761
1.244647
1.0501984
0.55010856
0.47765091
0.47724676
0.55075524
0.56794523
0.52966109
0.56779914
0.52988799
0.68990048
0.71488999
0.68999148
0.7147964
0.56735509
0.52893666
0.52928874
0.56696943
0.68918129
0.71369821
0.71403015
0.68885
0.30097488
0.78665208
0.30144494
0.78663521
0.30182174
0.78657912
0.78659678
0.30297937
0.98950489
1.0105518
0.99049266
0.94997601
0.98949312
1.0105583
0.99050575
0.94998343
1.3538359
1.3082418
1.3082634
1.3537776
1.0105472
0.98956798
0.95001617
0.99052125
0.99050742
0.95000676
0.98960109
1.0105401
1.2576352
1.2576263
1.0183091
0.85565573
0.96333778
0.91189512
0.91187477
0.96333282
0.85564014
1.018293
1.2576123
1.257616
1.3098921
0.81825946
0.81825197
1.2826417
1.1937199
1.2826093
0.87566311
0.95034953
0.87565906
0.95033444
0.81824613
0.81823298
1.1963755
1.2825773
1.2830553
0.85923545
0.97740054
0.97732586
1.1958298
1.1866957
2.1865145
1.9264342
2.6498111
1.9612092
1.8278483
1.8645548
1.5644514
1.8724045
1.8545542
1.5656192
1.1982003
1.1868725
2.2615977
1.9488349
2.2549864
2.1791378
1.9751063
1.8366731
1.827336
1.5691593
1.5510072
1.8801655
1.8633578
0.69858692
1.280925
1.2803369
0.5637489
0.69602982
1.2803809
1.2797252
0.56685435
1.0295908
0.79639537
1.0292009
1.2989536
1.262399
1.2612393
1.262374
1.2971649
1.2626129
0.79259638
1.0279033
1.0263618
1.2814258
0.6992798
1.2811577
0.56711786
0.6953593
1.2806576
1.2801038
0.55313449
0.47905064
0.55170338
0.48016947
1.0495448
1.2436056
1.2444475
1.0483774
0.55222357
0.47875092
0.47956663
0.55114737
0.68701212
0.71175533
0.6869452
0.71176557
0.56677329
0.52899786
0.52897489
0.56690958
0.68770789
0.71245305
0.71228979
0.68791342
1.3126978
0.92203416
0.92224349
0.95194241
0.96144501
0.95195687
1.3127953
0.92226846
0.92239444
0.95175265
0.96138892
0.95191016
0.30801068
1.2246294
0.78504999
0.78519394
0.30706199
1.2246387
0.92197649
1.31254
0.92183139
0.96076097
0.95092245
0.95119101
0.95161168
0.96095527
0.9514382
1.31247
0.92120564
0.92167361
0.9882898
0.97857118
0.97864708
0.98707256
0.94317493
0.98703506
0.98838108
0.97875668
0.97871593
0.98694815
0.94315463
0.98701409
0.97426952
0.9824043
0.97410491
0.94104497
0.95344289
0.95355393
0.9539111
0.94123676
0.9537354
0.98229595
0.97387789
0.97397885
0.97851474
0.98799928
0.97845033
0.9430089
0.98677574
0.98681669
0.9869126
0.94305013
0.98687742
0.98792875
0.97834502
0.97840473
1.3066709
1.3523706
1.3524049
1.3067476
0.98792649
1.0089012
0.99006045
0.94957824
0.98795813
1.0101369
0.98993724
0.94957214
1.0079566
0.83492756
0.83495451
0.83501306
1.0079923
0.83498785
1.3523646
1.3066426
1.306672
1.3523069
1.0088969
0.98793988
0.94953364
0.98994202
0.98994325
0.94955246
0.98795911
1.0088826
0.85366364
1.0165854
0.91104789
0.96284278
0.85367609
1.0165636
0.911133
0.96284948
1.2554185
1.3078779
1.307889
1.2554105
1.0165748
0.85370045
0.96280164
0.91107879
0.91112495
0.96282426
0.8536792
1.0165191
1.2554185
1.2554128
1.3079084
0.87257763
0.94714413
0.94714515
0.87257385
0.81463266
0.81464192
1.2794323
1.1927894
1.2798884
0.87256307
0.94713879
0.8725672
0.94712533
0.814621
0.81459232
1.1901267
1.2793897
1.2793847
0.97061241
0.85399279
0.97054946
0.85380134
0.97018213
0.97028409
1.8299227
1.8647014
1.8726062
1.8546175
1.5647074
2.2625852
1.9489929
2.2552825
1.9766068
1.8369165
1.8274927
1.5688401
1.8813178
1.8636598
1.0502029
1.2443317
1.0492082
1.2448483
0.55267104
0.47856277
0.55141044
0.47953322
1.049767
1.2442034
1.2448903
1.0487722
0.55203149
0.47850874
0.47917499
0.55111348
0.5655094
0.52723226
0.56536308
0.52740537
0.68797094
0.71287457
0.6878518
0.71293486
0.56698798
0.52909601
0.52891748
0.5672795
0.68888237
0.71390509
0.71365377
0.68923058
0.30836176
1.2255289
0.78633187
0.30756566
0.78625337
0.30710533
0.78579675
0.78592578
0.30617726
0.98958484
1.0105223
0.99052466
0.95003729
0.98961854
1.010538
0.99051949
0.95003699
1.3536786
1.3081072
1.3081352
1.3536127
1.0105216
0.98960665
0.95000543
0.99047037
0.99051446
0.95001957
0.98962687
1.0104832
1.2575552
1.2575453
1.0182218
0.85549294
0.96329337
0.9118428
0.91188914
0.96330678
0.85547207
1.0181561
1.2575561
1.2575487
1.309805
0.81820751
0.81819701
1.2825807
1.1937557
1.2825635
0.87568546
0.95031087
0.87568415
0.95029802
0.81819916
0.81819006
1.1964369
1.2825687
1.2830418
0.85959565
0.97803845
0.97796896
1.1907127
1.1972385
2.1612088
1.9489868
1.9580555
1.8589565
1.8748371
1.5530225
1.8303519
1.8346617
1.5756115
1.1934237
1.1901311
2.2811814
1.9617949
2.1661885
1.9503003
1.8368765
1.8338893
1.5769451
1.5536341
1.8559638
1.8807652
0.69720433
1.2805469
1.2807902
0.70181679
1.2820991
1.2821343
0.56561354
1.0293841
0.79767337
1.0303469
1.2971171
1.259862
1.260468
1.2630553
1.2990318
1.263864
0.79312032
1.0248331
1.0261806
1.2816126
0.70146061
1.2818701
0.56767648
0.69700301
1.2795929
1.2802515
0.55217694
0.47970731
0.55264894
0.47947531
1.0503089
1.2445874
1.2452374
1.0494547
0.55262223
0.47939945
0.47972708
0.55207942
0.68887079
0.71298116
0.68865888
0.71318278
0.56892855
0.5311541
0.53127214
0.56883486
0.68960932
0.71405986
0.71399377
0.68966241
1.3119161
0.92060116
0.92073213
0.95074563
0.96036098
0.95062362
1.3119822
0.92100123
0.92090728
0.95048966
0.96030254
0.95056044
0.30159007
1.2244407
0.78511599
0.7850405
0.30156638
1.2244925
0.92066658
1.3118923
0.92071405
0.96034407
0.95066892
0.95061166
0.95051314
0.96030486
0.95056601
1.3119766
0.92080479
0.92087252
0.98785824
0.97831352
0.97831869
0.98676422
0.94293938
0.98674748
0.98785552
0.97833388
0.97833358
0.98672317
0.94292592
0.98675226
0.97403352
0.9824493
0.97411858
0.94095881
0.95378841
0.95370989
0.95355075
0.94090523
0.95364295
0.98252487
0.97427363
0.97421334
0.9783371
0.98797382
0.97835261
0.94286442
0.9867063
0.98671709
0.98673008
0.9428841
0.98673837
0.98802359
0.97836901
0.97837704
1.3065208
1.3521983
1.3522285
1.3065827
1.3522737
0.98781302
1.0087319
0.99002643
0.94948686
0.98785972
1.0100226
0.9897648
0.94944087
1.0077882
0.83482704
0.83484335
0.8348524
1.0078146
0.83485682
1.3521772
1.3064393
1.3064556
1.3521156
1.0086923
0.98768867
0.94928656
0.98966632
0.98973748
0.9493287
0.98767024
1.0086103
0.85351533
1.0164248
0.91107489
0.96274647
0.85352928
1.0164883
0.91097836
0.96271943
1.2553512
1.3077776
1.3077998
1.2553258
1.0164079
0.85354645
0.96259015
0.91084877
0.9109456
0.9626303
0.8534829
1.0163609
1.2552692
1.2552933
1.3077481
0.87249703
0.9470353
0.94704316
0.87247547
0.81449876
0.814511
1.2793332
1.1926488
1.2797818
0.87243079
0.94702177
0.8724511
0.94700167
0.81447954
0.81444541
1.1899409
1.27924
1.2792452
0.96986672
0.8535643
0.96975835
0.85329825
0.9691986
0.96935192
1.8623634
1.875746
1.832847
1.8357326
1.5754422
2.2582789
1.9542302
2.2402155
1.9289617
1.8370276
1.8340155
1.5750334
1.8370268
1.878738
1.0500506
1.2457505
1.0507486
1.2452349
0.55239874
0.47972866
0.55284783
0.47951672
1.0511014
1.2456681
1.2462287
1.0503166
0.55284601
0.47931895
0.47975897
0.55221869
0.56891903
0.53038702
0.56884917
0.53043586
0.68998415
0.7143728
0.68993487
0.7144176
0.56909077
0.5304005
0.53103148
0.56864477
0.68976621
0.71403705
0.71423347
0.68953691
0.30368001
1.2252847
0.78555833
0.3041897
0.78550348
0.30348853
0.78546273
0.78548861
0.30388849
1.2251412
0.9894579
1.0103303
0.99043869
0.94992504
0.98952195
1.0104473
0.99032235
0.94988731
1.3534299
1.3078275
1.3078291
1.01028
0.98929444
0.94970457
0.99012195
0.99027318
0.94975298
0.98926116
1.0101302
1.2574608
1.3096671
1.3096954
1.2574299
1.0180244
0.85530502
0.96303848
0.91155605
0.9116852
0.96307612
0.85528228
1.0179396
1.2573682
1.2573928
1.3096039
0.81816411
0.81815486
1.2825635
1.1937864
1.282539
0.87558394
0.95023986
0.87559902
0.95022177
0.81815061
0.8181391
1.1964275
1.2825067
1.2829875
0.85992712
0.97864984
0.97858206
1.1900849
1.1849921
2.2277906
1.9303348
1.960374
1.8183314
1.8726291
1.5543516
1.8374809
1.839796
1.5732363
1.1903672
1.190481
2.2654548
1.9489569
2.660774
2.2760147
1.9572985
1.8691417
1.8264041
1.8310884
1.8665995
0.69983828
1.2802939
1.2812601
0.56698468
0.70158316
1.2806253
1.2817274
1.0267522
0.79883262
1.031057
1.2992999
1.2614207
1.2641939
1.2611578
1.299458
1.2643383
0.79871936
1.027098
1.0309183
1.2804868
0.70171528
1.2819587
0.56530742
0.56753909
0.70156748
1.2807593
1.2819488
0.55293466
0.48020882
0.55307611
0.48020467
1.0507054
1.2457806
1.2457825
1.0506993
0.55328175
0.48064569
0.48058623
0.55333212
0.68926799
0.71396774
0.68947661
0.71383085
0.56758974
0.52954768
0.52966262
0.56753922
0.68879622
0.71346904
0.71338369
0.68886066
1.3121631
0.92117252
0.92116365
0.95078177
0.96054973
0.95088597
1.3121119
0.92096827
0.92114549
0.95104068
0.96061365
0.95099315
0.30398143
1.2246647
0.78567403
0.78558161
0.30389308
1.2247071
0.92130579
1.3123323
0.92133135
0.96071842
0.9511539
0.95117342
0.95112121
0.96071809
0.9511737
1.312386
0.92120765
0.92139633
0.98807375
0.97835168
0.97837944
0.98671576
0.94283179
0.98671281
0.98809282
0.97838844
0.97840044
0.98669035
0.94282437
0.98672327
0.97430754
0.98252703
0.97425794
0.94112983
0.95371706
0.95377955
0.95388645
0.94117976
0.95385021
0.98248463
0.97414455
0.97421638
0.97834332
0.98799841
0.97832391
0.94274757
0.98663525
0.98665595
0.9866891
0.9427737
0.98668759
0.98797832
0.9782746
0.97831467
1.3063267
1.3520401
1.3520639
1.3063845
1.3520957
0.98747307
1.0084718
0.9897412
0.94919691
0.98753018
1.0097462
0.98947143
0.94914298
1.0076774
0.83460591
0.83464768
0.83470712
1.0076971
0.83468861
1.3520315
1.306282
1.3063079
1.3519904
1.0084492
0.98734805
0.94900393
0.98953113
0.98944941
0.94902588
0.98731809
1.0096446
0.85352757
1.0172053
0.91082366
0.96251051
0.85346108
1.0163481
0.91067809
0.96248159
1.2551339
1.3075933
1.2551087
1.0172066
0.85354402
0.96236283
0.91053513
0.9106454
0.96239079
0.85412567
1.0171636
1.2550625
1.2550803
0.87231117
0.94690475
0.94691071
0.87228449
0.81435283
0.81436434
1.279167
1.1924114
1.2796141
0.87223417
0.94689411
0.87225658
0.94687761
0.81433469
0.8143009
1.1897029
1.2790926
1.2790892
0.96874647
0.85293048
0.96860216
0.85259214
0.96787983
0.9680703
1.8621459
1.8761327
1.5594996
1.8338676
1.8462995
2.2348012
1.9484534
1.9428489
1.8389779
1.838734
1.5714601
1.5540384
1.8227569
1.8681972
1.0492192
1.2452039
1.0497783
1.2446715
0.55153889
0.47891869
0.55169431
0.4788736
1.0516885
1.2468672
1.2467901
1.0515756
0.5537265
0.48049365
0.4806015
0.55351541
0.56695048
0.52903931
0.56746508
0.52879887
0.68864668
0.71342535
0.68878375
0.71334707
0.56798966
0.52991329
0.52984462
0.56817167
0.68915746
0.71408957
0.71384734
0.68940155
0.30662621
1.2250731
0.78547252
0.306164
1.2250285
0.78550379
0.3069045
0.78592514
0.78583437
0.30648475
1.2250969
0.98900706
1.0099431
0.99006927
0.94955036
0.98908941
1.0100802
0.98991359
0.94949632
1.3531287
1.3075156
1.3530913
1.3075205
1.3530225
1.009893
0.98879112
0.9492784
0.98969947
0.98985823
0.94933285
0.98874523
1.0097647
1.2572295
1.309418
1.3094468
1.257199
1.0178058
0.85513799
0.96270774
0.91117056
0.91131976
0.96274603
0.8551172
1.0177278
1.257138
1.2571606
1.309353
0.81814922
0.81813352
1.2824934
1.1937411
1.2824695
0.87541715
0.9501768
0.87543493
0.95016433
0.81814001
0.81813249
1.1963749
1.2824528
1.2829265
0.86026879
0.97924174
0.9791727
1.189922
1.189195
2.2677298
1.9501589
1.9465033
1.8270482
1.867041
1.5733923
1.8278193
1.8721382
1.1888329
1.1898138
2.2574747
1.945984
2.6592777
1.9458492
1.871016
1.8271745
1.5719711
1.8257592
1.8699587
0.7009519
1.2805186
1.2816097
0.566562
0.70036268
1.2804276
1.2814386
1.0264813
0.79742853
1.0298944
1.2980012
1.2609164
1.2632024
1.260942
1.2984174
1.2633638
0.79735981
1.0264324
1.0298047
1.28033
0.70023888
1.2813302
0.56446698
0.56621804
0.70019036
1.2803816
1.2813678
0.55315588
0.48049675
0.55309117
0.48053161
1.0502315
1.2454727
1.2454376
1.0502376
0.55298273
0.48031154
0.48035489
0.55294558
0.68957339
0.71415085
0.68949712
0.71420958
0.56789977
0.52952
0.52980846
0.56762163
0.68922265
0.71325559
0.71379445
0.6888005
1.3123669
0.92089324
0.92106884
0.95117227
0.96069662
0.95117539
1.3124107
0.92123314
0.92124287
0.95114443
0.96068543
0.95118314
0.30356844
1.2247758
0.78567869
0.7857991
0.3045379
1.2247022
0.92088286
1.3123362
0.92079842
0.96058348
0.95112302
0.95115937
0.95116386
0.96062186
0.95118094
1.3123401
0.92045415
0.92075805
0.9878742
0.97822991
0.97824789
0.98663865
0.94270364
0.98663634
0.9879001
0.97826903
0.97826829
0.98663329
0.94270019
0.9866544
0.97393756
0.98226971
0.97392021
0.94077109
0.95341664
0.95343537
0.95348901
0.94082513
0.95346952
0.98228019
0.97391227
0.97392809
0.97823561
0.98786023
0.97823235
0.94263923
0.9866212
0.98663586
0.98664533
0.94266454
0.9866567
0.98787437
0.97821118
0.97823891
1.3062354
1.351988
1.3519912
1.3062825
0.98709848
1.00961
0.98951166
0.94889201
0.98717748
1.0096483
0.98941815
0.94886169
1.0076524
0.8343762
0.83441127
0.83445631
1.0076605
0.83444465
1.3520082
1.3062377
1.3062779
1.0096275
0.98692788
0.94871127
0.98928312
0.9894018
0.94875501
0.9868829
1.0096364
0.85412252
1.0171249
0.91050394
0.96228862
0.85413545
1.017162
0.91038328
0.96227525
1.2549875
1.2549805
1.0171341
0.85410339
0.96220282
0.91025471
0.91035577
0.96222438
0.8541022
1.017154
1.2549852
1.2549769
0.87210822
0.94682612
0.94681919
0.87208264
0.81422684
0.81423266
1.2795659
1.1922085
1.279549
0.87204089
0.94683216
0.87205779
0.94683509
0.8142181
0.81420868
1.1921775
1.2791526
1.2795854
0.96736917
0.85213867
0.96721388
0.85184742
0.96655798
0.96671893
1.8275033
1.8664664
1.8299403
1.872762
2.257307
1.9477327
1.9474316
1.8715003
1.8284768
1.5710208
1.5719018
1.8262508
1.8701947
1.0501901
1.2456417
1.050139
1.2457004
0.55232921
0.47955537
0.55234262
0.47952719
1.0501597
1.2457935
1.2457182
1.0502182
0.5523644
0.47962649
0.47956494
0.55242451
0.56841538
0.52981077
0.56834652
0.52990392
0.68999846
0.7146021
0.68990182
0.71468965
0.56816383
0.52925386
0.52957544
0.56790005
0.68978393
0.71425081
0.71447539
0.68955378
0.30350338
1.2252652
0.78601278
0.30423045
1.2252544
0.7859967
0.30375365
0.78578924
0.78586113
0.30475902
1.2250593
0.98843374
1.0096356
0.98964611
0.94910999
0.98853714
1.0097276
0.98948833
0.94905247
1.3529029
1.3072888
1.3073067
1.3528924
1.0096124
0.98818156
0.94884765
0.9892947
0.98943702
0.94889423
0.98811261
1.0095731
1.257058
1.3092763
1.3092744
1.2570472
1.0176296
0.85499626
0.96243689
0.91080409
0.91092182
0.96245529
0.85498428
1.0176308
1.2570372
1.3092763
1.257037
0.81816837
0.81814694
1.2824748
1.193709
1.2824689
0.87524689
0.95018258
0.87525947
0.95018837
0.81816612
0.81816271
1.1937398
1.2826008
1.2830417
0.86059477
0.97980554
0.9797249
1.1904046
1.1906505
2.2737198
1.9564396
2.1684918
1.9511754
1.8309305
1.8661717
1.5728939
1.8286988
1.8697146
1.1891796
1.186446
2.2688455
1.9548058
2.1821261
2.6726212
1.9365389
1.8730659
1.8277552
1.5728982
1.5747542
1.8306476
1.8757439
0.70112035
1.2806483
1.2819491
0.56717357
0.70094699
1.2806824
1.2818851
1.0269245
0.79575657
1.0289261
1.296876
1.2597462
1.2617437
1.2618697
1.2970134
1.2627798
0.79394693
1.0247039
1.0273958
1.280384
0.69864349
1.280937
0.69703867
1.2797328
1.280483
0.55317144
0.48044145
0.55325635
0.48029525
1.0504203
1.2461544
1.2460368
1.0505229
0.5519296
0.47861366
0.4789368
0.55177796
0.68792438
0.7125778
0.68806641
0.7124442
0.56627887
0.52773309
0.52800128
0.5660007
0.68786003
0.71216276
0.71243023
0.68762902
1.3120816
0.91960571
0.91991499
0.95112149
0.96040649
0.95110015
1.31217
0.92035266
0.92022703
0.95101505
0.96031536
0.95108029
0.30643071
1.2246923
0.78403783
0.7844413
0.30646968
1.2248874
0.91947121
1.3120579
0.91927761
0.95979276
0.95102675
0.95101621
0.95101372
0.95994152
0.95102361
1.3121046
0.91880865
0.91915412
0.98780009
0.97806937
0.9781373
0.98662183
0.94255689
0.98660531
0.98785153
0.97820674
0.97819033
0.98654307
0.94252226
0.98659826
0.97359286
0.98188958
0.97344455
0.93985276
0.95252658
0.95270769
0.95305076
0.94005521
0.95289812
0.98176396
0.97313278
0.97330172
0.97801171
0.98756267
0.97794034
0.94232435
0.98642297
0.98644437
0.98651614
0.94237322
0.98649105
0.98748201
0.97780693
0.97788353
1.3062584
1.3523072
1.3062871
0.98653496
1.0097802
0.98926535
0.94862616
0.98664206
1.0096692
0.98920219
0.94861524
1.0077033
0.83371484
0.83386683
0.83408822
1.0076775
0.83399735
1.3524302
1.3063732
1.3064616
1.0098798
0.98635542
0.94862181
0.98920153
0.98921068
0.94861271
0.98632944
1.0102186
0.85404908
1.0172457
0.9102377
0.9622007
0.85407249
1.0171805
0.91018117
0.96222119
1.2550599
1.2550997
1.0172974
0.8539555
0.96235594
0.91024201
0.91018495
0.96231139
0.85391892
1.0175245
1.2552243
1.2551527
1.3082735
0.87201026
0.94700811
0.94695093
0.87202405
0.81418189
0.81418846
1.2797926
1.1924074
1.2798854
0.87208655
0.94706987
0.87204709
0.94713563
0.8141643
0.81412848
1.1924112
1.2800413
1.280302
0.96624233
0.85155679
0.96617038
0.85151202
0.96619953
0.96613083
1.8289916
1.8652801
1.8277079
1.8705429
1.5689195
2.2696295
1.9546436
1.9353484
1.8738307
1.8276064
1.5742727
1.8291419
1.8754913
1.0510785
1.2465001
1.0509506
1.2466419
0.55292606
0.47998934
0.55295327
0.47987196
1.0504581
1.2464748
1.2464131
1.0504825
0.55158964
0.47808642
0.47846084
0.55135633
0.56674934
0.52835756
0.56702617
0.52805674
0.68859014
0.71350526
0.6887817
0.71331593
0.56623365
0.52706663
0.52727327
0.5659416
0.6880601
0.71232343
0.71272229
0.68770163
0.30866526
1.2246628
0.78550276
0.3081585
1.2247159
0.7853543
0.30827438
0.78413406
0.7845564
0.30846355
1.2251301
0.98770461
1.0096778
0.98925047
0.94873017
0.98781931
1.0095729
0.98916353
0.94870351
1.3531861
1.3073214
1.3074123
1.3537224
1.0097582
0.98751825
0.94871641
0.98918226
0.98915474
0.94869397
0.98749848
1.0101251
1.2570904
1.3096502
1.3095343
1.2571311
1.0177595
0.85484915
0.9625542
0.9107732
0.910702
0.9624941
0.85481674
1.0180042
1.257257
1.2571834
1.3099725
0.81823747
0.8182192
1.2828064
1.1938929
1.282895
0.87533184
0.95047911
0.87528262
0.95055021
0.81822331
0.81819509
1.1967748
1.2835929
1.2838406
0.861275
0.98106109
0.98084363
1.1860657
1.1942519
2.1792215
1.9802877
2.2371904
2.2026293
1.927691
1.8830225
1.8393046
1.8243182
1.8388615
1.1805771
1.1885654
2.1845151
1.9595728
2.2959298
2.9679686
1.9316393
1.8334442
1.8594865
1.5560545
1.5477376
1.8272769
1.8595192
0.6917918
1.2806062
1.2795996
0.56532186
0.69465181
1.2802621
1.2801678
0.565162
1.0250846
0.79048387
1.0250878
1.2885229
1.2651312
1.2546494
1.2611801
1.2956677
1.2608513
0.79105067
1.0367973
1.0208705
1.2807832
0.694082
1.2822086
0.59011264
0.56952923
0.69273418
1.2895583
1.2836641
0.55016103
0.47739145
0.55056138
0.47690287
1.0503549
1.2411263
1.247109
1.0455783
0.54931534
0.47812133
0.47576591
0.55231694
0.6833418
0.70946919
0.6849783
0.70787982
0.56165498
0.53582993
0.52475005
0.57111506
0.68164578
0.71065249
0.70590825
0.6873039
1.3116661
0.91744282
0.9180961
0.95110277
0.95933795
0.9511786
1.3120798
0.91871116
0.91859659
0.95115025
0.95914501
0.9511884
0.42215911
1.2111435
0.79063178
0.78760369
0.43854933
1.2048113
0.91641462
1.3071206
0.91634795
0.95727817
0.95099873
0.95118524
0.95103445
0.95826823
0.95115551
1.3039615
0.92120819
0.91665119
0.98723543
0.97768857
0.97774267
0.98644461
0.94231575
0.98648036
0.98728416
0.97777829
0.97776682
0.98656011
0.94236113
0.9865527
0.97277552
0.98090505
0.97268752
0.93885602
0.94998771
0.95226414
0.95217317
0.9389889
0.95216537
0.98059297
0.97032548
0.97270821
0.97755093
0.98667195
0.97701277
0.93938808
0.98143117
0.98438309
0.98646235
0.94151218
0.9858591
0.98605748
0.97269579
0.97580731
1.3060955
1.3536637
1.306449
0.98564132
1.0089395
0.98921204
0.94873254
0.98603573
1.0103546
0.98868837
0.9487496
1.0067255
0.83696792
0.82239879
0.83234155
1.0072865
0.83298753
1.3527417
1.3018642
1.2956785
1.3522391
1.0082577
0.9815376
0.94652193
0.98393488
0.98821844
0.94777789
0.97843742
1.0069059
0.85326513
1.0181951
0.91031344
0.96264192
0.85382726
1.017671
0.91060691
0.96277904
1.2550593
1.2544348
1.0181963
0.85358502
0.96099739
0.90300555
0.91058869
0.96228641
0.8446288
1.0149189
1.2507396
1.2527402
1.3074715
0.87248626
0.94794098
0.9478261
0.87253834
0.81372148
0.81372814
1.2808681
1.1922805
1.2815282
0.87165993
0.94786051
0.87243151
0.94696487
0.81337703
0.81394495
1.1878368
1.2715437
1.2794606
0.96690949
0.85165546
0.96735876
0.85030282
0.96293275
0.96663196
1.8842164
1.8397976
1.8238213
1.8388893
1.5530223
2.1854562
1.9599785
1.9319754
1.8333873
1.8587683
1.8269579
1.8606198
1.0501048
1.2464296
1.0499289
1.2468315
0.54981466
0.47690106
0.55018805
0.47643614
1.0503527
1.2415619
1.2474689
1.0456803
0.54897214
0.47776133
0.4753258
0.55207652
0.56113748
0.52456193
0.56301625
0.52288968
0.68338084
0.70959171
0.68498298
0.70804672
0.5609084
0.53536823
0.52412146
0.57062079
0.6818447
0.71105501
0.70627228
0.68752897
0.33009795
1.2249076
0.78238876
0.31793546
1.2255611
0.78199784
0.4251392
0.79082731
0.78791776
0.43938651
1.2052605
0.98686422
1.0101732
0.98918826
0.94884742
0.98724401
1.0102563
0.9889255
0.94889329
1.3535483
1.3028834
1.2967189
1.3530933
1.0095399
0.98282278
0.94707774
0.98531599
0.9885105
0.94814247
0.97975421
1.008235
1.2571169
1.3114132
1.2564993
1.0187182
0.85523178
0.96149747
0.90449547
0.9111706
0.96261799
0.84642072
1.0165735
1.2528216
1.2548113
1.3092643
0.81789909
0.81787794
1.2844821
1.1940936
1.2846748
0.87502019
0.95136909
0.87576779
0.95048926
0.81756685
0.81813865
1.1923767
1.2752636
1.2831463
0.86045269
0.97869296
0.98203721
1.8917799
0.86486667
2.1625103
0.86853464
1.8200697
0.86741329
2.1070463
2.9292928
0.86722281
2.0544941
2.7718343
0.86740277
2.1710163
0.8676719
2.1319766
2.9094475
0.86785471
1.8513316
2.6564331
0.86802941
1.891546
0.86840813
2.127944
0.86977452
1.892302
1.9382
0.85286285
0.85793498
0.86119373
0.86512579
1.9397598
0.85672884
0.86169681
0.86876512
2.1552008
2.064999
0.85822192
0.85774387
0.865039
0.86367481
2.0751503
2.8931612
0.86166993
0.86159369
0.8674934
1.7997986
1.8285049
0.85803947
0.85757382
0.86370519
0.86294582
1.8397428
2.6791664
0.86159811
0.86182282
0.86723103
2.0934325
2.9228415
2.1786591
0.85756412
0.85748443
0.86288589
0.86256429
2.1804961
3.007545
0.86184334
0.86212515
0.86737841
2.0232082
2.7633913
1.9045192
2.6770772
0.85749009
0.85735384
0.86253778
0.86226526
1.9083022
2.6862673
0.86215133
0.8623933
0.86765387
2.1537269
2.9698276
1.8049611
2.6356098
0.85733221
0.85695639
0.86222454
0.86180369
1.7249182
2.6110827
0.86239554
0.8624403
0.86784499
2.1407189
1.8875786
2.6770585
0.85690405
0.85636033
0.8617444
0.86126232
1.897236
2.6816829
0.86241835
0.86231271
0.86801316
1.8539031
1.8594146
2.6664465
0.85628606
0.85577806
0.86120456
0.86097626
1.8749794
2.6685583
0.86227088
0.86203256
0.86833129
1.8740143
1.7281305
0.85600202
0.855381
0.86112
0.86161875
1.7422066
0.86200123
0.86209547
0.86954904
2.1154737
1.8873692
0.85536459
0.85013123
0.86179832
0.85763763
1.8879301
2.6915358
0.86210013
0.8571816
0.86594069
0.80467537
1.0751373
1.0733077
0.81094882
0.59607655
0.51554027
0.48388598
0.61502787
0.7115225
0.69847465
2.1069581
0.78747899
1.2979685
1.2929495
0.8129299
0.98318443
0.93895052
0.94060633
0.98013053
1.0067715
1.0099198
1.6086205
0.86855128
1.6826762
0.80304243
1.0667079
0.80199846
1.0668712
0.60271219
0.48598915
0.60153387
0.48756003
0.70479744
0.70624193
2.1376818
2.8959897
0.79426434
1.2978197
0.79395754
1.2996292
0.98324843
0.94068764
0.98294599
0.94136952
1.0095745
1.0094196
1.6870451
0.86816131
1.6866609
0.80089336
1.0662387
0.80474402
1.0640455
0.6035836
0.49007045
0.60383003
0.48898321
0.70763065
0.70834647
1.9415409
0.7905352
1.2965486
0.79567231
1.2948384
1.2259146
1.2255251
0.98414879
0.94243764
0.98389818
0.94275276
1.0093684
1.0093579
1.6868889
0.8674966
1.6871154
0.80119547
1.0672983
0.80410866
1.0647415
0.60405062
0.48989151
0.60408252
0.48943033
0.70892504
0.70871451
2.1452899
0.79306311
1.2965868
0.79692958
1.2986961
1.2261123
1.22606
0.98438887
0.94298607
0.98434948
0.94300362
1.0093457
1.0093392
1.6872871
0.8674789
1.6874144
0.80482176
1.0655524
0.80093157
1.0665056
0.60251099
0.48819167
0.60181976
0.48869422
0.70768697
0.70717566
1.7961145
2.656858
0.79424073
1.2972351
0.7912699
1.2951874
0.98396686
0.94304989
0.98428198
0.94278062
1.0093082
1.009273
1.6875985
0.86773122
1.6877259
0.80196154
1.0670954
0.8031035
1.0658678
0.60477639
0.49029973
0.60377486
0.49072003
0.7074222
0.70793023
1.8515468
2.658862
0.7915935
1.3000988
0.79817947
1.2988563
1.2252886
1.2253465
0.98339061
0.94201267
0.98342075
0.94187106
1.0091464
1.0090458
1.6879801
0.86796748
1.6883093
0.80107839
1.0655317
0.80186464
1.0643277
0.6039298
0.49120437
0.60505117
0.49013857
0.70852429
0.70834408
1.7770473
0.79072073
1.2979732
0.79373953
1.297537
0.98344507
0.94192731
0.98344746
0.94199372
1.0088467
1.008732
1.6890595
0.86813362
1.6896938
0.80118632
1.0644171
0.80106408
1.0644984
0.60426238
0.49035954
0.60390677
0.49006605
0.70883209
0.70888856
1.8932625
2.6837848
0.79157883
1.2964824
0.79067813
1.2968919
1.2252217
0.98302072
0.94182298
0.98326892
0.9414944
1.0085387
1.0084243
1.6915009
0.86833674
1.6926773
0.80138851
1.0644295
0.80126943
1.0646227
0.60272246
0.48886626
0.6032331
0.48796641
0.70771202
0.70730584
1.8906959
0.79185919
1.2978259
0.7918514
1.2969923
0.98251477
0.94105788
0.98274324
0.9407117
1.008284
1.0082424
1.6949423
0.86896553
1.6963458
0.80299582
1.0672444
0.80215607
1.0699329
0.59611832
0.48672708
0.60133604
0.48204712
0.70534728
0.7001444
2.1301303
2.9200938
0.78797014
1.294372
0.79012649
1.2944151
0.98168133
0.93980708
0.98188301
0.93948401
1.0084447
1.008829
1.6987051
0.87015291
1.6988242
2.0999759
2.9127559
1.8858927
0.81559618
0.58771789
0.77530772
0.78879721
0.56583316
0.57228471
0.78204919
0.65187891
0.48472026
0.45964003
0.66067589
0.80478676
1.0663237
1.0703371
0.8013904
0.65263664
0.45974976
0.45962477
0.65005136
0.6344572
0.76327562
0.74983225
0.64956977
0.59698182
0.48535043
0.4838872
0.60027084
0.63543612
0.75448061
0.75074915
0.63905718
0.70399178
0.69987056
0.85575841
0.85729961
1.6089086
0.86484949
1.682132
2.6549177
2.8145263
0.86543245
1.685607
1.6860114
2.8230346
2.8221603
1.1835849
1.5550964
1.1787633
1.5475106
1.9017208
2.7672318
1.1944046
1.5699399
1.1892129
0.69082113
0.71071633
0.81742231
0.58615718
0.77752892
0.79151857
1.2978255
1.2978551
0.78965671
0.69465574
0.6922054
0.79075757
0.78417093
0.80482171
1.0756953
1.07366
0.81137059
0.65186713
0.48488197
0.45949424
0.66092936
0.80497125
1.0668342
1.0707522
0.80167535
0.65266101
0.45962024
0.45950244
0.65016086
0.5966457
0.51591888
0.48396291
0.61587901
0.63505866
0.76407146
0.75052355
0.65043743
0.59744222
0.48533117
0.4839092
0.60050424
0.63593886
0.75508561
0.75140435
0.63927949
1.3096213
0.95671843
0.95984042
1.3167196
0.71222038
0.69912929
1.3117282
0.96059521
0.96005457
1.3133189
0.70461208
0.70050284
0.98900426
0.93738323
0.9441228
0.98563202
0.98312762
0.94051419
0.94046721
0.98291759
0.98904076
0.94412095
0.94425826
0.98886533
1.0096833
1.0100633
0.85965815
0.86119519
2.6535086
2.8150973
0.86914576
1.6872307
1.6867321
2.8247581
2.8228031
2.1284744
2.8948366
1.5533811
1.5644598
2.14259
0.78722492
0.56730503
0.56692785
0.78670052
0.78709989
0.56640865
0.56833739
0.78511203
0.65209196
0.46038348
0.65082302
0.46188825
0.80263298
1.0662539
1.067653
0.80376172
0.65128658
0.46386884
0.46199927
0.65274266
0.64119323
0.75528879
0.64005041
0.75652625
0.60244399
0.48980621
0.487358
0.60381577
0.64124702
0.75743225
0.75678028
0.64192656
0.70746122
0.70660267
0.85820247
0.85816443
1.6849132
0.86445687
1.6833325
2.8221895
2.8205811
0.86427381
1.6814462
1.6827628
2.817893
2.8197585
1.1872585
1.5526395
1.1942715
2.1525715
2.995405
1.1795717
1.5452058
1.1892135
1.5549596
0.69747737
0.69676866
0.78924924
0.56456778
0.56353105
0.78906177
0.79533224
1.2933597
1.2988881
0.79469807
0.69899427
0.69723099
0.78946375
0.78743267
0.80277564
1.0671999
0.80215533
1.0671689
0.65166166
0.46005286
0.65079018
0.46089646
0.80249032
1.0665364
1.0679396
0.80376084
0.65097353
0.46327764
0.46103217
0.65258955
0.60215173
0.48583791
0.60126929
0.48653998
0.64117289
0.75587815
0.64004685
0.75711551
0.60273944
0.48949318
0.48697153
0.60401236
0.64149802
0.75805281
0.75739216
0.64249165
1.3133405
0.96079318
1.3132991
0.96136441
0.70543014
0.70685166
1.2253689
1.2255133
1.313566
0.96215083
0.96158113
1.3137539
0.7080639
0.70721054
0.98903889
0.94411636
0.98888108
0.94415458
0.98337011
0.94226922
0.94160227
0.98377511
0.98912284
0.94429823
0.94419167
0.98938211
1.0093798
1.0094068
0.86199584
0.86206129
2.8246078
2.8239857
0.86805453
1.6867871
1.6866398
2.82463
2.8242234
1.9042049
1.5654492
1.5687966
2.1772775
2.9662787
0.78698231
0.56780083
0.5631046
0.79030527
0.78735744
0.56576934
0.56387508
0.78908573
0.65033342
0.46442232
0.65379427
0.4631102
0.80091009
1.0656415
1.0643383
0.80219759
0.65028975
0.46336947
0.46302518
0.65154578
0.64241
0.7575428
0.64202594
0.7582721
0.60406164
0.4892552
0.48936522
0.60398289
0.64269592
0.75886393
0.75854033
0.64285011
0.70891477
0.70859517
0.85812585
0.85810469
1.6810287
0.86349023
1.6800867
2.8173938
2.8160288
0.86340346
1.6792368
1.6798006
2.8152362
2.8158153
1.1896173
1.5631509
1.1895864
2.1813911
1.1934897
1.5691765
1.185235
1.5520617
0.69374883
0.6983654
0.78953403
0.56027106
0.79243486
0.79422931
1.2971702
1.2959928
0.79246647
0.69730307
0.69557396
0.78997859
0.56233223
0.56118513
0.79108671
0.80119312
1.0663936
0.80472087
1.0644745
0.65051845
0.46376917
0.65365923
0.46290562
0.80120305
1.065748
1.0648325
0.80208402
0.65046627
0.46287989
0.46273659
0.65136218
0.60429094
0.48991061
0.60418046
0.48942529
0.64299004
0.75820929
0.64264501
0.75897429
0.60437624
0.48887595
0.48937878
0.60374137
0.64316877
0.75959579
0.7592518
0.64297329
1.3139844
0.96229942
1.3138048
0.96250982
0.70826076
0.70903707
1.2259923
1.2261373
1.3140021
0.96256719
0.96254579
1.3138793
0.7096568
0.70930372
0.98963598
0.94434573
0.98948154
0.94440797
0.98421652
0.94296302
0.94283443
0.98432632
0.9896855
0.94446077
0.94443411
0.98974593
1.009357
1.0093722
0.862105
0.8622125
2.8247179
2.8250394
0.86751204
1.6872295
1.6871221
2.8248114
2.8249522
2.1381391
1.5593248
1.8025943
2.6425972
0.78409157
0.56951553
0.78808782
0.78510403
0.56641958
0.56109499
0.79143279
0.65040178
0.46426362
0.65318792
0.4634959
0.79929937
1.0664608
1.0630251
0.80140883
0.64875753
0.46271794
0.46268247
0.65036667
0.64267718
0.75889045
0.64294199
0.75860054
0.60386446
0.4882479
0.4890239
0.6023994
0.64245265
0.75711983
0.75841051
0.64117667
0.70789637
0.70859995
0.85802475
0.8579361
1.6790525
0.86298247
1.6786756
2.8151621
2.8145785
0.8628925
1.6782871
1.6784927
2.813926
2.8142378
1.1847889
1.549726
1.192487
1.8052119
2.6425888
1.1907341
1.5555955
1.1992435
1.5777647
0.69659123
0.70027795
0.7868773
0.79022282
0.78869527
1.2996485
1.2985998
0.79603479
0.69215812
0.70054465
0.78694803
0.56402167
0.5588401
0.79335572
0.80169387
1.0673057
0.80399819
1.0651833
0.65081721
0.46380848
0.65302302
0.46349169
0.79986732
1.0670451
1.0635841
0.80187496
0.64925773
0.46247632
0.4627402
0.65074325
0.60405336
0.48962695
0.60395571
0.48953257
0.64298974
0.75963557
0.64310504
0.75940477
0.60385633
0.48819129
0.48913354
0.60271726
0.64278242
0.75837599
0.75921777
0.64169215
1.3137384
0.96259013
1.3138088
0.96260429
0.70968016
0.70950447
1.226068
1.2257817
1.3137412
0.96273324
0.96263032
1.3136952
0.70884908
0.70938339
0.9898088
0.94448326
0.98977983
0.94449224
0.98440833
0.94308434
0.94302666
0.98435701
0.98983177
0.94448069
0.94450498
0.98977796
1.0093337
1.0093542
0.86238125
0.86249634
2.824686
2.8247946
0.8675415
1.6875508
1.6874479
2.825093
2.8250143
1.7848957
2.1555478
2.9527073
0.78727601
0.56424922
0.78584352
0.78591927
0.56576774
0.5676956
0.78479242
0.65416415
0.462446
0.65023858
0.46408111
0.80455705
1.0665703
1.0670487
0.80188501
0.65374827
0.46351213
0.46408219
0.65102982
0.64098917
0.75686002
0.64072344
0.75671385
0.60290796
0.48981496
0.48905758
0.60334794
0.64131214
0.75709036
0.75680188
0.64206811
0.70740297
0.70738627
0.8579511
0.85785522
1.6782142
0.86268684
1.6780826
2.8140006
2.8137047
0.86260421
1.6778802
1.6780123
2.8137132
2.8137695
1.1925124
1.5641286
1.1890063
2.1681283
2.9600397
1.1950298
1.1835759
1.5501698
0.69765285
0.69601696
0.78921313
0.56252597
0.78908952
0.79556817
1.2987959
1.2951612
0.7931103
0.69906032
0.69621274
0.78812619
0.56380909
0.78774701
0.80443574
1.0660724
0.80119075
1.066165
0.65376735
0.46193595
0.65038937
0.46330209
0.8043558
1.0669494
1.0669312
0.80221266
0.65350127
0.46330489
0.46339634
0.65127092
0.60269201
0.4874404
0.60214647
0.48810568
0.64162995
0.75808332
0.64121353
0.75796182
0.60284204
0.48926461
0.48858594
0.60450799
0.64200543
0.75860981
0.75814201
0.64328434
1.3135749
0.96274594
1.3137751
0.9625013
0.70862504
0.70836717
1.2254891
1.2254873
1.3135538
0.96183499
0.96235735
1.3132407
0.70852044
0.70841652
0.98948669
0.94447382
0.98973549
0.94439833
0.98383382
0.94211826
0.94262693
0.98347736
0.98939774
0.94427075
0.94437565
0.98913843
1.0091841
1.0092665
0.86269594
0.86280666
2.8249691
2.8251735
0.86780761
1.6878396
1.687707
2.8251405
2.8250886
1.8498518
2.6468457
2.1466323
2.9542845
0.78419175
0.56790054
0.78659227
0.78846897
0.56332959
0.56732359
0.78463391
0.65145098
0.46419196
0.65224289
0.46482315
0.80278227
1.0647825
1.0666282
0.80098804
0.65211367
0.46521041
0.46536096
0.65079515
0.64330361
0.75718599
0.64243122
0.75809308
0.60511749
0.49126038
0.49134319
0.60517648
0.64355133
0.75861398
0.75834048
0.64362919
0.70847859
0.70815989
0.85769316
0.85756105
1.6777327
0.86231341
1.6774146
2.8134819
2.8128758
0.86220802
1.6767737
1.6772823
2.8124227
2.8129789
1.1898648
1.5529797
1.1980306
2.1532297
2.9351218
1.1956908
1.1873142
1.5527227
0.69535308
0.70096045
0.78643205
0.78867565
0.79497012
1.2968957
1.2971212
0.79028265
0.69918512
0.69438542
0.79075343
0.78658438
0.80240811
1.0674796
0.80348723
1.0663541
0.65180883
0.46406073
0.65255018
0.46488694
0.80326396
1.0651551
1.0672178
0.80112838
0.65248248
0.46424818
0.46529591
0.65075719
0.60535266
0.48998405
0.60497834
0.49131699
0.64392419
0.75870235
0.64364108
0.75882716
0.60542916
0.49002253
0.49173253
0.60451834
0.64390179
0.75842441
0.75883
0.64310322
1.3128974
0.96171584
1.3130905
0.96147807
0.70854046
0.70862573
1.2250969
1.3128795
0.96145186
0.96145818
1.3128447
0.70842055
0.70865381
0.98904357
0.94424996
0.9891091
0.94413718
0.98342027
0.94191524
0.94188354
0.98345349
0.98905348
0.94398496
0.94410932
0.98902192
1.0088998
1.0090248
0.86285465
0.8629354
2.82537
2.8259679
0.8680313
1.6888005
1.6883448
2.8264024
2.8258593
1.7884306
2.6523217
1.9176796
1.5707328
1.5717031
0.78681026
0.56494477
0.56454914
0.78904568
0.78842502
0.56481388
0.78875331
0.65121992
0.46536691
0.65157718
0.46472483
0.80124713
1.064596
1.0644298
0.80129884
0.65141361
0.46466516
0.46460195
0.65152301
0.64271671
0.75862354
0.64355028
0.75796457
0.60378949
0.49037253
0.48998205
0.60380675
0.64259175
0.75853084
0.75789028
0.64266125
0.7086989
0.70831127
0.85718591
0.857031
1.6764853
0.86179225
1.6757667
2.8120271
2.8115811
0.86167833
1.6741346
1.6753823
2.8092235
2.8111765
1.191213
1.1963116
1.5744361
2.0952515
2.8846146
1.1963677
1.1871084
0.69447326
0.69725641
0.79047688
0.5610491
0.79096361
0.79426652
1.2986238
1.2962612
0.79261208
0.69837231
0.69648149
0.79053092
0.56247071
0.78823556
0.80133491
1.0650787
0.80115444
1.065268
0.651048
0.46391329
0.65077195
0.46364884
0.80284459
1.0652559
1.0666136
0.80167321
0.65240195
0.46462559
0.46433895
0.65163323
0.6036461
0.48962852
0.60420986
0.48902492
0.6423365
0.75825379
0.64280723
0.75811582
0.60396311
0.49044405
0.4896726
0.6046277
0.64259674
0.75898126
0.75830405
0.64328287
1.3130387
0.96148997
1.3128897
0.96157201
0.70831794
0.7083099
1.3130612
0.96152208
0.96160102
1.313043
0.70903223
0.70847728
0.98896563
0.94395351
0.9890198
0.94382756
0.98345983
0.94192853
0.94203166
0.98335511
0.98896683
0.94366079
0.9438003
0.9888526
1.0085947
1.0087148
0.86281076
0.86286977
2.826789
2.8271936
0.86819483
1.691089
1.6899482
2.8294791
2.8275742
1.8785937
2.6743969
1.5706348
1.8573307
1.5726955
0.78883779
0.56466994
0.5647612
0.78879273
0.78978401
0.56435508
0.78921278
0.65144529
0.46457968
0.65133669
0.46462271
0.80106873
1.0642776
1.0643708
0.80101012
0.65134995
0.46389849
0.46444326
0.65131337
0.6431963
0.75870599
0.64291045
0.75882281
0.60423714
0.48923912
0.49000709
0.60353478
0.6429889
0.7575907
0.75871941
0.64229947
0.70795638
0.70879095
0.85652534
0.85643318
1.6736888
0.86129382
1.6724673
2.8088178
2.807488
0.86124654
1.6707461
1.6719831
2.8050901
2.8069557
1.1942235
1.5718449
1.1937931
1.5693698
1.8708835
2.6644371
1.194126
1.1946204
0.69534486
0.69447953
0.79182919
0.56020075
0.79191663
0.79095692
1.2967423
1.2967781
0.79116326
0.69471234
0.69481418
0.79247633
0.55997258
0.79220879
0.80065911
1.0645677
0.80094274
1.0643973
0.65077312
0.46422975
0.65101721
0.46410263
0.80060152
1.0644005
1.064327
0.80076671
0.65075555
0.46361237
0.46396835
0.65098753
0.60492871
0.49034594
0.60474478
0.49010162
0.64367058
0.75914778
0.64342829
0.7593497
0.60487125
0.48927682
0.49001092
0.60411856
0.64359899
0.75872585
0.7592948
0.64286109
1.312877
0.9614611
1.3130605
0.96117698
0.70916241
0.70928883
1.2252244
1.2249458
1.3128602
0.96090462
0.96110543
1.3126996
0.70866357
0.70922434
0.98859173
0.9436166
0.9888006
0.94344656
0.98295848
0.94115298
0.94140896
0.98280009
0.98854363
0.94324499
0.94340279
0.98839651
1.0083188
1.008406
0.86259127
0.8625541
2.8298751
2.8312172
0.86837328
1.6944646
1.6930734
2.8338905
2.8317779
1.8897015
2.6756175
1.5703823
1.8562578
0.78976387
0.56493908
0.56477317
0.7901123
0.78912307
0.56373637
0.56420204
0.79066299
0.65149765
0.4636815
0.65154978
0.4628311
0.80104551
1.0662084
1.0644952
0.8019867
0.65107258
0.46148558
0.46234426
0.6513535
0.64155544
0.75737787
0.6420246
0.75710023
0.60266243
0.48743904
0.48772743
0.60221541
0.6414807
0.75657812
0.75738286
0.64081518
0.70626086
0.7072899
0.85593038
0.855887
1.6703881
0.86131883
1.6696792
2.804755
2.803567
0.86140974
1.6697796
1.6695174
2.8035771
2.8033255
1.1958063
1.5724037
1.1933234
1.8654004
2.6738293
1.1908961
1.5715006
1.1965559
0.6954812
0.69537845
0.79241728
0.56046897
0.56061969
0.7925423
0.79129283
1.2946223
1.2982247
0.78842521
0.69480543
0.69256153
0.79201955
0.79316414
0.8013827
1.0645927
0.80107978
1.0649479
0.65141973
0.46347834
0.65129158
0.46243519
0.80099289
1.0662906
1.0647914
0.80165743
0.65095312
0.46069343
0.46196692
0.65098936
0.60316334
0.48901484
0.60384839
0.4875429
0.64196454
0.75850211
0.64258043
0.75800824
0.60304221
0.48616097
0.48759927
0.60191644
0.64182476
0.75669116
0.7578717
0.6406624
1.3124715
0.96084638
1.3126652
0.96054869
0.70843506
0.70785739
1.3124939
0.96004919
0.96043884
1.3125257
0.70639004
0.70767319
0.98816486
0.94320151
0.98836355
0.94302191
0.98240281
0.94000086
0.94056545
0.98200023
0.98808454
0.94285638
0.94297243
0.9878096
1.0083625
1.0082567
0.8623868
0.86247306
2.8343761
2.8363181
0.8691646
1.6981852
1.6967839
2.8383916
2.8369287
2.1277298
2.9142578
1.5541126
1.553867
2.1602001
0.78733483
0.56502123
0.5669635
0.78407759
0.81684902
0.58637597
0.57079656
0.77682037
0.65124926
0.46089663
0.65122756
0.45814587
0.80349413
1.0749237
1.0729614
0.81070364
0.65110141
0.48261759
0.45792815
0.66104992
0.63494828
0.75568898
0.63993878
0.75087412
0.59511722
0.51313575
0.4817421
0.61500206
0.63387863
0.76239304
0.74960151
0.64986599
0.71026104
0.69828551
0.85476883
0.85319111
1.6700627
0.86206435
1.6697712
2.8041107
2.8022245
0.86144474
1.5914395
1.665626
2.6336613
2.7942731
1.1839136
1.5530164
1.1833967
2.1742639
2.9755216
1.1834568
1.555811
1.1793307
1.5464086
0.691968
0.69413551
0.7902228
0.56031618
0.56246392
0.78690592
0.78762193
1.2974689
1.2938745
0.8125686
0.69146126
0.71121759
0.81913259
0.77974811
0.80277435
1.0673421
0.80185492
1.0701099
0.6509896
0.46010811
0.65089484
0.45748446
0.80323282
1.0753387
1.0730881
0.81075608
0.65080996
0.48212512
0.45725691
0.66104132
0.5956641
0.48547571
0.6009718
0.48140206
0.63474998
0.75580465
0.63973432
0.75112944
0.59466661
0.51273714
0.48109283
0.61437539
0.63370544
0.76284351
0.74992994
0.6495993
1.3112664
0.95992458
1.3125756
0.95941339
0.70549034
0.7003873
1.2173926
1.2683871
1.3092763
0.95549252
0.95918605
1.3159477
0.7106681
0.69856808
0.98766002
0.94286912
0.98776285
0.94297497
0.98162319
0.93728891
0.9395056
0.97838753
0.98757291
0.93620213
0.94287052
0.98403917
1.0056716
1.0087376
0.86154616
0.86009342
2.8387162
2.8375232
0.86960449
1.6217148
1.6948334
2.6694931
2.8300498
2.8235162
2.9318161
2.1025564
2.6680129
0.92506673
0.94904419
0.95122295
0.9220029
0.8557121
0.8654669
2.8992341
2.7965379
2.1139622
2.8726138
0.92696311
0.9543549
0.92705691
0.95430699
0.85920824
0.86832644
2.9404167
2.8307516
2.1120498
2.6559521
0.92655738
0.95409314
0.92658504
0.95408225
0.8588665
0.86736834
2.6542984
2.6845829
1.8177864
2.8233625
0.92645184
0.95404013
0.92645974
0.95404075
0.85897602
0.86724188
2.6243879
2.6226604
1.7380707
2.7078616
0.92644615
0.95403938
0.92644348
0.95404741
0.85929004
0.86745045
2.9744862
2.8758328
2.1642255
2.8759352
0.92640004
0.95401218
0.92641638
0.95399596
0.85964536
0.86771023
2.9841239
2.8676042
2.1562365
2.8009803
0.92622831
0.95380394
0.92625152
0.95377833
0.8599744
0.86788595
2.963794
2.8536607
2.1667276
2.6562656
0.92604733
0.95356509
0.92606977
0.95353765
0.86032935
0.86807044
2.8566972
2.9668038
2.1631379
2.6545438
0.92596152
0.95334722
0.92595468
0.95333539
0.86073948
0.86851402
2.9025238
2.7833111
2.1185766
2.7878545
0.92648925
0.95351217
0.92637743
0.9535387
0.86149567
0.86999058
2.9267389
2.8211135
2.0897651
2.6704842
2.6553207
2.6549019
1.7979572
2.6983506
0.9602939
0.98618547
0.9858187
0.9639848
0.96790631
0.9894556
0.98957964
0.96802459
0.92215075
0.94617887
0.94838331
0.91905867
1.1828836
0.8505036
0.92440625
0.95163287
0.95163666
0.92431149
0.8578615
1.1914482
0.85230365
0.86190952
0.865318
0.85592428
2.6579166
2.6547789
1.8072607
2.6971061
0.96289946
0.98885287
0.9884648
0.96660375
0.97042786
0.99201929
0.99215894
0.97052872
1.1861211
0.85412061
0.92726964
0.95439629
0.92716043
0.95441635
0.86172781
1.1946173
0.86901679
0.85926308
2.8897824
2.791028
2.0977774
2.8701929
2.6264841
2.6359207
1.7299299
2.7747287
0.96808857
0.98929512
0.9680691
0.98913259
0.96823925
0.98847746
0.98855762
0.96825993
0.92413908
0.95160279
0.92421848
0.95156952
1.1940414
0.85826796
0.92386652
0.9514177
0.9514383
0.92383061
0.85774455
1.1907841
0.85584278
0.8648601
0.86379738
0.85503968
2.6332737
2.6409879
1.7421037
2.7778447
0.97056434
0.99184433
0.9916688
0.97055789
0.97067984
0.9909732
0.99105703
0.97069766
1.1945386
0.86164018
0.92665831
0.95411211
0.92661833
0.95413798
0.86167523
1.1939528
0.86764064
0.85888482
2.9432678
2.8392178
2.1047363
2.6545492
2.6808083
2.6866743
1.8894175
2.6515075
0.96830521
0.98840519
0.96828042
0.98834732
0.96842995
0.98811944
0.98815173
0.96844023
0.92376935
0.95139756
0.92379615
0.95138634
1.1933737
0.85812473
0.92365302
0.95130678
0.95132312
0.92363348
0.85767587
1.1903493
0.85499715
0.86365744
0.86306577
0.85444346
2.6868102
2.6789955
1.904472
2.654223
0.97075176
0.99090038
0.99084674
0.97071846
0.97090421
0.99065836
0.99068164
0.97092173
1.1938923
0.86163252
0.92648141
0.95404475
0.92646961
0.9540539
0.86188444
1.1937015
0.86729716
0.85895483
2.6727495
2.6485871
1.8010979
2.8190122
2.8906289
2.9813204
2.1701434
2.912531
0.96846981
0.9880911
0.96845192
0.9880722
0.96852117
0.98799548
0.9880011
0.96853064
0.92359906
0.95129155
0.92361342
0.9512849
1.190314
0.85764837
0.92354427
0.95124222
0.95124549
0.92354166
0.85750363
1.1901539
0.85438409
0.8628923
0.86261123
0.85403417
2.986049
2.8954509
2.1792339
2.9164842
0.97096683
0.99063904
0.9906291
0.97094106
0.97104221
0.99058334
0.99058687
0.97105133
1.1936825
0.86189036
0.92644097
0.95403492
0.92644134
0.95403689
0.86218081
1.1936878
0.86740866
0.85925025
2.6194291
2.6196827
1.7314084
2.7048289
2.655735
2.6584636
1.8404259
2.6533044
0.96854964
0.98799232
0.9685393
0.9879938
0.9685905
0.98798121
0.98799307
0.96858347
0.92354161
0.95124181
0.92353936
0.95124833
1.190144
0.85757838
0.92352364
0.95122813
0.95124213
0.9235121
0.85739532
1.1900449
0.85399656
0.86256686
0.8623215
0.85366296
2.6592308
2.6597311
1.8423387
2.6552388
0.97107992
0.99058498
0.99059009
0.97106637
0.97112379
0.99057518
0.99059151
0.97110736
1.1936874
0.86220312
0.92644392
0.95402996
0.92643134
0.95404783
0.86246853
1.1937469
0.86768627
0.85960884
2.8704043
2.9691999
2.1585283
2.8707072
2.6866306
2.6593137
1.9212582
2.6477458
0.96854868
0.98796324
0.96856538
0.98794844
0.96838319
0.98778854
0.98781928
0.96833849
0.92348223
0.95121039
0.92349589
0.9511974
1.1900276
0.85738982
0.92337378
0.95104004
0.95107138
0.9233494
0.85703075
1.1898324
0.85360916
0.86223595
0.86188071
0.85310594
2.7110035
2.8136903
2.0300339
2.6334081
0.97106357
0.99055429
0.99053629
0.97108429
0.9708847
0.99036601
0.99039793
0.97083916
1.1937393
0.86242068
0.92630049
0.95383333
0.92627544
0.9538673
0.86254111
1.1937179
0.86788693
0.85993789
2.8502541
2.9450357
2.0965386
2.765414
2.9688495
2.8660732
2.1504328
2.6559523
0.96825638
0.98775872
0.96829439
0.98773658
0.96801144
0.98760075
0.98762219
0.96795159
0.92330159
0.95100849
0.92332281
0.95098479
1.189805
0.85693321
0.92318527
0.9508105
0.95084247
0.92316165
0.85645652
1.1896018
0.85302577
0.86173979
0.86134098
0.85235749
2.8306584
2.9380864
2.1493393
2.6544907
0.97076257
0.99033667
0.99031435
0.97079801
0.97051391
0.99016802
0.9901894
0.97045716
1.1937032
0.86242063
0.92611691
0.95359497
0.92609252
0.9536292
0.86243361
1.1936698
0.86805123
0.86028917
2.9580935
2.847874
2.1586468
2.6497606
2.9597511
2.8500213
2.1570055
2.6565718
0.96785043
0.98758285
0.96789725
0.98757557
0.96756172
0.98760693
0.98758889
0.96749082
0.92311563
0.95077745
0.92313564
0.95075225
1.1895818
0.85629194
0.92303041
0.95059271
0.95061787
0.92302261
0.85585628
1.1895634
0.8522598
0.86120379
0.86099154
0.85163802
2.9656699
2.8517088
2.1633317
2.6594199
0.97036294
0.99015147
0.99014408
0.97040806
0.97005363
0.99015686
0.99014241
0.96997695
1.193659
0.86225345
0.92596446
0.95336787
0.92595571
0.95339593
0.86207912
1.1937239
0.86828065
0.86067517
2.9608605
2.8556772
2.1564591
2.6533878
2.9010843
2.7923503
2.1127689
2.6402756
0.96736916
0.9876351
0.96742359
0.98768475
0.96719753
0.98838539
0.9882211
0.96717812
0.92302628
0.95056991
0.92301801
0.95056061
1.1922186
0.85602268
0.92322602
0.95066898
0.95063409
0.92330529
0.85546474
1.1899003
0.85161279
0.86119536
0.86149798
0.85150443
2.9085139
2.7966725
2.1263345
2.6434361
0.96984887
0.99018163
0.99022934
0.96990519
0.96968431
0.99094935
0.99077812
0.96966988
1.1937519
0.86199027
0.92618781
0.95347063
0.92627451
0.95342874
0.86214537
1.1942715
0.86937644
0.86141085
2.8979505
2.7819062
2.1171633
2.7850109
2.9048743
2.7792249
2.076107
2.655953
0.96704739
0.98854751
0.96713793
0.98869081
0.9596198
0.98541126
0.98504522
0.96331887
0.92349893
0.95069793
0.92339564
0.9507154
1.1899448
0.85536467
0.92126281
0.94531323
0.94752577
0.91815889
0.84758278
1.181319
0.85154879
0.86200876
0.85831454
0.84758918
2.9106507
2.7812152
2.0890219
2.6538694
0.96955436
0.99111923
0.99127325
0.96963568
0.96219725
0.98810223
0.98770389
0.96591891
1.1943299
0.8620552
0.92434024
0.94825991
0.9504331
0.92127725
0.85458256
1.1858429
0.86654234
0.8580976
1.0534157
0.80279632
1.0670948
1.2492745
1.250366
1.0684899
0.80085488
1.0546275
0.56042058
0.5980652
0.49979736
0.55201006
0.52331307
0.48772141
0.60588056
0.58373013
0.38119644
0.703052
0.7739133
0.78350587
0.69882203
0.40429912
2.2351555
2.2464483
2.6661845
2.662088
1.7906828
2.8177564
2.1507361
1.023426
0.78801918
1.0238852
1.2861778
1.2654022
1.2537904
1.2596022
1.2943566
1.2601352
0.78894316
1.0367163
1.0198483
0.97472389
0.98308861
0.97483031
0.94082768
0.95234402
0.95448674
0.95396768
0.9407377
0.95418794
0.98285935
0.97271149
0.97500508
1.0085568
0.83882606
0.82428994
0.83423486
1.0091299
0.83488502
1.34595
1.018844
0.90932575
0.91145655
1.0192256
0.87367165
0.94821335
0.95119346
0.86965686
0.92642929
0.95373558
0.95269935
0.92720054
0.95324814
1.6475811
0.86713325
0.85907663
1.6711342
0.97872942
0.80248537
1.0506109
1.2456704
1.0654891
0.80246601
1.0500442
1.2457594
1.0649237
0.60259819
0.56651498
0.52683907
0.48699006
0.60223589
0.56534072
0.52821814
0.48748652
0.3126002
0.78257148
0.70541359
0.31288921
0.78400054
0.70587041
2.2134831
2.2177941
2.6108942
2.6348946
1.730957
2.7896986
2.2983841
0.79155025
1.0283619
1.0255566
1.2635202
1.2997478
1.2636111
0.79403273
1.0286169
1.0283877
1.2634057
1.2978752
1.2608533
0.98314827
0.97472923
0.97459006
0.95356517
0.94092423
0.95376043
0.98305017
0.97430191
0.97445464
0.95413482
0.94116801
0.95396979
1.354508
1.3549454
0.83550034
1.009517
1.3547115
0.8356481
0.83580532
1.0094777
0.83575616
1.0187057
1.3109089
0.91179215
1.0187863
0.91177094
0.87609001
0.95135204
0.87617401
0.95122702
0.92687579
0.95421151
0.9542555
0.92680305
0.97722661
1.6867971
0.8681816
0.85910164
1.6866223
0.97678213
0.80253513
1.0483172
1.2457631
1.0663702
0.80415769
1.0516303
1.2431296
1.0655883
0.60344263
0.56754802
0.52991044
0.48952222
0.60341569
0.56754718
0.52942149
0.48926491
0.30676574
0.78536032
0.70782787
0.30954307
0.78577445
0.70806934
2.1778049
2.6570405
2.6448215
1.8093392
2.6852033
2.1517613
0.79259809
1.0244046
1.0263999
1.2616453
1.2933997
1.2607129
0.79496058
1.0282537
1.0276577
1.2590633
1.297156
1.2610229
1.225634
0.98409766
0.97583795
0.97577778
0.95508606
0.9425901
0.9552386
0.98402932
0.97555058
0.97570298
0.95540186
0.94269903
0.95534863
1.3539326
0.83606756
1.0093785
1.3539533
0.83612061
0.83616052
1.0093834
0.83616031
1.0184031
1.3100396
1.3100787
0.91179019
1.0184224
0.91179715
0.87575394
0.95066654
0.87577991
0.95061883
0.9265306
0.95405929
0.95407006
0.92651055
0.97655366
1.6869122
0.86737781
0.85894788
1.686956
0.97666997
0.80463164
1.0485992
1.2457127
1.0686199
0.80546775
1.0511611
1.2434199
1.068664
0.60420578
0.56758039
0.52922274
0.4898747
0.60423376
0.56730946
0.5295993
0.48989991
0.3008002
0.78601038
0.70889443
0.30206665
0.78590127
0.70881769
2.8296183
2.9249599
2.1181564
2.8078027
2.2395244
0.79754828
1.0274326
1.0306224
1.2628874
1.2996767
1.2645126
0.79848475
1.0296675
1.0311229
1.2624038
1.2982087
1.2640644
1.2260878
1.2260441
0.98439222
0.97609659
0.97610984
0.95564838
0.94301703
0.95567973
0.9843938
0.97608234
0.97612641
0.95565378
0.94302569
0.95568525
0.83622913
1.0093574
1.3538413
0.83624351
0.83621125
1.009364
0.83624745
1.0183162
1.3099022
1.3099042
0.91185066
1.0183174
0.91185697
0.87566739
0.95039089
0.87567648
0.9503776
0.9264417
0.95402935
0.95403615
0.92643515
0.97691117
1.6872573
0.86730849
0.85915012
1.6872617
0.97716166
0.80372588
1.0511634
1.2436692
1.0655369
0.80199326
1.0484313
1.2453015
1.0661112
0.60173267
0.5661374
0.52764486
0.48812282
0.60155914
0.56565794
0.52845355
0.48806547
0.30927425
0.78567291
0.70730099
0.30615578
0.7853989
0.70718982
2.1517675
2.7529755
2.874478
2.0654923
2.6430431
2.1765371
0.79353619
1.0264345
1.0262566
1.2605772
1.2965994
1.2595917
0.79078956
1.0254093
1.0245318
1.2599399
1.2945669
1.2600915
1.2256444
0.98410733
0.97566834
0.97582493
0.95560646
0.94301042
0.95554949
0.98422047
0.97601096
0.97595192
0.95529092
0.94293403
0.9554594
1.3537671
0.83615393
1.0093091
1.353753
0.83616096
0.8361198
1.0093097
0.83615698
1.0182583
1.3098022
1.3098125
0.91190084
1.018271
0.91189878
0.87568001
0.95031898
0.87567935
0.95031902
0.92644414
0.95404604
0.95404778
0.9264436
0.97754169
1.6875774
0.86754123
0.85950331
1.687592
0.97781983
0.80236829
1.0489845
1.2450583
1.0670264
0.8032257
1.050177
1.2439739
1.0664197
0.60417777
0.56863702
0.53001696
0.49014352
0.60402675
0.56804743
0.53044802
0.4903508
0.30254155
0.78485648
0.70748737
0.3052549
0.78485436
0.70764337
2.1675565
2.2870676
2.6815557
2.6611724
1.8939605
2.6488917
2.2857727
0.79280754
1.0256684
1.0265748
1.2652502
1.2995027
1.2648028
0.79790214
1.0313647
1.0309808
1.2610534
1.2985601
1.2615448
1.2252816
0.98339498
0.97497666
0.97498344
0.95455687
0.94195927
0.95453
0.98341677
0.97502536
0.97501759
0.95448801
0.94191872
0.95451459
1.3535092
1.3535729
0.83598591
1.0091271
1.3535435
0.83597654
0.83591162
1.0091012
0.8359604
1.0180809
0.91179082
1.018105
1.3097199
0.91175766
0.87565054
0.95027382
0.87566667
0.95026766
0.92637789
0.95394378
0.95397211
0.9263564
0.97818029
1.6880373
0.86778969
0.85984343
1.688117
0.97844572
0.80336551
1.047768
1.2437026
1.067832
0.80369196
1.0487476
1.2426902
1.0678234
0.60417793
0.56782764
0.53093468
0.49106501
0.60479652
0.56865289
0.52990802
0.49061985
0.30364175
0.78532222
0.70854186
0.30245737
0.78545837
0.70849582
2.1780949
2.2219611
2.7020869
2.6795157
1.9611392
2.6540031
0.79230982
1.0245762
1.0259362
1.2619538
1.2979824
1.2636166
0.79659229
1.0272958
1.0297458
1.2599084
1.2975711
1.2608389
0.98345389
0.97510644
0.97510573
0.95459593
0.94196135
0.95462833
0.98346714
0.97508537
0.97511743
0.95465519
0.94198977
0.9546546
1.3532136
0.83573101
1.0088177
1.3532494
0.83570409
0.83562328
1.008788
0.83567675
1.0178596
0.9114634
1.017884
1.3095054
1.3094705
0.91141458
0.87550392
0.95019568
0.87552799
0.95019227
0.92620057
0.95371467
0.95374735
0.92617558
0.97878732
1.6891987
0.86795987
0.86017516
1.68936
0.97902794
0.80334269
1.0478632
1.2426822
1.067841
0.80323034
1.0477142
1.2428271
1.0679223
0.60418458
0.56812954
0.5295966
0.48994216
0.60405057
0.56769674
0.52999794
0.49011253
0.30269432
0.78588433
0.70890196
0.30335725
0.78592456
0.70892678
2.2618639
2.1774068
2.9706996
2.8605839
2.1674099
2.6622821
0.79541807
1.0251225
1.0284112
1.259365
1.2973622
1.2623
0.79493739
1.0242801
1.0281003
1.2600537
1.2968671
1.262344
0.98311099
0.97465284
0.97475697
0.95449318
0.94172755
0.9544033
0.9832052
0.9749456
0.9748728
0.95418267
0.94162455
0.95430711
0.83540039
1.008509
0.83535656
1.3529811
0.8352374
1.0084803
0.83531001
1.0176598
0.91106815
1.0176785
1.3092942
0.91101571
0.87532859
0.95015891
0.87535439
0.95016354
0.92602022
0.95347248
0.95350449
0.92599809
0.97936384
1.6918093
0.86815589
0.86053695
1.6921639
0.97958973
0.80369813
1.0483531
1.2430704
1.0680322
0.80367057
1.0480431
1.2435021
1.0680378
0.60280341
0.56649104
0.52888075
0.48862839
0.60297006
0.5670585
0.52821695
0.4883397
0.30743092
0.78542335
0.70752928
0.30677674
0.78495175
0.70739726
2.1681677
2.2642994
2.969326
2.8647127
2.1692973
2.6627046
2.1663262
0.79649309
1.0255436
1.0295805
1.2606934
1.2978296
1.2632407
0.79616718
1.0255603
1.0292282
1.2605483
1.2981134
1.2636001
0.98262236
0.97406092
0.97418475
0.95381366
0.94097573
0.95375226
0.98270536
0.97433541
0.97428961
0.95352279
0.94087112
0.95366767
1.3529142
0.83499092
1.0082764
0.8349461
1.3529615
0.83478284
1.0082715
0.83488486
1.0176859
0.91074408
1.0176597
0.91072005
0.87522393
0.95026306
0.87522413
0.95030613
0.92597321
0.95333228
0.95332729
0.92600133
0.97999874
1.6953293
0.86867966
0.86106443
1.6957638
0.98045984
0.80211648
1.0511124
1.2458632
1.067534
0.80203672
1.0499243
1.2477507
1.0679919
0.59806574
0.55981309
0.52693382
0.4855349
0.59993548
0.56509818
0.52203164
0.48343161
0.35015115
0.78292646
0.70403608
0.31028459
0.78221565
0.70227575
2.2385334
2.2025779
2.6239412
2.6453781
1.7390603
2.8189403
2.2065939
0.78660389
1.0234459
1.0221487
1.2600017
1.2940372
1.2597158
0.78922107
1.0247139
1.0241464
1.2597782
1.2954468
1.2588409
0.98175867
0.97314969
0.9731797
0.95267215
0.93966774
0.95256688
0.98182104
0.97331194
0.97323792
0.95249051
0.93956665
0.95252306
1.3544311
1.3539816
0.83413354
1.0085844
1.354262
0.8339507
0.83353185
1.0087507
0.83369895
1.0185552
1.3113303
0.91093538
1.0183277
0.91105814
0.8756712
0.95091281
0.87556374
0.95109756
0.92658989
0.95333804
0.95350385
0.92661462
0.98159114
1.6991367
0.87013556
0.86159644
1.6994233
0.9828208
2.2473776
2.6613559
2.6642637
1.7784872
2.8156249
2.1524894
1.8629537
1.5476286
1.5651359
1.835013
2.925897
2.8259631
2.1062121
2.6976132
2.1703205
2.1916324
1.836353
1.5717901
1.5509384
1.869663
0.75948789
0.79058079
0.56654897
0.78786255
0.56992727
0.78342091
0.54999398
0.65054301
0.47131577
0.48322483
0.47616507
0.46203289
0.65152199
0.55913105
1.0527328
0.80406816
1.0670649
1.245475
1.2486842
1.0693846
0.80223667
1.0496536
0.55097394
0.65210782
0.45951903
0.47679556
0.47706484
0.45961075
0.65068175
0.54985506
0.68074127
0.63590297
0.75675697
0.71566233
0.70515555
0.75109293
0.6423456
0.69330691
0.56113604
0.59834441
0.48489098
0.52624836
0.52366503
0.48450791
0.59919208
0.56431869
0.68173616
0.63681079
0.75344194
0.70972182
0.70609077
0.75217355
0.63798883
0.68535065
0.34717012
0.70291792
0.78194926
0.78162263
0.7015342
0.31412564
1.3524468
1.3530143
1.3447207
1.0091089
0.98715233
0.98833769
1.0077013
1.3544732
1.3540599
1.3543374
1.0112396
0.99002238
0.98996289
1.0112493
1.0170428
1.3094
1.3081647
0.9078354
0.90997662
1.0174202
1.2454054
1.3082254
1.3004829
1.2488189
0.96337509
0.98874891
0.96538215
0.98745977
1.0176349
1.3103687
0.91052041
0.91061043
1.0174289
0.96754632
0.98939155
0.96689909
0.98958267
1.256192
1.3098198
1.3101279
1.2562504
0.87059286
0.94508144
0.94808517
0.86655007
0.9235256
0.95091817
0.94986907
0.92430676
1.2796437
0.81626295
0.8066841
0.8534851
1.1916496
1.281885
0.92448627
0.95137109
0.95157124
0.92448553
0.87335225
0.94847291
0.94865122
0.87325867
0.85786788
1.1933342
1.2817713
0.81515997
0.81509848
1.2827997
0.94954407
1.6474759
0.86345871
0.85579155
1.6708379
0.97503284
2.745756
2.7937469
0.8655317
0.85606767
0.97368756
1.6862202
0.97493319
1.686611
2.8238977
2.8241013
1.863467
1.5470401
1.1745851
1.5645718
1.1861137
1.8351331
2.1731754
2.9331228
2.8297823
2.1153547
2.7069883
2.1706566
2.1920759
1.8358315
1.5721708
1.1945538
1.5502419
1.1834875
1.8706667
1.2813325
0.69146497
1.2822882
0.57166878
0.56918906
0.69033651
1.2898919
1.2835965
0.58937215
0.76162618
0.79280503
1.0270712
0.79185085
1.0270241
1.2977236
1.2612186
1.2610903
1.2628725
1.2959284
1.2622676
0.78928433
1.0251323
1.0248791
1.2823859
0.69434058
1.281495
0.5633036
0.56413385
0.56964251
0.69160275
1.2802108
1.280299
0.7897533
0.56744614
0.78539212
1.0538119
0.80297948
1.0675065
1.2501118
1.251017
1.0688439
0.80115547
1.0552526
0.54979953
0.65057386
0.47133033
0.48319389
0.47584604
0.46192834
0.65166827
0.55913316
1.0531696
0.8043442
1.0676151
1.2462576
1.2493826
1.069893
0.80257445
1.0501829
0.5508123
0.65221662
0.45944365
0.47654805
0.47678048
0.45951301
0.65084351
0.54975731
0.56092003
0.59880789
0.50010669
0.5525225
0.52355194
0.48791072
0.60673281
0.58451579
0.6813919
0.63665945
0.75754868
0.71653937
0.70585572
0.75184276
0.64320284
0.69419431
0.56153082
0.59878792
0.48494665
0.52625185
0.52382899
0.48454197
0.59990066
0.56442959
0.68230717
0.6372985
0.75408957
0.71023607
0.70673518
0.75282462
0.63846507
0.68557992
0.91688667
1.3080406
0.91704032
0.95883441
0.95261448
0.95249516
0.95182431
0.9595996
0.95212388
1.305006
0.92278412
0.91780292
0.38202892
0.70375647
0.77447306
0.78410709
0.69950628
0.40453923
1.2253932
0.91816296
1.3127072
0.91888288
0.96042206
0.95202795
0.95206336
0.9519728
0.9602397
0.95202561
1.313255
0.91967414
0.91953238
0.34792187
0.70354845
0.78250007
0.78220451
0.70216415
0.31467988
0.97943281
0.98872885
0.97895249
0.94128734
0.98332837
0.98627939
0.98829924
0.94341009
0.98772503
0.98824149
0.97473805
0.97783169
0.97453058
0.98304023
0.97436358
0.94040552
0.95344404
0.95341939
0.95370798
0.94040552
0.95353412
0.98295449
0.97423481
0.97425869
0.97954463
0.98899101
0.97952804
0.94417004
0.98817182
0.9882486
0.98840123
0.94423745
0.98835549
0.98892566
0.97943399
0.97948666
1.0094225
0.98753721
0.98868052
1.008016
1.3556602
1.0098149
0.8353515
0.83518251
0.83480321
1.0099847
0.83495141
1.355518
1.0115054
0.99036626
0.99025992
1.0115508
1.247597
1.3101914
1.3024646
1.2510123
0.96597161
0.99137288
0.99009856
0.96795889
1.0194126
1.3123199
0.91195493
0.91205354
1.0191997
0.97008633
0.99200181
0.96945788
0.99217742
1.2583261
1.3117362
1.3120552
1.2583718
1.2826539
0.81967587
0.81013048
0.85732458
1.1949384
1.2849
0.92736283
0.95417847
0.92737309
0.95436539
0.876375
0.95150552
0.87626764
0.95169178
0.86175261
1.1966201
1.2847353
0.81849734
0.81844157
1.2857991
2.7449902
2.7937603
0.86924346
0.85928855
0.97748147
1.6874689
0.9786062
1.6875462
2.8248662
2.8247145
2.6043954
2.6311789
1.7185124
2.7919523
2.2992652
1.8797142
1.5646532
1.8500179
1.5779645
2.8266833
2.7578551
2.0907051
2.8893013
2.1613742
2.1998378
1.85414
1.5723513
1.564286
1.8718536
0.78897553
0.79001941
0.79100278
0.79004208
0.65209015
0.55196716
0.47751681
0.46114243
0.65177402
0.55067525
0.47869896
0.46168127
1.0507656
0.8007311
1.0638181
1.2455967
1.2461986
1.0644802
0.80113516
1.051079
0.55126348
0.6500187
0.46302695
0.47970995
0.47826543
0.46231986
0.65059868
0.55277798
0.6410511
0.68737698
0.71057106
0.75587154
0.64070401
0.68624183
0.71181088
0.75625878
0.56639174
0.60271409
0.48914544
0.52992334
0.52837977
0.48788359
0.60348326
0.56778788
0.68746177
0.64148383
0.75726781
0.71264668
0.71198381
0.7570215
0.64183819
0.68811146
0.31209909
0.70723425
0.78516726
0.78433206
0.70693584
0.31007936
1.3533821
1.3537972
1.3535749
1.0107962
0.99012172
1.0109939
0.99011185
1.353073
1.3530035
1.0105769
0.99014085
0.9901443
1.010545
1.0169789
1.3088398
1.3090145
0.91040856
1.0170481
0.91040107
1.2561371
1.3095059
1.2562088
1.3092342
0.96810002
0.98885027
0.96812841
0.98898111
1.0169325
1.3087002
0.91110568
0.91105641
1.0169225
1.3084912
0.96820854
0.98874018
0.96817016
0.98864632
1.2558491
1.3083932
1.2557954
0.87310134
0.9483214
0.87317273
0.94820268
0.92406389
0.9514964
0.95152977
0.92399885
1.2819515
0.81522793
0.81527415
0.85823639
1.193878
1.2812505
0.92390169
0.95146946
0.95145347
0.92394236
0.87287574
0.94773059
0.94779918
0.87284942
0.85806305
1.1938083
1.2802227
0.81519236
0.81523864
1.2810866
0.97337468
1.6843176
0.8646524
0.85550607
1.6837583
0.97272782
2.821633
2.8211859
0.86407167
0.85538782
0.97211786
1.6817857
0.97254504
1.6821946
2.8183302
2.8189338
1.8800752
1.5635857
1.1942247
1.8495177
1.5772876
1.1969696
2.3184219
2.840017
2.7627955
2.103545
2.8893728
2.1637014
2.2003956
1.8524571
1.5713526
1.1939134
1.5626038
1.1913324
1.8715694
0.69492553
1.2815729
1.2808064
0.56365398
0.69689908
1.281448
1.281456
0.7910916
0.56207233
0.79225475
1.0295609
0.79190443
1.0263599
1.2972711
1.2606
1.2608013
1.2641362
1.2972292
1.2613772
0.79194099
1.0274207
1.0259012
1.2822753
0.69555394
1.2811977
0.56318967
0.56504815
0.69473581
1.2808437
1.2804034
0.56176391
0.79327787
0.5630058
0.79227695
0.80225403
1.0507189
1.246412
1.0659194
0.80241865
1.0504924
1.2462624
1.0652959
0.65167929
0.55139402
0.47716204
0.46045163
0.65153648
0.5504469
0.47802445
0.46064283
1.0509469
0.80070154
1.0641434
1.2461645
1.2467195
1.0648144
0.80114001
1.0513552
0.55077151
0.6498133
0.46234188
0.47919313
0.47764103
0.46144683
0.65043516
0.55244432
0.60198279
0.56586873
0.52687777
0.48620636
0.60173495
0.56513219
0.52746144
0.48638582
0.64081825
0.68768761
0.71103272
0.75647341
0.64053314
0.6863435
0.71232172
0.75684901
0.56614334
0.603201
0.48883595
0.52967515
0.52780728
0.48757707
0.6036834
0.567851
0.68793709
0.64186085
0.7578878
0.71325552
0.71256423
0.75766657
0.64222535
0.68868362
1.3132346
0.92069522
0.92039061
0.95203689
0.96098121
0.95205059
1.3132526
0.91994881
0.92021128
0.9522127
0.96118332
0.95212513
0.31246414
0.78311192
0.70604498
0.3131275
0.78448889
0.70649024
1.2254889
0.92123021
1.3137222
0.92165448
0.96199101
0.95279688
0.95271499
0.95239936
0.96180291
0.95258983
1.3138091
0.92208391
0.92203145
0.31193023
0.70783803
0.78563586
0.78480962
0.70755171
0.31011846
0.98898163
0.979539
0.97950378
0.98814478
0.9441236
0.98813196
0.98893241
0.97944234
0.9794761
0.98814385
0.94414915
0.98815337
0.97488416
0.98349419
0.97504136
0.94205437
0.95491358
0.95471165
0.95432083
0.9418364
0.9545194
0.98364338
0.97539853
0.97523294
0.97960079
0.98920578
0.97966012
0.94426731
0.9882434
0.98822191
0.98817293
0.94423587
0.98820956
0.98930963
0.97977965
0.97973622
1.0110625
0.99038616
1.0111902
0.99037353
1.3541748
1.0093819
0.83602497
0.83597532
0.83587165
1.0094001
0.83593409
1.3541082
1.010815
0.99039491
0.99038168
1.0107584
1.258239
1.3114137
1.311134
1.25832
0.97056449
0.99136409
0.99150574
0.97058174
1.0185421
1.310584
0.91176681
0.91175955
1.0185034
0.97065247
0.99124719
0.97061706
0.99114884
1.2579263
1.310268
1.3103562
1.2578738
1.2844201
0.81854632
0.81858664
0.86169835
1.1969465
1.2841735
0.92669825
0.95417889
0.92674365
0.9541577
0.87583429
0.95072106
0.87580474
0.95078613
0.8619887
1.1970341
1.2831498
0.8185022
0.81854115
1.2840079
2.8242959
2.8240064
0.86789136
0.85906771
0.976548
1.6867195
0.9766972
1.68663
2.8246222
2.8244967
2.1571726
2.7048951
2.6685113
1.8386253
2.6700782
1.8512591
1.5472946
1.8328036
1.5607274
2.8675806
2.9736729
2.165549
2.857267
2.1912084
2.1610701
1.8327857
1.5688814
1.5490657
1.867705
0.78650414
0.78798049
0.56326797
0.78941256
0.78826941
0.65168643
0.55108327
0.48032308
0.46431069
0.65323889
0.5536238
0.4785659
0.46352808
1.0483706
0.80142208
1.0644573
1.244228
1.2432146
1.0648043
0.80130204
1.0494378
0.55100978
0.65068192
0.46280321
0.47948855
0.4784883
0.46281635
0.6507293
0.55208581
0.64221886
0.6887188
0.71276254
0.75771654
0.64202183
0.6880327
0.71346834
0.75796922
0.56781175
0.60410734
0.48901076
0.52902586
0.52949342
0.48931059
0.60400461
0.56738916
0.68899189
0.64280396
0.75881107
0.7141037
0.71372146
0.75871826
0.64281383
0.68930359
0.30557607
0.70886507
0.78599818
0.78588661
0.70876792
0.30265172
1.3528255
1.3528771
1.3528517
1.0103805
0.99020583
1.0104881
0.99020109
1.3527461
1.352726
1.009085
0.98993587
0.98998804
1.0090743
1.0177462
1.3081836
1.3082278
0.91114323
1.0177403
1.3082718
0.91114945
1.2557021
1.3083094
1.2557418
0.9683343
0.98825744
0.96836192
0.98830106
1.0176489
1.3081372
0.91113431
0.91114765
1.016753
1.3080321
0.9684059
0.98821703
0.96838492
0.98818386
1.2555746
1.308058
1.2555536
0.87279358
0.94766597
0.87282043
0.94761103
0.92374012
0.95135511
0.95137078
0.92371264
1.2806025
0.81515841
0.81511782
0.85813144
1.1933518
1.2803637
0.9236692
0.95133974
0.95133208
0.92368612
0.87268434
0.94735079
0.94739048
0.8726699
0.8580089
1.1933238
1.2796758
0.81486481
0.81490599
1.2803032
0.97201414
1.6806416
0.8635744
0.85480416
1.6802749
0.97174282
2.8168176
2.816335
0.86328163
0.8547285
0.9713505
1.6793474
0.97164288
1.6795117
2.8153225
2.8155602
1.8666133
1.5441098
1.1792131
1.8291291
1.5685337
1.1926597
2.2959667
2.981077
2.8790157
2.1790266
2.8917605
2.1872231
2.161027
1.8356854
1.5683516
1.1912528
1.5508629
1.1849572
1.8678451
0.69539727
1.2796526
1.2802734
0.56447138
0.56408765
0.69793492
1.2814111
1.2811834
0.78912561
0.56208322
0.79058039
1.0277594
0.79478712
1.0280773
1.2953063
1.2607109
1.2591752
1.261768
1.2960752
1.261944
0.79098667
1.026103
1.0245696
1.2805733
0.69752222
1.2804411
0.69396573
1.2806696
1.2796693
0.5599906
0.79185269
0.56088411
0.79056612
0.80271844
1.0488084
1.2462516
1.0665086
0.80421948
1.0518531
1.2438496
1.0657424
0.65177532
0.55107005
0.47985433
0.46366403
0.65319941
0.55332832
0.47833606
0.46314152
1.0488672
0.80158738
1.0646782
1.2446495
1.2439597
1.0651131
0.80131959
1.0495751
0.55098892
0.65074991
0.46236015
0.4790131
0.47824507
0.46246355
0.65065486
0.55178603
0.60419872
0.56794894
0.52999927
0.48993876
0.60418881
0.56807317
0.52962792
0.48970177
0.64280467
0.68939373
0.71343703
0.75841582
0.64271015
0.68884642
0.71416417
0.75868156
0.56793813
0.60428142
0.48868839
0.52863325
0.52951064
0.4890942
0.60406192
0.56711558
0.68961433
0.64320378
0.75954456
0.71478391
0.71441268
0.75944469
0.64311884
0.68982205
1.3139697
0.92285015
0.92279867
0.95291269
0.96240662
0.95301186
1.3139098
0.92236857
0.92267953
0.9530903
0.96248558
0.9530934
0.3067618
0.78585123
0.70848128
0.30967822
0.78633874
0.70874738
1.226151
0.92299572
1.3139885
0.92304279
0.96256691
0.95301385
0.95306502
0.95311134
0.96256972
0.95310945
1.3139965
0.92297058
0.92313883
0.30549238
0.70960056
0.78660683
0.78646779
0.70949329
0.30254173
0.98960654
0.97995005
0.97993413
0.98828502
0.9443782
0.98831064
0.98956708
0.97985081
0.97991157
0.98833437
0.94440901
0.98834524
0.97591171
0.98426047
0.97596253
0.94292294
0.95561451
0.95557074
0.95547725
0.94289456
0.95553985
0.98430446
0.97605286
0.97602224
0.97998734
0.98971469
0.98000903
0.94445977
0.98835437
0.98836031
0.98835625
0.94445785
0.98837503
0.98974762
0.98003014
0.98003666
1.0106163
0.99042298
1.0106349
0.99043125
1.3538846
1.0093607
0.83623073
0.83622526
0.83618768
1.0093785
0.83621878
1.3538868
1.0105846
0.99048279
0.99046859
1.0105774
1.2577863
1.310182
1.3101188
1.2578216
0.97078491
0.99076539
0.99080358
0.9708181
1.0183522
1.3099968
0.91183037
0.91182124
1.0183386
1.3099544
0.97087725
0.99073224
0.97084841
0.9907072
1.2576816
1.3099298
1.257663
1.2830502
0.8184637
0.81843301
0.86175333
1.1964838
1.2833109
0.9264891
0.95405366
0.92649646
0.95405487
0.8756876
0.95040821
0.8756817
0.9504327
0.86217309
1.196631
1.2826819
0.81827057
0.81829029
1.2832655
2.824903
2.8250328
0.8674554
0.85897875
0.97684407
1.6871839
0.97671459
1.6871043
2.8249292
2.8249231
2.1525571
2.2374754
2.9211002
2.8274069
2.1046414
2.8125557
1.8367054
1.5625719
1.853273
1.5525517
2.6613042
2.6903003
1.9246335
2.6483983
2.305294
2.3244726
1.8599236
1.5559716
1.5687788
1.8373332
0.78212549
0.78199209
0.5704537
0.56614396
0.78452399
0.78733012
0.65311393
0.55095352
0.48034315
0.46468893
0.6541468
0.55330035
0.4783078
0.46425976
1.046824
0.80040797
1.0668633
1.2444017
1.2418398
1.0655759
0.80162589
1.0491283
0.54967509
0.64928851
0.46270944
0.47795763
0.47727957
0.4624499
0.65029264
0.55070935
0.64289038
0.68901036
0.71416845
0.75886362
0.64299375
0.68939396
0.71377196
0.75876294
0.5677148
0.60324473
0.48876428
0.52833459
0.52936052
0.48890102
0.60290297
0.56633259
0.68873026
0.64212225
0.75744111
0.71219349
0.71348545
0.75812413
0.64163314
0.6874584
0.30094997
0.70812357
0.7857575
0.78588023
0.70842475
0.30435749
1.3526225
1.3526502
1.3526374
1.010206
0.99018424
1.0103018
0.99016837
1.3525639
1.3525364
1.0101527
0.99005907
0.99013103
1.0101651
1.0166693
0.91115879
1.0166821
1.3080052
1.3079928
0.91116116
1.2555217
1.2555312
0.96848487
0.98803873
0.96849788
0.98805685
1.0166302
1.3079762
0.91104264
0.91113754
1.0165777
0.9685139
0.98802264
0.96850669
0.98801223
1.2554657
1.3079273
1.307945
1.2554573
0.87263364
0.94731542
0.8726513
0.94728736
0.92358137
0.95125815
0.95127215
0.92356463
1.2796311
0.81482965
0.81480591
0.85796018
1.1930485
1.280006
0.92354583
0.95124694
0.9512458
0.92354985
0.87258295
0.94717429
0.9471909
0.87258433
0.8576071
1.192908
1.279463
0.81467515
0.81469877
1.279986
0.97126425
1.6788888
0.86298949
0.85431771
1.6787163
0.9710757
2.8149694
2.8147732
0.86270265
0.85424566
0.97073054
1.678266
0.97097922
1.678307
2.8138043
2.8139032
1.8368957
1.5633298
1.1927347
1.8551825
1.5519421
1.1872963
2.1770351
2.6627681
2.6950881
1.9376135
2.6480119
2.3092862
2.3276917
1.860482
1.5561814
1.1925688
1.5689742
1.1962685
1.8384018
0.7011286
1.2810902
1.2829427
0.56599695
0.70195529
1.2825224
1.2833358
0.56337482
0.56784942
0.78485624
0.56756221
0.78446435
1.0238074
0.79184425
1.0265163
1.3010687
1.2643242
1.2655499
1.2600757
1.2992501
1.2620071
0.79702076
1.0299035
1.0310871
1.2792082
0.69545638
1.2802432
0.70077395
1.2824137
1.2821918
0.56392405
0.78639937
0.56055367
0.78909759
0.80492301
1.0492244
1.2460864
1.0686633
0.80551678
1.0512793
1.2442086
1.06887
0.65334165
0.55117297
0.47989438
0.46436669
0.65414345
0.5530268
0.47827331
0.46411669
1.0475119
0.80099778
1.0674442
1.2452346
1.2427091
1.0662257
0.80217516
1.049749
0.54998209
0.64981294
0.46265023
0.47786924
0.47732903
0.46248916
0.65077963
0.55087732
0.60418869
0.56785015
0.52918021
0.48973726
0.60415765
0.56746995
0.52974493
0.48990968
0.64317054
0.68968903
0.71486733
0.75963593
0.64321622
0.68993223
0.71459405
0.75955872
0.56765155
0.60390433
0.48879882
0.52835843
0.52953825
0.48898305
0.6035577
0.56645876
0.68944102
0.64255924
0.75869124
0.71334351
0.71433333
0.75898095
0.64220711
0.68841044
1.3137499
0.92304325
0.9230592
0.95301193
0.96260007
0.95300963
1.3137747
0.92301566
0.92309345
0.95301402
0.96261241
0.95303044
0.30096984
0.78664669
0.70966743
0.30205573
0.78661682
0.7096078
1.2259691
1.2258569
0.92315923
1.3136954
0.92319789
0.96270518
0.95316776
0.9531226
0.95304829
0.96266973
0.95308747
1.313704
0.92332537
0.92334712
0.30125372
0.70905851
0.78652674
0.78660874
0.70923768
0.30460997
0.98980944
0.98008284
0.9800844
0.9883743
0.94449485
0.98838366
0.98981098
0.9800591
0.9800863
0.98838888
0.94450861
0.98840743
0.97610659
0.98440897
0.97610521
0.94307261
0.95565461
0.95566625
0.95565807
0.94305593
0.9556714
0.98440543
0.97607728
0.97611578
0.98010485
0.98983457
0.98011023
0.94450264
0.98835902
0.98838847
0.98840426
0.944516
0.98841552
0.98983355
0.98006995
0.98011492
1.0105554
0.99050071
1.0105566
0.9905006
1.3538258
1.0093447
0.83617037
1.3538103
0.83619055
0.83620995
1.009362
0.83621418
1.0105442
0.99051777
0.99050936
1.010541
1.2576368
1.3099099
1.3098997
1.2576443
0.97098843
0.99061035
0.99062095
0.9710077
1.0183062
1.3098896
0.91188883
0.91188049
1.0182987
1.3098603
0.97103249
0.99059967
0.97102102
0.9905943
1.2575966
1.3098685
1.2575877
1.282653
0.81825603
0.81825102
0.86202107
1.1963739
1.2830754
0.9264374
0.95402767
0.92643345
0.95403303
0.875667
0.95031916
0.87567325
0.95032454
0.86246344
1.196549
1.2825791
0.81819946
0.81820644
1.2830704
2.824685
2.8247177
0.86752772
0.85920748
0.97745671
1.687526
0.97724574
1.6874529
2.825261
2.8252354
2.1564955
2.1505459
2.8703977
2.7518897
2.0561704
2.6404724
2.1765817
1.8420118
1.5715425
1.8720425
1.553343
2.9626651
2.849775
2.156851
2.8472815
2.1577532
1.8329357
1.5744364
1.5499401
1.8750316
0.78753633
0.78631895
0.56541348
0.56516818
0.78780505
0.78596762
0.65307515
0.55401036
0.4782615
0.46264171
0.65132476
0.55081051
0.48083233
0.46335401
1.0511782
0.8024448
1.0654375
1.2445283
1.2455585
1.0662257
0.80096445
1.0493216
0.5536395
0.65179689
0.46323794
0.47884148
0.48055081
0.4635867
0.65039618
0.55146366
0.64063101
0.68725709
0.71190957
0.75670415
0.64051541
0.68711215
0.71191914
0.75665634
0.56658107
0.60276434
0.48945225
0.52954701
0.52893682
0.48901938
0.60297818
0.5673095
0.68750732
0.64151609
0.75700312
0.71262502
0.71211379
0.75690738
0.64174542
0.6881633
0.30877879
0.70740545
0.7849403
0.78532612
0.70741064
0.30607967
1.3524732
1.35245
1.0101002
0.99013709
1.0101942
0.99012433
1.3523541
1.3523471
1.0100795
0.99007044
0.99010215
1.0100853
1.0165944
0.91114074
1.0165965
1.3079178
1.3079075
0.91115674
1.2554361
1.2554439
0.96855088
0.98799436
0.96856101
0.98799423
1.017406
1.3078773
0.91109937
0.91112106
1.0174014
0.96858457
0.98799777
0.96857768
0.98799911
1.2554178
1.3078702
1.3079007
1.2554099
0.87257942
0.94716104
0.87258189
0.94715195
0.92353837
0.95124445
0.95124691
0.9235339
1.2794458
0.81465436
0.81464078
0.85788979
1.1929248
1.2798803
0.92352747
0.95124281
0.95124527
0.9235278
0.87255563
0.94708636
0.94710366
0.87254787
0.85751509
1.1927936
1.279371
0.81454665
0.81456854
1.2798739
0.97065961
1.6781326
0.86268098
0.85396279
1.6780321
0.97048217
2.8138633
2.8136989
0.86241643
0.853894
0.97007124
1.6779057
0.97038421
1.67792
2.813855
2.8138381
1.8436575
1.5712787
1.1938186
1.8726167
1.5533541
1.1844881
2.853474
2.9681873
2.1723551
2.8505443
2.1794732
2.1566694
1.8334691
1.5743996
1.1963425
1.54924
1.1842972
1.8762193
0.6966998
1.2807557
1.2801697
0.56149669
0.69466247
1.2809373
1.2799218
0.56108076
0.56014647
0.79025261
0.78953731
1.028015
0.79446649
1.0277887
1.298056
1.2620158
1.2606475
1.2613342
1.2958018
1.2616596
0.7909898
1.0270673
1.025296
1.2814377
0.697895
1.2813381
0.56307484
0.69427179
1.2811172
1.2804662
0.56221382
0.79017736
0.56371725
0.78859786
0.80335531
1.0509748
1.2444048
1.0655523
0.80186847
1.0489017
1.2453515
1.0658029
0.65269378
0.55353004
0.47798388
0.46193993
0.65115542
0.55076849
0.48018272
0.462662
1.0511854
0.80246966
1.0656947
1.2452331
1.2458043
1.06632
0.80117695
1.0498272
0.55327723
0.65175132
0.46285187
0.4787171
0.48000245
0.46304677
0.65052533
0.55154338
0.60223031
0.56606532
0.52767604
0.48716187
0.60178121
0.56581947
0.52808371
0.48776792
0.64126171
0.68824701
0.71303515
0.75789262
0.64096987
0.68803243
0.71312943
0.75786185
0.56664176
0.60324181
0.48885335
0.52955285
0.52866356
0.48878555
0.60396888
0.56806283
0.68855413
0.64239815
0.75849551
0.71412202
0.71338486
0.75833768
0.64284455
0.68954758
1.3136853
0.9232142
0.92343488
0.95322429
0.96271171
0.9532136
1.313789
0.92351274
0.92360708
0.95298053
0.96264151
0.95314754
0.30845815
0.78643248
0.70844735
0.30625347
0.78616659
0.70836398
1.225553
1.2255714
0.92315218
1.3135219
0.9230115
0.96200922
0.95217971
0.95243016
0.95283586
0.96219769
0.95266558
1.3134615
0.92243045
0.92287008
0.30792041
0.70850335
0.78569734
0.78605617
0.70847064
0.30532181
0.98959176
0.97987466
0.97994766
0.98834471
0.94445688
0.98831683
0.98968239
0.98004449
0.98001184
0.98824097
0.94444415
0.98830272
0.97550972
0.98368962
0.97533715
0.94225718
0.95462933
0.95474957
0.95511826
0.94244907
0.95493546
0.983574
0.97508988
0.97520357
0.97982028
0.98929884
0.97975642
0.94430988
0.9880688
0.98811482
0.98820867
0.94435108
0.98817551
0.98922307
0.97964217
0.97970922
1.0105271
0.9905282
1.0105354
0.99052041
1.3536686
1.0092105
0.83601687
1.3536586
0.83604684
0.83610308
1.0092502
0.83608177
1.0105192
0.9904943
0.99050471
1.0105065
1.25757
1.3098448
1.3098295
1.257579
0.97108249
0.99059289
0.99059171
0.9710928
1.0182019
1.3097965
0.91186151
0.91187536
1.0181779
0.97112042
0.99059606
0.97110936
0.99059887
1.2575515
1.3097784
1.3097931
1.2575351
1.282573
0.81819547
0.8181954
0.86233622
1.1964205
1.2830427
0.92644711
0.95404778
0.9264446
0.95405174
0.87568157
0.95027939
0.87567557
0.95028787
0.86276488
1.1966047
1.2825705
0.81816008
0.81816691
1.2830487
2.8250531
2.8251833
0.86780215
0.85956574
0.97809458
1.6877438
0.97789769
1.6876645
2.824986
2.8249989
2.165731
2.2823322
2.6802069
2.6556356
1.8936588
2.6448425
2.2819982
1.8637865
1.5523226
1.833943
1.569809
2.2555053
2.971285
2.8699429
2.1413114
2.8468851
2.1822084
1.8363824
1.5660984
1.5531675
1.8607676
0.78416391
0.56803119
0.78580424
0.56598451
0.56478116
0.78533384
0.78350967
0.65173849
0.55203513
0.47946936
0.46450426
0.65246337
0.55239861
0.47941513
0.46443455
1.0497461
0.80326772
1.0666949
1.2430375
1.244628
1.0673711
0.80228822
1.0479677
0.55248738
0.65241534
0.46528413
0.47931031
0.47968651
0.46550209
0.65159841
0.55173227
0.64302776
0.68929317
0.7128053
0.75730489
0.64269049
0.68843142
0.71365819
0.75750053
0.56905451
0.60524108
0.49146291
0.53108303
0.5310368
0.49165095
0.60522522
0.56878472
0.68949895
0.643662
0.75857437
0.7140925
0.71386843
0.75849636
0.64367777
0.68965972
0.30192225
0.70840892
0.78522156
0.78495705
0.70831484
0.30193013
1.3522526
1.009956
0.99002613
1.0100665
0.98998226
1.3521583
1.3521488
1.0098413
0.98981111
0.98986634
1.009824
1.0164427
0.91105431
1.0164637
1.3078371
0.91102988
1.2553681
1.2553865
1.307814
0.96852486
0.98790503
0.96849505
0.98793041
1.0172177
1.3077462
0.91088326
0.91092554
1.0163785
0.96841596
0.98787616
0.96845789
0.98784785
1.2552447
1.3076718
1.3076997
1.2552178
0.87251522
0.94706901
0.87253251
0.947055
0.9234613
0.951148
0.95117477
0.92343768
1.2793515
0.81452382
0.814509
0.85766731
1.1927691
1.2797637
0.92339286
0.95111889
0.95109555
0.92341155
0.87240853
0.94695478
0.94697494
0.87238786
0.85718519
1.192622
1.2792134
0.81439673
0.81441834
1.2797454
0.96995818
1.6775849
0.86232963
0.85351066
1.677424
0.96964489
2.8132064
2.8129452
0.86199768
0.8534169
0.96903687
1.6769545
0.96950048
1.6771013
2.812843
2.8130374
1.8653638
1.5520641
1.1889567
1.8348905
1.5697359
1.195464
2.93919
2.8425101
2.1122521
2.8278012
2.1677015
2.1709652
1.8396269
1.5611005
1.1904478
1.5542361
1.1885233
1.8505121
0.69619769
1.2810358
1.2812801
0.5652989
0.70083504
1.2825683
1.2826105
0.56326808
0.56360517
0.56552145
0.78638861
0.78791078
1.0282835
0.79598242
1.0291691
1.2966911
1.2594601
1.2608031
1.2623497
1.29802
1.2631233
0.79271886
1.0241962
1.026267
1.2821855
0.70036472
1.2825735
0.56080126
0.56517688
0.56576936
0.69712842
1.2803616
1.2814384
0.56347973
0.78678859
0.78530125
0.80282936
1.0496045
1.2457822
1.0674297
0.80365056
1.050717
1.2447869
1.0668891
0.65211434
0.55224638
0.47943515
0.46448928
0.65281544
0.55255107
0.47946339
0.46456489
1.0504255
0.80385228
1.0675275
1.2437343
1.2455161
1.0680691
0.80289492
1.0484163
0.55269503
0.65284733
0.46479904
0.47892028
0.47973234
0.46526477
0.65199392
0.55150483
0.60530197
0.56906257
0.5301555
0.49041322
0.60523901
0.5686272
0.5308402
0.49093548
0.64390727
0.68998603
0.71428538
0.75876459
0.6438413
0.6897952
0.71442027
0.7588089
0.56927463
0.60528025
0.491022
0.52981416
0.5312647
0.49174703
0.60492726
0.56822731
0.68992768
0.64373424
0.75860635
0.71383052
0.71437093
0.75875996
0.64344022
0.68927526
1.3129538
0.9218823
0.92201712
0.95201792
0.96161833
0.9519045
1.3130163
0.92225391
0.92218092
0.95175681
0.9615496
0.95184074
0.30334605
0.7856298
0.70856197
0.30470375
0.78548038
0.70859525
1.2251769
0.9219161
1.3128576
0.92190996
0.96144511
0.95175019
0.95174417
0.95174807
0.96145491
0.95175382
1.3128913
0.92188102
0.92200192
0.30329606
0.70853607
0.78545612
0.78549337
0.70862853
0.30458517
0.98906276
0.97952746
0.9795607
0.98804802
0.94421853
0.98801817
0.98909362
0.97961782
0.97959888
0.98795539
0.94419046
0.98800601
0.97500775
0.98343683
0.97503004
0.94189517
0.9545747
0.95454857
0.95451152
0.94189753
0.95454032
0.98345612
0.97507704
0.97506697
0.97951845
0.98905037
0.97949806
0.94403354
0.98782396
0.9878659
0.98793665
0.94408035
0.98791649
0.98905327
0.97944067
0.97948566
1.0103739
0.9904061
1.0104117
0.99036268
1.3533933
1.0089417
1.3533169
0.83578042
1.3533637
0.83582518
0.83588684
1.0089951
0.83586724
1.0102297
0.99017437
0.99022106
1.0101788
1.2574847
1.3097405
1.2575068
0.97103583
0.99048867
0.99051627
0.9710024
1.0179963
1.3096247
0.91159962
0.91164118
1.0179657
0.9709238
0.99045795
0.970963
0.99042957
1.2573364
1.309535
1.3095652
1.2573076
1.2825609
0.81815337
0.81815182
0.86252481
1.1964373
1.2830088
0.92631912
0.95391622
0.92633585
0.95389294
0.87556536
0.95019928
0.87554669
0.95020826
0.86286474
1.1966079
1.2825035
0.81811563
0.81811655
1.2830039
2.8256295
2.8258818
0.86801374
0.85990094
0.9787055
1.6885702
0.9785163
1.6883766
2.8259746
2.8257805
2.1751924
2.2688226
2.9097285
2.8080556
2.0959665
2.653951
2.1894361
1.8303486
1.5546181
1.8403953
1.5481831
2.1684035
2.9655913
2.8578597
2.1398052
2.6506211
2.1654148
1.8334466
1.552617
1.5523285
1.8348969
0.78330215
0.78356832
0.5663753
0.56757279
0.78280096
0.78284032
0.65262027
0.55231193
0.47975287
0.46535383
0.65287984
0.55232318
0.48002286
0.46497307
1.0478859
0.80369629
1.0681899
1.2428474
1.2427748
1.0681696
0.80370464
1.0479242
0.55248867
0.65299092
0.46470585
0.48039163
0.48019734
0.46463472
0.65302439
0.55263975
0.64304813
0.68890206
0.71406863
0.75857114
0.64336385
0.68961081
0.71344622
0.75844256
0.56768773
0.60371473
0.48988989
0.52956536
0.52977499
0.48999429
0.60372576
0.56760451
0.68880605
0.64254501
0.75801393
0.71385971
0.71337714
0.75790346
0.64257757
0.68917165
0.30392886
0.7084657
0.78580759
0.78551338
0.70835512
0.30368913
1.3520846
1.0096849
0.98973546
1.009792
0.98968858
1.3520203
1.3520147
1.0096194
0.98957207
0.98958913
1.0096857
1.0172025
1.3076109
0.91078337
1.0163481
1.3076349
0.91074443
1.2551598
1.2551845
1.3076114
0.96820757
0.98768788
0.96816241
0.98771244
1.0171933
1.3075675
1.3075534
0.91058061
0.91061965
1.0171983
0.96806486
0.98766424
0.9681149
0.98764405
1.2550403
1.3075488
1.307554
1.2550206
0.87233596
0.946936
0.87236164
0.94692179
0.92327507
0.95092291
0.95095379
0.92324866
1.2791884
0.8143753
0.81436189
0.85718446
1.1925288
1.2795973
0.92320328
0.95089166
0.9508673
0.92322153
0.87220997
0.94683983
0.94685484
0.87218747
0.85663306
1.1923815
1.2790778
0.81425333
0.81427387
1.2795829
0.96887769
1.676228
0.86181984
0.85285232
1.6759538
0.96845006
2.8118609
2.8117821
0.86146205
0.85273449
0.96769264
1.6745123
0.96826265
1.6749171
2.8098533
2.8105779
1.8621433
1.5490473
1.1864652
1.8320714
1.5670993
1.1935517
2.1927976
2.9190435
2.8206324
2.0997949
2.7718922
2.249234
2.1656785
1.846952
1.5475763
1.1838605
1.5595647
1.1920197
1.8306438
0.6958488
1.2804323
1.2806074
0.69991891
1.280944
1.2816874
0.56077218
0.56072539
0.56229433
0.78746982
0.78932289
1.0272861
0.79728782
1.0300537
1.2959591
1.2612598
1.2620979
1.2613243
1.2995324
1.2639493
0.79611152
1.0262294
1.0286785
1.2818333
0.70136321
1.2830381
0.56361022
0.5660661
0.70043604
1.2813213
1.2827046
0.56552422
0.78470824
0.78509776
0.80174083
1.0485413
1.2436964
1.0669997
0.80223853
1.0484314
1.2438594
1.0663172
0.65107096
0.55176817
0.47888847
0.4635912
0.65137929
0.55148792
0.47919204
0.46328525
1.0498845
0.80462416
1.0689352
1.2438308
1.2450337
1.0686482
0.80434694
1.0486332
0.55281949
0.6537755
0.46489781
0.47993532
0.47999118
0.46482964
0.65347262
0.55248236
0.60359271
0.56703712
0.52948984
0.48925484
0.60387541
0.56792026
0.52891069
0.48892322
0.64230284
0.68869802
0.71361774
0.75810886
0.64251836
0.68901938
0.71341302
0.75805295
0.56767142
0.60428962
0.49016576
0.53001069
0.52934625
0.49019284
0.60451547
0.56830742
0.68890494
0.64287852
0.75877841
0.71430743
0.7136053
0.75854528
0.64311328
0.6896074
1.3130255
0.92218408
0.92220953
0.95182466
0.96152369
0.95190603
1.3129769
0.92201809
0.92219548
0.95202275
0.96156198
0.95199536
0.30696822
0.78546864
0.70824092
0.30544307
0.78558506
0.70823283
1.2250589
0.92226232
1.3130496
0.92223894
0.96157876
0.95200673
0.95206896
0.95207839
0.96161165
0.95210201
1.3130857
0.92205505
0.92227288
0.30710863
0.70887053
0.78599012
0.78571465
0.7086802
0.30590666
0.98898898
0.97933713
0.97937272
0.98780274
0.94391463
0.9877728
0.98901671
0.97942583
0.97941079
0.98771133
0.94388289
0.98776124
0.97512851
0.98344814
0.97512195
0.94199362
0.95458705
0.95464923
0.95468491
0.94203963
0.95469356
0.98342259
0.97503679
0.97510619
0.9793249
0.98894744
0.97929721
0.94371896
0.98756729
0.98761952
0.98769469
0.94377086
0.98767471
0.98892371
0.9792024
0.9792707
1.0099911
0.99002054
1.0100361
0.98996401
1.0086377
0.83546284
0.83552179
0.8355966
1.0086891
0.83557423
1.3530695
1.0098469
0.98975355
0.98980257
1.0098037
1.2572535
1.2572768
0.97072069
0.99026555
0.9902925
0.9706726
1.0177795
1.3093724
0.91121967
0.91126768
1.0177511
0.97056502
0.99023661
0.97061753
0.99021282
1.2571109
1.3093031
1.3093199
1.257092
1.2824914
0.81811721
0.81812334
0.86250261
1.1963876
1.2829408
0.92613473
0.9536823
0.92615223
0.95365573
0.87539597
0.95015461
0.87537485
0.95015668
0.86277788
1.1965559
1.2824588
0.81811709
0.81811357
1.2829384
2.8269323
2.826994
0.86817664
0.86023712
0.97929202
1.6906727
0.97910155
1.6902394
2.8288513
2.8281412
2.1684643
2.2552959
2.8570109
2.9652387
2.1516964
2.6571188
2.1677209
1.8332146
1.5531151
1.8356094
1.5514026
2.1688457
2.9588088
2.8485618
2.1525007
2.6514128
2.2592231
2.1710894
1.8351021
1.5516105
1.5528866
1.8335157
0.78351654
0.78333164
0.56685945
0.56633323
0.78430915
0.78419076
0.65274963
0.55257964
0.48031246
0.4646245
0.65265326
0.55251502
0.48031361
0.46461493
1.0477706
0.80311009
1.0676502
1.2428388
1.2427591
1.0676591
0.80307729
1.0477935
0.55249767
0.65255923
0.46410827
0.48014236
0.48023864
0.46426274
0.65252831
0.55243004
0.64318763
0.68956436
0.71403765
0.75880173
0.6430883
0.6893546
0.71418547
0.7588489
0.56810376
0.60404846
0.48962746
0.52926401
0.52999959
0.48990615
0.60379359
0.56739449
0.68943124
0.64280178
0.75814596
0.71301158
0.71404762
0.75850611
0.64256904
0.68852564
0.30294476
0.70829206
0.78554997
0.78588379
0.7085999
0.30570762
1.3519903
1.3519966
1.0096304
0.98948239
1.009655
0.9894731
1.35203
1.3520729
1.3520595
1.0096353
0.9893294
0.98938466
1.0096578
1.0171392
1.3075395
1.3075323
0.91046616
1.017162
0.91043522
1.254994
1.3075361
1.2550029
1.3075293
0.96779537
0.98756703
0.96774058
0.98756978
1.0171386
1.3075488
1.3075726
0.91029096
0.91033025
1.0171608
0.96762408
0.98756725
0.96768241
0.98757664
1.2549864
1.3076413
1.307597
1.2549949
0.87213307
0.94682745
0.87215969
0.94682011
0.92309102
0.95069041
0.95072048
0.92306835
1.2790779
0.81423503
0.81423436
0.85652809
1.1923489
1.2795478
0.9230368
0.95066004
0.95063821
0.92304678
0.87202558
0.94685292
0.94683846
0.87201618
0.8562564
1.1923668
1.2791918
0.81417504
0.81418186
1.2795681
0.96751602
1.6732631
0.86129727
0.85205902
1.6728079
0.96706138
2.8084585
2.8079788
0.86115938
0.85195994
0.96642057
1.6710676
0.96688967
1.6714655
2.805578
2.8062662
1.8331464
1.5532875
1.1879858
1.8371725
1.5502147
1.1861016
2.1699967
2.9625797
2.8499319
2.1677712
2.6549475
2.2598075
2.1736445
1.8362972
1.5506505
1.1859523
1.5526233
1.1873185
1.8337359
0.6989675
1.280482
1.2814179
0.69839252
1.280336
1.2812649
0.56000086
0.56180871
0.56161355
0.78700609
0.78670451
1.0245909
0.79501463
1.0281471
1.2965543
1.2598754
1.2621212
1.2596807
1.2970483
1.2622537
0.79507561
1.0248156
1.028142
1.2802336
0.69853772
1.281267
0.56176486
0.55954127
0.69863279
1.280418
1.2813692
0.7870622
0.56151362
0.78704957
0.80275855
1.0477064
1.2432148
1.0676373
0.80272606
1.0479443
1.2430309
1.0677296
0.65202522
0.55178862
0.47956865
0.46412685
0.65201254
0.55201101
0.47934136
0.46424519
1.0476451
0.80272174
1.0677361
1.2431885
1.2429907
1.0676922
0.80276956
1.0478113
0.55178513
0.6520569
0.46378101
0.47955202
0.47934724
0.46388947
0.65212119
0.55199347
0.60491427
0.56845803
0.53002226
0.49033043
0.6048377
0.56838055
0.52991737
0.49034892
0.64364045
0.69003355
0.71447952
0.75926708
0.64354786
0.68977343
0.71471103
0.75934188
0.56840772
0.60468131
0.4896688
0.52907177
0.52987799
0.48994635
0.60442639
0.56765998
0.68996257
0.64340766
0.75895623
0.71400758
0.71464275
0.75915956
0.64315337
0.6892946
1.3129619
0.92143716
0.92169715
0.95196346
0.96137436
0.95188799
1.3130492
0.9220285
0.9219596
0.9516951
0.96128748
0.95181212
0.30312664
0.78602165
0.70925104
0.30511668
0.7859643
0.70929985
1.2251642
0.92136
1.3128236
0.92122919
0.96097519
0.95152032
0.95157102
0.95165081
0.96104679
0.95162204
1.3128081
0.92084812
0.92116115
0.30318124
0.70889269
0.78571677
0.78592244
0.70909075
0.30600716
0.98866656
0.97897257
0.97904051
0.98753146
0.94356377
0.9874857
0.9887451
0.97915727
0.97911003
0.98739255
0.94351765
0.98745853
0.97457735
0.98289546
0.97450319
0.94123088
0.95388074
0.95394049
0.954096
0.9413261
0.95402189
0.98285334
0.97439879
0.97446023
0.97892856
0.98849135
0.97887856
0.94330363
0.98722773
0.98727368
0.98735993
0.94336092
0.98732992
0.98845735
0.97877871
0.97884325
1.0096642
0.98959605
1.0096962
0.98953797
1.3528962
1.0083447
0.83504912
0.83510249
0.8351947
1.0083845
0.83515817
1.3529065
1.0095952
0.98934246
0.98938637
1.0095809
1.2570655
1.3092759
1.2570769
0.97030722
0.99013066
0.99013707
0.97024692
1.0176229
1.3092898
0.91083813
0.91087535
1.0176211
0.97012113
0.99012707
0.9701836
0.99013345
1.2570305
1.3093458
1.3093051
1.2570341
1.2824585
0.81812354
0.81813311
0.8623146
1.1963568
1.2829633
0.92597042
0.95344124
0.92597957
0.9534178
0.87523419
0.95022664
0.87522584
0.950202
0.86220729
1.1963929
1.2826464
0.81817031
0.81815676
1.2830024
2.8302177
2.8306953
0.86827696
0.86058242
0.97988641
1.6939875
0.97965386
1.693477
2.8332771
2.8325067
2.2653376
2.8629113
2.9662315
2.1518181
2.6601327
2.1653838
1.8352719
1.5531368
1.8348656
1.5532837
2.9625185
2.8477249
2.1499208
2.6674216
2.2153984
2.1768955
1.831218
1.5565328
1.5493735
1.8419046
0.78437252
0.78452467
0.56725819
0.56481132
0.78656972
0.56536334
0.78593905
0.65304455
0.55228279
0.48021943
0.46349852
0.65305802
0.5525788
0.47972902
0.46317431
1.0481633
0.8027993
1.0676162
1.2451083
1.2434474
1.067685
0.80290772
1.0494719
0.55180476
0.6519539
0.46176293
0.47822013
0.47922321
0.46197347
0.65198387
0.55132136
0.6416436
0.68784854
0.71277922
0.75721767
0.64180035
0.68827031
0.71236153
0.75712874
0.56643735
0.60251648
0.48728318
0.52765178
0.52815656
0.48757465
0.6025994
0.56591264
0.68779022
0.64145771
0.75712673
0.71162536
0.71227546
0.75738729
0.64128098
0.68713422
0.30690107
0.70684854
0.78354217
0.7847438
0.7071817
0.30753006
1.3522303
1.3521144
1.3521721
1.0097368
0.98924113
1.0097133
0.98924114
1.3525783
1.3529645
1.3527632
1.0099865
0.98920854
0.9892261
1.0101211
1.0172227
1.3079529
1.3078398
0.91021745
1.0172116
0.91020752
1.2550274
1.3076857
1.2550037
1.3077501
0.96731332
0.98783326
0.96726827
0.98774925
1.0173536
1.3080875
0.91021101
0.91019892
1.0174427
0.96721276
0.98793867
0.96723382
0.98807119
1.2552911
1.3087465
1.3084802
1.2553592
0.87200405
0.94687335
0.87200659
0.94690627
0.9230385
0.95055479
0.95055222
0.92306245
1.2797264
0.81418563
0.81418841
0.85597603
1.1924539
1.2799979
0.92315518
0.95056697
0.95059665
0.92309787
0.87213752
0.9473165
0.94721282
0.87220542
0.85578629
1.1925284
1.2802969
0.81398116
0.8140557
1.28014
0.96631378
1.6700791
0.8612492
0.85153069
1.6697893
0.96612897
2.804377
2.8039302
0.8614899
0.8515193
0.9663311
1.6695291
0.9661095
1.6694222
2.8032754
2.8032124
1.834751
1.5522781
1.1877133
1.8349243
1.5520099
1.1877276
2.1814976
2.9680203
2.8505962
2.1563647
2.6660863
2.2164058
2.1776315
1.831542
1.5548331
1.1856913
1.5485625
1.1837066
1.8411326
0.69981878
1.2808364
1.2820892
0.69954136
1.2807157
1.2819636
0.56304246
0.56283133
0.78695724
0.78704631
1.0254642
0.79357195
1.0273318
1.295131
1.2584779
1.2604846
1.260981
1.2956636
1.2617703
0.79156863
1.0228568
1.0255868
1.2805234
0.69718676
1.2809843
0.55897727
0.56013607
0.55991135
0.69543628
1.2797139
1.2804846
0.78938641
0.56084016
0.78865518
0.80364531
1.0485485
1.2434494
1.0682506
0.80354899
1.0480929
1.2440142
1.0682987
0.65292766
0.55206087
0.47971203
0.46341291
0.65287142
0.552211
0.47933741
0.46297196
1.0483181
0.80262223
1.0677436
1.2453877
1.2439294
1.067863
0.80263154
1.0493825
0.55154807
0.65172817
0.46107036
0.4776686
0.47880725
0.46150441
0.65166303
0.55086618
0.60334642
0.56655799
0.52883725
0.48872512
0.60358073
0.56739557
0.527751
0.48788913
0.64211478
0.68845212
0.71375333
0.75829704
0.64232139
0.68903015
0.71316119
0.75814094
0.56645088
0.60283709
0.48662124
0.52668533
0.5276359
0.4873342
0.60251196
0.5654527
0.68829912
0.6416003
0.75728003
0.71172904
0.71298703
0.75765224
0.64124858
0.68713685
1.3125368
0.92004034
0.9203389
0.9515172
0.96076697
0.95150227
1.3126269
0.92075208
0.92063835
0.95143523
0.96067822
0.95149113
0.30872839
0.78562887
0.70821773
0.30722375
0.78515499
0.70803278
1.2249499
0.91992114
1.3125098
0.91974391
0.96018752
0.9515044
0.95147749
0.95144645
0.96032547
0.95147059
1.3125575
0.91930672
0.91963511
0.30848879
0.70700418
0.78363054
0.78489715
0.7074114
0.30955418
0.98825192
0.97855368
0.97863167
0.98720076
0.94314786
0.98716283
0.9883241
0.97874193
0.97870081
0.98707681
0.94309833
0.98714098
0.97393029
0.98226558
0.97377013
0.94019118
0.95283744
0.95301745
0.95337897
0.94039461
0.95321376
0.98213709
0.97345505
0.9736223
0.97848949
0.98798779
0.97841583
0.9428844
0.98695812
0.98697287
0.98704339
0.94293008
0.98701602
0.98790725
0.97829177
0.97836147
1.0096226
0.98921531
1.00959
0.98918029
1.3533303
1.0083016
0.83431147
0.83446221
0.83469505
1.0082794
0.83459582
1.3535225
1.0098634
0.98916962
0.98915554
1.0099866
1.2570583
1.3093853
1.3094448
1.2570383
0.96979091
0.99037721
0.99029296
0.96974379
1.0178165
1.309784
0.9107299
0.91070519
1.0178938
0.96969439
0.99048573
0.96971198
0.99062209
1.2573261
1.3104587
1.3101831
1.2573992
1.2827109
0.81818435
0.81820137
0.86206917
1.1966071
1.2835014
0.92610905
0.95334934
0.92604466
0.95338419
0.87539157
0.95075931
0.87546761
0.95064152
0.86242625
1.1968605
1.283865
0.81808418
0.81813771
1.2836606
2.8349388
2.8356333
0.86931105
0.86118337
0.98129197
1.6976975
0.9806451
1.6971911
2.8379807
2.8374791
2.6222015
2.6450539
1.7334866
2.815822
2.2063264
1.8762054
1.5535356
1.8383806
1.5733933
2.6648141
2.6739141
1.7905901
2.8699132
2.2057888
2.1423064
1.860875
1.5529563
1.5643927
1.840677
0.78707135
0.78679158
0.76072975
0.79196359
0.65088088
0.54993926
0.47783504
0.46005002
0.65098583
0.55097782
0.47643117
0.45895487
1.0522191
0.80212695
1.0669976
1.2487959
1.2496293
1.0682079
0.80046517
1.053955
0.54942007
0.6503715
0.46960551
0.48281356
0.47583506
0.46047114
0.65169776
0.55980005
0.63680201
0.68159367
0.71074299
0.75439443
0.63856812
0.68627151
0.70615725
0.75273109
0.55895624
0.59726881
0.49760452
0.55031563
0.5214928
0.48577959
0.605397
0.58300944
0.68046897
0.63551677
0.75608196
0.71556853
0.7050097
0.75060178
0.64228169
0.69358131
0.38825842
0.7021676
0.773398
0.78404911
0.69824907
0.40169153
1.3536523
1.3532191
1.3534936
1.01034
0.98918618
1.0104557
0.98908355
1.3516583
1.3439465
1.0070851
0.98614048
0.98733068
1.0056949
1.0180582
1.3096402
1.3095698
0.9104048
1.0178585
0.91052249
1.2553532
1.30904
1.2553912
1.3093597
0.9667316
0.98855958
0.96612814
0.98872157
1.0174758
1.3086764
0.90772688
0.90995246
1.0169561
1.2997884
0.96266877
0.98793708
0.96464439
0.9866693
1.2447176
1.3075185
1.2481447
0.87238158
0.94745126
0.87228564
0.94762056
0.923589
0.95048677
0.95066747
0.92359803
1.2805768
0.81389743
0.81381703
0.85535706
1.1918079
1.281557
0.92263886
0.95004182
0.94900419
0.92341692
0.86960369
0.94401692
0.94703936
0.86554507
0.85081521
1.1901633
1.2784025
0.81493588
0.80531274
1.2806414
0.96655575
1.6704141
0.86219727
0.85154613
1.6705605
0.96770701
2.8046336
2.8044999
0.85998191
0.8512229
0.94145006
1.6307858
0.96766434
1.6542329
2.7249656
2.7732275
1.8771649
1.5525459
1.1832272
1.8384273
1.572957
1.1918181
2.2970624
2.6714776
2.6782436
1.8040001
2.8742558
2.2053279
2.141382
1.8604079
1.5519874
1.1777199
1.5627911
1.18506
1.8408302
0.69050613
1.2806874
1.2797237
0.56079357
0.69328098
1.28027
1.2802551
0.78979256
0.56072875
0.7894961
1.0233244
0.78816013
1.0233182
1.2871589
1.2644878
1.2536818
1.2599943
1.2939228
1.2596179
0.7890296
1.0356273
1.019358
1.280823
0.69253076
1.2822819
0.58383781
0.56626413
0.6914361
1.2898452
1.2838449
0.58614565
0.76348551
0.56507496
0.79485536
0.8019451
1.0511231
1.2461587
1.067756
0.80183165
1.0498554
1.248126
1.0682483
0.65065835
0.54957233
0.47730384
0.45928012
0.6507308
0.55054927
0.47594924
0.45824452
1.0521934
0.80190056
1.0672015
1.2493878
1.249972
1.0683425
0.80037118
1.0542084
0.54903433
0.65012265
0.46896918
0.48250512
0.47534842
0.45974868
0.65157625
0.55963856
0.59762621
0.558991
0.52593734
0.48437757
0.59951441
0.56455108
0.521239
0.48288638
0.63660359
0.68167189
0.71083942
0.7545416
0.63835936
0.68625527
0.70638182
0.75292629
0.55812597
0.59683276
0.49678416
0.54983801
0.52073416
0.48479777
0.6046829
0.58262125
0.68060412
0.63538392
0.75652829
0.71596063
0.70530415
0.75100384
0.64212852
0.69380057
1.3121545
0.91806854
0.9186743
0.95160072
0.95978309
0.95169983
1.3125533
0.91923129
0.91914098
0.95173693
0.95961276
0.95173777
0.35215839
0.78302926
0.70420273
0.31226319
0.78238927
0.70247893
1.2113035
0.91711626
1.3076963
0.91711905
0.95782084
0.95159892
0.95182759
0.95167235
0.95881853
0.95183251
1.3045546
0.92182454
0.91736052
0.39091753
0.70256541
0.77355501
0.78431026
0.69858372
0.4018584
0.98771082
0.97823744
0.97826971
0.986988
0.94290013
0.98703569
0.987739
0.97827259
0.97827481
0.98714999
0.94295951
0.98712383
0.97318604
0.98141006
0.97312616
0.93932381
0.95045807
0.95270657
0.95256875
0.93944603
0.95258488
0.98112743
0.97082917
0.97317676
0.97812211
0.98722627
0.97760959
0.94006939
0.98211934
0.98504255
0.98707105
0.94216759
0.98649014
0.98664759
0.97335922
0.97643753
1.0103573
0.98917953
1.0103643
0.98910627
1.3524815
1.007415
0.8376615
0.823083
0.83298146
1.0079617
0.83364332
1.3447933
1.0083871
0.98746849
0.98766713
1.0070022
1.2574015
1.31076
1.3110894
1.2574352
0.96924695
0.9911679
0.99131573
0.96865437
1.0180502
1.310456
0.90847275
0.91056006
1.018457
0.9652346
0.99056182
0.96718794
0.98931303
1.2468046
1.3093705
1.3016189
1.2502417
1.2841614
0.81802032
0.81795759
0.86185925
1.1961354
1.285202
0.92569582
0.95291104
0.92645325
0.95189338
0.87298817
0.94760164
0.95057789
0.86897083
0.85778237
1.1946674
1.2820662
0.81915527
0.80961133
1.2843083
2.8390546
2.8391674
0.86821225
0.86141233
0.95803119
1.6599579
0.98299697
1.6834244
2.7604467
2.8089358
)
;
    }
}


// ************************************************************************* //
