/*--------------------------------*- C++ -*----------------------------------*\
| =========                 |                                                 |
| \\      /  F ield         | OpenFOAM: The Open Source CFD Toolbox           |
|  \\    /   O peration     | Version:  2412                                  |
|   \\  /    A nd           | Website:  www.openfoam.com                      |
|    \\/     M anipulation  |                                                 |
\*---------------------------------------------------------------------------*/
FoamFile
{
    version     2.0;
    format      ascii;
    arch        "LSB;label=32;scalar=64";
    class       volScalarField;
    location    "600";
    object      yPlus;
}
// * * * * * * * * * * * * * * * * * * * * * * * * * * * * * * * * * * * * * //

dimensions      [0 0 0 0 0 0 0];

internalField   uniform 0;

boundaryField
{
    inlet
    {
        type            calculated;
        value           uniform 0;
    }
    outlet
    {
        type            calculated;
        value           uniform 0;
    }
    topandbottom
    {
        type            calculated;
        value           uniform 0;
    }
    front
    {
        type            symmetryPlane;
    }
    back
    {
        type            symmetryPlane;
    }
    airfoil
    {
        type            calculated;
        value           nonuniform List<scalar> 
12960
(
52.164775
47.569376
56.096487
47.512382
47.596678
46.984357
42.476865
47.135214
42.61998
46.609592
47.090242
47.174832
56.195446
56.034339
47.078824
55.233771
47.016377
54.310379
46.409708
48.038099
56.52757
47.377791
42.021747
47.390585
55.162819
47.513447
42.506094
47.099245
47.764917
47.091743
56.279967
47.423198
51.569475
51.609309
46.09214
42.558975
54.378657
54.345927
46.282355
55.198445
41.271109
42.246285
40.567321
42.313333
40.317958
40.057306
40.501404
46.982571
40.238997
55.785312
39.945577
40.213649
39.888169
55.212823
40.049956
55.574591
39.853962
40.041225
39.633454
46.164512
39.817174
55.852276
39.917028
40.18037
39.680026
47.013136
39.923417
42.66462
39.939737
39.746576
40.0173
47.899109
40.103899
41.92668
40.209629
39.877721
40.461823
47.429254
40.280974
47.529423
40.361584
40.203461
40.092497
42.735661
39.790395
55.566899
39.91262
39.973537
39.631402
46.977375
39.555991
54.472573
39.7775
39.75489
39.569783
41.248987
39.321896
42.738239
40.960134
39.858907
19.337464
47.898753
40.709405
40.581769
19.086881
19.016978
42.138126
40.443387
40.101286
18.916737
19.015376
19.0918
41.787217
39.813138
39.878853
18.942432
18.924651
56.013647
40.059572
40.2701
19.209793
19.254797
19.226443
55.719662
40.034429
40.078188
19.302725
47.356932
39.846697
39.867913
19.064851
19.165404
18.96711
46.191361
39.660725
39.82509
55.838744
39.914065
40.179735
19.086048
19.191627
55.911014
40.027695
40.155939
19.084103
19.129341
46.625864
39.981088
39.926362
18.988585
19.035823
18.987371
19.107497
56.292912
40.357277
40.335024
19.166979
19.189374
42.041202
40.114586
39.84253
18.964868
19.02984
18.89502
18.934474
41.65592
39.952698
40.006698
18.730764
18.7972
41.785464
39.935995
39.956672
19.027302
18.934374
18.730838
18.797457
18.897844
46.359435
39.841341
39.905938
18.932397
18.923677
47.184852
39.59874
39.776739
19.207736
19.175939
18.93132
19.045929
19.164213
54.303532
39.69215
39.69264
19.351918
19.289712
54.386329
39.674868
39.696255
19.323557
19.375187
19.053885
41.108629
39.699817
39.36968
18.982625
18.886871
46.862757
39.940901
39.800165
19.565171
19.085867
56.629624
47.21813
42.652782
46.565089
46.757019
47.777623
56.542256
47.366379
56.178923
47.924846
47.141524
46.954191
42.458932
42.671282
46.931604
42.282865
46.846333
42.282527
48.251009
48.243949
42.334024
46.72342
19.018216
20.039712
56.356942
47.684365
19.078769
19.075625
18.933953
19.084968
41.903296
46.839322
19.205243
19.083534
56.41016
18.968348
47.368627
19.072679
19.057459
19.003416
46.81779
47.279681
19.138777
19.042822
41.855561
47.207061
18.966146
19.155301
19.101314
19.027395
55.480179
55.543892
19.397537
19.398469
18.970696
48.108446
56.491077
19.170005
52.271442
51.892939
19.225647
18.928717
47.764271
43.223907
19.063732
19.07671
19.734131
19.093898
41.181032
55.272134
40.377578
55.805806
40.009874
40.248704
39.80193
47.012836
40.095236
42.000292
40.337504
40.052983
40.37634
41.921429
40.161092
43.192822
40.322037
40.12188
40.5082
48.216296
40.34688
42.102901
40.23767
39.94875
40.439516
47.375649
40.210942
56.381003
40.179873
40.335761
40.118769
46.48712
40.04133
55.821286
39.971489
40.27459
39.694376
46.878716
39.911524
47.187348
39.792715
39.978118
40.089278
55.994468
40.363536
42.655454
40.273127
40.196911
40.588885
47.164477
40.661528
52.17381
40.464393
40.471477
40.701668
57.116017
40.908747
56.597005
41.430053
40.962871
19.000475
46.913519
39.630133
39.882134
19.12169
19.24192
55.563723
39.912852
40.219361
19.158836
19.18008
18.915633
19.27493
19.521249
19.26892
19.018746
55.981791
40.475658
40.422699
19.222013
19.236496
42.299684
40.252132
40.001907
19.219194
18.940047
19.141056
18.896145
18.919332
19.311354
52.199478
40.158793
40.118066
19.341019
18.848896
18.814004
46.872269
40.37105
40.338884
18.939503
19.165616
18.976639
18.841296
18.980879
19.181105
18.978677
48.204426
40.471463
40.335298
18.978647
19.177593
19.164472
42.077205
40.247984
39.951902
18.954617
19.073354
19.188247
18.95879
19.165182
19.059987
42.920409
40.0958
39.941531
19.051901
19.010017
48.003416
40.142338
40.188285
19.14287
18.936186
19.200144
19.097567
19.147602
19.079823
19.084156
41.726116
39.779109
39.786824
18.942821
55.979947
40.06629
40.311723
18.876183
19.249232
19.020755
19.234492
19.091994
54.95063
40.213285
40.165236
55.15494
40.224255
40.200141
19.084981
19.185711
19.185693
19.327171
19.32916
19.135103
19.208113
48.140118
40.346484
40.277936
47.969983
40.569532
40.419084
18.891744
19.176937
19.065412
19.179825
18.932153
19.188521
42.212006
40.487575
40.484419
18.758111
18.815148
51.851802
40.51741
40.512449
18.89764
18.737838
19.367121
18.748295
18.90815
18.794946
18.906687
56.821419
40.533931
40.84861
19.165777
19.258163
47.701876
40.262894
40.525138
19.026125
19.175856
19.232801
19.369487
0.79134076
1.299458
1.2973241
0.81362728
1.2179922
1.2689012
0.98241207
0.93811314
0.94002143
0.9793362
1.0060413
1.0091977
1.9572738
1.9408673
1.306095
1.3011763
0.85565364
0.95966134
0.96418703
0.85842663
0.79745847
1.2972795
0.78987241
1.297391
1.2239999
1.2242944
0.98250644
0.94031255
0.98242416
0.94060968
1.0088932
1.0086469
1.9509558
1.964587
1.3085036
1.3087392
0.85584815
0.96391022
0.85579409
0.96371989
0.79532252
1.2986939
0.79792093
1.2975308
1.2237297
1.2239813
0.98277508
0.94077008
0.98260588
0.94096161
1.0083531
1.0082044
1.9492425
1.9351329
1.3080748
1.3082054
0.85581551
0.96349471
0.85584245
0.96341772
0.79160664
1.2978234
0.79701858
1.2967791
1.2240998
1.2237447
0.98232389
0.94082395
0.9825481
0.94062482
1.0079677
1.0078407
1.9266336
1.9710737
1.3079006
1.3079552
0.85581041
0.96332865
0.85581771
0.96327918
0.79224237
1.2979029
0.79666928
1.29727
1.2248054
1.2244227
0.98252179
0.94089599
0.98241722
0.94112743
1.0077431
1.007723
1.9621004
1.9495115
1.3077163
1.3077683
0.85573078
0.96321071
0.85577967
0.96316413
0.79292664
1.2976468
0.79673428
1.2979476
1.2255582
1.2253367
0.9825596
0.94135445
0.98252887
0.94144493
1.0077728
1.0078356
1.9604828
1.9474221
1.3075926
1.3076252
0.85550369
0.96309061
0.85560797
0.96303059
0.79312438
1.2975028
0.79811946
1.2996036
1.2254876
1.2254978
0.98269249
0.94167627
0.98267564
0.94166861
1.0079623
1.0079724
1.9759933
1.9552517
1.3074595
1.3075199
0.85519578
0.96289638
0.85531489
0.96278126
0.79396167
1.2991448
0.7935531
1.2985829
1.2255358
1.225467
0.98258347
0.94142427
0.98260773
0.94123704
1.0078853
1.0078118
1.9554383
1.9730494
1.3071139
1.3072518
0.85484862
0.96252022
0.85498011
0.96234774
0.792671
1.2975892
0.79269753
1.2979556
1.2252168
1.225439
0.98237119
0.94091854
0.98249396
0.94070041
1.0077888
1.0078698
1.9665365
1.9642294
1.3070566
1.3069924
0.85462872
0.96219842
0.85470415
0.96225213
0.79090493
1.2969439
0.79343693
1.2964771
1.2231613
1.2257668
0.9817988
0.94007596
0.98193595
0.93979303
1.0082969
1.0087227
1.9463513
1.9279549
1.3064466
1.3073783
0.85466592
0.96263376
0.85448427
0.96302371
1.1873711
1.1848086
1.9553545
1.9411632
1.8293974
1.85547
1.1918366
1.191381
1.9494402
1.9360283
1.8396284
1.8331346
0.69342645
0.71064275
0.79449114
1.2984222
1.2997047
0.79210415
0.69671213
0.69403233
1.308994
0.9559839
0.95940189
1.3160612
1.2227666
1.224638
1.3110797
0.96030838
0.9597066
1.3125764
0.98824869
0.93662375
0.94338892
0.98483468
0.98243166
0.94019559
0.94000243
0.98240154
0.98833637
0.94345825
0.9435496
0.98828704
1.3049043
1.3000117
0.98457193
0.9451993
0.94977672
0.98378009
1.0090157
1.0093582
1.3066071
1.3075828
0.98615755
0.94995829
0.95000645
0.98735435
0.85383623
0.95944219
0.9639398
0.85663056
0.85410258
0.96371082
0.96401712
0.85395635
1.8294167
1.8559706
1.9475164
1.9334851
1.8353677
1.8315986
1.218833
1.2696373
1.2235603
1.2253378
0.98589492
0.94535707
0.94999116
0.98506442
1.3078005
1.3088186
0.98748446
0.95025989
0.95021061
0.98868472
0.85591902
0.96398758
0.96424856
0.85577443
1.1949746
1.1871241
1.9519761
1.9641061
1.8290411
1.8709071
1.1964252
1.1920732
1.9661449
1.9534061
1.8380813
1.8608801
0.69899774
0.69122819
0.79935655
1.2989285
1.3008249
0.79313966
0.70059815
0.69477807
1.3122115
0.96042858
1.31255
0.96048774
1.2241563
1.224175
1.3122394
0.96031518
0.96045652
1.3120317
0.98826718
0.94344147
0.98829602
0.94336901
0.98250203
0.94071013
0.94064545
0.98254404
0.98824781
0.94327627
0.94335003
0.98821427
1.3073141
1.3075886
0.98751535
0.94999813
0.9874506
0.94980687
1.0084127
1.0085864
1.307304
1.3070805
0.98758977
0.94973412
0.94978687
0.98762196
0.85403082
0.96366335
0.85397323
0.96342299
0.85405951
0.96323368
0.96337014
0.85411368
1.8287047
1.8713801
1.9646161
1.9550004
1.8376723
1.8627635
1.2246944
1.2249942
0.98882645
0.95023191
0.98876565
0.95014805
1.308494
1.3083184
0.98890184
0.95005039
0.9501201
0.98895911
0.85585479
0.96352727
0.96366322
0.85585136
1.1880631
1.1874332
1.9452964
1.9336309
1.8228079
1.8202568
1.1850625
1.1909684
1.9398042
1.9527103
1.8490647
1.8247951
0.69904713
0.69998335
0.78981049
1.295961
1.2956029
0.79521355
0.69369176
0.69958708
1.3119465
0.96033286
1.3119359
0.96043377
1.2236768
1.2236099
1.3119874
0.96034788
0.96045266
1.3117551
0.98831427
0.94326872
0.98825698
0.94318591
0.98279687
0.94092376
0.9409996
0.98265738
0.98831872
0.94304332
0.94316272
0.98817195
1.3068399
1.3070435
0.98763567
0.9497714
0.98764479
0.94957381
1.0080321
1.0081684
1.3068316
1.3066546
0.98766612
0.94936714
0.9495128
0.98761333
0.85408418
0.96322054
0.85410276
0.96303908
0.85405358
0.9627994
0.96297894
0.85391569
1.825007
1.8214514
1.938788
1.9599678
1.8483383
1.8287581
0.98901922
0.95003156
0.98898099
0.95000714
1.308084
1.308003
0.98906505
0.94998459
0.94999968
0.98910834
0.85581048
0.96334311
0.96339521
0.85581437
1.1873532
1.1934397
1.9484554
1.9627558
1.8563572
1.8326092
1.1939837
1.1885481
1.9541536
1.9603498
1.8280647
1.8673969
0.69522374
0.70082814
0.79690849
1.2966428
1.2983552
0.79159807
0.70026759
0.69508287
1.3116595
0.96029067
1.3117622
0.96012006
1.224115
1.2243845
1.3116551
0.96036234
0.96014114
1.3118805
0.98791749
0.94300623
0.98810387
0.94288098
0.9823213
0.94082237
0.94064941
0.98238063
0.98791322
0.94281546
0.9428666
0.98792205
1.3065308
1.3066708
0.98760933
0.94950017
0.98764532
0.94933192
1.0077678
1.0078266
1.3065259
1.3063962
0.98761096
0.94841458
0.94930884
0.98753399
0.85381554
0.96285937
0.85388663
0.96271651
0.85378448
0.96172496
0.96268554
0.85362107
1.8363176
1.8349275
1.9559602
1.9675042
1.8326682
1.8728827
0.98919515
0.94997723
0.98916397
0.94995693
1.3079057
1.3078343
0.9892135
0.94992053
0.94994642
0.98918619
0.85580292
0.96322276
0.9632618
0.85578837
1.1879724
1.1947848
1.9601595
1.9472788
1.8675221
1.8259754
1.1946464
1.1878315
1.9460858
1.961342
1.8254806
1.8680878
0.69557097
0.69979994
0.79690492
1.29712
1.2978995
0.79219478
0.70006565
0.69551504
1.3122687
0.96048027
1.311988
0.96076083
1.2249122
1.2252979
1.3123436
0.96101262
0.96084778
1.3125123
0.98800649
0.94281803
0.98795802
0.94280065
0.98255385
0.94133554
0.94121166
0.98253843
0.98803213
0.94283632
0.94281511
0.98801782
1.3063297
1.3064095
0.98753182
0.94926013
0.98755209
0.94918917
1.0077697
1.0077409
1.3063601
1.3063346
0.98755903
0.9492453
0.94919559
0.98757385
0.85366697
0.96254531
0.85364511
0.96253453
0.85365924
0.96256018
0.9625372
0.85361458
1.8695453
1.8280914
1.9469063
1.9612304
1.8266634
1.8681229
1.2256265
1.2252201
0.98916828
0.94990685
0.98919889
0.94987226
1.3077332
1.3076852
0.98918122
0.94982044
0.94985785
0.98913635
0.8557076
0.96310422
0.96314625
0.8556365
1.1875508
1.1957124
1.9586925
1.9459968
1.8656956
1.8252728
1.1988409
1.1885801
1.9528469
1.9582611
1.8281685
1.8668953
0.69602617
0.69984824
0.79729312
1.2999703
1.2983791
0.79422003
0.7001347
0.69725168
1.3127128
0.96107302
1.312565
0.96122556
1.2255471
1.2255672
1.3127796
0.96154316
0.96131243
1.3129682
0.98807707
0.94286309
0.98803484
0.94292569
0.98259866
0.94165128
0.94151198
0.98266094
0.98812307
0.94304952
0.94296767
0.98819872
1.306392
1.3063814
0.98767702
0.94932093
0.98762121
0.94924852
1.007957
1.0078785
1.3064474
1.3064632
0.98772132
0.94931959
0.94926753
0.98773562
0.85356375
0.96259461
0.85358991
0.96256012
0.85356514
0.96261432
0.96257758
0.85355543
1.8676513
1.8263903
1.950001
1.9574156
1.8275543
1.8669349
1.2261317
0.989096
0.94980272
0.98914368
0.94974708
1.3076163
1.3075803
0.98910171
0.949635
0.94972153
0.98901821
0.85546449
0.96292544
0.96300464
0.8553527
1.1864307
1.1997334
1.9761709
1.941716
1.8819375
1.8225147
1.1989316
1.1965362
1.9561648
1.956324
1.8633833
1.8654811
0.69593118
0.70159984
0.79428712
1.2999164
1.2988845
0.79471418
0.69701228
0.69735345
1.3131022
0.9616157
1.3130158
0.96164995
1.2254549
1.2254401
1.3131127
0.96141538
0.96163001
1.3129451
0.98825079
0.94308039
0.98823685
0.94308095
0.98269589
0.94150302
0.94165632
0.98263685
0.98825587
0.94299159
0.94307799
0.98818372
1.3064766
1.3065087
0.98769327
0.94938179
0.98776132
0.94922067
1.0079269
1.0079787
1.3065067
1.3064128
0.98767827
0.94919618
0.949199
0.98746907
0.85360173
0.96264275
0.85355388
0.96254885
0.85359768
0.96250509
0.96253478
0.85415865
1.8816979
1.8300198
1.9191544
1.957628
1.8211585
1.8663347
1.2259273
1.2260258
1.225812
1.2256645
0.98884952
0.94959678
0.98900439
0.94946101
1.3074579
1.3073324
0.98879892
0.94920058
0.9494025
0.9885212
0.85515299
0.96257593
0.96273374
0.8550237
1.1988281
1.1968102
1.9560701
1.9674584
1.8644742
1.8748742
1.1954735
1.197077
1.9659371
1.9623646
1.8734892
1.8686433
0.69687291
0.69627339
0.79299999
1.2972889
1.2980415
0.7926087
0.69598106
0.69561262
1.3127061
0.96133177
1.3129278
0.96101929
1.2255609
1.2255032
1.3126815
0.96070313
0.96093515
1.3125159
0.98810096
0.94296277
0.98816921
0.9428375
0.98258517
0.94099962
0.9411912
0.98253044
0.98809522
0.94272055
0.94281169
0.98803088
1.3063204
1.3064309
0.9871514
0.94915798
0.98742127
0.9489894
1.0077954
1.0078084
1.3063475
1.3063076
0.98709541
0.94885162
0.94895483
0.98684783
0.85411965
0.96248115
0.85415549
0.96237037
0.85412083
0.96232184
0.96235632
0.85410067
1.8629827
1.8777882
1.9659557
1.9631121
1.8733549
1.8687179
1.2256981
0.98809883
0.94912359
0.98844734
0.94889006
1.307115
1.3070377
0.98801241
0.94864458
0.94881617
0.9876795
0.85481036
0.96220439
0.96229719
0.85472561
1.1960514
1.1968844
1.9684143
1.9638186
1.8741782
1.8698901
1.1964494
1.1989811
1.9628361
1.9788293
1.8667982
1.8832958
0.69529884
0.69561896
0.79452409
1.2977747
1.3002151
0.79199729
0.69685495
0.6947807
1.3124009
0.96065796
1.3125096
0.96053008
1.2251829
1.2255566
1.3124236
0.96037663
0.96051039
1.3125672
0.9879454
0.94270892
0.98802318
0.94266754
0.98231349
0.94023934
0.94062627
0.98202842
0.98792399
0.94271967
0.94267806
0.98779319
1.3064395
1.3063656
0.98663731
0.94884821
0.98680844
0.9488573
1.0081852
1.0079352
1.3065434
1.3067463
0.98663444
0.9490434
0.94889906
0.9865825
0.85408565
0.96234408
0.85410727
0.9624375
0.8540762
0.96275072
0.96250641
0.85399208
1.8730361
1.870274
1.9619635
1.9784323
1.8671941
1.8826162
1.2253209
1.2255446
1.2252958
1.2256978
0.98738852
0.94860744
0.98761031
0.9485804
1.30715
1.3073765
0.9873763
0.94872962
0.94859816
0.9873227
0.85459716
0.9625216
0.96229618
0.85450202
1.1883771
1.187094
1.9443575
1.9286934
1.8313521
1.8252895
1.1867649
1.1837622
1.9721274
1.9391375
1.8365278
1.8539358
0.69361956
0.69617433
0.79073599
1.2991832
1.2962946
0.81499693
0.69325888
0.7124677
1.3113641
0.96030672
1.312658
0.95985882
1.2179554
1.2684465
1.3093617
0.95599637
0.95961618
1.3160364
0.98775213
0.94277034
0.98778089
0.94293383
0.98175986
0.93763918
0.93981191
0.9785734
0.9876824
0.93613007
0.94283266
0.98417127
1.3058506
1.3068323
0.98544336
0.94911524
0.98656375
0.94903613
1.0055327
1.0086288
1.3042436
1.2993627
0.98394335
0.9433933
0.94882507
0.98319397
0.85358244
0.96287594
0.85398431
0.96317346
0.85331952
0.95772482
0.9631298
0.85588611
1.8322052
1.8247584
1.9733528
1.9400137
1.8367583
1.8550791
1.2233314
1.2259295
0.98620561
0.94879012
0.98730248
0.94889119
1.3048464
1.2999883
0.98471497
0.94426067
0.94872958
0.98402143
0.85441661
0.95862529
0.96301106
0.85723813
2.6967022
0.85767079
2.6449767
0.85911565
2.9239949
0.85894744
0.85913087
0.85934253
2.9634244
0.85952204
0.85967252
0.8597971
2.6716736
0.86010364
2.9069253
0.86086958
2.6942403
2.8719703
1.1835201
1.1918007
0.85471988
0.85626362
2.878591
1.1839687
1.1947086
0.85927168
2.6394018
2.6608077
1.1943265
1.1912613
0.85608615
0.85543002
1.1945632
1.1942032
0.8590243
2.9171132
2.9553973
1.1937123
1.1907991
0.85534321
0.85484486
1.1940453
1.1939405
0.85912075
2.665431
1.1906697
1.1904556
0.85466321
0.85427547
1.1938894
1.1938556
0.85934212
1.1903687
1.1902009
0.85414956
0.85375988
1.1938031
1.1937564
0.85952745
1.1901463
1.1900005
0.85363087
0.85320113
1.1936924
1.1936144
0.85969398
2.9308181
1.1899313
1.1897456
0.85301652
0.85245944
1.193521
1.1933809
0.8598186
2.6551099
1.1896843
1.1896547
0.85221353
0.85178812
1.1932755
1.1932163
0.85994245
2.6707247
2.6165944
1.1923649
1.1900985
0.85179381
0.85173455
2.6229706
1.1932942
1.1937009
0.86066241
2.9015385
2.6900673
1.1902561
1.1795715
0.85194518
0.85031296
1.1938498
1.1832154
0.85953454
1.0270109
0.79050475
1.0261107
1.2898383
1.2660594
1.2558643
1.2630449
1.2971001
1.2621844
0.79073143
1.0372672
1.0216751
1.0512011
1.2410155
1.2475853
1.0457117
0.56442484
0.53901895
0.52787511
0.5739195
0.41645326
1.2119223
0.79179397
0.7882589
0.43488084
1.2053051
0.97398967
0.98226942
0.97402745
0.9400396
0.95148936
0.95364585
0.95328103
0.94004291
0.95340598
0.98203796
0.97189522
0.97417514
1.0078145
0.83809788
0.82354106
0.83351189
1.0083931
0.83414395
2.1786169
1.9619806
2.9570639
1.9411942
1.3549673
1.3041641
1.3538734
1.29794
1.3543931
1.0196704
0.85608366
0.96239771
0.90536369
0.91221757
0.96361603
0.84722905
1.017385
0.87574331
0.95207282
0.95118533
0.87651167
0.9740518
0.85802145
0.97755538
0.79427651
1.0301664
1.0277868
1.2605619
1.2963446
1.2606589
0.7916766
1.0249432
1.0258199
1.2634329
1.2987091
1.2622858
1.0498207
1.2440314
1.0488607
1.2443345
0.56498962
0.52556102
0.56394253
0.52672127
0.31875554
1.2239425
0.7832099
0.32136182
1.2240456
0.78351755
0.98250992
0.97401828
0.97399621
0.95316727
0.9404544
0.95329266
0.98248611
0.97384896
0.97394856
0.9534316
0.94057034
0.95340004
0.83485486
1.0088132
0.83498463
0.83508642
1.0087426
0.83506594
2.1646118
1.9579074
1.9437351
1.3086166
1.3545221
1.3087429
0.8558321
1.0188328
0.9120104
0.96383893
0.85581376
1.0191077
0.91193179
0.96377432
0.87612766
0.95118335
0.9512699
0.87607712
0.97702865
0.85913154
0.97693321
0.79873391
1.028678
1.0312444
1.2643103
1.3017247
1.2653008
0.7991212
1.0309427
1.031754
1.2625897
1.2982511
1.2642263
1.0531053
1.2475276
1.0533221
1.2475919
0.56788502
0.53118674
0.56854781
0.5304863
0.30921792
1.2237764
0.7841561
0.30839298
1.2238499
0.7841568
0.98274784
0.97439052
0.97435694
0.95362715
0.94086203
0.95372828
0.98269911
0.97420228
0.97430921
0.953829
0.9409366
0.95380645
0.83511881
1.0083162
0.83513286
0.83508707
1.0082746
0.83512873
2.2668511
1.9529303
2.9744626
2.1605901
1.9518361
1.3081505
1.353778
1.3082307
1.3539564
0.85581996
1.0184633
0.91186237
0.96346245
0.8558288
1.0185564
0.9118483
0.96343536
0.8758864
0.95073113
0.95076069
0.87587851
0.97674708
0.85901923
0.97682573
0.78890703
1.0250337
1.0229908
1.2630376
1.2962934
1.2604715
0.79283368
1.0295346
1.0261375
1.2598044
1.2969221
1.2585934
1.0467883
1.2431924
1.0481286
1.2421762
0.56691963
0.52856467
0.56646489
0.52894662
0.30394823
1.224052
0.78426972
0.30558006
1.2239245
0.78436015
0.9823796
0.97392856
0.97399011
0.95363029
0.94074289
0.95352869
0.98246845
0.97418687
0.97409851
0.95337732
0.94067762
0.95344678
0.83493639
1.0079303
0.83490689
0.83483642
1.0078959
0.83488062
2.1773281
1.9881806
2.1604128
2.8035404
2.1731432
1.9326325
1.3079704
1.3535408
1.3535777
1.3080267
1.353609
0.85581271
1.0183136
0.91182928
0.9633086
0.85581494
1.0183659
0.91180801
0.96328993
0.87584709
0.95058587
0.95059668
0.87584133
0.97721822
0.85921807
0.97731837
0.79225454
1.0253143
1.0253676
1.2628699
1.2978794
1.2628802
0.79668102
1.0291809
1.0291987
1.2600342
1.2974058
1.2601144
1.0487976
1.2444767
1.0494892
1.2439329
0.56735433
0.52942844
0.56728527
0.52941546
0.30267199
1.22467
0.78525267
0.30300043
1.2245191
0.78543362
0.98250402
0.97419288
0.97416764
0.95356407
0.940991
0.95364144
0.98247974
0.97407048
0.97414462
0.95373759
0.94107493
0.95370707
0.83480644
1.0077444
0.8348238
0.83482186
1.0077454
0.83483703
2.1694483
1.9583868
2.1681838
1.949509
1.3077769
1.3533837
1.353408
1.3078303
0.85574741
1.0181823
0.91176742
0.96319208
0.855763
1.0182405
0.91172717
0.96317437
0.87575933
0.950456
0.95047165
0.87574282
0.97771064
0.85942494
0.97779766
0.79231122
1.0260684
1.0254583
1.2628243
1.298066
1.2629981
0.79674383
1.0292382
1.0293211
1.260715
1.2974932
1.2601704
1.0484008
1.2441794
1.0490809
1.2436101
0.56860766
0.53018144
0.56865049
0.53013515
0.29843893
1.2255174
0.78639569
0.29861546
1.2254166
0.7864724
0.98255305
0.97426432
0.97426347
0.95386119
0.94139416
0.9538867
0.98255515
0.97425
0.97427826
0.95390297
0.94142945
0.95390723
0.83486354
1.0078023
0.83488836
0.83490262
1.0078314
0.83490949
2.1691862
1.96384
1.9480703
1.3076466
1.3532661
1.3076937
0.85553798
1.0179976
0.91164548
0.96306933
0.85557216
1.0180771
0.91157049
0.96304733
0.87558549
0.95027509
0.95029722
0.87555702
0.97811761
0.85960245
0.97820187
0.79622513
1.0266157
1.0287917
1.2633367
1.3014092
1.2654806
0.79961325
1.0303062
1.0320013
1.2615558
1.2973079
1.2623085
1.0509108
1.2464946
1.0516995
1.2460377
0.56890511
0.53139447
0.56905311
0.53118281
0.30464905
1.2254898
0.78677851
0.30403769
1.2254761
0.78671633
0.98270756
0.9743727
0.97439464
0.95404082
0.9417072
0.95406843
0.98271417
0.97437895
0.97441612
0.95403338
0.94171077
0.95407292
0.83496872
1.0079846
0.83498404
0.8349535
1.0079962
0.83498657
2.169616
1.9551627
2.6449596
2.2820406
1.9565054
1.30753
1.3531224
1.3075853
1.3531807
0.85523426
1.0177538
0.91139438
0.96285886
0.85527296
1.0178532
0.91124897
0.96281891
0.87529071
0.95003504
0.95006556
0.87524312
0.97846793
0.85974524
0.97853205
0.7981318
1.0270529
1.0306587
1.2614331
1.2987129
1.2635944
0.79746003
1.0267788
1.0300698
1.2614384
1.2988744
1.264025
1.0506666
1.245716
1.050564
1.2457991
0.56869549
0.53035227
0.56843357
0.53061469
0.29986104
1.2255188
0.78674193
0.30114216
1.225503
0.78676489
0.98260102
0.97425412
0.97427398
0.95389611
0.94137295
0.95388518
0.98261762
0.97428988
0.97430109
0.95383154
0.94132031
0.95387529
0.8348535
1.0078697
0.8348404
0.83477536
1.0078542
0.8348217
2.2751029
1.9538951
2.1685825
1.9497573
1.3072021
1.352804
1.3528502
1.3072899
1.3529244
0.8548881
1.0174196
0.91092833
0.96245868
0.85493256
1.0175473
0.91071504
0.96239878
0.87487056
0.94978073
0.94979975
0.87482248
0.97873511
0.85987093
0.97879656
0.79654666
1.0261057
1.029487
1.2605373
1.2976937
1.2630298
0.79668281
1.0259842
1.0294706
1.2608185
1.2982608
1.2632528
1.0503056
1.2455689
1.050275
1.2456376
0.56742362
0.52948778
0.56779172
0.52910031
0.30040796
1.2252964
0.78606236
0.29901415
1.2253776
0.78588674
0.98243449
0.97397714
0.97405708
0.95366061
0.94086236
0.95362267
0.98248398
0.97414908
0.9741296
0.95347569
0.94079961
0.95357252
0.8346402
1.0078165
0.83462029
0.83452008
1.0078525
0.8345886
2.2579285
1.946458
2.6634231
1.947769
1.3070638
1.3529999
1.3529122
1.3070838
0.85465429
1.0174454
0.91046544
0.96220058
0.85467863
1.0173563
0.91043057
0.96221674
0.87468874
0.94992624
0.94986529
0.8747147
0.97926142
0.86024155
0.97943087
0.7894673
1.02584
1.0244638
1.2620867
1.2963326
1.2615338
0.79223787
1.0274626
1.0266176
1.2614889
1.2974767
1.2604932
1.0505241
1.2464307
1.0504224
1.2467571
0.56201352
0.52581894
0.56377271
0.52420179
0.3288973
1.2252023
0.78312715
0.31700881
1.2258367
0.78276328
0.98185595
0.97330057
0.97331367
0.95282461
0.93995716
0.9527345
0.98189738
0.97340995
0.97335543
0.95268112
0.93986848
0.95270269
0.83398068
1.0084595
0.83379698
0.8333555
1.0086398
0.83353768
2.1802732
1.9820027
1.9268689
1.307094
1.3545404
1.3074232
0.85451241
1.0184732
0.91062609
0.96276154
0.85448881
1.0179207
0.91096259
0.96290683
0.87530929
0.95100297
0.95087484
0.87538384
0.98109577
0.86097556
0.9815707
1.1825771
1.1906696
2.1771975
1.9591179
2.2708645
1.9429611
1.8328723
1.8616543
1.5577736
1.5486702
1.8327288
1.8607169
1.1893825
1.2007689
2.1725695
1.9679299
2.2323975
2.9077437
1.9645975
1.8469601
1.8731753
1.559158
1.5593382
1.834958
1.8435156
1.2816172
0.69306632
1.282164
0.59166382
0.57612521
0.5726676
0.69140758
1.2887449
1.2831588
1.0292919
0.79559786
1.0303649
1.299541
1.2628014
1.2650672
1.2645673
1.302946
1.265872
0.79553434
1.0274259
1.0303345
1.282702
0.69740632
1.2825448
0.69751571
1.2806426
1.2822919
0.54979344
0.47811275
0.47627024
0.552108
1.0540953
1.248872
1.2496937
1.053019
0.55280952
0.47828967
0.47891686
0.55178237
0.68344993
0.71243049
0.70753
0.68912296
0.56238018
0.52493267
0.52481934
0.56271605
0.68288574
0.70760677
0.70707554
0.68335686
0.91649492
1.3073949
0.91655358
0.95817549
0.95184464
0.95183557
0.95144718
0.95905989
0.95163545
1.3043248
0.92201608
0.91713519
0.33403586
1.2244307
0.78191038
0.78174855
0.32657581
1.2248552
0.9178414
1.3120009
0.91859024
0.96016149
0.95179516
0.95184953
0.95168119
0.9599563
0.95179063
1.3125124
0.91941771
0.91927737
0.97869515
0.98793856
0.97818587
0.94052005
0.98255584
0.98550155
0.98756425
0.94265449
0.9869667
0.98742465
0.97395335
0.97703779
0.97389518
0.98242655
0.97382738
0.94009132
0.95307733
0.95303549
0.95314277
0.94003946
0.95308044
0.98240641
0.97379706
0.97379388
0.97884355
0.98834285
0.97886467
0.94350206
0.98751686
0.98758628
0.98769395
0.94355219
0.98767491
0.98832358
0.97881341
0.97885282
1.353956
1.3029782
1.2967619
1.0108147
0.98262965
0.94789266
0.98636995
0.98976993
0.94910734
0.97948278
1.0093432
1.009144
0.83470925
0.83453127
0.83410098
1.0092973
0.83427713
1.3548907
1.3072444
1.3076061
1.01152
0.98683481
0.95004317
0.99051542
0.99026036
0.95008439
0.98725956
1.0105143
1.0181047
0.854271
0.96215593
0.90427262
0.9111147
0.96338445
0.84540069
1.0158076
1.2519442
1.2539745
1.0181392
0.8539669
0.96382998
0.91095664
0.91117673
0.96396035
0.85395431
1.0176829
1.2563319
1.2556792
1.3107477
0.87299066
0.9492695
0.94836234
0.87377109
0.81507058
0.81563102
1.2735967
1.189753
1.2810505
0.87383511
0.94936148
0.87388074
0.94925373
0.815414
0.81541589
1.1940625
1.2824404
1.2831155
0.97080833
0.85518605
0.9743994
0.85639941
0.97436309
0.97483443
1.8331586
1.8634086
1.8316079
1.8617346
2.1722957
1.966806
1.9587047
1.843642
1.8739681
1.5565608
1.8323649
1.8431859
1.0515882
1.2417126
1.2481682
1.0462184
0.54971063
0.47780946
0.47594056
0.5520539
1.0543909
1.2493676
1.2501373
1.053411
0.55285817
0.47821231
0.47874061
0.55193926
0.5651001
0.53925727
0.52797254
0.57480977
0.68434349
0.71346959
0.70847277
0.69014839
0.56274174
0.52494294
0.52477601
0.56308372
0.68348574
0.70826786
0.70779298
0.68392164
0.41569015
1.2127374
0.79239085
0.788801
0.4346108
1.2060394
0.33390867
0.78240717
0.78226611
0.32664974
1.2255732
1.0108956
0.98394601
0.94808635
0.9864668
0.98990968
0.94930032
0.98078694
1.0093841
1.3559056
1.3084381
1.3088023
1.355461
1.011587
0.9881645
0.95028061
0.99078037
0.99039013
0.95028137
0.98858339
1.011788
1.253828
1.311511
1.310274
1.2558551
1.0197004
0.85578306
0.96408072
0.91205773
0.91227499
0.96418194
0.85577332
1.0192362
1.258199
1.2575525
1.3124242
0.8181934
0.81876214
1.2758492
1.19259
1.2837555
0.87656214
0.95214207
0.87661489
0.95202046
0.81851539
0.81850549
1.197008
1.2851067
1.285792
0.85935728
0.97778598
0.97821584
1.1909517
1.1958411
2.162874
1.9555558
2.2585708
2.1754303
1.9426119
1.8628172
1.8340992
1.8465494
1.8700036
1.1971415
1.1921528
2.2375176
1.9452271
2.2749666
2.9219015
1.9697854
1.8382959
1.8317075
1.5693852
1.5552974
1.873778
1.8642149
0.6954938
1.2812583
1.2797733
0.56260435
0.69253574
1.2787672
1.2784898
0.56462771
1.032523
0.79545419
1.0294896
1.2980714
1.2620073
1.2606696
1.2660373
1.2991046
1.2636909
0.7906376
1.027258
1.0253416
1.2819929
0.69719217
1.2811815
0.56468067
0.56746947
0.69253534
1.2801687
1.2796841
0.5524312
0.47802898
0.55097854
0.4791316
1.0493948
1.243347
1.244366
1.048104
0.55122843
0.47775573
0.4783539
0.55029814
0.68583083
0.70940801
0.68498476
0.71023448
0.56767076
0.53047938
0.52986623
0.56842919
0.68795106
0.71287116
0.71246721
0.68853501
1.3122975
0.91961694
0.9196808
0.95172519
0.96049053
0.9515886
1.312447
0.91965588
0.9197774
0.95124793
0.96052253
0.95144676
0.31001772
1.2242885
0.78403556
0.78397257
0.30848412
1.2243061
0.91977193
1.3122442
0.91984298
0.96035279
0.95064853
0.9508018
0.95111273
0.96041413
0.95097637
1.312216
0.91972756
0.91993713
0.98829613
0.97875539
0.97878907
0.98747884
0.94342236
0.98743742
0.98830965
0.97881213
0.97881311
0.98735285
0.94340996
0.98741723
0.97403116
0.98249043
0.97403339
0.94066355
0.95354318
0.95348126
0.95345277
0.94065919
0.95346753
0.98250946
0.97412522
0.97407627
0.97873528
0.98822164
0.97870677
0.9433016
0.9871881
0.987226
0.98731743
0.94333181
0.98728399
0.98822145
0.97867157
0.97869712
1.3074285
1.3535033
1.3075556
0.98750245
1.0099608
0.99059935
0.94999444
0.98749573
1.0115207
0.99040949
0.94994156
1.0084621
0.83512032
0.83511795
0.83510893
1.0085289
0.83512101
1.3533686
1.3072577
1.3072366
1.3530158
1.0098529
0.98762991
0.94982046
0.99033023
0.99039578
0.94985048
0.98767509
1.0095592
0.85401289
1.0173035
0.91092088
0.96361235
0.85399396
1.0175575
0.91084037
0.96353932
1.2565162
1.2564485
1.0172499
0.85410778
0.96330242
0.9113895
0.91082336
0.96335954
0.85411893
1.0171464
1.2563558
1.2564004
1.3090001
0.87343201
0.94842509
0.94850536
0.87337902
0.81573996
0.81572526
1.2820535
1.1942648
1.2818269
0.87328713
0.94834705
0.87332927
0.94826495
0.81573708
0.81571075
1.1938718
1.2807266
1.2813295
0.97351465
0.85598813
0.97331834
0.85560518
0.9726203
0.97278364
1.8641178
1.83449
1.8464846
1.870705
1.5505862
2.2427193
1.9471547
1.9690638
1.838915
1.8319142
1.8728452
1.8658639
1.0499349
1.2444755
1.0491163
1.2447226
0.55223993
0.47781212
0.55091269
0.4787892
1.0496564
1.2438498
1.2449235
1.048308
0.5510542
0.47736342
0.477969
0.55011414
0.56446351
0.52520558
0.56355277
0.52610412
0.68596291
0.70974623
0.68517628
0.71053373
0.56766328
0.53004165
0.5294332
0.56823727
0.68852796
0.71333216
0.71292651
0.68896597
0.31898723
1.2246327
0.78361461
0.32163527
1.2247357
0.78390331
0.3100575
0.78442807
0.78435342
0.308535
1.2250148
0.98881554
1.0112439
0.99078249
0.95020519
0.98881566
1.0116537
0.99072172
0.95017385
1.3543899
1.3084466
1.3084301
1.3540608
1.0111379
0.98894659
0.9500711
0.99062399
0.99069917
0.95009379
0.98899697
1.010854
1.2583753
1.3109271
1.2583126
1.0187612
0.85585807
0.96356816
0.91187166
0.91191259
0.96361106
0.85585679
1.0185965
1.258229
1.2582676
1.3106817
0.81881819
0.81879207
1.2842472
1.1944881
1.2839996
0.87599915
0.95109558
0.87603429
0.9510148
0.81881541
0.81879384
1.1968318
1.2834015
1.2839982
0.85913254
0.97673479
0.97678965
1.1979492
1.1865349
2.2658991
1.9526503
2.2620309
2.9672646
2.1596436
1.951657
1.8277842
1.8321113
1.8599398
1.831428
1.1922668
1.1979487
2.2045023
2.0041102
2.1551211
1.9340409
1.8567762
1.9001891
1.548418
1.5636509
1.8438063
1.8306062
0.70194169
1.2817745
1.2830517
0.57187675
0.70187571
1.2821348
1.2831917
0.57115531
1.0237619
0.78864253
1.0226708
1.296545
1.2613686
1.2596313
1.2588733
1.2968934
1.258402
0.79124374
1.0277259
1.0246987
1.2792425
0.69226933
1.2780482
0.55875086
0.69545153
1.2807511
1.2792583
0.55340214
0.48026369
0.55391063
0.47987005
1.0469767
1.2430057
1.2423479
1.0479175
0.54968181
0.4776517
0.47712091
0.55056329
0.68771253
0.71277007
0.68819461
0.71243056
0.56498236
0.52693461
0.52700503
0.56497065
0.68651054
0.71138422
0.7113663
0.68655256
1.3119203
0.92026846
0.92015756
0.95060905
0.96036877
0.95062849
1.3119188
0.91983611
0.92005394
0.95071431
0.96042012
0.9506993
0.31132629
1.223605
0.7840984
0.78408302
0.31077777
1.2235657
0.92048174
1.3119334
0.92051258
0.96040715
0.95052206
0.95062868
0.95074406
0.9604485
0.95071971
1.3118763
0.9203341
0.92055808
0.98831427
0.97867092
0.97869081
0.98717568
0.94324978
0.98715272
0.98830115
0.97868724
0.9787028
0.98709376
0.94323185
0.98714558
0.97441781
0.98278099
0.97440879
0.94097864
0.95374272
0.95381574
0.95385535
0.94101021
0.95385984
0.98274431
0.974301
0.97438785
0.97866226
0.98829355
0.97863204
0.9430928
0.98691147
0.98697234
0.98706906
0.94313733
0.98703879
0.9882584
0.97852567
0.97859986
1.3069313
1.3526898
1.3070233
0.98765343
1.0092221
0.99037267
0.94976727
0.98766347
1.0105984
0.99012823
0.94971558
1.0080781
0.83498042
0.83502017
0.83506942
1.0081309
0.8350571
1.352638
1.3067843
1.3067732
1.352462
1.0091443
0.98765944
0.94942491
0.98903345
0.99006797
0.94948075
0.98767192
1.0089973
0.85410361
1.0178342
0.9113845
0.96319579
0.85411517
1.0171015
0.91129532
0.96314397
1.2560455
1.2559917
1.0177956
0.85401746
0.96286596
0.91115788
0.91126245
0.96293626
0.85394882
1.0167907
1.255902
1.2559413
1.3083522
0.87311821
0.94788924
0.94792974
0.87308947
0.81544901
0.81548606
1.28089
1.1936902
1.2808066
0.87303416
0.94784635
0.87305963
0.94779771
0.81541233
0.81537149
1.1933885
1.2800726
1.2806029
0.97239119
0.85528959
0.97231104
0.85501282
0.97187119
0.97200616
1.8282172
1.8336502
1.8600987
1.8327207
1.5510756
2.2035607
2.0020813
2.7213385
1.9325288
1.8570131
1.8998995
1.8435265
1.8331974
1.0535183
1.2479727
1.0535283
1.2482283
0.55357256
0.48011208
0.55392846
0.47986064
1.0473379
1.2435186
1.2429986
1.0481237
0.54971896
0.47744697
0.47702326
0.55046451
0.56823427
0.53122877
0.56892377
0.53059897
0.68862369
0.71346661
0.68904925
0.71317294
0.56504067
0.52664997
0.52672251
0.56472666
0.6870951
0.71202825
0.71204472
0.68706498
0.30908501
1.2245553
0.78467127
0.30834413
0.78470804
0.31119377
1.2244288
0.7847273
0.78469922
0.31074408
0.98901863
1.0105975
0.99059584
0.95002047
0.9890203
1.0107671
0.99054584
0.9500105
1.3537434
1.3080549
1.3080649
1.3536328
1.0105542
0.9890851
0.94998898
0.99050128
0.99053115
0.94999296
0.98912745
1.0104645
1.2579796
1.2579429
1.0184385
0.85580883
0.9633604
0.91183522
0.91184463
0.96337492
0.85581035
1.0183819
1.2578931
1.2579107
1.3101385
0.81862764
0.81863533
1.283145
1.1940269
1.2830587
0.87587115
0.95069525
0.87587326
0.95066361
0.8186081
0.81858789
1.1965244
1.2828934
1.2834032
0.85918495
0.9770658
0.97704037
1.1889375
1.1972976
2.1836574
1.9865474
2.1613374
2.6806605
1.9213141
1.8884833
1.8621208
1.5504078
1.8242226
1.8337942
1.1957176
1.1858632
2.2657957
1.947382
2.2771955
1.9608103
1.8334366
1.8238902
1.5692094
1.5511914
1.8682809
1.867335
0.6926891
1.2792698
1.2786644
0.56233136
0.69671604
1.2811377
1.279926
0.5610415
1.0295863
0.79596104
1.0284783
1.2975796
1.2594572
1.2599809
1.2632739
1.2966766
1.2620551
0.79172209
1.0246957
1.0250213
1.2809369
0.69968517
1.2809531
0.56414838
0.69539468
1.2794232
1.2797069
0.54985444
0.47763267
0.55062037
0.47718283
1.0493678
1.2436488
1.2443948
1.0484788
0.55182195
0.47891633
0.47883437
0.55163332
0.68822447
0.7125151
0.68784199
0.71286334
0.56774055
0.52918193
0.52950378
0.56719346
0.68864291
0.71290062
0.71320464
0.68833932
1.3117416
0.92018548
0.92032979
0.9504622
0.96022195
0.95039598
1.3117932
0.92039487
0.92046913
0.9502592
0.96017004
0.95034292
0.30221433
1.2241783
0.78476163
0.78471006
0.3022697
1.224303
0.92028023
1.3117034
0.92040439
0.9602724
0.95057856
0.95046567
0.95028615
0.96020235
0.95037238
1.3118391
0.92069475
0.92067384
0.98796583
0.97832832
0.97837049
0.98686724
0.9429621
0.98681607
0.98803811
0.97847557
0.97842847
0.98673695
0.94292944
0.98679161
0.9739246
0.98232671
0.97393542
0.94074478
0.95349816
0.95343765
0.95337864
0.94069685
0.95340873
0.98235402
0.97402076
0.97398263
0.97832194
0.98791009
0.97831207
0.94283381
0.98666174
0.98668024
0.98672413
0.94285669
0.98671573
0.98792555
0.97829914
0.97831693
1.3066159
1.352311
1.3066886
0.98764843
1.0088251
0.99002511
0.94952107
0.98767044
1.0100932
0.98984976
0.94946962
1.0077823
0.83481089
0.8348163
0.83482301
1.0078118
0.83482623
1.3522717
1.3064954
1.3065069
1.3521876
1.0087821
0.98759343
0.94928682
0.98883609
0.98982722
0.94936563
0.98760401
1.0087087
0.85384037
1.0166414
0.91117544
0.96286241
0.85386336
1.0167558
0.91107644
0.96281442
1.2557529
1.3081189
1.3081522
1.2557161
1.016598
0.85374943
0.96258156
0.91023414
0.91104704
0.96268633
0.85367862
1.0164003
1.2556413
1.2556712
1.3080415
0.87290034
0.94757274
0.9475981
0.87287078
0.81519135
0.81521419
1.2799272
1.1931662
1.2803574
0.87281244
0.94754397
0.87283935
0.94750941
0.81515872
0.81511491
1.1905106
1.279741
1.2797581
0.97161721
0.85470132
0.97157679
0.85440058
0.97109372
0.97122737
1.8908207
1.8505814
1.8362718
1.8334819
1.561061
2.2630922
1.9497456
1.9576442
1.8377072
1.8252059
1.8652054
1.8709439
1.0472463
1.2436407
1.0483348
1.2428849
0.55001493
0.47752795
0.55061185
0.47723679
1.0501491
1.2445952
1.2454008
1.0491816
0.55227282
0.47917635
0.47915668
0.55200539
0.56711142
0.52859973
0.56657607
0.52910731
0.68879022
0.71318086
0.68834999
0.71358865
0.56782806
0.52961063
0.52994978
0.56755803
0.68950935
0.71419765
0.71420305
0.68947793
0.30432073
0.78494665
0.30586228
0.78505934
0.30270913
0.78562513
0.7854985
0.30267873
0.98921488
1.0103964
0.9904919
0.94997151
0.98922093
1.0104477
0.99045843
0.94996192
1.3535118
1.3078808
1.3078999
1.353447
1.0103705
0.98921215
0.94992951
0.99040212
0.9904418
0.94993659
0.98923584
1.010312
1.2578344
1.2578105
1.0182963
0.85579709
0.9632364
0.91177815
0.91179984
0.96324628
0.85579317
1.0182549
1.2577652
1.2577803
1.3099976
0.81856342
0.81855675
1.2828377
1.1938962
1.2827975
0.87582893
0.95056306
0.87583486
0.95054082
0.8185516
0.81853525
1.1964338
1.2827263
1.2832233
0.85940567
0.97758999
0.97756744
1.1879248
1.1950358
2.1680601
1.9601694
2.6658257
1.9474321
1.8676402
1.8675334
1.5509472
1.8263555
1.8332725
1.5696443
1.1947228
1.1880302
2.260524
1.9463731
2.2600117
2.1681731
1.9597647
1.832973
1.8258438
1.5695456
1.5505825
1.8673072
1.8676504
0.69562358
1.2795855
1.2796514
0.56459869
0.69985934
1.2807781
1.2808489
0.56261876
1.0293663
0.79695171
1.0294264
1.2971928
1.2599539
1.2600096
1.2629809
1.2979854
1.2630432
0.7922695
1.0252727
1.0253311
1.2808846
0.70013686
1.2809142
0.56469738
0.69563691
1.2795064
1.2795812
0.5524123
0.48003247
0.55273856
0.47991218
1.049414
1.2438027
1.2444626
1.0486156
0.55289153
0.48000352
0.48032024
0.55239917
0.68846353
0.71295297
0.68833768
0.71308967
0.56798556
0.52976413
0.52991896
0.5679534
0.68910222
0.71393778
0.71373032
0.68929482
1.3122128
0.92141412
0.92136713
0.9507509
0.96058865
0.95091775
1.3121215
0.92097202
0.92126935
0.95116251
0.96069354
0.95108021
0.30044691
1.2250439
0.78612346
0.78601326
0.29966944
1.2252029
0.9215884
1.3124084
0.92168549
0.96097068
0.9514412
0.9514111
0.95127421
0.96092453
0.95136714
1.3125181
0.92174391
0.92185741
0.98800052
0.97833482
0.97833635
0.98666895
0.94281396
0.98666803
0.98799265
0.97831896
0.97833926
0.98666898
0.94281777
0.9866875
0.97423149
0.98255765
0.97424416
0.94130072
0.95384939
0.95383416
0.95379177
0.94127406
0.95383116
0.98255642
0.97425263
0.97426203
0.9783565
0.98803592
0.97836271
0.94283191
0.98668757
0.98668785
0.98668661
0.94283135
0.9867031
0.9880414
0.97835932
0.97837501
1.3063843
1.352143
1.3521571
1.3064353
0.98755256
1.0086296
0.98980113
0.94932503
0.98756749
1.0098114
0.9896831
0.94929934
1.0077562
0.83486001
0.83485597
0.83483221
1.0077567
0.83485262
1.3521415
1.3063652
1.3064115
1.3521554
1.0086255
0.98757031
0.9492933
0.98974693
0.98969155
0.94928833
0.98761216
1.0086645
0.8536754
1.0164438
0.91087641
0.96261604
0.85367658
1.0164402
0.91090847
0.96260132
1.2554825
1.3078743
1.307894
1.2554564
1.0164282
0.85367753
0.96257983
0.91090431
0.91090157
0.96258131
0.85365912
1.0164061
1.2554242
1.2554309
1.3078587
0.87268331
0.94733704
0.9473526
0.87265901
0.8149579
0.81497619
1.2796246
1.192871
1.2800672
0.87261561
0.94731842
0.87263434
0.94729446
0.81493084
0.81489287
1.1902446
1.2795057
1.2795083
0.97083878
0.8541853
0.97078362
0.85388418
0.97026513
0.97041144
1.8651654
1.8692869
1.8260755
1.8351822
1.569707
2.260839
1.9459206
2.2581183
1.9617276
1.8344918
1.825086
1.569459
1.8679615
1.8683821
1.0489872
1.2449748
1.0497152
1.2444206
0.55224595
0.47990096
0.55267725
0.47967252
1.0496028
1.2444318
1.2449525
1.0489639
0.55274639
0.47994319
0.48012665
0.5524093
0.5676306
0.52963545
0.56762446
0.52947284
0.68967852
0.71431929
0.68952927
0.71448944
0.56838886
0.53006771
0.53017406
0.56839185
0.69023489
0.71516348
0.71500134
0.69042225
0.30183381
1.225503
0.78613274
0.30242183
0.78629496
0.30039294
0.78688253
0.78678213
0.30000866
0.98919766
1.0102481
0.99038407
0.94989528
0.98922229
1.0102903
0.99034034
0.94988103
1.353368
1.3077182
1.3077447
1.3533208
1.0102311
0.98917454
0.94983318
0.99028616
0.99032408
0.94984407
0.98919205
1.0101944
1.2576607
1.2576356
1.0181597
0.85568429
0.96311897
0.91166497
0.91171124
0.96312988
0.85566111
1.0180982
1.2575905
1.2576063
1.3098361
0.81846548
0.81846849
1.2826831
1.1938073
1.2826432
0.8757089
0.95042769
0.87572553
0.95039919
0.81844368
0.81841712
1.1963358
1.2825675
1.2830662
0.85959513
0.97800009
0.97798913
1.1886886
1.1956688
2.1687814
1.962832
1.9460121
1.8704398
1.8665206
1.5503196
1.8270488
1.8327434
1.5698101
1.1960092
1.1902752
2.2635115
1.9527326
2.177677
1.972464
1.8331977
1.8313789
1.5723475
1.5509535
1.8764236
1.8684018
0.69550095
1.2798024
1.2795694
0.69978248
1.2807516
1.2807544
0.5630117
1.0298751
0.79696949
1.0297051
1.2975469
1.2622242
1.2601945
1.2634664
1.2988568
1.2635039
0.79227354
1.0274985
1.025478
1.2809845
0.69968908
1.2809146
0.5649297
0.69529237
1.2807923
1.279794
0.55214899
0.48006346
0.55259394
0.47976547
1.0490148
1.2437545
1.2440971
1.0486064
0.55250816
0.48001958
0.48004027
0.55236925
0.69002886
0.71455774
0.6899174
0.71468438
0.56874294
0.53067035
0.53064849
0.56868564
0.69035281
0.71492785
0.71500615
0.69029206
1.3126869
0.92199866
0.9220139
0.95151672
0.96112345
0.9515879
1.3126422
0.92187326
0.92202737
0.95171943
0.96118332
0.95167676
0.3001804
1.2255531
0.78673012
0.78672451
0.30112858
1.2255906
0.92216444
1.3128489
0.92228451
0.96147737
0.95208669
0.95202481
0.9518299
0.96140661
0.95194679
1.3129689
0.92240677
0.92249224
0.98806305
0.97844202
0.97842324
0.98671479
0.94288461
0.98673639
0.9880583
0.97838317
0.97841229
0.98679009
0.94291542
0.9867811
0.97429666
0.98262277
0.97431681
0.94160508
0.95401652
0.95398739
0.9539401
0.94157181
0.95397684
0.9826501
0.97436298
0.97435179
0.97849057
0.98815561
0.97852726
0.94303123
0.98691539
0.98689559
0.98683762
0.94300952
0.98688402
0.9881934
0.97857819
0.97856963
1.3064183
1.352219
1.3522077
1.3064391
1.3521669
0.98767546
1.0087396
0.98983997
0.94935458
0.98766442
1.0098129
0.98976051
0.94934239
1.007933
0.83496773
0.83495964
0.83492124
1.0079163
0.83494984
1.3522408
1.306473
1.3065334
1.3522973
1.0087605
0.98774241
0.94937415
0.9898575
0.98978731
0.94936817
0.98778461
1.008829
0.85356795
1.0163929
0.91092442
0.96261499
0.85357558
1.0163979
0.9109005
0.96261034
1.2553763
1.307781
1.3077848
1.2553696
1.0163937
0.85359058
0.96263417
0.9109093
0.91090352
0.96263178
0.85356012
1.0164152
1.2553583
1.2553583
1.3077847
0.87253955
0.94718818
0.9471941
0.87252373
0.81477068
0.81478423
1.2794299
1.1926556
1.2798833
0.87248989
0.94717774
0.87250538
0.9471601
0.81474719
0.81471177
1.1900447
1.2793472
1.279347
0.96994307
0.85366319
0.9698656
0.85333893
0.96924073
0.96941989
1.8706418
1.8683832
1.8270401
1.8339398
1.5702538
2.2588995
1.9475301
2.2648112
1.9658258
1.8343043
1.8275563
1.5718569
1.8728453
1.8690341
1.0490755
1.2450599
1.0497335
1.2445179
0.55257897
0.4803733
0.55298404
0.48011712
1.0496394
1.2444284
1.2449755
1.0489766
0.5528418
0.48001685
0.48028
0.55243196
0.56904662
0.5304566
0.56913067
0.53028633
0.69078689
0.71548544
0.69078157
0.71551294
0.56912685
0.53020833
0.53059938
0.56886817
0.69065652
0.71523909
0.71536837
0.69052733
0.2998649
1.226131
0.78713212
0.29990635
0.78715205
0.30085492
0.78707302
0.78713974
0.30134686
1.2261442
0.98913174
1.0101481
0.99026867
0.94978609
0.98916211
1.0101789
0.99021891
0.949765
1.3532524
1.307607
1.3076379
1.0101314
0.98908569
0.94966682
0.99012477
0.99019685
0.94969424
0.98909088
1.0100791
1.2574634
1.309667
1.3096968
1.2574331
1.0179673
0.85542615
0.96295447
0.91143566
0.91153944
0.96297807
0.85538936
1.0178815
1.2573723
1.257396
1.3095978
0.81828462
0.81829734
1.2825144
1.1936918
1.28247
0.87549666
0.95024019
0.87552699
0.9502049
0.81825371
0.81821869
1.1961996
1.2823716
1.2828763
0.8597647
0.97838391
0.97837702
1.1950277
1.1886762
2.1943541
1.9203074
1.9468268
1.8211691
1.876479
1.5482403
1.8387556
1.8303315
1.5757537
1.1913177
1.191744
2.2806185
1.9580548
2.6730456
2.2798223
1.9591267
1.8648172
1.8308153
1.8320208
1.8679283
0.69955285
1.280535
1.2817495
0.57038442
0.70283459
1.2824016
1.2829561
1.027376
0.79951855
1.03199
1.3001168
1.2623425
1.2649659
1.2617983
1.3005848
1.2653969
0.79914864
1.0278344
1.0315759
1.2807753
0.70194613
1.2822889
0.56600345
0.56848973
0.70160884
1.2809597
1.2821826
0.55359914
0.48140522
0.55434421
0.48094835
1.0511662
1.2462045
1.2462417
1.0511222
0.55357086
0.48087448
0.48086411
0.55358672
0.69000941
0.71466698
0.69014924
0.71454435
0.56837819
0.53029893
0.53052397
0.56822904
0.68957439
0.71419047
0.7141088
0.68962469
1.3130987
0.92251917
0.92261442
0.95217825
0.96165612
0.95224005
1.3130752
0.9225428
0.92267463
0.95226082
0.96167866
0.95229204
0.30505531
1.2254235
0.7865533
0.78652237
0.30439821
1.2254249
0.9225345
1.3130654
0.92241584
0.96150828
0.95194191
0.95207378
0.95224693
0.96158863
0.9521908
1.3130451
0.92200761
0.92234667
0.98826325
0.97862903
0.97864216
0.98695295
0.9430943
0.98697238
0.98826778
0.97861671
0.9786466
0.9869792
0.94310446
0.9870008
0.97437001
0.98268127
0.97435244
0.9415619
0.95393142
0.95396274
0.95402133
0.94162529
0.95400545
0.98266962
0.97431697
0.97434926
0.97863161
0.98824189
0.97861511
0.94303329
0.98689985
0.98693752
0.98698387
0.943068
0.98698025
0.9882309
0.97854836
0.9786004
1.306523
1.3523216
1.3523294
1.3065584
1.3523089
0.9877423
1.0088221
0.98993966
0.94939397
0.98777295
1.0099701
0.98977784
0.94935213
1.0079494
0.8348841
0.83491318
0.8349437
1.0079758
0.8349399
1.3523197
1.3064965
1.3065167
1.352269
1.0088051
0.98762854
0.94924556
0.98978835
0.98976465
0.94925958
0.98758609
1.0099118
0.8535965
1.017256
0.91091292
0.96265037
0.85356166
1.0164161
0.91080708
0.96262656
1.2552773
1.3077026
1.2552533
1.0172537
0.85358823
0.96254263
0.91068123
0.91077917
0.96255783
0.85416012
1.0172188
1.255195
1.2552198
0.87237586
0.94703687
0.94705184
0.87234256
0.81455993
0.81458343
1.2792674
1.192431
1.2797159
0.8722683
0.94701618
0.87230471
0.94698752
0.81452585
0.81447877
1.1897962
1.2791644
1.2791659
0.96881805
0.85302627
0.96870996
0.85262347
0.96791681
0.96813667
1.8619268
1.8766832
1.5523098
1.8296911
1.8351734
2.2340287
1.9483024
1.942914
1.8378597
1.8389841
1.5721096
1.5532314
1.8226871
1.868586
1.0494898
1.2455825
1.0502915
1.2449741
0.55245297
0.48033945
0.55302741
0.47997052
1.0520863
1.2472073
1.2471954
1.0519169
0.55419062
0.48091561
0.48113659
0.55388575
0.56862057
0.53045962
0.56894972
0.53043205
0.69011052
0.71486938
0.69022185
0.7147721
0.56923133
0.53104294
0.53120059
0.56917006
0.69015698
0.71482288
0.71476887
0.69020279
0.30478179
1.225987
0.78693317
0.30393769
1.225992
0.78688351
0.3064394
0.78680664
0.78684425
0.30624057
1.2256646
0.9889313
1.0099542
0.99009024
0.94955703
0.98899647
1.0100517
0.98996421
0.94950964
1.3530883
1.3074178
1.3530506
1.3074165
1.3529686
1.0099036
0.98871928
0.94927271
0.98971528
0.98990783
0.94933935
0.98865798
1.0097381
1.2571882
1.309351
1.3093961
1.25714
1.0177153
0.85510957
0.96263257
0.91099946
0.91119207
0.96268308
0.85506647
1.0175907
1.2570351
1.2570801
1.3092458
0.81804003
0.81806106
1.2822963
1.1935083
1.2822434
0.87514362
0.94999146
0.87519351
0.94994782
0.81799938
0.8179548
1.1959733
1.2821143
1.2826232
0.85989206
0.97868211
0.97868147
1.190169
1.1895576
2.2707528
1.951696
1.9470833
1.8277276
1.8664575
1.5742299
1.8279841
1.8730491
1.1879006
1.1890621
2.2555654
1.9452963
2.6559709
1.9461826
1.871741
1.8272347
1.5705549
1.8253107
1.8683736
0.70083453
1.2804007
1.2815772
0.56689248
0.70013266
1.2804999
1.2814579
1.026182
0.7967156
1.0293916
1.2975001
1.2603235
1.2628871
1.260709
1.2978607
1.2629252
0.79682707
1.0258294
1.0294639
1.280031
0.69955053
1.2809097
0.5631733
0.56544284
0.69970666
1.2797804
1.2809179
0.55322039
0.48050377
0.55317057
0.48049868
1.0502793
1.2454912
1.2454669
1.0502669
0.5528479
0.47995395
0.4800919
0.55273889
0.69061672
0.71511413
0.69038335
0.71537118
0.56885666
0.53049922
0.53067777
0.56871204
0.69089143
0.71530147
0.71562607
0.69062799
1.3127995
0.9211936
0.92150226
0.9518516
0.96123308
0.95174602
1.3128989
0.92191726
0.9218129
0.95150293
0.96113979
0.95164936
0.29706509
1.2255669
0.78653392
0.78666365
0.29689057
1.2255503
0.92107456
1.3126345
0.92088761
0.96077663
0.95119521
0.95126599
0.9514244
0.96086112
0.95135574
1.3126157
0.92042702
0.92078089
0.98812968
0.97842261
0.9784634
0.98688026
0.94292461
0.98685102
0.98815944
0.97852625
0.97850536
0.98679344
0.9428932
0.98684218
0.97425229
0.98257191
0.97423542
0.94106326
0.95371081
0.95374927
0.95381474
0.94113785
0.95379506
0.98256319
0.97419264
0.9742315
0.97840601
0.98807813
0.97838084
0.94275351
0.98671214
0.98673417
0.98678078
0.94278951
0.98677132
0.9880708
0.97832501
0.97836754
1.3063839
1.3522161
1.3522337
1.3064499
0.98726081
1.0097943
0.98975731
0.94910676
0.98736953
1.0098967
0.98961619
0.94906101
1.0077935
0.83467576
0.83470916
0.8347561
1.0078068
0.8347428
1.3522233
1.3063438
1.3063824
1.009794
0.98701954
0.9488864
0.98947241
0.98958793
0.94892724
0.98696869
1.0097975
0.85413502
1.0171438
0.91064247
0.96244669
0.85415104
1.0172088
0.91049308
0.96242089
1.255058
1.2550366
1.017148
0.85411622
0.96233155
0.91036616
0.91046012
0.96235014
0.85411726
1.0171712
1.2550324
1.2550262
0.8720795
0.94686496
0.94686425
0.87204612
0.81432049
0.81433439
1.2796102
1.1921912
1.2795899
0.87199592
0.94686689
0.87201599
0.94686851
0.81430779
0.81429578
1.1921738
1.2791909
1.2796242
0.96742703
0.85221936
0.96731235
0.85194799
0.96667258
0.96684464
1.8279077
1.8655842
1.8300787
1.87345
2.2550717
1.9468009
1.9480482
1.8720128
1.8283488
1.5696307
1.5718191
1.8259143
1.8684479
1.0503848
1.2458307
1.0503367
1.245881
0.5523637
0.47962131
0.55241347
0.47952392
1.0501374
1.2457334
1.2456662
1.0501862
0.55216832
0.47923685
0.47927276
0.55216225
0.5689596
0.53045797
0.56888731
0.53053753
0.69058476
0.71513988
0.690424
0.71532448
0.56903182
0.53024395
0.53042286
0.56894662
0.69088701
0.71564662
0.7156832
0.69084636
0.30202529
1.2256936
0.78664222
0.30340894
1.2256936
0.78659879
0.29880412
0.78639307
0.78645443
0.2985866
1.2256623
0.98823705
1.0095039
0.98964067
0.94904642
0.98837295
1.0096779
0.98941008
0.94896535
1.352782
1.3070846
1.3070986
1.3527577
1.0094566
0.9879063
0.94869249
0.98916924
0.98933785
0.94874962
0.98782576
1.0093898
1.256816
1.3090107
1.309037
1.2567773
1.0173863
0.85477725
0.96222566
0.91049844
0.91064984
0.96225491
0.85474918
1.0173468
1.2567268
1.3089899
1.2567451
0.81776839
0.81778121
1.2820514
1.1932669
1.2820153
0.87474452
0.94975651
0.87477948
0.94973958
0.81774154
0.81771711
1.1932352
1.2820679
1.2825223
0.85995779
0.97897957
0.97894001
1.1883734
1.1898678
2.2577732
1.9491809
2.1736093
1.9487178
1.8296356
1.8719944
1.5712953
1.8269146
1.8691802
1.1921077
1.1886165
2.2851433
1.9669598
2.1794733
2.6953704
1.9399854
1.8671191
1.8338255
1.5746368
1.5724019
1.8338871
1.8768304
0.69904514
1.2800089
1.2808874
0.56518086
0.69934429
1.2798364
1.280893
1.0281045
0.79781797
1.0308867
1.2987348
1.2609136
1.2632036
1.2628817
1.2988796
1.2645454
0.79543276
1.0258951
1.0288845
1.2806447
0.70012577
1.2815951
0.69789659
1.2802595
1.2810495
0.55239499
0.47959286
0.55246422
0.47950609
1.0511547
1.2466942
1.2465882
1.0512403
0.55254543
0.47917131
0.4793898
0.55245531
0.68934274
0.71446607
0.68976236
0.71404113
0.56647074
0.52785758
0.52824514
0.56603157
0.68819275
0.7122872
0.7128437
0.68768525
1.3124539
0.91982653
0.92005977
0.95119948
0.9606131
0.95122048
1.3125106
0.92035299
0.92029904
0.95129624
0.96058278
0.95127453
0.30503232
1.2252237
0.78484296
0.78523416
0.30653447
1.2253606
0.91978914
1.3124529
0.91970227
0.96043962
0.9517342
0.95162044
0.9513976
0.96048992
0.95151872
1.312545
0.91947265
0.9197136
0.98798315
0.97826316
0.97828767
0.98671617
0.94269397
0.98671622
0.98801587
0.97831733
0.97831278
0.9867298
0.9426908
0.98674115
0.97389839
0.98222661
0.97378611
0.94038318
0.9529702
0.95312154
0.95338864
0.94052571
0.95327704
0.98213699
0.97353243
0.97367493
0.97826154
0.98788424
0.97824913
0.94270195
0.9868327
0.98680019
0.98675756
0.94269485
0.98679065
0.98785206
0.97822533
0.97824913
1.3064331
1.3525981
1.306437
0.98670335
1.0100467
0.98947149
0.9488459
0.98677856
1.0098478
0.98949028
0.94885995
1.008083
0.83415214
0.83428936
0.83446494
1.0080102
0.83439885
1.352744
1.3066244
1.306749
1.0101784
0.98662311
0.94899571
0.98962283
0.98953141
0.948953
0.98664197
1.0106311
0.85410311
1.0173358
0.91036211
0.96236861
0.85411329
1.0172096
0.91037106
0.96241145
1.2551539
1.2552059
1.0174142
0.85405326
0.96266273
0.9105392
0.91040314
0.96258849
0.85403133
1.0177158
1.2553642
1.2552714
1.3083954
0.87202213
0.94711463
0.94703582
0.8720585
0.81435273
0.81433824
1.2798731
1.1924495
1.2799808
0.87217064
0.94719929
0.87210602
0.94728973
0.81435685
0.81434372
1.1925341
1.2802303
1.28047
0.96648232
0.85179462
0.96645258
0.85178094
0.96655879
0.96648822
1.8276927
1.8716793
1.8262453
1.8697383
1.5719567
2.2854517
1.9657609
1.9390274
1.8679567
1.8327019
1.5720138
1.8324742
1.8765751
1.0504242
1.2459448
1.0503457
1.2460534
0.55210899
0.47911503
0.55212307
0.47905665
1.0511825
1.2469849
1.2469318
1.0511959
0.55217697
0.47862528
0.47889411
0.55201037
0.56763738
0.52934037
0.56811478
0.52886637
0.68971483
0.71492408
0.6901139
0.71452476
0.56650064
0.52731364
0.5276269
0.56607196
0.68832407
0.71240294
0.71302682
0.68775445
0.30230008
1.2253962
0.78607985
0.30082784
1.225478
0.78591858
0.30710545
0.78473035
0.78514237
0.3086198
1.2254895
0.98746766
1.0095606
0.9891304
0.94858553
0.98756076
1.0093979
0.98909458
0.94857396
1.3531343
1.3072231
1.3073443
1.3537494
1.0096661
0.98736044
0.94867542
0.98922059
0.98911044
0.9486304
0.98737822
1.0101292
1.2567498
1.3093037
1.3091925
1.2567898
1.0174982
0.85456362
0.9624318
0.91055194
0.91044053
0.96235489
0.85453069
1.0177719
1.2569213
1.2568405
1.3096282
0.81771613
0.81770318
1.2822463
1.1933603
1.2823276
0.87481145
0.9499884
0.87475502
0.95006586
0.81770551
0.81768058
1.1961561
1.2830353
1.2832827
0.86064146
0.9802169
0.98002469
1.1874414
1.1955109
2.1793052
1.9804232
2.2383247
2.2018306
1.9273126
1.8834803
1.8393885
1.8246513
1.839002
1.1816199
1.1896939
2.1845624
1.9599438
2.2966358
2.9682921
1.9321195
1.8341345
1.8601674
1.5567903
1.5485131
1.8277432
1.8600148
0.69207627
1.2809166
1.2799451
0.56712693
0.69500611
1.2807506
1.2805708
0.56683505
1.0259184
0.79125499
1.0259111
1.2892685
1.2658754
1.2553771
1.2619361
1.2964486
1.2616001
0.79182855
1.0376177
1.0216866
1.2810663
0.69428562
1.2824747
0.59149201
0.57098237
0.69294428
1.289831
1.2839198
0.55051013
0.47771971
0.55096539
0.47716587
1.0507521
1.2413915
1.2473911
1.0459561
0.5495433
0.47824133
0.47590252
0.55252703
0.68346092
0.70947983
0.68496581
0.70801838
0.56212925
0.53623684
0.52524984
0.57157589
0.68213702
0.71130876
0.70648484
0.68785171
1.3122582
0.91833221
0.91896782
0.95189327
0.96020136
0.95202919
1.3126552
0.91947984
0.91943749
0.95208038
0.96005306
0.95208793
0.41933793
1.2121297
0.79161971
0.78848067
0.43719668
1.2056227
0.91730917
1.3077284
0.91718726
0.95826007
0.95202132
0.95212379
0.95197331
0.95922906
0.95207345
1.3045487
0.92221795
0.91753099
0.98778241
0.9782878
0.97830158
0.98690331
0.94282996
0.98698273
0.987786
0.97824664
0.97828161
0.9871357
0.9429088
0.98709525
0.9733514
0.98156411
0.9733045
0.93964403
0.95069526
0.95292491
0.95276601
0.93975074
0.95279019
0.98129915
0.97103704
0.97336956
0.97818613
0.98734775
0.97767864
0.94001084
0.98209329
0.9850248
0.98706593
0.94212377
0.98648475
0.98677069
0.97342019
0.97649986
1.3065043
1.3541658
1.3068375
0.98610599
1.0095142
0.9896599
0.94916922
0.98647478
1.0108032
0.98921243
0.94918169
1.0072866
0.83741166
0.82284796
0.83278723
1.007845
0.83342952
1.3532513
1.3022942
1.2961059
1.3527419
1.0088486
0.98200914
0.94690609
0.98444996
0.98874462
0.94816508
0.97889375
1.0074563
0.85342701
1.0184102
0.91063073
0.9630042
0.85398022
1.0178826
0.91092831
0.96313298
1.2553181
1.2547085
1.0184106
0.85374153
0.96128754
0.90329429
0.9108981
0.96258311
0.84478019
1.0151257
1.2510322
1.2530276
1.30772
0.87271054
0.94824817
0.94811067
0.87278792
0.81410796
0.81408668
1.2811341
1.1925252
1.2818227
0.87195015
0.94818736
0.87270339
0.94730743
0.8137842
0.81436342
1.1881386
1.2719052
1.279811
0.96737811
0.85207059
0.96789938
0.85078627
0.96359365
0.96727869
1.8847599
1.8398753
1.8242602
1.839088
1.5535517
2.1855179
1.960345
1.9324981
1.8340898
1.8594632
1.8275004
1.8611888
1.0505967
1.2467983
1.0504539
1.247166
0.55014159
0.47720702
0.55056875
0.47667868
1.0507461
1.2417996
1.2477172
1.0460582
0.54918595
0.47787111
0.47544963
0.55227445
0.5616245
0.52506381
0.56335173
0.52351715
0.68350553
0.70958376
0.68499779
0.70814779
0.56157869
0.53603081
0.52483541
0.57122392
0.68221566
0.71151756
0.70668808
0.68792812
0.33063857
1.225387
0.78305639
0.31882913
1.2260091
0.78271483
0.42212967
0.79162863
0.78859202
0.43823906
1.205891
0.98685573
1.0102379
0.98924821
0.94885541
0.98722158
1.0102884
0.98900545
0.9489053
1.3536313
1.3029056
1.2967291
1.3531398
1.0095986
0.98280089
0.94699607
0.98529212
0.98858051
0.94811609
0.97970923
1.0082323
1.2568211
1.3110761
1.2562006
1.0184753
0.85486923
0.96136598
0.90420873
0.91095143
0.96251117
0.84603275
1.0162778
1.2525085
1.254507
1.3089113
0.81741811
0.81739524
1.2839469
1.1936033
1.2841403
0.87455019
0.95092816
0.87530015
0.95004749
0.8170906
0.81766048
1.1918005
1.2747354
1.2826211
0.85985161
0.97786409
0.98124513
1.8889896
0.86458371
1.7693273
0.86848309
2.1015921
0.86750984
2.111495
2.9564844
0.86738958
2.1639367
2.9655451
0.86746199
2.1654242
0.86752356
2.1607211
2.9728818
0.86751875
1.8472579
2.6552155
0.86744366
1.8819748
0.86765685
2.1278474
0.869048
1.8897898
2.10591
0.85313936
0.85834238
0.86135268
0.86543672
2.1175848
0.85659085
0.86175194
0.86870243
1.7537356
1.8063895
0.85858232
0.85822104
0.86539912
0.86405572
1.8184777
2.6648158
0.86174006
0.86179025
0.86758562
2.0883214
2.1421326
0.85845969
0.85801076
0.86412885
0.86327529
2.1572725
2.9736622
0.86180328
0.86209082
0.86740603
2.0871904
2.9379839
1.8669656
0.8579923
0.85777046
0.86321033
0.86275421
1.8587599
2.6592254
0.86211022
0.8623155
0.86747239
2.1558962
2.9578481
1.8721627
2.6674147
0.85775258
0.8574697
0.86271242
0.8622921
1.8762002
2.6733473
0.86231305
0.86237868
0.8675389
2.1499409
2.9595981
1.8878004
2.6762959
0.85744814
0.85708402
0.86225527
0.86181966
1.8942236
2.676348
0.86235761
0.86227285
0.86754549
2.1381337
1.8909184
2.6757954
0.857038
0.85645061
0.86177157
0.86124827
1.9005861
2.6817373
0.8622244
0.86190461
0.867469
1.8522198
1.8691549
2.6720521
0.85637374
0.85594196
0.86119582
0.86108164
1.8844786
2.673923
0.86182647
0.86142249
0.86758633
1.8655268
1.7275143
0.85612694
0.85573162
0.86128351
0.86187911
1.7406647
0.86138856
0.86152837
0.86882596
2.1163931
1.8879726
0.85574854
0.8506671
0.86209144
0.8580439
1.887726
2.6914085
0.86154022
0.85661146
0.86518226
0.80555532
1.0739289
1.0735046
0.81007849
0.59739014
0.51579142
0.48440729
0.61693008
0.71235977
0.69899838
2.1582712
0.78953331
1.2986985
1.2961664
0.8123863
0.98340356
0.93909495
0.94094927
0.98037037
1.0069615
1.0101421
1.6082994
0.86852863
1.6824846
0.80471821
1.0643463
0.80008814
1.0668385
0.60226172
0.48397687
0.59944152
0.48746494
0.70351275
0.7056663
2.1508568
2.9313906
0.79575661
1.2965545
0.78876315
1.296396
0.9833158
0.94110888
0.98328042
0.94136189
1.0098365
1.009582
1.6870026
0.8682739
1.6867442
0.80258172
1.0674663
0.80461479
1.0664746
0.602437
0.49167416
0.60468648
0.4891834
0.70719018
0.70685466
2.1658854
0.79432095
1.2978306
0.79609479
1.2974977
1.224534
1.2247327
0.98372875
0.94161323
0.98349422
0.94188831
1.0092989
1.0091881
1.687086
0.86773177
1.6873959
0.80094258
1.06796
0.80347766
1.0664183
0.6036958
0.48870288
0.60231751
0.48901026
0.70695378
0.70765794
2.0208806
0.79069584
1.296777
0.79516295
1.2959517
1.2249247
1.2245826
0.98338951
0.94181924
0.98355555
0.94168311
1.0090313
1.0089644
1.6875822
0.86773238
1.6877025
0.80198203
1.0665754
0.80261998
1.066152
0.60393297
0.49016425
0.60322193
0.4897645
0.70786153
0.70827758
1.8737498
2.6664991
0.79018359
1.2972123
0.79504102
1.2961465
0.98350936
0.9419102
0.98347625
0.94207084
1.0089023
1.0088684
1.6877207
0.86780962
1.6877528
0.80163078
1.0665675
0.80234631
1.0659686
0.60512974
0.49065876
0.60462658
0.4901089
0.70940855
0.70981143
1.880018
2.6776122
0.79149418
1.2972973
0.79552086
1.2973733
1.2261682
1.2260067
0.9833647
0.94226004
0.98345693
0.94223713
1.0088397
1.0088154
1.6877755
0.8678523
1.6880034
0.80146382
1.0680625
0.80435989
1.0648945
0.60469056
0.4915514
0.60538267
0.49098059
0.7095153
0.70902982
1.7803405
0.79101977
1.2989606
0.79703595
1.2983308
0.98328826
0.94219322
0.9832651
0.94219637
1.008749
1.0086771
1.6885128
0.8678095
1.6890282
0.80136189
1.0645751
0.80131367
1.0646004
0.60510552
0.4908874
0.60449416
0.49071355
0.70959125
0.71018831
1.9000016
2.686213
0.79168885
1.2969494
0.79086787
1.2970543
1.2256888
0.98308346
0.94199879
0.98324519
0.94166739
1.0084642
1.0083002
1.6905777
0.86775067
1.6916506
0.80102277
1.0640311
0.80081213
1.0642369
0.60341041
0.48965635
0.60457906
0.48831327
0.70959806
0.70851874
1.8558348
0.79086536
1.2963657
0.79067065
1.2967782
0.98267936
0.94123102
0.98284842
0.94099517
1.0081525
1.008196
1.6937655
0.8683144
1.6951555
0.80347483
1.0675212
0.80277475
1.0701014
0.59638118
0.48685902
0.60118647
0.48232594
0.70555045
0.7006416
2.1299385
2.9205656
0.78892436
1.2955289
0.7913
1.2952614
0.98206241
0.94034257
0.98219072
0.94008679
1.0085921
1.0090302
1.6974781
0.86953793
1.6976164
2.1530859
2.9494102
2.1060675
0.81734713
0.58638963
0.77529023
0.7883906
0.56816638
0.57425574
0.78157814
0.65290464
0.48409199
0.45989438
0.66027651
0.80633348
1.0666006
1.0709963
0.80156441
0.65434583
0.45917972
0.46012477
0.65043101
0.6357665
0.76454518
0.75059594
0.65158936
0.5977261
0.48411391
0.48433017
0.59876696
0.63610237
0.7529272
0.75093211
0.63747161
0.70284112
0.69999898
0.85606299
0.8576129
1.6092323
0.86519343
1.6825182
2.6552785
2.8149606
0.86577913
1.6860379
1.686412
2.8235453
2.8226154
1.1857591
1.5577802
1.1825717
1.5480935
2.1211913
2.9227597
1.1897086
1.5582624
1.1880635
0.69221451
0.71005626
0.8188067
0.58512224
0.77745838
0.79277088
1.2976384
1.2982151
0.79108072
0.69552576
0.69352098
0.79051793
0.78381737
0.80568381
1.0745241
1.073716
0.81044608
0.65296302
0.48393496
0.45953244
0.66047757
0.80646022
1.0668175
1.0711605
0.80197123
0.65442816
0.45920965
0.45980658
0.65076843
0.5978572
0.51588548
0.48424723
0.61791304
0.63637664
0.76552757
0.75141706
0.65263177
0.59806241
0.48416702
0.4841809
0.59893365
0.63658992
0.75349306
0.75170155
0.63766246
1.30985
0.9569315
0.96031372
1.3168848
0.71321999
0.69977766
1.3119413
0.96117598
0.96061076
1.3134018
0.70337336
0.70072763
0.98923416
0.93758553
0.94436666
0.98587135
0.98339719
0.94101806
0.94090545
0.98328594
0.98930655
0.94443207
0.94452933
0.98920496
1.0099609
1.010309
0.85959244
0.86115186
2.6530262
2.814742
0.86914667
1.6871576
1.6865819
2.8245821
2.8225002
2.1394754
2.9265359
1.5714756
1.5510507
2.0637191
0.79193034
0.56360866
0.56762728
0.78735711
0.78819404
0.56619106
0.56924034
0.78606795
0.65371522
0.45894234
0.64953108
0.46224653
0.80451831
1.0660931
1.0674121
0.8020289
0.65317445
0.46401263
0.46292232
0.65080268
0.64065011
0.75353986
0.63797766
0.75582375
0.60286308
0.49091234
0.48811039
0.60465981
0.64150485
0.75766317
0.75657057
0.64267541
0.70718841
0.70629505
0.85860479
0.85856912
1.6853683
0.86489708
1.6838442
2.8227212
2.8211699
0.86471019
1.6819783
1.6832828
2.8185295
2.8203614
1.1931205
1.5710969
1.1850896
2.0763924
2.9259905
1.1949613
1.5698099
1.190429
1.5551673
0.69803837
0.69072711
0.7940882
0.56135888
0.56494279
0.78958297
0.79773168
1.2980413
1.3000327
0.791216
0.69960172
0.69333454
0.79057023
0.78818546
0.80457867
1.0645492
0.8004004
1.0670001
0.65355297
0.45888009
0.64975135
0.46153357
0.80446566
1.0661428
1.0676271
0.80189185
0.65307737
0.46335851
0.46213073
0.65067424
0.60172409
0.48396193
0.59921956
0.4865664
0.64057103
0.75400984
0.63800121
0.75618706
0.60305004
0.49037849
0.48775047
0.60476868
0.6416041
0.75812414
0.75696528
0.64317024
1.3130051
0.96128031
1.3133671
0.9613045
0.70398121
0.70604272
1.224857
1.2249104
1.3130321
0.96116824
0.96127267
1.3128581
0.70762731
0.70668324
0.98912574
0.94440852
0.98919368
0.94431459
0.9833136
0.94152278
0.94140049
0.98340807
0.98910546
0.94422413
0.94429151
0.98910149
1.0093492
1.0095217
0.86207966
0.86215926
2.8244771
2.8239929
0.86821337
1.6869654
1.6867605
2.8247782
2.8242721
2.1602816
1.5496442
1.5504601
1.9445894
2.7178481
0.78537227
0.57007769
0.56763492
0.78668917
0.78458954
0.56399661
0.56182278
0.78988876
0.65144547
0.46523547
0.65313402
0.46359469
0.79989696
1.0676244
1.0647099
0.80311749
0.64921822
0.46242342
0.46205498
0.65187471
0.64110018
0.75762802
0.64266448
0.75689845
0.60176881
0.48808568
0.48801134
0.60173382
0.64041517
0.75652854
0.75655841
0.6404416
0.70669437
0.70666388
0.85855151
0.85851784
1.681579
0.86397062
1.6806743
2.8180431
2.8167078
0.86387014
1.6797885
1.6803882
2.8158998
2.8164967
1.1865503
1.5499155
1.186807
1.9692607
1.184445
1.5497453
1.1900282
1.5636553
0.69858843
0.69853609
0.78778602
0.56599666
0.78806884
0.78870843
1.2956202
1.2954528
0.79346653
0.69314193
0.69819187
0.7866455
0.56135034
0.56016316
0.79122312
0.80300301
1.0674574
0.80450343
1.0671421
0.6518118
0.46457047
0.65306161
0.46358986
0.80025373
1.0678833
1.0654057
0.80301077
0.64950894
0.46217899
0.46198732
0.65174468
0.60313312
0.49131731
0.60496887
0.48967002
0.64171379
0.75818407
0.64326474
0.75758013
0.60209747
0.48783718
0.48812703
0.60146845
0.64091268
0.75718082
0.75724253
0.64051915
1.3128273
0.96120731
1.3127804
0.96136868
0.70771693
0.70751141
1.2244962
1.2244469
1.3128835
0.96134574
0.96140335
1.312693
0.70737153
0.70733662
0.9892627
0.94422408
0.98915949
0.94417477
0.9837638
0.94190162
0.94194291
0.98365224
0.9892797
0.94409745
0.94416521
0.98916781
1.0090749
1.009168
0.86229575
0.86240824
2.8248959
2.8253011
0.86778433
1.6875295
1.6874232
2.8251138
2.8252336
1.9191944
1.5670897
2.1454814
2.9710603
0.78368085
0.56499836
0.78626404
0.78727558
0.56189625
0.5640947
0.78446918
0.65001943
0.46284862
0.65205514
0.46287746
0.80242388
1.065788
1.0670522
0.80165016
0.65138767
0.46391259
0.46350789
0.65127549
0.64227596
0.7568988
0.6409854
0.75777534
0.60392804
0.48928811
0.4895155
0.60320926
0.6424814
0.75740457
0.75787258
0.64200021
0.70774722
0.70778922
0.8583552
0.85825117
1.6795967
0.86338168
1.6792003
2.8158154
2.81518
0.86324861
1.6786705
1.6789883
2.8143905
2.8148106
1.1851793
1.549415
1.1897762
2.1127287
2.9382349
1.1933664
1.5706963
1.1882491
1.5531687
0.69468321
0.6993177
0.78577654
0.78730271
0.79589773
1.2963618
1.2982825
0.7902602
0.69951788
0.69399474
0.78911873
0.55979868
0.56270835
0.78568867
0.80147937
1.0682115
0.80340294
1.0673519
0.65046926
0.4626314
0.65196764
0.46315035
0.80305124
1.0662622
1.0679016
0.8019702
0.65194911
0.46409352
0.46390544
0.65157501
0.6036812
0.48858241
0.6021269
0.48934944
0.64255827
0.75755406
0.64108793
0.7585445
0.6039641
0.48965014
0.48993209
0.60373152
0.6428373
0.75878236
0.75870662
0.64274507
1.3126109
0.96130914
1.3127076
0.96119909
0.70763787
0.70839797
1.2249285
1.225168
1.3126003
0.96142898
0.96123121
1.3127783
0.7088239
0.7085616
0.98898649
0.94408029
0.9891145
0.94401652
0.98340334
0.94186246
0.94171939
0.98346029
0.98899969
0.94399445
0.94401872
0.98902093
1.0089254
1.0089671
0.86259148
0.86269005
2.8249859
2.8250624
0.86780919
1.6877133
1.6877214
2.825223
2.825258
1.8673883
2.1511879
2.9579378
0.78519906
0.56435577
0.78666193
0.7870321
0.5623644
0.56472021
0.78477874
0.65174366
0.46441652
0.65213532
0.46447885
0.80272801
1.0659328
1.0668309
0.80167561
0.6523658
0.46450531
0.46476832
0.65149385
0.64240151
0.75746522
0.64199763
0.75796873
0.60425013
0.49050423
0.49010598
0.60439224
0.64267333
0.75876608
0.75818144
0.64325189
0.70926915
0.7086985
0.85808081
0.85796641
1.6785683
0.86290046
1.678371
2.8144295
2.8140317
0.86277086
1.6780495
1.6782678
2.8139233
2.8140631
1.1865826
1.5514059
1.1927781
2.1652859
2.9638003
1.193095
1.1859324
1.5506908
0.69390531
0.69838377
0.78738605
0.55948912
0.78911967
0.79481418
1.2965041
1.2968346
0.79078328
0.69831771
0.69449626
0.78883801
0.56148812
0.78731049
0.80181979
1.0668531
0.8027488
1.066274
0.6515469
0.46438862
0.6522589
0.46428541
0.80255203
1.0664886
1.0669284
0.80200134
0.65216409
0.46457844
0.46457762
0.65177358
0.60444682
0.48988157
0.60381289
0.48976075
0.64330477
0.7588462
0.64278174
0.75931605
0.60444982
0.49018041
0.49014576
0.6053022
0.64355197
0.7599217
0.75950332
0.64416005
1.3131134
0.9615254
1.3128682
0.96175646
0.70895193
0.7095194
1.2257036
1.2259964
1.3131844
0.96201832
0.96184287
1.3133463
0.7101331
0.70972221
0.98904507
0.94399589
0.98904503
0.94395894
0.98352687
0.94225409
0.94214438
0.98348606
0.98905934
0.94394324
0.94396314
0.9890177
1.0088563
1.0088778
0.86273041
0.86280936
2.8250535
2.8251149
0.86788523
1.6876811
1.687698
2.8248591
2.8249777
1.8856791
2.6754908
2.15142
2.9648764
0.78525346
0.56439648
0.78713361
0.78613244
0.5658878
0.56496785
0.78548205
0.65136345
0.46475032
0.65201721
0.46438323
0.80231537
1.0667472
1.0665762
0.80269233
0.6519025
0.46533985
0.46470113
0.65233368
0.64395278
0.75894445
0.64349728
0.75962815
0.60530701
0.49103406
0.49047323
0.60531272
0.64405696
0.75938948
0.75967189
0.64396506
0.70961687
0.70986271
0.85775868
0.85763357
1.6778919
0.86245017
1.6775803
2.8136756
2.8130447
0.86231882
1.6769125
1.6774408
2.8125812
2.8131428
1.1864192
1.5506402
1.1944189
2.166202
2.96735
1.1964657
1.1874422
1.5513345
0.69503374
0.69899774
0.78699693
0.78873471
0.79603049
1.2986528
1.2979381
0.79235384
0.69934082
0.69560446
0.78888483
0.78698214
0.80211859
1.0671629
0.80278747
1.0666024
0.65186815
0.46488546
0.6524312
0.46471913
0.80280272
1.0666143
1.0672317
0.80215204
0.65240333
0.46451649
0.46490691
0.65185927
0.60561191
0.49050633
0.60553901
0.49083764
0.64440979
0.76001922
0.64434346
0.76009421
0.60569957
0.49012624
0.49104645
0.60530268
0.64442553
0.75968374
0.76006045
0.6440655
1.3134875
0.96207308
1.3133931
0.96212895
0.71021908
0.7102904
1.2261171
1.3135153
0.96217778
0.96215362
1.3135602
0.70993318
0.71026036
0.98894665
0.94394756
0.98901549
0.94391347
0.98335164
0.94220553
0.9422444
0.98327878
0.98894498
0.94387316
0.9439145
0.98888869
1.0087778
1.0088223
0.86271688
0.8627749
2.8250322
2.8254716
0.86792026
1.6883042
1.6880029
2.8256771
2.825309
1.7693
2.6399969
1.9341839
1.5723425
1.5693474
0.78335788
0.56918303
0.56571159
0.78882769
0.78851288
0.56580003
0.78858996
0.65157053
0.46602097
0.65377371
0.46534265
0.80166819
1.0648182
1.0649086
0.80159794
0.6517559
0.46505513
0.46517279
0.65176219
0.64347104
0.75927646
0.64398714
0.75853721
0.60455477
0.49093213
0.4908012
0.60440391
0.64335965
0.7591237
0.75844556
0.64335811
0.70934013
0.70891959
0.85725847
0.85710014
1.6766308
0.8619249
1.6759499
2.8121904
2.8117663
0.86177944
1.6743019
1.6755629
2.8094333
2.8113671
1.1888145
1.1972502
1.5749695
2.0972353
2.8871448
1.1973323
1.1868597
0.69441723
0.70010586
0.78711952
0.56415072
0.79013757
0.79452
1.2994161
1.2964563
0.79310897
0.69833516
0.6965955
0.79048755
0.56295615
0.78771154
0.80184493
1.0672733
0.80307522
1.0659768
0.65165064
0.46482386
0.65261988
0.46486239
0.80332506
1.0654744
1.0671497
0.80195211
0.65293006
0.46525203
0.46544633
0.65190793
0.60518193
0.49044549
0.60535257
0.49057832
0.64377794
0.75954486
0.6440299
0.75924817
0.60532082
0.49126578
0.49113018
0.60532296
0.64387195
0.75944808
0.75925029
0.6439542
1.3136489
0.96220455
1.3135844
0.9622085
0.70980417
0.70949862
1.3136205
0.96198136
0.96220097
1.313428
0.70956723
0.70947311
0.9888819
0.94386672
0.98889496
0.9437888
0.98332471
0.94210686
0.94222304
0.98330043
0.98890015
0.94362042
0.94376905
0.98882444
1.0085335
1.0086647
0.86248725
0.86250931
2.8260047
2.826241
0.86786509
1.6902158
1.6892404
2.8282919
2.8265645
1.8860782
2.6764414
1.570444
1.8503944
1.5727005
0.7889774
0.56514487
0.56467785
0.78879096
0.79008763
0.56389061
0.78933115
0.65153838
0.46492418
0.65151333
0.46499342
0.80114839
1.0640728
1.0643818
0.8008221
0.65135112
0.46419682
0.46479542
0.65101919
0.64424568
0.75942823
0.64360724
0.76022019
0.60520635
0.49008493
0.49068089
0.60489506
0.64423002
0.75975948
0.76034857
0.64395575
0.70985929
0.71028262
0.8565705
0.85648563
1.6738647
0.86141606
1.6727048
2.8090403
2.8077698
0.86137512
1.6710559
1.6722357
2.8054902
2.8072609
1.1947867
1.5723384
1.1937397
1.5689661
1.8630041
2.6603316
1.1928357
1.1942154
0.69527921
0.69434213
0.79191994
0.56048313
0.79188553
0.79057893
1.2959832
1.2964774
0.79056845
0.69425068
0.69425638
0.79272386
0.55886902
0.79232291
0.80077324
1.064701
0.80114175
1.064461
0.6508157
0.46470863
0.65118839
0.46444295
0.80061889
1.0641506
1.0642871
0.80054728
0.65069856
0.46387998
0.4642736
0.65065576
0.60551773
0.49098638
0.60529575
0.49065424
0.64431888
0.75957968
0.64397565
0.76014311
0.60560015
0.49008175
0.49059604
0.60536807
0.64441347
0.76028266
0.76030412
0.64421406
1.3130935
0.96186777
1.313403
0.96141752
0.70965739
0.71005001
1.2257114
1.2256174
1.3130398
0.96100451
0.96129383
1.3128226
0.71006105
0.7101571
0.98859447
0.94356185
0.98878319
0.94333693
0.98304203
0.94132036
0.94157977
0.9829025
0.98855082
0.94311313
0.94327925
0.98840702
1.008176
1.0082689
0.86200029
0.86193662
2.8286324
2.8298326
0.86776396
1.6933081
1.6920143
2.8323612
2.8303526
1.8545286
2.6571365
1.5730426
1.892277
0.79039198
0.56318175
0.56368062
0.79094357
0.78876358
0.56562861
0.5648684
0.79056134
0.65109026
0.46384419
0.65098594
0.46280974
0.8014175
1.0664915
1.0645754
0.80268326
0.65138365
0.4616907
0.46253454
0.65203114
0.64242289
0.75950487
0.64365069
0.75836177
0.60307497
0.48752256
0.48803545
0.60202494
0.64200952
0.75657259
0.75820787
0.64064024
0.70650145
0.7081616
0.8561318
0.85610434
1.6707377
0.86160213
1.6701578
2.8051957
2.8041513
0.86170561
1.6703984
1.6700342
2.8043532
2.8039579
1.1936319
1.5707101
1.194292
1.9004744
2.6960608
1.1933
1.5732856
1.1967606
0.69419924
0.69426913
0.79297822
0.55892079
0.5597259
0.79329846
0.79268248
1.296141
1.2991443
0.78972153
0.69568818
0.69321245
0.79150691
0.79297629
0.80096749
1.0641504
0.80059623
1.0645007
0.65095908
0.46361923
0.65069455
0.46239708
0.80132072
1.0665379
1.0648094
0.80234059
0.65121528
0.46095444
0.46215827
0.65164078
0.6038589
0.48978694
0.60512254
0.48792942
0.64274246
0.76007324
0.64395849
0.75895334
0.60348109
0.4863519
0.48796147
0.60188147
0.64231335
0.75662644
0.75848074
0.64059387
1.3127211
0.96095758
1.3128147
0.96084062
0.70985631
0.70878713
1.3127536
0.96069801
0.96082429
1.3129237
0.70649877
0.70832826
0.98826438
0.94308256
0.98838232
0.94299994
0.98260669
0.94050592
0.94091342
0.98228719
0.98823138
0.94302709
0.94300055
0.98807569
1.0084795
1.0082534
0.86173863
0.86182596
2.8328224
2.8347204
0.8685415
1.6969636
1.6955927
2.8367577
2.8353215
2.1284008
2.9151483
1.5548935
1.5542286
2.1608655
0.78693234
0.56695839
0.56854125
0.783802
0.81674234
0.5873741
0.57229674
0.77657361
0.65166139
0.46108162
0.65180353
0.45825741
0.80393439
1.0749985
1.0730951
0.8110928
0.65147203
0.48260914
0.45799826
0.66136936
0.63518975
0.7556468
0.63978328
0.75120739
0.59546444
0.51326371
0.48199089
0.61545204
0.63423125
0.76319033
0.75011377
0.65038048
0.71116113
0.698941
0.85520409
0.8536525
1.6707221
0.86257186
1.6705703
2.8049324
2.8031697
0.86197595
1.592316
1.6664555
2.6346591
2.7952486
1.1855798
1.5539171
1.1846034
2.1740546
2.975417
1.1848435
1.5566852
1.180852
1.5474074
0.69230955
0.69470769
0.78965929
0.56258472
0.56438649
0.78642918
0.78855562
1.298348
1.2948271
0.81348722
0.69177316
0.71155081
0.81880829
0.77928201
0.80325873
1.0675826
0.80246395
1.0702424
0.65138737
0.46035244
0.65144636
0.45771198
0.80367894
1.0754137
1.0732104
0.81115002
0.65116827
0.48229651
0.4574737
0.66134934
0.59603623
0.48573497
0.60098251
0.48186955
0.63501485
0.75571169
0.6396851
0.75135965
0.59510641
0.51312967
0.48156454
0.61477675
0.63404013
0.76341751
0.7503008
0.65000592
1.3117521
0.96063374
1.3130202
0.96022519
0.7055774
0.7007507
1.218046
1.2687322
1.3097646
0.95638126
0.96000689
1.3164113
0.71134806
0.69906769
0.98804221
0.94307704
0.98806122
0.94325123
0.98203003
0.93796289
0.94012178
0.97885682
0.98797873
0.93648037
0.94315614
0.98448535
1.0058625
1.0089431
0.86096363
0.8595094
2.8370755
2.8358696
0.86901535
1.6204741
1.6936303
2.6678431
2.8283913
2.8063228
2.9237267
2.0915945
2.6609969
0.92510439
0.94904969
0.9512677
0.92200462
0.85547398
0.86529278
2.8137916
2.7124405
1.9991957
2.6369167
0.92706178
0.95444179
0.92714587
0.95440668
0.85914314
0.86830804
2.6627233
2.6506198
1.8014797
2.8158352
0.92669757
0.95423592
0.92671976
0.95422872
0.85892772
0.86748966
2.7126
2.8151153
2.0924504
2.8731882
0.92662166
0.95420213
0.92662695
0.9542057
0.85908943
0.86741857
2.9691928
2.8585483
2.1655858
2.8552266
0.92652371
0.95412508
0.92653942
0.95411305
0.8593052
0.86749437
2.9643921
2.8528418
2.1616733
2.85229
0.92635069
0.95395421
0.92637597
0.95393069
0.85948643
0.86755042
2.9789661
2.8739775
2.1554792
2.8685196
0.92607192
0.95366654
0.92611411
0.95362265
0.8596441
0.86753354
2.963804
2.853809
2.1672423
2.6561519
0.92565566
0.95319555
0.92570794
0.95313717
0.85976637
0.86746502
2.8515379
2.9649165
2.1611663
2.6589267
0.92542916
0.95279815
0.9254227
0.95278787
0.86001877
0.86777421
2.9021778
2.7829264
2.1186089
2.7870102
0.92602157
0.95301974
0.92589916
0.95305855
0.86078143
0.86928104
2.9195215
2.8055365
2.0798021
2.6633839
2.9476306
2.8524192
2.1069835
2.7751021
0.96080172
0.98658651
0.98626117
0.9644523
0.9684047
0.98990611
0.99003428
0.9685172
0.92250698
0.94652221
0.94877084
0.91937434
1.1832211
0.85076888
0.92480372
0.9520433
0.95205257
0.92470661
0.85825566
1.1918313
0.85245563
0.86216483
0.86561755
0.85616705
2.943268
2.8457453
2.1142194
2.7740923
0.96304259
0.98889905
0.98854703
0.96671057
0.97058956
0.99213165
0.99226771
0.97069371
1.1861337
0.85404577
0.92735267
0.9544761
0.92724504
0.95449619
0.86176916
1.1947136
0.86897465
0.85919199
2.8068842
2.7069602
1.9872145
2.6356345
2.6840816
2.6633156
1.8981728
2.6457599
0.96858791
0.98974576
0.9685631
0.98958547
0.96874582
0.98890797
0.98900098
0.96875103
0.92453793
0.95201298
0.92461405
0.95198393
1.1943484
0.8586414
0.9242458
0.95180005
0.95183473
0.9241986
0.8582175
1.1911937
0.85613943
0.86526581
0.86417413
0.85534485
2.690916
2.66675
1.9096373
2.6468824
0.97075574
0.99196608
0.99180212
0.9707344
0.97094228
0.99116347
0.9912444
0.97096171
1.1946474
0.86173221
0.9267925
0.95425306
0.92675186
0.95428015
0.86186063
1.1941307
0.86776003
0.85894685
2.6576476
2.6480405
1.7867689
2.8126727
2.6863353
2.7695174
2.0618941
2.8603117
0.96875887
0.98881976
0.96875166
0.98874382
0.96878103
0.98842678
0.98846729
0.96878142
0.92412171
0.95176714
0.92415494
0.95174459
1.1936997
0.85854721
0.92396331
0.95159151
0.95161897
0.92393298
0.8581204
1.1907343
0.85535268
0.86411943
0.86343624
0.85472039
2.7781172
2.6904973
2.0749303
2.878042
0.97100618
0.99109089
0.99103482
0.97097834
0.97113556
0.99084682
0.99086376
0.97116067
1.1940779
0.86185104
0.92664625
0.95420162
0.92663505
0.95420939
0.86215016
1.1939075
0.86751038
0.85907958
2.8755507
2.7544413
2.1189446
2.8562159
2.6555281
2.6703362
1.8766447
2.6547016
0.96880555
0.98839169
0.9687933
0.98836092
0.96873986
0.98814651
0.98818016
0.96871651
0.92387878
0.95156621
0.92390276
0.95154847
1.1906886
0.85806451
0.92372897
0.95137253
0.95140488
0.92369872
0.85781944
1.1904135
0.85465839
0.86324466
0.86283742
0.85419352
2.6785681
2.654399
1.8903567
2.6545831
0.97123034
0.99083594
0.99082837
0.97119615
0.97125877
0.99072432
0.99074454
0.97124928
1.1938907
0.86215965
0.92657707
0.95414131
0.92655772
0.95416309
0.86239571
1.1938239
0.86756731
0.85929888
2.9598944
2.8517129
2.1503105
2.8494513
2.6679436
2.6553429
1.8753351
2.6561494
0.96867163
0.98810787
0.96868752
0.98807806
0.96860871
0.98796764
0.98797641
0.96860053
0.9236462
0.95133973
0.92366839
0.95131785
1.1903788
0.85781512
0.92354072
0.9512
0.95121536
0.9235251
0.85752248
1.1901701
0.85414317
0.86275607
0.86236991
0.85367778
2.6743074
2.6577403
1.8750513
2.6566524
0.97124037
0.99070322
0.99068734
0.97124093
0.97117314
0.99055836
0.99058439
0.97114638
1.1938064
0.86234061
0.9264321
0.95398151
0.92640354
0.95401404
0.86247746
1.1937212
0.86763798
0.85948176
2.8482756
2.9578565
2.1560915
2.8493213
2.653891
2.6552759
1.8412291
2.6510534
0.96859469
0.98795734
0.96859235
0.98795376
0.96854777
0.98789702
0.98791381
0.96851728
0.92350373
0.9511866
0.92351063
0.95118313
1.1901464
0.85750664
0.92343796
0.9510976
0.95112095
0.92341856
0.85715797
1.1899672
0.85362644
0.86230307
0.86190695
0.85310274
2.6544371
2.6629891
1.8662222
2.6552979
0.97110038
0.99053017
0.990506
0.97111972
0.97092772
0.99030785
0.99034844
0.97087532
1.1936999
0.86236642
0.92620056
0.95371253
0.92615739
0.95376242
0.86239707
1.1935705
0.86765496
0.85964478
2.8154827
2.9122777
2.0839182
2.8255883
2.9705395
2.8695616
2.1518656
2.654027
0.96845044
0.98787442
0.96848174
0.98785337
0.96815517
0.98764193
0.98768088
0.96807613
0.92337615
0.95107145
0.92339581
0.95105021
1.1899385
0.85706879
0.92320666
0.95079838
0.95084998
0.92316606
0.85655703
1.1897087
0.85303283
0.86180654
0.86134369
0.85233712
2.8309376
2.9383781
2.1495949
2.6532513
0.97076922
0.99026393
0.99022198
0.9708205
0.97038161
0.98990163
0.98995569
0.97029059
1.1935395
0.86220344
0.92582471
0.95325905
0.92576483
0.95333051
0.86206099
1.1933295
0.86758178
0.85976758
2.959353
2.8492779
2.1603825
2.6511353
2.960055
2.850368
2.155806
2.6579884
0.96793345
0.98760671
0.96800269
0.98757964
0.96758755
0.98757564
0.98754867
0.9675247
0.92309421
0.95074945
0.92312606
0.95071071
1.1896806
0.85637704
0.92297773
0.95051962
0.95053951
0.92297527
0.85599942
1.1896692
0.85224631
0.86123217
0.86107768
0.85172513
2.9658111
2.8524304
2.1609647
2.6603519
0.97012211
0.98985201
0.98980829
0.9702059
0.96967342
0.9896793
0.98967394
0.96958851
1.1932945
0.86177804
0.92545637
0.95282449
0.9254326
0.95286787
0.86148178
1.1932248
0.86756153
0.85996649
2.9593139
2.8502803
2.1554609
2.6580389
2.8991849
2.7935799
2.1123294
2.6391925
0.967434
0.98761852
0.96747265
0.98768351
0.96737172
0.98853369
0.98833514
0.96738802
0.92300976
0.95051076
0.9229833
0.95052086
1.1922533
0.8561713
0.92332746
0.95077757
0.95071375
0.92343431
0.85578354
1.1901794
0.85176269
0.86141474
0.86176233
0.85174344
2.9068187
2.7984938
2.1252507
2.6422651
0.96945712
0.9897016
0.98974722
0.9695152
0.96932716
0.99051589
0.9903293
0.96933177
1.1932477
0.86138316
0.92569394
0.95296649
0.92578819
0.95291643
0.86157035
1.193784
0.86868895
0.86070295
2.897951
2.7816166
2.1180375
2.7846596
2.9054519
2.7799871
2.0767667
2.6560001
0.96732618
0.98873125
0.96738461
0.98890644
0.95999546
0.98572352
0.98536948
0.96367699
0.92368931
0.9508392
0.92355482
0.95089006
1.1902479
0.85578319
0.92155912
0.9455868
0.94781086
0.91844514
0.84813298
1.1817554
0.85181779
0.86237016
0.85878043
0.84802463
2.9108102
2.7818199
2.0887636
2.6538465
0.96924238
0.99070096
0.99086332
0.9693148
0.96185278
0.98763243
0.98727375
0.96553065
1.1938522
0.86150745
0.92387901
0.94773461
0.94994541
0.92078429
0.85405138
1.1853857
0.86586783
0.85739358
1.0540268
0.80288534
1.0664804
1.248236
1.2507577
1.0682315
0.80035765
1.0535957
0.56170667
0.59977264
0.50006276
0.5530665
0.52428085
0.48815483
0.60776194
0.58538908
0.38277595
0.70395942
0.77450932
0.78428535
0.69962049
0.40558681
2.2734447
2.2265595
2.6600511
2.6656897
1.7988413
2.854248
2.1467853
1.0257503
0.78870839
1.0248305
1.2887056
1.265592
1.2551291
1.2622396
1.2959619
1.2613509
0.78919871
1.036445
1.0205802
0.97494716
0.98328303
0.97501153
0.9410083
0.95248821
0.95463124
0.95421889
0.9409942
0.95437211
0.98306339
0.97290927
0.97517782
1.0087445
0.83885356
0.82430046
0.83429056
1.0093308
0.83491323
1.3461322
1.0189587
0.90939405
0.91154589
1.0193255
0.87369161
0.94825236
0.95126015
0.86964383
0.92648343
0.95380586
0.95276197
0.92726258
0.95296065
1.6472991
0.86705058
0.85903872
1.6708917
0.97863854
0.80288427
1.0518745
1.2437946
1.0642676
0.80131635
1.0480807
1.2464232
1.0642416
0.60116232
0.56619382
0.52486004
0.48495102
0.60015398
0.56336057
0.52801218
0.48624002
0.31560228
0.78282227
0.70421309
0.32314879
0.78373982
0.70494817
2.2575006
2.1776011
2.6666915
2.6533644
1.8091759
2.838513
2.1613704
0.79270733
1.0289932
1.0267286
1.2602057
1.2953731
1.2600838
0.79025588
1.0242347
1.0248349
1.2627522
1.2978852
1.2617268
0.98332621
0.97476922
0.97475358
0.95393865
0.94122888
0.95403856
0.98331881
0.97464818
0.97472283
0.95415396
0.94132937
0.95412878
1.3547107
1.3551885
0.83565227
1.0097536
1.354941
0.83578429
0.83589487
1.00968
0.83586929
1.0189104
1.3111031
0.91197534
1.0189975
0.91194874
0.87619024
0.95148783
0.87626896
0.95136618
0.92698481
0.9543348
0.95436922
0.92691867
0.97718721
1.686792
0.8682251
0.8591831
1.6866615
0.97688907
0.8056467
1.0502522
1.2466959
1.0682772
0.80610183
1.0521696
1.2451817
1.068751
0.60343342
0.56669141
0.53147818
0.49142899
0.60407692
0.56874817
0.52909736
0.49076806
0.31027263
0.7841392
0.70713725
0.30792033
0.78413627
0.70702669
2.268532
2.9531678
2.8555276
2.1564051
2.8641531
2.2287409
0.79743729
1.028234
1.0304842
1.2636235
1.3010881
1.2648558
0.79755959
1.0297064
1.0307707
1.2626573
1.2978242
1.26398
1.2246161
0.98368372
0.97531925
0.9752645
0.95445619
0.94173707
0.95459276
0.98361272
0.97505074
0.97518922
0.95474901
0.94184093
0.95470266
1.3538329
0.83599056
1.0092732
1.3538951
0.83602668
0.83602349
1.0092443
0.83604423
1.0184883
1.3102076
1.3102538
0.91185331
1.0185159
0.91184716
0.87590015
0.9508381
0.87592244
0.95079235
0.92667627
0.95420977
0.95421973
0.92665898
0.97669995
1.6871338
0.86755195
0.85912928
1.6872076
0.97692577
0.79939091
1.0485925
1.2460139
1.0648806
0.80084057
1.0510032
1.2441015
1.0640269
0.6033335
0.56728587
0.52805396
0.48850903
0.60289512
0.56588702
0.52927653
0.48869979
0.30283485
0.78420481
0.70723159
0.30749055
0.78447899
0.70747475
2.636246
2.6090857
1.7096548
2.7027468
2.29489
0.78747246
1.0246389
1.0221273
1.2623178
1.2958161
1.2597962
0.79090146
1.0282989
1.0248206
1.2597209
1.296452
1.2582448
1.2248849
1.224761
0.98342525
0.97496677
0.97500933
0.95460683
0.94176031
0.9545255
0.98349382
0.97516736
0.97509733
0.95441501
0.94171785
0.95446573
0.83597609
1.0090146
1.3536044
0.83597203
0.83594762
1.0090004
0.83596956
1.0183283
1.3100423
1.3100605
0.9118195
1.0183428
0.9118104
0.87585426
0.95061628
0.87586441
0.95060312
0.92660987
0.95418739
0.95419972
0.92659678
0.97713942
1.6875495
0.86752082
0.85933897
1.6875535
0.97743451
0.80198098
1.0487814
1.244388
1.0667448
0.80271058
1.0494295
1.2439209
1.0661632
0.60338636
0.56757011
0.52929792
0.49034922
0.60330316
0.56718796
0.52960558
0.48967286
0.30204185
0.7850841
0.70784768
0.30287293
0.78563034
0.7080508
2.2674869
2.6600135
2.6794926
1.8870338
2.6541679
2.2616106
0.79045549
1.0238356
1.0240812
1.2623147
1.2966611
1.2620992
0.79498027
1.0280863
1.0279817
1.2591174
1.2961437
1.2592843
1.2253401
0.98351225
0.97512594
0.97512301
0.95455869
0.94197793
0.95460623
0.98351357
0.97508147
0.97512766
0.95465072
0.94203694
0.95464316
1.3534307
0.83595029
1.0089014
1.3534236
0.83595909
0.83593296
1.0088973
0.83596115
1.0182009
1.3098833
1.3099022
0.91175189
1.0182172
0.91173647
0.8757771
0.95049875
0.87579777
0.95048218
0.92650218
0.95407066
0.9540942
0.92647979
0.97764322
1.6876637
0.86759804
0.85954024
1.6876484
0.97789647
0.80151445
1.0485946
1.2442705
1.0664274
0.80226408
1.0491638
1.243834
1.0657264
0.60470782
0.56871416
0.53026255
0.49019578
0.60471599
0.56864122
0.53009348
0.49008913
0.29867048
0.78633004
0.70952637
0.29887144
0.78659612
0.70965182
2.1686713
2.2605174
2.6665569
2.6540068
1.8733456
2.6584145
2.2602266
0.79127082
1.0251428
1.0248832
1.2626086
1.2973909
1.262703
0.79564373
1.0285199
1.0286386
1.2602994
1.2971097
1.2600352
1.2260589
0.98340677
0.97500952
0.97505805
0.95471512
0.94227511
0.95471074
0.98345132
0.97511897
0.97511542
0.9546341
0.9422721
0.95468921
1.3532886
1.3533068
0.83587948
1.0088444
1.3533023
0.83587525
0.83581668
1.0088439
0.83586222
1.0180238
0.91162017
1.0180472
1.3097238
0.91159335
0.87561451
0.95033745
0.87564595
0.95031429
0.92631912
0.95386338
0.95389987
0.92628595
0.97805119
1.6877936
0.86764785
0.85971537
1.6878415
0.97829634
0.80390297
1.04823
1.2459557
1.068596
0.80499009
1.0510923
1.2432477
1.0683177
0.60487541
0.56867982
0.53129906
0.49177829
0.60534091
0.56902858
0.53085953
0.49145175
0.3051595
0.7867854
0.70941109
0.30326443
0.78660713
0.70925678
2.1757218
2.2772452
2.6794014
2.6583325
1.9458466
2.6486835
0.79191208
1.0250991
1.0255731
1.2640813
1.2993861
1.2645202
0.79746647
1.030073
1.0305393
1.2605901
1.2971664
1.2605259
0.98328245
0.97492157
0.974915
0.95453286
0.94220592
0.95454763
0.9832879
0.97490542
0.97492982
0.95455613
0.94221277
0.95456155
1.3531575
0.83566716
1.0087398
1.3531776
0.83564913
0.83557648
1.0087234
0.83562716
1.0177874
0.91134712
1.0178172
1.3094788
1.3094325
0.9112972
0.87533809
0.95012144
0.87538698
0.95009062
0.92602227
0.95350854
0.95356954
0.92596975
0.97841973
1.6886077
0.86761829
0.85985133
1.6887314
0.97861185
0.80356115
1.0480917
1.242976
1.067979
0.80345474
1.0480233
1.2430356
1.0680568
0.60491235
0.56886652
0.5302194
0.49049531
0.60468189
0.56826769
0.53072702
0.49071872
0.29869756
0.7867147
0.70981912
0.30241631
0.78676765
0.71002837
2.2621488
2.1786319
2.97269
2.8632307
2.168095
2.6618676
0.79563688
1.0253744
1.0287678
1.2598014
1.297562
1.2625705
0.79502975
1.0246473
1.0283477
1.2603025
1.2971403
1.2626991
0.98314938
0.97472678
0.97479624
0.95449824
0.94190341
0.95444337
0.98321438
0.97490398
0.97487328
0.9542874
0.9418
0.95438187
0.83534963
1.0084188
0.8352987
1.3529047
0.83515746
1.0083726
0.83524192
1.0174572
0.91085386
1.0174976
1.3091106
0.9107806
0.87492437
0.94984943
0.87498418
0.94981961
0.92560037
0.95300897
0.95307354
0.92554882
0.97869413
1.6908453
0.867558
0.85997231
1.6911673
0.97887282
0.80290721
1.0480785
1.2427864
1.0673996
0.80292325
1.0477253
1.2432496
1.0673604
0.60377029
0.56709543
0.52992156
0.48926211
0.60417409
0.56822857
0.52874791
0.48879408
0.30199242
0.7862301
0.70928301
0.29795263
0.78570135
0.70891775
2.1737134
2.2605311
2.9619106
2.8511726
2.1696402
2.6595113
2.1718826
0.79465038
1.0248275
1.0281049
1.2596162
1.2964565
1.2621329
0.79471925
1.0245252
1.0280583
1.2600205
1.2968991
1.2623348
0.98275821
0.97425974
0.97435633
0.95398174
0.94116918
0.95393151
0.98282293
0.97447888
0.9744443
0.953757
0.94110089
0.95386847
1.3527906
0.83486992
1.0081657
0.83483039
1.3528549
0.83469689
1.0081891
0.83478118
1.0174029
0.91044079
1.0173705
0.91042758
0.87467838
0.94977825
0.87468452
0.94981262
0.92544478
0.95279059
0.95278382
0.92547618
0.97913297
1.6941411
0.86797933
0.86042396
1.6945727
0.97963933
0.80264004
1.05156
1.2462714
1.0677958
0.80261302
1.050467
1.248079
1.0681953
0.59820107
0.56021796
0.52711669
0.48575066
0.59992121
0.56510392
0.52255161
0.48370461
0.35022008
0.78374745
0.70428232
0.31142073
0.7831556
0.70262781
2.2396798
2.2018409
2.6237826
2.6454262
1.7389423
2.8197663
2.2046883
0.78762509
1.0244077
1.0231751
1.2610357
1.2951077
1.2606529
0.7902977
1.025878
1.0252139
1.2605917
1.2964768
1.2597484
0.98211418
0.97353118
0.97353893
0.95305136
0.94022847
0.95296211
0.9821523
0.97363335
0.97357805
0.95292226
0.94014894
0.95293525
1.3545127
1.3540336
0.83411099
1.0087574
1.3543334
0.83392914
0.83349815
1.0089417
0.83367411
1.0183232
1.3110021
0.91072404
1.0180981
0.91084735
0.87518513
0.95045774
0.8750722
0.95064648
0.92613094
0.95286564
0.95303178
0.92615813
0.98072265
1.6979114
0.86947036
0.8609849
1.6982066
0.98202659
2.2283277
2.6637721
2.6586071
1.7860488
2.8493662
2.1488731
1.8634346
1.5546833
1.566474
1.842433
2.6516822
2.6546818
1.7614423
2.8137363
2.2773996
2.2051916
1.8740935
1.5526325
1.5759872
1.8355856
0.76060273
0.79111798
0.57241743
0.78282602
0.57381386
0.78152321
0.55098969
0.65084797
0.470969
0.4827918
0.47718607
0.46199428
0.65134796
0.55924278
1.0538671
0.80636487
1.0702229
1.245722
1.2495171
1.0709646
0.80476884
1.0498258
0.55254034
0.65438424
0.4597945
0.47744669
0.47853795
0.46022481
0.65283987
0.55035369
0.68190755
0.63769203
0.75810098
0.7173501
0.70613666
0.75228105
0.64435371
0.69522523
0.56196108
0.59840425
0.48452479
0.52491479
0.5243299
0.48467983
0.59848732
0.56293571
0.68225846
0.63674586
0.75234478
0.7081284
0.70644429
0.75169765
0.63715275
0.68377026
0.35029976
0.702105
0.78235882
0.78230286
0.70118584
0.3243386
1.352869
1.3534075
1.3451262
1.0096157
0.9876597
0.98886263
1.0081852
1.3548808
1.3544447
1.3547321
1.0117508
0.99056164
0.99050421
1.0117555
1.0173862
1.3098275
1.3085907
0.90827934
0.91043479
1.0177467
1.2458822
1.3086369
1.3009018
1.2492788
0.96390119
0.98922467
0.96591735
0.98792379
1.0180275
1.3107852
0.91102078
0.91110744
1.0178321
0.96805918
0.98986624
0.96742531
0.99004813
1.2566423
1.3102235
1.3105318
1.2566964
0.87092239
0.94539931
0.94843068
0.86684322
0.92390204
0.95133611
0.95027806
0.92469264
1.2799625
0.81658261
0.80702967
0.8537718
1.1919039
1.2822239
0.92488391
0.95179263
0.9519926
0.92487823
0.87373702
0.94887529
0.94904715
0.873648
0.85818774
1.1935996
1.2821329
0.81556403
0.81549545
1.2831482
0.94974669
1.647822
0.86377625
0.85607969
1.6712054
0.97533251
2.7461451
2.7941597
0.86585767
0.85636097
0.97398545
1.686636
0.97524387
1.6870203
2.8243907
2.8245759
1.8648492
1.5539003
1.1803159
1.5664821
1.1886598
1.842337
2.2419276
2.6526398
2.6547608
1.7713274
2.8277983
2.2709963
2.2020055
1.8757005
1.5522811
1.1876378
1.5766341
1.1994301
1.8356952
1.2818654
0.69191639
1.2824668
0.57345066
0.57010094
0.69052663
1.2893238
1.2835907
0.58957626
0.76241147
0.79316211
1.0280778
0.79408333
1.029369
1.298838
1.2624685
1.2646695
1.2637031
1.3021557
1.2653012
0.79429523
1.0267845
1.0295424
1.2829372
0.6963524
1.2828426
0.56592502
0.56994522
0.5715211
0.69672506
1.2811734
1.2826871
0.78513054
0.57118711
0.78387964
1.0543451
0.80307737
1.066885
1.2490599
1.2512801
1.068502
0.80066156
1.054195
0.55090197
0.65094134
0.47069615
0.48257059
0.47686571
0.46165141
0.65151473
0.55919186
1.0541565
0.80655558
1.0703289
1.2463398
1.2499992
1.0710513
0.80509094
1.0503381
0.5524936
0.65455863
0.4597406
0.47740014
0.47826783
0.46002651
0.65313923
0.55053793
0.56199385
0.60045196
0.50005976
0.55343457
0.52427485
0.48806045
0.60863893
0.5861792
0.68265298
0.63849646
0.75905523
0.71843758
0.7069758
0.75317349
0.64532537
0.69630779
0.56214183
0.5987011
0.48456938
0.52490405
0.52427283
0.48462852
0.59905547
0.56299199
0.68290269
0.63719216
0.75302235
0.70866565
0.70720633
0.75243383
0.63756914
0.68404005
0.91742208
1.3082345
0.91747584
0.95911315
0.95279248
0.95277532
0.95236032
0.95998375
0.95255618
1.3051586
0.92295964
0.91808068
0.38191179
0.70480854
0.77510222
0.78479826
0.70044519
0.4060932
1.2251879
0.9187835
1.3128544
0.91952986
0.96104414
0.9526762
0.95274709
0.95259588
0.9608515
0.95270048
1.313351
0.92032183
0.9202014
0.34985131
0.70273098
0.78281626
0.78282028
0.70187504
0.32452465
0.97967726
0.98893927
0.97917569
0.94148933
0.98353187
0.9864806
0.98853927
0.94362907
0.98794284
0.98845164
0.97496277
0.97804372
0.97482204
0.98336452
0.97472177
0.94094145
0.95388063
0.95387273
0.95404821
0.9409166
0.95395175
0.9833175
0.97462746
0.97465621
0.9798184
0.98929631
0.97983123
0.94448041
0.9884756
0.98855236
0.98866719
0.94453223
0.98864499
0.98925981
0.97975925
0.97981044
1.0096788
0.98778937
0.98897258
1.0082261
1.3558971
1.0100923
0.83550478
0.83532552
0.83488817
1.0102494
0.83506999
1.3557558
1.0118244
0.9907447
0.99062849
1.0118713
1.2477659
1.3103023
1.3025876
1.2511626
0.96613457
0.99148811
0.99020026
0.96813638
1.019586
1.3124652
0.91212273
0.91220545
1.0193913
0.9702546
0.99211918
0.96963239
0.99229079
1.258504
1.3118952
1.3122058
1.2585538
1.2826557
0.81973436
0.81021548
0.85723084
1.1948594
1.2849223
0.92744226
0.95425479
0.92744452
0.95444574
0.87645547
0.95163463
0.87635684
0.95180988
0.86172548
1.1965542
1.2848078
0.81864163
0.81857943
1.2858342
2.7445437
2.7933561
0.86923238
0.85927648
0.97742243
1.6873685
0.97855993
1.6874235
2.8246464
2.8244548
2.6615695
2.6504002
1.7975495
2.8374834
2.1609641
1.8655228
1.56292
1.8551065
1.5700566
2.9216716
2.8217262
2.1362374
2.8493203
2.1763324
2.1593884
1.8403831
1.5727028
1.5575975
1.8701926
0.79186754
0.79159695
0.79160562
0.7896256
0.65245246
0.55327196
0.47727339
0.45965337
0.65077326
0.54995534
0.4797025
0.46100005
1.0520794
0.80164628
1.0639948
1.2452177
1.2467806
1.0649424
0.80013034
1.0500904
0.55277309
0.6508148
0.46320506
0.47829059
0.47932667
0.46305179
0.64946921
0.55112596
0.63964027
0.68673828
0.70871774
0.75422579
0.6386986
0.68430244
0.71109963
0.75501092
0.56692834
0.60355183
0.49007567
0.53121697
0.52904985
0.48889488
0.6043532
0.56886279
0.68752873
0.64216783
0.7575167
0.71303841
0.71188041
0.75714377
0.64262542
0.68869624
0.31247101
0.70705438
0.78410082
0.78388724
0.70675992
0.3078533
1.3536928
1.3541719
1.3539237
1.0112289
0.99060659
1.0114354
0.99057958
1.3532462
1.3531399
1.0108935
0.99044409
0.99049702
1.0108085
1.0173762
1.3092435
1.309424
0.91090118
1.0174581
0.91086898
1.2565877
1.309915
1.2566564
1.3096447
0.96860747
0.98931608
0.96864249
0.98944116
1.0172295
1.3091031
0.91141129
0.91139926
1.0171872
1.3088897
0.96871969
0.98920491
0.96868689
0.98910077
1.2562973
1.3087771
1.2562286
0.87349231
0.9487249
0.87356443
0.94860351
0.92446421
0.95191426
0.95194831
0.92439598
1.2823271
0.8156375
0.81569181
0.85862814
1.1941763
1.2816346
0.92429003
0.95188402
0.95186141
0.92433537
0.87324861
0.94811439
0.94818544
0.87321731
0.8584749
1.1941142
1.2806069
0.81560647
0.815656
1.2814769
0.97371387
1.6847962
0.86508141
0.85587448
1.684256
0.97314115
2.8221864
2.8217586
0.86448077
0.85575285
0.97250467
1.6823083
0.97296013
1.6827164
2.8189562
2.8195486
1.8664181
1.5620052
1.18867
1.8551043
1.5698345
1.1940615
2.2729497
2.9293964
2.8280795
2.1488093
2.8496654
2.177395
2.1601651
1.8402653
1.5720177
1.1952138
1.5568422
1.1901639
1.8698474
0.69466515
1.2816858
1.2802518
0.56000787
0.69179893
1.2793464
1.2789854
0.79425008
0.56193138
0.79394269
1.0314487
0.79390019
1.028478
1.2971715
1.2612628
1.2600662
1.26547
1.298226
1.2631422
0.78896775
1.0259416
1.0242477
1.2823813
0.69623671
1.2815765
0.56309631
0.5665909
0.69143573
1.2803424
1.2800198
0.56190129
0.79354164
0.56486309
0.79147351
0.80277368
1.0519699
1.2444041
1.064333
0.80138312
1.0485541
1.246824
1.0643389
0.65231741
0.5530438
0.47717108
0.45928847
0.6507896
0.55004602
0.47930362
0.46031265
1.0522469
0.80167329
1.0643124
1.24552
1.2472305
1.065312
0.80010512
1.0501318
0.55257411
0.65076757
0.46249154
0.47791819
0.47893649
0.46224276
0.64938976
0.55093821
0.60063773
0.56559178
0.52491843
0.48433818
0.59974389
0.56315646
0.52729467
0.48532642
0.63941702
0.6869175
0.70913317
0.75463959
0.63856694
0.68442079
0.71143084
0.75538352
0.56664961
0.60386299
0.48958909
0.53074537
0.52844924
0.48850583
0.60441768
0.56874288
0.68784329
0.64238515
0.75793898
0.71355598
0.7122832
0.75756838
0.64289517
0.68919413
1.3130972
0.92044818
0.92052595
0.95258822
0.96132716
0.95243389
1.3132549
0.92054038
0.92064168
0.95206788
0.96134684
0.95227672
0.31575287
0.78325402
0.7046361
0.32340339
0.7841104
0.70534083
1.225001
0.92059925
1.3130432
0.92067958
0.96118807
0.95151649
0.95164606
0.95193156
0.96123679
0.95180385
1.3130259
0.9206117
0.92079325
0.31254129
0.70746301
0.78451637
0.7842582
0.70716579
0.30791446
0.98916198
0.97965419
0.97969544
0.98842758
0.94438154
0.98837588
0.98918911
0.9797435
0.97973059
0.98827505
0.94436189
0.98834659
0.97478579
0.98331266
0.97480127
0.94144995
0.95433804
0.95424594
0.95417978
0.94142605
0.95420907
0.98335012
0.97494306
0.97486607
0.9796303
0.98908432
0.97960265
0.94424452
0.98811232
0.98814556
0.98823492
0.94427225
0.98820042
0.98909464
0.9795808
0.97959867
1.0113675
0.99077245
1.0115059
0.99074158
1.3542721
1.0093948
0.83597325
0.8359545
0.83592571
1.0094632
0.8359467
1.3541786
1.011041
0.99065333
0.99067402
1.0109449
1.2584444
1.3115878
1.3113197
1.2585133
0.97077441
0.99153243
0.99165647
0.97081076
1.0186993
1.3107874
0.9118824
0.9118941
1.0186419
0.97090465
0.99142705
0.97086103
0.99133307
1.2581786
1.3104822
1.3105733
1.2581243
1.2845066
0.81870025
0.81875235
0.86181541
1.1969775
1.2842953
0.92682996
0.95431196
0.92686791
0.95429813
0.87596772
0.95088926
0.87594374
0.95094725
0.86210717
1.1970575
1.2833071
0.81871234
0.81875083
1.2841402
2.8242129
2.8239701
0.86804375
0.8591932
0.97668693
1.6868818
0.97684592
1.6867754
2.8247414
2.8245832
2.2282637
2.9492127
2.8535994
2.1394249
2.8575301
1.8318897
1.5697763
1.8650982
1.5484586
2.6655637
2.6222591
1.7082097
2.659904
2.1614885
2.2760664
1.8880945
1.5639943
1.5803112
1.8547468
0.78409393
0.78327418
0.56078098
0.78995279
0.79146264
0.65396619
0.55161246
0.47952565
0.46583005
0.65452025
0.55286706
0.47861897
0.46507011
1.0478088
0.79926362
1.0643171
1.2457501
1.2432375
1.0636662
0.80052914
1.0506611
0.54998066
0.64883439
0.46162383
0.47825849
0.47742427
0.46125138
0.65004539
0.55165049
0.64189128
0.68731692
0.71299415
0.75747484
0.64236474
0.68847033
0.71202239
0.75722912
0.56569952
0.6012535
0.48736412
0.52761431
0.52780925
0.48728014
0.60128771
0.56552123
0.68681478
0.64001179
0.75630553
0.71167001
0.71161997
0.75632215
0.6400567
0.68689067
0.31111081
0.70652856
0.78415043
0.78410692
0.70652567
0.30939425
1.3527598
1.3529134
1.3528347
1.0104365
0.99035766
1.0105787
0.99031735
1.3525807
1.3525262
1.0090785
0.98995874
0.99003256
1.0090278
1.0178882
1.3084666
1.3085308
0.91137815
1.0179115
1.308602
0.91135242
1.2560966
1.3086681
1.2561538
0.96876446
0.98862461
0.96877283
0.98868135
1.0177328
1.3083991
0.91118873
0.91123981
1.0168344
1.3082385
0.96877502
0.98856689
0.96877487
0.98851423
1.2558555
1.3082769
1.2558214
0.87314821
0.948043
0.87318235
0.9479805
0.92408466
0.95168863
0.95171734
0.92404689
1.2809911
0.81556647
0.81552523
0.85855964
1.1936376
1.2807315
0.92398782
0.95165978
0.95163987
0.92401128
0.87300916
0.94771071
0.94775004
0.87298804
0.85841198
1.1936052
1.2800285
0.81527672
0.81531655
1.2806693
0.97243793
1.6812093
0.8640517
0.85521792
1.6808552
0.97222805
2.8174801
2.8170078
0.86370716
0.85513315
0.97174602
1.679912
0.97212492
1.6800908
2.8159959
2.8162396
1.8327951
1.5695348
1.1964499
1.8656149
1.5485334
1.1853086
2.1551415
2.6253391
2.6668909
1.7178717
2.6610551
2.1605716
2.2869889
1.888993
1.564318
1.1910251
1.5808278
1.1971138
1.8557559
0.70109423
1.2825393
1.2835684
0.56703439
0.56920357
0.7006756
1.2822833
1.2834816
0.7862129
0.56901399
0.78508069
1.0232557
0.78723548
1.021906
1.2959431
1.2609897
1.2591437
1.258872
1.2965721
1.2581744
0.78952217
1.0266851
1.0236321
1.2800112
0.69133198
1.2786529
0.69414779
1.2810683
1.2796627
0.55830987
0.79188618
0.55671567
0.79314502
0.80592366
1.0508437
1.246961
1.0684764
0.80616786
1.0521976
1.2460228
1.0691504
0.65423593
0.55185601
0.47923367
0.46526519
0.65460772
0.55274617
0.47866746
0.46483596
1.0483695
0.79940911
1.0646469
1.2461887
1.2440785
1.0641416
0.80050078
1.0507875
0.55016365
0.64893807
0.46141679
0.4780059
0.47743486
0.4611257
0.64998557
0.5514898
0.60415602
0.56710006
0.53135234
0.49171959
0.60480413
0.56909441
0.52935487
0.49116828
0.64251921
0.68804865
0.71360948
0.75811069
0.64306971
0.68923941
0.71275292
0.75790692
0.5658613
0.60142744
0.4871802
0.52722883
0.52789065
0.48720197
0.60133251
0.5652276
0.68747325
0.64038705
0.75697691
0.71227867
0.71232603
0.75700717
0.64030584
0.68734016
1.3127884
0.92125085
0.92111919
0.95150391
0.96126555
0.95154963
1.3127758
0.92075033
0.92099385
0.95167892
0.9613378
0.95164391
0.31008418
0.78461022
0.70773212
0.3079454
0.78471117
0.70766591
1.2244
0.92148773
1.3128462
0.92154456
0.96138784
0.95156576
0.95165206
0.95172825
0.96141425
0.9517236
1.3128036
0.92141467
0.92161567
0.3109218
0.70721438
0.78478713
0.78470394
0.70721219
0.3094755
0.98924863
0.97962366
0.97963152
0.98810628
0.94421474
0.98809184
0.98921992
0.97960539
0.97963163
0.98805456
0.94420837
0.9880951
0.97536103
0.98375746
0.97536109
0.94194367
0.95470497
0.95476858
0.95479142
0.9419654
0.95480571
0.9837295
0.97526903
0.97534737
0.97962713
0.98926566
0.97960989
0.94412813
0.98793127
0.98797543
0.98804199
0.9441551
0.98802559
0.98924186
0.97953357
0.97959249
1.0106433
0.99057831
1.0106976
0.99055591
1.3537049
1.0091042
0.83599644
0.83601442
0.83602658
1.0091445
0.83603251
1.3536774
1.0105173
0.99051111
0.99051652
1.0104847
1.2580166
1.3103845
1.3103086
1.2580623
0.97102964
0.99095458
0.99099085
0.97105876
1.0184188
1.31016
0.91183881
0.91183968
1.0183973
1.3101077
0.9711083
0.99091944
0.97108368
0.99089005
1.2578697
1.3100874
1.2578553
1.2832147
0.8186753
0.81865023
0.86198666
1.1965694
1.2834884
0.92665005
0.95420564
0.92665056
0.95420922
0.8758682
0.95062784
0.87586773
0.95064228
0.86238039
1.196701
1.2828756
0.818549
0.81856046
1.2834469
2.8251117
2.8252701
0.86771172
0.85919494
0.97708049
1.6874893
0.97699968
1.687412
2.8252312
2.8252181
2.1847028
2.2802225
2.6369045
2.6510265
1.7975889
2.6564642
1.8798089
1.5556906
1.8398756
1.5763132
2.8561231
2.9613084
2.1489772
2.8697577
2.1679779
2.1674989
1.8306495
1.5708377
1.5486152
1.8684489
0.78829487
0.79014342
0.559711
0.56216799
0.78725109
0.78521345
0.64902628
0.55041745
0.47825417
0.46269594
0.65019435
0.55170581
0.47754769
0.46243302
1.0497388
0.80229777
1.0657754
1.2436995
1.2448497
1.0665495
0.80144975
1.0485867
0.55147671
0.65155807
0.46364203
0.47924161
0.47837622
0.46370663
0.65102878
0.55190195
0.64194482
0.68852333
0.71209847
0.75727574
0.64151883
0.68737576
0.71310914
0.75758207
0.56783391
0.6035226
0.48934765
0.52913579
0.52959502
0.48963705
0.60332153
0.56711725
0.68868286
0.64241077
0.75744337
0.71286601
0.71322805
0.75783753
0.64211318
0.68826008
0.30233202
0.70772795
0.78489957
0.78461844
0.70781495
0.30251797
1.352361
1.3524302
1.3524026
1.0100087
0.99006446
1.0101163
0.99003063
1.3522403
1.352224
1.0098841
0.98983974
0.98992391
1.0098755
1.0166821
0.91117283
1.0167225
1.3082064
1.3081764
0.911141
1.2557775
1.2557975
0.96880222
0.98829477
0.9687929
0.98832966
1.0165566
1.3080681
0.9109106
0.91102351
1.0164817
0.96875463
0.98825441
0.96877352
0.98821631
1.2556018
1.3079548
1.307989
1.255568
0.87292902
0.94767075
0.87295946
0.9476322
0.92384616
0.95148744
0.95152021
0.92381018
1.2799771
0.81524663
0.81522569
0.85830981
1.1932547
1.2803167
0.92375279
0.95145412
0.95143
0.92377548
0.87278695
0.94743971
0.94747075
0.87276538
0.85795288
1.1931182
1.2797012
0.81503792
0.81507315
1.2802816
0.97165543
1.6794304
0.86337734
0.85467464
1.6792547
0.97151041
2.8156108
2.8153976
0.86299109
0.85456227
0.97098181
1.6786836
0.97137806
1.6787634
2.8143069
2.8144424
1.881835
1.5594468
1.1890084
1.8479197
1.5769616
1.1962279
2.2643202
2.8483613
2.9497429
2.1528225
2.8481355
2.1642762
2.1715088
1.8310346
1.5697899
1.1941469
1.5479707
1.1840932
1.866912
0.69157378
1.2800269
1.2791578
0.56233664
0.69503209
1.2813908
1.2801322
0.55971391
0.55977077
0.79054673
0.55780041
0.79187503
1.0290708
0.7949843
1.0279325
1.2972349
1.2591966
1.2599337
1.263222
1.29611
1.2618492
0.79076728
1.0239014
1.0245628
1.2816191
0.69898943
1.2816561
0.69475288
1.2799025
1.2804268
0.56066117
0.78854853
0.56276832
0.7864334
0.79967533
1.0493294
1.2464476
1.0650597
0.80088534
1.0511358
1.2451293
1.0645216
0.6492707
0.55074555
0.47803837
0.46260103
0.65023652
0.55158054
0.4777535
0.46252422
1.0505097
0.80294963
1.0665699
1.2443923
1.2458565
1.0673939
0.80200617
1.049044
0.55190956
0.65214456
0.46398403
0.47938399
0.4786804
0.46412911
0.65152267
0.55212237
0.60324195
0.56756584
0.52802413
0.48852264
0.60272885
0.56596444
0.5295639
0.48889087
0.6421478
0.68915342
0.71271693
0.75796104
0.64165713
0.68783331
0.71390313
0.75830577
0.56788342
0.60424986
0.48977375
0.52950815
0.52998603
0.49008291
0.60409879
0.56750267
0.6894112
0.64290203
0.75877965
0.71418532
0.7141152
0.75877991
0.64281367
0.68941848
1.3126956
0.92133562
0.92146983
0.95152787
0.96126275
0.95148509
1.3127446
0.92149644
0.92159199
0.95138545
0.96123233
0.95145366
0.30327761
0.78486299
0.70792999
0.30767639
0.78519664
0.70819328
1.2249784
1.2250898
0.92143255
1.3126368
0.92154655
0.96135569
0.95166996
0.95158176
0.95142054
0.96129433
0.9515038
1.3127559
0.92178282
0.92179371
0.30283301
0.7087417
0.78578243
0.78535843
0.70867193
0.30272876
0.98901477
0.97941257
0.97943471
0.98790471
0.94405699
0.98787288
0.98906693
0.97950009
0.97947203
0.98783317
0.94404537
0.98786865
0.97497679
0.98341759
0.97499253
0.94180498
0.9545203
0.95448022
0.95442882
0.94176787
0.954461
0.98344487
0.97505631
0.97503453
0.97942353
0.98900823
0.97942693
0.94400849
0.98780063
0.98781556
0.98783671
0.94402179
0.98784138
0.98902837
0.97942353
0.97944016
1.0104171
0.99048629
1.0104335
0.99046832
1.3534895
1.0089371
0.8359582
1.3534795
0.83596276
0.83595224
1.0089626
0.83596713
1.0103492
0.99041754
0.99042535
1.0103288
1.2578443
1.3100809
1.3100687
1.2578498
0.97124656
0.99080478
0.99081837
0.97125723
1.0182827
1.3100067
0.91178588
0.91179058
1.0182665
1.3099604
0.9712567
0.99078406
0.97125655
0.99076486
1.2577416
1.3099726
1.2577203
1.2828508
0.81854562
0.81854958
0.86229151
1.1964565
1.2832628
0.92658584
0.95417719
0.92658871
0.95417284
0.8758198
0.95051242
0.87581094
0.95052531
0.86264515
1.1966016
1.2827163
0.81849093
0.81850758
1.2832479
2.8249799
2.8250022
0.86775499
0.85941177
0.97759548
1.6877306
0.97752083
1.6876967
2.8254352
2.8254478
2.1678624
2.261668
2.6688831
2.6549661
1.871896
2.6539526
2.2587256
1.8676346
1.5509557
1.8334006
1.5699274
2.9595539
2.8506909
2.149954
2.8499354
2.1701609
1.8332872
1.5695628
1.5508451
1.8674305
0.78491742
0.78663112
0.56269409
0.56248413
0.78682402
0.78479981
0.65171528
0.5524676
0.47980949
0.46456644
0.65226781
0.55257418
0.48000547
0.46432989
1.0494624
0.80267798
1.0660492
1.2437173
1.2444939
1.0668125
0.80180652
1.0485135
0.552912
0.65233002
0.46450018
0.47992729
0.48032321
0.46474509
0.65161645
0.55230439
0.64217771
0.68867389
0.71288175
0.75759351
0.64206815
0.68826589
0.71329951
0.75776512
0.56788733
0.60408838
0.49044176
0.53003686
0.52993381
0.4901451
0.60419759
0.56812433
0.6889049
0.6428709
0.75857236
0.71415973
0.71352588
0.75838046
0.64303777
0.68951535
0.30127982
0.7091081
0.78623582
0.78585624
0.70892583
0.29914844
1.3521702
1.3521663
1.0097765
0.98984667
1.0098542
0.98983556
1.3521453
1.3521617
1.0097678
0.98981299
0.98982423
1.0097954
1.0164576
0.91095116
1.0164666
1.3079249
1.3079091
0.91094915
1.2555046
1.2555282
0.96865288
0.98803453
0.96863906
0.98805531
1.0172505
1.3078465
0.91091574
0.9109209
1.0172573
0.96861132
0.98801166
0.96862385
0.98799134
1.2554105
1.3078171
1.30784
1.2553981
0.87270833
0.94740739
0.87273704
0.94737731
0.92361841
0.95126484
0.95129134
0.92358984
1.279662
0.81500568
0.81498492
0.85804737
1.1929674
1.2800394
0.92355211
0.95124053
0.95122696
0.92356425
0.8725996
0.9472473
0.94726686
0.87258884
0.85766084
1.1928398
1.2794803
0.81482813
0.81485726
1.2800174
0.97088895
1.6784641
0.8628926
0.85415737
1.6783443
0.97070677
2.8142583
2.8140598
0.86251808
0.85404481
0.97013274
1.678095
0.97056828
1.6781392
2.8140889
2.8141
1.8661619
1.549419
1.185163
1.8326826
1.5681813
1.1922107
2.8525873
2.9640456
2.1649346
2.8514945
2.1696961
2.1682386
1.8328858
1.568998
1.1927078
1.5495378
1.1852802
1.8678908
0.69422492
1.2797171
1.279914
0.56171599
0.69847274
1.281045
1.2811115
0.55983934
0.56181195
0.78711436
0.78881751
1.0278744
0.79504318
1.0280433
1.2963347
1.2595471
1.2594456
1.2620814
1.2966835
1.2621407
0.7906991
1.0243707
1.0242834
1.280956
0.69861776
1.2811091
0.56007551
0.69446628
1.2799768
1.2799665
0.55996872
0.78880706
0.56175406
0.78704327
0.80194621
1.0488419
1.2449106
1.0670155
0.80275135
1.0497057
1.2442818
1.0664403
0.65162285
0.55222288
0.4798106
0.46443037
0.65227665
0.55263829
0.47971018
0.46424856
1.0495035
0.80265254
1.0664857
1.244452
1.2448353
1.0670937
0.801971
1.0489871
0.55266811
0.65225702
0.46443898
0.4800111
0.48004027
0.46460037
0.65172687
0.55247039
0.60421786
0.56787694
0.52967839
0.48991568
0.60383825
0.56763023
0.52971358
0.48993591
0.64310136
0.68986451
0.71422247
0.75896981
0.64284567
0.68944372
0.71466734
0.75913958
0.56824089
0.60466566
0.49014626
0.53017047
0.53007834
0.49031177
0.60509055
0.56883344
0.69005352
0.64377346
0.75980714
0.71531064
0.71483829
0.75967188
0.64397095
0.69058584
1.3130662
0.92239542
0.9223562
0.9518118
0.96161134
0.9519476
1.312987
0.92202291
0.92228344
0.95216088
0.96169869
0.95208773
0.30126337
0.78596607
0.70911956
0.30271834
0.78646496
0.70931763
1.2258021
1.2259313
0.9225791
1.3132465
0.92269094
0.96197451
0.95247643
0.95243684
0.95227725
0.96192368
0.95238078
1.3133549
0.92278062
0.92287953
0.30082707
0.71002633
0.7869855
0.78664457
0.70989465
0.2998626
0.98905376
0.97942356
0.97943526
0.9878056
0.94398727
0.98779941
0.9890632
0.97943762
0.97944856
0.98778562
0.94398429
0.98781196
0.97514885
0.9835217
0.97515154
0.94222557
0.95472129
0.95471641
0.95468945
0.94220192
0.95471972
0.98351454
0.9751415
0.97516235
0.97943543
0.98905458
0.97943296
0.94395564
0.98776085
0.98777576
0.98779404
0.94396782
0.987801
0.98905262
0.97940801
0.97943665
1.0102611
0.99037166
1.0102735
0.99035069
1.3533548
1.0088614
0.83589998
1.3533501
0.83591642
0.83592917
1.0088802
0.83593278
1.0102179
0.99030086
0.99030812
1.0102046
1.2576757
1.3099337
1.3099133
1.2576935
0.97123133
0.99065625
0.99067278
0.97122212
1.0181398
1.3098482
0.91168098
0.91169391
1.0181166
0.97118812
0.99063267
0.97120472
0.99060964
1.2575649
1.309786
1.309806
1.2575401
1.2826948
0.81847706
0.8184708
0.86245101
1.1963632
1.2831079
0.92645019
0.95404962
0.92646237
0.95403456
0.8756891
0.95035765
0.87566966
0.95037707
0.86274549
1.196506
1.2825547
0.81835173
0.81837915
1.2830921
2.8250919
2.8251746
0.86782882
0.85960688
0.97800287
1.6876363
0.97796181
1.687609
2.8247633
2.8248333
2.1697711
2.2574739
2.6618346
2.6534057
1.8607521
2.6587159
2.2599587
1.8696839
1.5519703
1.8348193
1.5710549
2.2711878
2.9593517
2.8527058
2.1554394
2.8573629
2.164008
1.8368355
1.5718621
1.5536779
1.8719172
0.78550477
0.56439648
0.78745322
0.56252381
0.56351294
0.78787917
0.78627185
0.65133165
0.55213124
0.48011837
0.46466389
0.65195305
0.55264635
0.47972653
0.46427303
1.0492609
0.80212488
1.0656619
1.2447108
1.2443941
1.0661347
0.80170122
1.0495985
0.5525
0.65181948
0.46486106
0.48044684
0.47997258
0.46480287
0.65152665
0.55295431
0.64383015
0.69031838
0.71437299
0.75909461
0.64364128
0.68974534
0.71500158
0.75922486
0.56896102
0.60532147
0.49073597
0.53096626
0.53047887
0.49071195
0.60527362
0.56883826
0.69037865
0.64404681
0.75951538
0.71484542
0.7150378
0.75962563
0.64399135
0.6902465
0.29932739
0.70972013
0.78675821
0.78669144
0.70981632
0.30221598
1.3521905
1.0098563
0.98987658
1.0098994
0.98988949
1.3522644
1.3522952
1.0099219
0.98992658
0.98993268
1.0099599
1.0163916
0.91093293
1.0163941
1.3077941
0.91093086
1.2553767
1.2553805
1.3077843
0.96858986
0.98794907
0.96858681
0.98795222
1.0172168
1.3077666
0.91092002
0.91093227
1.0164119
0.96855927
0.98793899
0.96857566
0.98792616
1.2553468
1.3077461
1.307757
1.255331
0.87255447
0.94722666
0.872572
0.94720802
0.92348952
0.95115754
0.95117192
0.92347225
1.2794548
0.81480223
0.81478745
0.85773311
1.1927589
1.279865
0.92344834
0.95114188
0.95113296
0.92345528
0.87247381
0.94711836
0.94713658
0.87245935
0.85731407
1.1926363
1.2793226
0.81464638
0.81467691
1.2798504
0.97001617
1.6777439
0.86244198
0.85362991
1.6775883
0.96976611
2.8133897
2.8131204
0.86206204
0.85350982
0.96907288
1.6770937
0.96960408
1.6772482
2.8130012
2.8131975
1.8699589
1.5508472
1.1866067
1.8342392
1.570711
1.1942357
2.965088
2.8522546
2.1691291
2.8562114
2.1701901
2.1652964
1.8351655
1.5722995
1.1956455
1.5519498
1.1876668
1.8717304
0.69487041
1.2803271
1.2802442
0.56231974
0.69909043
1.2813094
1.2813999
0.56097791
0.56074614
0.56253301
0.78702172
0.78885469
1.0291085
0.79581815
1.0289248
1.2977803
1.2612868
1.2604818
1.2631826
1.2978607
1.2630334
0.79151209
1.0260927
1.0252524
1.2816106
0.69907828
1.2816058
0.56194344
0.56312191
0.563133
0.694861
1.2808058
1.2804743
0.56133381
0.78935331
0.78744727
0.80209918
1.0491446
1.2450494
1.0671527
0.80282332
1.0497093
1.2446095
1.0665048
0.65188427
0.5525528
0.48033534
0.46491208
0.65247537
0.55294195
0.48009316
0.46466851
1.0498074
0.80264764
1.0662852
1.2447306
1.2451666
1.0669577
0.80191052
1.0492679
0.55290715
0.6522961
0.46450737
0.48007186
0.48031484
0.46477816
0.65169465
0.55253031
0.6055967
0.56911289
0.53045467
0.4905818
0.60564112
0.56911259
0.53050463
0.49077301
0.64440934
0.69078219
0.71542376
0.76008107
0.64442352
0.69072165
0.71550438
0.76010706
0.56927025
0.60561445
0.49054106
0.53012899
0.53078772
0.49102247
0.60542102
0.56884117
0.69075372
0.64433422
0.75983689
0.71511037
0.71546344
0.7599751
0.6441802
0.69041474
1.3134882
0.92296059
0.92302421
0.9525529
0.96210647
0.95261231
1.3134609
0.92291525
0.9230626
0.95266497
0.96213463
0.95267191
0.30002316
0.78708342
0.7102718
0.29990482
0.78716396
0.7102968
1.226133
0.92305243
1.3135367
0.92308114
0.96217538
0.95272694
0.95273592
0.95270633
0.96217678
0.95274136
1.3136046
0.92303145
0.92319366
0.30041461
0.71006623
0.78702164
0.78717424
0.71018479
0.30207397
0.98897643
0.97936907
0.97939026
0.98776724
0.94394165
0.98776262
0.98900959
0.97941171
0.97941335
0.98774806
0.94394004
0.98777567
0.97498876
0.98332481
0.97495681
0.94221269
0.95453892
0.95455397
0.954615
0.94224077
0.9545953
0.98330653
0.97491704
0.97494508
0.97937305
0.98892967
0.97936457
0.94389473
0.98771066
0.98773003
0.98775446
0.94391411
0.9877588
0.98892276
0.97933245
0.97936397
1.0101589
0.99025599
1.0101676
0.99023314
1.3532399
1.008793
1.3532097
0.83570509
1.3532351
0.83574025
0.8357937
1.0088197
0.83577675
1.0101162
0.9901541
0.99017266
1.0100981
1.2574866
1.3097458
1.2575084
0.97107175
0.99045598
0.99048271
0.9710427
1.0179394
1.3096213
0.91147251
0.91150496
1.017908
0.97096671
0.9904221
0.97100537
0.99038713
1.257338
1.3095192
1.3095557
1.2573035
1.2825299
0.81832696
0.81830998
0.86245756
1.1962402
1.2829295
0.9262323
0.95382885
0.92625703
0.95379907
0.87546224
0.95014913
0.87542724
0.95017579
0.86268887
1.1963767
1.282352
0.81813798
0.81817285
1.2829083
2.8252385
2.8254385
0.8678553
0.85977939
0.97838204
1.6881277
0.9783556
1.6879877
2.8253103
2.8251747
2.1752025
2.2326473
2.8831753
2.771473
2.0840759
2.646573
2.2462428
1.8369451
1.5605275
1.846856
1.5533035
2.1687097
2.9737154
2.8710859
2.1433046
2.6551455
2.1634323
1.8346224
1.5532094
1.55319
1.8352614
0.78257053
0.78337903
0.56830957
0.56833014
0.78283582
0.782844
0.65325121
0.55265719
0.48116867
0.46619458
0.65427904
0.55400264
0.48044867
0.4657133
1.0483794
0.80411244
1.0684945
1.2431976
1.2433086
1.0685157
0.80407396
1.0482793
0.55277557
0.6533421
0.46516928
0.48054191
0.48050981
0.46516628
0.65333409
0.55282676
0.6437414
0.68968492
0.71476894
0.75915689
0.64393325
0.69022342
0.71418194
0.7589945
0.56853062
0.60444365
0.49053826
0.53022751
0.53070713
0.49074428
0.60438564
0.56820957
0.6895942
0.64329385
0.75858419
0.7145884
0.71410854
0.75845392
0.64329445
0.6899352
0.30535283
0.70905599
0.78665518
0.78654675
0.70892783
0.30352851
1.3523258
1.0099713
0.98995694
1.0100399
0.98994217
1.3523091
1.3522997
1.0099251
0.98983806
0.98986842
1.0099692
1.0172626
1.3077164
0.9108982
1.0164226
1.3077221
0.91087395
1.2552924
1.2553062
1.3077102
0.96840277
0.98779934
0.968355
0.9878278
1.0172423
1.3076763
1.307656
0.91073036
0.91076604
1.0172573
0.96822597
0.98776253
0.96829398
0.98772305
1.2551612
1.3076258
1.3076426
1.2551294
0.87240573
0.9470961
0.87243487
0.94707294
0.92334542
0.95097537
0.95101589
0.92330866
1.2792956
0.81461634
0.81459522
0.85726517
1.1925255
1.2796924
0.9232405
0.95093182
0.95089354
0.92327034
0.87223141
0.94692705
0.94695342
0.87219773
0.85674676
1.1923944
1.2791423
0.81439617
0.81443324
1.2796729
0.96892217
1.6763868
0.86193142
0.85296817
1.6761283
0.96857352
2.812032
2.8119606
0.86150982
0.85282171
0.96771878
1.6746786
0.96836747
1.6750889
2.810055
2.8107734
1.8639654
1.552135
1.1891201
1.8345393
1.5676262
1.1932073
2.1923113
2.9188776
2.8188922
2.0992148
2.7712573
2.2499065
2.1644248
1.8470891
1.547612
1.1843698
1.5598505
1.1927399
1.8304347
0.69531026
1.2805862
1.280738
0.70050483
1.2821534
1.282315
0.56197017
0.56202844
0.56447737
0.78683945
0.78877186
1.0276527
0.79786817
1.0307671
1.2965741
1.2619785
1.2627458
1.261696
1.3002841
1.2647039
0.79661133
1.0268857
1.0292971
1.2819429
0.7015762
1.2831909
0.56454583
0.56692148
0.70055951
1.2813635
1.2827742
0.56612153
0.78453456
0.7847395
0.80225903
1.0489559
1.2453854
1.0674767
0.80320596
1.0501055
1.2443606
1.0668044
0.65184848
0.55242572
0.48038431
0.46485475
0.65266627
0.5530438
0.48000704
0.46458515
1.0502822
0.80508835
1.0692557
1.2440944
1.245467
1.0690835
0.80473202
1.0488963
0.55335699
0.65425818
0.46570275
0.48022603
0.48063832
0.4658013
0.65386595
0.55273322
0.60517484
0.56868126
0.53041857
0.49058206
0.60531731
0.56900926
0.53055166
0.49046537
0.64380711
0.69007205
0.71499074
0.75941749
0.64394487
0.69033106
0.71471892
0.75931431
0.56915489
0.6054181
0.49122221
0.53088042
0.53089236
0.49148314
0.60541875
0.5690726
0.69010859
0.64394466
0.7593583
0.71489895
0.7147289
0.75929475
0.643971
0.69024619
1.3136694
0.92311224
0.9232091
0.95277367
0.96221916
0.95281847
1.3136448
0.9231269
0.92325794
0.95284475
0.9622328
0.95286961
0.30562519
0.78698764
0.7096788
0.30301715
0.78685864
0.70957398
1.2257108
0.92311687
1.3135455
0.92299855
0.96208879
0.95255134
0.95268775
0.95284115
0.96216961
0.95279666
1.3135228
0.92261951
0.92294573
0.30625552
0.70951105
0.78676069
0.78686036
0.70948159
0.30568115
0.98888987
0.97929442
0.97931599
0.98771221
0.94384858
0.98770201
0.98890386
0.97933568
0.97933827
0.98766971
0.94383258
0.98770752
0.97496052
0.98333847
0.974979
0.94217513
0.95456112
0.95459729
0.95459289
0.94222485
0.95461899
0.98334016
0.97495716
0.97499424
0.97929432
0.98889637
0.97927411
0.94368719
0.98752742
0.98758749
0.98766203
0.94374195
0.98764584
0.98888538
0.97917858
0.97924987
1.0099938
0.99005708
1.0100245
0.99000909
1.0085844
0.83541506
0.83547531
0.8355499
1.0086392
0.83552813
1.3530239
1.0098508
0.98978639
0.98984579
1.0097941
1.2572265
1.2572611
0.97070474
0.99013011
0.99017894
0.97063519
1.0176769
1.3092862
0.91106706
0.91112973
1.0176323
0.97046577
0.99007224
0.97055143
0.99001423
1.2569819
1.3091454
1.3091887
1.2569359
1.2823199
0.81810591
0.81808147
0.86226251
1.1960405
1.2826933
0.92587561
0.95344804
0.92592064
0.95339203
0.87509055
0.94987926
0.87503875
0.94991118
0.86238731
1.1961632
1.2820938
0.81785894
0.81789999
1.2826629
2.8260918
2.8260979
0.8677896
0.85991033
0.97866916
1.6898553
0.97866391
1.6894794
2.827724
2.8270734
2.1662868
2.2566338
2.8599102
2.9675047
2.153393
2.6563045
2.1694821
1.8335071
1.5532056
1.835557
1.5516524
2.1696248
2.9583363
2.8474217
2.1542434
2.6504825
2.2605327
2.1702435
1.835348
1.5508089
1.5526041
1.8329404
0.78361385
0.78334467
0.56700684
0.56539672
0.78443959
0.78441441
0.65288494
0.5526019
0.48037866
0.46496697
0.65279681
0.55263314
0.48022235
0.46498225
1.0479055
0.80310232
1.0675708
1.2427428
1.2428765
1.0675746
0.80303273
1.0476994
0.55243887
0.65247668
0.4644634
0.47963536
0.48006161
0.46461386
0.65238657
0.55207737
0.64406336
0.6908047
0.7148432
0.75972827
0.64383905
0.690146
0.7155587
0.76000868
0.56892955
0.60517505
0.49042773
0.5303122
0.53077807
0.49062959
0.60506806
0.56856447
0.69088935
0.64422676
0.76020977
0.71512906
0.71564482
0.76035537
0.64413728
0.6904387
0.29771894
0.71010254
0.78638417
0.78674234
0.71026211
0.29721333
1.3522605
1.352254
1.0098356
0.9897125
1.009882
0.98968783
1.3522358
1.3522811
1.3522622
1.00979
0.98950932
0.98956477
1.0098103
1.0171664
1.3075807
1.3075837
0.91059514
1.0171995
0.91055417
1.2550789
1.3076061
1.2551007
1.3075903
0.96785499
0.98754404
0.96778348
0.98755841
1.0171499
1.3075854
1.3076073
0.91039582
0.91043292
1.0171739
0.96764752
0.98753518
0.96771405
0.98753701
1.2550359
1.3076822
1.3076335
1.2550501
0.87211639
0.94690025
0.87215713
0.94687571
0.92305769
0.95062183
0.95066584
0.92302241
1.2791334
0.8143646
0.81435068
0.85656699
1.1923113
1.2795818
0.92298305
0.95058361
0.95055982
0.92299389
0.87198341
0.94690135
0.94687748
0.87198347
0.85632477
1.1923341
1.2792396
0.8142766
0.81427517
1.2796021
0.96754712
1.6734564
0.86137906
0.85217561
1.6730239
0.96718877
2.8086983
2.8082379
0.86126714
0.85208162
0.96655513
1.6713489
0.96702482
1.6717303
2.8059418
2.8065977
1.8330665
1.5531937
1.1880497
1.8370779
1.550096
1.1861988
2.1703283
2.9614622
2.8484567
2.1685622
2.6533561
2.2615548
2.1722519
1.8364274
1.5499219
1.1851776
1.5523789
1.1867154
1.8331424
0.69896407
1.2803118
1.2813215
0.69824496
1.2802739
1.2811803
0.5599493
0.56194213
0.56182874
0.78708204
0.7866812
1.0243645
0.79442911
1.0277156
1.2961055
1.259367
1.2618383
1.2594704
1.2965489
1.2618457
0.79467791
1.0243495
1.0278813
1.2798899
0.69792053
1.2807972
0.56095136
0.55915238
0.69822514
1.2797957
1.2808677
0.78720336
0.56083907
0.78729818
0.80292044
1.04786
1.2434206
1.0677464
0.80289661
1.0481539
1.2431673
1.0678346
0.65212308
0.5517634
0.47972959
0.46451973
0.65213227
0.55214895
0.47925295
0.46460787
1.0477108
0.80265062
1.0675794
1.243044
1.2430365
1.0675341
0.80267093
1.0476856
0.55166777
0.65191416
0.46409135
0.47901547
0.47915265
0.46418845
0.65192691
0.55159588
0.60542494
0.56905532
0.53071999
0.49087731
0.60533152
0.56898399
0.53056667
0.4908817
0.64418119
0.69075259
0.71500198
0.7597501
0.64405232
0.6903145
0.71550214
0.75995277
0.56911126
0.6056006
0.49041391
0.53014254
0.53059298
0.49059848
0.6055425
0.56882865
0.69086245
0.64442393
0.76039007
0.71551763
0.71563383
0.7603947
0.64437001
0.69071309
1.313219
0.92163269
0.9219996
0.95243549
0.9617264
0.95228507
1.3133501
0.92251411
0.92236663
0.95193457
0.96158503
0.95213457
0.3006849
0.78670597
0.7097749
0.3046928
0.786555
0.70991717
1.2257061
0.92146207
1.3129688
0.92123701
0.96108724
0.95152227
0.95160025
0.95181081
0.96119058
0.95170955
1.3129315
0.92074441
0.92110569
0.2995443
0.71017611
0.7863225
0.78651035
0.7102056
0.29889873
0.98866511
0.97891659
0.9789945
0.98747953
0.94349129
0.98741875
0.98873682
0.97912831
0.97907351
0.98729436
0.94342626
0.98737644
0.97468139
0.98299328
0.9746294
0.94139823
0.95404573
0.95410242
0.95422693
0.94149474
0.95417312
0.98295704
0.97453911
0.97459876
0.97886557
0.98850157
0.97881103
0.94316796
0.98711126
0.98715359
0.98725018
0.94322859
0.9872133
0.98846816
0.97871085
0.97877393
1.0095589
0.98956802
1.0096187
0.98948334
1.3527654
1.008197
0.83492811
0.83498841
0.83510256
1.008239
0.83505463
1.3527709
1.0094218
0.9892196
0.98927156
1.0093974
1.2568531
1.3090664
1.2568931
0.97002777
0.98973444
0.98976892
0.96993674
1.0173638
1.3089859
0.91054022
0.9105894
1.0173474
0.96975671
0.9897042
0.96984583
0.9896843
1.256707
1.309015
1.3089876
1.256701
1.2820658
0.81782457
0.81779942
0.86180967
1.1958014
1.2824903
0.92548086
0.9529531
0.92550851
0.95290943
0.87471485
0.94975307
0.87469594
0.94973956
0.86162472
1.1958167
1.2821033
0.81768046
0.81768902
1.2825083
2.8289246
2.8293552
0.86760866
0.85999955
0.97903512
1.6928581
0.97891253
1.6923821
2.8317796
2.8310441
2.2609729
2.849445
2.9587028
2.1527846
2.6573786
2.1712458
1.8367392
1.5516092
1.833714
1.5539084
2.969653
2.8568336
2.1486817
2.6748661
2.2184915
2.1749031
1.8326397
1.5590516
1.5506362
1.8441933
0.78536891
0.7857491
0.56526289
0.56658227
0.78608531
0.56702707
0.78531568
0.6522037
0.55188848
0.47951477
0.46349241
0.65223073
0.55199278
0.47929394
0.46306997
1.04849
0.8036597
1.0680108
1.2455357
1.2436626
1.0681018
0.80376305
1.0500549
0.55200975
0.65274502
0.4620381
0.4787224
0.47930322
0.46228301
0.65280516
0.55189529
0.64283182
0.68892024
0.71484105
0.75916595
0.64325603
0.69013823
0.7135869
0.7587797
0.566824
0.60266894
0.48740803
0.5277551
0.52853654
0.48780801
0.60252403
0.56586232
0.68848098
0.64167058
0.7572743
0.7116004
0.71310076
0.75780639
0.64123202
0.68705309
0.30356967
0.70721654
0.78435104
0.78551154
0.70775968
0.30843019
1.3524962
1.3523372
1.3524143
1.009971
0.98946993
1.0099166
0.98949922
1.3529219
1.3533775
1.3531414
1.0103204
0.98959757
0.98958158
1.0104941
1.0172892
1.308045
1.3079198
0.91036007
1.0172582
0.91037238
1.2551098
1.3077388
1.2550715
1.3078177
0.96739217
0.98787474
0.96736715
0.98776797
1.017497
1.3081906
0.91048488
0.91044603
1.0176123
0.96735455
0.98800213
0.96735184
0.98815758
1.2554543
1.3089081
1.3086219
1.2555475
0.87199763
0.94693071
0.87198634
0.94697455
0.92304165
0.95055554
0.95053345
0.92308463
1.2797942
0.81429755
0.81431866
0.85615346
1.1925134
1.2801132
0.92322914
0.95059132
0.95064893
0.9231437
0.87224972
0.94753019
0.94739601
0.87234818
0.85602645
1.1926093
1.2805143
0.81425234
0.81429998
1.2802799
0.96650021
1.6704727
0.86150445
0.8517933
1.6702257
0.96644625
2.8048638
2.8044646
0.86177444
0.8517961
0.96670372
1.6701128
0.96645384
1.6699735
2.8040047
2.8038928
1.8360393
1.5507792
1.1858259
1.8338133
1.5524651
1.1869219
2.1785401
2.9751438
2.8597758
2.1551851
2.6730611
2.2199646
2.1756921
1.8323263
1.5573822
1.1887902
1.5494712
1.1858016
1.843401
0.69786324
1.2801532
1.2809984
0.6980601
1.2798547
1.2809458
0.56125707
0.56103759
0.78789911
0.78819593
1.0268105
0.79581972
1.0294251
1.2970784
1.2597091
1.2620298
1.2621027
1.2975253
1.2635853
0.79323531
1.0241693
1.0272191
1.2807482
0.69880678
1.2816326
0.56118354
0.56222655
0.56081498
0.69641205
1.2802188
1.2810342
0.78874728
0.56281854
0.78789146
0.80281078
1.0482386
1.2431234
1.0675644
0.80276591
1.0477518
1.2437097
1.0675692
0.65203871
0.55162478
0.47898034
0.46338263
0.6520041
0.55158669
0.47887536
0.46282658
1.0486129
0.80346034
1.0681071
1.2457795
1.2440923
1.0682435
0.80347374
1.0499576
0.55171537
0.65248518
0.46138443
0.4781498
0.47886314
0.46183453
0.65245753
0.5514171
0.60430085
0.56722372
0.52990695
0.48936422
0.6047503
0.56858255
0.52839656
0.48836781
0.64316846
0.68929884
0.7152742
0.75976459
0.64359242
0.69046688
0.71407783
0.75938949
0.56690529
0.60304436
0.48683643
0.52692062
0.52813123
0.48763925
0.60254806
0.56555093
0.6888431
0.64182417
0.75734839
0.71168142
0.7135844
0.75795351
0.64127621
0.68707892
1.3127669
0.9201884
0.92040606
0.95152881
0.96091547
0.95155806
1.3128185
0.92067368
0.92063075
0.95165323
0.9608894
0.95162179
0.30394488
0.78622302
0.70956136
0.29966981
0.78572057
0.70920357
1.2253502
0.92016646
1.3127938
0.92009526
0.96075793
0.95212186
0.95200163
0.95176391
0.96080633
0.95189328
1.3128947
0.91988875
0.9201182
0.30558113
0.70721634
0.78424035
0.78547266
0.70781194
0.31046328
0.98831475
0.97859439
0.97862998
0.98709785
0.94305169
0.98708368
0.98836069
0.97868591
0.97866726
0.9870746
0.94303506
0.98709648
0.97416446
0.9825058
0.97403709
0.94065459
0.95320072
0.9533611
0.95365454
0.94080474
0.95352894
0.98240437
0.97376074
0.97391303
0.97858288
0.98818113
0.97856271
0.94301229
0.98715542
0.98712562
0.98709321
0.94300994
0.98711968
0.98814033
0.97853014
0.97855755
1.0094822
0.98910895
1.0094294
0.98908984
1.3533034
1.0083821
0.83428419
0.8344279
0.83462815
1.0083193
0.83454877
1.353524
1.0098017
0.98918271
0.9891391
1.0099578
1.256721
1.3090496
1.3091078
1.2567023
0.96939849
0.98990593
0.98981434
0.96935863
1.0175689
1.3094348
0.91049892
0.91046106
1.0176556
0.96932147
0.99002018
0.9693305
0.99016335
1.2570005
1.3101242
1.3098451
1.2570845
1.2821596
0.81767924
0.81768903
0.86146987
1.1959826
1.2829376
0.92560635
0.95281635
0.92552997
0.95286309
0.87488104
0.95029744
0.87496873
0.9501683
0.8617902
1.1962189
1.2833175
0.8175801
0.81763155
1.2830978
2.8333671
2.8340472
0.86866702
0.86056803
0.98042781
1.6964862
0.97983938
1.6959918
2.8363564
2.8358636
2.6223089
2.6451674
1.7342077
2.8167982
2.2046785
1.8767765
1.5544959
1.8390443
1.574238
2.6647383
2.6736845
1.7912532
2.8703076
2.2066284
2.1425449
1.861514
1.5535737
1.5651722
1.8410502
0.78668067
0.78647636
0.7605093
0.79175473
0.65133967
0.55024263
0.47824503
0.46022386
0.65149971
0.55145167
0.47664279
0.45910771
1.0526395
0.80253642
1.0670813
1.2490633
1.2499352
1.0683116
0.80085077
1.054337
0.54968219
0.65070882
0.46960125
0.48294007
0.47600412
0.46049852
0.65201301
0.56001688
0.63690496
0.68185943
0.71068773
0.75441605
0.63852748
0.68617721
0.70645455
0.752889
0.55941983
0.59765419
0.49774279
0.5506974
0.52202959
0.4859702
0.60580578
0.58348405
0.68086796
0.63593509
0.75683469
0.71627897
0.70546436
0.75126032
0.6427441
0.69417863
0.38725038
0.70304407
0.77458957
0.78498381
0.69905096
0.40125817
1.3541417
1.3536644
1.3539641
1.0108544
0.98965274
1.0109349
0.98956953
1.3521712
1.3444584
1.0076704
0.98664883
0.98784581
1.0062625
1.018275
1.3098808
1.3097985
0.91073496
1.0180812
0.91085557
1.2555916
1.3092242
1.2556057
1.3095663
0.96703791
0.98883715
0.96646239
0.98896803
1.0176873
1.3089242
0.90799826
0.91024641
1.0171678
1.3000259
0.96303826
0.98823756
0.9650016
0.98698267
1.2450035
1.3077281
1.248411
0.87257951
0.94769148
0.87245723
0.94788326
0.92380747
0.950717
0.9508739
0.92383911
1.2808201
0.81419812
0.81414899
0.85575963
1.1920514
1.28187
0.92292336
0.95029478
0.94927872
0.92367999
0.86990566
0.94436617
0.94739276
0.86584184
0.85129981
1.1904263
1.2787775
0.81535028
0.80574303
1.2809731
0.96696439
1.6711212
0.8626397
0.85201831
1.6713159
0.96831034
2.8055008
2.8054072
0.86049566
0.85171682
0.94211715
1.6316489
0.96830223
1.6550811
2.7259692
2.7742227
1.8778041
1.5536242
1.1848681
1.8391289
1.5739843
1.1934082
2.2977817
2.6711035
2.6779444
1.8038373
2.8744778
2.2061615
2.1416449
1.8610686
1.5527691
1.179064
1.5637619
1.186555
1.8412663
0.69088981
1.2809848
1.2800577
0.56292531
0.69372833
1.2807455
1.2806431
0.78922977
0.56272873
0.78901585
1.0242855
0.7890806
1.0242511
1.2880348
1.2652882
1.2544857
1.260845
1.2948737
1.2604587
0.7899616
1.0365494
1.0202878
1.2810906
0.69282392
1.2825307
0.58505516
0.56811935
0.69173318
1.2901004
1.2840828
0.58786092
0.76302801
0.5668831
0.79442816
0.80247375
1.0515727
1.2465323
1.067975
0.80240558
1.0503921
1.248422
1.0684032
0.65109976
0.54985591
0.47769137
0.45952843
0.65122386
0.55099945
0.47614353
0.45848924
1.0526122
0.80231494
1.0672952
1.2496231
1.2502441
1.0684426
0.80076382
1.0545868
0.54927957
0.65044795
0.46915418
0.48262611
0.475503
0.45995531
0.65188043
0.55984434
0.5978844
0.55959825
0.5262815
0.48473262
0.59964257
0.56473625
0.52193168
0.48331669
0.63676432
0.68190826
0.71077034
0.7545086
0.63840608
0.68619473
0.70660709
0.75301123
0.55879719
0.597297
0.49719791
0.55043746
0.52145998
0.48524706
0.60513056
0.58314381
0.6809272
0.63575578
0.75706886
0.71646512
0.70564232
0.75148106
0.64252547
0.69423257
1.3126355
0.91881809
0.91942257
0.95228873
0.96053713
0.95243545
1.3130235
0.91990453
0.91987322
0.9525266
0.96040147
0.95250971
0.35210904
0.7836605
0.70433803
0.31334907
0.78314698
0.70271304
1.2121775
0.91784898
1.3081603
0.91778128
0.95865966
0.95246651
0.95261058
0.95245812
0.95963759
0.95258974
1.3049904
0.92266965
0.91807326
0.38971046
0.70323154
0.77457248
0.78505081
0.69920289
0.40117538
0.9880673
0.97860145
0.97861028
0.98722515
0.94313846
0.98730634
0.98806738
0.9785501
0.9785866
0.98746749
0.94322112
0.98742238
0.9735892
0.98184027
0.97354928
0.93996835
0.95096382
0.95319014
0.95301772
0.94007297
0.95305093
0.98157825
0.97128925
0.97361839
0.97850534
0.98765004
0.97800445
0.94035063
0.98245499
0.98537736
0.98740284
0.94245477
0.98682848
0.98707829
0.97376242
0.97683364
1.0104205
0.98925613
1.0104163
0.9891885
1.3525578
1.0076078
0.83758269
0.82300801
0.8329371
1.0081641
0.83358541
1.3448608
1.0084329
0.98745312
0.98770935
1.0070313
1.2571051
1.3104314
1.3107649
1.2571316
0.96893772
0.99076852
0.99091265
0.96834716
1.0178033
1.3101126
0.90823533
0.91033811
1.0181968
0.96490557
0.99015872
0.96687403
0.98889798
1.2464822
1.3089853
1.3012533
1.2498927
1.2836223
0.81752147
0.81746703
0.86132401
1.1955567
1.2846746
0.92524428
0.95243873
0.92600068
0.95141908
0.87251008
0.94713616
0.95013227
0.86846702
0.85720169
1.1940706
1.2815471
0.81864929
0.80911933
1.2837815
2.8374102
2.837519
0.86759508
0.86082917
0.95714906
1.6587439
0.98222014
1.6822182
2.7587893
2.8072749
)
;
    }
}


// ************************************************************************* //
