/*--------------------------------*- C++ -*----------------------------------*\
| =========                 |                                                 |
| \\      /  F ield         | OpenFOAM: The Open Source CFD Toolbox           |
|  \\    /   O peration     | Version:  2412                                  |
|   \\  /    A nd           | Website:  www.openfoam.com                      |
|    \\/     M anipulation  |                                                 |
\*---------------------------------------------------------------------------*/
FoamFile
{
    version     2.0;
    format      ascii;
    arch        "LSB;label=32;scalar=64";
    class       volScalarField;
    location    "1200";
    object      yPlus;
}
// * * * * * * * * * * * * * * * * * * * * * * * * * * * * * * * * * * * * * //

dimensions      [0 0 0 0 0 0 0];

internalField   uniform 0;

boundaryField
{
    inlet
    {
        type            calculated;
        value           uniform 0;
    }
    outlet
    {
        type            calculated;
        value           uniform 0;
    }
    topandbottom
    {
        type            calculated;
        value           uniform 0;
    }
    front
    {
        type            symmetryPlane;
    }
    back
    {
        type            symmetryPlane;
    }
    airfoil
    {
        type            calculated;
        value           nonuniform List<scalar> 
12960
(
47.008085
44.264912
52.468134
44.466116
44.271115
43.90714
39.416114
44.041608
39.580862
43.593242
44.155554
44.013166
52.591219
52.353943
43.777814
51.032689
42.540514
40.286983
44.177668
52.751513
44.055578
38.852201
44.206154
44.223792
39.45893
44.06715
44.738111
44.121407
52.718479
44.183325
47.183365
47.246382
42.728534
39.13502
42.614803
51.192388
38.528309
39.021811
43.765963
52.410969
52.226011
43.135954
52.382868
43.975437
39.610524
44.918105
38.768266
44.100897
44.231857
39.452672
51.556941
41.308719
36.349729
38.994023
44.353486
38.840614
38.594791
52.543875
44.331697
43.142963
52.411
52.489345
43.589384
52.84293
38.83871
38.308337
38.50984
43.023312
43.618895
37.083556
43.142384
44.135783
39.635511
43.335703
43.4996
44.655806
53.126348
44.245753
52.791355
45.153112
44.393614
44.238383
39.407908
39.421158
44.165793
39.489694
44.130011
39.630197
45.641776
44.992922
38.939125
43.776117
52.922808
44.524684
38.585432
43.598367
53.027688
44.327924
43.902462
44.447621
38.812965
44.156916
45.513528
53.544292
48.525683
48.119181
45.267144
40.718074
52.466888
44.063097
38.775515
38.623242
40.054543
45.224434
38.978711
44.407017
53.195301
43.640229
52.788351
43.057467
43.199768
53.073486
39.867113
44.407012
48.564281
54.222003
53.393048
42.59808
52.35489
52.643431
39.1308
47.875474
43.715474
45.215241
39.004768
39.948862
45.12165
38.805341
52.75412
45.481557
45.208543
39.386608
48.122999
53.964726
45.124137
3.4560952
23.779295
23.910145
24.373728
23.498423
18.913368
18.906982
17.70249
18.114862
18.119968
17.698262
17.063984
17.066894
25.989272
25.98639
16.739569
16.739121
15.655301
16.049572
16.049547
15.658124
23.764242
24.235455
23.689422
24.334952
18.931773
18.92557
17.715922
18.129284
17.710625
18.134933
17.073696
17.078469
26.01377
26.0404
16.731746
16.734064
15.647365
16.043926
15.649748
16.041547
23.635852
24.306599
23.734193
24.138056
18.928001
18.93144
17.714413
18.135603
17.716955
18.132775
17.079953
17.077786
26.090362
25.992389
16.730466
16.730126
15.646203
16.039951
15.645786
16.040352
23.642063
24.370024
23.78134
24.169522
18.916508
18.921183
17.705281
18.126631
17.708638
18.122907
17.07247
17.069545
26.053125
25.990514
16.734518
16.732702
15.649869
16.04263
15.648444
16.0442
23.778496
24.240674
23.689793
24.360593
18.92171
18.917559
17.708539
18.123523
17.705738
18.126694
17.069813
17.072181
26.004856
26.016828
16.731214
16.733508
15.647163
16.043321
15.649064
16.041274
23.662219
24.235755
23.676158
24.189364
18.92551
18.923981
17.712515
18.129294
17.711166
18.130709
17.074846
17.076121
26.046747
25.992563
16.728146
16.729181
15.643839
16.039018
15.644845
16.037989
23.756277
24.311452
23.752383
24.3356
18.924929
18.92806
17.711448
18.13223
17.713703
18.12973
17.076917
17.074938
25.991576
26.024009
16.729464
16.72738
15.645545
16.037593
15.643636
16.039569
23.762584
24.128064
23.613134
24.364132
18.91913
18.918589
17.706943
18.124711
17.706935
18.124859
17.070985
17.070787
25.956217
26.064389
16.735993
16.734418
15.651692
16.04423
15.650012
16.045892
23.677424
24.228975
23.678146
24.221158
18.925297
18.922732
17.710872
18.127663
17.709363
18.129487
17.072673
17.073801
26.026508
26.017739
16.736419
16.737066
15.651903
16.046827
15.652575
16.046141
23.758688
24.361817
23.772727
24.319221
18.92141
18.925543
17.708391
18.128935
17.710206
18.126477
17.073187
17.072104
26.051116
26.004307
16.734758
16.73401
15.651092
16.044233
15.650276
16.045056
24.027539
24.56394
26.028745
25.536232
25.630778
25.038831
24.359176
24.586122
26.076047
25.917409
25.686103
25.444609
23.562218
23.329288
23.783996
24.188811
24.387577
23.66788
23.568389
23.476236
18.727879
18.257677
18.263031
18.720666
18.915
18.92277
18.729327
18.270418
18.264198
18.736616
17.579583
17.171821
17.175494
17.575689
17.703392
18.126925
18.12104
17.708499
17.580443
17.180629
17.176263
17.58534
16.691995
16.688413
16.52516
16.113651
16.116939
16.521837
17.071879
17.067653
16.692647
16.69654
16.525849
16.121248
16.117604
16.529768
15.596419
15.992619
15.995632
15.596333
15.597081
15.999856
15.996293
15.600457
25.523556
25.522286
25.988754
26.098057
25.53233
25.69468
18.953046
18.950907
18.952243
18.950825
16.573933
16.169262
16.169478
16.573746
16.738315
16.734984
16.572714
16.164826
16.168269
16.569404
15.654165
16.044903
16.048354
15.650737
24.415156
24.519631
26.006276
25.974439
25.589644
25.522061
24.50473
24.503166
25.994052
26.004162
25.569499
25.584314
23.557274
23.491652
23.760083
24.319877
24.32161
23.751791
23.555953
23.545737
18.745396
18.272866
18.739315
18.27864
18.932755
18.932364
18.746391
18.279835
18.279663
18.746176
17.592584
17.182502
17.587398
17.187381
17.716946
18.136231
18.135958
17.717464
17.593607
17.189179
17.188399
17.594193
16.702739
16.698224
16.536007
16.122821
16.531455
16.127124
17.080307
17.079481
16.703737
16.704698
16.537032
16.129274
16.128123
16.538101
15.605914
16.00139
15.601899
16.005605
15.606883
16.007766
16.006592
15.608151
25.552203
25.610585
26.022571
26.010991
25.56799
25.548237
18.946987
18.950153
16.566217
16.163858
16.568491
16.161494
16.731159
16.73019
16.565649
16.159967
16.160916
16.564731
15.646792
16.040015
16.040968
15.645849
24.494689
24.302514
25.891288
26.019551
25.400663
25.598635
24.56417
24.358943
25.940602
26.024562
25.469479
25.624299
23.448054
23.527966
23.661208
24.374702
24.185969
23.787163
23.468386
23.5749
18.742034
18.27916
18.74533
18.276221
18.926818
18.922793
18.740864
18.27135
18.27511
18.736901
17.591259
17.188798
17.593718
17.186565
17.713388
18.128005
18.131687
17.709908
17.590251
17.182333
17.185606
17.586828
16.702415
16.704414
16.535944
16.129085
16.537855
16.127336
17.073615
17.076842
16.701506
16.698384
16.535055
16.123535
16.126487
16.53198
15.606551
16.007596
15.608044
16.005907
15.605777
16.002176
16.005076
15.603043
1.6559798
25.672071
25.525181
26.050475
26.002629
25.618683
25.527361
16.565069
16.159906
16.56468
16.160304
16.730727
16.732069
16.56535
16.161994
16.160602
16.566733
15.646514
16.042041
16.040653
15.647888
24.560747
24.344063
25.935058
26.033245
25.461977
25.631068
24.341951
24.308825
25.939074
25.934511
25.456194
25.460993
23.448212
23.569573
23.609915
24.167396
24.133129
23.64042
23.418563
23.446645
18.730938
18.269934
18.735349
18.266059
18.915569
18.916306
18.730062
18.265793
18.265304
18.730717
17.58233
17.181166
17.585587
17.178166
17.704636
18.12263
18.122185
17.704974
17.581706
17.177829
17.177596
17.582015
16.694544
16.697292
16.52821
16.122511
16.530905
16.119975
17.069201
17.06899
16.694023
16.694165
16.5277
16.119573
16.119495
16.527832
15.599791
16.001173
15.602101
15.998696
15.599351
15.998287
15.998226
15.599362
25.619648
25.513027
26.054402
26.05358
25.631653
25.620224
16.56915
16.162595
16.567366
16.164219
16.73483
16.73418
16.569454
16.163905
16.164485
16.568825
15.650092
16.043892
16.044454
15.649579
24.422249
24.548234
26.018727
25.97908
25.611962
25.531154
24.425218
24.524164
26.016753
25.975979
25.600192
25.531159
23.568215
23.489563
23.762885
24.244181
24.337734
23.693394
23.555618
23.492985
18.735743
18.266741
18.731867
18.270066
18.922648
18.923788
18.736654
18.272327
18.270914
18.737903
17.585444
17.178466
17.582744
17.180909
17.709312
18.12896
18.127521
17.7108
17.586202
17.183171
17.181631
17.587703
16.696882
16.694707
16.530495
16.120045
16.528359
16.122019
17.07444
17.072891
16.697565
16.699148
16.531176
16.124286
16.122674
16.532776
15.601516
15.998739
15.59976
16.000656
15.602129
16.002908
16.001301
15.603717
25.53313
25.562522
26.001695
26.028979
25.537214
25.580676
18.945044
18.948955
16.56592
16.163314
16.568172
16.161213
16.730605
16.72946
16.565309
16.159318
16.160607
16.56412
15.646576
16.039361
16.040673
15.645209
24.423569
24.36369
25.943091
26.015756
25.474579
25.570918
24.49568
24.446895
26.008431
25.993284
25.569539
25.567041
23.468423
23.47583
23.701335
24.313774
24.261102
23.752008
23.499775
23.54783
18.739651
18.272646
18.738144
18.274087
18.926333
18.928159
18.740407
18.275916
18.274715
18.742013
17.58941
17.18357
17.588078
17.184859
17.713028
18.132401
18.131303
17.71389
17.589901
17.185925
17.185294
17.590699
16.700823
16.699574
16.534456
16.124732
16.53321
16.125946
17.077124
17.076539
16.7012
16.701659
16.534823
16.1266
16.126278
16.535245
15.605315
16.003355
15.604164
16.004554
15.605601
16.005165
16.004874
15.605801
25.609145
25.541213
25.994532
26.021531
25.535591
25.566277
18.942489
16.562783
16.158985
16.563824
16.157949
16.727757
16.727175
16.562406
16.157242
16.157617
16.561874
15.643563
16.037346
16.037672
15.64337
24.492243
24.524533
26.025412
25.990524
25.612073
25.561653
24.290028
24.492639
26.026485
25.928429
25.603414
25.436226
23.54764
23.549238
23.728196
24.117845
24.303007
23.604815
23.521689
23.416577
18.738933
18.275752
18.741889
18.27315
18.923287
18.919196
18.737401
18.268475
18.271835
18.733552
17.588318
17.185721
17.590507
17.183695
17.710338
18.125256
18.128476
17.707451
17.587246
17.180142
17.182721
17.584449
16.699586
16.701443
16.533179
16.12637
16.535022
16.124623
17.071477
17.073992
16.698712
16.696362
16.532316
16.121611
16.123817
16.529981
15.603941
16.004933
15.605564
16.003221
15.603208
16.000276
16.002436
15.601162
25.518091
25.57155
25.983553
26.064197
25.511633
25.648301
18.943253
18.940411
18.944883
18.949228
16.564156
16.157483
16.562089
16.159485
16.730509
16.733611
16.565186
16.163414
16.160462
16.568255
15.64645
16.04343
16.040525
15.649226
24.300473
24.561833
26.06729
25.929206
25.668655
25.439925
24.405399
24.558456
26.060789
25.979386
25.658984
25.524013
23.548861
23.424238
23.765723
24.224972
24.362679
23.680883
23.553189
23.483694
18.73339
18.267917
18.73296
18.268121
18.919781
18.921967
18.733988
18.270416
18.268603
18.736074
17.583904
17.179647
17.58394
17.179485
17.70731
18.127036
18.125309
17.708813
17.584248
17.181004
17.179761
17.585683
16.695584
16.69588
16.529134
16.121128
16.529492
16.120679
17.07223
17.071044
16.695788
16.696815
16.529309
16.121587
16.120804
16.530245
15.600104
15.999797
15.600685
15.999319
15.600154
16.000155
15.999426
15.600696
25.470009
25.648032
25.963318
26.026724
25.480762
25.587793
18.950727
16.570648
16.164219
16.569061
16.16587
16.736328
16.737004
16.57098
16.166807
16.166218
16.571605
15.652047
16.04682
16.046242
15.652586
24.41204
24.401768
25.97995
25.988787
25.524133
25.538857
24.595039
24.394936
25.93529
26.069476
25.475682
25.681032
23.480413
23.478957
23.690657
24.397621
24.222143
23.790308
23.494775
23.575117
18.739201
18.271071
18.736814
18.273022
18.926057
18.926371
18.739868
18.273272
18.273495
18.739986
17.587633
17.181466
17.586211
17.182655
17.711179
18.12962
18.129909
17.710783
17.587911
17.18245
17.182861
17.587502
16.698171
16.697206
16.53146
16.121897
16.530603
16.12263
17.073596
17.073992
16.698323
16.697969
16.531577
16.12236
16.122724
16.53115
15.60145
16.000447
15.600926
16.001135
15.6015
16.000874
16.001222
15.601151
8.135193
11.431407
25.588589
25.574342
26.061864
25.974097
25.628156
25.501805
18.952676
18.952706
18.95208
18.949261
16.570925
16.166821
16.571641
16.166124
16.73593
16.734317
16.570423
16.164314
16.165675
16.568802
15.651512
16.044429
16.045709
15.650417
24.553939
24.501389
25.997588
26.041745
25.574347
25.637025
24.001768
24.578442
26.068549
25.46546
25.673691
24.967862
23.553257
23.563174
23.7791
23.892825
24.383417
23.498983
23.56105
23.333217
18.735489
18.272549
18.73918
18.269808
18.920247
18.914247
18.734551
18.264512
18.269215
18.727822
17.585319
17.182009
17.58696
17.180814
17.708094
18.121568
18.125988
17.704627
17.585069
17.177837
17.180671
17.581957
16.696835
16.697636
16.529982
16.12208
16.530805
16.121478
17.069919
17.071975
16.696828
16.69415
16.529947
16.11914
16.121474
16.527546
15.600484
16.000612
15.600926
16.000062
15.600481
15.998007
16.000062
15.601368
25.621593
25.553828
25.954711
26.014444
25.485086
25.562317
18.947423
18.948327
16.56919
16.164094
16.568492
16.164904
16.735537
16.734487
16.569919
16.164658
16.165588
16.569095
15.651675
16.045007
16.045716
15.653713
21.030524
13.003501
21.057415
13.000539
21.053981
13.001158
13.00695
13.009406
21.057426
13.008467
13.012007
13.02213
21.055133
13.029387
21.058617
13.031473
20.93927
20.958448
13.708111
13.711742
12.904891
26.4221
27.364107
12.909104
28.253668
27.90421
21.051848
13.805222
13.801901
13.001775
20.95406
20.94554
13.715004
13.718319
12.911896
28.813374
28.222061
12.913918
28.00724
28.472846
13.799449
13.796987
13.000123
20.945001
20.945348
13.717854
13.714045
12.912709
28.444721
2.5708396
30.283068
12.906883
28.090219
28.71515
13.796872
13.79857
13.004572
20.955322
13.711173
13.708124
12.902691
27.455785
28.415008
12.897002
28.236119
28.508951
13.800088
13.801245
13.00936
13.7079
13.708544
12.894722
27.631023
28.256582
12.891262
28.56435
27.596778
13.800558
13.79879
13.008636
13.708696
13.70781
12.888562
28.26662
27.933698
12.882108
28.169581
27.836546
13.798104
13.798132
13.009663
20.945581
13.706103
13.701817
12.876692
28.722326
28.146194
12.865756
28.428785
27.950015
13.799476
13.80375
13.01824
20.951128
13.699619
13.697768
12.859372
27.758702
27.030799
12.85091
27.116477
27.220712
13.806278
13.808784
13.027389
20.946957
20.944157
13.697295
13.696236
12.846868
26.611845
27.305693
12.839299
8.2915969
30.309154
13.178953
21.057206
13.809189
13.808646
13.030883
20.946403
20.938926
13.695232
13.69396
12.83763
27.364056
26.264127
12.833073
25.492023
25.66323
13.808593
13.809477
13.03174
24.012762
23.71584
23.943172
24.133123
23.827735
24.003365
24.22336
24.293101
24.148225
23.606569
23.6776
23.815569
22.10047
22.285891
22.315474
22.077332
20.425597
20.614459
20.619566
20.421321
19.072011
18.91243
19.207644
19.209365
19.070632
18.91172
17.832339
17.701821
17.831639
18.118086
17.965777
17.968693
17.970582
18.119201
17.969824
17.700849
17.827912
17.830596
17.065605
16.946917
16.94765
16.948638
17.066304
16.948104
26.621931
25.985475
21.051224
26.050544
16.882187
16.740685
16.883406
16.741116
16.882988
15.797074
15.656205
16.050843
15.914511
15.914468
16.050523
15.656845
15.797655
14.540104
14.388674
14.389347
14.539377
12.842648
13.003574
12.842841
23.75703
23.988216
23.983722
24.098962
24.304162
24.157558
23.72907
23.904459
23.953225
24.191108
24.33767
24.189953
22.147606
22.352823
22.139096
22.363173
20.457247
20.650257
20.454361
20.65336
19.091391
18.9302
19.227651
19.089225
18.928098
19.229871
17.714473
17.846225
17.844758
17.979479
18.131506
17.981642
17.712669
17.840817
17.842916
17.985014
18.133428
17.983525
16.95524
17.075486
16.95699
16.959933
17.077113
16.958591
26.629284
25.995632
25.993912
16.732439
16.874346
16.733216
15.648055
15.789084
15.908868
16.043039
15.648853
15.791486
15.906486
16.042242
14.53279
14.381546
14.382216
14.532119
12.840151
13.000267
12.839895
23.653538
23.838253
23.86157
24.161248
24.254784
24.113585
23.696614
23.95792
23.915157
24.01782
24.176222
24.047988
22.117884
22.337857
22.125666
22.327996
20.449681
20.646523
20.451675
20.644306
19.090016
18.929177
19.229363
19.091236
18.930342
19.228088
17.71537
17.844516
17.845496
17.985824
18.134769
17.985031
17.716233
17.847146
17.84639
17.983102
18.133809
17.984107
16.961517
17.079378
16.960971
16.959426
17.078641
16.96026
26.629725
26.049746
21.047428
26.627864
25.995013
16.730278
16.873033
16.730161
16.872709
15.645973
15.787869
15.904891
16.039995
15.645831
15.78747
15.905297
16.040132
14.530716
14.380358
14.380131
14.530944
12.841806
13.001699
12.842599
23.6932
23.851695
23.910273
24.219629
24.325597
24.177713
23.746547
24.01066
23.972053
24.039712
24.244845
24.106573
22.116228
22.350578
22.13318
22.330311
20.435824
20.635361
20.439877
20.630613
19.078305
18.91788
19.217878
19.08004
18.919499
19.21602
17.706229
17.835163
17.836145
17.977094
18.125252
17.975761
17.707382
17.838629
17.837337
17.973508
18.12397
17.974527
16.954198
17.071362
16.953114
16.951346
17.07036
16.952138
26.630081
26.017034
26.629153
21.052522
26.629468
25.98412
16.734004
16.87712
16.876585
16.733371
16.875245
15.649487
15.791574
15.907565
16.043226
15.648994
15.790109
15.909084
16.043771
14.533906
14.383599
14.383291
14.534217
12.849469
13.007653
12.850356
23.772527
24.006104
24.000995
24.102634
24.318175
24.17077
23.740483
23.906635
23.965604
24.212916
24.358476
24.209055
22.143796
22.347625
22.130927
22.362421
20.443771
20.635445
20.439968
20.639859
19.081169
18.920463
19.217512
19.079607
18.919018
19.219203
17.707634
17.83858
17.837646
17.974066
18.124593
17.975083
17.706665
17.835669
17.836638
17.977101
18.125692
17.976134
16.951581
17.070573
16.952314
16.95388
17.07139
16.953106
26.630236
25.991153
26.630375
25.984224
16.731939
16.873744
16.874478
16.73273
15.6478
15.788798
15.90823
16.04265
15.648451
15.790743
15.906233
16.041947
14.532626
14.381618
14.382132
14.532087
12.853133
13.009264
12.853143
23.643072
23.871662
23.848425
24.093276
24.189558
24.056154
23.653645
23.89442
23.865311
24.059558
24.154841
24.031143
22.109204
22.318753
22.108341
22.319582
20.442804
20.636471
20.442253
20.637028
19.085442
18.924809
19.222803
19.08492
18.924298
19.223332
17.712013
17.842569
17.84205
17.979712
18.129678
17.980101
17.711561
17.8412
17.841592
17.981103
18.130151
17.980566
16.956555
17.075254
16.956967
16.95782
17.075682
16.957391
26.631596
26.080679
26.031963
16.728532
16.870761
16.728879
15.644159
15.785489
15.90395
16.03868
15.644497
15.786501
15.902927
16.038334
14.529287
14.378723
14.378941
14.529048
12.853531
13.008516
12.853843
23.761875
23.982417
23.985501
24.171414
24.318403
24.177558
23.756739
23.97237
23.977645
24.188162
24.331908
24.188186
22.150629
22.372861
22.155473
22.3682
20.451829
20.650866
20.454266
20.648123
19.087323
18.926378
19.226802
19.088479
18.927458
19.225564
17.712439
17.841527
17.842555
17.982499
18.131704
17.981986
17.713212
17.843855
17.843354
17.980089
18.130846
17.981159
16.958549
17.076465
16.958103
16.956612
17.075788
16.957441
26.630689
26.012966
21.054758
26.629958
26.022754
16.728552
16.871997
16.727843
16.869899
15.644745
15.787153
15.902599
16.038057
15.644098
15.785225
15.904552
16.038727
14.530388
14.380921
14.380182
14.531127
12.859
13.013162
12.859923
23.716394
23.995036
23.938354
24.001726
24.185194
24.054753
23.655594
23.817982
23.865995
24.208263
24.282315
24.139444
22.11831
22.316928
22.105292
22.333473
20.436537
20.629139
20.434877
20.631295
19.079089
18.918641
19.21649
19.078828
18.918426
19.216806
17.706719
17.836915
17.836669
17.975257
18.124492
17.975031
17.7067
17.836864
17.836634
17.975353
18.124563
17.975083
16.952742
17.070719
16.952467
16.952499
17.070664
16.952397
26.628996
26.006806
26.627305
26.054448
16.735584
16.878521
16.878126
16.73507
16.876988
15.651242
15.793358
15.909149
16.044903
15.650685
15.791679
15.910821
16.045451
14.536533
14.386834
14.386341
14.537012
12.871014
13.02335
12.87239
23.677037
23.891389
23.893459
24.090415
24.225107
24.088919
23.677955
23.894474
23.894181
24.084957
24.228128
24.089459
22.1152
22.324697
22.113246
22.326605
20.444589
20.637636
20.443095
20.639198
19.085211
18.924428
19.222248
19.084276
18.923554
19.223245
17.71043
17.84106
17.840582
17.978015
18.128301
17.97862
17.709911
17.839455
17.840031
17.97972
18.128926
17.979204
16.954268
17.073103
16.954672
16.955317
17.073491
16.955034
26.625133
26.016817
21.055228
26.034797
16.736784
16.87901
16.879371
16.737
15.652227
15.793617
15.911739
16.046718
15.652455
15.794274
15.911057
16.046486
14.537759
14.387505
14.387706
14.537529
12.879605
13.029837
12.880326
23.732398
23.979818
23.943643
24.210419
24.289671
24.152309
23.740484
24.001209
23.956695
24.178883
24.262725
24.132735
22.151884
22.373993
22.156906
22.369492
20.449249
20.649857
20.452883
20.645866
19.083697
18.922839
19.223744
19.08534
18.924303
19.221928
17.708882
17.83842
17.838975
17.979101
18.128074
17.978302
17.709528
17.84042
17.839687
17.976873
18.127199
17.977509
16.954704
17.072744
16.954296
16.95373
17.072359
16.95395
26.627685
26.109751
26.072336
16.734206
16.877329
16.733956
15.650614
15.792782
15.909247
16.044259
15.650335
15.791943
15.910069
16.044539
14.536749
14.387199
14.38688
14.537088
12.884321
13.031696
12.884981
24.31274
24.479468
26.567977
25.992239
26.564935
25.946159
25.342047
25.561301
24.304719
24.917509
25.456094
24.720591
24.397165
24.50806
26.570567
26.028171
26.571039
20.944296
25.937775
25.390837
25.610738
24.696875
24.952367
25.480169
25.12243
23.363387
23.505812
23.314152
22.959884
23.058721
23.018245
23.414679
23.171768
23.239478
24.017545
23.741308
23.965328
24.22222
24.061492
24.090209
24.231119
24.317463
24.169798
23.688737
23.875483
23.900021
23.371568
23.535205
23.347192
23.493792
23.30073
23.315284
21.453404
21.244342
21.253548
21.441916
22.133041
22.34496
22.350423
22.130986
21.47762
21.279131
21.275095
21.480954
19.897114
19.708961
19.711461
19.894359
20.438826
20.639028
20.634487
20.443265
19.906477
19.723498
19.719841
19.910356
18.555905
18.726994
18.554898
18.260985
18.390748
18.394113
18.396347
18.262191
18.395413
18.725767
18.549866
18.553455
19.077768
18.917233
19.218728
19.215672
19.080641
18.919906
18.557276
18.731379
18.559213
18.268015
18.40418
18.401663
18.397606
18.265879
18.399404
18.733888
18.564247
18.561611
17.443946
17.578956
17.443341
17.174016
17.304033
17.306245
17.307765
17.174906
17.307157
17.578052
17.440121
17.442442
17.833288
17.704725
17.834687
18.124629
17.9772
17.974998
17.971595
18.12261
17.973077
17.706472
17.838619
17.836512
17.444763
17.581716
17.445974
17.178876
17.313074
17.311263
17.308557
17.177389
17.309722
17.583389
17.449453
17.447576
16.835819
16.691589
16.690955
16.367707
16.524648
16.115705
16.235776
16.239065
16.116439
16.523843
16.364419
17.070184
16.95347
16.951825
16.949373
17.068746
16.950432
16.836461
16.693649
16.694976
16.368367
16.526865
16.119792
16.243404
16.239719
16.118555
16.528199
16.372142
15.740003
15.595894
15.994423
15.85602
15.858984
15.995131
15.595544
15.737624
15.314484
15.314911
15.740671
15.597978
15.998435
15.86315
15.859649
15.997227
15.599122
15.74408
15.316351
15.315503
15.469893
14.459664
14.30599
14.305405
14.460226
14.105786
14.105246
13.926282
13.708846
13.926471
14.46176
14.30668
14.460901
14.307527
14.106459
14.107305
13.710776
13.929036
13.928115
12.752045
12.905821
12.751982
22.226261
28.767731
28.060163
23.130049
22.937416
12.908187
12.75375
12.752989
28.254591
27.908058
22.985338
23.052859
25.198761
25.522922
25.585973
25.184406
26.621879
26.027868
26.092821
25.216933
25.597761
24.790171
25.688991
25.397204
22.151269
22.360106
22.364086
22.147332
21.505252
21.301826
21.304656
21.501992
22.16753
22.389797
22.384162
22.171567
21.51357
21.312126
21.311147
21.514979
20.472423
20.665805
20.667461
20.471115
19.941321
19.754461
19.75499
19.940704
20.474114
20.670335
20.67004
20.474298
19.941092
19.754191
19.754291
19.94106
19.113902
18.954116
19.251433
19.251532
19.114057
18.954867
19.112133
19.249709
19.249981
19.111805
18.951288
16.417726
16.574944
16.170777
16.290125
16.290311
16.17047
16.575203
16.417563
16.880923
16.737103
16.735992
16.877586
16.416483
16.571513
16.165886
16.285612
16.289076
16.167042
16.570407
16.413057
15.379705
15.529665
15.530746
15.37874
15.795928
15.652972
16.045972
15.90985
15.913297
16.047132
15.651816
15.792477
15.376391
15.37758
15.527195
14.192501
14.193197
14.019191
13.805145
14.018545
14.537395
14.387776
14.538428
14.386775
14.191612
14.190641
13.802783
14.014736
14.015737
13.002282
12.841289
12.841727
24.493339
24.526797
26.570339
26.027602
26.567421
26.57446
26.027543
25.615526
25.292701
25.603934
25.200604
24.498395
24.495333
26.566555
25.991513
26.566786
20.94677
25.994387
25.269961
25.56389
24.855273
24.847984
25.569309
25.283259
23.548147
23.368354
23.358115
23.044168
23.523199
23.311478
23.336279
23.062327
23.980994
23.755934
23.975733
24.316405
24.176657
24.175585
24.180828
24.314502
24.174582
23.755175
23.974733
23.975901
23.369387
23.552937
23.367392
23.07103
23.074596
23.551179
23.357576
23.364698
21.496148
21.289892
21.491178
21.29418
22.159177
22.3719
22.376133
22.15515
21.503095
21.297386
21.29993
21.500163
19.923133
19.73344
19.920642
19.735846
20.460523
20.655411
20.65697
20.459219
19.926033
19.738134
19.738731
19.925296
18.743838
18.572906
18.571345
18.40672
18.275153
18.409074
18.741775
18.56688
18.569299
18.412625
18.277115
18.41108
19.094337
18.933139
19.232507
19.232802
19.094112
18.932975
18.573923
18.746814
18.574386
18.280206
18.413719
18.414135
18.413648
18.280173
18.414138
18.746711
18.57387
18.57434
17.591154
17.456521
17.455109
17.315003
17.184341
17.316888
17.589386
17.451443
17.453379
17.319976
17.186004
17.318583
17.847249
17.717525
17.847813
18.136556
17.986407
17.986692
17.986041
18.136489
17.986591
17.717679
17.847691
17.84794
17.457542
17.594198
17.458147
17.189275
17.32171
17.321835
17.320995
17.189028
17.321611
17.594377
17.458196
17.458349
16.701435
16.846585
16.699896
16.534685
16.378238
16.245003
16.124394
16.533134
16.373782
16.249364
16.125859
17.08038
16.96184
16.961884
16.960947
17.080116
16.961596
16.847575
16.704394
16.704706
16.848468
16.379252
16.537721
16.129195
16.251475
16.250365
16.128816
16.53807
16.380347
15.604716
15.749584
15.864654
16.002927
15.60335
15.745539
15.868802
16.004362
15.322728
15.323862
15.750548
15.607585
16.007672
15.870989
15.869783
16.007285
15.608006
15.751759
15.325455
15.324784
15.478979
14.467678
14.31424
14.313234
14.468727
14.11397
14.112974
13.932268
13.716005
13.93329
14.470239
14.315066
14.469592
14.315683
14.114791
14.115404
13.71805
13.935754
13.935442
12.756279
12.912659
12.757026
23.139618
27.847367
27.852093
22.924538
22.941531
12.913913
12.757731
12.757953
28.166577
28.43923
22.934983
23.000627
25.529058
25.222782
25.536408
25.306448
24.780455
26.628923
26.023713
26.021001
25.241185
25.571393
25.565553
25.218343
22.145928
22.370659
22.155767
22.359101
21.499471
21.303996
21.505499
21.298862
22.13131
22.344722
22.343901
22.132079
21.488217
21.288835
21.288808
21.488435
20.466833
20.66503
20.469662
20.661777
19.935921
19.751314
19.937862
19.749577
20.460519
20.654348
20.654712
20.460085
19.93126
19.7448
19.745318
19.930743
19.108507
18.948123
19.247476
19.109697
18.949227
19.24618
19.105398
19.242347
19.242832
19.104932
18.94477
16.566891
16.409775
16.284646
16.162978
16.567654
16.41211
16.282275
16.162187
16.873752
16.730699
16.730377
16.872773
16.409198
16.565208
16.16015
16.280734
16.281692
16.160465
16.564903
16.40826
15.371419
15.521335
15.370707
15.788502
15.646347
16.040199
15.904955
15.905908
16.040516
15.646033
15.787538
15.369644
15.370112
15.520255
14.18558
14.186226
14.011995
13.798756
14.011231
14.53112
14.380986
14.531559
14.380546
14.185044
14.184625
13.797259
14.00926
14.009573
12.999996
12.840207
12.839942
24.440357
24.349275
26.571754
25.940186
26.568543
20.956696
26.57302
26.008145
25.466798
25.066536
25.567996
25.289807
24.535898
24.463387
26.572181
26.011323
26.570962
26.028791
25.138786
25.576844
24.915375
24.703195
25.61948
25.337151
23.461243
23.275392
23.285119
23.023153
23.495494
23.340131
23.3123
23.002398
23.869945
23.714039
23.93437
24.346078
24.225189
24.197362
24.057154
24.277488
24.134721
23.762829
24.016613
23.990245
23.291883
23.51137
23.326844
23.03625
23.553103
23.381065
23.362032
21.478112
21.282339
21.482199
21.278933
22.131804
22.359748
22.34593
22.142231
21.482997
21.284027
21.281725
21.486663
19.918833
19.733817
19.920407
19.732335
20.447613
20.642915
20.643023
20.447082
19.915494
19.727547
19.728816
19.914315
18.743181
18.56992
18.571039
18.412994
18.278281
18.41207
18.744299
18.573089
18.572114
18.409945
18.277284
18.411035
19.086368
18.92559
19.223062
19.224415
19.08502
18.924263
18.568767
18.739646
18.567561
18.272692
18.404979
18.406353
18.408813
18.273941
18.407625
18.738336
18.564862
18.566268
17.592193
17.455374
17.456286
17.321299
17.188197
17.32067
17.593029
17.457753
17.457095
17.318994
17.187438
17.319886
17.843472
17.712297
17.842364
18.129315
17.97843
17.97971
17.982037
18.13054
17.980911
17.711136
17.839931
17.841183
17.454383
17.589177
17.453324
17.183479
17.314701
17.315866
17.31802
17.184575
17.316975
17.588034
17.451014
17.452198
16.703225
16.846104
16.703906
16.53673
16.37826
16.251263
16.12867
16.537381
16.380119
16.249447
16.128074
17.074743
16.95532
16.95643
16.958499
17.075824
16.957496
16.845186
16.700519
16.699471
16.84204
16.377382
16.534084
16.124561
16.245577
16.248581
16.125555
16.533052
16.374344
15.607209
15.750056
15.87084
16.007202
15.607718
15.751626
15.869216
16.006626
15.325119
15.324484
15.74926
15.604915
16.003184
15.865556
15.868403
16.00416
15.603994
15.746467
15.322897
15.323734
15.476304
14.470132
14.314939
14.315506
14.46957
14.114673
14.115239
13.935433
13.717329
13.934961
14.468124
14.314256
14.468891
14.313486
14.113988
14.113215
13.714988
13.931919
13.932796
12.755195
12.911909
12.753773
23.036959
3.7676726
30.237453
13.553361
23.333848
12.90826
12.749472
12.750862
28.376719
27.9701
22.903645
23.023595
25.616962
25.361124
25.537935
25.198505
24.917995
26.627418
25.996933
21.052541
25.993276
25.306856
25.540479
25.52274
25.186826
22.150653
22.361247
22.146278
22.36707
21.498147
21.295015
21.496277
21.296441
22.140636
22.345274
22.354945
22.133185
21.49301
21.290305
21.292473
21.489964
20.462666
20.657095
20.462126
20.657769
19.931832
19.745353
19.931525
19.745616
20.461531
20.655524
20.656159
20.461162
19.931534
19.745592
19.745468
19.93159
19.105191
18.944963
19.242515
19.105031
19.242693
19.105349
18.945174
19.243037
19.242806
19.105596
16.564863
16.408599
16.280672
16.159951
16.564731
16.408205
16.281059
16.160087
16.873282
16.731074
16.73152
16.874604
16.408887
16.565715
16.161449
16.282739
16.281349
16.160982
16.566176
16.410282
15.369162
15.369376
15.788174
15.646904
16.041502
15.906987
15.905602
16.041036
15.647366
15.789545
15.370049
15.369674
15.52067
14.184548
14.184303
14.009046
13.79705
14.009194
14.531634
14.380667
14.531254
14.381045
14.184872
14.185265
13.798095
14.010602
14.010154
13.003778
12.846434
12.84541
24.515319
24.426411
26.574432
25.979632
26.573387
20.955431
26.028642
25.532717
25.129801
24.914359
25.610866
25.339846
24.308036
24.303335
26.574721
25.951353
26.574054
25.939006
25.111136
25.467714
24.689321
24.661731
25.455942
25.128368
23.492853
23.270654
23.309777
23.053576
23.53883
23.376364
23.349517
22.986674
23.817428
23.599644
23.807411
24.132306
24.037713
24.003112
24.003897
24.125384
23.994692
23.609293
23.84989
23.816725
23.243616
23.408509
23.234078
22.954206
23.417984
23.269077
23.243033
21.468249
21.275538
21.477952
21.267485
22.080404
22.293038
22.287879
22.084709
21.447792
21.252645
21.250683
21.450184
19.905388
19.721619
19.908095
19.719196
20.428012
20.622352
20.62124
20.428946
19.900533
19.71544
19.71494
19.901113
18.732222
18.559134
18.560355
18.403519
18.268504
18.402035
18.733748
18.563355
18.561813
18.399479
18.267169
18.400641
19.075419
18.915207
19.213236
19.2129
19.075716
18.915471
18.558302
18.72972
18.557974
18.265176
18.399227
18.398567
18.398688
18.264999
18.398372
18.729956
18.558896
18.558188
17.583247
17.446636
17.447524
17.313512
17.180032
17.312351
17.584365
17.4498
17.448609
17.310434
17.179004
17.311296
17.834496
17.704365
17.834218
18.122052
17.97322
17.972677
17.972815
18.121891
17.972529
17.704489
17.834866
17.834353
17.446031
17.581441
17.445772
17.177433
17.310104
17.309688
17.309847
17.177347
17.309593
17.581555
17.446313
17.445876
16.695305
16.838142
16.696244
16.528955
16.370642
16.244534
16.121539
16.529876
16.373285
16.241939
16.120674
17.068824
16.950994
16.950636
16.950805
17.068745
16.950564
16.837613
16.693784
16.693839
16.83778
16.370143
16.527465
16.119299
16.241544
16.241448
16.119267
16.527517
16.37026
15.600426
15.743141
15.864574
16.000222
15.601212
15.745505
15.862153
15.999378
15.318555
15.471267
15.47189
15.317942
15.742691
15.599132
15.998027
15.861737
15.861693
15.998001
15.59914
15.742715
15.317288
15.317512
15.470613
14.464107
14.308856
14.309448
14.463526
14.108519
14.10913
13.929262
13.710314
13.928486
14.46285
14.308413
14.463101
14.308139
14.108051
14.107746
13.708455
13.926701
13.926917
12.744742
12.901368
12.743123
22.797125
27.545613
28.444805
12.897938
12.737318
12.738616
28.189203
28.494075
22.955835
23.002879
25.562642
25.306667
25.511597
25.17423
24.870689
26.624116
26.046555
26.05476
25.329049
25.62624
25.632174
25.307319
22.149741
22.349666
22.13798
22.363627
21.50217
21.295549
21.49527
21.301338
22.17551
22.390398
22.394371
22.172232
21.516839
21.311964
21.31346
21.515031
20.468646
20.660181
20.465564
20.663737
19.937404
19.749048
19.93526
19.750985
20.474619
20.669863
20.670772
20.473826
19.941338
19.75396
19.754487
19.940764
19.109778
19.245968
19.108381
19.247472
19.112189
19.249664
19.250093
19.111781
16.568649
16.412644
16.283351
16.163208
16.568027
16.410907
16.285028
16.163773
16.877448
16.734884
16.73466
16.876782
16.412936
16.569507
16.164326
16.284709
16.285306
16.164526
16.569289
16.412325
15.372474
15.372822
15.791805
15.65012
16.044298
15.908781
15.909326
16.044491
15.649944
15.791276
15.37304
15.37302
15.523764
14.187872
14.187555
14.012045
13.800529
14.01246
14.53443
14.383783
14.534399
14.383822
14.188067
14.188122
13.801255
14.013019
14.013078
13.009119
12.852739
12.852375
24.507709
24.54844
26.569547
26.030268
20.945357
26.027232
25.624164
25.320561
24.773992
25.60747
25.211055
24.898031
24.431451
24.478082
26.56979
25.995033
26.56856
26.567062
25.955209
25.300643
25.562275
24.776346
24.874391
25.5094
25.212657
23.561677
23.37638
23.369487
23.048666
23.533077
23.306523
23.344072
23.077777
23.98762
23.735863
23.955645
24.254762
24.10648
24.120097
24.191977
24.295575
24.154793
23.710503
23.910473
23.92622
23.366586
23.533005
23.34766
23.055377
23.510686
23.310023
23.327658
21.485543
21.275216
21.477309
21.282261
22.142149
22.346662
22.35855
22.132091
21.487681
21.280725
21.285003
21.482236
19.910574
19.721476
19.90803
19.723741
20.447303
20.641522
20.643354
20.445996
19.913956
19.726912
19.72703
19.913641
18.734563
18.563653
18.56252
18.400236
18.267871
18.401431
18.733215
18.559973
18.561242
18.40373
18.269024
18.402644
19.084067
18.923255
19.222426
19.222196
19.084359
18.923594
18.564545
18.737274
18.565173
18.27199
18.405978
18.405662
18.4046
18.271544
18.405231
18.737655
18.565869
18.565583
17.584565
17.449616
17.448762
17.310769
17.179255
17.311589
17.583632
17.447009
17.447861
17.31329
17.180098
17.312459
17.839369
17.709929
17.839989
18.128605
17.979366
17.978997
17.977908
18.128148
17.978531
17.710408
17.840843
17.840462
17.450361
17.586816
17.450972
17.182741
17.315548
17.315128
17.314023
17.182239
17.314631
17.587301
17.451874
17.451463
16.696141
16.840576
16.839821
16.695392
16.529763
16.372859
16.242035
16.120652
16.529029
16.370771
16.244066
16.121331
17.074003
16.956142
16.955697
16.95458
17.073496
16.955185
16.841266
16.698167
16.698688
16.842833
16.373533
16.53178
16.123805
16.246343
16.244731
16.123271
16.532307
16.375143
15.600889
15.744933
15.86217
15.999326
15.600287
15.74313
15.864032
15.999984
15.318865
15.47289
15.472283
15.319453
15.745555
15.602704
16.002426
15.86627
15.864666
16.001893
15.603233
15.747147
15.32059
15.320036
15.474053
14.463915
14.309427
14.309001
14.464386
14.108754
14.108379
13.926866
13.707999
13.927104
14.465329
14.309862
14.464865
14.310285
14.10914
14.109516
13.708425
13.928207
13.927949
12.733837
12.894069
12.732701
27.921004
28.832745
22.914665
23.078291
12.892029
12.727859
12.729179
28.239514
28.551562
23.042662
22.977978
23.040594
25.514898
25.195556
25.511904
25.240268
24.748931
26.628407
26.013572
26.62862
26.045368
25.207212
25.559097
24.823857
25.599558
25.260727
22.131257
22.351543
22.139426
22.342337
21.490107
21.295653
21.495625
21.290843
22.134797
22.355762
22.347991
22.141465
21.489841
21.292963
21.289912
21.493632
20.462293
20.659836
20.465142
20.656615
19.93264
19.748483
19.934717
19.74658
20.460264
20.656201
20.654705
20.461425
19.930521
19.744866
19.744476
19.931042
19.1063
18.946102
19.245359
19.10775
19.243823
19.104308
19.241936
19.241799
19.104391
16.566638
16.409488
16.284096
16.16262
16.567413
16.411692
16.281942
16.161898
16.873137
16.730126
16.729758
16.872049
16.408878
16.56482
16.159678
16.280072
16.281334
16.160099
16.564436
16.40765
15.370848
15.370234
15.788207
15.646058
16.039732
15.904301
15.905636
16.040162
15.645607
15.786858
15.369142
15.369659
15.519789
14.186074
14.186562
14.012153
13.800196
14.011728
14.531085
14.38112
14.531567
14.380656
14.185599
14.185155
13.7991
14.010086
14.010452
13.008767
12.853055
12.853036
24.368196
24.322841
26.568453
25.90281
25.963751
25.421486
25.145526
24.787069
25.499604
25.239516
24.709463
24.503125
24.495768
26.569577
26.018815
26.56669
26.003087
25.247835
25.597405
24.841431
24.804636
25.582224
25.265138
23.45243
23.290723
23.277137
23.458469
23.293688
23.280159
23.006055
23.920323
23.734801
23.95869
24.318412
24.172848
24.17508
24.119314
24.30782
24.162273
23.749828
23.972955
23.972948
23.316085
23.528493
23.340626
23.046659
23.543671
23.361274
23.355508
21.469448
21.269896
21.468764
21.270526
22.13558
22.361553
22.350648
22.1453
21.485551
21.289619
21.284156
21.491957
19.913038
19.7263
19.912491
19.726844
20.449846
20.648555
20.645302
20.452566
19.917547
19.732145
19.730792
19.919149
18.73899
18.567634
18.567001
18.406278
18.273025
18.406649
18.738487
18.566144
18.566503
18.407745
18.273507
18.407139
19.088012
18.927153
19.227005
19.226147
19.088766
18.927815
18.568343
18.741146
18.569026
18.275738
18.409727
18.40952
18.408411
18.275302
18.409042
18.741728
18.569795
18.569552
17.588922
17.453573
17.453098
17.315939
17.183977
17.316342
17.588476
17.452258
17.452658
17.317239
17.184408
17.316778
17.843106
17.713483
17.843588
18.13225
17.982677
17.982547
17.981667
18.13185
17.98218
17.713797
17.844038
17.843928
17.454043
17.590331
17.45445
17.18589
17.318375
17.318326
17.317691
17.185659
17.318077
17.590622
17.454782
17.45472
16.700411
16.844503
16.844084
16.699992
16.843251
16.53405
16.376821
16.246786
16.125156
16.533631
16.375582
16.248014
16.125564
17.0771
16.95876
16.958749
16.958223
17.076886
16.958552
16.844892
16.701498
16.701667
16.845389
16.377176
16.535108
16.126644
16.248712
16.248357
16.126524
16.535263
16.377562
15.604968
15.748759
15.866718
16.003778
15.604581
15.747593
15.867903
16.004181
15.322793
15.476623
15.476287
15.323119
15.749055
15.605798
16.005215
15.86847
15.868211
16.005107
15.605873
15.749286
15.323555
15.323382
15.477082
14.467162
14.312126
14.311928
14.4674
14.111076
14.110927
13.928781
13.70866
13.928889
14.467652
14.312256
14.46757
14.3123
14.111155
14.111148
13.708157
13.928619
13.928822
12.723211
12.887493
12.721442
22.91779
28.540257
28.555408
23.030891
23.030648
12.883635
12.71298
12.715363
28.236434
27.874004
22.968471
22.979161
22.915993
25.654191
25.293087
25.593527
25.229939
24.854861
26.62905
25.993311
26.628401
26.011957
25.215875
25.525847
24.795618
25.549423
25.239095
22.15383
22.37152
22.155037
22.370188
21.501016
21.299689
21.50177
21.299042
22.137635
22.345633
22.351162
22.132483
21.490757
21.286825
21.29017
21.486967
20.463836
20.659783
20.464281
20.659313
19.932007
19.745918
19.932417
19.745514
20.458649
20.651206
20.653432
20.456707
19.928276
19.74094
19.742119
19.926953
19.104288
18.943967
19.242351
19.10467
19.241962
19.101782
19.238406
19.239282
19.100977
18.940873
16.563162
16.406297
16.279751
16.158651
16.563512
16.40734
16.27871
16.158303
16.870354
16.72742
16.727204
16.405934
16.562087
16.157212
16.277938
16.278363
16.157354
16.561889
16.405455
15.367227
15.517573
15.517882
15.366928
15.7852
15.643366
16.037302
15.902345
15.902624
16.037426
15.643289
15.784965
15.366517
15.366681
15.51713
14.183341
14.183534
14.009229
13.797964
14.009027
14.528786
14.378572
14.528873
14.37851
14.183217
14.183181
13.797945
14.008934
14.008812
13.009199
12.85601
12.855281
24.499879
24.516363
26.567596
26.004536
25.992909
25.586225
25.311072
24.836357
25.566926
25.258898
24.87953
24.326857
24.410298
26.575148
25.979611
20.946572
26.574315
25.932867
25.292068
25.529204
25.454188
25.087072
23.555227
23.357448
23.366514
23.072671
23.552664
23.363643
23.366205
23.952314
23.679765
23.895903
24.153317
23.992116
24.025116
24.156406
24.22857
24.091126
23.631006
23.809031
23.838866
23.333524
23.480204
23.297869
22.966114
23.009277
23.438918
23.244357
23.263049
21.493931
21.294624
21.498154
21.290778
22.111743
22.308381
22.324013
22.098935
21.468571
21.262922
21.268983
21.461345
19.917898
19.732399
19.91965
19.73081
20.439821
20.630483
20.634266
20.436523
19.90973
19.721412
19.723509
19.907412
18.740288
18.566821
18.56811
18.409574
18.275212
18.409019
18.741306
18.569654
18.569085
18.406859
18.274318
18.408085
19.082228
18.92166
19.21843
19.220058
19.080712
18.920246
18.565366
18.73588
18.563919
18.269366
18.401962
18.402889
18.405478
18.270525
18.404102
18.734551
18.561686
18.562649
17.589276
17.452457
17.453384
17.318176
17.185263
17.317711
17.590026
17.454586
17.454114
17.316101
17.18457
17.317001
17.840374
17.709228
17.839222
18.126115
17.975791
17.976622
17.978888
18.127225
17.977689
17.708235
17.837389
17.838194
17.451421
17.586174
17.450384
17.180858
17.312455
17.313184
17.315098
17.181743
17.314092
17.585212
17.448704
17.44945
16.700374
16.843283
16.84409
16.701008
16.845176
16.533958
16.375517
16.248484
16.125948
16.534587
16.377336
16.246703
16.125353
17.072178
16.953232
16.953922
16.955692
17.073041
16.954766
16.842388
16.697833
16.697027
16.839989
16.37467
16.531447
16.122249
16.243627
16.245877
16.123004
16.530647
16.372369
15.604609
15.747409
15.868237
16.004517
15.605161
15.749053
15.866556
16.003933
15.322376
15.475248
15.321743
15.746662
15.602464
16.000904
15.863671
15.86579
16.001642
15.601766
15.744592
15.320346
15.321049
14.466258
14.310144
14.310771
14.465643
14.10874
14.109402
13.927318
13.705327
13.926668
14.464297
14.309466
14.464976
14.308777
14.108029
14.107306
13.70269
13.92363
13.924386
12.704893
12.874617
12.702009
22.959442
27.89728
27.736214
22.897486
22.878349
12.867988
12.689648
12.692786
27.855796
27.616303
22.891959
22.835734
22.873636
22.805893
25.54862
25.184339
24.802259
25.567247
25.245963
26.630572
26.017051
26.056
25.183014
25.563615
24.918082
24.748423
25.626209
25.348348
22.127794
22.338768
22.126081
22.339891
21.484973
21.283344
21.482763
21.285486
22.151592
22.37803
22.366494
22.160935
21.50128
21.304174
21.29978
21.506485
20.456909
20.649406
20.455295
20.651152
19.927618
19.740477
19.92632
19.741697
20.465691
20.663878
20.660969
20.468305
19.934272
19.749781
19.747871
19.93631
19.101947
18.94187
19.238284
19.100933
18.940894
19.239339
19.106861
19.246134
19.244498
19.108428
18.948056
16.563256
16.407726
16.278171
16.157948
16.562553
16.405678
16.280198
16.158628
16.873058
16.731602
16.874166
16.732659
16.876188
16.408739
16.566264
16.162491
16.284192
16.281194
16.161487
16.567309
16.411774
15.367962
15.519326
15.518538
15.368742
15.788073
15.647402
16.042518
15.908353
15.905491
16.041531
15.648344
15.790888
15.370547
15.369621
15.521154
14.185698
14.18495
14.010103
13.800185
14.010764
14.532819
14.381742
14.531951
14.382607
14.186525
14.187393
13.802816
14.014162
14.01327
13.016984
12.86622
12.864193
24.359873
24.467884
26.572275
25.996074
25.936676
25.565608
25.36799
24.648652
25.46827
25.09398
24.404555
24.471284
26.570953
25.97862
20.943187
25.936452
25.358721
25.545246
24.757324
25.479922
25.197226
23.511297
23.354731
23.323957
22.997325
23.46091
23.251315
23.282458
23.996776
23.732521
23.952353
24.231277
24.088687
24.100108
24.20848
24.290291
24.150805
23.697088
23.894972
23.909612
23.359957
23.529018
23.342694
23.017124
23.049224
23.500119
23.303602
23.319365
21.469028
21.263422
21.462886
21.268164
22.133261
22.342174
22.349978
22.1276
21.479152
21.276012
21.276897
21.477508
19.906169
19.719377
19.905393
19.719987
20.441364
20.637227
20.636862
20.441925
19.909456
19.723747
19.722923
19.910264
18.732953
18.561441
18.561047
18.401391
18.267704
18.401184
18.732779
18.561103
18.560906
18.401654
18.267795
18.401297
19.081111
18.920499
19.219787
19.219
19.081874
18.921231
18.561995
18.734662
18.562631
18.269782
18.404065
18.403407
18.402169
18.269171
18.402769
18.735362
18.563982
18.563298
17.583702
17.448123
17.447942
17.311956
17.179386
17.311703
17.583698
17.448201
17.447953
17.311838
17.179344
17.311677
17.837308
17.707768
17.837791
18.126429
17.977417
17.976836
17.975772
18.125846
17.97628
17.708277
17.838881
17.838322
17.448444
17.584682
17.448855
17.180552
17.313443
17.31297
17.312136
17.180129
17.312526
17.585169
17.449813
17.44932
16.695509
16.839243
16.839152
16.695599
16.529085
16.371486
16.243142
16.120817
16.529195
16.371879
16.242727
16.120674
17.071796
16.953849
16.953438
16.952733
17.071392
16.953057
16.839464
16.696081
16.696433
16.371643
16.529573
16.121286
16.243717
16.242871
16.121016
16.529894
16.372529
15.600163
15.743584
15.863193
15.999481
15.600352
15.744118
15.862681
15.999328
15.318115
15.318041
15.743657
15.600286
15.999871
15.863437
15.86277
15.99962
15.600475
15.744277
15.318182
15.318071
14.461905
14.306091
14.306292
14.461733
14.104355
14.104609
13.921795
13.699075
13.921377
14.461643
14.30598
14.461651
14.305941
14.104189
14.104095
13.69799
13.92058
13.920675
12.680814
12.857423
12.678125
22.562824
27.727851
27.869445
22.590926
22.668788
12.852344
12.668141
12.670527
26.653596
27.102511
22.066439
22.236145
22.328492
22.322908
25.544119
25.135865
25.621528
25.346956
26.630285
26.026238
26.05992
25.146837
25.56875
24.841341
24.711295
25.621557
25.275269
22.148518
22.373487
22.157673
22.361666
21.502069
21.304498
21.506144
21.301427
22.140715
22.360204
22.352816
22.146466
21.497598
21.300007
21.297905
21.500281
20.469235
20.665469
20.470136
20.66422
19.938268
19.752074
19.938539
19.751929
20.468274
20.663912
20.662791
20.469228
19.938228
19.752707
19.752082
19.938904
19.110952
18.950609
19.248507
19.110806
18.950422
19.248602
19.111546
19.249645
19.249121
19.112044
18.951724
16.570236
16.414192
16.285
16.16489
16.569717
16.412581
16.28664
16.165434
16.878849
16.736611
16.736842
16.879546
16.414531
16.571253
16.166691
16.287596
16.286986
16.166491
16.571467
16.415143
15.374375
15.525451
15.524989
15.374844
15.793714
15.652315
16.04671
15.911738
15.911174
16.046515
15.652496
15.794275
15.375501
15.525818
15.375217
14.191667
14.191165
14.016553
13.806966
14.017191
14.537685
14.38723
14.537396
14.387534
14.192073
14.192384
13.808469
14.018817
14.018547
13.026516
12.877076
12.876051
24.405052
24.411473
26.573312
25.989796
26.573173
25.96531
25.540207
25.196204
24.768189
25.515796
25.212202
24.551923
24.45628
26.570636
25.969853
26.569169
20.955233
26.04264
25.159246
25.530342
24.957202
24.734333
25.637539
25.390404
23.477747
23.300583
23.296068
23.007723
23.478203
23.297345
23.295836
23.902212
23.726584
23.944183
24.359821
24.240336
24.208704
24.091786
24.277444
24.1403
23.770342
24.024931
23.999465
23.31517
23.525254
23.34096
23.55951
23.380347
23.367864
21.473488
21.272295
21.47166
21.274057
22.140934
22.367068
22.356045
22.150181
21.489977
21.292804
21.288158
21.495534
19.913852
19.726185
19.912572
19.727392
20.45208
20.650521
20.647959
20.45414
19.918615
19.732284
19.731513
19.919619
18.738411
18.566911
18.566192
18.404747
18.271744
18.405453
18.737597
18.564692
18.565434
18.406824
18.272412
18.406163
19.087634
18.926571
19.226295
19.225989
19.087845
18.926707
18.5675
18.740291
18.567848
18.273678
18.407202
18.407609
18.407351
18.27374
18.407642
18.740355
18.567451
18.567852
17.587222
17.451657
17.451276
17.313926
17.181916
17.3144
17.586733
17.450318
17.450815
17.315189
17.182325
17.314834
17.841401
17.71129
17.841538
18.130024
17.979752
17.980152
17.980097
18.130111
17.980261
17.711159
17.841031
17.841418
17.451909
17.588
17.45198
17.182764
17.315004
17.315334
17.315417
17.182905
17.315474
17.587864
17.451495
17.451841
16.697914
16.841996
16.697581
16.531239
16.373696
16.244047
16.122191
16.530943
16.372872
16.24484
16.122444
17.073892
16.955087
16.955371
16.955486
17.074028
16.955508
16.842169
16.698342
16.698219
16.373809
16.531565
16.122583
16.244596
16.24495
16.12271
16.531418
16.373426
15.601325
15.745135
15.863709
16.000724
15.601143
15.744534
15.864344
16.000962
15.319136
15.319257
15.745205
15.601463
16.001084
15.86407
15.864418
16.001206
15.601342
15.744884
15.319288
15.319311
15.472925
14.46202
14.306205
14.306193
14.462049
14.104033
14.104071
13.920472
13.697149
13.920438
14.461941
14.306168
14.462024
14.306078
14.103951
14.103817
13.696531
13.919969
13.920145
12.662479
12.845006
12.663428
21.731331
3.3462417
13.144005
30.217711
19.608483
21.789463
12.839311
12.660935
12.669114
11.477316
13.526157
13.513648
19.683102
17.305549
25.573349
25.278184
25.591241
25.26206
24.846652
26.629661
26.035989
25.985127
25.310833
25.589058
24.868015
25.517329
25.177763
22.160837
22.37685
22.160967
22.376637
21.509086
21.307114
21.508887
21.307378
22.149983
22.360685
22.363335
22.147949
21.503614
21.301808
21.303025
21.502312
20.472931
20.667968
20.472656
20.668266
19.941325
19.75471
19.941152
19.754848
20.47075
20.664703
20.665791
20.469685
19.939526
19.752069
19.753087
19.9385
19.11344
18.952981
19.25114
19.113416
18.952979
19.251189
19.111698
19.248449
19.24945
19.110705
18.950276
16.571308
16.414465
16.28762
16.166714
16.571547
16.415172
16.286931
16.16648
16.878517
16.735365
16.734799
16.876862
16.413984
16.569853
16.164701
16.285055
16.286471
16.165179
16.569284
16.412472
15.375519
15.525832
15.526114
15.375242
15.793221
15.651096
16.044788
15.909424
15.91064
16.045238
15.65071
15.792093
15.374555
15.374907
15.525133
14.19238
14.192576
14.019102
13.80916
14.019039
14.536974
14.387264
14.537257
14.387014
14.192145
14.191901
13.808784
14.01846
14.018597
13.030689
12.882755
12.882229
24.468375
24.434091
26.565462
25.931263
26.566941
26.56969
25.969563
25.482256
25.273503
25.532344
25.341154
24.333323
24.539748
26.570384
26.051838
26.568798
20.941796
25.937001
25.37585
25.643055
24.264068
24.940181
25.457079
24.662029
23.536276
23.364402
23.355546
23.069411
23.54115
23.373092
23.358805
23.066588
24.014831
23.736717
23.972926
24.153777
23.817521
24.022876
24.228831
24.343429
24.188081
23.621626
23.673379
23.833113
23.362353
23.519719
23.323229
22.967788
23.02405
23.427131
23.177736
23.249625
21.493608
21.294921
21.498893
21.289872
22.105668
22.291404
22.319956
22.082872
21.460782
21.251243
21.2614
21.448439
19.914635
19.729861
19.917343
19.727418
20.434085
20.622175
20.628045
20.429174
19.905316
19.71683
19.719506
19.902288
18.736717
18.563259
18.564356
18.406443
18.271616
18.405433
18.738028
18.566655
18.565563
18.403399
18.270641
18.404351
19.07934
18.919548
19.215182
19.216877
19.07803
18.918944
18.562426
18.733951
18.561735
18.267729
18.39771
18.400992
18.4027
18.268733
18.402106
18.732866
18.556941
18.560459
17.585751
17.449522
17.449894
17.314532
17.181526
17.314006
17.586335
17.450989
17.450417
17.313208
17.1811
17.313534
17.838069
17.707829
17.837764
18.124694
17.972361
17.975173
17.976452
18.125594
17.976079
17.7071
17.834382
17.836956
17.449321
17.584855
17.449136
17.179902
17.310124
17.312209
17.313036
17.18052
17.312856
17.584202
17.446298
17.448496
16.696996
16.840719
16.697286
16.530151
16.372425
16.244308
16.1218
16.530447
16.373115
16.243689
16.121584
17.071406
16.95278
16.953374
16.953629
17.071827
16.953544
16.840715
16.696885
16.696548
16.839274
16.372424
16.529906
16.121038
16.241352
16.243695
16.121458
16.529404
16.370072
15.600554
15.744201
15.86382
16.000353
15.600711
15.744656
15.863308
16.000156
15.318527
15.31849
15.744191
15.600445
15.999654
15.861304
15.863304
16.000046
15.600417
15.742777
15.318607
15.318548
15.47255
14.461035
14.305051
14.305173
14.460927
14.10261
14.102752
13.919332
13.694941
13.919164
14.460759
14.304952
14.460861
14.304813
14.10251
14.102404
13.694449
13.919194
13.919109
12.648005
12.836595
12.646841
21.477941
26.518943
26.127963
21.981235
21.815247
12.834013
12.645147
12.645229
27.130841
26.554655
21.451407
21.710261
25.706421
25.310691
25.655929
25.240217
24.872938
26.62143
25.93687
26.052504
25.167454
25.452715
25.583076
25.225463
22.155424
22.370934
22.154578
22.372173
21.502877
21.301295
21.502836
21.301154
22.146961
22.355087
22.360211
22.142347
21.499693
21.296421
21.298856
21.496708
20.466731
20.662549
20.467261
20.662078
19.935088
19.749203
19.935671
19.748643
20.466435
20.660179
20.661434
20.465474
19.935599
19.74898
19.74938
19.935157
19.107513
18.947275
19.245611
19.107923
18.947615
19.245153
19.108748
19.246198
19.246265
19.108916
18.949822
16.568664
16.413005
16.28482
16.164103
16.56843
16.412205
16.285652
16.164378
16.878138
16.736334
16.736572
16.878377
16.413743
16.570595
16.166285
16.285494
16.286371
16.166211
16.570649
16.412915
15.374278
15.525479
15.374751
15.793381
15.652179
16.046395
15.909987
15.910698
16.046314
15.652561
15.793195
15.375906
15.37535
15.526823
14.192035
14.191734
14.018519
13.808761
14.018763
14.537797
14.387552
14.537483
14.387818
14.192383
14.192676
13.809646
14.020399
14.020015
13.032119
12.88795
12.887359
11.966007
13.274902
11.994615
13.27227
11.996368
13.269903
11.996372
21.054559
13.273872
11.993989
21.056415
13.276381
12.003269
13.275131
11.99388
21.051391
13.277209
11.985442
21.051621
13.285229
11.994059
13.290266
12.000245
13.290663
11.91734
11.894526
13.433939
13.440728
13.172949
6.0189297
13.179366
11.983691
13.534436
13.532284
13.272962
11.881962
11.870992
13.441847
13.446159
13.180407
13.184016
11.994268
21.051723
13.531565
13.528829
13.2698
11.869871
11.871076
13.44596
13.440364
13.183692
13.177229
11.994223
21.052175
13.528874
13.531674
13.273213
11.870495
20.94538
11.891901
13.439306
13.434299
13.176021
13.16968
11.985104
21.052371
13.532254
13.534219
13.276448
11.880812
20.952112
11.880786
20.948707
13.434078
13.433614
13.169226
13.166921
11.986936
21.050138
13.534052
13.532153
13.275194
11.864287
20.942605
11.87097
20.945225
13.433475
13.430672
13.16649
13.161454
11.993773
21.050976
13.531984
13.532616
13.276578
11.871442
11.888253
20.952509
13.429882
13.422559
13.160327
13.15067
11.987044
21.052655
13.533136
13.539354
13.284193
11.887964
11.877013
20.94665
13.421597
13.417406
13.149374
13.142801
11.993454
21.054587
13.540269
13.544212
13.289971
11.877356
11.869893
13.417053
13.414176
13.14213
13.137906
11.99773
13.544395
13.543968
13.290618
11.870026
11.919569
13.413688
13.409535
13.137179
13.132868
11.963302
21.028215
13.543927
13.54298
13.290089
21.896871
22.44777
22.545914
21.844679
20.244726
20.812366
20.832887
20.231569
19.348711
19.356816
11.977316
23.711385
24.213479
24.243563
23.697953
17.744163
18.159053
18.160536
17.743325
17.111884
17.111607
12.552155
13.275818
12.550358
21.933497
22.541449
21.914603
22.574093
20.272887
20.856079
20.264922
20.865803
19.371628
19.378347
11.994391
21.053139
23.701907
24.344442
23.775711
24.247453
17.737395
18.15651
17.739665
18.154054
17.106465
17.104225
12.560031
13.270591
12.567393
21.900817
22.551424
21.917302
22.519794
20.263323
20.858316
20.268644
20.851145
19.377106
19.373165
11.978148
23.771385
24.240801
23.704297
24.360304
18.945047
18.944664
17.735969
18.152159
17.735668
18.152472
17.102619
17.102939
12.578732
13.270862
12.584552
21.882457
22.569886
21.920895
22.505189
20.247455
20.849082
20.257338
20.833421
19.366003
19.360237
11.98534
23.763239
24.202608
23.672092
24.330795
18.950586
18.946909
17.740508
18.154475
17.738042
18.157306
17.10513
17.107147
12.592097
13.275593
12.595087
21.92639
22.526884
21.895204
22.573876
20.259972
20.8386
20.250626
20.853095
19.361775
19.367056
11.994065
21.05227
23.678722
24.274572
23.726574
24.216103
17.736388
18.155951
17.739265
18.152758
17.10606
17.103586
12.595985
13.275841
12.593727
21.89832
22.520842
21.896117
22.523123
20.259535
20.845162
20.257908
20.846797
19.368707
19.370313
11.990962
21.052944
23.74693
24.287303
23.741873
24.314124
18.943321
18.944441
17.733901
18.151567
17.734944
18.150497
17.101762
17.100733
12.588562
13.275254
12.584441
21.919364
22.575155
21.933691
22.560754
20.262232
20.862237
20.268455
20.853396
19.374142
19.370289
11.996345
23.684895
24.261748
23.705708
24.218467
17.734633
18.148472
17.732279
18.150982
17.099677
17.101836
12.581159
13.279796
12.593728
21.907307
22.497532
21.880638
22.550857
20.253066
20.835122
20.249662
20.842589
19.362468
19.363474
12.001648
21.058647
23.678403
24.371416
23.789856
24.193595
18.950004
17.741473
18.156924
17.740212
18.158033
17.106969
17.108433
12.600764
13.287834
12.614189
21.903929
22.524275
21.898133
22.530135
20.26149
20.845154
20.257245
20.850029
19.367559
19.370696
11.993781
23.754777
24.303728
23.749975
24.314867
17.742419
18.159631
17.742876
18.159305
17.109591
17.108984
12.634322
13.290657
12.642656
21.919333
22.578695
21.935933
22.565292
20.258309
20.862698
20.267789
20.849998
19.372063
19.366406
11.985787
21.052499
23.754154
24.286346
23.736732
24.326878
17.739019
18.155347
17.738842
18.155192
17.106147
17.106737
12.650382
13.291226
12.651066
11.874464
20.948301
11.865052
22.633853
22.900362
22.757356
22.736652
23.018772
23.068499
22.768368
21.677935
21.027431
21.051586
21.63552
21.906976
22.538085
22.557463
21.911824
21.687137
21.071692
21.058094
21.695993
20.069587
19.519238
19.528098
20.05787
20.248695
20.852396
20.838636
20.261281
20.073109
19.54061
19.530593
20.085082
19.36848
19.359065
13.43709
13.437788
12.478132
13.175931
12.494775
13.633452
13.672055
13.176603
12.498326
12.496455
23.042255
13.669303
13.670749
24.374636
24.712676
24.419468
24.765802
11.999733
21.058962
24.601653
24.962408
24.447358
23.516718
23.50394
22.748472
23.032782
22.767824
23.732355
24.407253
24.271726
23.80858
23.534754
23.594614
22.80233
22.778041
21.936682
22.550697
22.566917
21.920731
21.720421
21.08572
21.096242
21.705699
21.941389
22.594044
22.57564
21.948278
21.724178
21.09941
21.097995
21.728989
20.287275
20.867979
20.877217
20.281518
20.11154
19.565032
19.568597
20.106511
20.287605
20.879375
20.878515
20.287543
20.111641
19.567424
19.56819
20.111394
18.767598
18.301729
18.303355
18.764466
19.393872
19.397001
18.766685
18.300205
18.302327
18.76505
19.395556
19.396483
17.62176
17.219045
17.219498
17.621203
17.743033
18.157188
18.159465
17.740394
17.620614
17.215272
17.218319
17.617867
17.107316
17.110434
13.535294
13.534589
23.400466
13.703807
13.722299
13.27517
12.557716
12.551823
13.715355
13.715017
11.872469
20.947182
24.764669
24.868257
11.872205
22.741087
23.025691
23.072792
22.779669
22.770144
23.062629
23.075691
22.783729
21.714972
21.075286
21.698991
21.08599
21.937141
22.565191
22.578561
21.926447
21.718082
21.081648
21.087776
21.708583
20.096269
19.543869
20.088648
19.550768
20.273963
20.862129
20.867312
20.270953
20.09729
19.550458
19.551743
20.094816
19.378324
19.379325
13.444775
13.445444
12.498569
13.183066
12.497561
13.6695
13.670907
13.183634
12.495609
12.497053
13.673192
13.670837
22.96359
24.528321
24.878049
24.427513
11.994091
21.052381
24.423969
24.776462
24.441319
24.797257
23.503457
23.568997
22.790983
23.084354
23.034643
22.748713
23.70573
24.244129
24.258676
23.69977
23.504874
23.501668
22.746965
22.744769
21.920428
22.584995
21.943488
22.548239
21.705344
21.096964
21.725007
21.08467
21.915783
22.546245
22.543672
21.917303
21.701033
21.080859
21.08154
21.701928
20.279151
20.877265
20.28615
20.866686
20.103988
19.56655
20.11017
19.562102
20.277173
20.862889
20.863908
20.275627
20.102203
19.559169
19.560743
20.100602
18.761422
18.299538
18.764388
18.296981
19.394758
19.390716
18.945977
18.944611
18.760476
18.295007
18.296182
18.759161
19.387928
19.389461
17.614873
17.214446
17.617116
17.212219
17.736732
18.152166
18.153297
17.735698
17.614232
17.210655
17.211621
17.613219
17.102672
17.103633
13.529799
13.529388
22.880355
13.717055
13.722579
13.270218
12.576546
12.56964
23.210763
13.731867
13.725197
23.094222
11.895067
24.852119
24.6374
11.880697
20.951125
22.755025
23.046175
22.995683
22.715972
22.782206
23.080173
23.008804
22.726368
21.687315
21.077085
21.700822
21.068904
21.904879
22.57311
22.528337
21.923839
21.69027
21.072009
21.069523
21.703512
20.087884
19.549101
20.092825
19.544961
20.262538
20.85172
20.851265
20.259647
20.08694
19.539701
19.543789
20.083525
19.36783
19.371968
13.444254
13.443396
12.49577
13.181619
12.493879
13.678817
13.677263
13.180651
12.48309
12.489945
13.658095
13.673286
23.018919
24.416915
24.763423
24.554111
11.990061
24.385143
24.738944
24.513713
24.869796
23.561085
23.507627
22.753942
23.07226
22.777928
23.755109
24.206926
24.326654
23.672086
23.548403
23.477432
22.733209
23.01581
23.064265
22.771526
21.930035
22.552803
21.921688
22.571597
21.711908
21.082697
21.705563
21.085559
21.926996
22.535155
22.56621
21.912861
21.709456
21.080873
21.08439
21.699039
20.277395
20.864308
20.276242
20.866544
20.102017
19.559357
20.101062
19.559951
20.277052
20.863427
20.865661
20.27692
20.101778
19.56061
19.559893
20.101985
18.759556
18.295008
18.759196
18.295331
19.388067
19.388587
18.945087
18.946002
18.759618
18.296509
18.295442
18.760582
19.389356
19.388562
17.613484
17.210605
17.613183
17.210921
17.736137
18.153693
18.152599
17.737314
17.613666
17.21242
17.211142
17.61487
17.104466
17.103171
13.529632
13.530059
13.734453
13.74359
13.271364
12.59088
12.586319
23.178563
13.757481
13.74749
11.891823
24.691182
11.8876
20.951538
22.778715
23.076163
22.703553
22.70184
22.985029
22.962855
22.682882
21.668574
21.069276
21.700598
21.050673
21.871442
22.50345
22.487053
21.881013
21.659442
21.050044
21.045622
21.667328
20.072651
19.53779
20.081323
19.531508
20.245074
20.832955
20.829277
20.247277
20.070628
19.531381
19.530162
20.072512
19.360093
19.359027
13.436455
13.435712
12.481658
13.172661
12.478008
13.655962
13.6522
22.827526
13.171727
12.473607
12.476898
13.647353
13.651297
22.94253
24.378641
24.729458
24.516484
11.986718
21.052316
24.517372
24.87146
24.54907
24.900293
23.558146
23.477931
22.734236
22.78534
23.789769
24.3317
24.363171
23.763961
23.58206
23.558848
22.78621
23.077791
23.095353
22.800933
21.941256
22.536323
21.91446
22.580598
21.723209
21.082568
21.700722
21.096021
21.949197
22.5815
22.594072
21.942023
21.729772
21.096288
21.099708
21.723863
20.285855
20.865066
20.278326
20.876534
20.109997
19.561721
20.103311
19.566676
20.287723
20.876687
20.8796
20.285762
20.11162
19.566439
19.567816
20.109853
18.764919
18.297313
18.761458
18.300289
19.390407
19.394964
18.951391
18.950298
18.765668
18.299983
18.30091
18.764632
19.39471
19.395999
17.617945
17.213095
17.615583
17.21519
17.740992
18.156994
18.157888
17.740179
17.618402
17.21485
17.215574
17.617613
17.106808
17.107511
13.533731
13.53404
13.761096
13.766844
13.275989
12.59626
12.595644
23.176313
13.767875
13.767738
11.871418
11.869756
20.944309
22.728861
23.016932
22.781741
22.733598
23.020886
23.070783
22.777042
21.706072
21.056835
21.679177
21.073761
21.926066
22.532504
22.570667
21.903393
21.70626
21.066003
21.074731
21.687888
20.083564
19.533271
20.075372
19.539084
20.261134
20.847652
20.85417
20.258961
20.084714
19.540481
19.540152
20.083423
19.368726
19.368092
13.433843
13.433816
12.47251
13.16824
12.469141
22.850227
13.645391
13.637858
13.16795
12.461677
12.467532
13.627809
13.635934
24.454149
24.803844
24.395027
11.995677
21.053062
24.471732
24.413007
24.765208
23.482919
23.526664
22.766547
23.018548
22.734616
23.692091
24.289231
24.233887
23.733759
23.494088
23.532193
22.767378
23.025344
22.739518
21.91166
22.564565
21.931888
22.535629
21.697661
21.091291
21.715389
21.079513
21.912635
22.564038
22.53925
21.927914
21.698129
21.085581
21.079147
21.710692
20.275851
20.872453
20.283027
20.862146
20.100963
19.564651
20.107433
19.559654
20.275185
20.866679
20.86165
20.277448
20.100281
19.559582
19.558972
20.101976
18.759645
18.298889
18.763368
18.295572
19.393061
19.388402
18.944396
18.944339
18.759002
18.294502
18.294939
18.758824
19.388111
19.387726
17.613949
17.214073
17.616736
17.211528
17.73577
18.151621
18.152129
17.735065
17.613333
17.209976
17.210917
17.612568
17.101985
17.102977
13.533203
13.532897
23.278891
13.767822
13.766257
13.275635
12.589891
12.592922
13.758349
13.764296
11.881378
20.952189
11.86809
20.945566
22.720465
23.006066
22.722147
22.776065
23.067762
23.026208
22.738268
21.68386
21.06282
21.681845
21.064492
21.906391
22.57125
22.536692
21.930542
21.690673
21.081491
21.068592
21.71161
20.084314
19.54034
20.082682
19.541961
20.261668
20.861085
20.850261
20.267976
20.086149
19.546375
19.54319
20.091429
19.374141
19.37141
13.432752
13.432377
12.459493
13.164848
12.451055
22.983239
13.623544
13.608931
13.164153
12.435073
12.447451
13.582121
13.60359
24.463551
24.805427
24.499736
12.000845
21.056864
24.439966
24.439469
24.784666
23.541851
23.540982
22.774655
22.770656
23.720164
24.257036
24.262753
23.703767
23.520835
23.503014
22.742448
22.76052
21.929343
22.570551
21.932113
22.566565
21.711885
21.08761
21.71424
21.086046
21.924339
22.540823
22.558132
21.910772
21.707614
21.07505
21.083307
21.695461
20.277058
20.868335
20.278313
20.8669
20.101433
19.559915
20.102665
19.558727
20.275421
20.857334
20.864516
20.270673
20.099966
19.554673
19.557623
20.095794
18.757771
18.294473
18.758883
18.293391
19.388367
19.387193
18.940428
18.756986
18.291156
18.292712
18.755083
19.383505
19.386174
17.611387
17.209771
17.612425
17.208739
17.73334
18.148399
18.149851
17.732166
17.610851
17.207421
17.208273
17.609762
17.099505
17.100287
13.531766
13.531823
13.757055
13.753405
22.997047
13.27543
12.581032
12.58333
22.915174
13.757442
13.752554
23.02604
11.870904
20.945974
11.868997
24.639203
24.852079
22.779829
23.070994
23.060766
22.766778
22.688064
23.03916
22.747407
21.700922
21.082966
21.71432
21.07303
21.907281
22.493302
22.543194
21.878784
21.690443
21.051986
21.066377
21.666666
20.086185
19.546432
20.091764
19.542251
20.258535
20.835314
20.847688
20.25023
20.082941
19.534434
19.539946
20.075535
19.363123
19.368195
13.426919
13.42581
12.430172
13.156368
12.411757
23.069851
13.574299
5.2583251
13.55161
13.154926
12.382277
12.404881
7.0990352
13.519494
13.543533
24.445597
24.39472
24.743726
12.001555
21.058569
24.563861
24.403875
23.489569
23.503874
22.740639
23.028934
22.741334
23.698059
24.375274
24.229752
23.793794
23.502534
23.583518
22.796525
23.092495
22.752392
21.915432
22.538708
21.908767
22.541878
21.70049
21.074003
21.693686
21.079939
21.922925
22.588831
22.552153
21.943277
21.707102
21.094908
21.084399
21.724031
20.274579
20.856488
20.270252
20.861986
20.099489
19.554531
20.095466
19.557888
20.277375
20.875136
20.865911
20.284151
20.102033
19.565095
19.559908
20.108293
18.757844
18.291215
18.755089
18.293785
19.383404
19.386605
18.759407
18.299085
18.295202
18.763607
19.393441
19.388505
17.612197
17.207582
17.609888
17.209776
17.735888
18.156136
18.152353
17.739421
17.613419
17.214192
17.21091
17.616882
17.10617
17.102944
13.53545
13.536403
13.767344
13.779677
23.896817
13.280853
12.596924
12.596634
13.782278
13.778586
23.928161
11.866881
20.94271
24.927633
11.867286
24.921299
22.693131
22.972152
23.054799
22.758375
22.73168
23.06063
22.764448
21.688781
21.052029
21.667916
21.061732
21.912
22.531336
22.556835
21.902447
21.692924
21.064096
21.064416
21.686692
20.077549
19.533771
20.074915
19.535035
20.254562
20.845601
20.844894
20.256787
20.078861
19.538456
19.535965
20.081268
19.366754
19.364316
13.41929
13.418713
12.373854
13.146063
12.346575
22.733971
13.512193
13.497225
13.145145
12.308635
12.337262
13.505445
13.493883
24.560274
24.915367
24.362536
24.702636
12.001922
21.058713
24.489848
24.368714
23.487235
23.579704
22.793791
23.089291
22.746718
23.678485
24.307233
24.198082
23.747448
23.486101
23.543454
22.772807
23.06366
22.743555
21.924282
22.586543
21.942349
22.548518
21.709639
21.095093
21.723464
21.089239
21.921881
22.568968
22.54532
21.933324
21.707615
21.092612
21.088214
21.71653
20.283318
20.875479
20.284775
20.871188
20.108057
19.56585
20.108968
19.565961
20.283061
20.874
20.870414
20.285317
20.107909
19.567656
19.566027
20.109939
18.765216
18.299874
18.764387
18.300925
19.394208
19.39453
18.950917
18.952249
18.765426
18.302276
18.301172
18.766693
19.396185
19.394641
17.618981
17.21499
17.617675
17.216421
17.741752
18.15934
18.158289
17.742664
17.619269
17.217494
17.216728
17.620141
17.109485
17.108747
13.542528
13.543093
13.776485
13.779973
23.097194
13.288515
12.630691
12.618476
13.792781
13.784225
11.876809
20.946719
24.754692
11.895315
22.72427
23.009941
23.014603
22.729821
22.784802
23.080727
23.028588
22.742767
21.689014
21.063135
21.683385
21.068209
21.911938
22.577575
22.541948
21.933896
21.695908
21.083331
21.0725
21.714545
20.085896
19.53925
20.081874
19.542599
20.263764
20.862526
20.85368
20.268296
20.087849
19.545412
19.543864
20.091395
19.372921
19.3718
13.415928
13.415502
12.299021
13.140665
12.237911
13.50746
13.734262
13.140233
12.250765
12.20367
21.726596
13.508861
13.931822
24.483976
24.831786
24.496811
11.98034
21.050301
24.407536
24.748557
24.508433
23.55045
23.547692
22.779392
23.069992
23.070061
22.778883
23.748852
24.235224
24.320313
23.706928
23.543182
23.512024
22.761322
22.772116
21.93809
22.575342
21.937835
22.574735
21.720902
21.09478
21.720344
21.095748
21.934717
22.560499
22.568735
21.930261
21.71822
21.091091
21.094405
21.714239
20.28709
20.875791
20.286392
20.876743
20.111457
19.568312
20.110871
19.568585
20.286366
20.872433
20.875643
20.283346
20.110784
19.565041
19.567974
20.107793
18.76701
18.302597
18.767111
18.302322
19.396781
19.396966
18.766411
18.299057
18.301719
18.763627
19.393445
19.396361
17.619836
17.217617
17.620328
17.21703
17.741835
18.156109
18.158705
17.739473
17.61926
17.214491
17.216484
17.616987
17.106561
17.108452
13.544438
13.54433
23.405244
13.796015
13.806217
13.290666
12.649285
12.644659
13.822758
13.810473
11.879781
20.950573
24.910651
24.848626
11.85941
22.784552
23.077614
23.068146
22.773158
22.640681
22.90706
23.058858
22.759203
21.699824
21.083843
21.716269
21.070002
21.904868
22.454439
22.549449
21.850773
21.686813
21.034299
21.061426
21.641683
20.082188
19.544575
20.090756
19.538304
20.253818
20.819501
20.842665
20.239248
20.078384
19.526958
19.536007
20.065627
19.356355
19.364453
13.412372
13.412067
12.256378
13.135667
12.257279
13.461108
13.434344
13.135327
12.241205
12.256135
13.374787
13.425792
22.127848
24.4649
24.810989
24.51519
11.989582
21.055856
24.401844
24.747545
24.406234
24.744558
23.548502
23.535501
22.77041
23.060011
23.067553
22.776017
23.711702
24.23463
24.235117
23.701422
23.517757
23.503308
22.742774
22.766609
21.93327
22.567023
21.932046
22.571208
21.715731
21.090754
21.715204
21.089877
21.931062
22.544825
22.564473
21.915252
21.714196
21.080348
21.08939
21.700322
20.280869
20.871885
20.282466
20.870719
20.105229
19.564044
20.106859
19.562601
20.280943
20.86256
20.870416
20.27602
20.105399
19.55967
19.563009
20.10102
18.762001
18.298253
18.762724
18.297952
19.392449
19.391115
18.948056
18.945864
18.762708
18.296871
18.298708
18.759472
19.388577
19.391576
17.616672
17.214035
17.6164
17.214565
17.739808
18.154251
18.155974
17.738641
17.61746
17.214417
17.215335
17.616541
17.107265
17.107485
13.544297
13.544544
23.412556
13.82708
13.842431
13.291501
12.635562
12.650052
22.487379
13.810263
13.846501
23.224018
26.34884
21.090197
11.997776
26.348978
14.713317
14.860996
14.862409
14.712031
13.001401
13.276391
21.059305
26.317523
12.002011
26.318859
14.706334
14.856034
14.707213
14.855139
13.000888
13.271633
21.057239
26.316314
12.001109
26.315014
14.703268
14.851996
14.703236
14.852027
13.000709
13.270119
26.316671
21.058371
12.001621
26.315383
14.706177
14.854486
14.705706
14.854968
13.006179
13.274508
21.05817
26.316684
12.001351
26.317605
14.705758
14.855031
14.706263
14.854505
13.009485
13.276239
21.053243
26.316069
11.991153
26.314724
14.702068
14.851067
14.7024
14.850726
13.008482
13.275116
21.051737
26.316061
11.993983
26.315814
14.702148
14.850243
14.70168
14.850709
13.011053
13.277964
21.051217
26.316151
11.982908
26.315226
14.708369
14.856314
14.707695
14.856989
13.020856
13.286187
26.31513
21.050813
11.981364
26.31471
14.710307
14.858988
14.710391
14.858898
13.028828
13.290472
21.054703
26.319131
11.990292
26.317256
14.708873
14.857307
14.708796
14.857393
13.031265
13.290776
20.974574
26.275816
11.874408
26.308347
20.955563
26.234565
11.89305
26.23654
15.127216
14.944413
14.946307
15.125454
15.131037
14.951191
14.949957
15.132318
14.635609
14.785908
14.787803
14.633851
13.706498
13.435693
14.639406
14.79274
14.791531
14.640599
13.439639
13.712812
12.90223
13.174777
14.117176
4.0675991
30.485858
13.178348
12.910064
28.079973
28.266876
21.050382
26.317043
11.981369
26.31873
15.196075
15.016575
15.01798
15.194804
15.191582
15.012359
15.013426
15.190533
13.803991
13.535804
14.709197
14.857013
14.708171
14.858066
13.53304
13.801039
13.273693
13.001303
20.947736
26.238186
11.869738
26.239064
20.94581
26.231413
11.871385
26.231855
15.135077
14.952519
15.133694
14.953856
15.139607
14.958437
14.95826
15.139785
14.643151
14.794038
14.641874
14.795342
13.71392
13.442932
14.64737
14.799817
14.799642
14.647547
13.446144
13.718369
12.911014
13.181408
27.547891
28.206424
13.184117
12.913708
28.630019
27.951719
21.051614
26.315392
11.994079
26.314944
15.188681
15.011371
15.010472
15.189564
15.185886
15.007422
15.007618
15.185699
13.800216
13.530901
14.703514
14.852077
14.703316
14.852278
13.528899
13.796833
13.269818
13.000361
20.945729
26.235604
11.868125
26.233497
26.233607
20.944398
11.869634
26.233034
15.139449
14.958379
15.139723
14.958112
15.135982
14.953821
14.954705
15.135084
14.647246
14.799762
14.647498
14.799501
13.718208
13.445562
14.643947
14.795269
14.796142
14.643087
13.44142
13.713073
12.9133
13.183164
28.660943
27.971006
13.178426
12.905479
28.446899
27.779311
21.053418
26.314497
11.995744
26.314863
15.185674
15.007348
15.007385
15.185632
15.187197
15.009384
15.008891
15.187697
13.796797
13.529029
14.704739
14.853986
14.705215
14.853503
13.531099
13.799078
13.272559
13.005379
20.946161
26.237457
11.86874
26.234775
26.234946
20.951461
11.887692
26.236635
15.133359
14.952947
15.134195
14.952125
15.131364
14.950312
14.950146
15.131544
14.641437
14.794407
14.642237
14.793595
13.712104
13.438279
14.639439
14.791759
14.791611
14.639565
13.434635
13.707934
12.904074
13.174836
29.056634
28.157034
13.170238
12.896164
28.437475
28.082946
21.052118
26.314868
11.986476
26.316779
15.188727
15.009897
15.010394
15.188219
15.189579
15.010909
15.011227
15.189248
13.799594
13.532811
14.706971
14.855467
14.70668
14.855773
13.534283
13.801112
13.276415
13.009478
20.946122
26.237388
11.868863
26.238357
20.950899
26.232451
11.882882
26.232696
15.132355
14.950638
15.131888
14.951085
15.135099
14.954215
14.953753
15.135569
14.640232
14.792061
14.639841
14.792482
13.707868
13.433948
14.642669
14.795495
14.795047
14.643098
13.433712
13.708632
12.895412
13.168853
29.009357
28.424241
13.167303
12.890432
28.032403
28.980991
21.049554
26.316061
11.986084
26.314686
15.188219
15.010456
15.009913
15.18878
15.185468
15.006791
15.007203
15.185057
13.800873
13.533808
14.703169
14.851439
14.702766
14.851848
13.532364
13.79852
13.275302
13.008542
26.234236
20.949024
11.879164
26.235172
20.945207
26.231742
11.870856
26.231099
15.136402
14.95464
15.136002
14.95503
15.137538
14.956001
14.956102
15.137446
14.64385
14.795908
14.643492
14.796284
13.708684
13.43329
14.644742
14.797169
14.79728
14.644616
13.431348
13.707354
12.889536
13.166006
28.31774
28.594769
13.162466
12.880446
27.90043
28.250135
26.314987
21.051306
11.993993
26.315227
15.184333
15.006417
15.006071
15.184682
15.183293
15.00521
15.005085
15.183408
13.798291
13.531858
14.701223
14.849944
14.701373
14.849807
13.532232
13.798445
13.276076
13.010275
26.231773
20.94607
11.871839
26.231179
20.95595
26.236934
11.892223
26.235208
15.136812
14.955754
15.137204
14.955362
15.133607
14.951616
14.952195
15.133024
14.643957
14.796916
14.644353
14.796524
13.706783
13.428982
14.640855
14.79283
14.793403
14.640281
13.423598
13.701
12.87864
13.159093
27.406064
28.785279
13.152045
12.863558
27.454865
28.860996
26.317629
21.053076
11.985672
26.315903
15.184158
15.005502
15.005965
15.183695
15.188241
15.010848
15.009999
15.189097
13.798893
13.53379
14.706095
14.855545
14.70693
14.854701
13.538386
13.804655
13.283099
13.019547
20.953564
26.234768
11.891897
26.233883
20.955097
26.234253
11.895439
26.234633
15.132206
14.951143
15.132552
14.950791
15.132099
14.950769
14.950617
15.132263
14.639437
14.792358
14.639803
14.792002
13.700262
13.420728
14.639095
14.791899
14.791763
14.639208
13.417787
13.697589
12.861423
13.148172
27.987453
28.678864
13.143526
12.849586
28.110556
28.093581
21.049694
26.31673
11.980058
26.314854
15.190545
15.011619
15.012292
15.189872
15.192386
15.014247
15.014155
15.192472
13.805504
13.54111
14.71028
14.858984
14.710382
14.858885
13.543936
13.809007
13.289581
13.028161
20.953048
26.234855
11.893989
26.235373
20.945119
26.236772
11.868821
26.236366
15.132602
14.950932
15.132438
14.951088
15.132644
14.950985
14.951153
15.132454
14.639455
14.792049
14.639334
14.792192
13.697436
13.416703
14.639419
14.792067
14.792232
14.639246
13.414638
13.695906
12.8483
13.141537
28.815837
28.868995
13.138749
12.839231
28.333595
28.50965
21.058304
26.316196
12.000988
26.315356
15.192344
15.014242
15.01414
15.192459
15.190788
15.012502
15.012719
15.190536
13.809141
13.544487
14.709056
14.85738
14.708867
14.857578
13.544067
13.808551
13.29062
13.031071
20.953625
26.236822
11.883541
26.237541
20.975117
26.275489
11.877599
26.313589
15.132024
14.950791
15.132234
14.950612
15.131413
14.948405
14.950139
15.129811
14.638862
14.791877
14.639049
14.7917
13.695563
13.413198
14.638133
14.789365
14.791102
14.63653
13.411174
13.692479
12.838602
13.136576
28.712651
28.988654
13.134596
12.830428
26.804825
28.596073
21.089133
26.35038
11.994523
26.349818
15.190476
15.012418
15.012504
15.190419
15.192141
15.012695
15.014234
15.190737
13.808527
13.543963
14.710211
14.857379
14.858928
14.708789
13.544469
13.808122
13.291644
13.029395
22.119743
21.881184
22.478619
22.259516
22.339166
22.516905
21.862957
22.05529
20.429724
20.241223
20.820864
20.607023
20.624469
20.827019
20.237592
20.414716
19.073439
19.352961
19.204333
19.210978
19.355038
19.067962
26.619903
26.647421
21.056955
26.315027
11.973182
26.310419
26.63838
23.922314
23.710985
23.922912
24.252964
24.090946
24.119612
24.111828
24.243869
24.112648
23.714116
23.90632
23.927807
17.873572
17.745128
17.874535
18.161628
18.010172
18.012457
18.011445
18.161506
18.012384
17.745311
17.872601
17.87467
17.112944
16.995488
16.995677
16.994066
17.112561
16.995062
16.884303
15.797964
15.915682
15.915404
15.798305
14.540252
14.388974
14.389615
14.538968
14.713123
14.861351
14.862186
14.712343
12.841541
12.550483
13.276311
13.003235
12.549412
12.842548
21.927255
22.154933
22.3444
22.552155
21.920228
22.132332
22.371607
22.564672
20.27087
20.459431
20.646804
20.859674
20.268149
20.451028
20.655778
20.863066
19.092998
19.22495
19.374408
19.086603
19.231505
19.376683
26.629917
26.628148
21.055534
26.31625
11.996712
26.316284
26.628162
23.707678
23.917147
23.920551
24.201601
24.275034
24.14164
23.733726
23.999332
23.948688
24.111415
24.244592
24.111957
17.738144
17.8669
17.867676
18.007272
18.155743
18.006518
17.738915
17.869217
17.868465
18.004902
18.154901
18.005708
16.875044
16.87667
16.988832
17.105666
16.875824
16.988025
16.986595
17.104913
16.987274
15.789782
15.522061
15.907977
15.790586
15.90718
14.533562
14.383842
14.534422
14.382986
14.705546
14.853643
14.854338
14.704861
12.840484
12.562447
13.271067
13.000078
12.564977
12.839767
21.902095
22.116242
22.351096
22.535504
21.908289
22.136602
22.325736
22.522994
20.264576
20.448461
20.649528
20.854775
20.266397
20.454256
20.643132
20.852266
19.088807
19.230618
19.375757
19.09241
19.226854
19.374421
26.631233
21.05324
26.317765
11.99103
26.317634
26.62852
23.756463
23.999977
23.980003
24.10822
24.269175
24.134915
23.725935
23.917007
23.941373
24.208949
24.327062
24.182809
18.944817
17.735837
17.865429
17.865303
18.00308
18.152244
18.003158
17.735729
17.865125
17.865194
18.003391
18.152359
18.003271
16.872854
16.985021
17.10266
16.872743
16.985063
16.985356
17.102771
16.985179
15.787646
15.519991
15.519774
15.904935
15.78751
15.905074
14.530578
14.379959
14.53054
14.379994
14.7034
14.852381
14.852159
14.703623
12.841137
12.580755
13.270443
13.002326
12.582598
12.843462
21.897081
22.098665
22.364208
22.553775
21.911189
22.144673
22.3094
22.529775
20.25074
20.431951
20.639288
20.844599
20.25424
20.443348
20.625993
20.838979
19.076824
19.219766
19.363993
19.081824
19.21442
19.361984
26.317743
21.056645
11.994162
26.316763
26.630051
23.725217
23.985569
23.941633
24.071605
24.221785
24.091232
23.69056
23.882504
23.901852
24.18735
24.273279
24.136756
18.949407
18.948101
17.739762
17.870055
17.869269
18.005419
18.155429
18.006336
17.738894
17.867477
17.86836
18.008118
18.156429
18.007288
16.987565
17.105856
16.87593
16.98827
16.989508
17.106562
16.988949
15.791179
15.523531
15.523166
15.908144
15.790671
15.908671
14.533498
14.38243
14.533032
14.382889
14.70659
14.855714
14.855392
14.706904
12.848525
12.593411
13.27509
13.008257
12.594438
12.851172
21.920708
22.149949
22.327702
22.550118
21.90957
22.113968
22.368981
22.567013
20.257599
20.446416
20.630368
20.844624
20.2543
20.435664
20.642821
20.84977
19.082498
19.215772
19.363694
19.078014
19.220618
19.36554
26.629669
26.315485
21.054407
11.996152
26.315381
26.63008
23.677084
23.890988
23.887602
24.138078
24.224403
24.093855
23.693303
23.942954
23.9045
24.082352
24.208023
24.076829
18.947472
17.737232
17.865804
17.866668
18.006805
18.154781
18.005684
17.738232
17.868778
17.867703
18.003725
18.153668
18.004612
16.876088
16.98845
17.105202
16.875287
16.987623
16.986046
17.104347
16.986792
15.789446
15.520887
15.521512
15.907578
15.790113
15.906893
14.533154
14.383088
14.533636
14.382634
14.705207
14.853358
14.853934
14.704648
12.853082
12.595481
13.27605
13.009091
12.594738
12.853141
21.89327
22.115173
22.324165
22.514253
21.89245
22.112797
22.326616
22.514889
20.258087
20.444456
20.63731
20.844014
20.257539
20.442835
20.638933
20.844583
19.086193
19.222549
19.368912
19.084629
19.224135
19.369448
26.630391
26.628119
21.047333
26.317207
11.978163
26.317555
26.625563
23.761907
23.969281
23.98791
24.152698
24.317678
24.176663
23.755602
23.958391
23.976737
24.17094
24.342939
24.194235
18.944342
17.734382
17.863392
17.86389
18.002448
18.151389
18.002259
17.734732
17.864443
17.864241
18.001389
18.151031
18.001904
16.871155
16.87179
16.984156
17.101493
16.8715
16.983876
16.983128
17.101148
16.983532
15.785816
15.903607
15.786156
15.518215
15.903263
14.529572
14.379512
14.529894
14.379207
14.701769
14.850146
14.850416
14.701513
12.853272
12.58709
13.275154
13.008643
12.585732
12.854229
21.928299
22.140913
22.37288
22.575574
21.933081
22.155833
22.357879
22.571411
20.265423
20.448186
20.651798
20.861281
20.267596
20.455164
20.643947
20.858196
19.085759
19.227455
19.373462
19.089106
19.223874
19.372127
26.630448
26.629323
21.052395
26.316117
11.994218
26.316003
23.689617
23.896396
23.904491
24.122007
24.253744
24.114663
23.700034
23.924313
23.917759
24.086565
24.234802
24.098538
17.733549
17.864044
17.862931
17.999505
18.148944
17.999973
17.732744
17.861643
17.862109
18.001957
18.149804
18.000814
16.871073
16.982172
17.100136
16.870358
16.982631
16.984297
17.100873
16.983355
15.786341
15.903063
15.785687
15.517435
15.517897
15.903725
14.529769
14.379076
14.529296
14.379559
14.702767
14.852083
14.851331
14.70351
12.857903
12.582214
13.278832
13.014481
12.585818
12.860523
21.898482
22.129209
22.304124
22.513712
21.8883
22.095328
22.346871
22.534515
20.25148
20.438472
20.627936
20.836831
20.250199
20.434056
20.633677
20.839636
19.079637
19.216608
19.362389
19.078972
19.21742
19.362777
26.628348
26.625878
21.055683
26.316404
11.992547
26.314404
23.711469
23.884733
23.925178
24.223782
24.326872
24.182734
23.757579
24.017257
23.980386
24.068724
24.251858
24.117725
17.741171
17.870944
17.870659
18.007766
18.157448
18.008303
17.740777
17.869732
17.870283
18.008926
18.157784
18.008659
16.98935
17.10759
16.989979
16.877627
16.990845
17.108063
16.990464
15.792909
15.909823
15.792353
15.523745
15.910376
14.535955
14.38507
14.53528
14.385753
14.708944
14.858035
14.857563
14.70942
12.869516
12.605027
13.287058
13.024495
12.609655
12.873688
21.898505
22.121202
22.327115
22.521644
21.896566
22.11528
22.333076
22.523413
20.259514
20.446813
20.637039
20.845546
20.258091
20.44235
20.641712
20.847174
19.086165
19.221356
19.368479
19.083417
19.224293
19.369542
26.625464
26.62724
21.055437
26.314823
11.994315
26.315293
26.625157
23.752627
23.975651
23.971182
24.165687
24.307052
24.167294
23.750725
23.968581
23.969347
24.17492
24.305906
24.168161
17.74279
17.871992
17.872358
18.01045
18.159759
18.010552
17.742935
17.872407
17.872488
18.010073
18.15966
18.010436
16.879626
16.991951
17.10956
16.991902
16.879575
16.991313
17.10936
16.991691
15.79394
15.911626
15.794163
15.911395
14.53792
14.387899
14.537999
14.387842
14.710138
14.858466
14.858719
14.709899
12.878835
12.637581
13.290598
13.03019
12.640385
12.881019
21.929175
22.142166
22.375741
22.576065
21.934491
22.158341
22.360659
22.572236
20.262557
20.444391
20.651873
20.860676
20.265858
20.454866
20.640318
20.856315
19.082035
19.22518
19.370543
19.086686
19.220041
19.368546
26.623619
26.627522
21.048561
26.31825
11.976457
26.315521
26.626421
23.784972
23.977713
24.018594
24.149918
24.362759
24.212578
23.774721
23.954207
24.003842
24.181126
24.390198
24.233135
17.738548
17.868366
17.867913
18.006223
18.154867
18.005787
17.738499
17.868285
17.867899
18.006179
18.154794
18.005755
16.876753
16.876544
16.988597
17.106007
16.87649
16.988487
16.989242
17.106204
16.988705
15.792287
15.524948
15.909285
15.792
15.909565
14.536535
14.38659
14.536468
14.386668
14.709109
14.858067
14.857654
14.709483
12.883752
12.651114
13.290968
13.031915
12.651357
12.885719
26.572181
26.239606
20.949855
11.863576
26.235939
26.359302
25.256208
24.672815
24.831065
25.114703
20.94815
26.23688
11.87801
26.238688
26.568389
26.57102
25.304336
24.738912
24.86719
25.164887
22.675812
22.723372
23.030097
22.744857
23.052829
22.759893
21.463878
21.665135
21.037068
21.233515
21.262136
21.044524
21.650712
21.429174
22.130636
21.911034
22.543811
22.34158
22.350596
22.553647
21.911474
22.129656
21.472151
21.692149
21.067969
21.282432
21.269507
21.063568
21.694332
21.483583
19.899695
20.066591
19.523811
19.704
19.71371
19.526098
20.063452
19.889206
20.434206
20.252986
20.84843
20.643095
20.629542
20.843881
20.257268
20.447337
19.902821
20.077078
19.53713
19.727129
19.716486
19.533684
20.08117
19.914136
19.075322
19.365154
19.221909
19.213033
19.361912
19.083673
16.835516
16.833495
16.835348
16.367231
16.237866
16.238578
16.366501
16.837455
16.840354
16.838781
16.369339
16.241924
16.240672
16.370623
15.739451
15.468527
15.4682
15.857719
15.858458
15.73879
15.31385
15.467585
15.467987
15.312062
15.127922
14.947441
15.128422
14.946961
15.741574
15.469077
15.861758
15.860571
15.742728
15.12993
14.948057
15.129057
14.948895
15.31744
15.472216
15.47096
15.318706
14.458919
14.303713
14.304804
14.45717
14.636325
14.78901
14.788507
14.636856
13.926526
14.106511
14.105033
13.436484
13.709358
13.926839
14.638362
14.789642
14.790482
14.637512
14.4628
14.309681
14.308539
14.463981
13.438642
13.709973
13.930077
14.109453
14.108317
13.927371
12.751574
12.486705
13.175392
12.906552
12.491636
12.752009
13.665551
22.666328
27.305579
28.579082
13.671745
22.717676
22.880039
13.177413
12.907339
12.754582
12.497819
12.752371
12.497251
27.806098
28.163802
22.952373
13.669629
22.827176
13.670069
22.990871
22.913626
25.201163
24.804794
24.436999
24.769767
24.420876
25.252463
26.620822
21.055426
26.314647
11.991057
26.313781
26.625997
26.628413
25.295324
24.958053
24.597781
24.868914
24.520558
25.392131
23.338089
23.515169
23.335495
23.05303
23.050084
23.516907
23.325498
23.336254
23.049612
22.759147
22.763402
23.946201
23.772096
23.994573
24.40376
24.253451
24.250414
24.138392
24.337634
24.19573
23.806662
24.041031
24.038551
23.353555
23.566626
23.378832
23.099452
23.09913
23.06553
23.593257
23.400016
23.399154
22.802393
23.084487
22.792054
22.155324
21.9331
22.557378
22.351818
22.368589
22.561951
21.929245
22.138612
21.507844
21.717326
21.092247
21.295021
21.306742
21.094646
21.713715
21.494577
22.161175
21.946198
22.594332
22.389289
22.375788
22.586587
21.949061
22.170894
21.510816
21.727815
21.10022
21.311285
21.309061
21.099555
21.72983
21.514123
20.472904
20.287067
20.874
20.660402
20.668267
20.876035
20.28605
20.466229
19.941107
20.111563
19.568599
19.75059
19.754629
19.569051
20.11077
19.936744
20.473502
20.288017
20.880132
20.669635
20.669184
20.879682
20.288118
20.473661
19.941006
20.111883
19.567856
19.753737
19.75435
19.568014
20.111916
19.940578
18.595788
18.768652
18.596669
18.304366
18.434684
18.437355
18.436441
18.304298
18.43734
18.768827
18.593713
18.596583
19.11323
19.397185
19.249001
19.250939
19.397544
19.112213
18.951695
18.594853
18.766035
18.594142
18.300811
18.433485
18.434052
18.43545
18.301479
18.43466
18.76555
18.593084
18.593606
19.112577
19.395981
19.249288
19.250348
19.3962
19.111377
17.486669
17.622744
17.487653
17.220673
17.350601
17.35224
17.351083
17.220469
17.352047
17.622975
17.486135
17.487874
17.872458
17.742011
17.871468
18.157834
18.00796
18.00864
18.010357
18.158558
18.00941
17.74115
17.869927
17.870647
17.485502
17.619561
17.484412
17.21617
17.346954
17.347818
17.349911
17.217182
17.348797
17.61866
17.482638
17.483468
16.418767
16.291669
16.29133
16.419096
16.879704
17.108244
16.989701
16.990654
16.992885
17.109283
16.991717
16.87859
16.415246
16.286673
16.287834
16.414099
15.380039
15.531589
15.531513
15.378743
15.195824
15.01681
15.017691
15.194944
15.794723
15.528441
15.910923
15.912083
15.79356
15.192696
15.015711
15.193843
15.014556
15.37524
15.524871
15.525995
15.374156
14.019803
14.195708
14.193837
13.53581
13.804502
14.017718
14.710269
14.860297
14.711344
14.859175
14.536357
14.384772
14.535359
14.385758
13.533818
13.803666
14.013765
14.188702
14.189657
14.016745
13.746974
23.101416
13.73762
13.274441
13.002787
12.840875
12.555628
12.842163
12.55364
22.960129
13.713367
13.712746
20.947035
26.235506
11.871601
26.233222
26.574764
25.314909
24.85223
25.292251
24.882476
20.946261
26.231574
11.871867
26.232175
26.566113
26.566384
25.262155
24.844477
24.839689
25.26824
22.754697
22.769563
22.77917
22.783287
21.709715
21.500558
21.28588
21.079057
21.703851
21.486823
21.297893
21.08283
22.159061
21.937219
22.574187
22.36332
22.376057
22.578463
21.93351
22.147253
21.503157
21.71809
21.085454
21.292871
21.300044
21.087635
21.71476
21.494851
20.094372
19.924942
19.730494
19.54673
20.091778
19.917607
19.737592
19.549067
20.460597
20.273943
20.865324
20.652729
20.657084
20.867174
20.272858
20.456963
19.925932
20.09733
19.551484
19.736947
19.738569
19.551962
20.096433
19.923914
19.093983
19.379217
19.231723
19.232487
19.379596
19.093419
16.845282
16.842051
16.843736
16.376937
16.246601
16.375419
16.248087
16.848214
16.848503
16.379942
16.251417
16.251053
16.380301
15.748382
15.477389
15.476249
15.866162
15.747006
15.867573
15.321439
15.473578
15.320069
15.474953
15.13638
14.956235
15.137531
14.955118
15.751237
15.478311
15.870877
15.870479
15.751638
15.479377
15.13917
14.957152
15.138473
14.957832
15.325862
15.479511
15.326009
14.466493
14.31089
14.465237
14.312098
14.644356
14.797663
14.796573
14.645423
13.931176
14.110652
14.111848
13.443925
13.716872
13.934187
14.646955
14.798557
14.799223
14.6463
14.470653
14.316234
14.316072
14.470833
13.445905
13.717562
13.93585
14.115959
14.115794
13.934914
12.755445
12.498515
13.182311
12.913267
12.49809
12.757591
13.669551
23.020851
28.566528
28.533543
13.67027
23.123764
23.0989
13.183989
12.913692
12.757223
12.495924
12.757905
12.496493
28.301931
27.967277
13.67073
13.670321
22.997229
23.053344
25.202511
24.793109
24.450497
25.220447
24.767145
24.420596
26.629373
21.052046
26.315943
11.994113
26.316134
26.628927
26.629127
25.2461
24.794587
24.438996
24.802465
24.446096
25.238299
23.511039
23.322126
23.330938
23.062354
23.534659
23.380046
23.352077
22.773814
23.044107
22.758274
23.923442
23.70791
23.92637
24.256571
24.108388
24.118273
24.120149
24.262863
24.123727
23.704467
23.914544
23.921849
23.32142
23.506218
23.321934
23.033038
23.03203
23.503912
23.320505
23.320674
23.031423
22.744178
23.0317
22.743769
21.927508
22.138027
22.382055
22.570967
21.935865
22.165051
22.350449
22.557477
21.711598
21.493998
21.308436
21.093193
21.718693
21.510772
21.294099
21.088805
22.133172
21.913853
22.54299
22.348081
22.345591
22.542274
21.914472
22.135261
21.490081
21.699111
21.079728
21.290346
21.290585
21.079865
21.699534
21.490375
20.281576
20.464085
20.667805
20.874044
20.284052
20.472067
20.658643
20.870278
20.106144
19.933988
19.752767
19.565248
20.108328
19.939493
19.747833
19.563684
20.46188
20.275906
20.862076
20.654903
20.656173
20.862342
20.275427
20.460438
19.932366
20.10102
19.559264
19.744744
19.746352
19.559775
20.100515
19.930746
18.762482
18.589643
18.590637
18.432828
18.298754
18.432023
18.763513
18.592435
18.591604
18.430162
18.297873
18.431102
19.107283
19.248551
19.393579
19.110685
19.244852
19.39216
18.94522
18.588755
18.759759
18.588077
18.295176
18.428108
18.428273
18.42932
18.295565
18.428674
18.759325
18.587499
18.587662
19.106202
19.388052
19.242206
19.243688
19.388552
19.10478
17.615602
17.479633
17.480346
17.346153
17.21366
17.34538
17.616362
17.481861
17.481099
17.343931
17.212911
17.344631
17.86621
17.736212
17.865671
18.152334
18.003095
18.003262
18.004183
18.15271
18.003624
17.735868
17.865148
17.865318
17.47901
17.613728
17.47852
17.21083
17.342344
17.342518
17.343322
17.211152
17.342843
17.613391
17.478016
17.478189
16.410463
16.283766
16.411245
16.282972
16.873286
17.10285
16.985074
16.985249
16.986015
17.103169
16.985562
16.872961
16.408749
16.280918
16.281237
16.408437
15.372237
15.523837
15.522898
15.373152
15.187893
15.008973
15.009669
15.18721
15.788049
15.52073
15.905141
15.905457
15.787728
15.1862
15.008395
15.186643
15.007942
15.369307
15.519706
15.519915
15.369099
14.012845
14.1878
14.18697
13.530307
13.798152
14.010565
14.703839
14.853062
14.704289
14.852606
14.530804
14.380034
14.530613
14.380228
13.529086
13.79765
14.009071
14.184154
14.184329
14.010009
13.719112
23.02009
13.720602
13.269959
12.999984
12.840603
12.574237
12.83979
12.571882
23.069366
13.729284
13.727381
26.569175
20.95217
26.234592
11.881278
26.232045
25.133399
24.799061
25.244332
24.69506
26.234987
20.944862
11.867769
26.23366
26.568591
26.566451
25.259303
24.890989
24.819495
25.321228
22.736162
22.720456
23.064514
22.769787
22.747623
21.688407
21.477088
21.287406
21.072867
21.6934
21.488321
21.277906
21.069972
22.121597
21.912513
22.563196
22.367272
22.332586
22.545399
21.920163
22.147656
21.47911
21.695822
21.072325
21.284343
21.279154
21.071067
21.701245
21.487825
20.089158
19.917548
19.73542
19.547637
20.090842
19.922179
19.731052
19.546234
20.447895
20.261932
20.852493
20.64182
20.642862
20.852021
20.261101
20.445769
19.916494
20.086103
19.541291
19.725951
19.729924
19.542612
20.085064
19.912733
19.087608
19.369403
19.221517
19.225651
19.37075
19.083507
16.846928
16.848158
16.847627
16.379031
16.250824
16.379665
16.250205
16.844192
16.843136
16.376423
16.246622
16.247632
16.375402
15.750737
15.47792
15.478571
15.870469
15.751272
15.479075
15.869915
15.325606
15.4794
15.325914
15.138993
14.957073
15.138388
14.957666
15.748378
15.477155
15.866546
15.867504
15.747437
15.474459
15.136853
14.956362
15.137665
14.955563
15.322002
15.475395
15.321081
14.470549
14.31618
14.470791
14.315929
14.64682
14.798479
14.799064
14.646247
13.935737
14.115908
14.11566
13.444986
13.716658
13.934346
14.644781
14.797778
14.796989
14.645558
14.467299
14.311804
14.312658
14.466449
13.442442
13.715868
13.931015
14.111521
14.112382
13.933615
12.756401
12.497102
13.182461
12.910817
12.499254
12.753065
23.227607
13.678584
23.352057
27.9974
28.212802
13.652414
23.709299
23.11809
23.156131
13.179577
12.909581
12.747943
12.484801
12.7521
12.487131
28.712224
28.712555
13.661223
23.249279
13.665101
22.913406
23.243464
25.304976
24.790606
24.445922
25.220323
24.868678
24.513522
26.629234
21.056552
26.315865
12.000243
26.31731
26.628589
26.630258
25.221624
24.750495
24.40095
24.789322
24.442437
25.190778
23.55015
23.369651
23.361748
23.040144
23.053295
23.526383
23.327306
23.343337
22.764586
23.06695
22.774559
23.978944
23.71998
23.935768
24.224032
24.073982
24.091495
24.182015
24.264573
24.129682
23.688661
23.88342
23.900744
23.359557
23.520027
23.336598
23.492716
23.299561
23.313214
23.027246
22.742431
23.046273
22.757546
21.929663
22.151416
22.353998
22.561674
21.926378
22.140425
22.368438
22.569364
21.711768
21.498164
21.292695
21.084513
21.709295
21.493325
21.296403
21.085609
22.1477
21.921507
22.542613
22.339519
22.363945
22.554889
21.915872
22.12893
21.496216
21.705237
21.081106
21.289647
21.29488
21.082607
21.701053
21.488723
20.277368
20.462672
20.655986
20.865728
20.276927
20.461257
20.657752
20.866581
20.101972
19.931889
19.744998
19.55965
20.101607
19.931088
19.745682
19.559878
20.462193
20.276595
20.863357
20.655802
20.657096
20.864359
20.276418
20.461577
19.931728
20.101472
19.560016
19.746185
19.745579
19.559844
20.101431
19.93217
18.759465
18.587879
18.58778
18.428121
18.295104
18.42823
18.759328
18.587525
18.587647
18.42846
18.295223
18.428356
19.105271
19.242309
19.388311
19.104856
19.242773
19.388511
18.945439
18.587962
18.759734
18.588101
18.295952
18.429598
18.429037
18.428558
18.295621
18.428719
18.76002
18.588969
18.588406
19.10529
19.388767
19.243619
19.242773
19.38856
19.106166
17.613345
17.478279
17.478132
17.342298
17.21065
17.342345
17.613238
17.477975
17.478025
17.342607
17.21076
17.342453
17.865583
17.736383
17.865813
18.153138
18.004656
18.004102
18.003532
18.152795
18.003746
17.736762
17.866733
17.86618
17.478474
17.613928
17.47875
17.211867
17.344068
17.343515
17.342815
17.211447
17.343105
17.614317
17.479703
17.47915
16.408388
16.280715
16.408253
16.280847
16.873618
17.103914
16.986912
16.986361
16.985599
17.103487
16.985927
16.874056
16.40926
16.28219
16.281725
16.409726
15.369037
15.519621
15.519648
15.369012
15.185816
15.007749
15.007522
15.186046
15.788559
15.520291
15.906453
15.905988
15.78902
15.521121
15.186745
15.008059
15.186358
15.008444
15.370492
15.521627
15.370987
14.009002
14.184097
14.18415
13.529284
13.79732
14.009435
14.704304
14.852686
14.703928
14.853064
14.532071
14.381949
14.532545
14.381479
13.530554
13.797673
14.011085
14.186192
14.185712
14.00976
13.737017
23.10698
13.740523
13.271935
13.003023
12.847493
12.589562
12.844409
12.587954
23.06497
13.753432
13.750906
26.573576
26.569028
20.952189
26.23838
11.880887
26.236786
25.213713
24.87182
25.305886
24.777636
26.234611
20.949292
11.885878
26.235026
26.574018
26.573308
25.11692
24.661081
24.660916
25.110684
22.759901
22.731932
23.020123
22.96222
22.682178
22.675204
21.680669
21.458289
21.281531
21.064113
21.692375
21.484953
21.259299
21.057406
22.085495
21.86714
22.486295
22.307697
22.293827
22.480217
21.870695
22.097063
21.450768
21.655847
21.045234
21.258479
21.25313
21.043621
21.658766
21.457258
20.075472
19.902934
19.72395
19.535635
20.078531
19.910635
19.717033
19.53344
20.429113
20.244159
20.828978
20.625655
20.622578
20.827643
20.244949
20.431707
19.901192
20.069858
19.530091
19.716913
19.715512
19.529655
20.070532
19.902812
19.075808
19.358952
19.214257
19.213318
19.358571
19.076639
16.838916
16.840935
16.839872
16.371372
16.24354
16.372274
16.242655
16.837374
16.837438
16.369911
16.241256
16.241218
16.369957
15.74379
15.863643
15.744595
15.473533
15.472661
15.862818
15.319313
15.32017
15.132619
14.950807
15.132019
14.951397
15.742469
15.470833
15.86149
15.86147
15.742483
15.131378
14.95039
15.131598
14.950168
15.317278
15.470819
15.470613
15.317468
14.464813
14.31096
14.465607
14.310162
14.640727
14.792292
14.792877
14.640146
13.930117
14.110668
14.109858
13.437319
13.70956
13.92782
14.63949
14.791875
14.791646
14.639727
14.46278
14.3081
14.308038
14.462879
13.435104
13.708935
13.926635
14.107626
14.107607
13.927292
12.746344
12.480197
13.173706
12.900127
12.479005
12.741525
23.28507
13.655834
22.980652
29.060742
28.157908
13.65451
22.99119
23.286382
23.116197
13.170918
12.89898
12.736115
12.474779
12.740025
12.475872
28.464005
28.090828
13.648525
23.114088
23.179787
13.64986
22.998261
23.115195
25.24008
24.742983
24.396378
25.180707
24.803145
24.453016
26.626026
26.313734
21.052515
11.987056
26.314956
26.626014
26.629257
25.328566
24.900842
24.549623
24.904459
24.556134
25.329602
23.52523
23.37085
23.342222
23.016694
23.495046
23.300301
23.315848
23.076992
23.03025
22.745899
23.052703
22.764876
24.014504
23.79882
24.023718
24.3637
24.188203
24.218791
24.218316
24.371444
24.227276
23.790115
23.986348
24.014912
23.392179
23.590596
23.400006
23.582362
23.371576
23.392464
23.09566
22.801276
23.10221
22.806825
21.930821
22.162277
22.340845
22.546537
21.920962
22.130406
22.378585
22.562948
21.714559
21.50933
21.291373
21.086203
21.706312
21.490448
21.307272
21.091084
22.171836
21.952264
22.594445
22.379483
22.390004
22.599196
21.949575
22.163128
21.514741
21.732315
21.099877
21.307667
21.311733
21.101127
21.730113
21.509857
20.283267
20.471636
20.65737
20.868251
20.280566
20.463065
20.667234
20.872398
20.107729
19.939416
19.747361
19.563278
20.105335
19.933419
19.752788
19.565044
20.473814
20.2884
20.87971
20.667289
20.669805
20.880768
20.287698
20.471609
19.940842
20.112196
19.567707
19.752574
19.754056
19.568195
20.111565
19.939232
18.763817
18.593118
18.592075
18.430426
18.298308
18.431465
18.762589
18.589822
18.590907
18.433558
18.29936
18.432574
19.111047
19.244618
19.391852
19.107115
19.248844
19.393475
18.951637
18.951252
18.593824
18.765894
18.594033
18.30076
18.433261
18.434075
18.434221
18.301085
18.434412
18.765529
18.592827
18.593683
19.111918
19.395878
19.248576
19.249792
19.396335
19.110763
17.617237
17.482669
17.481995
17.344755
17.213844
17.345526
17.616406
17.480403
17.481199
17.346932
17.214578
17.34629
17.87057
17.741113
17.870702
18.157736
18.007802
18.00851
18.008666
18.158048
18.008812
17.74083
17.869732
17.87041
17.483099
17.618511
17.483198
17.215404
17.346594
17.34717
17.347339
17.215655
17.347428
17.618237
17.482333
17.482932
16.41216
16.28398
16.411555
16.284564
16.877508
17.107341
16.98917
16.877278
16.989683
16.989853
17.107585
16.989919
16.412986
16.285144
16.28535
16.412775
15.37202
15.522165
15.522694
15.371509
15.189176
15.011166
15.010831
15.189519
15.791836
15.523741
15.909173
15.90936
15.791654
15.523239
15.189739
15.011357
15.189716
15.011381
15.372871
15.523593
15.372528
14.011576
14.186681
14.187147
13.533313
13.800886
14.012787
14.707109
14.855899
14.707085
14.855921
14.534304
14.383458
14.534031
14.383711
13.534226
13.801134
14.01283
14.187803
14.188031
14.012999
13.762287
23.115644
13.764105
13.276265
13.00875
12.852957
12.596182
12.851847
12.595966
13.768152
13.768148
26.567087
26.573774
20.945465
26.234815
11.870757
26.232799
26.574563
25.329588
24.864835
25.300485
24.902232
20.945421
26.233672
11.86885
26.232975
26.568817
25.254238
24.773996
24.826139
25.19899
22.755629
22.774709
23.070723
23.037665
22.749056
22.764599
21.700892
21.490218
21.266662
21.064007
21.691298
21.467117
21.286449
21.070026
22.14892
21.920736
22.546541
22.334287
22.367002
22.560302
21.912387
22.121437
21.490769
21.702152
21.069866
21.275836
21.287253
21.073163
21.695348
21.476149
20.081422
19.912519
19.719061
19.535413
20.078537
19.905279
19.725518
19.537448
20.447574
20.261113
20.850657
20.639224
20.643954
20.853144
20.260221
20.444274
19.913647
20.084882
19.540671
19.726542
19.726617
19.540639
20.084315
19.913042
19.083471
19.368777
19.222478
19.221623
19.368631
19.08449
16.838344
16.839052
16.372139
16.242664
16.371421
16.243362
16.841867
16.842382
16.374137
16.245865
16.245331
16.374668
15.744293
15.862736
15.743674
15.471198
15.471703
15.863375
15.318307
15.317825
15.132897
14.952164
15.133472
14.951607
15.746135
15.473489
15.865786
15.865253
15.746664
15.13459
14.952721
15.134044
14.953254
15.321104
15.475054
15.474575
15.321578
14.463482
14.308303
14.463125
14.308615
14.640699
14.793512
14.792979
14.641203
13.9267
14.107782
14.108044
13.433879
13.708135
13.92738
14.642206
14.794048
14.794563
14.641713
14.465767
14.31105
14.310683
14.466171
13.433777
13.708284
13.928435
14.11019
14.109868
13.927669
12.734961
12.471374
13.168533
12.893421
12.470269
12.731538
13.643883
22.966887
28.730413
27.778857
13.641608
23.213246
23.04471
13.167643
12.892746
12.726452
12.463881
12.730387
12.465712
28.404212
28.077191
23.062331
13.630183
22.867176
23.240191
23.146404
13.633883
23.078974
25.177693
24.7448
24.398833
25.181624
24.734305
24.38411
26.31581
21.054327
11.998773
26.314858
26.630259
26.628531
25.23499
24.831409
24.473492
24.795007
24.442256
25.275381
23.482695
23.303786
23.304681
23.054339
23.497892
23.343758
23.318747
23.020392
23.033062
22.748487
22.737152
23.906321
23.710381
23.927658
24.287653
24.149744
24.145477
24.099196
24.26115
24.123645
23.725695
23.952119
23.945687
23.312816
23.509614
23.326001
23.056784
23.523089
23.347801
23.338206
23.047263
22.758334
23.036251
22.748477
21.914792
22.128075
22.365111
22.548815
21.921994
22.151034
22.33922
22.538534
21.700661
21.487288
21.301729
21.086112
21.706977
21.502771
21.288228
21.081917
22.129722
21.916691
22.555673
22.363254
22.341744
22.546811
21.922305
22.148011
21.487382
21.701316
21.082949
21.296197
21.288052
21.080521
21.705964
21.497564
20.277548
20.460448
20.663669
20.868014
20.28009
20.468481
20.654602
20.864347
20.102532
19.93118
19.750615
19.562697
20.10482
19.937066
19.745215
19.560939
20.459813
20.275456
20.864551
20.657913
20.65402
20.862638
20.276352
20.462797
19.930492
20.100414
19.559144
19.745419
19.744528
19.558858
20.101101
19.931739
18.760665
18.588038
18.58903
18.432113
18.297666
18.430833
18.761967
18.591622
18.590283
18.428665
18.296509
18.429629
19.105194
19.247043
19.391255
19.109329
19.242665
19.389618
18.944144
18.944181
18.587396
18.758725
18.587098
18.294502
18.427667
18.427635
18.428027
18.294607
18.427711
18.758716
18.587122
18.587054
19.104535
19.387766
19.242208
19.241998
19.387564
19.104602
17.614775
17.478791
17.479598
17.345786
17.213185
17.344865
17.615743
17.481491
17.480535
17.343166
17.212304
17.343957
17.865183
17.735384
17.86481
18.151651
18.002525
18.002584
18.003101
18.151783
18.002742
17.735179
17.864542
17.864628
17.478177
17.612935
17.477765
17.210188
17.34167
17.341859
17.342554
17.210481
17.34213
17.612707
17.477351
17.477515
16.410196
16.28338
16.410955
16.282639
16.872672
17.102219
16.984397
16.872324
16.984652
16.985438
17.102531
16.984982
16.408381
16.28042
16.28083
16.407983
15.371467
15.52274
15.522146
15.372045
15.187614
15.008733
15.009324
15.187011
15.787691
15.520307
15.904682
15.905121
15.787248
15.185927
15.008173
15.186442
15.007661
15.368684
15.518932
15.519335
15.368277
14.012532
14.187461
14.187035
13.533515
13.799816
14.011286
14.703617
14.852808
14.704112
14.852303
14.530646
14.379853
14.530251
14.380233
13.532614
13.799445
14.009761
14.184388
14.184751
14.010855
13.766811
23.166064
13.765949
13.275451
13.00892
12.853109
12.590908
12.853085
12.592056
13.761218
13.762122
26.571775
26.572085
20.956351
26.232578
11.895152
26.235041
26.57445
25.091578
24.721174
25.165812
24.661266
26.573284
20.944841
26.233546
11.869922
26.235714
26.566299
25.288837
24.853108
24.852294
25.28067
22.712447
22.995694
22.712622
22.994686
23.060744
22.768372
22.755315
21.679593
21.473054
21.271835
21.061307
21.678842
21.471197
21.273578
21.0619
22.124747
21.915666
22.563472
22.369069
22.338005
22.551421
21.92422
22.152297
21.478806
21.698594
21.078049
21.293719
21.278434
21.073428
21.706036
21.496776
20.083032
19.914183
19.726247
19.540479
20.082485
19.912549
19.727877
19.54102
20.446951
20.264114
20.858224
20.650916
20.641866
20.854339
20.266388
20.454505
19.915775
20.088226
19.545661
19.733014
19.72927
19.54451
20.090131
19.920211
19.087095
19.373552
19.227496
19.225125
19.372564
19.089179
16.843664
16.376422
16.247211
16.376006
16.247623
16.845205
16.845387
16.377447
16.248748
16.248616
16.37759
15.748404
15.86714
15.748012
15.475497
15.867538
15.322422
15.322016
15.475908
15.136765
14.955685
15.137081
14.955382
15.749264
15.476897
15.868528
15.868431
15.749351
15.137493
14.955922
15.137332
14.956069
15.323612
15.47707
15.477148
15.323529
14.466872
14.311382
14.46654
14.311676
14.644167
14.796909
14.796622
14.644433
13.928627
14.110476
14.110724
13.433052
13.708568
13.928941
14.644741
14.797129
14.79726
14.644631
14.467626
14.312057
14.312238
14.467477
13.431913
13.708405
13.928303
14.110808
14.111037
13.928924
12.724893
12.457085
13.165461
12.886321
12.454233
12.719557
23.112946
13.61851
27.848427
27.877828
13.614033
23.01853
13.163363
12.885037
12.71041
12.439427
12.717544
12.443522
28.132361
28.340157
13.590065
22.909731
22.995356
13.597392
25.338904
24.850724
24.500586
25.282305
24.895829
24.534231
21.053685
26.315141
11.996125
26.316263
26.629566
26.629243
25.198436
24.777516
24.424814
24.762607
24.415582
25.219454
23.55406
23.354702
23.364843
23.06488
23.551131
23.356525
23.364054
23.061527
23.069828
23.070341
22.778652
22.777468
23.935372
23.701899
23.914764
24.244496
24.118161
24.108243
24.128671
24.239069
24.106167
23.69904
23.92136
23.914053
23.33806
23.505036
23.324522
23.030059
23.048596
23.037316
23.500687
23.319545
23.319249
23.031551
22.745186
22.751101
21.932823
22.1497
22.368956
22.57373
21.933869
22.15293
22.365281
22.572375
21.714825
21.49852
21.298663
21.088449
21.715714
21.500536
21.296909
21.087883
22.143794
21.918968
22.544151
22.342021
22.35825
22.549953
21.914252
22.128845
21.494854
21.702924
21.077255
21.284286
21.293747
21.080185
21.69867
21.484085
20.278183
20.462586
20.659254
20.869008
20.278611
20.463877
20.657907
20.868499
20.102455
19.931069
19.745847
19.559936
20.102873
19.932284
19.744646
19.559537
20.460743
20.273572
20.859233
20.649577
20.655818
20.861789
20.271873
20.455311
19.929745
20.098324
19.555363
19.740156
19.743442
19.556423
20.096829
19.926055
18.758389
18.586042
18.586639
18.427665
18.294307
18.427511
18.758762
18.587149
18.58701
18.426569
18.293944
18.427144
19.103608
19.242403
19.388347
19.104747
19.241244
19.387953
18.941615
18.585294
18.75617
18.584521
18.29146
18.424191
18.424525
18.425857
18.292023
18.425127
18.755484
18.583511
18.583878
19.102721
19.384117
19.237858
19.240295
19.385076
19.100484
17.611853
17.476153
17.476605
17.341486
17.209512
17.341239
17.612201
17.477187
17.476951
17.340454
17.209167
17.340893
17.862805
17.732791
17.862224
18.148674
17.999418
17.999667
18.000773
18.149201
18.000158
17.732364
17.861543
17.861765
17.475642
17.610333
17.475153
17.207528
17.339038
17.339167
17.339966
17.207841
17.339506
17.609937
17.474635
17.474786
16.406669
16.279423
16.407019
16.279073
16.869995
17.099593
16.869706
16.98199
16.869756
16.982058
16.982702
17.09988
16.98232
16.405633
16.277922
16.278081
16.405454
15.367556
15.518564
15.367904
15.184009
15.00547
15.005752
15.183717
15.784988
15.517311
15.902288
15.902395
15.784896
15.183327
15.005245
15.18348
15.005106
15.366472
15.517162
15.517069
15.366579
14.009475
14.184064
14.183778
13.531782
13.79788
14.008879
14.701214
14.849936
14.70132
14.849813
14.528814
14.378744
14.528979
14.37856
13.531972
13.797868
14.009184
14.183465
14.183257
14.008801
13.756338
23.160341
13.754567
13.275698
13.008865
12.85689
12.581541
12.854698
12.58237
13.753172
23.03798
13.751988
26.570339
26.566981
20.946345
26.232712
11.871976
26.23481
26.566717
25.28829
24.844345
25.266277
24.86433
26.574273
20.952631
26.238635
11.881069
26.237523
26.575025
25.205253
24.674683
24.764192
25.116623
22.780758
22.777428
23.070891
22.980963
22.699675
22.722472
21.708987
21.486757
21.295568
21.082002
21.713539
21.499042
21.284464
21.078545
22.127088
21.894365
22.502758
22.300756
22.342205
22.521761
21.883844
22.092764
21.477721
21.679577
21.054711
21.259819
21.276704
21.05984
21.670888
21.457756
20.088999
19.915399
19.733143
19.545721
20.090945
19.920431
19.728574
19.54427
20.44394
20.254947
20.83774
20.6283
20.639035
20.842122
20.252042
20.434542
19.912529
20.079786
19.535771
19.719979
19.726014
19.537683
20.077203
19.90587
19.083984
19.364377
19.217251
19.221954
19.366134
19.079599
16.844736
16.376282
16.248057
16.376903
16.247449
16.841488
16.840665
16.373817
16.244275
16.245045
16.373029
15.748087
15.475897
15.867825
15.748647
15.476833
15.867253
15.322903
15.323293
15.476437
15.136286
14.95422
15.135658
14.954841
15.745906
15.474535
15.473812
15.86429
15.865014
15.745199
15.134269
14.95354
15.134969
14.95285
15.319683
15.472543
15.473133
15.319104
14.466784
14.311748
14.467195
14.311315
14.64344
14.795396
14.796008
14.642832
13.927868
14.110456
14.109982
13.427986
13.704479
13.92594
14.641497
14.794728
14.794049
14.64217
14.463648
14.307516
14.308115
14.463063
13.424692
13.703589
13.922931
14.105972
14.10661
13.925168
12.707703
12.424659
13.157766
12.872448
12.418446
12.699034
22.817036
13.566224
2.6635362
14.834496
31.300974
13.558788
13.153473
12.870228
12.686593
12.390311
12.695945
12.397813
4.0884629
14.813672
31.228728
22.872385
13.526682
23.048738
13.534767
25.215722
24.794058
24.437179
25.239084
24.770478
24.41568
26.630134
21.056959
26.31822
11.994358
26.317144
26.629481
26.626384
25.243052
24.881898
24.527664
24.808465
24.459731
25.316371
23.491442
23.3107
23.310284
23.499119
23.319389
23.315511
23.025512
23.023137
23.025982
22.738503
22.737561
23.909452
23.731165
23.947856
24.341128
24.227726
24.196548
24.09907
24.280174
24.143362
23.76992
24.021224
23.993535
23.323289
23.530985
23.347782
23.037397
23.057887
23.563507
23.39139
23.374928
23.079659
22.786693
22.769433
21.910568
22.132777
22.339796
22.537156
21.908518
22.126673
22.344773
22.537389
21.695894
21.489222
21.283011
21.074424
21.693697
21.482561
21.289355
21.076449
22.141202
21.931667
22.58096
22.384262
22.354145
22.566753
21.939275
22.165891
21.495027
21.714477
21.092765
21.30659
21.294441
21.088996
21.720731
21.509273
20.27227
20.459453
20.6489
20.856963
20.270777
20.454775
20.653972
20.85885
20.097377
19.929566
19.739964
19.555037
20.095989
19.925802
19.743507
19.556193
20.462556
20.280201
20.873197
20.665663
20.657448
20.869912
20.28258
20.469971
19.931902
20.104608
19.563771
19.751155
19.745671
19.561967
20.1068
19.937739
18.756514
18.586232
18.58494
18.424234
18.291689
18.424711
18.755568
18.583536
18.584015
18.426866
18.29257
18.425614
19.103396
19.237789
19.383904
19.100443
19.240858
19.385005
18.946554
18.587746
18.761011
18.5893
18.297995
18.432318
18.431209
18.428331
18.29666
18.429836
18.76246
18.591841
18.590712
19.105108
19.392159
19.247377
19.242657
19.390445
19.109637
17.61114
17.47704
17.476009
17.339187
17.208043
17.339648
17.610351
17.474772
17.475234
17.341415
17.208791
17.340409
17.865335
17.737186
17.866667
18.155065
18.006977
18.005924
18.003287
18.153765
18.004657
17.738396
17.868942
17.867904
17.478231
17.614684
17.479465
17.213211
17.345913
17.344923
17.342576
17.21209
17.343782
17.61587
17.481629
17.480627
16.40684
16.278637
16.406144
16.279325
17.105199
16.988552
16.987591
16.98538
17.104098
16.986509
16.875233
16.409801
16.283259
16.282239
16.410834
15.367325
15.366861
15.184788
15.00735
15.006591
15.185557
15.789042
15.520216
15.90745
15.906479
15.789997
15.187334
15.008204
15.186422
15.009103
15.371468
15.522959
15.522085
15.372337
14.009573
14.183818
14.184316
13.534569
13.800997
14.011534
14.705219
14.852926
14.704342
14.853815
14.533687
14.384304
14.534518
14.383473
13.537392
13.801886
14.015023
14.1891
14.188264
14.012381
13.78724
23.005949
13.804981
23.301036
13.281972
13.015772
12.867929
12.593979
12.861913
12.593648
13.796988
23.354461
13.806868
26.574148
26.571357
26.237419
20.950417
11.880852
26.237485
26.573748
25.256191
24.705548
25.140701
24.821833
26.574069
20.952011
26.236734
11.882812
26.237529
26.569129
26.573364
25.241376
24.743407
24.816943
25.166335
22.713051
22.738712
23.030172
23.031311
22.743978
22.757401
21.681667
21.474744
21.260172
21.054406
21.673741
21.458508
21.272749
21.058056
22.134429
21.911783
22.541913
22.333436
22.35254
22.55233
21.907816
22.120634
21.478356
21.69333
21.06524
21.274122
21.27587
21.065565
21.690679
21.474677
20.076235
19.90727
19.719317
19.53375
20.075241
19.90522
19.720921
19.534234
20.44019
20.255694
20.846171
20.63709
20.635662
20.846091
20.256382
20.442105
19.908431
20.079941
19.537698
19.724473
19.721956
19.536877
20.080707
19.910927
19.080346
19.365983
19.220555
19.21819
19.365175
19.08263
16.839506
16.83923
16.371452
16.242836
16.371576
16.242705
16.839777
16.840549
16.840147
16.37189
16.243394
16.243104
16.372194
15.743622
15.471492
15.471555
15.862872
15.743795
15.862707
15.318312
15.472075
15.318642
15.471745
15.131988
14.950451
15.131888
14.950564
15.743815
15.471536
15.471663
15.863174
15.862943
15.74403
15.131966
14.950437
15.131889
14.9505
15.318349
15.472067
15.471848
15.318549
14.462182
14.307004
14.462569
14.306595
14.639186
14.791641
14.791766
14.639042
13.922315
14.105417
14.104962
13.419959
13.698629
13.921058
14.639016
14.791613
14.791661
14.638992
14.461689
14.30601
14.305958
14.461769
13.418217
13.698272
13.920526
14.10405
14.104055
13.920829
12.683639
12.365042
13.147069
12.8556
12.355832
12.675511
22.996233
13.505741
23.151801
27.974515
27.882512
13.501424
13.144304
12.853908
12.665826
12.318147
12.672971
12.32771
28.969956
28.434412
23.250318
13.498405
23.31648
13.494234
23.249656
25.216554
24.869583
24.513539
25.307605
24.778575
24.429617
26.627499
21.054691
26.317564
11.991758
26.314818
26.629874
26.625445
25.238198
24.852219
24.49066
24.792558
24.436687
25.299039
23.514188
23.311574
23.333655
23.552155
23.387797
23.364699
23.028942
23.046542
23.070885
22.779452
22.760656
23.886211
23.70562
23.921802
24.302327
24.167113
24.157979
24.071672
24.254764
24.117239
23.734212
23.968004
23.956142
23.309496
23.506386
23.324492
23.051716
23.02615
23.529932
23.356877
23.34378
22.76226
23.036579
22.750562
21.930112
22.141139
22.382455
22.575048
21.937148
22.164546
22.352412
22.55998
21.714206
21.498522
21.306576
21.093622
21.719577
21.50901
21.298694
21.091326
22.138383
21.92345
22.559705
22.368103
22.34937
22.550314
21.927906
22.153058
21.496864
21.708676
21.090299
21.302871
21.297373
21.088628
21.712127
21.503834
20.283954
20.468361
20.666126
20.87447
20.284589
20.470526
20.663037
20.872767
20.108506
19.937965
19.751892
19.566104
20.108937
19.93845
19.751741
19.566058
20.467966
20.28337
20.872115
20.665467
20.662472
20.870763
20.284201
20.470533
19.937905
20.108224
19.566948
19.753485
19.751752
19.566363
20.108966
19.939768
18.765062
18.593536
18.593354
18.433105
18.300382
18.433596
18.764834
18.592626
18.593096
18.43409
18.300695
18.433883
19.111033
19.248151
19.39452
19.110414
19.248636
19.394553
18.951253
18.593759
18.765758
18.594087
18.301878
18.43548
18.435055
18.434326
18.301491
18.434649
18.766206
18.594967
18.594512
19.111204
19.395533
19.25025
19.24878
19.394981
19.112609
17.618665
17.483773
17.483441
17.346708
17.215602
17.347309
17.618252
17.482423
17.483012
17.348099
17.216062
17.347753
17.871216
17.742051
17.871519
18.15897
18.010188
18.009845
18.00919
18.158603
18.009497
17.742368
17.872171
17.871852
17.484067
17.619564
17.484358
17.217278
17.349198
17.348964
17.3484
17.217014
17.348688
17.619866
17.484901
17.484647
16.413772
16.28567
16.413243
16.286209
16.879132
17.109285
16.991866
16.991684
16.991163
17.109031
16.991442
16.879371
16.414804
16.28747
16.287262
16.415013
15.373802
15.524422
15.373121
15.191111
15.013326
15.012861
15.191572
15.793986
15.526098
15.911636
15.911445
15.794175
15.192206
15.013695
15.191935
15.01397
15.375696
15.526397
15.526293
15.375801
14.015827
14.189874
14.190566
13.541866
13.80756
14.017735
14.710085
14.85841
14.709799
14.858693
14.537882
14.387868
14.537987
14.387747
13.543563
13.808061
14.018998
14.192728
14.192602
14.018187
13.77633
13.777181
23.041477
13.289096
13.025549
12.877997
12.626783
12.874924
12.622727
23.219673
13.78997
13.787196
26.570143
26.235342
20.946887
11.877057
26.234577
26.573432
25.213236
24.756478
25.194678
24.768342
20.952316
26.236272
11.882726
26.234085
26.571967
26.571146
25.224063
24.90932
24.800059
25.340817
22.721667
22.723181
23.008695
23.070523
22.776215
23.049807
22.760146
21.684195
21.477729
21.272512
21.063258
21.682304
21.472282
21.277774
21.064954
22.130434
21.920818
22.569963
22.373853
22.343602
22.556698
21.928627
22.156201
21.483632
21.703419
21.08084
21.295919
21.282811
21.07699
21.71002
21.499332
20.084134
19.915431
19.725237
19.54019
20.082782
19.911632
19.728809
19.541323
20.44947
20.265933
20.860592
20.651981
20.644824
20.857436
20.267571
20.455197
19.917116
20.089652
19.54548
19.732351
19.730267
19.544901
20.090941
19.919858
19.087024
19.373092
19.226046
19.225264
19.372665
19.087543
16.841714
16.84096
16.841358
16.373483
16.244362
16.373199
16.244636
16.842205
16.84185
16.842094
16.373802
16.244822
16.244946
16.373669
15.744986
15.472855
15.472714
15.863967
15.744778
15.864186
15.318964
15.472299
15.318762
15.472521
15.132736
14.951297
15.132818
14.951216
15.745185
15.472929
15.864274
15.864395
15.745072
15.132776
14.951318
15.132835
14.951269
15.319189
15.472704
15.472844
15.319029
14.461953
14.306079
14.461863
14.306145
14.639552
14.792382
14.792309
14.639607
13.920496
14.104064
14.104076
13.416332
13.696983
13.920378
14.639543
14.792398
14.792347
14.639606
14.461799
14.305747
14.305933
14.461611
13.415073
13.69678
13.919761
14.103414
14.103635
13.920282
12.663734
12.287901
13.141054
12.842614
12.270606
12.66764
13.504734
21.494845
28.439123
28.199314
13.55123
23.385019
23.32713
13.139587
12.840374
12.653715
12.230378
12.671593
12.202382
28.447188
28.467425
23.357412
13.687928
23.394609
13.913683
17.317941
23.400197
25.261703
24.840778
24.489564
25.275159
24.832507
24.485633
26.629442
21.054946
26.318006
11.991879
26.317161
26.627474
26.626739
25.266711
24.759209
24.415017
24.825279
24.47018
25.19219
23.550387
23.363576
23.365143
23.548931
23.362405
23.364277
23.072774
23.072473
22.782241
22.78217
23.97223
23.728431
23.947887
24.24073
24.105919
24.109463
24.175288
24.286798
24.146577
23.70664
23.917436
23.918965
23.355832
23.526303
23.342036
23.046904
23.044291
23.062619
23.510391
23.33305
23.330651
22.758945
23.051907
22.76393
21.940255
22.158189
22.373983
22.578276
21.940267
22.158283
22.373561
22.578066
21.722601
21.507792
21.305499
21.096162
21.722497
21.507013
21.306413
21.096462
22.154001
21.931549
22.558584
22.362058
22.36847
22.562193
21.92989
22.148789
21.505673
21.71569
21.091793
21.301266
21.304735
21.092952
21.714254
21.501995
20.28738
20.472597
20.666961
20.87697
20.287137
20.471792
20.667853
20.877278
20.111725
19.941066
19.754214
19.568748
20.111517
19.940587
19.754587
19.568853
20.471792
20.285388
20.873253
20.663804
20.666928
20.874372
20.284339
20.468731
19.940427
20.109851
19.566094
19.751022
19.753967
19.567107
20.108814
19.937463
18.767327
18.595169
18.595504
18.435829
18.302751
18.436007
18.767349
18.595348
18.595552
18.435598
18.30267
18.435941
19.113142
19.250795
19.397168
19.113108
19.250902
19.397243
18.951251
18.59456
18.765587
18.593731
18.299987
18.432262
18.433224
18.434991
18.300912
18.434171
18.764623
18.591776
18.592766
19.11254
19.394498
19.247399
19.250299
19.395505
19.109664
17.62021
17.484539
17.484916
17.349342
17.2176
17.349343
17.620367
17.485066
17.485085
17.348784
17.217408
17.349161
17.871402
17.741089
17.870638
18.157007
18.006944
18.007811
18.009474
18.15791
18.008692
17.740265
17.868959
17.869786
17.483973
17.618533
17.483267
17.215124
17.346142
17.346813
17.348227
17.215822
17.347543
17.617739
17.481793
17.482505
16.414837
16.287522
16.415074
16.28729
16.877942
17.107152
16.988976
16.989535
16.990789
17.107815
16.99017
16.87736
16.413444
16.285462
16.28596
16.412913
15.375713
15.526405
15.52631
15.375807
15.192133
15.013674
15.013946
15.191839
15.792796
15.525491
15.90976
15.910188
15.792398
15.191123
15.013353
15.191489
15.013019
15.374235
15.524581
15.52481
15.374001
14.019091
14.192762
14.192708
13.544497
13.809068
14.018918
14.709319
14.858166
14.709614
14.857856
14.536721
14.38664
14.53654
14.386793
13.544197
13.808934
14.018382
14.191531
14.191683
14.018761
13.798984
23.435108
13.801943
13.290645
13.030465
12.883244
12.647913
12.881654
12.646403
23.40222
13.818785
13.814619
20.957624
26.23414
11.896477
26.235081
26.571906
25.179869
24.809996
25.229975
24.767102
20.944112
26.240795
11.851897
26.236154
26.565114
26.318029
25.338856
24.690483
24.903282
25.125917
22.780237
22.777069
22.68221
22.727592
21.709292
21.484802
21.296818
21.081862
21.714683
21.500651
21.28187
21.077143
22.126525
21.887186
22.484397
22.265909
22.344426
22.520966
21.868738
22.06146
21.473324
21.671887
21.044304
21.240107
21.271884
21.052707
21.656845
21.435517
20.085898
19.911403
19.731556
19.542966
20.088893
19.919126
19.724611
19.540756
20.439093
20.249657
20.828374
20.614389
20.634077
20.835404
20.245521
20.422265
19.908191
20.074927
19.53159
19.71177
19.721907
19.533972
20.071404
19.896991
19.080578
19.36063
19.211873
19.218356
19.362735
19.075383
16.840878
16.841517
16.841166
16.37255
16.244019
16.372798
16.243795
16.840866
16.840987
16.372425
16.243288
16.243688
16.372002
15.744274
15.472287
15.472285
15.863576
15.744436
15.863393
15.318655
15.472534
15.318838
15.472379
15.131869
14.950446
15.131801
14.950488
15.744126
15.472391
15.862845
15.863265
15.743784
15.472659
15.131799
14.950473
15.131814
14.950474
15.318293
15.472418
15.316664
14.461198
14.30554
14.461401
14.305339
14.638717
14.791517
14.791573
14.638635
13.919541
14.103176
14.102947
13.412748
13.694726
13.919072
14.638537
14.791517
14.79149
14.638601
14.46032
14.303575
14.304511
14.458724
13.411762
13.694595
13.919625
14.104147
14.102487
13.919074
12.649907
12.257582
13.136077
12.835636
12.257649
12.646002
13.455204
21.638362
28.698122
28.995281
13.446241
23.373178
23.439799
13.135039
12.834776
12.644678
12.249706
12.645448
12.253714
28.012867
28.445012
13.407705
13.418836
21.990936
23.234988
25.402351
24.914593
24.554487
25.351864
24.957853
24.58905
26.617736
21.061675
26.315376
11.982541
26.310303
26.650206
26.640193
25.129804
24.795699
24.426858
24.709653
24.373353
25.245457
23.570813
23.360962
23.376688
23.074181
23.563744
23.351158
23.371766
22.779765
23.077635
22.782147
23.920792
23.695582
23.901125
24.242485
24.105784
24.109148
24.107336
24.205706
24.083186
23.70484
23.915092
23.917757
23.338974
23.504631
23.328282
23.027819
23.053049
23.508595
23.322073
23.328881
23.043338
22.753651
23.045175
22.759643
21.934358
22.153758
22.366531
22.57355
21.93383
22.15171
22.369563
22.57528
21.716482
21.502313
21.301223
21.090549
21.716219
21.50237
21.30069
21.090273
22.150553
21.928315
22.552202
22.346013
22.364898
22.558329
21.9242
22.132977
21.501238
21.71211
21.08674
21.289683
21.299942
21.088697
21.708558
21.489243
20.281152
20.46642
20.663108
20.871472
20.28172
20.467929
20.661742
20.871083
20.105475
19.934894
19.750037
19.563211
20.106061
19.936496
19.748513
19.562679
20.466388
20.28115
20.868417
20.654942
20.661588
20.870015
20.28042
20.460741
19.935157
20.105737
19.563194
19.74517
19.748865
19.563557
20.105172
19.93128
18.761782
18.590266
18.590011
18.431416
18.297721
18.430833
18.762059
18.590889
18.590252
18.430969
18.297597
18.430656
19.107585
19.246411
19.39163
19.108692
19.245178
19.391136
18.949076
18.59097
18.763684
18.591751
18.299529
18.42977
18.432457
18.431707
18.299518
18.432489
18.763837
18.588749
18.591631
19.108099
19.391862
19.243785
19.245666
19.392163
19.107081
17.616184
17.481628
17.481117
17.345644
17.213859
17.34543
17.616101
17.481252
17.480997
17.346101
17.214035
17.345579
17.869156
17.740581
17.869942
18.156851
18.005418
18.007733
18.00696
18.156796
18.007736
17.740666
17.867886
17.86999
17.48242
17.618236
17.483181
17.216109
17.34597
17.347666
17.34688
17.21605
17.347605
17.618359
17.48149
17.483282
16.412454
16.284822
16.412184
16.285104
16.879056
17.108396
16.990876
16.991141
16.989983
17.108169
16.990693
16.879774
16.414437
16.287146
16.287031
16.414551
15.373993
15.524502
15.524618
15.373907
15.190727
15.013218
15.012776
15.191156
15.793879
15.526146
15.911279
15.911247
15.793968
15.19216
15.013752
15.191694
15.014217
15.375974
15.527275
15.527328
15.374547
14.018395
14.191476
14.191542
13.544088
13.809033
14.019126
14.710289
14.858558
14.709924
14.858977
14.537673
14.387038
14.387815
14.536254
13.544711
13.809375
14.020861
14.194767
14.193045
14.019578
13.831551
23.449914
13.836894
13.291727
13.032076
12.887694
12.643259
12.886506
12.647527
23.107306
13.843723
13.849036
)
;
    }
}


// ************************************************************************* //
