/*--------------------------------*- C++ -*----------------------------------*\
| =========                 |                                                 |
| \\      /  F ield         | OpenFOAM: The Open Source CFD Toolbox           |
|  \\    /   O peration     | Version:  2412                                  |
|   \\  /    A nd           | Website:  www.openfoam.com                      |
|    \\/     M anipulation  |                                                 |
\*---------------------------------------------------------------------------*/
FoamFile
{
    version     2.0;
    format      ascii;
    arch        "LSB;label=32;scalar=64";
    class       volScalarField;
    location    "300";
    object      yPlus;
}
// * * * * * * * * * * * * * * * * * * * * * * * * * * * * * * * * * * * * * //

dimensions      [0 0 0 0 0 0 0];

internalField   uniform 0;

boundaryField
{
    inlet
    {
        type            calculated;
        value           uniform 0;
    }
    outlet
    {
        type            calculated;
        value           uniform 0;
    }
    topandbottom
    {
        type            calculated;
        value           uniform 0;
    }
    front
    {
        type            symmetryPlane;
    }
    back
    {
        type            symmetryPlane;
    }
    airfoil
    {
        type            calculated;
        value           nonuniform List<scalar> 
12960
(
52.089733
47.399223
55.87043
47.272213
47.357409
46.70475
42.22294
46.840773
42.357291
46.318264
46.797443
46.884909
55.848184
55.685542
46.780759
54.882491
46.715718
53.957637
46.101161
47.706895
56.372587
47.231458
41.838592
47.18041
54.858069
47.24411
42.251704
46.82299
47.465233
46.79714
55.927724
47.118927
51.236272
51.280382
45.799223
42.290802
54.035254
54.002248
45.976993
54.834822
41.185965
42.168382
40.471384
42.170371
40.173344
39.920027
40.350539
46.778339
40.083367
55.506797
39.763429
40.034679
39.70265
54.928016
39.860144
55.259354
39.651225
39.839519
39.429891
45.895412
39.611096
55.511198
39.703427
39.9665
39.466533
46.730464
39.708147
42.396392
39.722788
39.530839
39.799371
47.603061
39.885731
41.665387
39.991675
39.661013
40.243459
47.126695
40.064248
47.239439
40.145381
39.987347
39.877659
42.467183
39.576987
55.218807
39.69653
39.757446
39.41588
46.679503
39.340357
54.124151
39.560039
39.537169
39.35356
40.970287
39.107049
42.44602
40.732861
39.639936
19.295031
47.792298
40.593217
40.475361
19.033603
18.967467
41.999245
40.319677
39.970913
18.85572
18.959233
19.025476
41.602282
39.64814
39.718947
18.871512
18.855306
55.750016
39.888842
40.094325
19.132217
19.178123
19.147764
55.423829
39.840074
39.885787
19.220569
47.090393
39.650391
39.66916
18.980823
19.081498
18.883131
45.916218
39.452165
39.617068
55.50732
39.70285
39.96613
18.998508
19.103782
55.568436
39.811726
39.939247
18.996032
19.041064
46.333777
39.765401
39.710218
18.900955
18.947976
18.899715
19.019446
55.948411
40.138878
40.115692
19.078841
19.10096
41.770934
39.897541
39.626557
18.878675
18.942639
18.808807
18.848575
41.387343
39.737826
39.791553
18.646663
18.7123
41.529142
39.721043
39.741639
18.941679
18.849314
18.646996
18.713278
18.812936
46.068171
39.627462
39.692038
18.847346
18.838609
46.891109
39.385482
39.562093
19.120411
19.088931
18.8462
18.959944
19.07703
53.960298
39.474939
39.475733
19.263403
19.201591
54.0411
39.457478
39.478642
19.234671
19.28639
18.966535
40.832747
39.483388
39.154654
18.89601
18.800699
46.548753
39.723358
39.582698
19.474859
18.998519
56.852805
47.397545
42.812104
46.71969
46.913817
47.927555
56.727402
47.522407
56.377377
48.120822
47.335571
47.184357
42.664175
42.920405
47.194531
42.570959
47.165845
42.641887
48.675256
48.875581
42.502869
46.905815
18.95443
20.10638
56.55618
47.853475
19.005814
19.131583
18.983896
19.137459
42.037576
46.990346
19.122741
19.131526
56.599152
18.883181
47.53601
18.986581
19.107166
18.916212
46.987352
47.451894
19.18932
18.955012
42.029321
47.401448
19.025337
19.220831
19.162111
18.94091
55.759576
55.834825
19.469446
19.472105
18.885366
48.4044
56.844398
19.252857
52.6826
52.310183
19.137281
19.018829
48.269125
43.700539
18.976655
19.192354
19.903446
19.23227
41.333112
55.492437
40.526037
56.019324
40.145515
40.387379
39.934837
47.181762
40.22712
42.14329
40.459418
40.175311
40.497083
42.064001
40.280047
43.330728
40.439517
40.238662
40.626249
48.373056
40.464659
42.243314
40.360115
40.068975
40.563451
47.548477
40.335519
56.597992
40.316428
40.470687
40.257294
46.683807
40.182925
56.081984
40.132409
40.433188
39.858387
47.098689
40.081146
47.461663
39.985975
40.167473
40.28917
56.317424
40.569514
42.951016
40.506404
40.424091
40.829498
47.504836
40.90803
52.616188
40.758166
40.755136
41.007553
57.643234
41.227267
57.281914
41.859259
41.362896
18.954697
47.101492
39.773148
40.027639
19.182754
19.304348
55.777519
40.055024
40.360397
19.216162
19.240402
18.857095
19.334668
19.585464
19.327685
18.950713
56.179502
40.604143
40.553548
19.275735
19.291091
42.448828
40.377936
40.125333
19.144107
18.991313
19.19623
18.946579
18.968727
19.231205
52.375404
40.276501
40.23614
19.259642
18.89677
18.862183
47.026517
40.488821
40.456365
18.987403
19.082549
19.024519
18.889992
19.028655
19.229479
18.894195
48.358611
40.589804
40.453133
18.893715
19.226512
19.213124
42.226235
40.366273
40.07055
19.003635
19.122223
19.101003
19.007546
19.213663
18.972308
43.075858
40.223519
40.066918
19.10389
19.061314
48.177067
40.272805
40.320817
19.198794
18.848742
19.255249
19.1504
19.201466
19.130786
19.140873
41.908963
39.926639
39.9306
19.001036
56.22327
40.218431
40.467947
18.790271
19.313768
19.078265
19.29728
19.158407
55.217431
40.392337
40.340533
55.458316
40.406539
40.385516
19.161596
19.261586
19.253676
19.397211
19.404192
19.213222
19.288114
48.434797
40.559967
40.48739
48.292403
40.788672
40.642121
18.979764
19.261427
19.151053
19.261308
19.018799
19.101092
42.534405
40.7454
40.735814
18.853693
18.90894
52.279877
40.783049
40.786643
19.007444
18.835862
19.278175
18.849536
19.000276
18.900198
18.820286
57.38196
40.87699
41.179537
19.298402
19.386011
48.25001
40.620042
40.901772
18.939219
19.322432
19.354825
19.526078
0.79434348
1.300229
1.299871
0.81708605
1.2168249
1.2678664
0.98042393
0.93633065
0.93851116
0.97723903
1.004097
1.0071794
1.9741535
1.9357291
1.3069238
1.3022624
0.8570172
0.9614446
0.96570955
0.86004986
0.79420861
1.2974239
0.79563794
1.2974695
1.2240323
1.2245817
0.98081392
0.93865961
0.98049947
0.93906356
1.0066752
1.0064566
1.9414698
1.9260138
1.3090746
1.3093239
0.85683922
0.96503474
0.85686825
0.96474166
0.79221434
1.2988396
0.79903127
1.2970292
1.2239257
1.2237916
0.98127683
0.93955301
0.98123724
0.93965556
1.006378
1.0063681
1.9824281
1.9460256
1.3089231
1.3089084
0.85677488
0.96455901
0.85679143
0.9645608
0.79327128
1.2993284
0.79913811
1.2977487
1.2238728
1.2236964
0.9811803
0.93976423
0.98125018
0.9397821
1.0063717
1.0063636
1.9653293
1.9508427
1.3089995
1.3089646
0.85685835
0.96463261
0.85681733
0.96468101
0.79735837
1.2986455
0.79913742
1.3002486
1.2238315
1.2238526
0.98134057
0.94000342
0.98125036
0.94015243
1.0063856
1.0063993
1.935898
1.9566452
1.3090264
1.3090136
0.8569396
0.96473672
0.85692463
0.96475118
0.79631428
1.2978359
0.79612457
1.2964272
1.2236838
1.2239349
0.98170235
0.94031739
0.98154491
0.94037346
1.0064556
1.0065557
1.940133
1.9625069
1.3091009
1.3090701
0.85690895
0.96478781
0.85693283
0.96483893
0.79914618
1.2991788
0.79559964
1.299243
1.2228453
1.2237233
0.98164192
0.93996236
0.98156921
0.93996903
1.0067715
1.0069111
1.9398019
1.9481189
1.3094583
1.3093809
0.85690957
0.96499895
0.85690523
0.9651135
0.79312252
1.302078
0.80003099
1.2982966
1.2232826
1.2229876
0.9813143
0.93977178
0.98146862
0.93966099
1.0068869
1.0067449
1.9596808
1.9393763
1.3094492
1.3095198
0.85686141
0.96517968
0.85689829
0.96510328
0.79942908
1.2967921
0.79013898
1.2984419
1.2240492
1.2240464
0.98106881
0.93967402
0.98112692
0.93970475
1.0064739
1.0064035
1.9357913
1.9884757
1.3091969
1.3092798
0.85675082
0.96491065
0.85679809
0.9648365
0.79270429
1.301665
0.79741623
1.3033647
1.2235848
1.2252172
0.98022046
0.93882799
0.98048145
0.93828607
1.0065138
1.0067543
1.9575434
1.9512061
1.3081837
1.309271
0.85679574
0.964914
0.85662299
0.96513986
1.1885151
1.1902599
1.9720279
1.9353912
1.8381528
1.8524803
1.186054
1.1934216
2.0103131
1.9335629
1.8596852
1.8296692
0.69561784
0.71389303
0.79734452
1.2947641
1.3018659
0.79289743
0.69837727
0.6948679
1.3084986
0.95457394
0.95819428
1.3153573
1.2219921
1.2248103
1.3104696
0.95858929
0.95840375
1.3115755
0.98627238
0.93471963
0.94139551
0.9827729
0.98046003
0.93857771
0.93850056
0.98045884
0.98634089
0.94124951
0.94149642
0.98623804
1.3025445
1.2977576
0.98195538
0.94250492
0.94705926
0.98127252
1.0068239
1.0072947
1.3042289
1.3051332
0.98350714
0.94714995
0.94725221
0.98457601
0.85187228
0.95687814
0.96135434
0.85462904
0.8521219
0.96101313
0.96139755
0.85191103
1.8388029
1.8537733
2.011627
1.9352537
1.8600759
1.8324998
1.2193785
1.2707453
1.2246728
1.2274212
0.98690073
0.94710542
0.95143137
0.98644378
1.3085634
1.3094294
0.98837618
0.95132911
0.95154564
0.98931741
0.85720851
0.96516892
0.96567441
0.85688673
1.1908195
1.1934799
1.9414757
1.9268077
1.8481513
1.835136
1.2003659
1.1919966
1.9766528
1.9615147
1.8398699
1.8705898
0.69690055
0.69781787
0.79950034
1.3001518
1.3003322
0.79477287
0.70182186
0.69755636
1.3111814
0.95863087
1.3114693
0.95872844
1.2238685
1.223819
1.3111669
0.95895875
0.95880485
1.3112036
0.9863966
0.94121668
0.98625389
0.94119975
0.98095004
0.93951319
0.93923174
0.9812022
0.98648919
0.94131349
0.94123741
0.98665961
1.3048704
1.3051349
0.98467493
0.94711974
0.98466432
0.94697531
1.0064022
1.0064481
1.3048594
1.304744
0.98474242
0.94694649
0.94696804
0.98490873
0.85196324
0.96091825
0.8519136
0.96069036
0.85197089
0.96055498
0.9606539
0.85197795
1.8485298
1.8358804
1.9746988
1.9623818
1.8382303
1.8713194
1.2266772
1.227199
0.98934125
0.95123345
0.98935657
0.95104719
1.3090519
1.308967
0.98939451
0.95099261
0.95101071
0.9895522
0.85682255
0.9645664
0.96467141
0.8567949
1.1897138
1.1967311
1.9800614
1.9450008
1.8845281
1.8254012
1.1961054
1.1908397
1.9361382
1.9562372
1.8319197
1.8642299
0.69561947
0.7021732
0.79513637
1.2978871
1.297267
0.79422374
0.69832498
0.69751364
1.311219
0.95901745
1.3112127
0.95910259
1.2239053
1.2237793
1.3112478
0.95925058
0.95915049
1.3112247
0.98674715
0.94135613
0.98671128
0.94141426
0.98128924
0.93976972
0.93970678
0.98127251
0.98676752
0.94146632
0.94144382
0.98675966
1.3047193
1.3047736
0.98517741
0.94698495
0.98501902
0.94701903
1.0063911
1.0063909
1.3047633
1.3047092
0.98526732
0.94708646
0.94705365
0.98537451
0.85196989
0.96055294
0.85197453
0.96053353
0.85196918
0.96053826
0.96054963
0.85198347
1.8866059
1.8252888
1.9359721
1.9587811
1.8314341
1.8656604
0.98985629
0.95100265
0.98964457
0.95108306
1.3089748
1.3090055
0.98995542
0.95120738
0.9511115
0.99011849
0.85677
0.96460982
0.96456444
0.85679921
1.1907283
1.1967441
1.9645164
1.951894
1.8712931
1.8285516
1.1985254
1.1888656
1.9458145
1.9588284
1.82617
1.8640044
0.69645839
0.70214464
0.79718841
1.2998546
1.2977425
0.7954234
0.70018975
0.69844985
1.3113413
0.95930064
1.3112364
0.95938002
1.2238929
1.2239284
1.3113863
0.95953942
0.95942679
1.3114543
0.98671447
0.94148808
0.98676857
0.94148698
0.9811862
0.93996654
0.93983272
0.98122841
0.98672353
0.94150599
0.9415034
0.98673011
1.304703
1.3047441
0.98550265
0.94714171
0.98544627
0.94717381
1.0063986
1.0063886
1.3047475
1.304706
0.98555784
0.94647977
0.94720332
0.98558893
0.85202491
0.96056843
0.85198991
0.96058459
0.85203585
0.95986716
0.96060628
0.85206889
1.8714223
1.8275183
1.9473792
1.9614685
1.8262503
1.8659111
0.99029801
0.95123347
0.99018705
0.95131842
1.3090456
1.3090599
0.99035355
0.95138951
0.95133753
0.99039431
0.85686607
0.96472295
0.96468818
0.85690961
1.188219
1.1953409
1.9354395
1.9585081
1.8336408
1.8277774
1.1908068
1.1883821
1.9560317
1.9538025
1.8267009
1.8315025
0.70046685
0.70217367
0.79879204
1.2986458
1.2986487
0.79676079
0.70198971
0.69992631
1.3115067
0.95959924
1.3114804
0.95967361
1.2238321
1.2239331
1.3115387
0.9596814
0.9596967
1.3115682
0.98678903
0.94152809
0.9867606
0.94153573
0.98138781
0.9403126
0.94022208
0.98150602
0.98681941
0.94156684
0.94155293
0.98687455
1.304704
1.304744
0.98562486
0.94723302
0.98563858
0.94727797
1.0064567
1.0064276
1.3047569
1.3047532
0.98566635
0.94731329
0.94729954
0.98568446
0.85210253
0.96060106
0.85208186
0.96065024
0.85210563
0.96067349
0.96066883
0.85209234
1.8344567
1.8261195
1.9546031
1.9563685
1.82503
1.832272
1.2264293
1.2264364
0.99043009
0.95139678
0.99042489
0.95142496
1.3090743
1.3091034
0.99046337
0.95145691
0.95142863
0.99046826
0.8569353
0.96477065
0.96474852
0.85693381
1.1892246
1.1866907
1.9375058
1.9597237
1.823403
1.8319805
1.1968905
1.1975625
1.9386123
1.9727042
1.8475772
1.8747057
0.70053178
0.69945846
0.79809177
1.2973198
1.3009149
0.7899404
0.70204266
0.69305691
1.311366
0.95969689
1.311612
0.95963051
1.2236288
1.2238387
1.3112997
0.95938307
0.95958794
1.3112296
0.98704534
0.94160168
0.98692322
0.9417019
0.98172469
0.94004406
0.94035701
0.98160038
0.98708783
0.94187682
0.94175787
0.98708728
1.3048014
1.3048112
0.98573725
0.94735271
0.98574051
0.94738811
1.0067429
1.00662
1.3048828
1.3050393
0.98580743
0.94751686
0.94742908
0.98600368
0.8520584
0.96069597
0.85208239
0.96073862
0.85205487
0.9608448
0.96077542
0.85203939
1.8247509
1.8330133
1.9400423
1.9715569
1.8486881
1.8751326
1.2259311
0.99050835
0.95146633
0.99049946
0.9515286
1.309176
1.309371
0.99057206
0.95167319
0.95155471
0.99077339
0.85689938
0.96495484
0.96485743
0.8569015
1.191971
1.1921494
1.9375822
1.9468544
1.8335108
1.8279929
1.1898154
1.1898887
1.9286481
1.9582475
1.8253361
1.8321417
0.70158024
0.69842408
0.7950793
1.2988932
1.2969382
0.79909803
0.69728079
0.70156864
1.3108673
0.95937323
1.3111875
0.95941148
1.2227327
1.2228169
1.3109411
0.95933887
0.95942613
1.3108769
0.98724243
0.94194405
0.98712025
0.94208806
0.98165421
0.93985498
0.93996976
0.98154926
0.98727204
0.94206464
0.94212265
0.98718293
1.3051428
1.3051357
0.98611097
0.94758029
0.98610642
0.94763946
1.0069405
1.0069549
1.3052087
1.3051738
0.98614487
0.94763878
0.94766608
0.98606997
0.85201288
0.9608897
0.85203443
0.96096788
0.85200136
0.96098478
0.96099989
0.85250723
1.8304029
1.829713
1.930891
1.9620464
1.8374442
1.837115
1.2253084
1.2262126
1.2251449
1.2251233
0.99092048
0.9517144
0.99086076
0.95183201
1.3095284
1.3095593
0.99096156
0.95187264
0.95185508
0.99090832
0.8569098
0.96518027
0.9651388
0.85690351
1.198206
1.1969933
1.9615669
1.9445949
1.8679573
1.8432552
1.1935776
1.1891157
1.9429202
1.9353519
1.8277213
1.8342309
0.6956575
0.70254461
0.79723743
1.2983015
1.2978099
0.79415529
0.69995819
0.69704152
1.3108805
0.95929666
1.3109117
0.95916073
1.2232252
1.2237635
1.3108261
0.95924104
0.9591643
1.3111328
0.98694261
0.94202728
0.98713163
0.94181677
0.98131606
0.93971038
0.93970124
0.98119611
0.98691737
0.94148183
0.94175556
0.98672034
1.3050606
1.3052124
0.98574807
0.94762172
0.98605703
0.94744793
1.0065466
1.0067184
1.3050405
1.3048952
0.98564071
0.94715889
0.94739063
0.98526663
0.85241159
0.9609802
0.85249402
0.96087078
0.85239475
0.96069387
0.96084082
0.85230705
1.865101
1.8437546
1.9411458
1.9337364
1.8253854
1.8314258
1.2255894
0.99063667
0.95185062
0.99090045
0.95171571
1.3094304
1.3093306
0.99052798
0.95143998
0.95164622
0.99015055
0.85684135
0.96493962
0.96505851
0.85680428
1.1972867
1.1916588
1.9376887
1.987374
1.8364077
1.8877663
1.1984428
1.1885074
1.9492332
1.9397404
1.8305301
1.8487566
0.70209937
0.69312476
0.79711163
1.2996613
1.297031
0.79254163
0.69967297
0.69408459
1.3116505
0.95931488
1.3114005
0.95950297
1.2240116
1.2247539
1.3117643
0.95923017
0.95952978
1.3120883
0.98655166
0.94141021
0.98666419
0.94121812
0.98104058
0.93910776
0.93967993
0.98064671
0.98653334
0.9410224
0.94118156
0.98627011
1.3048012
1.3049321
0.98478007
0.94710457
0.98519764
0.94691007
1.0064761
1.0064233
1.3048381
1.3048748
0.98468899
0.94674206
0.946873
0.98441679
0.8522026
0.96066781
0.85229575
0.9605722
0.85217784
0.96055174
0.96056967
0.85201987
1.8351571
1.888745
1.9466436
1.9386635
1.8292547
1.8478225
1.2263512
1.2263549
1.2263084
1.2270899
0.98965507
0.95137079
0.99007168
0.95119764
1.309231
1.3093174
0.9895573
0.95106951
0.95114824
0.98929529
0.8567256
0.9648602
0.96482054
0.85663962
1.1959762
1.2045639
1.9533215
1.9507468
1.8634487
1.83108
1.1973084
1.2019806
1.9790432
1.9573163
1.8833514
1.8687882
0.69369038
0.69893822
0.78922811
1.3039341
1.3007429
0.81820116
0.68977789
0.71370738
1.3106179
0.95904024
1.3121415
0.95814828
1.2189357
1.2686229
1.3085427
0.95407808
0.95778633
1.3151802
0.98599611
0.9410045
0.98618726
0.94097249
0.9801823
0.93605889
0.93826936
0.97702014
0.9859075
0.93400463
0.94082198
0.98243737
1.3037268
1.3049116
0.98292678
0.94672669
0.98433444
0.94651071
1.0034058
1.0066163
1.3020639
1.2970057
0.9813392
0.9407732
0.94626119
0.98033481
0.85150265
0.96058975
0.85198596
0.96070218
0.85120971
0.95522197
0.96060988
0.85382121
1.8668698
1.8313021
1.9798003
1.9585271
1.8831189
1.8706525
1.225949
1.2275791
0.98792178
0.95105846
0.98921684
0.95097711
1.3065446
1.3015909
0.98638019
0.9462336
0.95076229
0.98557652
0.85654075
0.96063515
0.96507493
0.85942424
2.6927025
0.86158447
2.7768148
0.86233673
2.9520498
0.86190463
0.86213346
0.86250431
2.9847708
0.86298437
0.86367035
0.86437165
2.6267285
0.86503584
2.9532719
0.86628241
2.6850489
2.9004169
1.1796838
1.1879894
0.85080062
0.85230054
2.9059488
1.1870254
1.1974202
0.86265572
2.7746077
2.6645041
1.1902863
1.1873033
0.85184144
0.85113877
1.1971325
1.19658
0.86194311
2.935316
2.6704321
1.189586
1.1868793
0.85082181
0.85037494
1.1964105
1.1962869
0.86201083
2.6932172
1.1867762
1.1866285
0.85013501
0.84975558
1.1962653
1.1962594
0.86235243
1.1865511
1.1864433
0.84954754
0.84922087
1.1962682
1.1963004
0.86277068
1.1863966
1.1863488
0.8490406
0.84873367
1.1963422
1.1964677
0.86338403
2.9466977
1.1863238
1.1862317
0.84853246
0.84810999
1.1965621
1.1966781
0.8641085
2.8295603
1.1861584
1.1859952
0.84781449
0.8472773
1.1967322
1.1968044
0.86474249
2.6194566
2.7798216
1.1884176
1.1860537
0.84701623
0.8468538
2.7925357
1.1969032
1.1973273
0.86572646
2.9388278
2.6635159
1.1860734
1.1752768
0.84693476
0.8452426
1.1976219
1.1874465
0.8657097
1.0288872
0.79371397
1.02781
1.2911426
1.2669264
1.2568151
1.2645299
1.2981451
1.2630073
0.79413777
1.0392184
1.0235499
1.0511019
1.2414804
1.2474667
1.0462998
0.56274953
0.53780516
0.52627089
0.57266096
0.42293861
1.2111391
0.79118608
0.78806969
0.43861878
1.2049561
0.97212191
0.9802576
0.97210233
0.93838484
0.9494868
0.9517615
0.95157563
0.93849135
0.95163109
0.97999946
0.96980121
0.97217334
1.0058734
0.83628958
0.82174054
0.83162981
1.0064259
0.83231376
2.1694326
1.949317
2.9832623
1.9254555
1.3557777
1.3050807
1.3547501
1.298962
1.3554057
1.0211582
0.85751843
0.96408405
0.90726552
0.91386383
0.96521945
0.84875973
1.0191028
0.87839326
0.95462182
0.95379945
0.87907724
0.97891699
0.86170921
0.98221998
0.79252203
1.0271998
1.0258228
1.262346
1.2941851
1.2604686
0.79449047
1.0285707
1.0271163
1.2613082
1.2972277
1.2603549
1.048944
1.2449107
1.0497475
1.244134
0.5678554
0.52907305
0.56740025
0.5295375
0.30490379
1.2242197
0.78385922
0.3060389
1.224392
0.78420157
0.98070913
0.97250212
0.97237074
0.95154463
0.93880196
0.95170275
0.98061706
0.97210517
0.97225697
0.95200206
0.93895209
0.95187227
0.83280818
1.0065909
0.83294142
0.83310661
1.0065313
0.83305067
2.1699494
1.9692821
1.9377923
1.3091992
1.355132
1.3093264
0.85684241
1.0198713
0.91326979
0.96491267
0.8568466
1.0202399
0.91307263
0.96481224
0.87828561
0.95330463
0.9534189
0.87818541
0.98084195
0.86222641
0.98061999
0.79541247
1.0251269
1.0279404
1.2641362
1.2999363
1.2647775
0.79966265
1.0311478
1.0317304
1.2595586
1.2978636
1.261676
1.0497674
1.2454728
1.0507329
1.2447548
0.56882931
0.53086909
0.56872177
0.53091672
0.30236174
1.2238964
0.78486951
0.3030574
1.2238325
0.7848793
0.98128808
0.97301393
0.97302623
0.95248386
0.93961248
0.95252938
0.98129205
0.97298681
0.97304164
0.95253306
0.9396552
0.95255363
0.83331729
1.0063878
0.83335138
0.83335459
1.0063963
0.8333746
2.161929
1.9292253
2.6151198
2.2687713
1.954996
1.30896
1.3546348
1.308995
1.3546935
0.85677288
1.019542
0.91301648
0.96454935
0.85677486
1.0195984
0.91306417
0.96454718
0.87792041
0.95276201
0.95278598
0.87790345
0.98018293
0.86191114
0.980208
0.79411565
1.0259076
1.026645
1.2641187
1.2989551
1.2638431
0.79890646
1.0310322
1.030781
1.2602348
1.2982264
1.2608295
1.0483489
1.2440969
1.049299
1.2433332
0.56739792
0.52952558
0.56751161
0.52934561
0.30472248
1.223804
0.78489556
0.30491088
1.2237154
0.78490298
0.98121374
0.97290965
0.97294319
0.9525249
0.93978233
0.95251747
0.98125435
0.97299711
0.9729971
0.95246741
0.93979507
0.95250381
0.83335178
1.0063833
0.83336516
0.8333498
1.0063918
0.83337527
2.1660397
1.9580879
2.1715376
2.6681101
2.2661206
1.9499208
1.3090352
1.354639
1.3546394
1.3090627
1.3546148
0.85684038
1.0195889
0.91319806
0.96464531
0.85682292
1.0195559
0.91326885
0.96465826
0.87794108
0.95265381
0.95264891
0.87793768
0.98066725
0.86217401
0.98074116
0.79396436
1.0297223
1.0264394
1.2640149
1.3006161
1.2638101
0.79758009
1.0310481
1.0299648
1.2635646
1.2984224
1.2606843
1.0481677
1.243218
1.0484223
1.2429823
0.56699249
0.52911608
0.5671424
0.52891804
0.30632936
1.2238234
0.78511441
0.30616007
1.2238164
0.78512248
0.98132691
0.97314245
0.97311823
0.95262929
0.9400749
0.95270049
0.98131206
0.97303065
0.97310321
0.95278715
0.94013793
0.95276579
0.83341175
1.0064049
0.83345255
0.83348232
1.0064214
0.83348708
2.1664245
1.9735988
2.2108734
1.9363942
1.3090664
1.3546806
1.3546793
1.3091031
0.85693306
1.0196585
0.91335412
0.96473845
0.85692501
1.0196436
0.91337456
0.96473966
0.87796203
0.95261119
0.95260619
0.87795251
0.98134327
0.86255312
0.98142413
0.79276854
1.0284239
1.025805
1.2623675
1.29641
1.2591944
0.79168996
1.0286583
1.0246516
1.2616113
1.2983297
1.2604818
1.0473072
1.2416728
1.0466668
1.2422387
0.56590155
0.52749614
0.5658815
0.52771613
0.30497083
1.2237944
0.78492991
0.30479417
1.2238895
0.78487244
0.98168073
0.97354222
0.97352743
0.95302847
0.94036959
0.95311012
0.98163881
0.97339754
0.97349624
0.9531698
0.94040932
0.95317927
0.83356627
1.0064962
0.83361409
0.83366391
1.0065437
0.83365802
2.165576
1.9629635
1.9563652
1.3091307
1.3547989
1.3091671
0.85691365
1.0196911
0.91341253
0.96479817
0.85691995
1.0196751
0.91345432
0.96481213
0.87796934
0.95259838
0.95258258
0.87796995
0.98214439
0.86305695
0.98225856
0.80003461
1.0309235
1.0312282
1.2630555
1.2998421
1.2648099
0.80003026
1.0289909
1.0320142
1.2637837
1.2993915
1.2636877
1.0520285
1.2461938
1.0517163
1.2461409
0.56760711
0.53089802
0.56820322
0.53036018
0.30857884
1.2231025
0.78339406
0.30549204
1.2234509
0.78323167
0.98162644
0.97328184
0.97327891
0.952762
0.93995918
0.9527546
0.98160411
0.97327362
0.97328516
0.95276229
0.93998211
0.95277575
0.83370737
1.006837
0.83375719
0.83379766
1.0069
0.83379811
2.1716937
1.9579839
2.9067226
2.2682401
1.9588611
1.3094809
1.3551276
1.3095051
1.3550403
0.85690345
1.0198142
0.91358276
0.96503579
0.85690062
1.0197485
0.91367224
0.965072
0.87808824
0.9527097
0.95268362
0.87809263
0.98320238
0.86375742
0.98332581
0.7926701
1.0265069
1.0264626
1.2655542
1.2989376
1.2637323
0.79748298
1.0321994
1.0302844
1.2609792
1.2989386
1.2613024
1.0479793
1.2440718
1.0492465
1.2430343
0.56666445
0.5294271
0.56647235
0.52961784
0.30736723
1.2232881
0.78266701
0.30869628
1.2231756
0.78277936
0.98135436
0.97298616
0.97300822
0.95257693
0.93971799
0.9525249
0.98142024
0.97311715
0.97307352
0.95248456
0.93968699
0.95250037
0.83368874
1.0068568
0.83365106
0.83354529
1.0068197
0.83361509
2.175793
1.9552877
2.1675263
1.9573738
1.3095396
1.3551486
1.3551862
1.3096033
1.355194
0.85687254
1.0198185
0.9136922
0.96515928
0.85688289
1.0198522
0.91358171
0.96513004
0.87806341
0.95277608
0.952762
0.87802864
0.98423968
0.86444522
0.98434094
0.79905705
1.0310816
1.0311111
1.2590587
1.2976047
1.2617121
0.79451763
1.0241367
1.0278467
1.2635904
1.2980032
1.2636659
1.0509439
1.2443827
1.049144
1.245648
0.56676615
0.52971553
0.56718699
0.52917785
0.30564686
1.2241568
0.78392586
0.30360006
1.2241952
0.78405119
0.98110089
0.97284039
0.97287774
0.95247122
0.93969882
0.9524809
0.98112707
0.97290225
0.97291076
0.95246766
0.9397379
0.95250855
0.83325392
1.0064494
0.83322846
0.83315148
1.0064405
0.83320482
2.2518347
1.9508202
2.8057181
1.9332448
1.3092699
1.3551907
1.35515
1.3093491
0.85676673
1.019809
0.91329828
0.96487592
0.85678022
1.0197722
0.91313616
0.9648475
0.87787037
0.95297731
0.95291417
0.87786043
0.98529208
0.86514261
0.98547361
0.79852364
1.0282699
1.0327767
1.2656914
1.3040071
1.2684133
0.80080535
1.0313975
1.0344583
1.2647012
1.302862
1.2673248
1.0532982
1.2490883
1.0533723
1.2494605
0.56358856
0.5261655
0.56406623
0.52579805
0.32260617
1.2252146
0.78301875
0.31526905
1.2255629
0.78294691
0.98030243
0.97185348
0.97188868
0.95157877
0.93861444
0.95142149
0.98039006
0.97208559
0.971977
0.95128548
0.93844561
0.95134394
0.83257844
1.0066126
0.8323879
0.83193071
1.0067338
0.83212451
2.2616775
1.9526419
1.9522186
1.308883
1.3563362
1.30927
0.85664443
1.0205527
0.9130391
0.96498098
0.8566222
1.0201075
0.9132178
0.96506972
0.87834326
0.95410562
0.95394039
0.87842078
0.98797623
0.86644884
0.988616
1.1853616
1.192608
2.1677216
1.9477231
2.3016473
1.9260588
1.8372879
1.8535813
1.5568988
1.5536381
1.8285255
1.8592928
1.1974233
1.1959224
2.1819983
1.9448148
2.3438474
2.9954967
1.9711182
1.8431755
1.8464551
1.5537348
1.5569223
1.8773369
1.8409929
1.2818839
0.69587598
1.2831223
0.59659678
0.57729081
0.57612469
0.69449788
1.2902572
1.2844412
1.0315495
0.79360903
1.0279985
1.2981892
1.2603608
1.2608744
1.2664963
1.2999782
1.2633696
0.79099483
1.0262639
1.0253641
1.2822437
0.69471105
1.2804981
0.69250084
1.2794341
1.2793236
0.5506541
0.47947974
0.47721097
0.55357718
1.049574
1.2443325
1.2456222
1.0484873
0.55066943
0.47776817
0.4777661
0.55049214
0.6822662
0.71144004
0.70645227
0.68815909
0.56158369
0.52536168
0.52388257
0.56323687
0.68315689
0.70917325
0.70762992
0.68474225
0.9161043
1.3070101
0.91619262
0.95689595
0.95068881
0.95085822
0.95062082
0.957864
0.9508154
1.3038868
0.92115885
0.91654748
0.33235586
1.2240727
0.78233507
0.78209225
0.31918184
1.2248194
0.91718046
1.3112951
0.91763215
0.95857723
0.95013955
0.95040775
0.95068793
0.9585218
0.95058857
1.3116712
0.91780805
0.91799247
0.97673527
0.98597079
0.97626308
0.93861823
0.98067117
0.98362003
0.98561531
0.94072009
0.98506904
0.98540109
0.97200083
0.97510113
0.97206972
0.98046499
0.97202955
0.93851591
0.95145264
0.95140877
0.95148598
0.93851053
0.95144852
0.98045929
0.97203545
0.97202164
0.97683807
0.98632616
0.97681498
0.94133582
0.98536778
0.98547734
0.98569036
0.94144281
0.98561937
0.98629257
0.9766944
0.97676775
1.3517564
1.3006611
1.294498
1.0080506
0.98007031
0.94523005
0.98361505
0.98697753
0.94643042
0.97698344
1.0066518
1.006988
0.8326804
0.83252683
0.83217726
1.007188
0.83231048
1.3526686
1.3048439
1.3051863
1.0087186
0.98414896
0.94723675
0.98765248
0.98743091
0.94729455
0.98453317
1.0076706
1.0158481
0.85231081
0.95961741
0.90160039
0.90842107
0.96083424
0.84344599
1.0136008
1.2488462
1.2508729
1.0158538
0.85196469
0.96115322
0.90813587
0.908452
0.96130812
0.85192918
1.0152947
1.253243
1.2525851
1.3077554
0.86977901
0.94589931
0.94499652
0.87055657
0.81148448
0.81205659
1.2697892
1.185872
1.2772459
0.87061012
0.9459849
0.87066279
0.94586574
0.81182114
0.81181516
1.1901322
1.2785518
1.2792562
0.96598474
0.85125461
0.96956126
0.85239841
0.9692621
0.96977746
1.8380733
1.8543407
1.8284148
1.8615611
2.1869074
1.9410836
1.9706678
1.8445702
1.8427378
1.5563391
1.8779656
1.8444919
1.0520934
1.2431465
1.2490643
1.0473864
0.55065885
0.47921312
0.47687468
0.5536736
1.0507306
1.2461185
1.2473806
1.0496594
0.55076256
0.47745615
0.47747711
0.55056949
0.56367183
0.53831573
0.5265388
0.57380416
0.68407111
0.71349866
0.7084939
0.68999744
0.56217435
0.52522614
0.5237775
0.56380572
0.6847583
0.71099969
0.70950902
0.68627346
0.42421897
1.2136175
0.79339205
0.79043086
0.43775893
1.2077763
0.33182551
0.78448164
0.78423688
0.3188361
1.2274626
1.0119415
0.98508908
0.94972087
0.98801548
0.99112724
0.95083665
0.98207355
1.010767
1.3566606
1.30914
1.3094556
1.3560813
1.0125182
0.98895333
0.95142469
0.99162694
0.99149645
0.9515139
0.98928742
1.0124562
1.255806
1.3131495
1.3119844
1.2577473
1.0211054
0.85700568
0.96533411
0.91337578
0.91383079
0.96551592
0.85693131
1.0204206
1.259961
1.2593765
1.3139224
0.82082064
0.82145962
1.2787641
1.1954927
1.2866272
0.87898893
0.95461743
0.87910096
0.95442472
0.82106549
0.82098546
1.1996934
1.2876897
1.2884587
0.86273385
0.98184251
0.98238031
1.1838338
1.1958425
2.168256
1.9690555
2.1652575
2.2237981
1.9370685
1.8752602
1.8550935
1.8267158
1.8488746
1.1987759
1.1912122
2.2773911
1.9590975
2.3063799
2.980604
1.9666964
1.8369316
1.8320055
1.5744594
1.5542272
1.8718499
1.8709406
0.69500561
1.2800966
1.2793609
0.56695897
0.6969278
1.2802261
1.2797703
0.56595138
1.0319653
0.79896936
1.0313155
1.2992121
1.2622953
1.2617131
1.2653019
1.2996072
1.2646049
0.79435148
1.0278059
1.0273042
1.2816596
0.70128974
1.2815317
0.56721503
0.56907
0.69694275
1.2805795
1.2803068
0.55196942
0.47913964
0.55218969
0.47919799
1.0497982
1.2440149
1.2446851
1.0490336
0.55304423
0.48021363
0.48032885
0.55271507
0.688694
0.71253345
0.68818398
0.71308949
0.56788622
0.53000946
0.52977924
0.56822713
0.68903617
0.71375865
0.71369862
0.68926236
1.3112864
0.91793218
0.91793975
0.94994102
0.95866196
0.94976844
1.3113957
0.9178674
0.91798028
0.94952055
0.95870974
0.94966063
0.30488992
1.2237936
0.78478543
0.78475897
0.30466395
1.2238197
0.91816711
1.3111797
0.91836992
0.95892508
0.94941592
0.94945808
0.94949665
0.95888512
0.94950061
1.3112586
0.91862663
0.91866109
0.98634207
0.97673839
0.97671344
0.98531621
0.94119881
0.98528083
0.98630419
0.97668714
0.97670578
0.98526412
0.94120851
0.98528859
0.97265973
0.98105648
0.97278087
0.93944099
0.95244467
0.9523789
0.9521687
0.93936549
0.95230496
0.98115252
0.97294966
0.97289536
0.97680403
0.98656313
0.9768585
0.94129606
0.98532594
0.98532051
0.98529357
0.94127981
0.98532722
0.98663712
0.97693389
0.97691845
1.3049897
1.3512288
1.3051112
0.98469672
1.0070634
0.98765359
0.94707273
0.98471238
1.0085976
0.98751454
0.94704511
1.0064131
0.83330585
0.83328213
0.83318195
1.0064409
0.83325078
1.3511003
1.30483
1.304855
1.3508606
1.0069568
0.98481766
0.94696972
0.98751672
0.9875111
0.94698617
0.98491567
1.0067778
0.85194676
1.014857
0.90806329
0.96083283
0.85192793
1.0151402
0.90796082
0.96077295
1.2534001
1.2533108
1.0147944
0.85197946
0.96059053
0.90848831
0.90794538
0.96063426
0.8519786
1.0146672
1.2531893
1.2532334
1.3059364
0.8701568
0.94498346
0.94506806
0.87009764
0.81205713
0.81205633
1.2781464
1.1902037
1.2779072
0.8700047
0.94490243
0.87004645
0.94481824
0.81204296
0.81201517
1.189784
1.2767397
1.2773623
0.96810033
0.85168409
0.96782161
0.8512672
0.96698532
0.96716519
1.8746863
1.8563777
1.8255357
1.8508147
1.5629772
2.2794199
1.958151
1.966784
1.8370922
1.8308426
1.8717579
1.872406
1.0496657
1.2463265
1.0504993
1.2455368
0.55157383
0.47848528
0.55187491
0.47844308
1.050426
1.2453831
1.2460036
1.0497096
0.55257711
0.47939251
0.47948385
0.55228587
0.56764625
0.52874465
0.56724901
0.52901889
0.69009194
0.71426223
0.68956956
0.71483016
0.56831011
0.52949027
0.5295149
0.5683105
0.69071677
0.71559645
0.7155272
0.69076787
0.30381899
1.2268564
0.78596825
0.30537014
1.2270104
0.78627388
0.30307579
0.78677729
0.78675394
0.30288386
1.2264159
0.989357
1.0117739
0.99156814
0.95115403
0.98938257
1.0122683
0.99141115
0.95108894
1.3549919
1.3090115
1.3090326
1.3547502
1.0116536
0.98944455
0.95098489
0.99137561
0.99137799
0.95098894
0.98953617
1.0114598
1.2598862
1.312142
1.25977
1.0197855
0.85680947
0.96458958
0.91300735
0.91303526
0.96461996
0.85679712
1.0196271
1.2595989
1.2596659
1.3118027
0.82100779
0.82102769
1.2866597
1.1969843
1.2863771
0.8780555
0.95318249
0.8781034
0.95307476
0.82095786
0.82090468
1.1991398
1.2856509
1.2862908
0.86198569
0.98018645
0.98023341
1.1918503
1.1932224
2.1627493
1.9281434
2.1728415
2.6084034
2.2608317
1.9537075
1.8378406
1.8770366
1.8328198
1.8326711
1.1975037
1.1858433
2.2657364
1.9514398
2.2113957
1.969237
1.8429236
1.8244396
1.5694935
1.5571669
1.8728163
1.8656686
0.69884179
1.2793182
1.2806795
0.57043577
0.70283925
1.2820332
1.2821547
0.56759234
1.0277167
0.79692607
1.0291693
1.2984694
1.2607201
1.2609502
1.2614766
1.2965886
1.2622836
0.7938958
1.0266673
1.0266395
1.2798309
0.70015615
1.2803397
0.56605463
0.69710262
1.279882
1.2796109
0.55288939
0.48082547
0.55368916
0.48026219
1.0488093
1.2433987
1.2438672
1.0484093
0.55212399
0.47982242
0.47971579
0.55217578
0.68951649
0.71406179
0.68945027
0.71412584
0.56868254
0.53009283
0.53055439
0.56830172
0.68951054
0.71369946
0.71391471
0.68929033
1.3112398
0.91909592
0.91908115
0.94943088
0.95905758
0.94944121
1.3112495
0.91883755
0.91905867
0.94944146
0.95909785
0.94947308
0.30263545
1.2238712
0.7848714
0.78490501
0.3032385
1.2238511
0.91929693
1.3112587
0.91942645
0.95922685
0.94952696
0.94952855
0.9494844
0.95920245
0.94953163
1.3113036
0.91952143
0.919625
0.98675265
0.97703296
0.97703133
0.98535921
0.94138544
0.98537801
0.9867534
0.97698417
0.97702656
0.98539827
0.94141858
0.98541425
0.97302569
0.98128547
0.97302278
0.93975185
0.95254408
0.9525481
0.95254961
0.93974441
0.95256263
0.98129165
0.97302109
0.97303996
0.97706199
0.986772
0.9770764
0.9414692
0.98541042
0.98542179
0.98542234
0.94147124
0.98544362
0.98678602
0.97707945
0.97709854
1.3047696
1.3507275
1.3048167
0.98515893
1.0066886
0.98755489
0.94700453
0.98512159
1.0078258
0.98756466
0.94703736
1.0063926
0.83336472
0.83337051
0.83336578
1.0064053
0.8333804
1.3507163
1.3047685
1.3048104
1.3506657
1.006681
0.98532695
0.94709212
0.98673573
0.98759515
0.94708916
0.98540127
1.0066729
0.85196947
1.0153986
0.90850408
0.9605475
0.85196939
1.0146349
0.90855117
0.96055711
1.2530228
1.2529956
1.015401
0.85197239
0.96055844
0.90861519
0.90858032
0.96056791
0.85197756
1.0145611
1.2529766
1.2529758
1.3055179
0.8698897
0.94449343
0.94452251
0.86987807
0.8117682
0.81180461
1.2769409
1.1895692
1.276868
0.86985716
0.94446255
0.86986723
0.9444231
0.8117363
0.81170331
1.1893175
1.2761433
1.276682
0.96653947
0.8507289
0.96640778
0.85046869
0.96593215
0.96605402
1.8394248
1.8793314
1.8319907
1.8334725
1.5739536
2.2674065
1.9478214
2.9174465
1.9687943
1.8436768
1.82183
1.8718382
1.8671881
1.0505774
1.2468665
1.0514593
1.2462188
0.55268614
0.48017001
0.55341472
0.47966357
1.0494676
1.2446601
1.2451923
1.0489721
0.5517795
0.47896994
0.47897306
0.55170192
0.56914611
0.53049259
0.56910271
0.5305227
0.69123037
0.71590512
0.6911448
0.71597805
0.56882449
0.52959783
0.53003213
0.56816663
0.69105884
0.71555149
0.71576779
0.69082951
0.30101817
1.226449
0.78685838
0.30161933
0.78685961
0.30128434
1.2264152
0.78682849
0.78685601
0.30184155
0.98980648
1.0114099
0.99138837
0.95102308
0.98975297
1.0114269
0.99146378
0.95104795
1.3546298
1.3089888
1.3090456
1.3546262
1.0114126
0.99002664
0.95117392
0.99158067
0.99148969
0.95114084
0.99011722
1.0114447
1.2593852
1.2593653
1.019531
0.85677319
0.96459366
0.91316865
0.91308443
0.96457453
0.85678075
1.0195428
1.2593472
1.2593424
1.3113285
0.82070046
0.82071884
1.285352
1.196365
1.2852724
0.8779073
0.95272109
0.8778943
0.95268624
0.82066721
0.82063917
1.1987787
1.2851037
1.2856357
0.86197637
0.98042949
0.98035373
1.1901229
1.196813
2.1637332
1.9556963
2.1708393
2.6595114
1.9510128
1.8645665
1.8696417
1.5524127
1.8278437
1.8341876
1.196362
1.1901653
2.258205
1.9476347
2.2576067
1.9655346
1.8335211
1.8283536
1.57035
1.5512589
1.8718609
1.8648386
0.69730074
1.2794159
1.2797934
0.56779298
0.70193787
1.2813236
1.2812408
0.56447846
1.0293048
0.79744137
1.0296295
1.2975716
1.2622146
1.2601568
1.2626171
1.2984299
1.2630385
0.79335895
1.0279901
1.0259037
1.2803824
0.70036249
1.2804622
0.56590251
0.69656029
1.2801911
1.2794747
0.55237713
0.48060678
0.55308568
0.48012446
1.0482726
1.2428644
1.2432368
1.0478909
0.55213775
0.47979006
0.47988656
0.55199305
0.68881667
0.71331353
0.68886307
0.71329917
0.56771056
0.52917304
0.52941034
0.56725396
0.68893106
0.71317449
0.71339409
0.68871314
1.3113302
0.91992243
0.91992143
0.94958491
0.95933727
0.94964284
1.3112987
0.91969172
0.9198996
0.9497227
0.95937493
0.94971785
0.30433466
1.2239152
0.78499567
0.78499219
0.30453902
1.2239538
0.92009219
1.3114166
0.92019612
0.95950891
0.94991506
0.94988651
0.94979048
0.95948017
0.94986117
1.311494
0.92029574
0.92039011
0.9867413
0.97706773
0.97708732
0.98542633
0.94149582
0.98542729
0.98677242
0.97709736
0.97710928
0.98541727
0.94150889
0.98544712
0.97291788
0.98118966
0.97292852
0.93991454
0.95258586
0.95254078
0.95248679
0.93988358
0.95252071
0.98121582
0.97299811
0.97297466
0.97708192
0.98672493
0.97708625
0.94151191
0.98540796
0.98542002
0.98543163
0.94152081
0.98544602
0.9867438
0.97708362
0.97710307
1.3047498
1.3506412
1.3047914
0.98551676
1.0066696
0.98764104
0.94716384
0.98551246
1.00775
0.98768086
0.94719517
1.0063954
0.83340044
0.83338759
0.83336184
1.0064052
0.83338385
1.3506447
1.304755
1.3048014
1.3506412
1.0066729
0.98560064
0.94721014
0.98683519
0.98770713
0.94724597
0.98565045
1.0066902
0.85201264
1.0145765
0.9086422
0.96057831
0.85199982
1.0145607
0.9086889
0.96059937
1.2529469
1.305472
1.3054717
1.2529393
1.0145819
0.85204941
0.96058672
0.90817865
0.90871501
0.96062741
0.85206133
1.014603
1.2529439
1.2529318
1.3054808
0.869822
0.94427751
0.94428627
0.86981641
0.81152932
0.81155184
1.2760276
1.1891383
1.2764844
0.86979857
0.94426438
0.86980906
0.9442392
0.81151138
0.81148851
1.1866602
1.2758871
1.2759094
0.96559598
0.85006443
0.96548499
0.84983865
0.96502263
0.96514265
1.8658127
1.8705227
1.8268232
1.8343909
1.5702074
2.2596538
1.9487454
1.9671612
1.8340323
1.8285902
1.8729775
1.8669417
1.0491127
1.2453431
1.0498497
1.2447549
0.55211542
0.47978743
0.5526202
0.47948015
1.0494229
1.2445959
1.2449773
1.0490113
0.5522799
0.47947708
0.4796138
0.55207546
0.56759741
0.52928259
0.56769115
0.5291789
0.69035342
0.71516023
0.69039374
0.7151473
0.56768203
0.52907918
0.52934215
0.56744659
0.6904278
0.71516388
0.7152074
0.69034371
0.30340187
0.78691885
0.3034909
0.78695617
0.30329819
0.78713826
0.78711793
0.30341543
0.99028663
1.0114944
0.99160312
0.95126171
0.99026616
1.0114521
0.99167022
0.9512876
1.3546446
1.3090533
1.309104
1.3546566
1.0114996
0.9903815
0.95137263
0.99172819
0.99168384
0.95135406
0.9904309
1.011518
1.2593478
1.2593487
1.0195959
0.85687791
0.96471339
0.91333999
0.91328611
0.96469775
0.85689068
1.0196311
1.2593526
1.2593389
1.3113271
0.8206089
0.82060415
1.2850378
1.1962539
1.2850131
0.87795165
0.95263597
0.87793683
0.95261794
0.82059427
0.82058052
1.198735
1.2849793
1.2854874
0.86230516
0.98107793
0.9809864
1.1961436
1.1983795
2.1639058
1.9727096
2.8947773
1.9376989
1.8814303
1.8453325
1.5480405
1.8366011
1.8290693
1.5606358
1.1978242
1.1995434
2.1764599
1.960236
2.2754138
2.1720669
1.9655056
1.8292044
1.8657347
1.5538011
1.5483707
1.8723613
1.8364851
0.69734263
1.2809052
1.2800057
0.56729563
0.70053245
1.281291
1.280932
0.56757893
1.0307987
0.79527056
1.0280281
1.2984301
1.2629055
1.2606266
1.2638867
1.300372
1.262451
0.79338193
1.0292112
1.026153
1.2812037
0.69839623
1.280112
0.56560713
0.69672217
1.2801777
1.2794653
0.55244267
0.48032258
0.55260798
0.480195
1.0474233
1.2419415
1.2422796
1.0470312
0.55170018
0.47915191
0.47953667
0.55127838
0.6886611
0.71325364
0.68869338
0.71325124
0.56660028
0.528147
0.52845234
0.56635084
0.68851796
0.71317512
0.71321821
0.68838375
1.3115163
0.92055149
0.92059645
0.94999598
0.95964341
0.95006364
1.3115182
0.92045646
0.9206242
0.95013058
0.95968368
0.95013948
0.30550842
1.2238563
0.78503439
0.78507325
0.30499689
1.2239011
0.92067153
1.3115448
0.92070307
0.95970005
0.95014958
0.95017378
0.9501728
0.95971651
0.9502011
1.3115964
0.9206744
0.9208207
0.98679167
0.97710631
0.97711767
0.98542678
0.94153852
0.98543314
0.98679386
0.977107
0.97712897
0.98543404
0.94155514
0.98545915
0.97320054
0.98142544
0.97324819
0.94028762
0.95298944
0.952946
0.95285385
0.94027415
0.95291745
0.98147894
0.97335392
0.97332037
0.97712724
0.98683991
0.97713866
0.94156619
0.98544855
0.98545102
0.98545189
0.94157166
0.98547073
0.98687597
0.9771534
0.97716378
1.3047475
1.3506581
1.3506604
1.3047909
0.98565846
1.006695
0.9877332
0.94728289
0.98567916
1.0077727
0.98775502
0.94730698
1.0064453
0.83355285
0.83354284
0.83350966
1.0064486
0.8335386
1.3506762
1.3047741
1.3048323
1.3507143
1.0067012
0.98569954
0.94733129
0.98781359
0.98777711
0.94733627
0.98574448
1.0067422
0.85209817
1.0146395
0.90873551
0.96064669
0.85209059
1.0146184
0.90878649
0.96066724
1.2529229
1.3054768
1.3054786
1.2529124
1.0146414
0.85210549
0.96068026
0.90880451
0.90880194
0.9606879
0.85209917
1.0146475
1.252917
1.2529054
1.3054924
0.86975663
0.94413394
0.94413973
0.86974955
0.81133085
0.81135433
1.2758165
1.1889199
1.2762846
0.86972801
0.94412427
0.86974074
0.94410169
0.81131334
0.81128991
1.1864662
1.2757272
1.2757399
0.96470102
0.8494872
0.9645944
0.8492937
0.96416045
0.96427867
1.8819903
1.846959
1.8348928
1.829176
1.5596845
2.1792338
1.9616784
2.2749112
1.9686288
1.8290432
1.8670068
1.5528569
1.8742943
1.837427
1.048831
1.2446299
1.0491628
1.2443377
0.55198365
0.47962276
0.55225631
0.47938383
1.0481014
1.2433749
1.2436443
1.0477943
0.55126933
0.4784853
0.47877214
0.55095295
0.56682163
0.52879361
0.56711834
0.52834674
0.68995639
0.71501547
0.69007012
0.71493726
0.56630851
0.527553
0.52786491
0.56605269
0.68960592
0.71449125
0.71464339
0.68941267
0.30441775
1.226429
0.78720674
0.30443207
0.78717118
0.30397095
0.78694107
0.78700215
0.30385213
0.99044883
1.0115256
0.99173259
0.95140539
0.99046519
1.011516
0.99174785
0.95141175
1.354694
1.3090843
1.3091387
1.3547285
1.0115252
0.99047348
0.95144356
0.99178261
0.99174931
0.95143311
0.99051023
1.0115509
1.2593494
1.2593442
1.0196568
0.85693345
0.96476187
0.91340082
0.91337679
0.96475076
0.85693135
1.0196673
1.2593428
1.2593334
1.3113468
0.82057204
0.82056843
1.2849617
1.1962645
1.284948
0.87795442
0.95259393
0.87794589
0.95257588
0.82055689
0.82054091
1.1987667
1.2849495
1.2854492
0.8627096
0.98178405
0.9816771
1.1937556
1.1972159
2.1645618
1.9593531
1.9562195
1.8673599
1.8329503
1.5519374
1.8610835
1.8347157
1.5494771
1.1961187
1.1864433
2.2452964
1.9429249
2.1692138
1.9569075
1.8573896
1.8226186
1.5714857
1.5667179
1.8615013
1.869356
0.69661977
1.2811459
1.2796459
0.69544324
1.279976
1.2789614
0.56820467
1.0303583
0.79665297
1.0290841
1.2981143
1.2592166
1.2606213
1.2639588
1.2967776
1.2622235
0.79232862
1.0239577
1.0258957
1.2818134
0.7002064
1.2808111
0.56807407
0.69529082
1.2784445
1.2789114
0.55116861
0.47867787
0.55069221
0.4790537
1.0501956
1.2434849
1.2450102
1.0483104
0.55196846
0.47813456
0.47921649
0.55052168
0.68791817
0.7129234
0.68795422
0.71284701
0.56701279
0.52981609
0.52936166
0.56742894
0.68827916
0.71280918
0.71294246
0.6882638
1.3115045
0.92041043
0.92065726
0.95017597
0.95969932
0.95017529
1.3116101
0.92078399
0.92084981
0.95003923
0.9596966
0.95016143
0.30382038
1.2236789
0.78409848
0.78437205
0.30295966
1.2237917
0.92034149
1.3112599
0.9202226
0.9594464
0.94963441
0.94973834
0.9499603
0.95953198
0.94986995
1.311296
0.91996437
0.92022322
0.98702032
0.97729626
0.97726947
0.98548387
0.94163499
0.98551759
0.98698802
0.97719324
0.97724405
0.98559629
0.9416843
0.98558064
0.97354831
0.98169828
0.97349398
0.9401472
0.95284125
0.95295226
0.95315761
0.94027967
0.95308635
0.98165973
0.97333567
0.97343094
0.97735117
0.98709919
0.97738727
0.941842
0.98576299
0.98572912
0.98565587
0.94181316
0.98571315
0.98710989
0.97743781
0.97742898
1.3048322
1.3507896
1.3507775
1.3048707
1.3507391
0.98576189
1.0068165
0.98785359
0.94737177
0.98578381
1.0078405
0.98787456
0.94740435
1.006701
0.83370228
0.83370788
0.83369491
1.0066743
0.83371563
1.3508334
1.3049472
1.3050664
1.3509968
1.0068581
0.98589176
0.94750988
0.9880689
0.98792334
0.94748995
0.98600372
1.0070607
0.85206705
1.0146668
0.90882365
0.96071234
0.85207565
1.0146483
0.9088606
0.96074261
1.2528988
1.305467
1.3054703
1.2528923
1.0146739
0.85205129
0.96082943
0.90893528
0.90888817
0.96081577
0.85204774
1.0147064
1.2529352
1.2528982
1.3055143
0.86969925
0.94402485
0.94402294
0.86969972
0.81113283
0.81115383
1.2756874
1.1887758
1.2761665
0.86969642
0.94402491
0.86969985
0.94401362
0.81112161
0.81110814
1.1863594
1.2756654
1.2756627
0.96381826
0.84898774
0.96370518
0.84880705
0.96323108
0.96336516
1.8705902
1.8345336
1.8607835
1.8358512
1.5489436
2.2474061
1.9428623
2.1632294
1.958187
1.8590877
1.822685
1.5715304
1.8625606
1.8711834
1.0483574
1.243394
1.047745
1.2439364
0.55108201
0.4782247
0.55062411
0.47857678
1.0509347
1.2449043
1.2463934
1.0490685
0.55171641
0.47753948
0.4786135
0.55028584
0.56566277
0.52694411
0.56565906
0.52711028
0.68872078
0.7139889
0.68877576
0.7139266
0.56707269
0.52915039
0.52883584
0.56757026
0.68920034
0.71429704
0.71419043
0.68940209
0.30584339
1.226084
0.78674838
0.3054089
0.7866492
0.30412776
0.78583065
0.78609599
0.30267995
1.2261814
0.99051821
1.0116234
0.99179333
0.95148181
0.99053837
1.0115611
0.99185317
0.95149987
1.3548357
1.309233
1.3093499
1.0116615
0.99063678
0.95162796
0.99204615
0.99188464
0.95158713
0.9907463
1.0118692
1.2593239
1.3113442
1.3113367
1.2593213
1.0196943
0.85689632
0.96491932
0.91355096
0.91347194
0.96488336
0.85689605
1.0197282
1.2593723
1.2593307
1.3113827
0.82053491
0.82052538
1.2849628
1.1963528
1.2849624
0.87800067
0.9525949
0.87797658
0.95259323
0.82053026
0.82052929
1.1989123
1.2850433
1.2855197
0.8632934
0.98275899
0.98261326
1.1909752
1.1950557
2.168965
1.9611177
1.9542374
1.8645251
1.8437774
1.5541546
1.833529
1.8351343
1.5573594
1.1963118
1.1977929
2.1904966
1.9882297
2.9199377
2.16786
1.9482925
1.8382399
1.8875376
1.8529324
1.8343648
0.70274875
1.2815873
1.2822162
0.5714149
0.70241936
1.2805324
1.2819309
1.0277352
0.79156727
1.0248858
1.2991658
1.2640677
1.2621302
1.2613274
1.2975527
1.2596335
0.79503746
1.0311175
1.0279654
1.2797997
0.69356759
1.2784806
0.56997012
0.56407027
0.6970912
1.2815918
1.2798199
0.55376785
0.47971106
0.55280821
0.48051162
1.0465976
1.242265
1.2413635
1.0476531
0.55080114
0.47904754
0.47872583
0.55137284
0.68672341
0.71165032
0.68743728
0.71093941
0.56489893
0.52784374
0.5276549
0.56500417
0.68468337
0.70895689
0.70899685
0.68466262
1.3109368
0.91959895
0.91972463
0.94959966
0.95937957
0.94957391
1.3110898
0.91995125
0.91992227
0.94956591
0.95941
0.9495914
0.31542436
1.2226783
0.78264312
0.78273649
0.31483658
1.2227013
0.91971379
1.3109746
0.91971829
0.9593914
0.94945378
0.94953947
0.94960007
0.95942659
0.94961147
1.3109793
0.91939399
0.91971162
0.98721268
0.97764702
0.97761182
0.98583222
0.94200436
0.98589523
0.98717365
0.97749664
0.9775654
0.98600341
0.94206982
0.98597968
0.97328484
0.98163572
0.97326377
0.93990607
0.95265096
0.95270036
0.95275657
0.93995126
0.95274104
0.98161204
0.97319332
0.97325252
0.97768578
0.98726664
0.97768963
0.94211101
0.9859889
0.98603299
0.98604695
0.94213865
0.98606928
0.98725235
0.97761677
0.97768175
1.3051785
1.3511057
1.3510963
1.3052154
1.3510468
0.98615202
1.0072284
0.98814206
0.94761704
0.98617421
1.008208
0.98819328
0.94765904
1.0069616
0.83374616
0.83379007
0.83382059
1.0069774
0.83382645
1.3511416
1.3052273
1.3052721
1.3511394
1.0072534
0.98615717
0.94767363
0.98822705
0.98822417
0.94769787
0.98616501
1.0084017
0.85202164
1.0155835
0.90896857
0.96092485
0.85203141
1.0147195
0.90903069
0.9609683
1.2530306
1.3055813
1.2530218
1.0156032
0.85198513
0.96100856
0.90900317
0.90905115
0.96102364
0.85252707
1.0155805
1.2530277
1.2530149
0.86969607
0.94397896
0.94397739
0.86969059
0.8109864
0.81100992
1.2756568
1.1887023
1.2761377
0.86965648
0.94397508
0.86967891
0.94395506
0.81096864
0.81094384
1.1862577
1.2756056
1.2756154
0.96283306
0.84846487
0.96269939
0.84821301
0.96206258
0.9622417
1.8608789
1.8406457
1.5545856
1.8350927
1.8375414
2.1834636
1.9847397
1.933014
1.8495261
1.8852452
1.5518988
1.5593296
1.8316929
1.8391409
1.0526259
1.2475408
1.0523985
1.2474269
0.55357857
0.47922699
0.5526815
0.47999645
1.047562
1.2439767
1.2429938
1.0487189
0.55079412
0.4787386
0.47832943
0.55147372
0.56793339
0.53040963
0.56868536
0.52994287
0.68859932
0.71377075
0.68920025
0.71315235
0.56575238
0.52812353
0.52777209
0.56601881
0.68683501
0.71145238
0.71150104
0.68684702
0.30744871
1.2255939
0.78510243
0.30410901
1.2259487
0.78491645
0.31593773
0.78430538
0.78439388
0.31581787
1.2250162
0.99093065
1.0120843
0.99209875
0.95175681
0.99093588
1.0119361
0.99222373
0.95179459
1.3551669
1.3095496
1.3551894
1.3096013
1.3551984
1.012118
0.99096636
0.95187579
0.99228295
0.99224909
0.95186915
0.99098168
1.0121805
1.2595206
1.3115178
1.3115032
1.2595254
1.0198306
0.85690886
0.96517629
0.91370756
0.91369288
0.96515911
0.85690526
1.0198537
1.2595521
1.2595295
1.3115403
0.82061551
0.82059659
1.2851152
1.1965806
1.2851258
0.8781114
0.95271286
0.87809714
0.95271294
0.82061525
0.82061407
1.1991339
1.285208
1.2856898
0.86401708
0.98385219
0.98370689
1.1909375
1.1976893
2.1751373
1.9548771
1.9583167
1.8606803
1.8673552
1.5654922
1.8338902
1.8522204
1.1881468
1.1997818
2.1677168
1.9545196
2.915469
1.9510244
1.8354707
1.8621224
1.5598825
1.827537
1.8450946
0.69516174
1.2797004
1.2795936
0.56961615
0.70005109
1.2821377
1.2812501
1.0297193
0.79858553
1.030945
1.2977454
1.2619632
1.2633138
1.26291
1.301453
1.2644154
0.79792267
1.0277475
1.0303767
1.2811897
0.70158905
1.2819567
0.56690531
0.57139446
0.70098876
1.2799748
1.281476
0.55042669
0.47882715
0.55138161
0.47817433
1.0514164
1.245684
1.2457605
1.0509674
0.55291126
0.4790712
0.47966808
0.55216237
0.68591328
0.7100221
0.68568552
0.71032788
0.56770492
0.53066937
0.53071257
0.5677687
0.6867679
0.71118552
0.71118738
0.68678015
1.3109717
0.91898606
0.91923438
0.94942868
0.95924694
0.94941147
1.3109893
0.9193874
0.91942399
0.94935299
0.95920941
0.94941294
0.30512271
1.2232488
0.78349855
0.78334099
0.30411411
1.2234557
0.91892232
1.3108172
0.9188598
0.95920781
0.94966437
0.94952097
0.94937545
0.95918854
0.94944027
1.31097
0.91898645
0.91900394
0.98700257
0.97735839
0.97743475
0.98595546
0.94196821
0.98590144
0.98707685
0.97757097
0.97751658
0.98577976
0.94191053
0.9858651
0.97300819
0.98129558
0.9730108
0.93972349
0.9525167
0.95254558
0.95252687
0.93973284
0.95256229
0.98126714
0.9729598
0.97301399
0.97731166
0.98687027
0.97724438
0.94158511
0.98548323
0.98557619
0.98573337
0.9416872
0.98567901
0.9868203
0.97706332
0.97717646
1.3051643
1.3510588
1.3511078
1.3052446
0.98590229
1.0082647
0.98821612
0.94758147
0.98602646
1.0084111
0.98804988
0.94753942
1.006607
0.8333224
0.83340082
0.833509
1.0066781
0.83347373
1.3510214
1.3049941
1.3050062
1.0082208
0.98551615
0.94724447
0.9877335
0.98798803
0.9473321
0.98543117
1.0080884
0.85244837
1.0154908
0.90898474
0.96095689
0.85248301
1.015576
0.90884222
0.96093589
1.2529752
1.2529252
1.0154804
0.85236856
0.96075103
0.90858371
0.90879513
0.96081009
0.85235239
1.015415
1.2528527
1.2528761
0.86949065
0.94382407
0.94383797
0.86944372
0.81075031
0.81078329
1.276051
1.1885139
1.2760499
0.86933329
0.94380737
0.86939185
0.94378138
0.8107223
0.81069539
1.1884178
1.2755242
1.276011
0.96155395
0.84771476
0.96138253
0.84739108
0.96067572
0.96085369
1.8603591
1.8658568
1.8334864
1.854346
2.1692037
1.9571196
1.9527431
1.8346723
1.8633642
1.5573504
1.5487781
1.8276336
1.8439563
1.0486561
1.2454236
1.0500135
1.2443191
0.55029175
0.47843434
0.55136171
0.47766278
1.05201
1.2470428
1.2469857
1.0516962
0.55266789
0.4785262
0.47907147
0.55199692
0.5676579
0.52980174
0.56758634
0.52991257
0.68781685
0.71215042
0.68766352
0.71236359
0.56850419
0.53065474
0.530775
0.56858418
0.68845296
0.71318987
0.71300941
0.68862706
0.30909547
1.2255975
0.78425356
0.31020135
1.2254853
0.78433454
0.30713378
0.78500904
0.7848416
0.30608365
1.2257278
0.99077593
1.0120932
0.99226602
0.95181672
0.99088155
1.0121811
0.99212282
0.95176849
1.3551098
1.3093816
1.3093937
1.3550718
1.0120311
0.99039796
0.95150484
0.99183614
0.99204577
0.95157315
0.99030745
1.0119135
1.259577
1.311579
1.3115816
1.2595498
1.0198004
0.85682385
0.96497789
0.91335535
0.91352768
0.96501453
0.85681027
1.0197698
1.2594947
1.3115566
1.2595086
0.82068148
0.82066561
1.2852662
1.1967362
1.285276
0.87797299
0.9527684
0.87799403
0.95276358
0.82067655
0.82067589
1.196777
1.285407
1.2858526
0.86465675
0.98480558
0.98466254
1.192077
1.18874
2.2464563
1.9534197
2.1879715
1.9333701
1.8323375
1.8461876
1.5749601
1.8328579
1.8774572
1.2008241
1.1954516
2.1593652
1.9432136
2.2453542
2.9188649
1.9974656
1.837686
1.8521348
1.568685
1.553209
1.8965697
1.8580424
0.70146262
1.2818355
1.2815201
0.56730697
0.69713477
1.2787506
1.2800916
1.0294513
0.79307308
1.0265387
1.2982405
1.262146
1.259923
1.262501
1.297792
1.2610108
0.79054094
1.0269603
1.0246175
1.2808109
0.69500554
1.2789374
0.69192064
1.2795264
1.2778806
0.55220321
0.47771232
0.55046624
0.47894799
1.0481832
1.2431677
1.2434571
1.0475014
0.55133014
0.47784656
0.47855292
0.55029251
0.68643434
0.7113251
0.68670586
0.71104684
0.56345906
0.52468505
0.52530154
0.56294518
0.68491285
0.70943623
0.70967339
0.6846547
1.3116384
0.91933183
0.9194426
0.94989071
0.95939351
0.95011563
1.3115971
0.91926777
0.91949821
0.95048414
0.95948163
0.9503477
0.31431508
1.2241068
0.7838588
0.7839983
0.31536114
1.2243616
0.91941194
1.3118883
0.9194071
0.95939815
0.95090248
0.95088734
0.95066932
0.95951092
0.95082726
1.3120514
0.91911187
0.91944244
0.98659165
0.97682604
0.9768823
0.98542539
0.94134145
0.98537145
0.98663548
0.9769958
0.97694656
0.98529389
0.94129388
0.9853542
0.97279328
0.98095019
0.97266955
0.93935143
0.95182147
0.95206494
0.9524193
0.93956765
0.95229228
0.98082457
0.97228905
0.97251185
0.97680045
0.98647544
0.97675106
0.94107974
0.98515979
0.98520356
0.98528022
0.9411444
0.98526404
0.98640045
0.97659731
0.97669706
1.3048784
1.3511007
1.3049616
0.98494886
1.0080528
0.98768237
0.94704266
0.98511628
1.0080933
0.9874856
0.94699381
1.006445
0.83277223
0.83293123
0.83311712
1.0064422
0.83305563
1.351195
1.3048613
1.3049406
1.0080959
0.9846001
0.94679068
0.98727202
0.98744318
0.94684424
0.98455531
1.0083058
0.85224571
1.01541
0.9085288
0.96063656
0.852284
1.0154187
0.90834044
0.96062046
1.2527354
1.252698
1.0154403
0.85213544
0.9605581
0.90815349
0.90829766
0.9605749
0.85209449
1.0155467
1.2526918
1.252676
1.305838
0.86910146
0.94378796
0.9437582
0.86907132
0.8105663
0.81059168
1.2761045
1.1884526
1.2761646
0.86902885
0.9438234
0.86904741
0.9438591
0.81053559
0.8104918
1.188399
1.2761661
1.276478
0.96026055
0.84695233
0.96015911
0.84685602
0.96011223
0.96005482
1.8294426
1.8466424
1.8346827
1.8789501
1.5573595
2.1590078
1.9444142
1.9973328
1.8382643
1.8540564
1.5519266
1.8963267
1.8583881
1.0517515
1.2459927
1.0500863
1.2471312
0.55214982
0.4772497
0.5504505
0.47843501
1.0489444
1.2445475
1.2448944
1.0481956
0.55106838
0.47711643
0.47786268
0.54997323
0.56720535
0.52936235
0.56780064
0.52868869
0.68823191
0.71327783
0.68854628
0.71298303
0.56390324
0.52429892
0.52482634
0.56348884
0.686477
0.71115418
0.71138934
0.68620111
0.3071198
1.2264568
0.78545229
0.30517764
1.2264956
0.78558327
0.31512241
0.78542873
0.78556003
0.31575909
1.2266734
0.98982045
1.0118815
0.99176794
0.95130687
0.98998551
1.0118968
0.99156975
0.95124567
1.3552782
1.3092508
1.3093317
1.3557622
1.0119022
0.98946258
0.95108308
0.99140355
0.99150984
0.95110844
0.98941672
1.0121417
1.2594555
1.3117952
1.3117193
1.2594439
1.0198331
0.85669654
0.96483296
0.91302211
0.91308998
0.96481747
0.85666485
1.0199976
1.2594808
1.2594396
1.3120376
0.82083062
0.82080312
1.2856112
1.1969449
1.2857044
0.87790164
0.95302926
0.87786553
0.95309669
0.82082854
0.82081911
1.199681
1.28644
1.286696
0.8655482
0.98656982
0.98621537
1.1970775
1.1951935
2.2622669
1.9543578
2.1610714
2.2477207
1.9529424
1.82933
1.8678867
1.8335095
1.8397287
1.1883311
1.1896062
2.2529172
1.9454235
2.1788221
2.6386751
1.9506457
1.8778196
1.8275391
1.5658628
1.5778063
1.8267382
1.8686234
0.69922264
1.2812313
1.2824481
0.57635883
0.70151614
1.2819559
1.2830209
0.57640264
1.0249589
0.79491991
1.0291391
1.2942671
1.2688013
1.2597486
1.2620296
1.298357
1.264041
0.79730147
1.0406885
1.0267434
1.2800215
0.69564142
1.2825157
0.59785728
0.57640754
0.69621354
1.2903735
1.2847761
0.55218244
0.47930077
0.55256603
0.4790689
1.0509669
1.242271
1.2476842
1.0469862
0.55051115
0.48063738
0.47766833
0.55423704
0.68448166
0.70937563
0.68479327
0.70906367
0.5654746
0.53926469
0.52814832
0.57499855
0.68558268
0.71511698
0.70995795
0.69166543
1.3115732
0.9169671
0.91788764
0.95091218
0.95879289
0.95085519
1.3120628
0.91893955
0.91864516
0.9504898
0.95850122
0.95071905
0.40646658
1.2128001
0.79298382
0.78933372
0.42961335
1.2056107
0.91565072
1.3068192
0.915477
0.95640525
0.95022845
0.95039477
0.95018835
0.95736606
0.95025994
1.3036827
0.92066255
0.91603812
0.98606812
0.97638611
0.97645775
0.98515785
0.94099611
0.98516492
0.98612973
0.97654484
0.97650801
0.9851887
0.94101229
0.98521251
0.97191167
0.98000312
0.97188942
0.93810441
0.94931841
0.9515677
0.95137132
0.93820682
0.95141654
0.97975484
0.96964699
0.97198725
0.97624731
0.98557541
0.97572556
0.93793251
0.98002651
0.98299197
0.98507295
0.94007707
0.98446474
0.98504629
0.97147224
0.97457303
1.3044531
1.3522349
1.3048608
0.98370222
1.0069264
0.98722899
0.94669972
0.98417376
1.0084032
0.98665144
0.94666751
1.0052069
0.83587847
0.82136416
0.83135891
1.0057979
0.83198942
1.3512723
1.3000553
1.293814
1.3506184
1.0061896
0.97932068
0.94423802
0.98170285
0.98613942
0.9455441
0.97613454
1.0045671
0.85138526
1.0159595
0.90815111
0.96063553
0.85195321
1.0156425
0.90820783
0.96070647
1.2522475
1.2515405
1.0159012
0.8516036
0.95869674
0.90055114
0.90811252
0.96001123
0.84269211
1.0126776
1.2477064
1.2497767
1.3045657
0.86917546
0.9445048
0.94441222
0.86918385
0.81006515
0.81007337
1.2769183
1.1881544
1.2775777
0.86822653
0.94440507
0.86903719
0.94349087
0.8097222
0.81029404
1.1836906
1.2675335
1.275474
0.96079757
0.84693097
0.96123856
0.84561246
0.95696834
0.96062338
1.8285938
1.8708974
1.8321983
1.8408323
1.5759867
2.2567116
1.9462766
1.9526717
1.8783942
1.826688
1.8272799
1.8710974
1.0540176
1.2504575
1.0541046
1.2508378
0.55196187
0.47864731
0.55235912
0.47842025
1.0517484
1.2438032
1.2491304
1.0478945
0.55037176
0.48023195
0.47713553
0.55424421
0.563942
0.5257698
0.56446949
0.52534007
0.68589639
0.71106261
0.68626575
0.71071577
0.56527408
0.53887166
0.52775386
0.57482649
0.6868022
0.71668814
0.71151208
0.69283894
0.32177659
1.2276213
0.78457064
0.31453924
1.2279436
0.7844962
0.40858947
0.79466409
0.79110969
0.43002879
1.2079277
0.98863648
1.0119913
0.99136052
0.95105509
0.98907262
1.0122328
0.9909284
0.95104304
1.3553826
1.3045651
1.2983594
1.3547821
1.0112988
0.9844207
0.94890163
0.98711074
0.99045024
0.95008906
0.98129596
1.0098621
1.2592519
1.3133533
1.2586146
1.0205247
0.85699078
0.96332241
0.90638769
0.91315933
0.96451649
0.84818293
1.0183265
1.2549318
1.2569187
1.3111783
0.82077877
0.82071213
1.2874318
1.1974156
1.2876854
0.87766331
0.95406763
0.87835621
0.95323638
0.82049939
0.82112424
1.1958358
1.2785929
1.2864131
0.86578378
0.9861467
0.98913922
1.8911579
0.86871377
1.9256509
0.87182629
2.1551219
0.87049836
2.1721889
2.9710552
0.8703529
2.1609691
2.977151
0.8705289
2.1880163
0.87085033
2.1712178
2.9643308
0.87136834
1.9433417
2.7721481
0.87189859
1.7398636
0.87245333
2.1460411
0.87421868
1.8787542
2.0942131
0.84944383
0.85431966
0.85768924
0.86136798
2.1127978
0.86065322
0.86499538
0.8720944
1.9026154
1.8709554
0.85428157
0.85394169
0.86112154
0.85970362
1.8940657
2.6743689
0.86491233
0.86461738
0.87056452
2.1261307
1.8751602
0.85393216
0.85380072
0.8595916
0.85891804
1.8968431
2.6798826
0.86462527
0.86489564
0.87033669
2.1445267
2.9580793
1.8857381
0.85378476
0.85358816
0.85884643
0.85837678
1.901596
2.6993246
0.86492913
0.86519475
0.87049135
2.1389424
2.9637561
2.1512594
2.9594336
0.85356273
0.85332747
0.85832091
0.8579397
2.1700101
2.9750812
0.86521836
0.86544483
0.87079165
2.157641
2.970676
1.905529
2.6882593
0.85330377
0.85308295
0.85789739
0.85759008
1.9318794
2.6985022
0.86547149
0.86578622
0.87128753
2.1426714
2.1027797
2.9343907
0.85305388
0.85263993
0.85755123
0.85717572
2.091794
2.9257828
0.86582267
0.86601129
0.87182758
1.957293
2.0708418
2.8626643
0.85256533
0.85183085
0.85712013
0.85672909
2.1098225
2.8872945
0.8660051
0.86587157
0.87234471
1.7145956
2.059869
0.85173111
0.85124133
0.85672143
0.85718114
2.0834787
0.86583947
0.86612965
0.87386937
2.1173278
1.8830208
0.85120397
0.84599168
0.85734452
0.85320612
1.8928835
2.669813
0.86622117
0.86267949
0.87174883
0.80489198
1.0754287
1.0736811
0.81184283
0.59563583
0.51522934
0.48288414
0.61626402
0.7111222
0.69839717
2.1915875
0.7904594
1.298959
1.2980346
0.81391202
0.98360702
0.9393995
0.94162248
0.98033703
1.0076639
1.0107175
1.6146386
0.87191682
1.6885445
0.80222077
1.0670639
0.80319154
1.0662566
0.60431797
0.48775196
0.6026337
0.48961168
0.70615561
0.70769039
1.9693689
2.7231899
0.78962247
1.2953885
0.79153819
1.29483
0.98394339
0.94171106
0.98369925
0.94202329
1.0101697
1.0099246
1.6924924
0.8711233
1.6919431
0.80097151
1.066974
0.80349313
1.0645193
0.60488837
0.4914026
0.60487441
0.49092941
0.70821686
0.70840033
1.7346125
0.78830132
1.2965828
0.79477458
1.2952591
1.2264781
1.2263735
0.98433944
0.9424441
0.98429196
0.94255778
1.009841
1.0098582
1.692081
0.87039011
1.6923178
0.80103938
1.0664536
0.80276609
1.0651141
0.60397411
0.49066922
0.60415409
0.48951979
0.70787315
0.70789577
1.8771854
0.78942394
1.2963374
0.79432507
1.2957464
1.2264541
1.2262779
0.98441217
0.94274403
0.98436905
0.94289602
1.0099169
1.009948
1.6925669
0.87041879
1.692741
0.80292887
1.0671517
0.80274727
1.0673666
0.60350677
0.48994042
0.60350947
0.48898012
0.70803179
0.70789704
2.1308797
2.9040231
0.79284863
1.2963467
0.7950021
1.2978333
0.98464516
0.94320066
0.98455967
0.94332304
1.0099811
1.0099856
1.6930086
0.87064809
1.6932106
0.80310121
1.0667114
0.80146673
1.0677566
0.60263326
0.48810738
0.60238859
0.48860293
0.70830522
0.7080793
2.1184196
2.9375557
0.79243215
1.2962283
0.79240754
1.294805
1.2259778
1.2262891
0.98496507
0.94349156
0.98487006
0.94346289
1.010037
1.0101279
1.6936981
0.87103977
1.6942456
0.80383093
1.0648102
0.80107647
1.0664277
0.60196746
0.49083279
0.60413818
0.48959681
0.70675093
0.70490942
2.1012223
0.79505311
1.2977646
0.79165896
1.2970333
0.98464298
0.94283917
0.98460104
0.94279365
1.0103191
1.0104796
1.6954698
0.87159441
1.6964149
0.80125193
1.0672688
0.8037391
1.0651274
0.60220374
0.49034144
0.60137043
0.49024769
0.70446878
0.70541545
1.8121899
2.6646601
0.78830737
1.2985666
0.79539643
1.2947367
1.2253103
0.98445183
0.94268146
0.98456733
0.94261097
1.0105086
1.0103776
1.6987349
0.87209273
1.700197
0.80469876
1.0629185
0.79917887
1.0672772
0.60154394
0.48987505
0.60281802
0.48771266
0.70676843
0.70629394
1.9545788
0.79550508
1.2946146
0.78620432
1.2965132
0.98432736
0.9427073
0.98437003
0.94274678
1.010105
1.010024
1.7029619
0.87287911
1.7047147
0.80217579
1.0682233
0.80296441
1.0682815
0.59876745
0.48610237
0.59993332
0.48518483
0.70464445
0.70240433
1.9208669
2.6863757
0.78833173
1.2991203
0.79296007
1.3011596
0.98336822
0.9417843
0.98365317
0.94124147
1.0101007
1.0103359
1.7079893
0.8748256
1.7089192
2.1740516
2.9684635
2.156295
0.8140606
0.59074283
0.77367629
0.78555418
0.5673531
0.5737388
0.78052767
0.65256577
0.48432861
0.45918456
0.66227415
0.80425737
1.0673781
1.0707495
0.8025319
0.65251495
0.46096552
0.45898428
0.65154994
0.63426226
0.76324969
0.74961388
0.65093262
0.59632152
0.48642317
0.48279738
0.60098643
0.63503658
0.75530255
0.75059475
0.63982278
0.70510804
0.70001869
0.85187333
0.85339669
1.6028781
0.86104055
1.675731
2.6475609
2.8063366
0.86159746
1.6787752
1.6794886
2.814202
2.8137818
1.1851344
1.557046
1.1858738
1.5525881
2.18591
3.0109549
1.1826386
1.5544379
1.1894339
0.69264858
0.71154667
0.81866261
0.58699674
0.77911825
0.79367533
1.2932976
1.3002671
0.78909453
0.69561379
0.69205804
0.79081662
0.78590328
0.80535338
1.0766277
1.0745406
0.81261311
0.65285828
0.48429182
0.4586963
0.66282963
0.80477874
1.0683351
1.0716298
0.80303587
0.6528691
0.46040672
0.45847492
0.65185428
0.5965985
0.51566601
0.48268414
0.61757803
0.63562963
0.76540858
0.75175445
0.65249354
0.59717633
0.48605436
0.48250709
0.6016305
0.63631187
0.75726394
0.75268104
0.64076312
1.3113915
0.95788102
0.96152439
1.3182776
0.713345
0.70054518
1.313363
0.9618439
0.96170619
1.314438
0.70713433
0.7021294
0.98954715
0.93821696
0.94487047
0.98600347
0.98366172
0.94165042
0.94160098
0.9836684
0.98962767
0.94471034
0.94496863
0.9895243
1.010326
1.0108238
0.86278726
0.86422668
2.6609412
2.8226575
0.87242292
1.6927362
1.6924987
2.8319928
2.8302915
1.9479941
2.7135582
1.5598797
1.5642164
2.1572746
0.78548204
0.56812471
0.56703283
0.78628994
0.78604258
0.56792497
0.56939754
0.78448001
0.65181916
0.4620613
0.65235635
0.46375665
0.80305359
1.0659214
1.0668245
0.80229858
0.65257991
0.46509398
0.46439347
0.65212828
0.64284736
0.75644122
0.64113484
0.75804644
0.60411594
0.4908551
0.48961656
0.60464723
0.64297742
0.7583675
0.75820843
0.64301369
0.70813009
0.70788795
0.85408375
0.85403968
1.6779836
0.86039022
1.6761397
2.813224
2.8112572
0.86019467
1.6739553
1.6754972
2.808155
2.8103309
1.1863895
1.5593633
1.1881367
2.1849781
2.9946282
1.1955092
1.5735474
1.1863664
1.5523823
0.69356603
0.6947758
0.79092134
0.56082949
0.55895474
0.79191167
0.79492904
1.2978278
1.2976152
0.79041058
0.69846516
0.69437396
0.79162889
0.79019466
0.80230785
1.0678793
0.80349981
1.0669851
0.65169437
0.46134185
0.65248006
0.46249623
0.80309108
1.0666579
1.0674771
0.8024282
0.65242088
0.46388224
0.46304797
0.65207647
0.60449963
0.48731959
0.60292433
0.48855138
0.64377888
0.75837593
0.64197656
0.76004589
0.60497645
0.48997349
0.48897805
0.60517511
0.64400128
0.76043014
0.76023633
0.64420976
1.3139878
0.96185387
1.3143241
0.9618481
0.70819318
0.70977812
1.2265055
1.2264133
1.3139453
0.96199242
0.96188787
1.3139309
0.71022694
0.7099772
0.98961434
0.94466234
0.98952865
0.94460687
0.98405107
0.94240242
0.94215682
0.98425676
0.98968333
0.94471023
0.94463293
0.98981851
1.0098569
1.0099068
0.86469318
0.86464464
2.8317857
2.8310078
0.87092952
1.6919727
1.6918739
2.8315439
2.8311995
1.7112319
1.5513895
1.5740848
2.1161175
2.899749
0.78342816
0.57041391
0.56470498
0.78774999
0.78552936
0.56555145
0.56516146
0.78677907
0.65097105
0.46580393
0.65310083
0.46513932
0.80097978
1.065678
1.0646895
0.8018768
0.65089873
0.46488606
0.46510818
0.65171869
0.64365605
0.75846809
0.64320868
0.75858389
0.60509142
0.49068218
0.49125977
0.60431517
0.6436338
0.75796184
0.75852466
0.64291102
0.70797775
0.7083877
0.85389763
0.85388696
1.673473
0.8592759
1.672348
2.8075708
2.8059628
0.85918979
1.671275
1.6720146
2.8048543
2.8056805
1.1847863
1.5501965
1.1927215
2.1365091
1.1904635
1.5681176
1.186134
1.5560531
0.69285487
0.69904804
0.78909891
0.55696897
0.79302295
0.7911378
1.2950178
1.2952176
0.78940761
0.69547572
0.69395088
0.79139499
0.55688485
0.55723542
0.79214402
0.80135616
1.0676754
0.80363704
1.0654549
0.65117685
0.46453403
0.65308857
0.46429055
0.80129945
1.0662376
1.0655621
0.80179501
0.65104515
0.46380901
0.4641755
0.65147458
0.60577206
0.49066178
0.60546394
0.49073691
0.64475822
0.76051842
0.64442064
0.76063218
0.60572403
0.48991615
0.49074578
0.60457684
0.64472088
0.75999845
0.76056476
0.64386135
1.3139307
0.96204206
1.3139369
0.96213347
0.71032432
0.71047686
1.22645
1.2263466
1.3139519
0.96233978
0.96218289
1.3139442
0.71003673
0.71043954
0.98992366
0.94475324
0.98987011
0.94483557
0.98435133
0.94271451
0.94260484
0.98436489
0.98994659
0.94494439
0.94487323
0.98997434
1.0099201
1.0098874
0.86474398
0.8647767
2.8316333
2.8319739
0.8703542
1.6924805
1.6923223
2.8318035
2.8318901
1.8489134
1.5713422
2.149392
2.9569138
0.78343994
0.56795858
0.78620507
0.78454247
0.56592368
0.56583584
0.78461159
0.65096061
0.46511548
0.652499
0.46418561
0.80147887
1.066193
1.0656536
0.80197444
0.65124993
0.46410973
0.46424479
0.65160137
0.64264802
0.75785043
0.64276644
0.75778944
0.6040547
0.48928031
0.48969381
0.60352487
0.64273851
0.75762256
0.75784185
0.64244075
0.70801383
0.70797046
0.85373862
0.85371497
1.6710384
0.85865801
1.6704844
2.8047096
2.8039083
0.85859797
1.6698631
1.6702546
2.80295
2.8035026
1.184693
1.5503391
1.1920714
2.1703348
2.9665376
1.194364
1.5699943
1.1842489
1.5499653
0.69380743
0.69856635
0.78935217
0.79121689
0.79362463
1.2980449
1.2959178
0.79154844
0.69777186
0.69569704
0.78971433
0.55873526
0.55884643
0.78954135
0.80160978
1.066984
0.80265775
1.0662085
0.65132698
0.46407582
0.65223525
0.46363764
0.80219435
1.0671861
1.066797
0.80249142
0.65177278
0.46355512
0.4638289
0.65193187
0.6042763
0.49004028
0.60445746
0.48926461
0.64359743
0.75988532
0.64372194
0.75985544
0.60434948
0.48903628
0.48949652
0.60404935
0.64365543
0.75987052
0.75989865
0.64340698
1.3141005
0.96241447
1.3139661
0.96260863
0.70996704
0.71002647
1.2264614
1.2265062
1.3141436
0.96284714
0.9626825
1.3142007
0.71012866
0.71008808
0.99004172
0.94497786
0.99000495
0.94502281
0.98444805
0.94316463
0.94297522
0.9845362
0.99007186
0.94507039
0.94504834
0.99011136
1.0099938
1.0099785
0.86507103
0.86510075
2.831708
2.8318904
0.87042322
1.6929293
1.6927745
2.8322797
2.8321227
2.1075492
2.1373291
2.9628027
0.78231225
0.56793423
0.78246104
0.78300675
0.56544597
0.56794594
0.7814515
0.65223496
0.46440602
0.65219828
0.46400503
0.8029463
1.0668388
1.0677393
0.80175088
0.65212175
0.46295436
0.46377723
0.65088586
0.64223295
0.75767396
0.64243176
0.75774684
0.60343275
0.48846746
0.48884402
0.60263307
0.64215883
0.75788234
0.75776664
0.64174998
0.7082823
0.70810456
0.85348892
0.85345966
1.6697387
0.85816998
1.6694549
2.8029615
2.8024909
0.85812244
1.6691242
1.6693564
2.802323
2.8025156
1.1830485
1.5463882
1.1903757
2.1649652
2.9765066
1.1865302
1.1829639
1.5464805
0.69709667
0.6991884
0.78767336
0.55958347
0.78810135
0.79438256
1.2969211
1.2961593
0.79291303
0.69870271
0.69708142
0.78823003
0.5600584
0.78703015
0.80296584
1.068027
0.80309222
1.0680511
0.65206145
0.4636625
0.65235133
0.46306363
0.80300016
1.0677727
1.0684436
0.80210874
0.65196317
0.4621722
0.46281426
0.6510331
0.60365775
0.48909615
0.6039789
0.48826992
0.64297046
0.75986479
0.64331429
0.75973334
0.60321571
0.48734085
0.48812951
0.60298302
0.64283233
0.75940263
0.75965946
0.64231259
1.3142128
0.96289578
1.314214
0.96294329
0.71013003
0.71002195
1.2264023
1.2263613
1.3142238
0.96296903
0.96295678
1.3142044
0.70982433
0.70996813
0.99016458
0.945086
0.99014118
0.94507929
0.98469117
0.94348623
0.94337662
0.9848271
0.99019273
0.9451145
0.94509249
0.99026226
1.0100358
1.0100096
0.86533265
0.86535578
2.832196
2.8325259
0.87066871
1.6934832
1.6932089
2.8327253
2.8324794
2.0942943
2.9247527
1.836503
2.7197165
0.7832001
0.56498892
0.7814482
0.78944992
0.56312047
0.56979156
0.78135348
0.65207721
0.46277498
0.65058315
0.46389001
0.80396614
1.0633707
1.0677705
0.79921875
0.65280539
0.46381107
0.46437736
0.6488104
0.6416044
0.75787351
0.64154074
0.75793691
0.60301059
0.49031014
0.48933588
0.60402615
0.64180517
0.75722058
0.75779678
0.64226813
0.70716833
0.70789078
0.8532382
0.85321201
1.6689653
0.85778402
1.6686269
2.8020758
2.8014495
0.85774769
1.6680234
1.6685115
2.8010138
2.8015651
1.1851374
1.5512303
1.1826341
1.8614696
2.7277581
1.193221
1.1933594
1.5661752
0.69761297
0.69675815
0.78827924
0.78668334
0.79396184
1.2958394
1.299112
0.78581415
0.69894403
0.69013456
0.79473888
0.78679107
0.80351434
1.0677492
0.80195844
1.0687188
0.65227186
0.46206999
0.6508441
0.46339757
0.80425447
1.0642295
1.0685972
0.79945057
0.65290024
0.46311949
0.46380929
0.6488876
0.60270897
0.48720333
0.60274907
0.48853652
0.64193285
0.7592978
0.64206877
0.75913667
0.60312831
0.48954445
0.4891954
0.60451347
0.64220871
0.75919221
0.75912239
0.64322965
1.3140048
0.96297674
1.3142334
0.96284495
0.70973962
0.70946782
1.2262918
1.3139486
0.96241626
0.96275383
1.3139223
0.70915683
0.70937557
0.99039215
0.94514486
0.99031384
0.94522254
0.98493915
0.94295405
0.94338902
0.98466671
0.99039627
0.9453559
0.94526317
0.99027952
1.0102873
1.0101821
0.86561227
0.86564921
2.833046
2.8339414
0.87108542
1.6950922
1.6943476
2.8348432
2.83393
2.0819442
2.896509
2.117102
1.5518183
1.5545386
0.78658826
0.56781161
0.57007776
0.78441476
0.78283015
0.56666378
0.78645228
0.65303476
0.46438066
0.6503279
0.46443652
0.80152813
1.0670848
1.0652827
0.80339136
0.65097153
0.46438699
0.4633136
0.65230472
0.64009921
0.75681799
0.64219474
0.75447746
0.60098544
0.48976466
0.48843995
0.60091362
0.63924969
0.75395668
0.75385011
0.63906648
0.70416872
0.70436584
0.85293825
0.85288326
1.6677557
0.85742624
1.6670748
2.800641
2.8002481
0.85737879
1.6654697
1.666713
2.7979071
2.7998654
1.1884668
1.1862295
1.5535578
2.0878389
2.8408234
1.1843257
1.1876335
0.6986088
0.6956975
0.79187646
0.56053154
0.79005664
0.79063947
1.2960188
1.2953938
0.79467336
0.69398462
0.69841665
0.78849094
0.56217048
0.79227813
0.80386784
1.0656932
0.80134447
1.0670372
0.65299783
0.4636774
0.65046299
0.46370872
0.8016907
1.0677911
1.0658748
0.80388259
0.65104262
0.46398049
0.46265291
0.6527147
0.60329237
0.49011398
0.60486346
0.48898394
0.6417084
0.75897806
0.64336741
0.75711373
0.60236922
0.48955986
0.48799024
0.60255394
0.6409155
0.75622886
0.75647229
0.64091891
1.3136045
0.96235986
1.3138899
0.96234529
0.70888444
0.70713029
1.3136799
0.9623422
0.96236512
1.3136286
0.70621904
0.70654085
0.99039678
0.94541389
0.99028475
0.94557236
0.98466677
0.94274375
0.94279434
0.98463162
0.99043792
0.94561162
0.94561662
0.99041066
1.0105506
1.0105299
0.86595229
0.86596927
2.8353743
2.8361954
0.87164137
1.6982042
1.6967518
2.8390153
2.8366965
1.7822866
2.6467693
1.5706689
2.0794884
1.5518717
0.78240682
0.57109005
0.56702377
0.78637207
0.78811688
0.5697553
0.78416899
0.65032731
0.46480811
0.65247565
0.46447392
0.80313255
1.0639109
1.0661602
0.80041484
0.65211394
0.46421232
0.46516404
0.64979743
0.64037616
0.75434045
0.63955694
0.75543828
0.60261787
0.49057206
0.49087818
0.60297656
0.64061074
0.75632948
0.7557681
0.64104985
0.70654617
0.70570684
0.85229556
0.85218882
1.6650278
0.85694873
1.6637687
2.7975069
2.796153
0.85689139
1.661952
1.6632744
2.7936504
2.7956107
1.1915071
1.5637248
1.1895846
1.5670203
2.1082811
2.9300792
1.1876577
1.1820493
0.69198592
0.69913018
0.78820745
0.56294933
0.79247616
0.79249621
1.2958428
1.2944341
0.79021265
0.69628138
0.6942114
0.79346178
0.5592676
0.79035319
0.801307
1.0678993
0.80415168
1.065538
0.65032165
0.46433501
0.65282805
0.46395675
0.80314229
1.0648436
1.0665398
0.80080927
0.65206379
0.46350301
0.46457369
0.65006332
0.60367074
0.49028497
0.60308792
0.49035555
0.64193106
0.75653255
0.64133715
0.75732783
0.60402422
0.4903182
0.49088302
0.60433903
0.6422134
0.75832767
0.75757174
0.64261871
1.3136714
0.96231366
1.3136725
0.96222296
0.70647076
0.70717571
1.2255171
1.226061
1.3136064
0.96236101
0.96223421
1.3138839
0.70821849
0.70739875
0.99021489
0.94557894
0.99037101
0.94538108
0.98446561
0.94272303
0.94265453
0.9844158
0.99019653
0.94506236
0.9453194
0.99004802
1.0101757
1.0103476
0.86599042
0.8659549
2.8395606
2.8413065
0.87213221
1.7023558
1.700664
2.8445228
2.8419788
1.9306891
2.7926698
1.5587622
2.0988856
0.79050647
0.56440828
0.57076792
0.78405355
0.78688039
0.56774338
0.56907669
0.78457508
0.65372838
0.46324964
0.64871106
0.46262783
0.80355404
1.0660309
1.0671518
0.80058216
0.65287715
0.46011754
0.46141611
0.64999399
0.63986314
0.75647168
0.6409692
0.75569544
0.60052937
0.48519121
0.48613716
0.59967376
0.63905072
0.75452422
0.75531518
0.63823103
0.70484141
0.7057573
0.85144655
0.8513764
1.6615696
0.85676023
1.6607619
2.7932953
2.7920201
0.85682692
1.6607733
1.6605771
2.7919362
2.7917572
1.1923412
1.5739697
1.186794
2.1184543
2.9307483
1.1929093
1.5669439
1.1836906
0.69926748
0.69031641
0.79569338
0.55694327
0.56316172
0.78951822
0.79314819
1.2971648
1.2950753
0.78800952
0.69683927
0.6908354
0.79244236
0.78997547
0.80496426
1.0640169
0.79965058
1.0681343
0.65391875
0.46251991
0.64904868
0.46168132
0.80384724
1.066783
1.0680437
0.80076388
0.65303293
0.45918515
0.46059965
0.65004589
0.60268005
0.4895647
0.60423162
0.48679993
0.64130461
0.75846828
0.64256524
0.75766662
0.60167684
0.48411738
0.48563219
0.60055213
0.64047364
0.75633896
0.7570586
0.63947524
1.314365
0.96244197
1.3141424
0.96263485
0.70842431
0.70794929
1.3144631
0.96230719
0.96264304
1.3147433
0.70662172
0.70744502
0.98990363
0.94498691
0.9900065
0.94478206
0.98427959
0.9420734
0.94269496
0.98382948
0.98986834
0.94455683
0.94473441
0.98955871
1.0100643
1.010033
0.86584757
0.86586696
2.8451785
2.8476482
0.87304695
1.707215
1.7052638
2.8506857
2.8484378
1.8907745
2.6851693
1.5589853
1.5760659
1.8095531
0.78280306
0.57326575
0.57436253
0.78232943
0.81280961
0.59154102
0.57585965
0.77694571
0.65116454
0.4611256
0.65182085
0.46091863
0.80166226
1.0748236
1.0703125
0.81126262
0.65027351
0.48616062
0.4607757
0.66225484
0.63737671
0.75448024
0.63841292
0.75316525
0.59853592
0.51651274
0.48517841
0.61917893
0.63718663
0.76665407
0.75284147
0.65430888
0.71407663
0.70140895
0.85008895
0.84851219
1.6610507
0.85734807
1.6607809
2.7924636
2.7906142
0.85673567
1.5826497
1.6566834
2.6225439
2.7827123
1.1905433
1.5576259
1.2001003
1.8328714
2.6530816
1.1938312
1.5660618
1.1967827
1.5762968
0.69058509
0.69582391
0.78837943
0.56529548
0.56655192
0.78795142
0.78478475
1.3026514
1.298313
0.81499999
0.68658132
0.71150158
0.81743333
0.78256006
0.8023985
1.0690088
0.80325184
1.0690168
0.65127221
0.46022937
0.65196759
0.46012974
0.80189578
1.076048
1.071079
0.81193493
0.65038887
0.48571906
0.46000909
0.66276928
0.59946928
0.48511716
0.60086551
0.48451985
0.63838626
0.75630753
0.6396451
0.75494865
0.59911211
0.51610804
0.48449513
0.61899123
0.63808703
0.76854182
0.75460961
0.65475751
1.3132607
0.96210185
1.3147844
0.96122441
0.70644093
0.70420547
1.2211286
1.271035
1.3111786
0.95725796
0.96088951
1.3178345
0.71598971
0.70317974
0.98925476
0.94452739
0.98946473
0.94447661
0.98331983
0.9390922
0.94123385
0.98013855
0.98915589
0.93754083
0.94431946
0.98570118
1.0070093
1.0101935
0.86567555
0.86432489
2.8513402
2.8512605
0.8743983
1.6331653
1.7052015
2.6846568
2.8441639
2.7607422
2.8983239
2.088442
2.6518314
0.92780908
0.95192377
0.95401174
0.92481401
0.85958628
0.86917261
2.9272698
2.813761
2.1277457
2.6950284
0.92923062
0.95667219
0.92935999
0.95656962
0.86244123
0.8715559
2.9476009
2.8542004
2.1128788
2.8463275
0.92869882
0.95621853
0.92871295
0.95620544
0.8618971
0.87044127
2.8595339
2.9699925
2.1726871
2.8610727
0.92869343
0.95626535
0.92867901
0.95627376
0.86208325
0.870365
2.9016701
2.7875428
2.1299255
2.8574433
0.92871964
0.95633129
0.92871288
0.95632809
0.86244485
0.87055985
2.7119757
2.6784814
1.949714
2.879615
0.92870831
0.95631977
0.9286997
0.95631538
0.86290148
0.87090276
2.9444754
2.8519409
2.1331769
2.8506756
0.92883048
0.95643807
0.92880484
0.95645485
0.86356742
0.87143771
2.9391058
2.8454259
2.129027
2.7087617
0.92885777
0.95648081
0.92886526
0.95645843
0.86427893
0.87195554
2.7359483
2.8414476
2.0778791
2.6478407
0.92865795
0.95616224
0.92866573
0.95611987
0.86492067
0.87256197
2.8913392
2.8194717
2.049476
2.8507669
0.92901841
0.95608454
0.92890501
0.95609315
0.8660856
0.87453527
2.8870643
2.7561494
2.0613564
2.6520991
2.6251497
2.6406694
1.743772
2.7873985
0.95774158
0.98352517
0.98318079
0.96140358
0.96533483
0.98680208
0.98693417
0.96543594
0.91936557
0.94338273
0.94561317
0.91624763
1.1795484
0.8467723
0.9216355
0.94885443
0.94887178
0.92152581
0.85427156
1.1879961
0.84862781
0.85824967
0.86159731
0.85215489
2.6288565
2.6407175
1.7601766
2.7871563
0.96568502
0.99171572
0.99122926
0.9694758
0.97274248
0.99432882
0.99452377
0.97276252
1.1892857
0.85783306
0.92968191
0.95675689
0.92950699
0.95683384
0.86499265
1.1973792
0.87234853
0.86254665
2.912346
2.8049346
2.0991102
2.6997313
2.6597143
2.6590661
1.8465262
2.6503655
0.9654808
0.98663001
0.96547101
0.98644939
0.96556741
0.98575455
0.98581953
0.96560145
0.92133735
0.94881323
0.92142311
0.94876852
1.1903554
0.85422102
0.92102719
0.94857416
0.94859022
0.92099004
0.85395197
1.1872317
0.85199703
0.86086269
0.85985328
0.85102115
2.6709658
2.6639178
1.8707321
2.6547915
0.97270506
0.99409326
0.99386312
0.97273122
0.97265071
0.99302345
0.99309731
0.97266322
1.1972571
0.86480692
0.92879022
0.95622409
0.92873743
0.9562474
0.86460293
1.1965041
0.87066213
0.8619053
2.9271923
2.840298
2.077488
2.8374981
2.6664938
2.6718648
1.8512862
2.6572468
0.96569067
0.98569635
0.96564127
0.98564872
0.96587971
0.9855085
0.98551925
0.96590524
0.92095154
0.9485651
0.92096429
0.9485666
1.1895999
0.85393128
0.92089417
0.9485649
0.94856788
0.920883
0.85382198
1.186845
0.85091761
0.85948244
0.85901141
0.85028767
2.6843692
2.6728146
1.8759475
2.6609088
0.97274644
0.9929496
0.99289631
0.97268761
0.97297075
0.99280381
0.9927981
0.97300149
1.1964394
0.86464076
0.92867151
0.95624284
0.92866642
0.95622932
0.86484573
1.1962691
0.87033673
0.86203807
2.9594103
2.8565978
2.1436071
2.8573538
2.6571018
2.6576512
1.8478422
2.6736417
0.96596906
0.98549688
0.96593294
0.98548917
0.96607877
0.98547244
0.98547389
0.96608592
0.92087958
0.94856622
0.92087773
0.94857538
1.1868099
0.85376193
0.9208523
0.94857347
0.94858081
0.92084178
0.85361557
1.1866039
0.85021003
0.85878837
0.85845237
0.84968039
2.664737
2.65876
1.8682912
2.6749935
0.97309133
0.99279582
0.99279532
0.97303378
0.97323278
0.99282426
0.99281665
0.97323513
1.1962539
0.86495987
0.92871469
0.95631996
0.92870662
0.95631567
0.8651544
1.1962542
0.87046713
0.86238986
2.8841044
2.7777375
2.1005663
2.8507084
2.6571763
2.6574445
1.837797
2.8582196
0.96610197
0.98546648
0.96609178
0.98545984
0.96611265
0.98544282
0.98544171
0.96610984
0.9208352
0.94857018
0.92083616
0.94857297
1.1865778
0.85352947
0.92079661
0.9485411
0.94855017
0.9207871
0.85335459
1.1864287
0.84961369
0.85827637
0.85800218
0.84915589
2.6645296
2.6613254
1.8687322
2.8667346
0.9732631
0.99281552
0.99281018
0.97323822
0.97327472
0.99280327
0.99279936
0.97325977
1.1962491
0.86523887
0.92870551
0.95631265
0.92869451
0.95631518
0.86540342
1.1963046
0.87074772
0.86282501
2.6727719
2.6966109
1.9385583
2.8702574
2.6691104
2.6607358
1.8020461
2.6721409
0.96610474
0.98544144
0.96610867
0.98543736
0.9661575
0.98552433
0.9854957
0.96618548
0.92078638
0.94853858
0.9207841
0.94854256
1.1864128
0.85327289
0.92079644
0.94857656
0.9485695
0.92080063
0.85311146
1.1863448
0.8490986
0.85786598
0.85764644
0.84866528
2.6659673
2.6796472
1.8249281
2.6760308
0.97325472
0.99279369
0.99278702
0.97324825
0.97333795
0.9929272
0.99288185
0.97336804
1.1963103
0.8654979
0.92876617
0.95640508
0.9287787
0.95637905
0.86573003
1.1964924
0.87121805
0.86346573
2.8338401
2.9213341
2.1030784
2.8379975
2.6940798
2.6655181
1.9277101
2.8420818
0.96621008
0.98554735
0.96620708
0.98555968
0.96611063
0.98556123
0.98556471
0.96607819
0.92081754
0.94858827
0.92080909
0.948601
1.1863365
0.85301262
0.9207705
0.94852088
0.94855141
0.92074543
0.85271069
1.1862105
0.84860129
0.85752001
0.85724841
0.84801104
2.7692274
2.8712105
2.0544349
2.8376797
0.9734248
0.99295704
0.99298067
0.97339603
0.97339571
0.99308238
0.99306402
0.9733697
1.196516
0.86585316
0.92887776
0.95648272
0.9288676
0.9564881
0.86599216
1.1966899
0.87176605
0.86418497
2.9324065
2.8420711
2.1145629
2.7614172
2.9377309
2.8370122
2.1179701
2.7576828
0.96598515
0.98555414
0.96604326
0.98553357
0.96549513
0.98534503
0.98535906
0.9653982
0.92069002
0.94849261
0.92072009
0.94846035
1.186185
0.85247631
0.92044586
0.9480809
0.94814959
0.92039763
0.85193282
1.185975
0.84791543
0.85707196
0.85677711
0.84717746
2.9518111
2.8445404
2.1435507
2.7748183
0.97331958
0.99308724
0.99308414
0.97334526
0.9729069
0.99300198
0.99299529
0.9728142
1.1966993
0.86598962
0.92871452
0.9561938
0.92868064
0.95623802
0.86588043
1.1968191
0.87225875
0.86481664
2.8471154
2.7468607
2.0634092
2.6445782
2.6259906
2.6606669
1.7233638
2.6905882
0.96519222
0.98533989
0.96530443
0.98533384
0.96462767
0.98561786
0.98551186
0.96455121
0.92032667
0.94802274
0.92035883
0.94796946
1.188384
0.85164026
0.92025534
0.94769229
0.94772283
0.92027685
0.85126138
1.186107
0.84709247
0.85671966
0.85703921
0.84687167
2.6368999
2.6656121
1.7459899
2.6957634
0.97264654
0.99300726
0.99301861
0.97272809
0.97222203
0.99350282
0.99334702
0.97217978
1.1968423
0.86581209
0.92874685
0.95604996
0.92880837
0.9560278
0.86600489
1.1974502
0.8735521
0.86588963
2.8796912
2.8141809
2.025927
2.8425559
2.9605394
2.8470669
2.1383233
2.6588175
0.96427986
0.98572142
0.96445294
0.98578947
0.95639933
0.9820688
0.98176736
0.96000972
0.92036793
0.94766498
0.9203169
0.94762169
1.1861291
0.85109129
0.91788544
0.94185264
0.9441158
0.91474753
0.84333068
1.1774909
0.84690479
0.85749213
0.85383191
0.8429944
2.9742846
2.8555551
2.1599343
2.6590237
0.97203399
0.9936518
0.99378083
0.97212707
0.96466795
0.99067759
0.99021722
0.96842029
1.197554
0.86626411
0.92695617
0.95092439
0.95302352
0.92396485
0.8596675
1.1897776
0.87197413
0.86392276
1.0532307
0.80327083
1.067529
1.2491882
1.2502271
1.0687026
0.80155539
1.0547309
0.55983913
0.5981535
0.49918231
0.55234061
0.52245293
0.48692697
0.60656328
0.5846883
0.3913548
0.70291585
0.77419731
0.78450105
0.69871569
0.40067308
2.3054732
2.1873037
2.6581975
2.6665155
1.810234
2.8948856
2.1366328
1.0264947
0.78993303
1.0255297
1.2894868
1.2661869
1.2557695
1.263354
1.2964787
1.2619514
0.79052491
1.0373559
1.0213321
0.97515492
0.9834076
0.97510441
0.94145685
0.95240914
0.95469145
0.95456083
0.9415879
0.95458971
0.98310813
0.97275612
0.97513962
1.00942
0.83954163
0.82498065
0.83486246
1.0099633
0.83553404
1.3470993
1.0205203
0.9111984
0.91326968
1.0209535
0.87641176
0.95102764
0.95393574
0.87246446
0.92910334
0.95638806
0.95541472
0.92980129
0.95801257
1.6535516
0.87062908
0.86256533
1.6770482
0.98313786
0.80180288
1.0494542
1.2457229
1.0661464
0.80262472
1.0504343
1.2446963
1.065368
0.60407265
0.56811563
0.52821899
0.48895151
0.60357478
0.56656286
0.52979749
0.4894315
0.30458968
0.78343037
0.70692282
0.3082849
0.78446241
0.70742118
2.1657564
2.2273119
2.6460724
2.6469048
1.7936756
2.6775493
2.1579614
0.7880222
1.0240763
1.0227594
1.260929
1.2916927
1.2587905
0.79018915
1.0259272
1.0242454
1.2594143
1.2945234
1.2584862
0.98386228
0.97546868
0.9753607
0.95451801
0.94181906
0.95464554
0.98379214
0.97514617
0.97527077
0.95488948
0.94193508
0.95478264
1.3553178
1.3557885
0.83606604
1.0100735
1.3555366
0.83619242
0.8363486
1.0100029
0.83629364
1.0199658
1.3123547
0.9131803
1.0200803
0.91311194
0.87838548
0.95372037
0.87850636
0.95354811
0.9290997
0.95640548
0.95647422
0.92898679
0.98109331
1.6921765
0.87131177
0.86212733
1.691937
0.98045045
0.80277044
1.047831
1.2450636
1.067491
0.80392594
1.0502932
1.2427698
1.0668703
0.60487422
0.56880868
0.53078652
0.49126512
0.60475793
0.56852313
0.53080206
0.49118049
0.30199106
0.78486266
0.70832648
0.303745
0.78489058
0.70840074
2.175402
2.7949516
2.6945071
2.0467196
2.6368609
2.2566373
0.79144064
1.0226349
1.0253801
1.2625371
1.2976818
1.263274
0.79557896
1.0283083
1.029034
1.2583149
1.2960002
1.2603586
1.2263968
0.98434528
0.97591071
0.97591759
0.95530778
0.9425025
0.95535195
0.98434346
0.97587749
0.97592847
0.95536384
0.94254704
0.95537682
1.3546547
0.83658316
1.0098562
1.3546759
0.83662239
0.83663959
1.0098718
0.83664957
1.0195507
1.3113748
1.3114026
0.91302372
1.0195632
0.91303645
0.87792678
0.95286682
0.87794269
0.95281266
0.92867412
0.95621143
0.95619856
0.92865685
0.98015278
1.6920997
0.87039845
0.86192484
1.692138
0.98024903
0.80158227
1.0478386
1.2441685
1.0664227
0.80265853
1.0493949
1.2428607
1.065627
0.60394645
0.56740056
0.52967027
0.49001524
0.60405171
0.56764653
0.52928657
0.48968593
0.30442051
0.78489439
0.70784902
0.30462305
0.78492466
0.70786921
2.6573488
2.679966
1.8875972
2.6570918
2.2674349
0.78977264
1.0234569
1.0237337
1.2619725
1.2960749
1.2618076
0.79423324
1.0276623
1.02754
1.2589478
1.2957777
1.259125
1.2263929
1.2263003
0.98440386
0.97599358
0.97597883
0.95542561
0.94279992
0.95545617
0.98440188
0.97595254
0.9759856
0.95550434
0.94285664
0.95548786
0.83667849
1.0099401
1.3546323
0.83669786
0.83669935
1.00996
0.83671324
1.0195741
1.3113247
1.3113136
0.91321915
1.019557
0.91323937
0.87792932
0.95265058
0.87792038
0.95263982
0.92869073
0.95630063
0.95628131
0.92868836
0.98057559
1.6925493
0.87037972
0.86221495
1.6925602
0.98082264
0.80155886
1.0498667
1.2445755
1.0653739
0.80181559
1.0496121
1.2448329
1.0650552
0.60330347
0.56684072
0.52912167
0.48997854
0.60343726
0.5671943
0.52875259
0.48920227
0.3062852
0.78509468
0.70788256
0.30569755
0.78511112
0.70789563
2.2105073
2.6327704
2.6149981
1.7379078
2.7896241
2.277467
0.78950479
1.0267573
1.0235028
1.2624985
1.2981402
1.2621804
0.79330653
1.0283547
1.0271603
1.2618633
1.2959485
1.2589814
1.2264099
0.98462883
0.97632016
0.97629156
0.95576755
0.94325668
0.95582753
0.98461383
0.97621085
0.97627606
0.95590622
0.94330553
0.95588234
1.3546619
0.8367604
1.0099952
1.3546741
0.83678881
0.83680589
1.0100067
0.83681276
1.0196521
1.3113482
1.3113412
0.91335865
1.0196415
0.91336187
0.87795768
0.95260419
0.87795579
0.95259636
0.92870949
0.95632887
0.95632304
0.92869934
0.98124235
1.6930044
0.870592
0.86260178
1.6930344
0.98150856
0.80028683
1.0503504
1.2441591
1.0635634
0.79959457
1.0489231
1.2452915
1.0641659
0.60212004
0.56621956
0.5277784
0.48761044
0.60214734
0.56617028
0.52801574
0.48798875
0.30497982
0.78498142
0.70827452
0.30468656
0.78477134
0.70819961
2.2379346
2.1760332
2.6575916
2.6485217
1.8025315
2.8270832
2.2864943
0.78911844
1.0261379
1.0237883
1.2614174
1.2949364
1.2583706
0.78806706
1.0264841
1.0226028
1.2606222
1.2971978
1.2597923
1.2261954
0.98497315
0.97665032
0.97666882
0.95615759
0.94351805
0.9562116
0.98494887
0.97658618
0.97666166
0.95620212
0.94352434
0.95624426
1.3547853
1.3547516
0.83691561
1.0100744
1.3547759
0.83696424
0.83701548
1.0101168
0.8370066
1.0196828
0.91342053
1.0196723
1.3113394
0.91343158
0.87795848
0.95256722
0.87795332
0.95256504
0.92870405
0.95632536
0.95631278
0.92870385
0.9820082
1.6938171
0.87095794
0.86313091
1.6939598
0.98237607
0.80523972
1.050626
1.2431877
1.0679148
0.804466
1.048404
1.2449352
1.0675781
0.60297856
0.5665431
0.53086011
0.49110878
0.60392344
0.56829168
0.52925524
0.49068775
0.31175079
0.78359249
0.70621295
0.30343133
0.78305295
0.70557627
2.2231614
2.2602095
2.6541527
2.6562681
1.7734673
2.7992372
0.79615285
1.0284116
1.0290634
1.2621401
1.2982305
1.2638095
0.79602108
1.0266843
1.0296339
1.2625508
1.2983566
1.2630548
0.98462169
0.97610612
0.97610328
0.95557607
0.94280407
0.95553739
0.98460716
0.97614419
0.97612378
0.95552202
0.94280736
0.95553766
1.3551049
0.83708387
1.0103855
1.3550884
0.83713857
0.83719961
1.0104531
0.83718463
1.0197893
0.91361134
1.0197622
1.3114864
1.3114959
0.9136394
0.87806895
0.95263953
0.87805101
0.95265315
0.92883858
0.95648004
0.95646503
0.92884415
0.98304787
1.6957074
0.87150491
0.86384251
1.6959619
0.98345209
0.80019817
1.0488337
1.2456135
1.0656965
0.80164349
1.051077
1.2436772
1.0645595
0.60194424
0.56697598
0.52916676
0.49004142
0.60173074
0.56615273
0.52991392
0.49005909
0.30649699
0.7826024
0.7048057
0.31050648
0.782946
0.70511977
2.2651248
2.1780267
2.7231545
2.6833399
1.9443362
2.6531658
0.78794202
1.0230244
1.0230222
1.2631566
1.295725
1.2615408
0.79293082
1.0288093
1.0270311
1.2585714
1.2952687
1.2588528
0.98447515
0.97594921
0.97595126
0.95542808
0.9426407
0.95538877
0.98452552
0.97603303
0.97599949
0.95537599
0.94261945
0.95537321
0.83716016
1.010481
0.83711709
1.3552096
0.83699974
1.0104448
0.83707164
1.0198292
0.91366125
1.0198358
1.3115681
0.91362113
0.87808099
0.9527399
0.87809609
0.95274276
0.92882826
0.95638558
0.95642292
0.92879272
0.98410596
1.6991344
0.87201066
0.8645154
1.6995714
0.98444454
0.80362126
1.051633
1.2418865
1.0658852
0.80125025
1.0467975
1.2461846
1.0668416
0.60229345
0.56584133
0.5301097
0.48943559
0.60266595
0.56746045
0.52804055
0.4888781
0.30868384
0.78377815
0.70682253
0.30288758
0.78411069
0.70665509
2.1911202
2.1842482
2.9091137
2.8221649
2.0700156
2.7396631
2.1851332
0.79507049
1.0286289
1.0285208
1.2576406
1.2954296
1.2602474
0.79052193
1.0215604
1.0252048
1.2624024
1.2956902
1.2622622
0.98436088
0.97593902
0.97597611
0.95547375
0.94273776
0.95549092
0.98437805
0.97598291
0.97599955
0.95547859
0.94277669
0.95551868
1.3551025
0.83670685
1.0100759
0.83667265
1.3551412
0.83657171
1.0100614
0.83663509
1.0197868
0.91323712
1.01977
0.91317968
0.87787591
0.95282524
0.8778919
0.95285692
0.92864156
0.9560505
0.95607717
0.92863524
0.9850986
1.70345
0.87269122
0.86526135
1.7039845
0.98568495
0.80545585
1.0495761
1.2464026
1.0713651
0.80568247
1.0506661
1.2458186
1.0722465
0.59958724
0.56272012
0.52602063
0.48665921
0.60001062
0.56397758
0.52490839
0.48588649
0.33928017
0.78333504
0.70425648
0.31423731
0.78352532
0.70352487
2.1632227
2.2486503
2.931083
2.8373573
2.1399424
2.6540477
2.2606059
0.79417612
1.0254132
1.0298954
1.2639588
1.3016422
1.2667809
0.79641717
1.0284113
1.0315443
1.2631351
1.3004514
1.2656863
0.9834531
0.97483634
0.9748721
0.95450093
0.94155554
0.9543243
0.98354529
0.97509403
0.97496618
0.95418463
0.94138233
0.95423606
1.3563593
1.3559957
0.83593322
1.0101941
1.3562371
0.83572479
0.83523533
1.0103112
0.83544141
1.0204334
1.3132902
0.91307879
1.0202422
0.91314779
0.87820876
0.95349
0.87809463
0.9536855
0.9291151
0.95589169
0.95604887
0.92914034
0.98740568
1.7086509
0.87475913
0.86652968
1.7091858
0.98927311
2.1866177
2.6624829
2.6507886
1.7845801
2.8869647
2.1375232
1.8598138
1.5565747
1.5660826
1.8438736
2.7428006
2.700664
1.9869577
2.9090312
2.1676117
2.2054932
1.8533057
1.5742161
1.5652558
1.8740253
0.75749751
0.78898582
0.56737975
0.7885953
0.57014774
0.78575599
0.5508731
0.65164773
0.47111826
0.48414675
0.47735647
0.46179869
0.65289379
0.56106923
1.0520917
0.8019492
1.0656035
1.2458558
1.2483685
1.0672281
0.80095476
1.0501435
0.55120151
0.65103586
0.45987669
0.47824994
0.47780852
0.45923531
0.65039943
0.55128337
0.68078748
0.63623455
0.75677113
0.71648202
0.70523613
0.75098619
0.64326042
0.69453062
0.56034613
0.59790378
0.48500952
0.52698516
0.52264767
0.48377841
0.59931043
0.56497979
0.68163134
0.6366179
0.75389067
0.71058009
0.70610587
0.75226717
0.63828104
0.68618312
0.35427447
0.70371998
0.78289345
0.78260264
0.70200077
0.31221475
1.350709
1.351319
1.3430127
1.0069004
0.9849337
0.98611381
1.0055149
1.3526315
1.3521393
1.352454
1.0089155
0.98767947
0.98764261
1.0088924
1.0151534
1.3068308
1.3055972
0.90562618
0.90776881
1.0155214
1.2427979
1.3056421
1.2979148
1.246192
0.96081458
0.98613382
0.96283133
0.98482972
1.0157089
1.3077973
0.90823265
0.90835161
1.0154778
0.96498142
0.98677705
0.96434555
0.98695263
1.2535522
1.3072136
1.3075352
1.2535961
0.86771369
0.94205225
0.9450675
0.86364908
0.9207567
0.94817004
0.94711258
0.92154426
1.2761628
0.81305474
0.80344391
0.84964316
1.1879978
1.2784056
0.92172744
0.94862601
0.94882042
0.92172754
0.87049956
0.9454596
0.94564333
0.87039838
0.85402769
1.1896778
1.2782315
0.81194806
0.81189513
1.2793179
0.94501819
1.6413153
0.85969455
0.85209925
1.6645519
0.97041218
2.7380422
2.7857564
0.8617188
0.85234841
0.96880353
1.6794881
0.97024026
1.6799762
2.8152043
2.8155529
1.8612277
1.556023
1.1813952
1.5655478
1.1885997
1.8451116
2.3511468
2.7678289
2.7153912
2.004745
2.9199754
2.1673251
2.2049553
1.8519952
1.5740912
1.1938556
1.5632765
1.1912894
1.8757197
1.2827223
0.69303102
1.2840239
0.57065948
0.56966085
0.69179185
1.2913683
1.285416
0.59083233
0.76264284
0.79432909
1.029347
0.79013146
1.0259397
1.2968207
1.2593252
1.2600366
1.2654984
1.2982593
1.2624312
0.7874883
1.0239563
1.0233232
1.283148
0.69222136
1.2815362
0.56045553
0.56089709
0.56712319
0.6899924
1.2802764
1.2803445
0.79354274
0.56374754
0.79076132
1.0541855
0.8037657
1.0684998
1.2510095
1.25179
1.0695926
0.80217362
1.0559654
0.55085442
0.65196668
0.47092165
0.48395346
0.47700222
0.46141729
0.65332767
0.56125297
1.0530892
0.80261276
1.0667391
1.2474864
1.2499575
1.0683205
0.80162321
1.0511529
0.55123177
0.65149093
0.45937818
0.4778405
0.47748637
0.45874526
0.65084634
0.55124745
0.56038809
0.59925788
0.49943275
0.55301798
0.52252361
0.48692575
0.60780799
0.58572811
0.68252654
0.63769492
0.75894908
0.71852628
0.70722983
0.75316139
0.64479436
0.69637433
0.56078107
0.59870056
0.48470266
0.52678384
0.5225976
0.48347629
0.6003405
0.56520949
0.68329594
0.63782136
0.75588898
0.71235042
0.70803941
0.75430435
0.63941077
0.68746491
0.91949142
1.309925
0.91963329
0.960209
0.95410144
0.95430183
0.95408837
0.96120023
0.9543077
1.3068356
0.92447087
0.91992375
0.39210396
0.70511955
0.776288
0.78680586
0.70087705
0.4025128
1.2267723
0.92051303
1.3141828
0.92093946
0.96184618
0.9535151
0.95379479
0.95411261
0.96180151
0.9539874
1.3145416
0.92108793
0.92128003
0.35402186
0.70577071
0.78502769
0.78478761
0.70407782
0.31203599
0.98008803
0.98922189
0.97960059
0.94209322
0.98409129
0.98702656
0.98903162
0.94419069
0.98847644
0.98863506
0.97533375
0.97842856
0.97511847
0.98367653
0.97508594
0.94160074
0.95444137
0.95440428
0.95447808
0.94160029
0.95444176
0.9836708
0.97508833
0.97507785
0.98019548
0.98961755
0.98017171
0.94480191
0.9887732
0.98888766
0.98910609
0.94491002
0.98903106
0.98958131
0.98004175
0.98011909
1.0108429
0.98922436
0.99029569
1.0095056
1.3565994
1.0104977
0.83593555
0.83577793
0.83541371
1.0107066
0.8355538
1.3564119
1.012652
0.99166256
0.99163048
1.0126079
1.2498213
1.3121638
1.3043828
1.2532959
0.96864786
0.99398902
0.99278172
0.97053466
1.0209105
1.3140336
0.91351229
0.91367294
1.020638
0.97247106
0.99453201
0.9719323
0.99461311
1.2601987
1.3132769
1.3136388
1.2601871
1.2855894
0.8226273
0.81303606
0.86063986
1.1976676
1.2877385
0.92983132
0.95674425
0.9298999
0.95684868
0.8788099
0.95391364
0.87864299
0.9541426
0.86479125
1.1992887
1.28732
0.8210199
0.82100201
1.2885789
2.7525322
2.8013334
0.87249738
0.86269216
0.98140669
1.6930411
0.98288888
1.6931972
2.8321584
2.8320908
2.6336331
2.6412625
1.7675118
2.6741477
2.1618315
1.8718126
1.549761
1.8359784
1.5720036
2.9621684
2.8654152
2.1491929
2.8906987
2.1739173
2.1637012
1.8347964
1.5731381
1.5533038
1.8701157
0.78663546
0.78805735
0.78680495
0.78517819
0.65151104
0.55228085
0.47887602
0.46280492
0.65209876
0.55208662
0.47955732
0.46325798
1.0501391
0.80286657
1.0656051
1.2441851
1.2451592
1.0662773
0.80208896
1.0492193
0.55293619
0.65254754
0.46469223
0.48038094
0.48012421
0.46466121
0.65195065
0.55289144
0.64255616
0.6890117
0.71172435
0.75725086
0.64203393
0.68736544
0.71342447
0.75777483
0.5679088
0.60412486
0.49043795
0.53049693
0.52969816
0.48985423
0.60447384
0.56850844
0.68916738
0.64300917
0.75831538
0.71386357
0.7136193
0.75828595
0.64304994
0.68936134
0.30475475
0.7080577
0.78483724
0.78466864
0.7080012
0.30425539
1.3514098
1.3518587
1.3516211
1.0082795
0.98762325
1.008498
0.9876158
1.3510046
1.3509399
1.007962
0.98753758
0.98756514
1.0079221
1.0149315
1.3062173
1.3064094
0.90801516
1.0150199
0.90798085
1.2534797
1.3069032
1.2535515
1.3066313
0.96546752
0.98614403
0.96547314
0.98628488
1.0147445
1.3060502
0.9084961
0.90848173
1.0147007
1.3058353
0.96551585
0.98601614
0.96548617
0.98590622
1.2531422
1.3057475
1.2531005
0.87022385
0.9453023
0.87030503
0.94517254
0.9212539
0.94867121
0.94871793
0.92117614
1.2784269
0.81199876
0.81203781
0.85415182
1.190099
1.2777013
0.92106765
0.94863254
0.94860855
0.92111196
0.86996807
0.94467286
0.94473793
0.86994406
0.85401359
1.1900296
1.276623
0.81192604
0.81197409
1.2775322
0.96841455
1.6772951
0.86061731
0.85153015
1.6766444
0.96758367
2.812543
2.8119719
0.86002628
0.85139246
0.96682548
1.6743708
0.96736334
1.6748539
2.8086943
2.8094012
1.8720714
1.5476767
1.1783006
1.8357228
1.5700576
1.1901745
2.3073756
2.9765279
2.8723301
2.1765249
2.8974102
2.1756388
2.1654037
1.8349383
1.5717584
1.1936384
1.5513728
1.1855563
1.8709301
0.6917328
1.2805703
1.279894
0.55929813
0.69375483
1.2809073
1.2803567
0.79215684
0.55807482
0.7935755
1.0288221
0.79450557
1.0282582
1.2967851
1.2606154
1.2599972
1.2633693
1.2969339
1.2627378
0.78998525
1.0248789
1.0243675
1.2820759
0.69803139
1.281988
0.55982049
0.56117843
0.69378365
1.2811036
1.2808339
0.55913446
0.79232536
0.56088803
0.79080753
0.80195469
1.0501169
1.2472104
1.0669026
0.802826
1.0512734
1.2460539
1.0661328
0.65144846
0.55182576
0.47833529
0.46183065
0.65210379
0.55189411
0.47873594
0.46197189
1.0507383
0.8029375
1.0663718
1.2455299
1.2464469
1.066978
0.80221334
1.0498791
0.55245248
0.65241666
0.46341547
0.47959837
0.47927811
0.46328997
0.65186926
0.55249952
0.60420312
0.56789691
0.52809518
0.48806707
0.60373336
0.56652426
0.52920693
0.48831681
0.64333373
0.69043437
0.71345629
0.75918685
0.6428136
0.68858136
0.7151941
0.75973147
0.56808358
0.60504202
0.48961793
0.52989107
0.52943489
0.48912511
0.60505716
0.56855385
0.69064408
0.64407245
0.76037792
0.71569739
0.71541642
0.76033488
0.6441056
0.69086694
1.3141083
0.92107809
0.92112131
0.95328846
0.96184803
0.95307688
1.3142306
0.92112421
0.921196
0.95275491
0.96185728
0.95292823
0.30319395
0.78557103
0.70895518
0.30798027
0.78650585
0.70947108
1.2264252
0.92125876
1.3139311
0.92141144
0.96196275
0.9525382
0.95258508
0.95268557
0.96193598
0.95264829
1.3139882
0.92163096
0.92166787
0.30311996
0.7101592
0.78681571
0.78667875
0.71009465
0.3026418
0.98957852
0.98002749
0.98001612
0.98870714
0.94462884
0.98865574
0.98955854
0.98002056
0.98002154
0.98861289
0.94462313
0.98864749
0.97559699
0.98413443
0.97569466
0.9423317
0.95526673
0.95520386
0.95502546
0.94226517
0.95513869
0.98421217
0.97584111
0.97579204
0.98007387
0.9897379
0.98011292
0.94468706
0.98865124
0.9886419
0.98862703
0.94466749
0.98864914
0.98979742
0.98017955
0.98016249
1.0119151
0.99150928
1.012079
0.99144635
1.3548869
1.0098634
0.83656115
0.83652692
0.83641926
1.0098924
0.83648788
1.3548259
1.0115655
0.99136697
0.9913591
1.0115002
1.2599862
1.3129206
1.3126031
1.2600925
0.97265328
0.99349089
0.99365654
0.9726229
1.0197203
1.3119419
0.91300652
0.91301119
1.0196629
0.97261458
0.99333226
0.97260479
0.99319478
1.259525
1.3115909
1.3116744
1.2594693
1.2869626
0.82102907
0.82102864
0.86472605
1.1993472
1.286657
0.92883505
0.95632818
0.92889237
0.95627516
0.87800198
0.95291892
0.87796156
0.95298302
0.86462927
1.1993804
1.2855277
0.82081348
0.8208491
1.2864726
2.8314082
2.8310581
0.87078449
0.8620402
0.98014246
1.6919081
0.9803134
1.6918264
2.8315414
2.8314303
2.2538388
2.7971428
2.6977412
2.0425938
2.6336125
1.850417
1.5545712
1.8377896
1.5619036
2.8449985
2.9585446
2.1378184
2.7890343
2.1804711
2.1662198
1.8285313
1.5716993
1.5470626
1.8695401
0.78257243
0.78408329
0.56495702
0.78595943
0.7843452
0.65230715
0.5520489
0.4808183
0.46603846
0.65337153
0.55357218
0.47973477
0.46545274
1.0478736
0.8017508
1.0654971
1.2435362
1.2428093
1.0661315
0.80151777
1.0486245
0.55194346
0.65134379
0.46474355
0.48018974
0.47963448
0.46490722
0.65129861
0.55257164
0.64361428
0.68972784
0.71398806
0.75855289
0.64339131
0.68933112
0.71414369
0.75860647
0.56894282
0.60490461
0.49083237
0.52996619
0.53078041
0.49123298
0.60458678
0.56807629
0.68969573
0.64344499
0.75815977
0.7135319
0.7140862
0.75838055
0.64317321
0.6890871
0.30212641
0.70812811
0.78488416
0.78492021
0.70829351
0.30393444
1.3507604
1.3508149
1.3507905
1.0077849
0.98757607
1.0078685
0.98762055
1.3507053
1.3506998
1.0066808
0.98760409
0.98762757
1.0066782
1.0154245
1.3055594
1.3055948
0.90852747
1.0154255
1.3056358
0.90855273
1.253042
1.3056745
1.2530616
0.96571822
0.98559037
0.96575893
0.98561392
1.0153806
1.305525
0.90860757
0.90861057
1.0145659
1.3054798
0.96583387
0.98556494
0.9657962
0.98553944
1.2529636
1.3054905
1.2529525
0.86990289
0.94461447
0.86992232
0.94456264
0.92093564
0.94856144
0.94856423
0.92091793
1.2770281
0.81188256
0.81184399
0.85392095
1.1895281
1.2768027
0.9209026
0.94856095
0.94856662
0.92090545
0.86984681
0.94435288
0.94438304
0.86984347
0.85387957
1.1895155
1.2760991
0.81162724
0.81166602
1.2767527
0.96667579
1.6730231
0.85937938
0.8506348
1.6725937
0.96629212
2.8069148
2.8063495
0.8591128
0.85055093
0.96582057
1.6714476
0.96617462
1.6716714
2.8050277
2.8053494
1.8525649
1.5527092
1.186648
1.837611
1.5616637
1.1890634
2.2149893
2.9731411
2.8525146
2.1660874
2.7991169
2.1832092
2.16826
1.8283549
1.5695169
1.1915525
1.5451455
1.1802928
1.8695346
0.69600748
1.2800362
1.2813706
0.56233368
0.56251832
0.69987574
1.2825658
1.2827581
0.78809758
0.55984265
0.78947939
1.0251161
0.79260903
1.0262345
1.2955859
1.2586147
1.2589252
1.2600892
1.2940447
1.2605376
0.78925798
1.0233088
1.0234141
1.2804695
0.69703826
1.2808461
0.69371811
1.2801792
1.280002
0.55646528
0.7916738
0.55783082
0.78997202
0.80310316
1.0486933
1.2463841
1.068282
0.80415949
1.0509411
1.2442893
1.0677365
0.65247089
0.5518715
0.48009016
0.46477441
0.65344365
0.55322741
0.47914269
0.46444322
1.048676
0.80191565
1.066154
1.2447106
1.2442725
1.066843
0.8015485
1.0490886
0.55171313
0.65135013
0.46369482
0.4792644
0.47899411
0.46392749
0.65116118
0.55200754
0.60576061
0.56917316
0.53042975
0.49102859
0.60568203
0.56894378
0.53056278
0.49096261
0.64471086
0.69127663
0.71581664
0.76059686
0.64460569
0.69101662
0.71599592
0.76064922
0.56911321
0.60549955
0.49008124
0.5293589
0.53048789
0.4905395
0.60512551
0.56788355
0.69123516
0.64453004
0.76019436
0.71537163
0.71593606
0.76041286
0.64422856
0.69061552
1.3139509
0.92211006
0.92208317
0.95254615
0.96207777
0.9525523
1.3139622
0.92183712
0.92205155
0.95256584
0.9621171
0.95258572
0.30075673
0.78685777
0.71041201
0.30223978
0.78686386
0.71047462
1.2264038
0.92230741
1.313959
0.92243661
0.96228518
0.95270582
0.95267347
0.95260826
0.96223877
0.95265713
1.3140058
0.92258027
0.92264483
0.30089267
0.71017618
0.78684458
0.7868766
0.71033478
0.30255726
0.98991997
0.98030589
0.98029152
0.9886846
0.94478628
0.98870681
0.98991213
0.98022943
0.98027436
0.9887471
0.94482512
0.98874937
0.97592139
0.98435095
0.97592135
0.94266922
0.95541194
0.95539286
0.9553779
0.94264434
0.95539271
0.9843639
0.9759481
0.97594624
0.98033962
0.98995646
0.98036091
0.94492778
0.9888114
0.98880242
0.9887772
0.9449103
0.9888064
0.98997928
0.98039543
0.98039313
1.0114061
0.9914118
1.0114087
0.99142855
1.3546272
1.0099071
0.83668114
0.83667536
0.83665397
1.0099086
0.83667348
1.3546424
1.011422
0.99155335
0.99151539
1.0114303
1.2593939
1.3115043
1.3114369
1.2594156
0.97277814
0.99285125
0.99286
0.97282609
1.0195308
1.3113353
0.91313969
0.91310755
1.01953
1.3113134
0.97291288
0.99282664
0.97286341
0.99280322
1.2593298
1.3113083
1.2593262
1.2854223
0.82077233
0.82073645
0.86467651
1.1988209
1.2857256
0.92865899
0.95620528
0.92864625
0.95621126
0.87790519
0.95265315
0.87790683
0.95265986
0.86482458
1.1989415
1.2850717
0.82060846
0.82061317
1.2856908
2.8318129
2.8319413
0.87034441
0.86194066
0.98048595
1.6924105
0.98028727
1.6923057
2.8318927
2.8318621
2.2679881
2.2688982
2.6681082
2.6524062
1.8824669
2.6546208
1.8663026
1.5518146
1.833608
1.5701751
2.8482939
2.9557536
2.1495926
2.8475138
2.1725458
2.176914
1.8352917
1.5710377
1.5527526
1.8696998
0.78344495
0.7854257
0.56531987
0.56443327
0.78633474
0.78472676
0.65145225
0.55198687
0.48064257
0.46490491
0.65239953
0.55316094
0.47982765
0.46430927
1.0482985
0.80147111
1.0650658
1.2438062
1.2432759
1.0655925
0.80113599
1.0488116
0.55213419
0.65125536
0.46396438
0.47995867
0.47988738
0.46413115
0.65103153
0.55230484
0.64262218
0.68886014
0.71341348
0.75778581
0.6426847
0.68895828
0.71334035
0.75777962
0.56778658
0.60367623
0.48943833
0.52908639
0.52945154
0.48971959
0.60356232
0.56720081
0.68893352
0.64270563
0.75759525
0.71318467
0.71339692
0.75785722
0.64249205
0.68866955
0.30429948
0.70800338
0.78505075
0.7849762
0.70801179
0.30504397
1.3506541
1.3506549
1.3506589
1.007751
0.9877002
1.0078151
0.98774138
1.3506485
1.3506592
1.0077638
0.98771942
0.98777828
1.0077875
1.0145686
0.90866213
1.0145633
1.3054654
1.3054646
0.9086902
1.2529448
1.2529396
0.96598369
0.9854914
0.96601095
0.98548821
1.0145916
1.3054653
0.90871388
0.90873958
1.0146001
0.96605069
0.98548828
0.96603079
0.98548086
1.2529407
1.3054799
1.3054781
1.2529359
0.86982824
0.94432618
0.8698375
0.94430253
0.92087592
0.94857656
0.94857812
0.9208669
1.2760603
0.81159752
0.81157541
0.85377285
1.1892283
1.2764673
0.92086023
0.94857703
0.9485825
0.92086051
0.8697885
0.94418928
0.94421107
0.86978483
0.8536663
1.1891223
1.2758604
0.81142597
0.81146067
1.2764372
0.96570795
1.6708191
0.85873498
0.84998587
1.6705867
0.96538058
2.8044502
2.8041823
0.85852782
0.84991446
0.96491814
1.6699084
0.96526572
1.6700118
2.8029137
2.8030939
1.8676935
1.549797
1.1842136
1.8338087
1.5689662
1.1916579
2.2601386
2.8533558
2.9660368
2.1713193
2.8528172
2.1731636
2.1780389
1.8361439
1.5705257
1.1922918
1.5517826
1.185827
1.8713131
0.69419165
1.2802145
1.2803643
0.5593176
0.69850018
1.2815967
1.2816069
0.55716517
0.55942574
0.78919308
0.557454
0.79088112
1.0270934
0.79390403
1.0274611
1.2959098
1.2610092
1.259109
1.2615281
1.2967262
1.2620118
0.78970843
1.0255716
1.0236738
1.2812964
0.69794582
1.2814035
0.69403378
1.2809809
1.2803808
0.5574874
0.79129574
0.55901683
0.78969249
0.80185151
1.0488796
1.2453202
1.0670537
0.80267634
1.049835
1.2445387
1.0664353
0.65154665
0.55194632
0.47972196
0.46399838
0.65225439
0.55258831
0.47937372
0.46358664
1.0494449
0.80220008
1.0661889
1.2454205
1.2450227
1.0667152
0.80180768
1.0497991
0.5522392
0.65180351
0.46353751
0.47953966
0.47956859
0.46375791
0.6515119
0.55225687
0.60425006
0.56761769
0.52935988
0.48950138
0.60434254
0.56780269
0.52918324
0.48932163
0.64357055
0.69038078
0.71524759
0.75982911
0.64362798
0.69047979
0.71518418
0.7598308
0.56773763
0.60456357
0.48923337
0.52895539
0.52938091
0.48953659
0.60441507
0.567371
0.69043332
0.64362285
0.75988706
0.71510902
0.71522126
0.75990808
0.6435008
0.69023353
1.3140774
0.92313726
0.92308657
0.952792
0.96248235
0.95288349
1.3140322
0.92277858
0.92301463
0.95305717
0.96255566
0.95300049
0.30329665
0.78689119
0.70994896
0.30321027
0.78701061
0.70997945
1.2264831
1.2265219
0.92332625
1.3141683
0.92343468
0.96280299
0.95331142
0.95327275
0.95315089
0.96275234
0.95323325
1.3142384
0.92353806
0.92362393
0.30330239
0.71012684
0.78717862
0.7870812
0.71012212
0.30381172
0.99003569
0.98047705
0.98047004
0.98884148
0.94499902
0.98885858
0.99003257
0.9804307
0.98046271
0.98888738
0.94502548
0.98889575
0.97603756
0.98447448
0.97607612
0.94310141
0.95572287
0.95566597
0.95555973
0.94304827
0.95562152
0.98451373
0.97617572
0.97614003
0.98050536
0.9900887
0.98051945
0.94507219
0.98891024
0.98891656
0.98891177
0.94507169
0.98893293
0.99011631
0.98052928
0.98054165
1.0114799
0.99162911
1.0114627
0.99164274
1.3546503
1.0099894
0.83675516
1.3546649
0.83674464
0.83671428
1.0099974
0.83673802
1.0115068
0.99171723
0.99169473
1.01151
1.2593289
1.3113011
1.3112974
1.2593153
0.97311682
0.99282207
0.99280084
0.9731517
1.0196083
1.3113129
0.91332416
0.91330226
1.0196153
1.3113375
0.97319699
0.99281958
0.97316991
0.99281175
1.2593442
1.3113223
1.2593414
1.2850437
0.82059874
0.8205939
0.86500299
1.1987361
1.2855111
0.92870335
0.95629801
0.92868737
0.95630308
0.87794935
0.95260303
0.87794829
0.95260316
0.86514218
1.1988798
1.2849674
0.82056764
0.82056555
1.285513
2.8317243
2.8317736
0.87044684
0.86225254
0.98114368
1.6928795
0.98089455
1.6927812
2.8324104
2.8323524
2.2102685
2.2073698
2.6041735
2.6279938
1.7118359
2.7874946
2.2761847
1.8765466
1.5618212
1.8472982
1.5747495
2.6890529
2.6717894
1.88842
2.8514961
2.2680785
1.8663029
1.5724894
1.571622
1.8705961
0.78515045
0.78617378
0.56592413
0.56426524
0.78768229
0.78691861
0.65150578
0.55264823
0.48027812
0.46443208
0.65171742
0.55273054
0.48014398
0.46412694
1.0500263
0.80067089
1.0638761
1.2442788
1.2450677
1.0642571
0.80018736
1.0491022
0.55248926
0.65062962
0.463166
0.47896821
0.47997425
0.46343598
0.65014747
0.55139085
0.6423274
0.6885959
0.71321936
0.75770895
0.6424093
0.68867393
0.71324999
0.75772964
0.5667588
0.60297184
0.48876457
0.5280481
0.52868093
0.48860789
0.60280429
0.56615919
0.68855609
0.64207408
0.75784258
0.71306757
0.71323909
0.75779235
0.64192725
0.68819769
0.30603057
0.7082284
0.78502285
0.78511236
0.70816843
0.30475059
1.3506442
1.3506583
1.0077753
0.98778572
1.007839
0.98782038
1.3506927
1.3507158
1.0077973
0.98782922
0.98784719
1.0078282
1.0146328
0.90877614
1.014626
1.3054738
1.3054754
0.90879677
1.2529283
1.2529252
0.96608887
0.98545775
0.96609341
0.98545685
1.0154418
1.3054719
0.9088196
0.90882658
1.0154606
0.96609815
0.98545458
0.96609509
0.98544772
1.2529159
1.3054816
1.3054886
1.2529136
0.86976585
0.94417027
0.86977799
0.94415252
0.92082917
0.94855867
0.94856823
0.92081739
1.2758367
0.81139954
0.81137896
0.85353148
1.1890175
1.2762778
0.92080604
0.94855385
0.94855539
0.92080877
0.86971791
0.94405698
0.94407613
0.86971561
0.85340727
1.1889195
1.2757106
0.81122548
0.81126131
1.2762579
0.9648113
1.669606
0.85823559
0.84941927
1.6694544
0.96449765
2.8027683
2.8025468
0.85806505
0.849359
0.96405124
1.6691823
0.96439352
1.6692308
2.8025095
2.8025398
1.8776757
1.559836
1.1906963
1.8470913
1.5734368
1.1932122
2.6775024
2.7001912
1.9062827
2.8564881
2.1751139
2.2725254
1.8680133
1.5720507
1.1936812
1.5709317
1.1950426
1.8725517
0.69404916
1.2813836
1.280526
0.56044814
0.69741918
1.2819538
1.2815281
0.55799862
0.5595859
0.79060383
0.79169653
1.0279113
0.79101896
1.0253347
1.2966156
1.2618393
1.2594193
1.2622203
1.2982943
1.2610278
0.78933654
1.0269052
1.0236727
1.2817245
0.69521852
1.2807151
0.55818214
0.6937106
1.2809683
1.2801634
0.55673597
0.79305812
0.5578751
0.7924005
0.80166066
1.050471
1.2460751
1.066168
0.80202087
1.0504615
1.2461327
1.0658029
0.65139341
0.55213411
0.47971795
0.46358164
0.65171844
0.55252271
0.47928748
0.46332232
1.0506486
0.80078837
1.0646928
1.2458232
1.2463832
1.0650103
0.80040751
1.0499911
0.55198852
0.65054028
0.46225864
0.47839862
0.4791356
0.46248466
0.6501667
0.55117875
0.60384274
0.56660961
0.52900047
0.48898412
0.60377226
0.56734895
0.52818146
0.48880202
0.64313355
0.6898231
0.7150635
0.75983739
0.64317223
0.69014981
0.71485815
0.75979105
0.56648817
0.60306506
0.48765797
0.52728165
0.52807587
0.48796959
0.60315767
0.56611883
0.68971512
0.64271088
0.75949339
0.71427963
0.71476362
0.75957335
0.64253945
0.6891552
1.3142278
0.92373061
0.92377752
0.95337582
0.96292352
0.95341894
1.3142347
0.92367697
0.92381301
0.95346684
0.96294775
0.95347525
0.30442064
0.78721795
0.71010883
0.30425374
0.78712348
0.71007167
1.2263936
1.2263881
0.92382258
1.3142074
0.92382604
0.96296922
0.9534736
0.95347933
0.95348977
0.96296875
0.95349957
1.3142384
0.92379346
0.92392463
0.3043033
0.70987404
0.7868915
0.78707252
0.70991536
0.30421215
0.99016577
0.98054466
0.98055525
0.9889247
0.94508931
0.98892549
0.99016832
0.98054958
0.98056616
0.98892144
0.94509885
0.98894641
0.97637596
0.9847313
0.97642501
0.94345035
0.95612057
0.95606841
0.95596441
0.94342306
0.95602661
0.98478938
0.97654368
0.97650153
0.98056165
0.99021418
0.98057221
0.94510982
0.98894055
0.98893756
0.98893472
0.94510964
0.98895177
0.99025371
0.98059661
0.98059927
1.0115202
0.99173991
1.0115147
0.9917355
1.3547055
1.0100228
0.83689433
1.3547256
0.83687535
0.83683083
1.0100268
0.83686264
1.0115303
0.99177059
0.99175194
1.0115357
1.2593381
1.3113317
1.3113286
1.2593298
0.97325699
0.99282181
0.99280873
0.97326304
1.0196601
1.3113368
0.91339166
0.9133802
1.0196588
0.97326115
0.99281379
0.97325807
0.99280041
1.2593312
1.3113473
1.3113374
1.2593263
1.2849553
0.82056204
0.82055882
0.86527269
1.1987526
1.2854555
0.92870032
0.95631619
0.92869155
0.95631187
0.87794831
0.95256263
0.87794559
0.95256142
0.86539272
1.198904
1.2849467
0.82052271
0.82052296
1.2854665
2.8323094
2.8324728
0.87070906
0.86264683
0.98187538
1.6933259
0.98158033
1.693191
2.8324878
2.8324293
2.2343787
2.1751304
2.6531929
2.6484138
1.7811718
2.8198264
2.2817298
1.8679273
1.5665041
1.8616921
1.5709318
2.1628276
2.9288873
2.8277077
2.0934419
2.6769687
2.1835995
1.8299612
1.5684292
1.5478987
1.8629331
0.78815017
0.56322187
0.7871264
0.56482184
0.56424016
0.78584616
0.7825352
0.65008418
0.55233911
0.47877084
0.46274063
0.64947884
0.55113707
0.47969268
0.46307418
1.0510413
0.80288721
1.065554
1.241712
1.2456539
1.0671006
0.80069399
1.0466469
0.55279944
0.65175873
0.46376793
0.47772736
0.47989286
0.46419382
0.64981133
0.54993668
0.64148109
0.68811201
0.71297094
0.75782243
0.64138673
0.68803058
0.7130294
0.75775539
0.56678924
0.60336211
0.48997908
0.53042008
0.52878222
0.48980316
0.60370849
0.56795782
0.68821359
0.64200885
0.75748108
0.7125845
0.71300488
0.75764408
0.64218957
0.68817121
0.30463438
0.70746195
0.78383657
0.78460792
0.70768537
0.30266647
1.3507683
1.0078747
0.98787555
1.0079229
0.98792223
1.3508886
1.3509606
1.0080042
0.98804783
0.98802806
1.0080937
1.0146588
0.90883807
1.0146532
1.3054775
0.90886359
1.252908
1.2529082
1.3054762
0.96608072
0.98544616
0.96608148
0.98543796
1.0154657
1.3054729
0.90892537
0.90892811
1.0147007
0.96611194
0.98545736
0.96608929
0.9854737
1.252974
1.3055633
1.3055392
1.2530052
0.86970309
0.9440424
0.86971155
0.94402985
0.92078591
0.94853611
0.94854062
0.92078179
1.2756973
0.81119954
0.81117879
0.85327761
1.1888853
1.2761719
0.92079273
0.94854129
0.94855791
0.9207834
0.86969646
0.9439927
0.94400051
0.86970381
0.85316252
1.1887997
1.2756626
0.81106886
0.81109289
1.2761658
0.96393645
1.6688091
0.85783772
0.84892597
1.6686418
0.96360191
2.8017945
2.8015283
0.85770065
0.84887018
0.96310317
1.6682002
0.9634907
1.6683408
2.8014356
2.8016298
1.8711789
1.5658383
1.1897859
1.8625838
1.5716992
1.1942005
2.9434978
2.8348206
2.1217663
2.6794857
2.1717191
2.1841589
1.8311299
1.5678546
1.1919296
1.5470886
1.1819716
1.8645549
0.6939173
1.2819024
1.2805338
0.55801101
0.69283175
1.2808719
1.2799147
0.56113821
0.55798251
0.55644194
0.79306486
0.79211892
1.0278429
0.79233456
1.0263793
1.2962929
1.2581909
1.2593715
1.2627793
1.2948207
1.2608826
0.78806243
1.0214956
1.0232671
1.2824882
0.69700951
1.281471
0.55575042
0.56248427
0.56062841
0.69222097
1.2792597
1.2796618
0.5568649
0.79130878
0.78811269
0.8008055
1.0513053
1.2458081
1.06469
0.80015025
1.0499354
1.2468922
1.065253
0.65036985
0.55219102
0.47828554
0.46216424
0.6497964
0.55102136
0.47916579
0.46264228
1.0518716
0.80308444
1.0663118
1.2431917
1.2471305
1.067815
0.80089228
1.0474431
0.55258471
0.65178874
0.46315411
0.47718138
0.47931563
0.4635824
0.64984491
0.54975045
0.60249967
0.56606527
0.52710223
0.48725645
0.60254926
0.56592932
0.52778634
0.48793924
0.64182028
0.68878043
0.7140962
0.75920183
0.64188385
0.68892083
0.71396347
0.75914622
0.5666278
0.60358195
0.48954878
0.52973303
0.52849464
0.48959708
0.6040674
0.56819205
0.68897214
0.64255289
0.75921989
0.71431479
0.71406103
0.75915433
0.64292372
0.68954991
1.3141307
0.92352948
0.92377214
0.95349508
0.9629611
0.95347927
1.3142236
0.92389685
0.92395228
0.95331217
0.96292953
0.95344563
0.30596976
0.78683206
0.70963428
0.304828
0.78651804
0.70954
1.2260282
0.92343597
1.3139176
0.92328265
0.962518
0.95274373
0.95288
0.95319002
0.96264283
0.9530479
1.3139681
0.92298296
0.92325361
0.30542961
0.70926893
0.78556469
0.78633475
0.70930786
0.30184205
0.99038945
0.98071018
0.98069858
0.98897324
0.94517182
0.98900085
0.99036949
0.98063613
0.98068037
0.98905884
0.9452114
0.98905358
0.97660342
0.9848593
0.97649325
0.94309042
0.95568796
0.95583436
0.95613415
0.94325967
0.95600908
0.98476677
0.97624195
0.97637706
0.9807358
0.99036472
0.98073984
0.94532537
0.98915667
0.98913301
0.98909673
0.94530278
0.98913122
0.99033254
0.98074027
0.98075066
1.0115939
0.99181075
1.0115735
0.99182069
1.3548835
1.0102464
1.355001
0.83706718
1.3549523
0.83706254
0.83704331
1.0102258
0.83706297
1.0117202
0.9919893
0.99192636
1.0117904
1.2593192
1.3113362
1.2593152
0.97323421
0.99280909
0.99278821
0.97323564
1.0197036
1.3113472
0.91352219
0.91349287
1.0197106
0.97327885
0.99282298
0.97324601
0.99284239
1.2594111
1.3114542
1.3114162
1.2594496
1.2849449
0.82051671
0.8205139
0.86554014
1.1988575
1.285486
0.92873907
0.95632907
0.92871121
0.95634821
0.87801214
0.95261708
0.87802738
0.95259724
0.86570209
1.1990281
1.2850629
0.82055067
0.820531
1.2855157
2.8333886
2.8337308
0.87115205
0.86320198
0.98288545
1.6947528
0.9824803
1.6944533
2.8342744
2.8339493
2.2121661
2.2574293
2.6328755
2.6425499
1.7408118
2.7890766
2.2535383
1.865357
1.5529821
1.8368837
1.5674791
2.2105247
2.6470693
2.6610668
1.7946813
2.7967982
2.2664826
1.8770573
1.5662681
1.5747351
1.857384
0.78202628
0.78273921
0.57159829
0.56644793
0.78860774
0.79068737
0.65403183
0.5532115
0.47846321
0.46499568
0.65300479
0.55100931
0.48023525
0.46502395
1.0487631
0.79947576
1.0634951
1.2453088
1.2435954
1.0625566
0.80058688
1.0506735
0.55171838
0.64946282
0.46343002
0.47962401
0.47927617
0.46281248
0.65034024
0.5525015
0.6411161
0.68577286
0.71222911
0.75623464
0.64184648
0.68792983
0.70997313
0.75549988
0.5654902
0.60043034
0.48843583
0.52858027
0.52818615
0.48804466
0.60048496
0.56560419
0.68508731
0.63876272
0.7534841
0.70938896
0.7093499
0.75351051
0.63876318
0.68508232
0.31421153
0.70398722
0.78259505
0.78287601
0.70404648
0.31279291
1.3510889
1.0082892
0.98818726
1.0083232
0.98824511
1.3511602
1.3511656
1.0083614
0.9882598
0.98829277
1.008438
1.0155684
1.3055885
0.90899393
1.0147428
1.3055808
0.90903622
1.2530413
1.253027
1.3055922
0.96617995
0.98557268
0.96616685
0.98556726
1.0156044
1.3055807
1.3055874
0.90903766
0.9090619
1.0156221
0.96612663
0.98557459
0.9661473
0.98557246
1.2530252
1.3055855
1.3055927
1.2530191
0.86970159
0.94398765
0.86970714
0.94398163
0.92081903
0.94858717
0.94860033
0.92081051
1.2756602
0.81105173
0.81103535
0.85300083
1.1888065
1.276141
0.92079199
0.94857801
0.94857222
0.92080142
0.86963289
0.94390467
0.94392845
0.86961134
0.85280004
1.1887112
1.2755901
0.81087238
0.81091158
1.2761283
0.9629696
1.6675161
0.85748799
0.84838376
1.667255
0.96256621
2.800501
2.8004417
0.85731812
0.84830396
0.96189559
1.6658545
0.96241417
1.6662583
2.798548
2.7992758
1.8643292
1.5522938
1.1867786
1.8381028
1.566083
1.1915132
2.1744791
2.6332344
2.6484548
1.7306854
2.7215384
2.1991647
2.2638773
1.8763744
1.5571452
1.187434
1.5723731
1.1920591
1.8437489
0.6999693
1.2822895
1.2830217
0.69960695
1.2814183
1.2827623
0.56239011
0.56406655
0.56391913
0.7875389
0.78832524
1.0248681
0.78739215
1.0221807
1.2958788
1.2620581
1.2604983
1.2599108
1.2950412
1.258087
0.79110617
1.0280062
1.025392
1.2803964
0.69070691
1.2792118
0.5588686
0.55656229
0.69455958
1.2820398
1.280588
0.5590888
0.79357318
0.79587436
0.8052991
1.0512192
1.2446613
1.0686243
0.80464459
1.0491994
1.246217
1.0682214
0.65402643
0.55299624
0.47797259
0.46430159
0.65310221
0.55088387
0.47970078
0.4643016
1.049452
0.79990416
1.0646002
1.2467618
1.2449259
1.0635495
0.80115395
1.0515666
0.55157324
0.64974373
0.46298792
0.47933966
0.47878647
0.46227034
0.65075794
0.55261432
0.60424077
0.56694867
0.53033123
0.49040354
0.60482629
0.56871505
0.52893244
0.49000734
0.64256667
0.68786651
0.71417328
0.75852802
0.64317169
0.68952186
0.71243808
0.75787136
0.5662202
0.60192489
0.4882385
0.52904064
0.52794722
0.48773925
0.60209515
0.56673625
0.68721442
0.6404893
0.75606441
0.71164962
0.71183884
0.75612282
0.64056994
0.68712171
1.3136574
0.92259952
0.92270281
0.95266691
0.96233038
0.9526086
1.3137948
0.92294278
0.92289241
0.95259788
0.96234088
0.95261375
0.31115065
0.78531861
0.70842359
0.30217807
0.7847235
0.70780827
1.2250421
0.92272604
1.3137106
0.92274353
0.96236827
0.95255596
0.95261716
0.95264082
0.9623785
0.95266642
1.3137168
0.92246296
0.9227541
0.31420459
0.70608957
0.78424521
0.78453408
0.70618088
0.31404909
0.99035613
0.98093903
0.98088921
0.98921267
0.94547075
0.98926938
0.99031793
0.98077906
0.98083612
0.98939386
0.94553808
0.98935526
0.97611516
0.98466933
0.97611129
0.94276664
0.95548037
0.95550124
0.95551763
0.94278717
0.95551521
0.98466755
0.97609021
0.97612159
0.98098789
0.99045035
0.98100565
0.9456389
0.98944
0.98946409
0.98944577
0.94564407
0.98947896
0.99045498
0.98097044
0.98101285
1.012041
0.99214971
1.0119924
0.99218222
1.0105577
0.83720765
0.83723375
0.83723101
1.0105602
0.83724973
1.3552096
1.0121469
0.99228375
0.99226522
1.0121641
1.259507
1.2594784
0.97341058
0.99303055
0.99300098
0.97340956
1.0198455
1.3115189
0.91371305
0.91370529
1.0198487
0.97339572
0.99304353
0.9734008
0.99305033
1.259551
1.3115498
1.3115367
1.2595582
1.2850812
0.82056286
0.82057426
0.86589149
1.1990891
1.2856565
0.92886832
0.95647949
0.92885069
0.95648343
0.87810723
0.95272632
0.87810058
0.95271322
0.86599575
1.1992566
1.2852219
0.820624
0.82060895
1.2856877
2.8356466
2.8358372
0.87170529
0.86392092
0.98396381
1.6976753
0.9835657
1.6971277
2.8382352
2.8373786
2.1649173
2.2636666
2.6824112
2.7181082
1.9197589
2.6434127
2.203043
1.862388
1.553898
1.8366163
1.5695966
2.2376482
2.6709197
2.6605826
1.7836364
2.8167472
2.2591487
2.1961426
1.8660371
1.5497921
1.5714769
1.8323793
0.7846737
0.78714987
0.56679757
0.57045021
0.78283097
0.78293888
0.64943973
0.5509654
0.47960445
0.46456051
0.65070818
0.55257187
0.47841747
0.46415104
1.0503124
0.8042434
1.0671477
1.2427837
1.2447831
1.0670211
0.80342904
1.0479042
0.55228341
0.65303317
0.46512449
0.47793731
0.47927538
0.46547777
0.65213706
0.55055379
0.64013431
0.68620261
0.70972894
0.75474446
0.63991123
0.68542267
0.71062807
0.75511393
0.56744446
0.60294359
0.49115799
0.53052478
0.53044469
0.49131193
0.60306338
0.56770501
0.68652288
0.64091515
0.75633776
0.71133652
0.71093391
0.75608423
0.64107192
0.68685977
0.30585425
0.70627562
0.78363406
0.78314751
0.70599243
0.30321366
1.3511377
1.3511351
1.0083431
0.98817846
1.0084066
0.98815058
1.3509956
1.3509792
1.3509926
1.008171
0.98782078
0.98792627
1.0081504
1.0155277
1.3055427
1.3055706
0.90895047
1.0155704
0.90891595
1.2530037
1.3055849
1.2530148
1.3055821
0.96589389
0.98546862
0.96579718
0.98550621
1.01546
1.3055121
1.3055035
0.90866429
0.90874349
1.0154584
0.96558467
0.98542873
0.96569006
0.98539095
1.2528264
1.30551
1.3055014
1.2528071
0.86953709
0.9438824
0.86958085
0.94385884
0.92065004
0.94834086
0.94840958
0.92059809
1.2755862
0.81084238
0.81081643
0.85241092
1.1886018
1.2760357
0.92049873
0.94827583
0.94821694
0.92054647
0.86927905
0.94374358
0.94375663
0.86923407
0.85208427
1.1886047
1.2755367
0.81064142
0.81066811
1.2760342
0.96172668
1.6645986
0.85702366
0.84760341
1.6641311
0.96121539
2.7971513
2.7966646
0.85684415
0.84749759
0.96052265
1.6623099
0.96103824
1.6627378
2.794177
2.7948999
1.8624192
1.5515078
1.1843466
1.837188
1.5664891
1.1902551
2.2394428
2.6770934
2.6622064
1.8107109
2.8237847
2.2621828
2.2022479
1.8671453
1.5478373
1.1822308
1.5695274
1.1936311
1.8328332
0.69165775
1.2798925
1.2798515
0.6966408
1.2824169
1.2815007
0.55831084
0.5583082
0.5613063
0.79049827
0.79303381
1.026301
0.79413932
1.027813
1.2951248
1.2604562
1.2615999
1.2606057
1.2984983
1.262401
0.79377165
1.0251274
1.0275296
1.2813677
0.69819367
1.2822723
0.56241949
0.56102442
0.69790666
1.2806367
1.2819611
0.78853727
0.5629626
0.78889462
0.8004373
1.0493365
1.246981
1.0663258
0.80200608
1.0518756
1.2448061
1.0651367
0.64958889
0.55070537
0.47928437
0.46408623
0.65098817
0.55263005
0.47782881
0.46383366
1.0507797
0.80437391
1.0678543
1.2443185
1.245879
1.0675654
0.8037065
1.0487767
0.55198148
0.65307696
0.46447895
0.47743412
0.47865298
0.46488707
0.65230535
0.55045451
0.60352394
0.56789973
0.52978715
0.49046277
0.60340959
0.56738847
0.53016871
0.49041169
0.64176806
0.68801724
0.71192806
0.7568503
0.64162447
0.68744454
0.71256015
0.75711676
0.56830723
0.60433196
0.4910555
0.53047419
0.5306466
0.49130105
0.60446934
0.56847098
0.68826096
0.64247304
0.75810516
0.71333529
0.71278875
0.75784786
0.64263501
0.68872628
1.3137535
0.92212889
0.92235667
0.95254283
0.96227646
0.95253872
1.3137581
0.92246807
0.92252051
0.95251528
0.96225112
0.95255587
0.30842116
0.78422224
0.70673629
0.31186107
0.78447303
0.70696694
1.2255337
0.92205755
1.3135802
0.92197803
0.96230458
0.95284978
0.95269084
0.95253929
0.96226485
0.95260115
1.3137218
0.92209761
0.92211043
0.30789109
0.70793342
0.78515324
0.78465368
0.70765145
0.30508933
0.99026064
0.98075261
0.98081599
0.98941283
0.94552234
0.98936293
0.99032143
0.9809329
0.98088367
0.98925634
0.94546532
0.98933045
0.97598596
0.9844637
0.97601012
0.94271045
0.95549559
0.95549477
0.95542807
0.94269561
0.95548033
0.98445664
0.97601637
0.97603866
0.98070823
0.99016034
0.98064517
0.94515837
0.98898198
0.98906443
0.98921014
0.94525092
0.98915675
0.99012426
0.98048668
0.98058381
1.0121389
0.99223648
1.0121666
0.99217892
1.3550812
1.0102335
0.83677138
0.83684488
0.83695404
1.0103037
0.83691373
1.3550849
1.011977
0.99190307
0.99196599
1.0119338
1.2595748
1.3115689
1.2595646
0.97324944
0.9930642
0.99307386
0.97317105
1.0197876
1.3115542
0.91341416
0.91346914
1.0197721
0.97297992
0.99303403
0.97307076
0.99300511
1.2594729
1.3115963
1.3115613
1.2594662
1.285235
0.82063317
0.8206426
0.86597866
1.1992293
1.2858084
0.92873659
0.95632926
0.92875724
0.95627991
0.87793841
0.95279089
0.87790877
0.95276631
0.86590468
1.1992682
1.2854522
0.82071157
0.82067998
1.2858467
2.8400283
2.840628
0.87217888
0.86457624
0.98492345
1.7017647
0.98453485
1.7011401
2.8437403
2.8428145
2.190071
2.8121442
2.8922423
2.041736
2.7312864
2.1834053
1.8355052
1.5584811
1.8435278
1.5515885
2.7139881
2.6633051
1.9025682
2.825969
2.1996474
2.1654236
1.8594988
1.5809011
1.5671966
1.8853624
0.78606212
0.78438901
0.5702205
0.56411085
0.78958868
0.56573805
0.78899
0.65246463
0.55324124
0.47724766
0.46291751
0.65015167
0.54966966
0.47972115
0.46293214
1.0507283
0.80098866
1.0643742
1.2443574
1.2457851
1.0644852
0.79995523
1.0484045
0.5526958
0.65087399
0.4595584
0.4779025
0.47943464
0.46007328
0.64972168
0.5503476
0.64047498
0.68592629
0.71138756
0.75644937
0.64081389
0.68683617
0.71054271
0.75617254
0.56458766
0.59960559
0.48423234
0.52530205
0.52658967
0.48483181
0.59949779
0.56349369
0.68527566
0.63843415
0.75458693
0.70939491
0.70993122
0.75482392
0.63815787
0.68468605
0.31192757
0.70500779
0.78364213
0.78408196
0.70528883
0.31504671
1.3510621
1.3510091
1.3510455
1.0080715
0.98761949
1.0081021
0.98758084
1.351327
1.3516826
1.3515023
1.0081542
0.98733518
0.98741049
1.0082523
1.0154137
1.3056344
1.3055885
0.90846888
1.0154311
0.90841919
1.2527751
1.3055348
1.2527931
1.305566
0.96504813
0.98534784
0.96491989
0.98533464
1.0154673
1.3057042
0.90820055
0.9082587
1.0155214
0.96469869
0.98537908
0.96479917
0.98543333
1.2527095
1.3062079
1.305999
1.2527269
0.86914127
0.9437404
0.86918905
0.94374417
0.92029592
0.9478416
0.94790778
0.92026594
1.2760662
0.81062659
0.81061402
0.85154489
1.1884679
1.2762443
0.9202486
0.9477902
0.94775599
0.92024883
0.86902551
0.94398335
0.94390709
0.86904376
0.85133166
1.1885196
1.2763871
0.8103487
0.81042844
1.2763577
0.96038337
1.6612312
0.85673252
0.84689788
1.6609066
0.96009263
2.7928947
2.7924164
0.85692983
0.84686704
0.96024573
1.6605417
0.9600535
1.6604576
2.7916563
2.7916193
1.834592
1.5582059
1.1873017
1.8461683
1.5492166
1.183051
2.2464733
2.7185243
2.6620926
1.9372646
2.8308693
2.2011813
2.1662927
1.8620015
1.5794581
1.1956812
1.5670077
1.1911802
1.8860183
0.69856589
1.2825314
1.2821884
0.69424842
1.2794866
1.2807876
0.56259376
0.55982286
0.79140706
0.78987235
1.0269826
0.78896486
1.0239922
1.2958934
1.2604681
1.2583585
1.2612989
1.2959841
1.2598179
0.78613761
1.0239653
1.0217634
1.2815038
0.69204369
1.279575
0.55967917
0.55611475
0.56144
0.68870996
1.2800642
1.2784264
0.79510591
0.55793513
0.79445593
0.80398609
1.0523807
1.2435575
1.0668907
0.80173554
1.0477709
1.2476317
1.0677211
0.65275727
0.55310825
0.47678106
0.46221749
0.650522
0.54962498
0.47916318
0.4621382
1.051531
0.8012523
1.0651544
1.2457014
1.2472777
1.0653088
0.80015563
1.0490643
0.55249929
0.65098231
0.45864908
0.47716592
0.47880875
0.45928677
0.64977336
0.55002843
0.60353898
0.5661736
0.53006681
0.4889579
0.6040248
0.56823258
0.52738163
0.48786324
0.6419795
0.68769824
0.71337656
0.75844421
0.64238748
0.68870887
0.7124618
0.75816209
0.56500466
0.60077901
0.48363766
0.52477292
0.52613586
0.48444668
0.60041485
0.56387993
0.68703055
0.63974598
0.75638013
0.7111142
0.7118552
0.75658649
0.63942275
0.68622197
1.3143563
0.9224257
0.92253421
0.95307834
0.96252335
0.95330207
1.3143219
0.92236909
0.9225873
0.95367103
0.96260894
0.95353193
0.31005985
0.7852936
0.70847562
0.30459115
0.78565057
0.70830447
1.2264119
0.92248201
1.314568
0.92244504
0.9624793
0.95401377
0.95400622
0.95383382
0.96260029
0.95396237
1.3147136
0.92210518
0.92244769
0.3130974
0.70675548
0.78520645
0.78563369
0.70700073
0.31503213
0.98994512
0.98026057
0.98031777
0.98892411
0.94491328
0.98886805
0.98998278
0.98042481
0.9803769
0.98878592
0.94485892
0.98884699
0.97587175
0.98416654
0.97572471
0.9423281
0.95475608
0.95501329
0.95540634
0.9425566
0.95525392
0.98401872
0.97531013
0.97554563
0.98021982
0.98979077
0.98015327
0.94461777
0.98861504
0.98866316
0.9887595
0.94468554
0.98872959
0.9896969
0.97997688
0.980083
1.0118759
0.99170282
1.0118827
0.991626
1.3554031
1.0100365
0.8361335
0.83630128
0.83651715
1.0100406
0.83643605
1.3555827
1.0119562
0.99143427
0.99146052
1.0120363
1.2594647
1.311632
1.3116715
1.259462
0.97252331
0.99308687
0.99303873
0.97241822
1.0198716
1.3118806
0.91303012
0.91305152
1.0199194
0.97225176
0.99314154
0.97231785
0.99322268
1.2595205
1.3124792
1.3122238
1.2595714
1.2855139
0.82073953
0.82076636
0.86580535
1.1994929
1.2863442
0.92868814
0.95601985
0.92864513
0.95601254
0.87793939
0.95331872
0.87799961
0.95318631
0.86593007
1.1997194
1.2867288
0.8207894
0.82079717
1.2865142
2.8458908
2.8467437
0.87327523
0.86538352
0.98692695
1.7065086
0.98591147
1.7058045
2.8499593
2.8491836
2.9197604
2.8339612
2.1214669
2.6534406
2.2569678
1.8336943
1.5574404
1.8375949
1.5548226
2.949217
2.8431154
2.1473628
2.6509468
2.2655927
2.1587565
1.836423
1.5530805
1.5538758
1.8340159
0.77791969
0.77625003
0.75265646
0.78500628
0.65344337
0.55072226
0.47868887
0.46179076
0.6537651
0.55151872
0.47813411
0.46154708
1.0495972
0.80306466
1.0692366
1.2479913
1.2466933
1.0700006
0.80239166
1.053605
0.54975442
0.65129362
0.473142
0.48599127
0.47730879
0.46366756
0.65354981
0.56159351
0.63803749
0.68392353
0.70944006
0.75430778
0.63840887
0.68481729
0.70852473
0.75386825
0.56247841
0.60116645
0.50122452
0.55347038
0.52475369
0.4893605
0.60952916
0.58674904
0.68373573
0.6394184
0.76033987
0.72019475
0.70834739
0.7545285
0.6465432
0.69816395
0.37166889
0.70601146
0.7757136
0.78542868
0.70192208
0.40669381
1.3522727
1.3519151
1.3521584
1.0082931
0.9871446
1.0084582
0.9870126
1.3501401
1.342371
1.0049388
0.98391864
0.9851797
1.0034634
1.0158967
1.3068697
1.3068751
0.90816544
1.0157723
0.90821025
1.252614
1.3064577
1.2527117
1.3067261
0.96386241
0.98550602
0.96316456
0.98574432
1.0151333
1.3058404
0.9051479
0.90740327
1.0146499
1.2968371
0.95951793
0.98480843
0.9615923
0.98345751
1.2416268
1.3045182
1.2449809
0.86911984
0.94409256
0.8690765
0.9442331
0.92040673
0.94725701
0.94751024
0.92035899
1.2766448
0.81026483
0.81018105
0.85077995
1.1876296
1.2775992
0.91930404
0.94674861
0.94565069
0.92012794
0.86614053
0.94052327
0.94354994
0.86206124
0.84624
1.1859829
1.2744216
0.81131309
0.80163825
1.2766718
0.96046523
1.6614008
0.85753744
0.84679938
1.6615479
0.96161153
2.7929863
2.7928605
0.85533997
0.84648722
0.93545706
1.6220231
0.96161348
1.6453634
2.7136515
2.7617521
1.8345981
1.5558516
1.1917133
1.8378696
1.5535836
1.1900354
2.1815663
2.9663868
2.8522479
2.1767688
2.6580295
2.2694608
2.1588404
1.8363214
1.5520562
1.183754
1.5519711
1.1842337
1.8349297
0.69616686
1.2818463
1.2830457
0.56847453
0.69842161
1.2825406
1.2835942
0.78351428
0.56860005
0.78180233
1.0220214
0.79072739
1.0263975
1.2923367
1.268055
1.2585249
1.2603686
1.295995
1.2625226
0.79352517
1.0387772
1.0243225
1.2806476
0.69265646
1.2832422
0.58732494
0.56818707
0.69353235
1.2914612
1.2856595
0.59125397
0.75796823
0.56900832
0.79049513
0.80574646
1.0502434
1.2477808
1.0721203
0.80600584
1.0513898
1.2471563
1.0730278
0.65360687
0.55047543
0.47799573
0.46091855
0.65396063
0.55126627
0.47747627
0.46070838
1.050289
0.80339606
1.0701634
1.2497323
1.2480599
1.0708469
0.80288828
1.0547031
0.54952595
0.65150394
0.47252075
0.48569848
0.47668272
0.46290442
0.65392575
0.56170823
0.60037877
0.56276094
0.525569
0.48569843
0.60088991
0.56443972
0.52443796
0.48539718
0.63914654
0.68527103
0.71114957
0.75613489
0.63959597
0.68633178
0.71013178
0.75567482
0.56239519
0.60156248
0.50049198
0.5529317
0.52427209
0.48844607
0.60943195
0.58649682
0.68501388
0.64020007
0.76215834
0.7218054
0.70991637
0.75630434
0.64717047
0.69934158
1.3142125
0.9199745
0.92085866
0.95400706
0.96184412
0.95393788
1.3146956
0.92191185
0.92160095
0.95360551
0.96155094
0.95380274
0.33904172
0.7848916
0.70606828
0.31385343
0.7851182
0.70533645
1.2148905
0.91871356
1.3094757
0.91860992
0.95955369
0.95344829
0.95359954
0.95334637
0.96049661
0.95346311
1.3063621
0.92374786
0.91914754
0.37290637
0.70785291
0.77732324
0.78713196
0.70369434
0.40788575
0.9893293
0.97974051
0.97981344
0.98860201
0.94450898
0.98859964
0.98939443
0.9799125
0.97986503
0.98861595
0.94451627
0.98864016
0.97488697
0.9831292
0.97485938
0.94110391
0.95225488
0.95448031
0.95426986
0.94118706
0.95431884
0.98286296
0.9726269
0.9749525
0.97959163
0.98881485
0.9790629
0.94143909
0.9834742
0.98641633
0.98849139
0.94357201
0.98787805
0.98829396
0.9748394
0.97791939
1.01223
0.99129822
1.0122893
0.99116353
1.3542631
1.008789
0.83919774
0.82465915
0.83464559
1.0093718
0.83526482
1.3465312
1.0100976
0.98923613
0.98953626
1.0086723
1.2595466
1.3127636
1.3130697
1.2595915
0.97169739
0.99366586
0.99380743
0.97109345
1.0198291
1.3123835
0.9103659
0.91249743
1.0202107
0.9676775
0.993058
0.96962265
0.99180591
1.24891
1.3112725
1.3035282
1.2523505
1.287059
0.82076535
0.82073863
0.86610525
1.1993755
1.288311
0.92826493
0.95546183
0.92898807
0.95445339
0.87568271
0.95051232
0.95338132
0.87175639
0.86232087
1.1979703
1.2854477
0.82232394
0.8127116
1.2874989
2.8519955
2.8524566
0.87324484
0.86645636
0.9659886
1.6709265
0.98968427
1.6940909
2.7752841
2.8234111
)
;
    }
}


// ************************************************************************* //
