/*--------------------------------*- C++ -*----------------------------------*\
| =========                 |                                                 |
| \\      /  F ield         | OpenFOAM: The Open Source CFD Toolbox           |
|  \\    /   O peration     | Version:  2412                                  |
|   \\  /    A nd           | Website:  www.openfoam.com                      |
|    \\/     M anipulation  |                                                 |
\*---------------------------------------------------------------------------*/
FoamFile
{
    version     2.0;
    format      ascii;
    arch        "LSB;label=32;scalar=64";
    class       volScalarField;
    location    "200";
    object      yPlus;
}
// * * * * * * * * * * * * * * * * * * * * * * * * * * * * * * * * * * * * * //

dimensions      [0 0 0 0 0 0 0];

internalField   uniform 0;

boundaryField
{
    inlet
    {
        type            calculated;
        value           uniform 0;
    }
    outlet
    {
        type            calculated;
        value           uniform 0;
    }
    topandbottom
    {
        type            calculated;
        value           uniform 0;
    }
    front
    {
        type            symmetryPlane;
    }
    back
    {
        type            symmetryPlane;
    }
    airfoil
    {
        type            calculated;
        value           nonuniform List<scalar> 
12960
(
55.285802
50.383023
59.057548
48.632563
48.593047
45.822878
41.376503
44.334861
40.150807
43.186063
43.602346
43.685802
51.980959
52.157501
43.829021
51.894558
44.194216
51.175395
43.667046
44.586224
59.885744
50.247993
44.072237
49.430038
55.081976
47.233848
40.919908
45.253587
44.510772
43.803677
51.968019
43.642355
47.682703
47.825216
43.090607
39.855262
51.299555
51.294377
43.387354
51.656483
43.335993
44.822249
42.663635
44.974853
42.301871
42.099435
42.407691
49.326672
42.02401
57.27809
40.787539
41.251396
40.544622
55.969369
40.524181
54.676838
39.265798
39.620703
38.887552
44.764905
38.925434
52.851159
38.277313
38.646697
37.945084
44.296249
38.106962
39.572001
37.795988
37.644755
37.833753
44.40941
37.907008
38.775886
38.000326
37.664259
38.2745
43.765159
38.130233
44.237206
38.374803
38.182016
38.147597
39.867542
37.894847
52.172072
38.171743
38.2127
37.913699
44.209824
37.858311
51.388795
38.008972
38.016187
37.773237
38.770983
37.495793
39.790695
38.611552
37.675677
20.187193
50.802717
42.87352
42.720031
19.959934
19.884257
44.777332
42.589051
42.199388
19.732657
19.87664
19.839882
43.869728
41.308525
41.520535
19.523797
19.56366
57.944446
41.414763
41.473613
19.527074
19.64383
19.473069
56.087479
40.155005
40.375712
19.329261
46.96973
39.775246
39.618349
18.822121
18.984942
18.667731
44.466754
38.475207
38.777898
53.285658
38.59937
38.747544
18.452248
18.588072
52.330329
38.088157
38.27056
18.35083
18.410807
43.251944
37.993138
37.874851
18.207632
18.28851
18.225461
18.312818
52.148506
38.157898
38.123619
18.372221
18.387588
38.718699
37.916476
37.642772
18.204201
18.247279
18.124261
18.192759
38.460454
37.85896
37.884749
18.036537
18.077486
38.861583
37.866208
37.913546
18.354666
18.254886
18.050736
18.121129
18.256039
43.290848
38.016501
38.04201
18.316612
18.292523
44.248638
37.808168
38.004774
18.596578
18.560465
18.324189
18.436262
18.558455
51.171314
38.003303
37.998472
18.737007
18.678017
51.335026
37.97929
37.984348
18.673273
18.751721
18.380767
38.589218
37.758639
37.494303
18.231818
18.170629
43.749593
37.924433
37.709575
18.631661
18.219644
52.197799
44.481717
40.249729
44.984886
45.478303
47.395896
56.496512
48.243895
57.602565
50.26187
49.504237
49.892871
45.099039
45.493378
49.884013
44.999032
49.784823
44.926117
51.202855
51.157599
39.183919
43.380678
19.805297
18.979695
53.93337
45.860896
19.601695
18.485111
18.696787
18.706159
41.014249
46.057219
19.162164
19.183571
56.956653
18.515574
48.234287
18.570676
19.457534
18.344982
48.431145
49.05021
19.577499
18.254645
44.083875
49.671285
19.695827
19.960774
19.852555
18.270691
58.845601
58.970166
20.243189
20.252078
18.312786
51.156092
60.011967
20.020221
55.685052
55.271937
18.564133
19.765315
50.67716
45.886333
18.274009
19.923641
20.63237
19.948361
38.597834
51.039015
37.946515
52.390019
38.274431
38.390417
38.190543
44.441562
38.606885
40.497642
39.537666
39.13798
39.689213
41.002301
39.57645
42.818594
40.401915
40.088655
40.701349
48.457807
40.643907
42.860111
41.169549
40.764128
41.473297
48.957466
41.319525
58.769464
41.791386
41.889513
41.788232
48.941549
41.780588
59.10055
41.997208
42.283386
41.742437
49.657906
42.007641
50.295436
41.951859
42.135953
42.276047
59.473416
42.568924
45.446905
42.460945
42.378158
42.792119
50.139699
42.866047
55.535567
42.661171
42.667961
42.90829
60.549692
43.120372
59.983246
43.674034
43.167407
19.85497
43.362122
37.446282
37.57658
18.263352
18.322707
51.89559
37.833517
38.250275
18.510504
18.371283
19.755784
18.512637
18.537427
18.559243
19.715
53.230954
39.222904
39.054759
18.786649
18.744286
40.788221
39.111961
38.974364
19.678457
18.612599
18.599903
18.6135
18.728696
19.485661
51.057598
39.802945
39.643557
19.440525
18.792115
18.713674
46.386081
40.12598
40.206573
18.923126
19.054456
18.999704
18.697358
19.041505
19.322488
18.623103
48.495844
40.989469
40.736437
18.570147
19.440512
19.386362
42.965858
40.856037
40.653138
19.319366
19.374161
18.632641
19.292237
19.34774
18.371917
44.406356
41.382706
41.127478
19.586794
19.514491
49.88207
41.530454
41.65724
19.799607
18.162714
19.82985
19.66308
19.74433
19.554019
19.763946
44.079277
41.634027
41.574853
19.657832
59.034703
41.992136
42.294883
18.11006
20.046259
19.720518
20.011107
19.902029
58.2083
42.36711
42.305306
58.643772
42.383213
42.359808
19.932801
20.039967
20.006329
20.162407
20.186453
19.984171
20.061471
51.216872
42.540858
42.47589
51.057751
42.773622
42.61153
19.726892
20.027959
19.911659
20.032286
19.771376
18.582699
44.931975
42.679077
42.676597
19.58411
19.64592
55.214701
42.711932
42.708474
19.733528
19.562434
18.731312
19.574189
19.744012
19.624873
18.217149
60.238396
42.717174
43.05193
20.0224
20.118839
50.591743
42.430925
42.704951
18.201234
20.037124
20.090154
20.24397
0.79401714
1.3006401
1.2975727
0.81888573
1.2170164
1.2679981
0.978468
0.93484156
0.93735676
0.97506112
1.0033985
1.0056537
1.9685195
1.9324777
1.3089402
1.3049366
0.85925942
0.96316742
0.96680708
0.86385999
0.80272399
1.299819
0.80000585
1.3016871
1.2229689
1.223788
0.97944596
0.93808003
0.97912171
0.93842211
1.0045119
1.0041999
1.9675695
1.9421441
1.310557
1.3108599
0.85578866
0.96528943
0.85666805
0.96478604
0.80704911
1.3003636
0.79660062
1.3045358
1.2223018
1.2225193
0.97937068
0.93829529
0.97942714
0.93833266
1.0039313
1.0038187
1.9660587
1.9524578
1.3102742
1.3103684
0.85484956
0.96452177
0.85497173
0.96453762
0.79847814
1.3049187
0.80570269
1.3023036
1.2227647
1.2225306
0.97913704
0.93816964
0.97923377
0.93810194
1.0036286
1.0035383
1.9701217
1.9620549
1.3102592
1.3102509
0.85516194
0.96461951
0.85489381
0.96467149
0.80213231
1.3016758
0.8037744
1.3031137
1.2228955
1.2228319
0.97918948
0.93821561
0.97914997
0.93835503
1.0034534
1.0034286
1.9339236
1.9493794
1.3102598
1.31024
0.85607681
0.96472515
0.85559138
0.96477873
0.80239964
1.3010761
0.8023206
1.3001838
1.223403
1.2231433
0.97942165
0.93854046
0.97931529
0.93870743
1.0034153
1.0034466
1.9459093
1.9476052
1.3103975
1.3103005
0.85781775
0.96493404
0.85698558
0.96513243
0.80368933
1.3010842
0.79931099
1.3006769
1.2228728
1.2232459
0.97955287
0.93896491
0.97960752
0.93890237
1.0035821
1.0036651
1.9509372
1.9480359
1.3107671
1.3106221
0.8606358
0.96558476
0.85941366
0.96591327
0.79864775
1.3048604
0.80607487
1.3013013
1.2232079
1.2230022
0.97952639
0.93850788
0.97942352
0.93855963
1.0036618
1.0035928
1.9637356
1.9570735
1.3110857
1.310989
0.86499767
0.96639464
0.86311703
0.96675166
0.79834268
1.3000023
0.79798216
1.3014726
1.2237547
1.2234841
0.97913201
0.93843584
0.97947542
0.93804699
1.0034523
1.003469
1.9537152
1.9343594
1.312014
1.3114054
0.87226012
0.96779683
0.86919724
0.96909884
0.79296417
1.300045
0.79592197
1.2985486
1.2226519
1.2248205
0.97823685
0.93713049
0.97837661
0.93684973
1.0041694
1.0053204
1.9632898
1.964501
1.3158224
1.3143573
0.88455125
0.97330761
0.87915977
0.97750103
1.1903576
1.1885987
1.9685523
1.9351904
1.8350123
1.8497004
1.1965179
1.1903198
1.9716637
1.9457077
1.8352827
1.8533323
0.69635548
0.71561188
0.79538991
1.2978548
1.2980555
0.79426972
0.69755251
0.69543413
1.3077765
0.95327822
0.95723779
1.3146296
1.2219794
1.2241693
1.3099039
0.9583382
0.95761815
1.3113201
0.98428814
0.93345435
0.93956185
0.98056861
0.97861529
0.93790197
0.93746064
0.97898305
0.98443649
0.93916364
0.93952863
0.98465819
1.3040642
1.301415
0.98435961
0.94915028
0.94970299
0.98728685
1.0047127
1.0055358
1.3050477
1.3046471
0.98479718
0.94575741
0.94864516
0.9836499
0.86622217
0.9642979
0.96468044
0.87449542
0.8644855
0.9600434
0.96341674
0.85947982
1.8315394
1.8487708
1.9653244
1.9420576
1.8290425
1.8513546
1.2198885
1.2713003
1.224851
1.2268882
0.98828792
0.94886429
0.95248628
0.98885751
1.3103861
1.3109815
0.98948762
0.95166806
0.95237416
0.99000979
0.85889104
0.96554129
0.96655475
0.85709183
1.1935299
1.1970433
1.9698307
1.9471193
1.843953
1.8276471
1.192636
1.1965786
1.9465699
1.9354146
1.8320797
1.8367566
0.70528692
0.70131391
0.7987124
1.2965038
1.299969
0.79525499
0.70160192
0.69766179
1.3106156
0.95848067
1.3111688
0.95853546
1.2228817
1.2226073
1.3105305
0.95820524
0.9584717
1.3102246
0.98493812
0.93911794
0.98474846
0.93909362
0.97947623
0.93831514
0.93842829
0.97944833
0.98495571
0.93905479
0.93909296
0.98491628
1.3034531
1.3043011
0.98229516
0.94499458
0.98323318
0.94336739
1.0039945
1.0041476
1.3032633
1.3028462
0.98211269
0.94218075
0.94298137
0.98182763
0.85400313
0.95912596
0.85793225
0.95716603
0.85277739
0.95565806
0.95668467
0.84993156
1.8416763
1.8227169
1.9479259
1.9344374
1.8305155
1.8364484
1.2255784
1.2264631
0.98991211
0.95147956
0.98996469
0.95114208
1.310518
1.3104134
0.98997178
0.95104856
0.95108941
0.99015986
0.85559319
0.96453065
0.96468978
0.85509031
1.2008207
1.2034191
1.9624752
1.9525235
1.8652091
1.8601219
1.2045776
1.2017992
1.9368618
1.9458225
1.837617
1.853999
0.70762412
0.69942045
0.80673205
1.3028937
1.3049054
0.80042546
0.70661216
0.70019535
1.3100173
0.95814846
1.3101669
0.95802025
1.2223696
1.2225816
1.3100705
0.95777783
0.95797549
1.3101496
0.9847863
0.93903997
0.98489516
0.93896948
0.97934111
0.93820537
0.93832979
0.97925447
0.98474428
0.93883513
0.93894001
0.98463556
1.302434
1.3027462
0.98167319
0.94201454
0.98181775
0.94164972
1.0036774
1.0037929
1.3023638
1.3021799
0.98165199
0.94130949
0.94156693
0.98158316
0.84691049
0.95540134
0.8490443
0.95487945
0.84626441
0.95443288
0.95475914
0.8449624
1.8697149
1.8594971
1.9341411
1.9459604
1.8355556
1.8538381
0.99040145
0.95107386
0.99023058
0.95116625
1.310277
1.3102734
0.9904788
0.95128189
0.95119979
0.99062407
0.85486852
0.96459106
0.96455471
0.8548683
1.2013567
1.2066417
1.9686736
1.9661974
1.8760651
1.8362308
1.2058591
1.1984887
1.9465876
1.9608591
1.8298346
1.8662006
0.69963802
0.70559168
0.80191604
1.3029263
1.3019062
0.79999718
0.70310736
0.70146862
1.3100905
0.95773843
1.3100807
0.95764747
1.2228067
1.2228875
1.3101065
0.95774197
0.95765372
1.3102056
0.9845116
0.9388116
0.98461726
0.9387338
0.97911982
0.93817881
0.93811567
0.97913123
0.98448814
0.93867065
0.93871545
0.98447496
1.3019916
1.3021299
0.98151354
0.94129861
0.98159573
0.94115295
1.0034798
1.0035289
1.3019574
1.301853
0.98149588
0.94011535
0.94111905
0.98141933
0.84370269
0.9543627
0.8445814
0.95417071
0.84340712
0.95312036
0.95412689
0.84283546
1.8768106
1.8319471
1.945411
1.9631484
1.8272663
1.8679763
0.99077069
0.95131699
0.99066197
0.95138129
1.3102675
1.3102566
0.99080807
0.95141973
0.95139596
0.99082305
0.85528311
0.96469685
0.96468332
0.85549291
1.1955032
1.202197
1.9359753
1.9578651
1.8349032
1.8283905
1.19747
1.1950851
1.9589569
1.94756
1.8291247
1.8297736
0.70376461
0.7053861
0.80373255
1.301463
1.3014481
0.8021869
0.7055045
0.70384712
1.3103567
0.95781232
1.310227
0.95798763
1.222913
1.2230683
1.3103868
0.95813469
0.9580399
1.310427
0.98451271
0.93867043
0.98449374
0.93866758
0.97920796
0.93851434
0.93841172
0.9792875
0.98452287
0.93867015
0.93867069
0.98457722
1.3017598
1.3018341
0.98134256
0.94090291
0.98143656
0.94083327
1.0034309
1.003438
1.3017499
1.3017026
0.98132924
0.94069853
0.94081197
0.98126016
0.84226435
0.95386689
0.84267276
0.95379237
0.84212302
0.95366079
0.95377137
0.84190213
1.8335748
1.8211824
1.9505725
1.9472357
1.8214965
1.8274647
1.2254808
1.2254437
0.99085893
0.95143899
0.99083008
0.95147105
1.3102783
1.3102948
0.99088364
0.95154769
0.95148457
0.99088088
0.85627374
0.96486586
0.96479397
0.85675963
1.1962077
1.1934565
1.9510223
1.9487688
1.8249326
1.8278059
1.1956411
1.2006017
1.9350314
1.9927003
1.8341231
1.8493708
0.70442742
0.70407037
0.80108378
1.3011962
1.3020333
0.80235566
0.70308762
0.70461285
1.3105577
0.95818229
1.3104493
0.95836667
1.2234596
1.223325
1.3106288
0.95873044
0.9584574
1.3108101
0.98470031
0.93868354
0.98460897
0.93874028
0.97946691
0.93895425
0.93878775
0.97959502
0.98474326
0.93887364
0.93877377
0.98488165
1.3017031
1.3017105
0.98123869
0.94069968
0.98129043
0.94066002
1.0035704
1.0034845
1.3017261
1.3017623
0.98125477
0.94066678
0.9406721
0.98126527
0.84184057
0.95364587
0.8418634
0.95362044
0.84184638
0.95364817
0.95363663
0.84203671
1.8195914
1.8253764
1.933629
1.980095
1.8316265
1.8391483
1.2259208
0.99101186
0.95159404
0.99090231
0.95175722
1.3104557
1.3105813
0.99108244
0.9520676
0.95182375
0.99121671
0.85812336
0.96545254
0.96519589
0.8590193
1.2005146
1.1996624
1.9516483
1.9524764
1.8612621
1.8491505
1.2059215
1.1945178
1.9453093
1.9479217
1.8294593
1.8585296
0.70427545
0.70114289
0.80462037
1.3038972
1.3005267
0.80103255
0.70513311
0.70133943
1.3106803
0.95880906
1.3108716
0.95883282
1.2229163
1.2230601
1.3106654
0.95850778
0.95877308
1.310514
0.98494537
0.93891852
0.98492069
0.93900951
0.97949329
0.93853933
0.93881824
0.97939982
0.98492404
0.93899368
0.93902389
0.98488415
1.3018208
1.3017973
0.98128064
0.94070137
0.98131923
0.94071661
1.0036885
1.0036951
1.3018619
1.301885
0.98129948
0.94067832
0.94072714
0.98123925
0.84254585
0.95367212
0.84213806
0.95372413
0.84269378
0.9537585
0.95374803
0.84405174
1.8607
1.847189
1.9413861
1.9454745
1.8248886
1.8572862
1.225419
1.2257243
1.2255089
1.2257387
0.99143434
0.95216289
0.99127888
0.95243918
1.3108456
1.310977
0.99150725
0.9527245
0.95251428
0.99154329
0.8610553
0.96626054
0.96598459
0.86248668
1.200011
1.2035004
1.9634089
1.9625826
1.8721919
1.833585
1.2011977
1.1929533
1.9364842
1.9644432
1.8347726
1.8717002
0.69994606
0.70636709
0.7996667
1.2996917
1.2977191
0.79759828
0.70100189
0.69963986
1.3104752
0.95846656
1.3104145
0.95845102
1.2232238
1.2233788
1.3104728
0.95835085
0.95845471
1.3104603
0.98493117
0.93898443
0.98490432
0.93887794
0.97956454
0.938539
0.93860114
0.97954638
0.98493801
0.93864272
0.93883658
0.98485719
1.3018164
1.3018796
0.98094637
0.94067398
0.98119029
0.94065445
1.0034943
1.0035876
1.3018037
1.3017989
0.98086323
0.94074788
0.94066376
0.98063446
0.84536369
0.95378166
0.84432185
0.95387643
0.84573137
0.95420269
0.95393492
0.84720071
1.8723355
1.8281685
1.9325167
1.9650791
1.8309779
1.8724174
1.2258259
0.99144154
0.95277803
0.99152632
0.95298832
1.3111259
1.3112989
0.991409
0.9534854
0.95306032
0.99135219
0.86564625
0.96745909
0.96684541
0.86813613
1.1993324
1.2040182
1.9574968
1.9373825
1.8654462
1.8433893
1.2016535
1.2041448
1.964124
1.9569915
1.8721453
1.8636999
0.70020714
0.70050254
0.79745729
1.3003075
1.301044
0.79707002
0.69925591
0.69870067
1.3103606
0.9582844
1.3104713
0.95799609
1.2238598
1.2244855
1.310343
0.95759764
0.95789648
1.3104465
0.98452802
0.93858525
0.98479955
0.93840965
0.97898603
0.9373324
0.93789612
0.97850972
0.98442883
0.93844884
0.93838222
0.98414896
1.3021326
1.3018569
0.98072934
0.94083981
0.98062153
0.94134995
1.00393
1.0035394
1.3023069
1.3031054
0.98086604
0.94280645
0.94161425
0.98170199
0.84933021
0.95435041
0.84768644
0.95503268
0.84980817
0.95669993
0.95535085
0.85154938
1.863792
1.8420008
1.9641886
1.9556415
1.873278
1.8627815
1.2265067
1.226142
1.2266603
1.227434
0.99195078
0.95368378
0.99141346
0.9547752
1.3123318
1.3137394
0.99228362
0.95761481
0.95528282
0.99399839
0.87330873
0.97214385
0.96961863
0.87744746
1.202226
1.1988343
1.9592131
1.9641618
1.8651242
1.871344
1.1967219
1.2000571
1.9619245
1.9509468
1.8692876
1.8640014
0.69459184
0.69742596
0.79179107
1.3027757
1.2991967
0.82044323
0.69288327
0.71634708
1.3094368
0.95750046
1.3105438
0.95712776
1.2177216
1.2673792
1.3074873
0.95352319
0.95693464
1.314207
0.98420881
0.93858048
0.98410925
0.93934115
0.97826453
0.93491962
0.93690862
0.97547145
0.98425565
0.93404388
0.93955206
0.98131702
1.303798
1.3034616
0.98298876
0.94335214
0.98212842
0.94535265
1.0036379
1.0055645
1.3026623
1.2995108
0.98226352
0.9426821
0.9459203
0.98419522
0.85353694
0.95728332
0.85210602
0.95945816
0.85391391
0.95655202
0.96009942
0.85812153
1.8681508
1.87154
1.9618318
1.9516819
1.8682473
1.8656201
1.2256728
1.2277911
0.99744309
0.95860155
0.99484115
0.96252244
1.3151124
1.3133472
0.99736924
0.96458501
0.96384334
1.0016287
0.88612733
0.97949822
0.978863
0.89440178
2.7068891
0.82762328
2.9791821
0.85862066
2.6772924
0.87540957
0.88448719
0.89105117
2.9823592
0.89754076
0.90313202
0.90741243
2.7977235
0.91177661
2.6768438
0.91578571
2.6753514
2.7306875
1.2191192
1.2222642
0.91814187
0.91310655
2.7627072
1.1669917
1.1910932
0.84905082
2.9331948
2.8583725
1.2202963
1.2072082
0.90506737
0.88947586
1.1971876
1.2031957
0.87029546
2.6413201
2.6768384
1.2046443
1.1942736
0.88008654
0.86661596
1.2050296
1.206596
0.88134452
2.6767716
1.1910766
1.1877746
0.86021479
0.85314663
1.2070911
1.2080235
0.88821396
1.1868437
1.1865948
0.85072308
0.84946753
1.2088295
1.2109009
0.89462766
1.1870126
1.1881444
0.84968443
0.85118602
1.2125392
1.215849
0.90078916
2.7930512
1.1888305
1.189431
0.85198942
0.85260566
1.2180221
1.221844
0.90551635
2.9365733
1.1892252
1.1875335
0.85219856
0.84988629
1.224101
1.2278607
0.90997751
2.7637078
2.6597169
1.1884199
1.1803727
0.84742714
0.8410487
2.6959798
1.2299661
1.232992
0.91445567
2.6437528
2.6459866
1.1754915
1.1551167
0.83565367
0.82178313
1.2338025
1.2221206
0.91380195
1.0273326
0.79470756
1.0276283
1.2904696
1.2666823
1.2560801
1.2621294
1.2981603
1.262143
0.79579184
1.0398148
1.0238332
1.0492798
1.2389685
1.2450361
1.0444713
0.56354137
0.53893207
0.52719924
0.57371111
0.41545212
1.2109012
0.79223543
0.78901741
0.43221865
1.2045739
0.97040909
0.97819631
0.9702832
0.9370088
0.94770497
0.95008588
0.95011196
0.93721973
0.95005469
0.97787578
0.9677955
0.9702508
1.0048652
0.8373761
0.82234637
0.83128738
1.0051161
0.83240661
2.1753276
1.9542333
3.001812
1.9219309
1.3572077
1.307245
1.3563331
1.3012868
1.3574324
1.0231565
0.86026684
0.96563532
0.90874888
0.91480739
0.96654824
0.85210952
1.0217682
0.870352
0.94726441
0.94439496
0.87295431
0.92654939
0.83182169
0.93587131
0.80391171
1.0334852
1.0340527
1.2642553
1.3011055
1.2659484
0.80375998
1.0315563
1.0341739
1.2656648
1.302122
1.2658773
1.0520808
1.245895
1.0516741
1.245969
0.5661767
0.52791158
0.56531352
0.52901253
0.31056176
1.2231452
0.78404783
0.31169917
1.223426
0.78421001
0.97938076
0.97126154
0.97118274
0.95055604
0.93826318
0.95075127
0.97927672
0.97088107
0.97106344
0.95096126
0.93838983
0.95090105
0.83094913
1.0043824
0.83086056
0.83066711
1.0042904
0.83076747
2.1528795
1.9405228
1.95258
1.3106403
1.3560854
1.310752
0.85602565
1.0200599
0.91330189
0.96508007
0.85631741
1.02092
0.91283081
0.96491727
0.87852542
0.95582323
0.95533935
0.87858433
0.96974945
0.86146972
0.97371095
0.80658365
1.0371217
1.0376117
1.2625068
1.3024253
1.266061
0.80140966
1.0291079
1.0335841
1.2680352
1.3043934
1.2688806
1.0514168
1.2440039
1.0492974
1.2454881
0.56856443
0.53133894
0.56806775
0.53208846
0.30677549
1.2223352
0.7837142
0.30664215
1.2224317
0.7837072
0.97940056
0.97126687
0.97127847
0.95090885
0.93831286
0.9509302
0.97942214
0.97127504
0.97128659
0.95095749
0.93833855
0.95095921
0.83033669
1.003897
0.83030041
0.83023163
1.0038679
0.83026529
2.2671998
1.94795
2.6481264
2.2656733
1.9441375
1.3103008
1.3554709
1.310345
1.355626
0.854862
1.0192698
0.91260882
0.96452348
0.8549086
1.019367
0.91267837
0.96453331
0.87807827
0.95626592
0.95631867
0.87785701
0.99386946
0.87692455
0.99621261
0.80074467
1.0300999
1.0322755
1.268257
1.3047497
1.2681035
0.80564379
1.0365494
1.0364311
1.2632003
1.304319
1.2651994
1.0490517
1.2439394
1.0502268
1.2430422
0.56988965
0.53317469
0.56980654
0.53320193
0.30231748
1.2226796
0.78408582
0.3033472
1.2225704
0.78415564
0.97917416
0.97104522
0.97107982
0.95081838
0.93815394
0.95080031
0.97921746
0.97114697
0.9711293
0.95073652
0.93813299
0.95077291
0.83019148
1.0036014
0.83018526
0.8301521
1.0035758
0.83017623
2.1620097
1.9519335
2.1732681
2.6676665
2.2843502
1.9578346
1.3102581
1.3554649
1.3554541
1.3102579
1.3554484
0.85505724
1.0194404
0.91283134
0.96464316
0.8549741
1.0192906
0.91295391
0.96466313
0.87755173
0.95597093
0.95591223
0.8775296
1.0081867
0.88540382
1.0097282
0.79876489
1.0330028
1.0297473
1.2658713
1.3033714
1.2655855
0.80235881
1.0343425
1.0332833
1.2653404
1.3011743
1.2624523
1.0478114
1.2421071
1.0481332
1.2418134
0.56960464
0.53259502
0.56965799
0.53259203
0.303301
1.2228651
0.78470211
0.30291613
1.2228267
0.78473855
0.97918252
0.97113305
0.97111774
0.95079007
0.93827365
0.95083022
0.97917671
0.97108141
0.9711124
0.9508846
0.9383251
0.95086484
0.83014768
1.0034485
0.83014288
0.83010174
1.0034461
0.83013222
2.1681871
1.9732388
2.2092358
1.9336917
1.3102538
1.3555352
1.3555183
1.3102522
0.85588976
1.0199466
0.91309308
0.96474508
0.85573235
1.019683
0.91322866
0.96476317
0.87900246
0.95784403
0.95747522
0.87927942
1.0188456
0.8918586
1.0201873
0.79909082
1.0329526
1.0302645
1.2647475
1.3002707
1.2619276
0.79818893
1.0328976
1.0291946
1.2645855
1.3018741
1.2631583
1.0464831
1.2405138
1.0464071
1.2405985
0.56943102
0.5318958
0.56943382
0.53175556
0.29951691
1.2233237
0.78500754
0.30027638
1.2232351
0.7850577
0.97938858
0.97140745
0.97136723
0.95105097
0.93859692
0.95110157
0.97935931
0.97129133
0.97133909
0.95119876
0.93865981
0.95115687
0.83001746
1.0034259
0.83000441
0.82995925
1.0034439
0.8299908
2.1823045
1.967573
1.9644131
1.31036
1.3557181
1.3103358
0.85749979
1.0209252
0.91351475
0.96499242
0.85721855
1.0204552
0.91381389
0.96505531
0.88298084
0.96254588
0.96184547
0.88356175
1.0287226
0.89828911
1.0298761
0.802819
1.0332233
1.0326762
1.2632707
1.3000926
1.2622971
0.79925243
1.0306066
1.0300058
1.264093
1.2993695
1.2637308
1.0500277
1.2423997
1.0485238
1.2434353
0.56930549
0.53223778
0.56891694
0.53275195
0.30877856
1.2229531
0.78488353
0.30757138
1.2231119
0.78479346
0.97959864
0.97147638
0.97153964
0.95137736
0.93898131
0.95137432
0.97961956
0.97158416
0.9715827
0.95127265
0.93897144
0.95134888
0.82995364
1.0036194
0.82997201
0.8299517
1.0036582
0.82997809
2.1866015
1.9243413
2.6696039
2.1559372
1.9572839
1.310711
1.3560802
1.3106756
1.3559537
0.86017244
1.0225548
0.9144628
0.96568801
0.85974791
1.0218694
0.91491478
0.96578876
0.88949389
0.96953485
0.96859874
0.89032613
1.0364077
0.90367568
1.037145
0.8014324
1.030138
1.0326861
1.2686141
1.305522
1.2691637
0.80667892
1.036926
1.0374912
1.263005
1.3020822
1.2650033
1.0493866
1.2442686
1.0501502
1.2437485
0.5699668
0.53341231
0.57014061
0.53327564
0.30336919
1.2231372
0.78441371
0.30409231
1.2230359
0.78452515
0.97949106
0.97139697
0.97134766
0.95096743
0.93851567
0.95099913
0.97946101
0.97127809
0.97131659
0.95109466
0.93853701
0.95104395
0.8298824
1.0036513
0.8298969
0.82989905
1.0036351
0.82991119
2.181903
1.9224248
2.1619411
1.9753706
1.3110487
1.3564939
1.356429
1.3110173
1.3563347
0.86428061
1.0248846
0.91570853
0.96648509
0.86361591
1.0238917
0.91624135
0.96658545
0.89795568
0.97790976
0.97683393
0.8989117
1.0415334
0.90790824
1.0421318
0.80260421
1.0298212
1.0335167
1.2624775
1.3026127
1.2661958
0.80273429
1.0295193
1.0338954
1.2630739
1.3017427
1.265669
1.0494854
1.2443739
1.0494484
1.244443
0.56853778
0.5314557
0.56859794
0.53129797
0.2977117
1.2236766
0.78521988
0.29859832
1.2235908
0.78520772
0.97927166
0.971021
0.9711719
0.95109373
0.93832727
0.9509934
0.97939256
0.97140031
0.97130925
0.95071578
0.93820296
0.95087254
0.82996307
1.0034477
0.83000134
0.83008883
1.0034607
0.83004785
2.2803801
1.9526501
2.6940855
1.9744072
1.3117484
1.3577782
1.3574551
1.31155
0.87112128
1.0293205
0.91777822
0.96812126
0.87004031
1.0273127
0.91931497
0.96852274
0.90692313
0.98619563
0.98528567
0.90772718
1.0467601
0.91232197
1.0474706
0.79822748
1.0259222
1.0304787
1.2618348
1.3000543
1.2640311
0.7990122
1.0279719
1.0308545
1.2606748
1.2997742
1.2639763
1.0497007
1.24525
1.0493974
1.2459472
0.56390506
0.52765914
0.56535678
0.52630009
0.3160186
1.2245084
0.78352811
0.30469562
1.2250107
0.7833463
0.97825605
0.96995471
0.96996229
0.94974926
0.93698148
0.94960956
0.97829724
0.97013697
0.97002498
0.94954507
0.93689014
0.94955102
0.83076043
1.0045051
0.83097133
0.83155917
1.0049202
0.83117141
2.2630211
1.9456835
1.9439418
1.3154883
1.3634665
1.3149621
0.88252445
1.0392247
0.92416747
0.97451254
0.88067682
1.0346978
0.92861769
0.97588357
0.91246522
0.98972281
0.98971776
0.9124489
1.052748
0.91600485
1.0534367
1.1845265
1.1947313
2.1716357
1.9544067
2.2919636
1.9274397
1.8327425
1.8574782
1.5550361
1.5498526
1.8229848
1.8549427
1.1993967
1.1958458
2.1741363
1.946177
2.2979761
2.9708419
1.9989785
1.8325476
1.8499269
1.5661545
1.5512678
1.89591
1.8576686
1.2789366
0.69711796
1.2801893
0.59651727
0.57854501
0.57692285
0.69604378
1.2875814
1.2815796
1.0282949
0.79335132
1.0260812
1.2977456
1.2607086
1.259775
1.2624992
1.2977726
1.2605908
0.79264661
1.0267243
1.0252673
1.2787161
0.69448561
1.2766494
0.69340064
1.2773538
1.2760306
0.54940148
0.47823836
0.47600494
0.55227646
1.0483511
1.2422063
1.2432519
1.0473291
0.5504076
0.47730794
0.47720793
0.55005568
0.68384585
0.71364188
0.70831802
0.69004624
0.56110426
0.52481971
0.52394396
0.56205994
0.68278325
0.70835993
0.70754369
0.68355593
0.91577965
1.3061152
0.91565462
0.95571599
0.94959124
0.94986419
0.94981696
0.95677818
0.9498684
1.3030183
0.92066383
0.91599236
0.32879566
1.223836
0.78293754
0.78276312
0.31922011
1.2243633
0.91715677
1.3108553
0.91795705
0.9581667
0.95031452
0.95036417
0.95012781
0.95792481
0.95029278
1.3113054
0.9187553
0.91855684
0.97475498
0.98390221
0.97424381
0.93711008
0.97896374
0.98180237
0.98371227
0.93901604
0.98318729
0.98321661
0.9699475
0.97301443
0.97045552
0.97874749
0.97052339
0.93772772
0.95038196
0.95024497
0.95012018
0.93759307
0.95017993
0.97886231
0.97072809
0.97061318
0.97488232
0.98452545
0.97491374
0.93925549
0.9834932
0.98355607
0.98374463
0.93939041
0.98366231
0.98459561
0.97494853
0.97493132
1.3528505
1.3027901
1.2972538
1.0107318
0.98355179
0.95045391
0.98965128
0.9893747
0.95025515
0.98156765
1.0127928
1.0049549
0.83104649
0.83113172
0.8313896
1.0052578
0.83117158
1.3532357
1.3050988
1.304955
1.0102972
0.98450442
0.94661728
0.98638223
0.98868849
0.947566
0.98412109
1.0067163
1.0233129
0.86854931
0.96561914
0.91169281
0.91361441
0.96539508
0.86179538
1.0254022
1.2658463
1.2667464
1.0218569
0.86256361
0.96103366
0.90813266
0.91208787
0.96214525
0.86087424
1.0178528
1.2662195
1.2669751
1.3206768
0.89511096
0.97460696
0.97424899
0.89450773
0.85325263
0.85387959
1.3097446
1.2247157
1.3167311
0.89213656
0.97383593
0.89324166
0.97281765
0.85295755
0.85216195
1.226252
1.3145561
1.3165591
1.0593446
0.91821979
1.0621567
0.91510228
1.0539783
1.057067
1.8327981
1.8559126
1.819348
1.8581973
2.175364
1.939646
2.0033133
1.8321293
1.8455457
1.5440938
1.9014934
1.8606011
1.0504659
1.2423119
1.2483485
1.045764
0.54675449
0.47452007
0.47208092
0.54987051
1.0493688
1.2457115
1.2466584
1.0485159
0.54753539
0.47332601
0.47310999
0.5473322
0.5608991
0.53571513
0.52348196
0.57151848
0.6839217
0.71437372
0.70882452
0.69038262
0.55806962
0.52080624
0.5197635
0.5591489
0.68257787
0.7085843
0.70776521
0.68337084
0.42144589
1.213715
0.79306914
0.78974374
0.43638044
1.2075839
0.33534696
0.78324153
0.78310124
0.32601319
1.227119
1.0130647
0.98674961
0.95127223
0.98998006
0.99230036
0.95213509
0.98405237
1.0127892
1.3579469
1.3108372
1.3110283
1.3571452
1.0134013
0.98986303
0.95189266
0.99210441
0.99243872
0.95214455
0.99003528
1.0128941
1.2552461
1.3136875
1.3125227
1.2574428
1.0228183
0.85816076
0.96584655
0.91355152
0.91456184
0.96620082
0.85758932
1.0213246
1.2598672
1.2592199
1.3143239
0.81186693
0.81009233
1.2628556
1.1781992
1.2729473
0.87578131
0.94930916
0.87461456
0.95085758
0.81455294
0.81675719
1.1910696
1.2832589
1.2820207
0.84548706
0.95726368
0.95285662
1.1945412
1.1994279
2.149952
1.9373525
2.2660594
2.2397957
1.9526153
1.8456514
1.8416692
1.8351814
1.8338501
1.1972938
1.1993838
2.1702431
1.954667
2.2421507
2.9277235
1.9623889
1.839249
1.8608353
1.5585712
1.5584909
1.868529
1.8461945
0.70602746
1.2816272
1.2820741
0.57847636
0.70517951
1.2799405
1.2815024
0.57942864
1.0303826
0.7948216
1.0269665
1.2971438
1.2603028
1.2597148
1.2633132
1.2983894
1.2605449
0.79415612
1.027304
1.026262
1.2798883
0.69737499
1.2777068
0.56925924
0.57098846
0.69645965
1.2775775
1.2769052
0.55456149
0.4807253
0.55386837
0.48129307
1.047247
1.2406376
1.2414523
1.0463741
0.55061544
0.47744759
0.47805851
0.54992431
0.68613805
0.7103209
0.68565777
0.7107318
0.56703268
0.53074277
0.52987733
0.56779175
0.68655633
0.711309
0.71128687
0.68686043
1.3107527
0.91866938
0.91871636
0.95021297
0.9585563
0.95004446
1.3109524
0.91882683
0.91879394
0.94965542
0.95858116
0.94987605
0.30754812
1.2228178
0.78397784
0.78409981
0.30683563
1.2227177
0.91867013
1.3104395
0.91863813
0.95829139
0.94884766
0.94902161
0.94945191
0.95838721
0.94924474
1.3103371
0.91854147
0.91860527
0.98490203
0.9751094
0.97508894
0.983471
0.93909996
0.98346532
0.98484106
0.97499818
0.97505385
0.98346382
0.93910443
0.98347986
0.9713012
0.97947463
0.97130165
0.93834426
0.95091534
0.95093244
0.95098183
0.93839261
0.95096538
0.97946952
0.97128668
0.97130356
0.97512215
0.98495162
0.9751195
0.93907442
0.9833648
0.98339816
0.98345381
0.93909157
0.98343794
0.98494514
0.97509059
0.97511603
1.3036927
1.3498982
1.3039737
0.98255497
1.0044664
0.98577286
0.94434385
0.98285215
1.007233
0.98437992
0.94381819
1.0040432
0.83040202
0.83046305
0.83058938
1.0040976
0.83052312
1.3496424
1.303102
1.3029791
1.3491069
1.0040769
0.98200354
0.94241363
0.98335458
0.98404493
0.94267592
0.98192624
1.0033064
0.85518915
1.0137637
0.90702648
0.95834741
0.85644324
1.0166506
0.90460225
0.95770207
1.2597244
1.2586029
1.0129703
0.85170044
0.95595218
0.90339193
0.90401799
0.95628933
0.85072111
1.0111835
1.2563351
1.2573743
1.308376
0.88425049
0.9642074
0.96575272
0.88248416
0.84290614
0.84487393
1.3098352
1.2182097
1.3077673
0.87959427
0.96244276
0.8808428
0.96072094
0.84066586
0.83844226
1.2119926
1.2992562
1.3018016
1.0422995
0.90198437
1.037884
0.89260603
1.0197737
1.0243162
1.8480557
1.8431449
1.8338502
1.8341944
1.5526518
2.1691043
1.9478662
1.9642629
1.8406189
1.8554756
1.8710928
1.849565
1.053138
1.249242
1.0528996
1.2492397
0.55172559
0.47681496
0.55117689
0.47728264
1.0483705
1.2439752
1.2448027
1.0475029
0.54776582
0.47359107
0.47412033
0.54714112
0.56295834
0.52417633
0.56216711
0.52497397
0.68594764
0.71053101
0.68546074
0.71094491
0.5646631
0.52747644
0.52659183
0.56537521
0.6867337
0.71161879
0.7115922
0.68684697
0.3174754
1.2257575
0.78426518
0.31871518
1.2260576
0.78439643
0.31419771
0.78411966
0.78424106
0.31353009
1.22531
0.98989829
1.0120699
0.99196322
0.95132976
0.98992254
1.0126356
0.99170051
0.9512214
1.355955
1.3104788
1.310453
1.3556929
1.0119625
0.99003322
0.95104271
0.99165019
0.99166551
0.9510584
0.99010725
1.011778
1.2595141
1.3117423
1.2593292
1.0198668
0.85540632
0.96456046
0.91261269
0.9127487
0.96461701
0.85524065
1.0194478
1.2590324
1.259173
1.3112721
0.82577885
0.8247428
1.2875787
1.1987214
1.2886882
0.87858917
0.95607791
0.87855154
0.95621757
0.82649944
0.82697097
1.2050683
1.2917425
1.2918034
0.86846376
0.98643826
0.98381131
1.1975193
1.1976667
2.2647623
1.9552387
2.1686005
2.621183
2.2579045
1.9480433
1.8303133
1.8641955
1.8279746
1.8609523
1.2089145
1.1997365
2.2206025
1.9352564
2.1911364
1.9739774
1.8471005
1.8262459
1.569815
1.5620644
1.8803233
1.8576442
0.7078135
1.2834223
1.2835699
0.58053843
0.70393687
1.2794658
1.2820768
0.58445811
1.0372752
0.80343343
1.0350044
1.3040822
1.2646929
1.2647094
1.2685151
1.3034091
1.266934
0.79892367
1.0320105
1.0312904
1.2828365
0.70318601
1.2814421
0.58120409
0.69865911
1.2797518
1.2796505
0.55392575
0.47945974
0.55192803
0.48122905
1.048965
1.2416297
1.2428676
1.0475293
0.55354678
0.48087198
0.48153834
0.55256881
0.68695412
0.71144772
0.68677516
0.71162976
0.56942122
0.53277803
0.53288853
0.56945024
0.68792768
0.71263382
0.71239992
0.68813543
1.3100485
0.91867219
0.91863705
0.94873216
0.95810571
0.94865005
1.3101169
0.91857096
0.91862214
0.94854336
0.95807246
0.94860971
0.30591796
1.2224936
0.78380362
0.78376147
0.30537118
1.2225896
0.91879273
1.310155
0.91891682
0.95784925
0.94831055
0.94839715
0.94851234
0.95792383
0.94848395
1.3102082
0.91894295
0.91900142
0.98483268
0.97496587
0.97501223
0.98333728
0.93902052
0.98330352
0.98487161
0.97507347
0.97505108
0.98322678
0.93900601
0.98328055
0.97125181
0.97930503
0.97122152
0.93824372
0.95084354
0.95087436
0.95095
0.93829789
0.95092183
0.97928108
0.97117192
0.97120255
0.97492341
0.98470056
0.97487823
0.9388694
0.98303112
0.98307419
0.98318127
0.93890965
0.98313495
0.98467089
0.97480636
0.97484513
1.3025369
1.3486033
1.3026488
0.98174303
1.0027228
0.98323905
0.94187183
0.98178885
1.0043398
0.9828819
0.94177464
1.0037141
0.83021547
0.83022208
0.83022185
1.0037581
0.83022266
1.3485206
1.3023
1.3022576
1.3483486
1.0025962
0.98163047
0.94141371
0.98154457
0.98278982
0.94149739
0.98162678
1.0023355
0.8475358
1.0103139
0.90306258
0.95519158
0.84821243
1.010661
0.90239161
0.95503412
1.2521973
1.2515962
1.009973
0.84573702
0.95455143
0.90185023
0.90224135
0.95465881
0.84530148
1.0082796
1.2503518
1.2509086
1.302238
0.87334387
0.95198382
0.95316154
0.87217294
0.82686147
0.82847533
1.2946281
1.2028927
1.2929558
0.87036204
0.95073838
0.87111986
0.94957563
0.82524773
0.82376612
1.1983044
1.2868803
1.2887364
1.0061164
0.8771405
1.0018104
0.86915881
0.98633503
0.99003521
1.824269
1.8705693
1.8228216
1.8636105
1.566176
2.2266715
1.9289613
2.8909619
1.9748628
1.8495186
1.8204659
1.8806988
1.8605281
1.0531064
1.2480572
1.0514241
1.2489651
0.55183727
0.47622725
0.54978022
0.47805284
1.0501355
1.2449872
1.2461275
1.048685
0.55100676
0.47710125
0.47794283
0.54985401
0.56663343
0.52877729
0.56632437
0.52928304
0.68721357
0.71181593
0.6870616
0.71200283
0.5666022
0.52865282
0.52861337
0.56641089
0.68785546
0.71299423
0.71273812
0.68809574
0.31477887
1.2248496
0.78392452
0.3142404
0.78394533
0.31428152
1.2250538
0.78407361
0.78402778
0.31358312
0.99034242
1.0117226
0.99166724
0.95110171
0.99029463
1.0117476
0.99174725
0.95113551
1.3554535
1.3102758
1.3102846
1.3554584
1.0117329
0.99053843
0.95125256
0.99184422
0.99178005
0.95122904
0.99059626
1.0117414
1.2585049
1.2584424
1.0192699
0.85486885
0.9645722
0.91279053
0.91271554
0.96456708
0.8548706
1.0192642
1.2584297
1.2584289
1.3104416
0.82821533
0.82807882
1.2928024
1.2053922
1.2929743
0.8776665
0.95607626
0.87767451
0.95594219
0.82810875
0.82797157
1.2090739
1.293443
1.2939561
0.88037997
1.0033443
1.0018411
1.2011636
1.2081664
2.1583588
1.9503858
2.1691699
2.636101
1.962191
1.8611584
1.8723338
1.5574744
1.8337999
1.8356936
1.2040716
1.1979636
2.259022
1.9498065
2.2501249
1.9658308
1.836097
1.8290812
1.5732574
1.5564677
1.8712033
1.865382
0.70154688
1.27933
1.280224
0.58146706
0.7060502
1.2814613
1.2817091
0.57660486
1.0330363
0.80238741
1.0334398
1.3011702
1.2641029
1.2625663
1.265169
1.3020269
1.2654798
0.79838337
1.0312806
1.0297132
1.2800569
0.70368436
1.2801314
0.57705657
0.69995569
1.2795311
1.2790232
0.5534478
0.48190722
0.55430105
0.48135139
1.048109
1.2417857
1.2422617
1.0476408
0.55264732
0.48058127
0.48066737
0.55252866
0.68903882
0.71331843
0.68885472
0.71352026
0.57037649
0.53288982
0.53317511
0.5698813
0.68946359
0.71366134
0.71393278
0.68923584
1.3100787
0.91897283
0.91895155
0.94825842
0.95770436
0.9482244
1.3100642
0.91891945
0.91893799
0.94820772
0.95767895
0.94823044
0.30070884
1.2228564
0.78447038
0.78441644
0.30082911
1.222908
0.91904273
1.3101363
0.91912563
0.95770086
0.94836205
0.94830187
0.9482312
0.95767693
0.94827522
1.3101941
0.91931387
0.91924962
0.9845507
0.97468697
0.97472328
0.98300211
0.93878538
0.98297
0.98459323
0.97478581
0.97476162
0.98290992
0.93876537
0.9829499
0.9710347
0.97911031
0.9710305
0.93814393
0.95076137
0.95073892
0.9507321
0.93813063
0.95073592
0.97911962
0.97106172
0.97104909
0.97466219
0.98447161
0.97464101
0.93868259
0.98281882
0.98283074
0.98288371
0.9387013
0.98286154
0.98447368
0.97463012
0.97463602
1.3020442
1.3481587
1.3020913
0.98157059
1.0020887
0.98248667
0.94125352
0.98159233
1.0034873
0.98235106
0.94123049
1.0034939
0.83016795
0.83016947
0.83015162
1.0035146
0.8301643
1.3481208
1.3019221
1.3019049
1.3480487
1.0020262
0.98149781
0.94099417
0.98112899
0.98230392
0.94109986
0.98149145
1.0018742
0.84397022
1.0075102
0.90174129
0.95429221
0.84424316
1.0080554
0.90149341
0.95424732
1.2480212
1.2999329
1.3002225
1.2476197
1.0073701
0.84317296
0.95397778
0.9006323
0.90144428
0.95408627
0.84299706
1.0070422
1.2468824
1.2472267
1.2993087
0.86650629
0.94438505
0.94501183
0.86573841
0.81709376
0.81792237
1.283768
1.1928944
1.2835223
0.86456987
0.94367775
0.86504139
0.94300098
0.81623522
0.81541796
1.1882857
1.2802532
1.2807873
0.97707144
0.85855115
0.97468134
0.85448185
0.9667467
0.96866655
1.8621585
1.8756062
1.8294176
1.8358849
1.5721192
2.2641143
1.9482077
1.9677546
1.8371373
1.8265393
1.8724608
1.8694842
1.0502794
1.2469761
1.0510882
1.2464122
0.55087868
0.47804323
0.55148402
0.47766646
1.0497462
1.2455683
1.2459648
1.0493306
0.55045049
0.47716158
0.47729552
0.55028131
0.56773785
0.52989189
0.56756941
0.53002291
0.68933516
0.71386551
0.68907164
0.71413075
0.56799296
0.52992155
0.53019275
0.56779082
0.68981962
0.71457881
0.71458867
0.68981061
0.31067356
0.78442429
0.31147898
0.78452726
0.3094817
0.78487604
0.78482921
0.309491
0.99073474
1.0117746
0.99185963
0.95134198
0.99069992
1.0117392
0.99191021
0.95136386
1.3554657
1.3102626
1.3102658
1.3554953
1.0117878
0.99082074
0.95140719
0.99193481
0.99192657
0.95140338
0.99083203
1.0117765
1.258586
1.258654
1.0194977
0.85536335
0.96468275
0.91304631
0.91298712
0.9646864
0.85542738
1.0196145
1.2588708
1.2587562
1.3108473
0.82845206
0.82826208
1.2936367
1.2071738
1.2936636
0.87780425
0.95595776
0.87757943
0.9560602
0.82845354
0.82852343
1.2104839
1.294219
1.2946189
0.88747119
1.0145327
1.0133518
1.2025534
1.2047771
2.1614218
1.9714845
2.875299
1.9374734
1.8803815
1.8451778
1.550693
1.8358604
1.828964
1.5629542
1.2035448
1.2051435
2.1758306
1.9591536
2.2745544
2.1680602
1.963991
1.8291685
1.8639334
1.5557431
1.5505457
1.8713889
1.8357298
0.70072535
1.2802896
1.2794485
0.5776851
0.70395859
1.2807368
1.2804576
0.57752367
1.0341598
0.80034873
1.0313981
1.3008058
1.2648046
1.2622216
1.2656756
1.3027988
1.2641168
0.79845193
1.0328298
1.0294607
1.2807147
0.70209577
1.2797254
0.57596057
0.70034451
1.2798989
1.2790451
0.55321236
0.48127634
0.55332962
0.48122076
1.0471449
1.2408532
1.2411592
1.0467913
0.55284625
0.48072691
0.48093665
0.55259796
0.68901112
0.71352481
0.6891079
0.71343737
0.56928495
0.53158288
0.53209873
0.56897576
0.68897718
0.71351154
0.71342059
0.68904205
1.3103206
0.91973191
0.91965832
0.94845581
0.95788095
0.94855119
1.3102722
0.91943173
0.91956371
0.9487235
0.95794687
0.94866461
0.30330417
1.22295
0.78487472
0.78484589
0.3027736
1.2230083
0.91981635
1.3104028
0.91986457
0.95810979
0.94887618
0.94885307
0.94879232
0.95808478
0.94884534
1.3104284
0.919907
0.91991726
0.98451197
0.97465491
0.97465609
0.98282165
0.93866945
0.98282387
0.98451029
0.97464307
0.97465561
0.9828321
0.93867563
0.98283927
0.97116249
0.97922846
0.97119114
0.93848152
0.95102016
0.95098762
0.95092355
0.93845441
0.95096097
0.97926184
0.97126279
0.9712355
0.9746609
0.98453508
0.97466635
0.9386707
0.98283591
0.98283089
0.98283584
0.93867522
0.98284029
0.9845607
0.97469303
0.97468369
1.301793
1.3479705
1.3479893
1.3018221
0.98140399
1.0017042
0.98209205
0.94091537
0.98143372
1.0030437
0.98199359
0.94090454
1.0034333
0.83005067
0.83007271
0.830093
1.0034404
0.83008968
1.3479563
1.3017356
1.3017366
1.347929
1.0016665
0.98133421
0.94075594
0.9818586
0.98196452
0.94080698
0.98132977
1.0015892
0.84239824
1.0066958
0.90115541
0.95387068
0.84253013
1.0069528
0.90105175
0.95385189
1.2454737
1.2981484
1.2982998
1.2452462
1.0066506
0.84201797
0.95370651
0.90091405
0.90103338
0.95375389
0.84196393
1.0065235
1.2448578
1.2450259
1.2978753
0.86210251
0.94020713
0.94046043
0.86160765
0.81202811
0.8123125
1.2789464
1.1893081
1.2792483
0.86100347
0.9398682
0.86118825
0.93956695
0.81167883
0.81134083
1.1865305
1.2779866
1.2780308
0.96330962
0.85036899
0.96287676
0.84983188
0.96160848
0.96209421
1.8814384
1.8476275
1.8322375
1.8281097
1.5573208
2.1804763
1.9598177
2.274416
1.967336
1.8278862
1.8650267
1.549624
1.873171
1.8367486
1.0490513
1.2455204
1.0494112
1.2452201
0.55044835
0.47745941
0.5506661
0.47727362
1.0483601
1.2442842
1.2445354
1.048085
0.55005843
0.47683705
0.47696959
0.54989496
0.56707032
0.52951224
0.56741101
0.52894258
0.68949783
0.71441273
0.68962425
0.71431921
0.56678191
0.52857137
0.52876426
0.56666513
0.68935028
0.71427385
0.71421805
0.6893999
0.31117354
1.2254524
0.78505413
0.31090729
0.78507274
0.3112109
0.78517054
0.78514194
0.31086748
0.99084457
1.0117999
0.99193597
0.95144879
0.99083884
1.0117696
0.99196294
0.9514572
1.3555465
1.3102812
1.310291
1.3555986
1.0118215
0.99088531
0.95151235
0.99203088
0.99198189
0.95149514
0.99088808
1.0118547
1.2596601
1.2598713
1.0200421
0.85643442
0.96482216
0.91341461
0.91326833
0.96480572
0.85657794
1.0203154
1.2603473
1.2600979
1.312092
0.83097246
0.83043964
1.2950049
1.209091
1.2952797
0.88018089
0.95817308
0.87963648
0.95863588
0.83135179
0.83185002
1.2131272
1.29707
1.2971392
0.89382388
1.0245322
1.0233348
1.2023602
1.2045169
2.1788293
1.9642951
1.9633045
1.8687399
1.8277884
1.5536826
1.8689537
1.8329638
1.5494927
1.2022027
1.2037703
2.1597615
1.9710759
2.211013
1.9420225
1.8445306
1.8801181
1.5540765
1.5620388
1.838533
1.8372934
0.70095917
1.2800246
1.2790288
0.70018995
1.2799217
1.2788041
0.57612835
1.0320557
0.79802253
1.0291279
1.3029691
1.2651496
1.2651177
1.2644792
1.3005234
1.2619449
0.80141788
1.0332655
1.0325842
1.2797627
0.70035349
1.279049
0.57447503
0.70345844
1.280561
1.2801242
0.55218296
0.48035477
0.55222894
0.48030337
1.0472965
1.2418261
1.2415247
1.0475215
0.55223965
0.48029498
0.48025332
0.55223435
0.68951573
0.71391702
0.68939616
0.71403816
0.56960985
0.532534
0.53247918
0.56951542
0.68969855
0.7139718
0.71422979
0.68942888
1.3105102
0.92012127
0.92005278
0.94892589
0.95823661
0.94898465
1.3104805
0.91995239
0.92001137
0.94915549
0.95830568
0.94908249
0.29993953
1.2234627
0.78512688
0.78513162
0.30152258
1.2234034
0.92025037
1.3106854
0.92037367
0.95864817
0.94959914
0.94948836
0.9492684
0.95855833
0.9493919
1.3107517
0.9206379
0.92052812
0.98467109
0.97480348
0.9747763
0.98285613
0.93869867
0.98287888
0.98464479
0.97472062
0.97475246
0.98294149
0.93872621
0.98292051
0.97146018
0.97951242
0.97150814
0.93891147
0.9513785
0.95135369
0.95125915
0.93885839
0.95131564
0.97956611
0.97158457
0.97156457
0.97484512
0.98478909
0.97488931
0.93884195
0.98309492
0.98305542
0.98298159
0.93881306
0.98302641
0.98484616
0.97498418
0.97494552
1.3017124
1.3479303
1.3479287
1.3017228
1.3479253
0.98128196
1.0015336
0.98188163
0.94068973
0.98130136
1.0027779
0.9818193
0.94070258
1.0035423
0.82995971
0.82996235
0.82996074
1.0035182
0.82996914
1.3479462
1.3017428
1.3017705
1.3479963
1.0015403
0.98128898
0.94068686
0.98184541
0.98183
0.94070187
0.98131071
1.001595
0.84184061
1.0064408
0.90089863
0.95363547
0.84185244
1.0064862
0.90088177
0.95364598
1.2444894
1.2976758
1.2976651
1.2444882
1.0064724
0.84188006
0.95365028
0.90092764
0.90090565
0.95365728
0.84195775
1.0065711
1.2445496
1.2444929
1.2977521
0.8601793
0.93906146
0.93893428
0.86004734
0.81081729
0.8106031
1.2778949
1.1898307
1.2785569
0.8602316
0.93908717
0.86000962
0.93916411
0.81090264
0.81097154
1.1878354
1.278513
1.2782722
0.96216388
0.85008834
0.96286738
0.85117202
0.96471899
0.96463122
1.8714289
1.8276652
1.869449
1.8342365
1.5428071
2.1663986
1.9734633
2.209799
1.9407112
1.8458713
1.8814264
1.5460601
1.8372025
1.8352995
1.048107
1.2442112
1.0480008
1.2443261
0.54974577
0.47665757
0.54977568
0.47658924
1.0486089
1.2451734
1.2449866
1.0487216
0.54950021
0.47622972
0.47627171
0.54940332
0.56722186
0.52827847
0.56688271
0.52883398
0.68986948
0.71466632
0.68974342
0.71479151
0.56739359
0.52887128
0.5292023
0.56713819
0.68973718
0.71435864
0.71463618
0.68944657
0.30824415
1.2257588
0.78531971
0.30898226
0.78536297
0.30818453
0.78537304
0.78538435
0.30958012
1.2258787
0.99096037
1.0120466
0.99206201
0.95163817
0.99093023
1.0118782
0.99222753
0.95168687
1.355762
1.3104971
1.310541
1.012128
0.99113074
0.95196882
0.99253647
0.99230269
0.95188776
0.99117661
1.0123446
1.2619184
1.3137348
1.313383
1.2622955
1.0210902
0.85840575
0.96534355
0.91428143
0.91390819
0.96526086
0.85867016
1.021632
1.2631078
1.262689
1.3144099
0.83686219
0.83596493
1.2989298
1.2130728
1.299547
0.88511104
0.96319637
0.88422159
0.96397198
0.83759812
0.83845435
1.2179362
1.3026356
1.3024153
0.90008655
1.0333224
1.0323648
1.2011853
1.1943667
2.1813954
1.9271363
1.9571222
1.8293123
1.8622718
1.564041
1.8676832
1.8505105
1.5674018
1.2061176
1.1951921
2.2561623
1.9500226
2.9273527
2.1765763
1.9753938
1.835428
1.8280807
1.8796271
1.8627919
0.70322392
1.2809179
1.2801702
0.57563049
0.70021855
1.2795589
1.2791012
1.0345188
0.80307633
1.0340569
1.3027478
1.2655232
1.2640372
1.2653092
1.3011136
1.2655656
0.79899648
1.0327132
1.0309673
1.2812999
0.7034538
1.2808643
0.5779313
0.57959866
0.69934766
1.2804052
1.2797221
0.55488792
0.48147728
0.55347257
0.48254447
1.048745
1.2419114
1.2428707
1.0474233
0.55343061
0.48058081
0.48151038
0.55221957
0.68828895
0.71286742
0.68834471
0.71270983
0.57011021
0.53313056
0.53346531
0.5699549
0.68844785
0.71261637
0.71255246
0.68852407
1.3107651
0.92052324
0.92067151
0.9496999
0.9588574
0.94974668
1.3108574
0.9207591
0.92078267
0.94968739
0.95887477
0.94976129
0.30783441
1.2230209
0.78433986
0.78444064
0.30678157
1.2230896
0.92042886
1.3106724
0.9203227
0.95859262
0.94924694
0.94937403
0.94961282
0.95869199
0.94952113
1.3106422
0.91991972
0.92017654
0.98495799
0.9751113
0.97510205
0.98314587
0.93895773
0.98319124
0.98495141
0.97503398
0.97507841
0.98326221
0.93899953
0.98324563
0.97139782
0.97943266
0.97131747
0.93860323
0.95096211
0.95099485
0.95117784
0.93870865
0.95107702
0.97940169
0.97126076
0.97127585
0.97511565
0.98489672
0.97510841
0.93901219
0.98327065
0.98327705
0.98328206
0.93902869
0.98329187
0.98488669
0.97509947
0.97510792
1.3018195
1.3480572
1.3480477
1.301826
1.3480214
0.98132184
1.001663
0.98190567
0.94071745
0.98134197
1.0028256
0.98191111
0.94074738
1.0036963
0.82989686
0.82991035
0.82994733
1.0037062
0.82993334
1.3480883
1.3018893
1.3019161
1.3481312
1.001688
0.98132267
0.94070853
0.98191925
0.98192727
0.94074334
0.98131452
1.002972
0.84239102
1.0077172
0.90095515
0.9536936
0.84225804
1.0066205
0.90104532
0.95372839
1.2453452
1.2985926
1.2455781
1.0078053
0.84288647
0.9537603
0.90115294
0.90108419
0.95376706
0.84374436
1.0081376
1.2461
1.2458234
0.861365
0.9405371
0.94017924
0.8615935
0.81224773
0.8118464
1.2789576
1.1916572
1.2797292
0.86245296
0.94075417
0.86190303
0.94099946
0.81245453
0.81259908
1.1893042
1.2796838
1.2795097
0.96633577
0.85237204
0.96709258
0.85284678
0.9680535
0.96827531
1.8265462
1.8650108
1.5583985
1.8677308
1.8529175
2.2609282
1.9461981
1.9776264
1.8355656
1.8247334
1.5678699
1.5464159
1.8820726
1.865541
1.0509158
1.2457626
1.0496904
1.2464928
0.55184724
0.47728486
0.5505154
0.47829664
1.0500992
1.2456297
1.2463372
1.0490722
0.55077204
0.47691165
0.47762342
0.54980437
0.56635409
0.52829026
0.56638471
0.52869275
0.6882743
0.71325861
0.68831362
0.71314073
0.5676269
0.52944453
0.52949974
0.56756882
0.6888841
0.71365115
0.71352546
0.68904284
0.31660017
1.2254546
0.78519551
0.31549747
1.2255891
0.78514471
0.31517439
0.78485884
0.78492596
0.31406965
1.225743
0.99136965
1.0127144
0.99262335
0.95225009
0.99132681
1.0124246
0.99290932
0.95233105
1.3561402
1.310902
1.3561949
1.3109493
1.3562986
1.0128131
0.99154344
0.95264414
0.99318677
0.99299451
0.95256948
0.99155499
1.0129932
1.2655578
1.3170172
1.3164756
1.2661075
1.0227736
0.8614855
0.96614853
0.91549585
0.91502928
0.96605265
0.86190849
1.0235561
1.2672877
1.2666845
1.317986
0.84509809
0.84401759
1.3053208
1.2187037
1.3061682
0.89240704
0.97038764
0.89122508
0.97134702
0.84601936
0.84705511
1.22399
1.3099898
1.3096479
0.90500144
1.0392802
1.0386454
1.2009985
1.1999653
2.1807369
1.9248729
1.9833562
1.8298289
1.8694835
1.5559636
1.8445523
1.8339816
1.1888452
1.1978379
2.1383761
1.9307899
2.846929
1.9371455
1.8431507
1.8449925
1.572186
1.8253405
1.868864
0.70278171
1.2797639
1.2810784
0.58119788
0.70731891
1.2820428
1.2825253
1.0302833
0.80125311
1.0316666
1.2964035
1.2617754
1.2617432
1.2620378
1.2998533
1.263363
0.79999972
1.028894
1.0303138
1.279513
0.7027106
1.2799942
0.57394233
0.57632108
0.70174992
1.2791937
1.279528
0.55338193
0.48160135
0.55391615
0.48132652
1.0495146
1.2435664
1.2434203
1.0492789
0.55397218
0.48137483
0.48164812
0.55355501
0.68886141
0.7131115
0.68890368
0.71317585
0.56958987
0.53246277
0.53288752
0.56928865
0.68881474
0.71301896
0.71328967
0.68852449
1.3104447
0.91965848
0.91968359
0.9491868
0.9584509
0.94918503
1.3104039
0.9197581
0.91970287
0.94928019
0.95845296
0.94924553
0.30181113
1.2232441
0.78512649
0.78501492
0.30124389
1.2232973
0.91961395
1.3104493
0.91951901
0.95840731
0.94931945
0.94932256
0.94931841
0.95844316
0.94933766
1.3104563
0.91931323
0.9194417
0.9849269
0.9750641
0.97508651
0.98327271
0.93895989
0.98326268
0.98492142
0.97510607
0.97510502
0.9832249
0.93893269
0.98325905
0.9714521
0.97958223
0.97148725
0.93859538
0.9511751
0.95120896
0.95115826
0.93861721
0.95120379
0.97958377
0.97147464
0.97150793
0.97504599
0.98492777
0.97501281
0.93871651
0.98305169
0.98310919
0.98320221
0.93878829
0.98317033
0.9849087
0.9749105
0.97497536
1.3018495
1.3481382
1.3481377
1.3018763
0.9810466
1.0029368
0.98191477
0.94066663
0.98113563
1.0029749
0.98188516
0.94067481
1.0035269
0.8299527
0.82994713
0.82992143
1.0035666
0.82994502
1.3481466
1.3017885
1.3017995
1.0029412
0.98077255
0.94069819
0.98188926
0.98187932
0.94068091
0.98070833
1.0030343
0.84496673
1.0087162
0.90119295
0.95380631
0.8446115
1.0082624
0.90134937
0.95384933
1.2479298
1.2483785
1.0089216
0.84615144
0.95408967
0.90182611
0.90143785
0.9540071
0.84662696
1.0097276
1.2491762
1.2487505
0.86468421
0.94255075
0.94228377
0.86502467
0.81318544
0.81306263
1.280281
1.191681
1.2801905
0.86589533
0.94266311
0.86539168
0.94275931
0.81315257
0.81305754
1.1906549
1.2787423
1.2796473
0.96810063
0.85200567
0.96806337
0.85066802
0.9656721
0.96669241
1.8292749
1.872468
1.8371357
1.8341618
2.138964
1.9300457
1.9369932
1.8438263
1.8447025
1.567647
1.5494655
1.8233713
1.8723846
1.0508753
1.2478153
1.0516492
1.2473546
0.55090185
0.4780464
0.55154033
0.47767162
1.0508116
1.2470963
1.246885
1.0506709
0.55130141
0.4776215
0.47784836
0.55096218
0.56796582
0.53043362
0.568212
0.53023161
0.68903463
0.71373515
0.6891662
0.71367439
0.5675863
0.52954898
0.52993909
0.56736306
0.68875025
0.71343317
0.71347204
0.68869531
0.31154985
1.2257634
0.78492372
0.31191718
1.2256875
0.78499009
0.31031425
0.78542122
0.78532516
0.30963508
1.2259206
0.99146137
1.0132199
0.9932324
0.95282796
0.9914881
1.0130314
0.9934167
0.952878
1.3565549
1.3111597
1.311213
1.3568624
1.013282
0.99136167
0.95328608
0.99379666
0.99347245
0.95313485
0.99133193
1.0135868
1.2706464
1.3218006
1.3210011
1.2713455
1.0252326
0.86637726
0.96719173
0.91732392
0.91640416
0.96697388
0.86713319
1.0266844
1.2728452
1.3224564
1.271998
0.85448113
0.85330523
1.3130024
1.2248082
1.3139342
0.90122896
0.97885995
0.89990945
0.97987952
0.85551689
0.85662811
1.227071
1.3178811
1.3175541
0.9094049
1.044537
1.0438249
1.1982292
1.1967322
2.2753022
1.9597914
2.1630523
1.9779531
1.8324472
1.8661585
1.5645421
1.841566
1.8509014
1.195395
1.1964978
2.2524693
1.9483181
2.1647071
2.6431519
1.9541156
1.8703074
1.8294789
1.5712058
1.5751684
1.8298486
1.8641618
0.7044531
1.2796174
1.2808637
0.57672458
0.70488133
1.2797831
1.2811552
1.0290612
0.80130374
1.0324326
1.3009055
1.2623717
1.2650887
1.2624921
1.3010524
1.2648909
0.8015703
1.0288592
1.032705
1.2792737
0.70292388
1.2802713
0.70314095
1.2790316
1.2803078
0.55294789
0.4807638
0.55289699
0.48079463
1.0494183
1.244831
1.2445748
1.0495734
0.55297826
0.48067483
0.48074971
0.55297147
0.68837612
0.71296101
0.6883645
0.71295687
0.56799141
0.52973286
0.53041096
0.56746513
0.68836052
0.71256449
0.71290497
0.68805943
1.3104055
0.91853974
0.91878227
0.94931268
0.95819852
0.94928455
1.3104528
0.91919246
0.91901779
0.94924388
0.95810616
0.94927734
0.29671419
1.2240128
0.78473947
0.78496099
0.29705072
1.2242098
0.91833832
1.310342
0.91814497
0.95769803
0.94940949
0.949313
0.94924606
0.95779893
0.9492749
1.3103804
0.91787687
0.91800647
0.98463298
0.97462079
0.97470353
0.98300531
0.93852274
0.98295452
0.98472863
0.97485182
0.97478647
0.98286472
0.93847263
0.98292046
0.97085931
0.97882384
0.97067706
0.93752884
0.94994738
0.950156
0.95055085
0.93772263
0.95036534
0.97866785
0.97030846
0.97050086
0.974554
0.98432393
0.97448871
0.93838797
0.98284735
0.98281164
0.98283774
0.93837638
0.98282356
0.98423446
0.97441181
0.97444535
1.3020137
1.3487842
1.3019323
0.98065584
1.0037099
0.98196428
0.94096333
0.98063077
1.0031415
0.98241881
0.94113844
1.0037483
0.83057363
0.83041682
0.83017951
1.003629
0.83029058
1.3490321
1.3025158
1.302788
1.0040177
0.98105572
0.94232851
0.98372495
0.98265561
0.94193303
0.98133618
1.0054061
0.84874429
1.0110598
0.90200048
0.95453
0.84816515
1.0100168
0.90274415
0.95476006
1.2516209
1.2520867
1.0114741
0.85032524
0.95617485
0.90449419
0.90308466
0.95572346
0.85088321
1.013101
1.2526884
1.2523785
1.3057353
0.86699107
0.94220615
0.94251039
0.8668771
0.81099926
0.81157137
1.2780144
1.1875777
1.277371
0.86628158
0.94169521
0.86664527
0.94100434
0.81028047
0.8093502
1.1842938
1.2732919
1.2749665
0.96266428
0.84643745
0.96143816
0.84264388
0.9543356
0.95651637
1.8265483
1.8688028
1.8374027
1.8535808
1.5685829
2.2585381
1.9447966
1.9492244
1.8741993
1.8257559
1.5708487
1.8250205
1.8667168
1.0510535
1.24801
1.0510386
1.2480478
0.55062793
0.47716079
0.55056848
0.47718701
1.0507388
1.2481528
1.2479815
1.0507912
0.55040609
0.47673515
0.47689203
0.55028919
0.56649747
0.52832297
0.56670545
0.52796203
0.68874672
0.71354063
0.68869315
0.71362745
0.56587458
0.52620756
0.52700343
0.56529928
0.68860208
0.71314824
0.71347041
0.6883003
0.30527393
1.2263786
0.78558701
0.30645299
1.2262597
0.78560468
0.30301316
0.78518528
0.78540134
0.30288127
1.2271057
0.99167538
1.0148683
0.99397596
0.95394487
0.99149645
1.0137772
0.99496584
0.95427405
1.3581611
1.312705
1.3131535
1.3599475
1.0153836
0.99270189
0.95667468
0.99754059
0.99542207
0.95587395
0.99324016
1.0176853
1.2773989
1.3291182
1.3278801
1.2783253
1.0300872
0.8745187
0.97114439
0.92286259
0.91993262
0.97027254
0.8758136
1.0333205
1.2803412
1.2793167
1.331372
0.86351802
0.86257336
1.3207137
1.2306075
1.3215576
0.90951496
0.98688205
0.90849794
0.98752082
0.8642319
0.86484055
1.2356369
1.3246909
1.3246979
0.91393049
1.050427
1.04964
1.1947377
1.1934243
2.2608192
1.9510595
2.1686727
2.2531834
1.9486025
1.8278045
1.8643683
1.829138
1.8691655
1.1891392
1.1891053
2.2570538
1.9444025
2.1663164
2.6487776
1.9484262
1.8679761
1.8233362
1.5627163
1.5718407
1.8261685
1.8641622
0.69947757
1.2784857
1.2793603
0.574757
0.70028278
1.2786546
1.279504
0.57551048
1.025056
0.79808842
1.0298424
1.2938637
1.2674566
1.2589233
1.2606302
1.2976025
1.2632308
0.8001105
1.0406731
1.0272342
1.2782939
0.6993898
1.2812537
0.60002126
0.57876002
0.69954841
1.2888257
1.2835077
0.55157462
0.47974389
0.55207258
0.47925082
1.0492309
1.2404489
1.2458727
1.0452805
0.5510247
0.48163451
0.47864334
0.55481062
0.68473438
0.71038473
0.68589652
0.70925377
0.56440353
0.53814788
0.52763428
0.57348783
0.68409556
0.7132057
0.70838424
0.68980906
1.3102305
0.91688647
0.91736619
0.94953823
0.95739552
0.94967122
1.3105517
0.91780944
0.91770274
0.94983944
0.95726682
0.94976844
0.40663105
1.2119537
0.79280085
0.78938225
0.42911437
1.2049767
0.91585367
1.3058989
0.91581965
0.95576282
0.95010522
0.95016608
0.9497742
0.95662129
0.94995664
1.3027573
0.92113244
0.91631928
0.98415184
0.97473227
0.97460597
0.98294584
0.93877212
0.98309811
0.98411208
0.97443244
0.97449887
0.9835573
0.93904037
0.98332476
0.97003306
0.97818161
0.97005369
0.93689553
0.94775773
0.94995311
0.94965766
0.93691166
0.94973557
0.97805941
0.96795219
0.97020711
0.97480048
0.98408243
0.97450542
0.93751529
0.97962373
0.98224623
0.98370226
0.93920036
0.98337633
0.98368673
0.9707699
0.97356577
1.3039164
1.3524918
1.3037814
0.98288263
1.0066217
0.98422627
0.9439736
0.98256492
1.0060335
0.98585373
0.94466515
1.005036
0.83810055
0.82303522
0.83159059
1.0051539
0.83289307
1.3520384
1.3012499
1.2955833
1.353036
1.0067201
0.98117975
0.94559483
0.98413574
0.98616578
0.94602991
0.97894193
1.0077613
0.85272831
1.0158115
0.90505857
0.95794467
0.85266857
1.0137188
0.90708571
0.95868993
1.2517633
1.2503622
1.0163067
0.85487575
0.95964531
0.90149412
0.90765058
0.96023086
0.84674943
1.0140723
1.2442839
1.2476258
1.3044442
0.86086978
0.93235477
0.93441661
0.85897237
0.79782934
0.80035462
1.2693274
1.1758115
1.2682306
0.85351909
0.92997491
0.85670074
0.92671121
0.79490416
0.79286551
1.1652581
1.2504108
1.2601927
0.94741786
0.83351264
0.94482687
0.82502769
0.92644877
0.93403641
1.8234872
1.8690539
1.8251863
1.8721524
1.5655516
2.2627086
1.9416262
1.946918
1.8700708
1.8193519
1.8231438
1.8685988
1.0510009
1.24866
1.0506951
1.249362
0.54893746
0.47579451
0.54941081
0.47532146
1.0505753
1.243972
1.2493042
1.0467961
0.5485819
0.47814568
0.47494503
0.55259838
0.56154137
0.52408722
0.56299177
0.52284387
0.68498226
0.7110188
0.68617207
0.70987255
0.5617542
0.53566663
0.52447865
0.57137875
0.68428596
0.71394105
0.70898923
0.69012919
0.32092522
1.2275168
0.78402906
0.30969306
1.2279959
0.78387963
0.41239331
0.79362273
0.79016876
0.43356475
1.2080386
0.99662403
1.0223551
0.99847304
0.95974608
0.99571306
1.0187231
1.0019118
0.96101931
1.3634056
1.3141371
1.3088271
1.3655571
1.0231039
0.99698517
0.96539879
1.0045188
1.0028831
0.96476273
0.99533743
1.0264649
1.2848824
1.3400633
1.2850132
1.0406404
0.88850155
0.98043899
0.92866666
0.93009411
0.9798642
0.88207258
1.0429
1.2826659
1.2840528
1.33995
0.86564083
0.8658616
1.3263232
1.2335292
1.326515
0.91136999
0.989328
0.91218525
0.98809084
0.86491503
0.864918
1.2317326
1.3161354
1.3245655
0.91472719
1.0496014
1.0531736
1.9189859
0.83162109
2.1839831
0.86690471
1.8379765
0.88336341
2.2061755
2.9977395
0.89025066
2.1877656
2.988733
0.89447583
2.1977862
0.8996097
2.0965326
2.827988
0.90568203
2.1956345
2.9796109
0.91154055
2.1034326
0.91717044
1.8968386
0.92269341
1.8482736
1.9631121
0.91125149
0.9048085
0.92579742
0.9177107
2.0373161
0.82374984
0.85916466
0.86376885
2.0999834
2.0134112
0.90210059
0.88212224
0.91469406
0.89229914
2.1055906
2.896061
0.86258836
0.87705116
0.88192011
1.7507176
1.8824886
0.87934071
0.86396276
0.88913584
0.87114684
1.9560915
2.7102773
0.87816019
0.88263842
0.88948682
2.1154813
2.952351
1.8524835
0.86240844
0.85586485
0.86922863
0.86077185
1.9224437
2.7069217
0.88287713
0.88516773
0.89371263
2.1019781
2.9438667
2.1135798
2.9342759
0.85557086
0.85587202
0.86026308
0.85964356
2.1944172
2.981226
0.88538367
0.88915989
0.89865796
2.1047415
2.9380394
2.1050085
2.9731417
0.85627675
0.85933379
0.85997821
0.86271702
2.1994128
3.019495
0.8896291
0.89497191
0.90470917
2.022945
1.8755657
2.6662556
0.85980422
0.86137087
0.86318911
0.86467006
1.9491664
2.6979114
0.89558003
0.9011294
0.91068656
2.112788
1.6823761
2.6115412
0.86134182
0.85801302
0.86467067
0.86149115
1.7718396
2.642284
0.90175472
0.90693104
0.91635143
2.0176883
1.8471208
0.85712627
0.84632024
0.86069171
0.85112125
1.9243192
0.9075729
0.91183989
0.9220506
1.8182235
1.8546552
0.84401866
0.81945602
0.84918096
0.82779958
1.9178805
2.6757195
0.91213538
0.90668178
0.91934016
0.80301693
1.0731084
1.0714867
0.81016981
0.59633187
0.51550238
0.48271133
0.61789917
0.71308067
0.70003869
2.2225518
0.77867377
1.2913977
1.2876375
0.80492438
0.98427524
0.93966901
0.94182343
0.98140696
1.0082622
1.0109921
1.5437388
0.84727961
1.6320575
0.80433646
1.0652896
0.80192901
1.0669198
0.60220696
0.48569307
0.60016537
0.48910668
0.70521222
0.70615337
2.1405204
2.9533019
0.78793271
1.2910065
0.78531903
1.2928338
0.98432228
0.94219287
0.98419271
0.94237634
1.0103044
1.0100816
1.6641386
0.87475799
1.6791825
0.80645753
1.0641609
0.80010474
1.0682642
0.60374669
0.49122474
0.60326147
0.49289581
0.70614328
0.70642535
1.785756
0.79254068
1.2918388
0.78268275
1.2960555
1.2248177
1.2251111
0.98430838
0.94221464
0.98426616
0.94234153
1.0099346
1.0099214
1.7007285
0.88664101
1.71201
0.80155774
1.0664386
0.80406431
1.0646943
0.605578
0.49398562
0.60499682
0.49334888
0.70739876
0.70794474
1.8850623
0.78444752
1.2953692
0.79047982
1.2941716
1.2253758
1.225195
0.98427784
0.94228414
0.98428068
0.94230405
1.0098923
1.0099017
1.7273146
0.89184711
1.7356925
0.80319723
1.0666732
0.80297049
1.06687
0.60527129
0.4933928
0.60514969
0.4926358
0.70818133
0.70783229
2.154864
2.9133711
0.78723456
1.2925399
0.78923877
1.2939647
0.9843731
0.94241297
0.98433405
0.94249756
1.0099218
1.0099465
1.7475833
0.89620337
1.7545038
0.80236582
1.0665154
0.80246453
1.0665727
0.60555508
0.49210157
0.60484189
0.49214551
0.70846143
0.7088341
2.1860022
2.9844775
0.78808
1.2925295
0.78804972
1.2914009
1.225853
1.2256142
0.98471831
0.94269538
0.98460228
0.94283153
1.0100271
1.0101191
1.7642472
0.90182527
1.7698915
0.80547124
1.0647292
0.8013548
1.066153
0.60477543
0.49220252
0.60464277
0.49366535
0.70790118
0.70705971
1.827161
0.78845668
1.2920073
0.78437714
1.2916883
0.98459487
0.94294451
0.98474099
0.94286437
1.0103266
1.0104575
1.777107
0.90794892
1.7810348
0.80188493
1.0665108
0.8032534
1.064774
0.60492969
0.49387785
0.60521271
0.49327612
0.70702052
0.70759111
1.7871002
2.6424013
0.78377834
1.296031
0.7918827
1.2924761
1.2256891
0.98480272
0.942595
0.98451889
0.94276599
1.0105452
1.0105523
1.7864455
0.9136901
1.7897012
0.80065997
1.0642807
0.80059032
1.0643235
0.60407028
0.49181829
0.6041697
0.49096691
0.70820042
0.7081936
1.9277461
0.78417799
1.2913958
0.78369643
1.2931602
0.98483646
0.94286677
0.98511637
0.94252716
1.0105399
1.0106648
1.7946874
0.9194256
1.7977576
0.80029468
1.0654611
0.8008246
1.0669387
0.59848698
0.48872412
0.6023897
0.48495947
0.70635414
0.70230691
1.9165377
2.6860117
0.77830225
1.2911504
0.78115118
1.2900538
0.98358346
0.94151706
0.98387774
0.94123364
1.0117504
1.0134723
1.8021578
0.92339132
1.8027344
2.1447269
2.9543699
2.1255668
0.81093946
0.59073205
0.7699542
0.78443241
0.57074836
0.57433167
0.77778721
0.65094526
0.48305867
0.457528
0.66059986
0.80256441
1.0638463
1.0679899
0.80004145
0.6512992
0.45870055
0.45737119
0.64975144
0.63519511
0.76555816
0.75120556
0.65291493
0.59643752
0.48451866
0.48244131
0.59886901
0.63530381
0.75425264
0.75155789
0.63780046
0.70456364
0.70115781
0.91010835
0.90991813
1.7348842
0.92541464
1.8049225
2.8016989
2.9633452
0.92423624
1.7976409
1.8069608
2.9599141
2.969148
1.1709271
1.5497367
1.1676743
1.5422926
2.2200141
3.0172107
1.1792276
1.5620132
1.1702135
0.68524484
0.70552801
0.82767134
0.57424693
0.78883585
0.78027323
1.2898059
1.2886698
0.77970229
0.68677981
0.68558754
0.80190143
0.79625378
0.80221563
1.0750321
1.072858
0.80993515
0.64926062
0.47940992
0.45280175
0.65954241
0.80164742
1.0658471
1.0695143
0.79959725
0.64950716
0.45413864
0.4525221
0.64838691
0.59407729
0.51248527
0.47842621
0.61673994
0.63405703
0.76687285
0.75186939
0.6526261
0.59406765
0.48047942
0.47802298
0.59678475
0.63406454
0.7547692
0.75211706
0.63652639
1.3115999
0.95743655
0.96116726
1.3184624
0.71428066
0.70055425
1.3136967
0.96207462
0.96149143
1.3149826
0.70488817
0.70156354
0.99000957
0.93883942
0.94507625
0.98706226
0.98422953
0.94207383
0.94183431
0.98415464
0.99000717
0.94480739
0.9450986
0.98988016
1.0104469
1.0110176
0.83985171
0.8461452
2.5717619
2.7474819
0.85235731
1.6591848
1.6420161
2.7835688
2.7618358
2.0494387
2.9095047
1.5536536
1.5584167
2.1108227
0.78149702
0.57546275
0.57856029
0.77827963
0.78290647
0.5703901
0.57520154
0.7800834
0.65357105
0.46021613
0.65149984
0.46357396
0.80231705
1.063061
1.0657248
0.79951385
0.65156103
0.4635347
0.46307652
0.64897461
0.64040297
0.75488437
0.63866065
0.75596603
0.6021233
0.49095701
0.48894067
0.60334005
0.64062928
0.75610366
0.75609675
0.64087953
0.70616423
0.70623189
0.89359381
0.89062762
1.792781
0.90524956
1.7769083
2.9541793
2.935391
0.90193014
1.7528796
1.770945
2.905354
2.9279621
1.174654
1.5474489
1.1782322
2.201012
2.9803532
1.1743626
1.5539257
1.1778039
1.5528581
0.69494281
0.69123805
0.79953227
0.54900717
0.5516993
0.796829
0.78418666
1.288081
1.2912408
0.78075341
0.69145661
0.6875808
0.80157057
0.79836387
0.80334885
1.0670062
0.80150874
1.0683511
0.65172054
0.4556757
0.65015578
0.45865203
0.80137388
1.0643686
1.0672395
0.79873581
0.64972233
0.45947349
0.45853544
0.64730722
0.59987508
0.48180634
0.59779548
0.48481819
0.63929204
0.7554031
0.6373674
0.75651671
0.60061479
0.48748031
0.48532422
0.60174996
0.63967976
0.75670253
0.75667393
0.64036196
1.3141669
0.96217084
1.3147983
0.96210821
0.70552049
0.7064701
1.2254856
1.2252133
1.3140689
0.96174598
0.96201787
1.3137804
0.70650751
0.70656391
0.98994993
0.94476947
0.98989167
0.94474897
0.98431758
0.94221254
0.94234319
0.98426915
0.98995009
0.94476422
0.94475361
0.98991322
1.0099572
1.0100454
0.87040173
0.87240252
2.7899404
2.8087119
0.87687181
1.6968748
1.6841022
2.8323164
2.815263
1.705304
1.5689452
1.5696017
2.0381629
2.8493764
0.78087028
0.57448927
0.58455518
0.77409258
0.77818345
0.57847339
0.58365038
0.77475062
0.65534186
0.46423854
0.64953178
0.46730094
0.80568672
1.0654203
1.0677033
0.80249474
0.65479033
0.46675144
0.46742185
0.65205017
0.64176426
0.75610619
0.64088832
0.75643526
0.60432984
0.49359657
0.49349258
0.60474716
0.64203719
0.75732932
0.75664451
0.64256619
0.70721079
0.70661539
0.87192516
0.86980118
1.7466605
0.88064575
1.7289473
2.8975553
2.8748014
0.87812566
1.7074205
1.7233397
2.8470019
2.8676738
1.1818569
1.5631169
1.1855069
2.1165295
1.1855104
1.5643062
1.1830654
1.5568996
0.69720382
0.68971441
0.79965424
0.55780258
0.79458994
0.79226657
1.293814
1.2962498
0.78526741
0.69631672
0.68956776
0.79731499
0.55132202
0.55689073
0.79489243
0.8058262
1.0655947
0.79975993
1.06864
0.65405576
0.46028097
0.64818681
0.46357485
0.80490571
1.0665209
1.0683454
0.80133686
0.65331761
0.46235243
0.46341551
0.65010196
0.6026049
0.48802669
0.60190317
0.48999146
0.64099267
0.75671992
0.64044987
0.75707123
0.60268356
0.48955637
0.48999634
0.60268714
0.6411492
0.75798372
0.75727617
0.64156648
1.3136132
0.96170606
1.3137341
0.96166815
0.70651032
0.70681263
1.2249041
1.2252295
1.3136928
0.96152343
0.96164996
1.3138493
0.70762075
0.70699605
0.98989765
0.9447733
0.98990926
0.94479236
0.98430568
0.94229155
0.9423573
0.98427665
0.98988564
0.94478256
0.94479215
0.98984168
1.0098953
1.0099203
0.88059373
0.88106786
2.8375798
2.8529156
0.8873218
1.7244207
1.7154289
2.8700405
2.8575698
1.8029931
1.5766719
2.1158824
2.9361853
0.77561025
0.58122171
0.77882117
0.77734555
0.57619213
0.57722386
0.77747109
0.65146315
0.46747779
0.65349963
0.46668787
0.8016814
1.065612
1.0650613
0.80212593
0.65148301
0.46645768
0.46668604
0.65184343
0.64344576
0.75754873
0.64283993
0.75808197
0.60571851
0.49277317
0.49343395
0.60519042
0.64363312
0.75793075
0.75822326
0.64336584
0.70821457
0.70810771
0.85874299
0.85797961
1.7027126
0.86473933
1.690417
2.8408825
2.8240447
0.86369763
1.6776841
1.6870452
2.8060568
2.8192346
1.1811775
1.550342
1.189004
2.199314
2.9773147
1.1882181
1.5690526
1.1799597
1.5505097
0.68986541
0.6947932
0.79510564
0.79709898
0.78806507
1.2946776
1.293576
0.78578244
0.69338743
0.69143851
0.79569485
0.55024008
0.55139404
0.79584345
0.80114048
1.0672839
0.80274933
1.0663095
0.65016204
0.46306848
0.65144643
0.46283689
0.80136035
1.0672125
1.0666514
0.80169683
0.65029845
0.46258164
0.46297131
0.65052219
0.60393896
0.48998314
0.60314832
0.48989112
0.64283386
0.75824021
0.64197708
0.75890113
0.60408613
0.48955944
0.49007836
0.60386494
0.64301194
0.75906356
0.75905113
0.64292997
1.3138031
0.9615069
1.3137941
0.96149283
0.70785026
0.70846914
1.2254035
1.225492
1.3138157
0.96158349
0.96151315
1.3138914
0.70872684
0.70862596
0.9898351
0.94478861
0.98984562
0.94479993
0.98428715
0.94239127
0.94233225
0.9843217
0.98983988
0.94481453
0.9448043
0.98985468
1.0099197
1.0099112
0.88375938
0.8838712
2.8739665
2.8856889
0.8920414
1.7450951
1.7381315
2.89953
2.8894391
2.0713267
2.0995713
2.9456488
0.77491441
0.57827321
0.77518783
0.77547697
0.57603196
0.57805816
0.77405687
0.65272985
0.46684072
0.65252613
0.46643682
0.80332922
1.0665697
1.0673112
0.80256962
0.65276594
0.46569437
0.46632807
0.6520979
0.64309618
0.75788473
0.64333885
0.75764848
0.60524294
0.49240903
0.4925071
0.60475724
0.64308461
0.75793264
0.75764152
0.64316921
0.70832174
0.70805703
0.85518302
0.85538914
1.6755197
0.85951148
1.67103
2.8030084
2.7950101
0.85961145
1.6669303
1.6702
2.7882157
2.7935157
1.1756512
1.5434287
1.1830392
2.191105
2.9907793
1.1785701
1.1748226
1.5429162
0.69307484
0.69503288
0.79362111
0.55050903
0.79420134
0.78888352
1.2928036
1.2920151
0.78783393
0.69486057
0.69358545
0.79429473
0.55105696
0.7930931
0.80227957
1.068075
0.80234288
1.0680939
0.65090957
0.46274186
0.65102165
0.46216799
0.80240072
1.0679332
1.0685199
0.80189787
0.65093848
0.46139084
0.46196005
0.65053742
0.60362301
0.48958206
0.60382874
0.48865233
0.64266214
0.75901387
0.64288389
0.75876475
0.60321086
0.48811197
0.48864284
0.60355521
0.64259147
0.75896992
0.75874586
0.6426726
1.3139761
0.96162731
1.3138995
0.96172864
0.70871107
0.70856995
1.2254846
1.2255669
1.313991
0.96183878
0.96176302
1.313995
0.70876004
0.70856538
0.98989996
0.94482178
0.98986751
0.94484445
0.98440465
0.94266012
0.94254057
0.98455403
0.98992482
0.94490769
0.94485667
0.99003419
1.0100096
1.0099637
0.88673608
0.88705463
2.902762
2.9122609
0.89645237
1.7619981
1.7562849
2.9226618
2.9148108
2.1009912
2.9403692
2.0617658
2.8719966
0.77550927
0.57588948
0.77548684
0.77722536
0.57689052
0.5757547
0.7765953
0.65181414
0.46561968
0.65199017
0.46556969
0.80224561
1.0657675
1.0661983
0.8014897
0.65174492
0.46581071
0.46563002
0.6511879
0.64386252
0.7580938
0.64328267
0.75878488
0.60566918
0.49239232
0.49223459
0.60505384
0.64388721
0.75808833
0.75878102
0.64309523
0.70827916
0.70884227
0.85748657
0.85801836
1.6666581
0.86113435
1.6663739
2.7874232
2.785684
0.86166636
1.6664328
1.6667992
2.7850632
2.7861502
1.1775065
1.5478484
1.1741296
2.1513821
2.9167233
1.1753025
1.1814962
1.5559811
0.69432342
0.69389706
0.7942233
0.79406335
0.786513
1.2918281
1.2931552
0.78735636
0.69277611
0.69391157
0.79621164
0.7952633
0.80187793
1.0679599
0.80190095
1.0681089
0.65040404
0.46132526
0.65053124
0.46144526
0.80163119
1.0670391
1.0676597
0.80059931
0.65020894
0.46117777
0.46134285
0.64938324
0.60404092
0.48810913
0.60361665
0.48880882
0.64315614
0.75913205
0.64277673
0.75949833
0.60404854
0.4880567
0.48884969
0.60328471
0.64313223
0.75873941
0.7594658
0.64227952
1.3140986
0.96187827
1.3140095
0.96202088
0.70890052
0.70924739
1.2258113
1.3141651
0.96228886
0.96208614
1.3143249
0.70868076
0.70924469
0.9901966
0.94493447
0.99007955
0.94502726
0.98474257
0.9429543
0.94287808
0.98476757
0.99022875
0.94518349
0.94506429
0.99029665
1.0102869
1.0101628
0.89180225
0.89237043
2.9255473
2.9329201
0.90221195
1.7753734
1.7711044
2.9400377
2.9344684
1.739335
2.634759
2.1061609
1.5727339
1.5534495
0.77970499
0.57553478
0.58005776
0.77781239
0.77877084
0.58066534
0.77682609
0.65521425
0.46577605
0.65129494
0.46770722
0.80490545
1.0656874
1.0664848
0.8017223
0.65453369
0.46648075
0.46757497
0.65136724
0.64258666
0.75765974
0.64266292
0.7565795
0.60505459
0.49348179
0.49378249
0.60511997
0.64282019
0.75702151
0.75654452
0.64300975
0.70693945
0.70695842
0.86080781
0.86105967
1.6668501
0.86423759
1.6676887
2.7853736
2.7864195
0.86452887
1.6669918
1.6680419
2.7852679
2.7868841
1.1811208
1.1806453
1.5619968
2.1971287
2.9742425
1.1879478
1.1744136
0.69320688
0.69061257
0.79840406
0.54822588
0.79746282
0.78969481
1.2956339
1.2912236
0.78697127
0.69449503
0.69169188
0.79704439
0.55207607
0.79627462
0.8041909
1.0661917
0.8005134
1.0668697
0.65314497
0.4609936
0.64949981
0.46274771
0.80389105
1.0674104
1.0675381
0.80153261
0.65265824
0.46234992
0.46277844
0.65024417
0.60322957
0.48785477
0.60289094
0.48910259
0.64189678
0.75833094
0.64183597
0.75775937
0.60359334
0.48967549
0.48938007
0.60411043
0.6422099
0.75814612
0.75783489
0.64274983
1.3142453
0.96235169
1.3143853
0.96238532
0.70833445
0.70770532
1.3142635
0.96217225
0.96234653
1.314184
0.70780859
0.70769897
0.99027055
0.94522811
0.99030447
0.94533361
0.9845226
0.94259209
0.94279222
0.9844636
0.9902419
0.9453797
0.94535295
0.99023854
1.0105356
1.0104907
0.89799837
0.89864961
2.9421181
2.9463428
0.90839554
1.7851239
1.78185
2.9517872
2.9474242
1.6938768
2.6087958
1.5736088
1.988886
1.5561074
0.77664779
0.58038113
0.57632174
0.7801703
0.78165236
0.57566038
0.77969348
0.65189595
0.46705031
0.65279628
0.46668156
0.80251463
1.0638903
1.0648407
0.80077478
0.65254614
0.4659048
0.46685941
0.6512136
0.64301808
0.75716042
0.64323641
0.75760102
0.60487606
0.49223359
0.49334118
0.60434432
0.64282459
0.75768897
0.75776719
0.6424931
0.70815525
0.70781674
0.86055373
0.86007091
1.6669376
0.86398434
1.6655572
2.7854222
2.7843278
0.86355818
1.660666
1.6648247
2.7795308
2.7838334
1.1805484
1.5491493
1.1848925
1.5684681
2.0806915
2.886934
1.1833272
1.1732637
0.68937694
0.69643797
0.79531081
0.55425466
0.79878609
0.78467704
1.291405
1.2885348
0.7832412
0.69028021
0.68956041
0.80002087
0.54770671
0.79846387
0.80122934
1.0680256
0.80296737
1.0661811
0.65034971
0.46294734
0.65162525
0.46303517
0.80172712
1.0654082
1.0661496
0.80025957
0.65088589
0.46231304
0.4631993
0.64980956
0.60383803
0.49029838
0.6042863
0.49011644
0.64243524
0.7581962
0.64284662
0.75820681
0.60374731
0.48911204
0.49019744
0.60331671
0.64233358
0.75835049
0.75822493
0.64204685
1.3141594
0.96216449
1.3140981
0.96225733
0.70785471
0.70799647
1.2258398
1.2260257
1.3141614
0.96230105
0.96229717
1.3141615
0.70832726
0.70807771
0.99048282
0.94539014
0.99028636
0.94537149
0.98491931
0.94292604
0.94284515
0.9851337
0.99055866
0.94526218
0.94535791
0.99068899
1.0105407
1.0105605
0.90404426
0.90471371
2.9530744
2.9563374
0.91421625
1.7935565
1.7905093
2.9608246
2.9572242
1.8617846
2.6578847
1.5735056
1.8137561
0.7810271
0.57441183
0.5740708
0.78138227
0.78096005
0.57333622
0.57347439
0.78164347
0.65115506
0.46553199
0.65099061
0.46482467
0.80066256
1.0651757
1.0643838
0.8009236
0.65120316
0.46345708
0.46451861
0.65138745
0.64234024
0.75770795
0.64238375
0.75773957
0.60397078
0.48945171
0.49060281
0.60316965
0.6422626
0.75693003
0.75795933
0.64141076
0.70707802
0.7080972
0.85353237
0.85202173
1.6594763
0.85745357
1.654697
2.778428
2.7730206
0.85611593
1.6460682
1.6528687
2.7633274
2.7709903
1.1806671
1.5592332
1.1859974
1.8869992
2.6723897
1.1827668
1.5657846
1.1863967
0.69028327
0.69052748
0.79936641
0.54827011
0.54796874
0.79977669
0.7832082
1.2913348
1.292769
0.78222918
0.68922614
0.68810436
0.79976396
0.80009176
0.80034117
1.0658782
0.80020849
1.0658664
0.64995559
0.46195858
0.64971744
0.46070717
0.80024133
1.0664219
1.0658643
0.80016153
0.64990654
0.45898355
0.46038519
0.64976939
0.60302489
0.48866419
0.60321283
0.48685634
0.64200009
0.75845058
0.64200313
0.75877504
0.60292782
0.48520072
0.48685262
0.60169556
0.64194033
0.75783496
0.75876245
0.64088108
1.3140997
0.96225702
1.314174
0.96200499
0.70843138
0.7086865
1.314096
0.96159844
0.96190203
1.3142358
0.70776154
0.70865161
0.99045308
0.94522752
0.9906766
0.94512586
0.98467265
0.94173441
0.94235762
0.98407158
0.99033805
0.94533837
0.94512304
0.989997
1.0113778
1.0107695
0.90965614
0.91025769
2.9618804
2.9652207
0.920049
1.8012464
1.7985913
2.9687209
2.9661149
1.8335603
2.6603632
1.573636
1.5696747
1.8314428
0.7808288
0.57289462
0.57414681
0.7784846
0.80844574
0.59265196
0.57724214
0.77219221
0.65029524
0.46276601
0.65121676
0.46037059
0.80049735
1.0741973
1.0696437
0.81056749
0.65002723
0.48522682
0.46029863
0.66246137
0.6369898
0.7561934
0.64064962
0.75261716
0.5977577
0.5153386
0.48459786
0.61755905
0.63625684
0.76474032
0.75172597
0.65240752
0.71289423
0.70082939
0.8346963
0.83009454
1.643748
0.84179819
1.6341898
2.7609219
2.7485803
0.83846275
1.5450208
1.6268249
2.5681609
2.7370067
1.1834784
1.5684091
1.1808741
1.9063872
2.688066
1.1798753
1.5590615
1.1811755
1.5661758
0.68405741
0.68689224
0.7995385
0.54598267
0.54749914
0.79726648
0.77699817
1.2953375
1.2903319
0.80788374
0.682207
0.70733237
0.82487226
0.79101452
0.79963854
1.0667776
0.80011547
1.0682673
0.64878088
0.45837246
0.64963616
0.45617693
0.79987379
1.076355
1.0709854
0.81059783
0.64855353
0.48189495
0.45611805
0.66160786
0.59682328
0.48444995
0.60091814
0.48136011
0.63631674
0.7571249
0.64013068
0.7535204
0.59602371
0.51279229
0.48116104
0.61583793
0.63551636
0.76592456
0.75260535
0.65174725
1.3132944
0.96150515
1.3143335
0.96122412
0.70707214
0.70304409
1.2206957
1.2706804
1.3113837
0.95787911
0.96108251
1.318138
0.71392093
0.70155811
0.98999037
0.94554271
0.98992566
0.94671372
0.98359692
0.93952524
0.94131202
0.98100254
0.99006402
0.94249978
0.94712745
0.98742703
1.0131284
1.0139691
0.91146944
0.90976121
2.9694021
2.9686271
0.92265235
1.725824
1.7984655
2.7971526
2.9607783
2.7748409
2.9159641
2.1170682
2.6581395
0.91997618
0.94413099
0.94774581
0.9153749
0.82218827
0.83602375
2.9165929
2.8231939
2.1292813
2.8557159
0.92872732
0.95558385
0.92856393
0.95560068
0.85566233
0.86983931
2.9753081
2.8613524
2.1995382
2.6570132
0.92800329
0.95482648
0.92811498
0.95469518
0.87377647
0.88457805
2.8818655
2.9930584
2.2020931
2.8893367
0.9275186
0.95441501
0.92749594
0.95444609
0.88336953
0.89073268
2.9177653
2.7950177
2.1566634
2.8598707
0.92874254
0.95548264
0.92849055
0.95572449
0.8899393
0.89490026
2.6907148
2.6709284
1.8983688
2.8629357
0.93210744
0.95841751
0.93157304
0.95889348
0.89639667
0.90017603
2.647093
2.6359796
1.7791281
2.7531551
0.93774771
0.96348259
0.93691939
0.96418515
0.90221253
0.90629192
2.9958031
2.9054199
2.1643915
2.8803791
0.94536221
0.97057642
0.94428776
0.97146428
0.90666888
0.9121463
2.9113028
3.0156112
2.2019705
2.7134799
0.95413256
0.97919699
0.95295869
0.98017549
0.91108938
0.91785331
2.9790813
2.8561055
2.2007804
2.6577756
0.96110671
0.98738084
0.96046238
0.98790713
0.91533534
0.92311518
2.8750446
2.7595505
2.0240248
2.6510175
2.6076558
2.660333
1.6462064
2.6780996
0.97938701
1.007113
1.005205
0.98459918
0.97907357
1.0004079
1.0020439
0.97722589
0.9430578
0.96785028
0.96853895
0.94117815
1.2184626
0.90712913
0.93955414
0.96403565
0.96538858
0.93797548
0.90692292
1.2206321
0.91744963
0.92471892
0.92014884
0.91046901
2.6354936
2.6736281
1.7296547
2.6864268
0.96149679
0.98552868
0.98627698
0.96437844
0.97105834
0.992906
0.99290016
0.97118649
1.1667925
0.82538935
0.92791269
0.9554368
0.92829814
0.95516494
0.85538724
1.1934569
0.86039242
0.85253087
2.8705812
2.8031138
2.0369816
2.8337933
2.6169087
2.6224816
1.7051388
2.7497313
0.97414632
0.99851448
0.97544089
0.99675077
0.96768275
0.9885136
0.98951944
0.9665812
0.93485025
0.96230918
0.93629736
0.96057909
1.2218828
0.89927421
0.92762507
0.95254076
0.95351559
0.92635114
0.88483461
1.2052396
0.90767223
0.91150142
0.89540274
0.88614116
2.6462886
2.6328568
1.7911504
2.764245
0.97105569
0.99278474
0.99258067
0.97116422
0.97051335
0.99131354
0.9914806
0.97044099
1.1954839
0.86549377
0.9283844
0.95492968
0.92821805
0.95504496
0.8756411
1.2038847
0.88038428
0.87208149
2.9293182
2.8387161
2.1096148
2.6431866
2.6435773
2.6350592
1.7757914
2.6583016
0.96496613
0.98736499
0.96558781
0.98635151
0.9618072
0.98200992
0.9825873
0.96112646
0.92414032
0.95134792
0.92511334
0.95021866
1.2062482
0.87667692
0.91969853
0.94553751
0.94611484
0.918911
0.86571025
1.1931123
0.88296165
0.88610715
0.87334019
0.86422243
2.6711055
2.6598662
1.8577772
2.670009
0.97031957
0.99114973
0.99101119
0.97038233
0.97029335
0.99068283
0.99068602
0.97033476
1.2044388
0.8790527
0.92753777
0.95439198
0.92748782
0.95439437
0.88207796
1.2066892
0.88871826
0.88225683
2.9503123
2.8633171
2.1096716
2.8691572
2.6576835
2.6514563
1.8210969
2.667276
0.96012219
0.98129352
0.96051353
0.98064306
0.95795005
0.97770416
0.97811916
0.95747365
0.91751881
0.94476221
0.91812724
0.9440087
1.1920755
0.86095474
0.91451565
0.94075913
0.94117615
0.91396312
0.85637909
1.1874291
0.86211356
0.86756291
0.86166584
0.85215129
2.6823884
2.6684524
1.8962064
2.6771727
0.97044505
0.99069839
0.99074102
0.97039155
0.97104112
0.99148963
0.99130291
0.97123139
1.2067652
0.88310374
0.9280871
0.95525699
0.92826694
0.95506405
0.88461357
1.2081478
0.89298232
0.88885861
2.8719679
2.7739977
2.0670617
2.8391544
2.6442603
2.6497573
1.8121935
2.8376478
0.95676601
0.97720169
0.95704887
0.97675524
0.95544623
0.9750858
0.97525839
0.95524506
0.91300881
0.94020196
0.91341338
0.93967434
1.1871435
0.8552794
0.91124822
0.93782762
0.93798865
0.9109937
0.85557472
1.1867239
0.85141693
0.85994212
0.85962118
0.84944249
2.6756756
2.663288
1.897402
2.8604392
0.97165537
0.99169521
0.99192896
0.97143483
0.97309479
0.99392216
0.99350708
0.97345229
1.2083196
0.88570115
0.9306216
0.95793083
0.93107014
0.9574802
0.88833607
1.2112903
0.89772069
0.89524609
2.6575614
2.6541439
1.833554
2.8409366
2.8749921
2.7796787
2.084044
2.8765951
0.95507475
0.97489465
0.95510606
0.97477097
0.95525691
0.97512979
0.97493774
0.95539705
0.91067769
0.93759385
0.91076029
0.93741266
1.186863
0.85659559
0.91080306
0.93778559
0.937556
0.91094444
0.85881683
1.1883853
0.84959119
0.8603841
0.86240298
0.85143913
2.7957091
2.9143612
2.1659909
2.8978249
0.97429191
0.99433293
0.99478291
0.9738335
0.97682989
0.99825502
0.99757326
0.97736827
1.2117456
0.89022709
0.93538989
0.9626995
0.93611009
0.96194807
0.89403026
1.2164464
0.90371864
0.90125149
2.6233152
2.6135951
1.6890281
2.741358
2.6381098
2.6534267
1.7906513
2.6488108
0.95590378
0.97531516
0.95559187
0.97556687
0.95774135
0.97807738
0.97754046
0.9581467
0.91141063
0.93795107
0.91110017
0.93816748
1.1885917
0.86012687
0.91335042
0.94076079
0.94018918
0.91377918
0.86124568
1.1894104
0.85177604
0.86362436
0.86469088
0.85248573
2.6641734
2.6665533
1.8589166
2.6581462
0.978668
0.99888227
0.99954747
0.97795493
0.98234284
1.0045248
1.0035825
0.98301774
1.2170983
0.89628943
0.94227045
0.96951579
0.94320727
0.96848007
0.90026206
1.2225146
0.9098316
0.90590731
2.9545445
2.8847356
2.079838
2.8578388
2.8947612
2.7971626
2.0383898
2.6282049
0.95922822
0.97856072
0.95859519
0.97910315
0.96214852
0.98296029
0.9822487
0.96266277
0.91474327
0.94121681
0.91419261
0.94169636
1.1893173
0.86112877
0.91726541
0.94525484
0.94461891
0.91766041
0.85872078
1.1869832
0.85240469
0.86456703
0.86225773
0.84909726
2.9357755
2.8168174
2.1258104
2.6403349
0.98481745
1.0053453
1.0062361
0.98377775
0.98933856
1.0125849
1.0113621
0.99016877
1.2232229
0.90243624
0.95067138
0.97793643
0.95172353
0.97666963
0.90614586
1.2285349
0.91556169
0.91041355
2.9707168
2.8892279
2.1188746
2.7039974
2.9417571
2.8467614
2.1085551
2.6512385
0.9639376
0.98352838
0.96320325
0.98408894
0.96548486
0.9857381
0.98581839
0.96520645
0.9183484
0.94568946
0.91798782
0.94606084
1.1890405
0.85604014
0.91815978
0.94631366
0.9466947
0.91754315
0.84834902
1.1789575
0.84830947
0.85974105
0.85290999
0.83931878
2.9876507
2.8682464
2.1993213
2.6642014
0.99243975
1.0135923
1.0146989
0.99108595
0.99780286
1.0219474
1.0206991
0.99864029
1.2292159
0.90821392
0.95889706
0.98643793
0.95963045
0.98536324
0.91133682
1.2333722
0.9213786
0.91483491
2.9375174
2.8380563
2.1096931
2.644614
2.9424968
2.8398225
2.1038034
2.6460624
0.96396913
0.98528377
0.9647099
0.98448962
0.94630856
0.96818543
0.97048287
0.94721386
0.91551737
0.94554721
0.9166756
0.9444288
1.1773672
0.84134384
0.90257165
0.92571411
0.9304564
0.89727503
0.81911095
1.1557762
0.83752958
0.84702623
0.83045933
0.81816704
2.9875557
2.8622147
2.1882087
2.6553198
1.0006799
1.0228669
1.0237591
0.99951121
0.99642553
1.0235357
1.0224255
1.000894
1.2336463
0.9122384
0.95913991
0.98432504
0.98598252
0.95624642
0.9039235
1.2238108
0.91943607
0.91244498
1.051056
0.80162098
1.0653635
1.2465591
1.2474731
1.0667686
0.79992916
1.0528361
0.56036641
0.59920867
0.49907322
0.55369874
0.52320887
0.48670516
0.60791611
0.58600393
0.38145423
0.70487817
0.77476459
0.78521591
0.70058798
0.40623488
2.3021032
2.1958457
2.6709471
2.6716942
1.8402816
2.8980193
2.1384465
1.0167106
0.77937384
1.0169339
1.2806891
1.2603924
1.2491941
1.2554018
1.2881292
1.2552971
0.78058593
1.0298765
1.0130103
0.97587974
0.98419242
0.9759232
0.94169983
0.95323545
0.95543593
0.95516055
0.94178799
0.95524304
0.98401334
0.97382936
0.9760745
1.0099208
0.84071596
0.82581291
0.83523901
1.0103251
0.83612891
1.3488389
1.0228174
0.91255853
0.91443171
1.0234917
0.8664974
0.93742125
0.94242825
0.86068217
0.92292881
0.95251394
0.95048023
0.92509794
0.90019571
1.5869174
0.84170907
0.83694622
1.6153444
0.94262569
0.80561864
1.0510128
1.2435195
1.0677666
0.80492684
1.0488851
1.2450598
1.067701
0.60181146
0.56659611
0.52655304
0.4874474
0.60107339
0.56431925
0.52937829
0.48864693
0.30964228
0.78377169
0.70566752
0.31329051
0.78426137
0.70597447
2.2723131
2.2454747
2.6691401
2.6457342
1.8140141
2.8575659
2.2586594
0.78877115
1.0234758
1.0236543
1.2581979
1.291937
1.2595758
0.78865315
1.0215058
1.0237363
1.2596632
1.2931137
1.2595796
0.98430511
0.97590988
0.97588813
0.95511264
0.94231195
0.95522844
0.9842617
0.9757402
0.97583564
0.95531695
0.94238287
0.9553087
1.3562653
1.356799
0.83590214
1.0102117
1.3565017
0.83597284
0.83602902
1.0101456
0.83601575
1.0202998
1.3120753
0.91310624
1.0205828
0.91295641
0.87825156
0.9540097
0.87785636
0.9547145
0.92874567
0.95548339
0.95554616
0.92868803
0.96586897
1.6692675
0.87246604
0.86401928
1.6743568
0.97742816
0.80465146
1.0526763
1.2417937
1.0672158
0.80202338
1.0472814
1.246039
1.0682705
0.6034842
0.56884581
0.5312868
0.49138669
0.60309906
0.56781046
0.53236626
0.49235253
0.30665619
0.78377937
0.70618767
0.30654286
0.78372272
0.70629147
2.1727799
2.9579785
2.8537246
2.1641797
2.6499143
2.1635943
0.79251092
1.0271466
1.0278722
1.2570361
1.2930528
1.2602326
0.78773108
1.0198203
1.0242175
1.262174
1.2951191
1.262885
1.2249786
0.98430344
0.97592878
0.97591161
0.95520351
0.94225726
0.95524697
0.98428578
0.97585517
0.97588683
0.95533242
0.94231336
0.95530362
1.3555045
0.8361543
1.0099304
1.3555621
0.8362083
0.83630271
1.0099321
0.83625537
1.0192934
1.3104632
1.3105359
0.91263174
1.0193267
0.91266316
0.87817764
0.95643667
0.87825733
0.95632891
0.92783042
0.95455133
0.95459415
0.92769689
0.99153508
1.704626
0.88562656
0.87821089
1.7084385
0.99832246
0.80282981
1.0477814
1.2437865
1.0667846
0.80417408
1.0501464
1.2418626
1.0659574
0.60545369
0.56997796
0.53275039
0.49364451
0.60532011
0.56942616
0.53318829
0.49349164
0.30148796
0.78401171
0.70759626
0.30425739
0.78424579
0.70778422
2.6613193
2.6994676
1.9266355
2.6575975
2.290888
0.78619795
1.0207522
1.0224425
1.2617652
1.2953369
1.2617417
0.79060851
1.0260036
1.0260567
1.2578171
1.2957411
1.25939
1.2253034
1.2252148
0.98428091
0.97589801
0.97590289
0.95529583
0.94229532
0.95530425
0.98428827
0.97591335
0.97591982
0.95529972
0.94230309
0.95530455
0.83657835
1.0098975
1.3554429
0.83663168
0.83670999
1.0099021
0.83667539
1.0193957
1.3106437
1.3105749
0.91288436
1.019347
0.91293189
0.87751465
0.95593345
0.87749071
0.95585951
0.92752152
0.9546335
0.95451468
0.92758373
1.0064905
1.7301312
0.89117771
0.88616572
1.7329236
1.0110549
0.80187423
1.0494232
1.2433678
1.0650417
0.80216716
1.0492254
1.2435803
1.0646551
0.60500658
0.5695247
0.53262118
0.49341167
0.60511093
0.56968418
0.53249997
0.49273135
0.30356461
0.7846515
0.70793045
0.30231239
0.7847721
0.70787667
2.2120178
2.6369283
2.6265664
1.765832
2.7902675
2.2721326
0.7839043
1.0228253
1.0196249
1.2598406
1.2942452
1.2594979
0.7876776
1.0244328
1.0232764
1.2591282
1.2921244
1.2563097
1.225424
0.98435638
0.97600968
0.97599264
0.95537928
0.94244656
0.95540069
0.98434749
0.97597579
0.97599147
0.95543528
0.94247598
0.95541804
1.3555001
0.83690779
1.0099311
1.3555026
0.83693019
0.83695006
1.0099413
0.8369436
1.0198604
1.3116808
1.3114934
0.91314659
1.0197723
0.91319493
0.87869234
0.95690661
0.87841192
0.9571378
0.92898869
0.95635278
0.95600465
0.92929983
1.017143
1.7498562
0.89536358
0.89256397
1.7521305
1.0213009
0.80037104
1.0489235
1.243179
1.0631627
0.80034717
1.0488784
1.2432749
1.0632305
0.60499466
0.56974943
0.53199655
0.49172193
0.60492364
0.56940826
0.53199545
0.49208017
0.29915238
0.7849696
0.70862037
0.30126189
0.78510481
0.70875542
2.2669731
2.1768073
2.7014761
2.6777383
1.9166282
2.8561338
2.2650916
0.78499036
1.0232807
1.020892
1.2591015
1.2921415
1.2565193
0.78403779
1.0232983
1.0197774
1.2588252
1.2938482
1.2577916
1.2256774
0.98468811
0.976372
0.97634449
0.95567638
0.94274628
0.95572667
0.9846496
0.97626664
0.97631535
0.95579807
0.94279636
0.95576995
1.3556774
1.3556238
0.837087
1.0100565
1.3556453
0.83711262
0.83714064
1.0100908
0.83713015
1.0207596
0.91361366
1.0205982
1.3130681
0.91371057
0.88234722
0.96059932
0.88174729
0.96117949
0.93261535
0.96005649
0.9594165
0.93319031
1.0270178
1.7661047
0.90079938
0.89894993
1.7679266
1.0307723
0.80430344
1.0509493
1.2420263
1.0646336
0.80242997
1.0477671
1.244138
1.0654731
0.60436219
0.56979462
0.53212356
0.49242288
0.60446885
0.56893016
0.53329235
0.49307243
0.30912239
0.7849948
0.7075446
0.30582039
0.78469332
0.70726851
2.1586126
2.2053992
2.8857594
2.7558209
2.0924295
2.6489938
0.78752616
1.0227944
1.0221925
1.2571784
1.2911757
1.2562181
0.78419684
1.0204514
1.0197702
1.2578965
1.2902657
1.2574853
0.98466053
0.97618394
0.9762656
0.95581154
0.9429432
0.95577796
0.98470739
0.9763759
0.97633332
0.95564904
0.9429266
0.95573135
1.3560279
0.83732945
1.0103761
1.3559916
0.83737045
0.83740479
1.0104258
0.83739314
1.022311
0.91461356
1.0220711
1.3156062
1.3159919
0.9147521
0.88854938
0.96684732
0.88762698
0.96768356
0.93849399
0.96590003
0.96494628
0.93930388
1.0351168
1.7783631
0.90695515
0.90416269
1.7795935
1.0376845
0.80281867
1.0481805
1.2437797
1.0671722
0.8037288
1.0496973
1.2423366
1.0666695
0.60507799
0.56981171
0.5332536
0.49353221
0.60523299
0.5700648
0.53311724
0.49340047
0.30286149
0.78435345
0.70719194
0.30491432
0.78468743
0.70739018
2.3155751
2.2875771
2.8674238
2.7518653
2.1695971
2.6386936
0.78678582
1.0200514
1.022742
1.262829
1.2963965
1.2631374
0.79220868
1.0272716
1.0275885
1.2569679
1.2932435
1.2590182
0.98469244
0.9763312
0.97621889
0.95543782
0.94263974
0.95550817
0.98459778
0.9760553
0.976133
0.95569832
0.94269932
0.95559529
0.83756376
1.0105555
0.83761047
1.3563715
0.8376945
1.0105597
0.83765245
1.0245049
0.91586179
1.0241528
1.3197509
0.91601182
0.89680077
0.97476622
0.89563884
0.97575459
0.94626816
0.9735957
0.97239314
0.94722127
1.0405758
1.7874075
0.91280753
0.90839725
1.7884405
1.0426645
0.80276648
1.0469036
1.2415855
1.067792
0.80268046
1.046948
1.2416721
1.067808
0.60409356
0.56845684
0.53167852
0.49156632
0.60410279
0.56872837
0.53107739
0.49132223
0.29719595
0.78522711
0.70822418
0.29972062
0.78518097
0.70822741
2.1649023
2.3130753
2.9874647
2.8774646
2.2078761
2.661967
2.1727209
0.78828868
1.0203474
1.0237993
1.2567863
1.2936558
1.2603072
0.78839591
1.0199124
1.0241511
1.2575486
1.2928447
1.2598124
0.98496891
0.97635452
0.97650275
0.95599339
0.9427833
0.95592218
0.98506253
0.97667965
0.97661658
0.95566399
0.94267278
0.95581459
1.3570238
0.83816521
1.0105635
0.83829504
1.3572066
0.83861249
1.010607
0.83843488
1.0285424
0.91818495
1.0278397
0.91865078
0.90581961
0.98334348
0.90464308
0.98428601
0.95504207
0.98249494
0.98117852
0.955954
1.0458657
1.7955849
0.91857635
0.91285846
1.796577
1.0481734
0.80282434
1.0467294
1.242446
1.0691498
0.80275597
1.0470211
1.2429813
1.0702895
0.5999361
0.56245815
0.52881105
0.48758405
0.60130985
0.56649572
0.52498469
0.48600753
0.33694762
0.78397812
0.70534981
0.30003301
0.78388716
0.70399627
2.1741982
2.256558
2.9829006
2.8602564
2.1942192
2.6640264
2.1701817
0.78352139
1.0161132
1.0205191
1.2558318
1.2909772
1.2579758
0.78427581
1.0179697
1.0208442
1.2549221
1.2907594
1.2579708
0.98363821
0.9749286
0.9749695
0.95452351
0.94135387
0.95433743
0.98373042
0.97525814
0.97508062
0.95422119
0.94125873
0.95424286
1.3625739
1.3607703
0.84034295
1.0122318
1.3616513
0.84083617
0.84214113
1.0128267
0.84134568
1.0376062
1.3386929
0.92546506
1.0360055
0.92690601
0.91209469
0.98922535
0.9115488
0.98946725
0.96138717
0.98865801
0.98828621
0.96148596
1.0518774
1.8028072
0.92334788
0.91599896
1.8032534
1.0539589
2.195635
2.658807
2.6398674
1.7571972
2.8724892
2.1394856
1.8593126
1.5510037
1.5658894
1.8351794
2.7378997
2.6883973
1.9944318
2.8783887
2.1983831
2.1663274
1.8546517
1.5782195
1.5650172
1.8841135
0.75435298
0.78526063
0.56829095
0.78500804
0.57017221
0.78244666
0.54973229
0.65003065
0.46955151
0.48292078
0.47627822
0.46017283
0.65127451
0.55971994
1.049737
0.8014908
1.0636461
1.2421595
1.2452163
1.0650001
0.80033765
1.0471668
0.5504209
0.65073375
0.45783351
0.47790842
0.47697019
0.45754238
0.64984424
0.55036834
0.68184816
0.63761927
0.75904419
0.7188281
0.70657437
0.75301606
0.64496931
0.6966085
0.56041609
0.59725832
0.48365246
0.52568644
0.5230863
0.48299929
0.59786006
0.56307806
0.68200948
0.63608476
0.75344814
0.70909237
0.70675928
0.75250608
0.63691854
0.68430716
0.347243
0.70368351
0.78336786
0.78329247
0.70253645
0.3153463
1.3523112
1.3540161
1.3451093
1.0106372
0.98964298
0.98957872
1.0103199
1.3527599
1.351642
1.3522205
1.0095284
0.98710686
0.98787278
1.0086765
1.0240269
1.3230512
1.3232105
0.91402874
0.91447542
1.0258646
1.2606542
1.3257279
1.3167376
1.2652569
0.98119295
1.0059458
0.98174283
1.0056901
1.0204182
1.3223215
0.90929351
0.91057779
1.0190267
0.9804096
1.0050381
0.9814522
1.0035204
1.2649478
1.3171592
1.3188222
1.2635462
0.89409304
0.97280381
0.97486809
0.89139204
0.94327799
0.96902958
0.96888619
0.94294144
1.3153505
0.85454348
0.84588182
0.90889055
1.2261412
1.3174661
0.94074663
0.9680654
0.9666584
0.94185321
0.89056571
0.97038054
0.97153295
0.88889268
0.90855407
1.2267908
1.3128323
0.85008668
0.85111672
1.3175437
1.0416398
1.7706286
0.92506577
0.9179151
1.7941784
1.0616563
2.893483
2.9425874
0.92225518
0.91661585
1.0501202
1.8016286
1.0595634
1.8049691
2.9646142
2.9681564
1.860992
1.5451785
1.1646575
1.5594005
1.1742268
1.8371699
2.3068662
2.7775481
2.7020499
2.0540709
2.9036547
2.2071427
2.1668971
1.8559152
1.5773157
1.1848432
1.5597532
1.1777201
1.8918085
1.2798371
0.6861217
1.2811705
0.55126005
0.54975473
0.68506539
1.2889063
1.2826683
0.57126619
0.77324479
0.80419841
1.0179864
0.7783213
1.0160599
1.2905477
1.2551334
1.2544306
1.2561764
1.2892777
1.2547505
0.77779147
1.0169928
1.0154969
1.279808
0.68411522
1.2781207
0.54445772
0.54179297
0.54700283
0.68332307
1.2789788
1.2777012
0.80278842
0.54323721
0.80054124
1.0522778
0.80088232
1.0665879
1.2502795
1.2508877
1.0679682
0.79939356
1.0544288
0.54692307
0.64847962
0.46550744
0.47936611
0.47220736
0.4557219
0.64996909
0.55751444
1.0509079
0.80045207
1.0654124
1.2460096
1.2486783
1.066647
0.7995005
1.0487684
0.54752685
0.64890647
0.45311476
0.47403027
0.47283454
0.45269282
0.64820556
0.54780647
0.5571424
0.59724908
0.49561775
0.55092339
0.51914583
0.48276576
0.60638363
0.58393833
0.68173642
0.63671921
0.76012446
0.7197658
0.70692771
0.75385018
0.64440002
0.6971778
0.55706432
0.59497129
0.47940686
0.52190261
0.5188683
0.47860168
0.59599279
0.56006032
0.68180773
0.63487175
0.75396152
0.70931861
0.70701914
0.75302317
0.63576421
0.68390584
0.9195352
1.3099638
0.91948202
0.9597863
0.95359754
0.95380585
0.95363801
0.96077408
0.95376019
1.3068718
0.92448751
0.91982265
0.38734766
0.70582269
0.77557995
0.78574553
0.70127708
0.40666723
1.2266502
0.92084643
1.3146027
0.92157469
0.96194574
0.95390746
0.95400731
0.95388731
0.96174722
0.953992
1.3150049
0.92223966
0.92210075
0.35339277
0.70401732
0.78363429
0.78368912
0.70288755
0.32217227
0.98038771
0.98980476
0.98000528
0.94256053
0.9847264
0.98751068
0.98925179
0.94449366
0.98877828
0.98947698
0.97616461
0.97906275
0.97576671
0.9841892
0.9756939
0.94196133
0.95501434
0.95495947
0.95503644
0.94188927
0.95498358
0.98415394
0.97567586
0.97565989
0.98043267
0.98996095
0.98038891
0.94488564
0.9889541
0.98904178
0.98926925
0.94499748
0.98916854
0.98991111
0.98029473
0.98033622
1.0122337
0.99092971
0.99172282
1.0112004
1.3577813
1.0106238
0.83582655
0.83573251
0.83559998
1.0108478
0.83559432
1.3575091
1.0133383
0.99225464
0.9923775
1.0131493
1.2489769
1.3126634
1.3049361
1.2520553
0.96529057
0.99087201
0.98885631
0.96788295
1.0223325
1.3145289
0.91385084
0.91420295
1.0217921
0.97060993
0.99210313
0.96976691
0.99268571
1.2601376
1.3134028
1.3139287
1.2600917
1.2679485
0.80701908
0.7993455
0.83286864
1.1834251
1.2765237
0.92732987
0.95386601
0.92645489
0.95469778
0.8766746
0.95310514
0.87733587
0.9520617
0.85119695
1.1879714
1.2848853
0.82056105
0.81880798
1.2798154
2.6667237
2.7205011
0.85670942
0.8414557
0.96179706
1.6540738
0.94809614
1.6487014
2.77729
2.7706109
2.6411973
2.6366053
1.730037
2.8358588
2.2525417
1.8533648
1.5550047
1.8379436
1.5650381
2.7068865
2.6723896
1.9218628
2.8279519
2.1555758
2.1859707
1.8611712
1.5697584
1.5689733
1.8672569
0.77767077
0.77759817
0.78461346
0.78400317
0.65478087
0.5536717
0.47928489
0.4619625
0.654026
0.55194817
0.48064217
0.46324493
1.049367
0.80027805
1.0622407
1.2410547
1.2437221
1.0629957
0.79936328
1.0466416
0.55201692
0.6498039
0.4632687
0.47744542
0.47927411
0.46290436
0.6489629
0.54989517
0.6400092
0.6864543
0.7097527
0.7553672
0.63940369
0.68502361
0.71102448
0.7557234
0.56664467
0.60243027
0.49043254
0.53135285
0.52938728
0.48938514
0.60315096
0.56813935
0.68664921
0.64085068
0.75613635
0.7113313
0.71120954
0.75614596
0.64105684
0.68688965
0.30854256
0.70620513
0.78387817
0.78421342
0.7062427
0.30653546
1.3502145
1.3510868
1.350606
1.0061192
0.98523183
1.006683
0.98480528
1.3494331
1.3492605
1.0049713
0.98357379
0.98381556
1.0047218
1.0146019
1.3108488
1.3121311
0.90607101
1.0155429
0.90525631
1.2608121
1.3153138
1.2620584
1.3135583
0.97265972
0.9937558
0.97130596
0.99505774
1.012289
1.3095101
0.9037525
0.90412106
1.0116981
1.307324
0.96876841
0.99218288
0.96989272
0.99067566
1.2551733
1.3064412
1.2542882
0.88573244
0.96884202
0.88717933
0.96722294
0.93313669
0.95769033
0.95893283
0.93153487
1.3116636
0.84851046
0.84667782
0.89629086
1.2161516
1.3057729
0.92872655
0.95614145
0.95462279
0.92996985
0.87813071
0.95753189
0.9590105
0.87671834
0.88765113
1.2140993
1.2973755
0.83421299
0.83620851
1.3037485
1.0460927
1.7876157
0.9082354
0.89882262
1.7822023
1.0333418
2.9481475
2.9418573
0.89857099
0.89562192
1.0149967
1.7588223
1.028725
1.7648
2.9127655
2.9202465
1.8578131
1.548868
1.1752527
1.8396042
1.5603424
1.1808777
2.2566426
2.745841
2.6859486
2.0023735
2.8598401
2.1590733
2.1900587
1.8608002
1.5660696
1.1796349
1.5624587
1.1799526
1.8719993
0.69539281
1.2829574
1.2832734
0.55156978
0.69463044
1.2813574
1.2827165
0.79647529
0.55239635
0.7964839
1.0206885
0.78012887
1.0170893
1.2886972
1.2546751
1.2539994
1.2575575
1.2892959
1.2545562
0.7794399
1.0176248
1.0164454
1.28131
0.6869606
1.2790332
0.54389211
0.54846851
0.68607246
1.2791158
1.278271
0.54223707
0.8032717
0.54396736
0.80259179
0.80465358
1.0521299
1.2472392
1.0690181
0.80419844
1.0504551
1.2484656
1.0689193
0.65298915
0.55077951
0.47542938
0.45723515
0.65245148
0.54939449
0.47660378
0.45828511
1.0505518
0.79931705
1.0634864
1.2445218
1.2472001
1.064269
0.79841551
1.0479492
0.54913259
0.64796579
0.45897397
0.47375619
0.47527653
0.45858412
0.6471531
0.54726163
0.59933742
0.56353308
0.52308672
0.48312268
0.59862105
0.56119469
0.52556015
0.48413556
0.63868626
0.68629106
0.70997142
0.75588769
0.63808292
0.68460672
0.71127292
0.75625079
0.56398039
0.60106652
0.48682174
0.52807504
0.52600309
0.48582288
0.60152955
0.56581967
0.6865677
0.64000106
0.75673352
0.71166444
0.71149292
0.75674396
0.64026241
0.68691461
1.3143226
0.92195793
0.9220424
0.95375541
0.96220099
0.9535355
1.3145489
0.92225674
0.92216763
0.95306374
0.96218335
0.95331977
0.31636653
0.78401322
0.70596835
0.32021841
0.78441886
0.70627618
1.2254137
0.92192976
1.3139739
0.921885
0.96182073
0.95222397
0.95238156
0.95282995
0.96191628
0.95260451
1.3138757
0.92181848
0.92185548
0.31516642
0.70655131
0.78401998
0.78435433
0.70658617
0.31332121
0.98994189
0.98032746
0.98031918
0.98890717
0.9447522
0.98888059
0.989922
0.9802922
0.98030755
0.98886239
0.94475404
0.98888011
0.97590108
0.98429613
0.97587137
0.94223207
0.95519024
0.9552
0.95528863
0.94228375
0.9552409
0.98428109
0.97584927
0.97585814
0.98033529
0.98993826
0.98033385
0.94476079
0.98880304
0.98881904
0.98885406
0.94475896
0.98884363
0.98992998
0.98032459
0.98033531
1.0122129
0.99184659
1.0124016
0.99175535
1.3558481
1.0099771
0.8361166
0.83608244
0.83604525
1.0100105
0.83605762
1.3557653
1.0118802
0.99164431
0.99164505
1.0118199
1.2597272
1.3129068
1.3124671
1.2599347
0.97091882
0.99213507
0.99235211
0.97080294
1.0196996
1.3114948
0.91263462
0.91268713
1.0195598
0.9705902
0.99190198
0.97068931
0.99167625
1.2589112
1.3108933
1.3110812
1.2587977
1.2863232
0.82215748
0.82352477
0.86809179
1.2028539
1.2903228
0.92846734
0.95532909
0.92855572
0.9551688
0.87847935
0.95636244
0.8783224
0.95625877
0.87411401
1.2041779
1.2921612
0.82763632
0.82725877
1.2911366
2.7963317
2.8026402
0.87874098
0.86638494
0.9891085
1.6928731
0.98087394
1.6887022
2.8271544
2.8215774
2.1595291
2.9157954
2.8353307
2.0832774
2.6418727
1.8311002
1.5545164
1.8330474
1.5520812
2.8009412
2.9162967
2.0911066
2.7504488
2.1702899
2.1613804
1.8362141
1.5786742
1.5569268
1.8741113
0.7755264
0.7736374
0.57818005
0.78052332
0.77819163
0.65362503
0.55531766
0.47809532
0.46509795
0.65118391
0.55048829
0.48239178
0.46636927
1.0518816
0.80263357
1.0640715
1.2428556
1.2453631
1.0653046
0.80106939
1.0489093
0.55505145
0.65240868
0.46643827
0.48112754
0.4823864
0.46685598
0.65104588
0.55310754
0.64145171
0.68745092
0.71137706
0.75615601
0.64103843
0.68669986
0.71187992
0.75627786
0.56931303
0.60452113
0.49320232
0.53288971
0.53278423
0.49338468
0.60460733
0.5695261
0.68773317
0.6422015
0.75710783
0.71288408
0.71214885
0.7568795
0.64235529
0.68838649
0.30633677
0.70701027
0.7839078
0.78374696
0.7068149
0.30485363
1.3487081
1.3489648
1.3488332
1.0040608
0.98312099
1.0042574
0.98304201
1.3484569
1.3484079
1.0024954
0.98257871
0.98270926
1.0024147
1.01069
1.3034296
1.3040329
0.90280516
1.0110778
1.304728
0.90258757
1.2527007
1.305526
1.2534044
0.96428898
0.98486187
0.96362114
0.98547227
1.0096454
1.3027723
0.90197646
0.90211924
1.0085178
1.3013623
0.96232541
0.98400718
0.96287594
0.98317612
1.2497436
1.3017301
1.2492282
0.87434911
0.9559207
0.87538911
0.95440885
0.92301923
0.94855675
0.94922681
0.92201492
1.2962743
0.83214845
0.8301936
0.87415036
1.201315
1.2914465
0.92032942
0.94763946
0.94673345
0.92105073
0.86945299
0.94757053
0.94847421
0.86857506
0.86771873
1.1998683
1.2857366
0.82114531
0.82236474
1.2900469
1.010383
1.7405239
0.8832423
0.87432253
1.7345676
0.99772943
2.8897171
2.8820818
0.87569992
0.87167903
0.98297542
1.7124526
0.99382468
1.7177963
2.8535974
2.8605868
1.8309764
1.5462233
1.1764409
1.8322268
1.5447027
1.1771285
2.1953886
2.9607869
2.8220775
2.1819823
2.767557
2.1769913
2.1636066
1.8352516
1.5736659
1.1904337
1.5494501
1.1794371
1.8771175
0.69753912
1.2844824
1.2845744
0.54873192
0.55485244
0.69412811
1.2810644
1.2833552
0.79467822
0.55800233
0.79372199
1.0273815
0.78888572
1.0250086
1.2954235
1.2584585
1.2588436
1.2626864
1.294142
1.260871
0.78416722
1.0216218
1.0212856
1.2839508
0.69291361
1.2825944
0.68833346
1.2809026
1.2809041
0.55135344
0.79939704
0.55438942
0.79763213
0.80448399
1.0537482
1.2455939
1.0686307
0.80208631
1.0490369
1.2489474
1.0690642
0.65257921
0.55311295
0.47465519
0.46151938
0.65016443
0.54810885
0.47913748
0.46285311
1.0529323
0.80182422
1.0653718
1.2459824
1.2483875
1.0663254
0.80015842
1.04981
0.55266896
0.6508101
0.46213505
0.47720822
0.47897223
0.46268702
0.64929354
0.55022969
0.60239954
0.56689813
0.52846195
0.48873174
0.60213296
0.56608505
0.52960278
0.48955412
0.64078992
0.68744771
0.71173557
0.75678377
0.64059799
0.68698259
0.71224233
0.75691476
0.56686744
0.60266331
0.48930366
0.52899938
0.52940982
0.48964803
0.60273153
0.56671649
0.68766933
0.64125744
0.75774225
0.71329039
0.71249457
0.75750825
0.64141259
0.68840919
1.3136272
0.92208852
0.92201103
0.95213093
0.96168885
0.95207945
1.3136884
0.92187607
0.92195811
0.9520496
0.96168558
0.95207579
0.31487164
0.78395341
0.70656269
0.31360197
0.78397328
0.70667346
1.2251917
0.92225091
1.313806
0.92241446
0.9615705
0.95192995
0.95199084
0.95205163
0.96162076
0.95205146
1.3138852
0.92250306
0.92253132
0.31467959
0.70740754
0.78417539
0.78400228
0.70720086
0.31281609
0.98990811
0.9803114
0.98032126
0.98879448
0.94478052
0.98878492
0.98991047
0.98032396
0.98032518
0.98877153
0.94479256
0.98878914
0.97593213
0.98429069
0.97591828
0.94230692
0.95529113
0.95529752
0.95534071
0.94234123
0.95532586
0.9842805
0.97590978
0.97591385
0.9803003
0.98986613
0.98028163
0.94478235
0.98869102
0.98870627
0.98875625
0.94478757
0.98873624
0.98985356
0.98025584
0.98026928
1.0117159
0.99168992
1.0117257
0.9917121
1.3554484
1.0098959
0.83652419
0.83646014
0.83634937
1.0099097
0.83639791
1.3554573
1.0117379
0.99182792
0.99180344
1.0117391
1.2586005
1.310751
1.3106446
1.2586994
0.97025663
0.99082437
0.99090215
0.97022647
1.0192638
1.3104487
0.91275808
0.91274482
1.0192591
1.3104477
0.97024156
0.99075727
0.9702277
0.99071009
1.2584639
1.3104439
1.2584787
1.2924716
0.82785593
0.82790163
0.87979458
1.2085193
1.2938076
0.92753526
0.95446776
0.92757089
0.95440952
0.87757083
0.9558646
0.87747543
0.95582682
0.88148773
1.2088846
1.29347
0.82802127
0.82783249
1.2938683
2.8429587
2.8481805
0.88796796
0.87931677
1.0048404
1.7215211
1.000187
1.7185683
2.8661517
2.8620106
2.2822116
2.287959
2.6639987
2.6485972
1.8687171
2.6460387
1.8647614
1.5570984
1.834794
1.5748958
2.8416298
2.9405324
2.1124754
2.8353757
2.1744491
2.1754473
1.8341105
1.5732429
1.5551029
1.8680862
0.77486632
0.77683737
0.57868937
0.57522927
0.77877339
0.77699294
0.6524815
0.55273853
0.48180861
0.46757179
0.65365002
0.55416429
0.48085209
0.46703527
1.0479539
0.80180391
1.0647094
1.2425389
1.2420608
1.0653521
0.80142518
1.0483761
0.55267779
0.65153202
0.46633551
0.48079635
0.48073882
0.46656486
0.65131569
0.55286853
0.64326871
0.68924583
0.71312373
0.75774966
0.64309541
0.6886481
0.71370043
0.75793408
0.57043602
0.60535606
0.49296916
0.53269774
0.53327728
0.4933109
0.60527872
0.56974479
0.68942097
0.64363638
0.75796916
0.71363949
0.7138618
0.75829023
0.64342242
0.68920701
0.30095967
0.70821989
0.78456597
0.78435101
0.70820667
0.30147438
1.348199
1.348285
1.348236
1.0033662
0.98249237
1.0034932
0.9824712
1.348093
1.3480748
1.0031791
0.98218398
0.9823087
1.0031416
1.00767
0.90164786
1.0078574
1.3009258
1.3005299
0.90158356
1.2483021
1.2487198
0.95967106
0.97965174
0.95917567
0.98006683
1.0072543
1.2995849
0.90129402
0.90140124
1.0071664
0.95832602
0.97910208
0.95870791
0.97853907
1.2465118
1.2988657
1.2990602
1.2462008
0.86712337
0.9465876
0.86774743
0.94568955
0.91677213
0.94288356
0.94333622
0.91609349
1.2847049
0.81992897
0.81882931
0.85977671
1.1923171
1.2827591
0.9149416
0.94225662
0.94162034
0.91543011
0.86396748
0.94186566
0.94235272
0.86338075
0.85716131
1.1915835
1.2797511
0.813986
0.81464192
1.2820593
0.97992183
1.6983056
0.86610631
0.85705541
1.6942576
0.97261823
2.8350459
2.829497
0.86272039
0.8557954
0.9654851
1.6805054
0.97073321
1.6837405
2.8100502
2.8146094
1.8682467
1.5500343
1.1811902
1.8348708
1.5701627
1.1900393
2.2560459
2.8612649
2.9823472
2.1971344
2.8551041
2.1782983
2.1789732
1.8353528
1.568877
1.1865363
1.5493454
1.1795702
1.8717166
0.69131736
1.2808745
1.2815236
0.55382846
0.69533504
1.2824428
1.2827093
0.5506831
0.5543028
0.79425213
0.55221068
0.79567603
1.0237704
0.78853925
1.024193
1.2931003
1.2585746
1.2572283
1.2597659
1.2937488
1.2601024
0.78438955
1.0217734
1.0204136
1.2816028
0.69391651
1.2816692
0.690109
1.2810102
1.2805892
0.54945456
0.79694359
0.55127329
0.79540366
0.80204328
1.0493725
1.2467019
1.0677262
0.80300877
1.0508581
1.2455659
1.0672304
0.65087608
0.55039351
0.47783995
0.46327705
0.65172502
0.55122352
0.47734886
0.46295751
1.0496013
0.8014874
1.0664222
1.2462177
1.2457797
1.06693
0.80112566
1.0499534
0.55045092
0.65036408
0.46262463
0.47726424
0.47734156
0.46289935
0.6501227
0.55049533
0.60375922
0.56788149
0.52947235
0.489807
0.60353483
0.56717815
0.53010393
0.4898509
0.64260574
0.68957636
0.71359408
0.7584898
0.64233672
0.68875973
0.7143537
0.75872105
0.56803043
0.60443225
0.48971161
0.5297668
0.53025308
0.49001928
0.60431301
0.56765098
0.6897569
0.64305609
0.75911666
0.71455458
0.71452054
0.75913017
0.64299898
0.68976691
1.3137921
0.92260863
0.92257132
0.95190113
0.96149785
0.95189079
1.313778
0.92250278
0.92253819
0.95192338
0.96149764
0.95192219
0.31000441
0.78431317
0.70807643
0.31218165
0.78463762
0.7082914
1.2254378
1.225492
0.92268301
1.313839
0.92275865
0.96155759
0.95204797
0.95201159
0.95195747
0.96153849
0.95199864
1.3138886
0.92289851
0.92286203
0.30963583
0.70874298
0.78494222
0.78475413
0.70872329
0.30981068
0.98983853
0.98025432
0.98025417
0.9886859
0.94479135
0.98867985
0.98984596
0.98025656
0.98025698
0.98868195
0.94479685
0.98868644
0.97590718
0.98429504
0.97591717
0.94236553
0.95535757
0.95533498
0.9553119
0.94235249
0.95532514
0.98430699
0.97595959
0.97594012
0.9802573
0.98984189
0.98025466
0.94480923
0.98866221
0.98866324
0.98868072
0.94480558
0.98867551
0.98984883
0.98025781
0.98025672
1.011753
0.99187434
1.0117398
0.99188586
1.3554703
1.0099119
0.83687788
1.3554821
0.83683263
0.83674275
1.0099127
0.83678349
1.0117876
0.9919349
0.99192994
1.0117798
1.25854
1.3104636
1.3105202
1.2585064
0.97051504
0.99090835
0.99081511
0.97061223
1.0195374
1.3107475
0.91301452
0.91300755
1.0195692
1.3110488
0.97086802
0.99102141
0.97073411
0.9911523
1.2590064
1.3109527
1.259148
1.2934792
0.82810969
0.82808065
0.8832938
1.2101057
1.294432
0.9278607
0.95474583
0.92767899
0.95488577
0.87797341
0.95653831
0.87814538
0.95621723
0.88406222
1.2103185
1.2944039
0.82917734
0.82865577
1.2944728
2.877907
2.8818307
0.89234164
0.88673808
1.0155828
1.7427302
1.0121554
1.7403919
2.8963355
2.8929743
2.2060135
2.2065611
2.5929186
2.6229275
1.6782479
2.7763697
2.2699451
1.8748459
1.5632192
1.8455402
1.5761934
2.6786432
2.6679243
1.8541102
2.8429649
2.2529841
1.8635083
1.5733751
1.5720366
1.8688473
0.77752563
0.77871919
0.5760958
0.574644
0.78019119
0.77939056
0.65197501
0.55349017
0.48117349
0.46691377
0.65216727
0.55336983
0.48126732
0.46663512
1.0496412
0.8012068
1.0635788
1.2432361
1.2438571
1.063941
0.80081445
1.0489538
0.5534734
0.65145184
0.46589251
0.48072864
0.48122589
0.46612936
0.65112127
0.55292906
0.64318668
0.68894306
0.71360066
0.75781323
0.64329
0.68917526
0.71336532
0.75772541
0.56945838
0.60482581
0.49243416
0.53191027
0.53238524
0.49219227
0.60473683
0.56897723
0.68893863
0.64310466
0.75779951
0.71362693
0.71336221
0.75769836
0.64311856
0.68912787
0.30360619
0.70820734
0.78492927
0.7848222
0.7081243
0.30213335
1.3480219
1.3480042
1.0029622
0.98211192
1.0030727
0.98210282
1.3479462
1.3479411
1.0028416
0.98193133
0.98198953
1.0028266
1.0067745
0.9011397
1.0068709
1.2986455
1.2984561
0.90111627
1.2456558
1.2458998
0.95644345
0.97610246
0.95612133
0.97636754
1.0074873
1.2979862
0.90098567
0.90103836
1.0074688
0.95562345
0.97577531
0.95583346
0.97546436
1.2447071
1.2977262
1.2977962
1.244604
0.8624628
0.94128084
0.86283116
0.94076413
0.91250337
0.9389476
0.9392222
0.91206931
1.2793078
0.81328985
0.81268934
0.85520795
1.1893664
1.2790163
0.91141435
0.93856569
0.93819818
0.91165881
0.86070644
0.93919934
0.93929224
0.86043391
0.8554791
1.1892245
1.2779094
0.81088862
0.81103003
1.2788053
0.96443156
1.6736774
0.85975491
0.85011915
1.672368
0.96270919
2.8002123
2.7976273
0.85970187
0.85007775
0.96183154
1.6678997
0.96262643
1.6691578
2.7900678
2.7920547
1.8780469
1.5567662
1.1830959
1.8464556
1.5708794
1.1858814
2.6817396
2.7134331
1.9261891
2.8617798
2.1748503
2.2609036
1.8673243
1.5687485
1.1855163
1.5674859
1.1869852
1.8725021
0.69011863
1.281367
1.2806001
0.55188896
0.69347488
1.2820044
1.2816467
0.54918191
0.55100938
0.79633239
0.79751144
1.0239804
0.78568394
1.021492
1.2923272
1.2590815
1.2565038
1.259391
1.2941523
1.2582287
0.78394607
1.0231557
1.0197148
1.281787
0.69161109
1.2809054
0.54930218
0.68999478
1.2811548
1.2802981
0.54779903
0.79897702
0.54905508
0.7982688
0.80103387
1.0505945
1.246868
1.0663583
0.80140183
1.0506144
1.2469154
1.0659737
0.650229
0.55065223
0.47749583
0.46272628
0.65051893
0.55083762
0.47725309
0.46252237
1.0507987
0.80034879
1.0649052
1.2467109
1.2471778
1.0652088
0.80005771
1.0503113
0.55062452
0.64969498
0.46149767
0.47690459
0.477204
0.46172421
0.649467
0.55030831
0.60377256
0.56694554
0.52975085
0.48930919
0.60366709
0.56760308
0.52892259
0.48905752
0.64278041
0.68939704
0.71450755
0.75894402
0.64277429
0.68972
0.71423362
0.75885626
0.56687313
0.60315683
0.48826634
0.52840787
0.52888323
0.48848976
0.60347265
0.56693517
0.68934962
0.64258188
0.75886115
0.71437722
0.71420337
0.7587889
0.6426135
0.68947297
1.3139546
0.92317433
0.92312892
0.95210756
0.961667
0.9521662
1.3139244
0.92297886
0.92306888
0.95228193
0.96170488
0.95224663
0.31130283
0.78501726
0.70867688
0.31039523
0.78508787
0.7086268
1.2254919
1.225524
0.92323183
1.3139913
0.92325821
0.96181579
0.95237937
0.95236071
0.95232762
0.96179414
0.95236231
1.3140039
0.92327771
0.92329429
0.31135059
0.70866649
0.78522001
0.78511784
0.70860491
0.31036449
0.98988489
0.98030316
0.98028727
0.98866642
0.94482625
0.98867074
0.98987626
0.98026649
0.98027574
0.98870133
0.94483559
0.98869034
0.97604277
0.98444487
0.9760871
0.94261603
0.95562493
0.95556545
0.95546964
0.94257951
0.95551461
0.98449757
0.97621461
0.97615268
0.98032284
0.98995364
0.98034118
0.94488671
0.98876319
0.98874071
0.98871647
0.94486917
0.98873063
0.98999367
0.9803969
0.98036879
1.0117757
0.99193816
1.0117656
0.9919401
1.3555579
1.0099879
0.83705616
1.3555745
0.83701876
0.83696225
1.0099759
0.83698479
1.0118314
0.99200856
0.99199119
1.0118362
1.2594685
1.3111747
1.3113271
1.2593008
0.97188504
0.9924989
0.99219407
0.97214869
1.0201254
1.3118861
0.91334065
0.91330215
1.0202044
0.97273312
0.99280925
0.97242453
0.9931339
1.2606051
1.3125401
1.3122993
1.2608878
1.2946124
0.82961152
0.82992902
0.88603282
1.2122541
1.2963298
0.93010637
0.95668248
0.92964972
0.95704769
0.88067185
0.95985699
0.88115969
0.95916192
0.88749432
1.2126981
1.2976135
0.83342798
0.83243869
1.2966713
2.9059147
2.90909
0.89686693
0.89305675
1.0254326
1.759918
1.0221678
1.7579393
2.9197585
2.9171173
2.2639663
2.1728914
2.6729907
2.6690034
1.8419765
2.8353444
2.2586525
1.8664387
1.5717398
1.866535
1.5730065
2.2045626
2.5919994
2.6234943
1.6782152
2.7746121
2.3150715
1.8748948
1.5640368
1.5759871
1.8468935
0.78087698
0.57373096
0.78074124
0.57413802
0.57616383
0.77883879
0.77991654
0.65066374
0.55264275
0.48061112
0.46547863
0.65068663
0.55282844
0.48040327
0.46544517
1.0487771
0.80093713
1.0646536
1.2426455
1.2430879
1.0642151
0.80101804
1.0481793
0.55260369
0.65092433
0.46583766
0.48041804
0.48036111
0.46571437
0.65091569
0.55236801
0.64369665
0.68982755
0.71376992
0.75826257
0.64341202
0.68925486
0.71436422
0.75840594
0.56987667
0.60560318
0.49253249
0.53235968
0.53227445
0.4924133
0.60541943
0.56925005
0.68983127
0.64376922
0.75844952
0.71359052
0.71435304
0.75867505
0.64351691
0.68902853
0.29924303
0.70857736
0.785092
0.78512981
0.70876223
0.30371081
1.3479278
1.0027553
0.98187689
1.0028364
0.98189528
1.3479642
1.3479827
1.0027609
0.98187781
0.98189599
1.0027902
1.0064476
0.90089054
1.006476
1.297679
0.90090592
1.2444875
1.2445248
1.2976614
0.95502142
0.97472302
0.95499897
0.97469004
1.0073454
1.2976946
0.90092968
0.90095288
1.0065599
0.95511297
0.97474269
0.95501755
0.97479308
1.2446335
1.2979407
1.2978316
1.2447628
0.86018622
0.93898803
0.86021101
0.93884993
0.91052416
0.9373657
0.93730533
0.91045803
1.2778462
0.81063966
0.81047807
0.85703581
1.1901824
1.2786711
0.91057176
0.93736057
0.93738305
0.91042827
0.86033468
0.93952823
0.93925448
0.86045484
0.85840126
1.1902758
1.2786472
0.81129925
0.81103653
1.2787496
0.96212683
1.6665003
0.86082202
0.85047271
1.6665687
0.96367986
2.7868844
2.7864264
0.86212068
0.85096353
0.96540094
1.6666021
0.96445384
1.6669229
2.7857955
2.7864376
1.8711133
1.5672698
1.1847356
1.869826
1.569264
1.1872419
2.6251765
2.6376079
1.7649498
2.7950777
2.2157388
2.31677
1.878197
1.5582715
1.1830693
1.5708316
1.1851178
1.8492385
0.69106977
1.281377
1.2805276
0.54934425
0.69022533
1.2812379
1.2802772
0.54972154
0.54794708
0.54746272
0.79923493
0.79906888
1.0221845
0.78321748
1.019099
1.2939511
1.2589134
1.2590117
1.2585748
1.2917
1.2559744
0.78646057
1.0230049
1.0224004
1.2810291
0.68986407
1.2802383
0.54939693
0.54904543
0.54743177
0.69277642
1.2815544
1.2811609
0.54879264
0.79788414
0.7987078
0.79997891
1.0504664
1.2467382
1.0647698
0.79992386
1.0503328
1.2469268
1.0648584
0.64933871
0.55013176
0.47686108
0.4613356
0.6493384
0.55029262
0.47662858
0.46144588
1.0502187
0.80017807
1.0658592
1.2460429
1.2466605
1.0655579
0.80013639
1.049406
0.54997717
0.64925342
0.4613522
0.47630012
0.47648276
0.46130094
0.64913685
0.54949405
0.60392741
0.56740909
0.52830324
0.48812858
0.60371155
0.56694567
0.52911636
0.48858434
0.64308268
0.68992594
0.7145185
0.75930758
0.64292538
0.68959413
0.7148398
0.75944844
0.56745953
0.6039505
0.48872568
0.52836781
0.52921553
0.48890814
0.60369481
0.56681291
0.68989083
0.6429981
0.75909855
0.71397109
0.71479338
0.75933905
0.64271541
0.68902814
1.3140546
0.92344613
0.92339321
0.95242133
0.96192161
0.95246895
1.3140307
0.92331553
0.92336252
0.95260841
0.96197434
0.95255205
0.30773414
0.78527734
0.70905474
0.309733
0.78538643
0.70918587
1.2259323
0.92355019
1.3142142
0.92364335
0.96222611
0.95294128
0.95285299
0.95269352
0.96215861
0.95278496
1.3142726
0.92385577
0.92376795
0.30764406
0.7089723
0.78533849
0.78539258
0.70915917
0.31158334
0.99016064
0.98055474
0.98051322
0.98879271
0.9449607
0.98882449
0.99012093
0.98043315
0.9804717
0.98891308
0.9449949
0.98887407
0.97639203
0.98475827
0.97640401
0.94293834
0.95584141
0.95584702
0.95582224
0.94291399
0.95584025
0.98477052
0.97641062
0.97641962
0.98059336
0.99025422
0.98062484
0.94514169
0.98906385
0.98902421
0.9889546
0.94510111
0.98899262
0.9902816
0.98069061
0.98066154
1.0119665
0.99210157
1.0119109
0.99214784
1.3558036
1.0102401
1.3559009
0.83728251
1.3558463
0.83723357
0.83716288
1.0102016
0.83719292
1.0121985
0.99244874
0.99236858
1.0122616
1.2615175
1.3127939
1.2611833
0.97474301
0.99584681
0.99527441
0.97521173
1.0212538
1.3140632
0.91412504
0.91400321
1.0214172
0.9762343
0.99639047
0.97569412
0.99693264
1.2634997
1.3151727
1.3147457
1.2639411
1.2981867
0.83432243
0.83507053
0.89083253
1.2165581
1.3009458
0.93455387
0.96061288
0.93379324
0.96121727
0.88591472
0.96580958
0.8867064
0.96480262
0.89303543
1.2172744
1.3034788
0.84070436
0.83939473
1.301626
2.9280166
2.9304253
0.90276329
0.89937756
1.0338851
1.7737546
1.0313936
1.7722199
2.9377528
2.9357955
2.1540959
2.1513901
2.8437735
2.7378861
1.9985718
2.6351739
2.2043922
1.84102
1.5708544
1.8669318
1.5556563
2.2469875
2.9396079
2.8389611
2.1159301
2.8328547
2.1544508
1.8320243
1.5764864
1.5524991
1.8731708
0.78029363
0.77868708
0.57823081
0.57725155
0.78056669
0.77838323
0.65415397
0.55567312
0.48069363
0.46621554
0.65237646
0.55256362
0.48309985
0.46707821
1.0507161
0.8023585
1.064538
1.2429324
1.2441963
1.0654478
0.80068853
1.0485037
0.55509648
0.65223057
0.46632058
0.48066451
0.48265821
0.46688728
0.65066955
0.55255678
0.64247942
0.68819374
0.71318373
0.75728665
0.64244372
0.68861376
0.71241385
0.75702777
0.57010471
0.60512734
0.4929421
0.5330157
0.53356794
0.49344038
0.60510125
0.56991481
0.68835291
0.64292152
0.75663719
0.71298025
0.71247412
0.75658128
0.64296163
0.68883913
0.30866915
0.70689626
0.78432936
0.78457743
0.7069163
0.30576412
1.348043
1.0028623
0.98193077
1.0029174
0.98197083
1.3481141
1.3481352
1.002917
0.98194912
0.98198543
1.0029962
1.0076192
1.2983906
0.90098117
1.006692
1.2980615
0.90104109
1.2451021
1.2449085
1.298205
0.95618888
0.97626575
0.95649789
0.97585409
1.0078979
1.2987877
1.299007
0.9011357
0.90112203
1.0080363
0.9572667
0.97664762
0.95684927
0.97703505
1.2463947
1.2995946
1.2992818
1.2467172
0.86099155
0.93964502
0.86062248
0.93981629
0.91164395
0.9389102
0.9384525
0.91195643
1.278746
0.81136223
0.81146973
0.86047731
1.1919406
1.2799168
0.91278871
0.93927925
0.93965451
0.91229055
0.86284537
0.94158087
0.94122343
0.86322173
0.8611337
1.1919026
1.2797009
0.81291143
0.81268861
1.2800103
0.96605173
1.6672298
0.86400443
0.85261878
1.6676773
0.96778647
2.7859841
2.7865777
0.8646846
0.85286791
0.96824099
1.6674259
0.96832535
1.6679636
2.7860451
2.7868991
1.8426214
1.5656103
1.1823284
1.8700063
1.5494836
1.1748753
2.2540641
2.9841254
2.8595268
2.1981736
2.8557903
2.1814624
2.1552602
1.8335001
1.5728104
1.1887556
1.5467466
1.1761759
1.8779257
0.69203816
1.2816965
1.2808977
0.68947433
1.2806903
1.2801192
0.55212402
0.55016679
0.54800521
0.79928679
0.79824609
1.0242753
0.78838405
1.0240556
1.2946224
1.2600424
1.258519
1.2590919
1.2922899
1.2596091
0.78466846
1.0232748
1.0213674
1.2822877
0.6931417
1.2820817
0.5533013
0.55282472
0.68947773
1.2819969
1.2812363
0.5511245
0.79912921
0.79753147
0.80309495
1.0517414
1.2455677
1.0658551
0.80145936
1.0490921
1.2470929
1.0663179
0.65211698
0.55262762
0.47654373
0.4613108
0.65049254
0.54966744
0.47887318
0.46208394
1.0518071
0.80166474
1.066092
1.2467859
1.2474576
1.0667012
0.80033149
1.0503013
0.55219638
0.65064575
0.46202696
0.47712908
0.47855889
0.46233774
0.64938783
0.55027827
0.60284334
0.56680899
0.52824994
0.48796747
0.60269754
0.56654246
0.52919523
0.48850369
0.64162164
0.68844332
0.71356369
0.75798869
0.64158005
0.68859696
0.71319688
0.75780086
0.56750784
0.60378245
0.48908985
0.52998454
0.5295295
0.48931541
0.60389888
0.56792236
0.68868934
0.64242089
0.758083
0.71374919
0.71335578
0.75797229
0.64258447
0.68917887
1.3143028
0.92378825
0.92390379
0.95302848
0.96239374
0.95307382
1.3143771
0.92396721
0.92399484
0.95304803
0.96241379
0.95310021
0.31673482
0.78527115
0.70801968
0.31370791
0.78508517
0.70780933
1.2256488
0.92373702
1.3142998
0.92367617
0.96222535
0.95273906
0.95283482
0.95300416
0.96229384
0.95294863
1.3142932
0.92334784
0.92357135
0.31611345
0.70778368
0.78484957
0.78501192
0.70774569
0.31303263
0.99029217
0.9807808
0.98076655
0.98910507
0.94526657
0.98914297
0.99030167
0.98071912
0.98074395
0.98922332
0.94530626
0.9891928
0.97609465
0.98446334
0.97601939
0.94262533
0.95539813
0.95540273
0.95555352
0.94270405
0.95546403
0.98444057
0.97600421
0.9759908
0.98078488
0.9902167
0.98078139
0.94537061
0.98928266
0.98926502
0.98924626
0.94536199
0.98925936
0.99021503
0.9808057
0.98078854
1.0125986
0.99271037
1.0125013
0.99279321
1.0105179
0.83751492
0.83746427
0.83741738
1.0105079
0.83742864
1.3562503
1.0128855
0.99312114
0.99305277
1.0129319
1.2649077
1.2644113
0.97936174
1.0011435
1.0002731
0.98003558
1.0230043
1.3174757
0.91530696
0.91514262
1.02324
0.98151281
1.0019217
0.98073157
1.0026682
1.2678131
1.3191264
1.3184768
1.2684042
1.3043371
0.84189811
0.84291246
0.89699676
1.2224085
1.3077931
0.94114762
0.96664928
0.9401117
0.96746139
0.89344295
0.97355757
0.89445698
0.97235781
0.89935361
1.2232709
1.310968
0.84960489
0.84817573
1.308685
2.9434798
2.9447129
0.90897611
0.90446663
1.0396675
1.7838586
1.0380092
1.7826561
2.950136
2.9485183
2.1578277
2.3097176
2.7388498
2.8290105
2.0807363
2.625991
2.2795895
1.8424745
1.5574665
1.8373361
1.5611832
2.1929345
2.6808669
2.6397805
1.7774254
2.7485577
2.2214683
2.1590122
1.8545421
1.5492297
1.5639335
1.833028
0.77549208
0.77698339
0.57879413
0.57526315
0.77788564
0.77830578
0.652453
0.55309217
0.48134526
0.46718042
0.65322666
0.55359726
0.48117533
0.46681634
1.0485447
0.80347485
1.0662306
1.2414101
1.2424918
1.065803
0.80298633
1.0469747
0.55354536
0.65329403
0.46645063
0.48085521
0.481443
0.46684996
0.65278182
0.55262507
0.64314266
0.6888533
0.71307991
0.75730849
0.64325649
0.6889206
0.71322547
0.75746175
0.56975578
0.60477477
0.49277352
0.53202461
0.5330757
0.49322117
0.60457417
0.56897456
0.68885324
0.642763
0.75794941
0.71298764
0.71327509
0.75789888
0.64263795
0.68844169
0.30240507
0.70809599
0.7852023
0.7848708
0.70798857
0.30065033
1.3481257
1.3481306
1.0029563
0.9819052
1.0029774
0.98191722
1.348165
1.3482518
1.3482003
1.002949
0.98186197
0.98187771
1.0029886
1.0085366
1.3009576
1.3005448
0.90123504
1.0083978
0.90129553
1.2474446
1.2998655
1.2470355
1.300156
0.95978059
0.98039068
0.96034672
0.97966837
1.0091542
1.3013068
1.3016865
0.9016733
0.90154577
1.0094323
0.96147312
0.98096998
0.96085777
0.98152989
1.2495898
1.3026849
1.3021232
1.2500481
0.86416969
0.94175739
0.86361648
0.94195722
0.91517899
0.94292514
0.94222352
0.91565682
1.2796607
0.81290354
0.8129056
0.86087257
1.1915525
1.2800719
0.91669263
0.94345886
0.9439625
0.91611776
0.86621021
0.94288102
0.9428039
0.86646046
0.85942831
1.1912021
1.2783444
0.81269995
0.81287529
1.2798776
0.96835454
1.6666808
0.86435059
0.85165329
1.6663441
0.9678881
2.7854955
2.7852387
0.86298768
0.85125125
0.96483489
1.6620482
0.96751567
1.6636102
2.781135
2.7828256
1.8459139
1.550227
1.1810901
1.8367215
1.5563868
1.1813128
2.1973424
2.7135634
2.6486052
1.8659963
2.7661558
2.2287976
2.1634731
1.8576981
1.5429839
1.1695428
1.5590283
1.1793107
1.8342834
0.69244079
1.2809521
1.2823405
0.69709353
1.2834345
1.2837756
0.54977131
0.55249313
0.55490244
0.79437288
0.79561765
1.0200376
0.78653077
1.021686
1.2875879
1.2562078
1.2558757
1.2558198
1.2911452
1.2574205
0.78542709
1.0193018
1.02046
1.2805985
0.69222971
1.2811459
0.54882365
0.54883882
0.69143345
1.2806124
1.2807788
0.79645633
0.54961452
0.79701457
0.80231057
1.0495586
1.2474592
1.0685559
0.8032937
1.0513463
1.245859
1.0681664
0.65104566
0.55049778
0.47784164
0.46314815
0.65192884
0.55130958
0.47744594
0.462919
1.0498117
0.80271463
1.067663
1.2450268
1.2459205
1.0671655
0.8023423
1.0484734
0.55086913
0.65164763
0.46283719
0.47717763
0.47765197
0.46321563
0.65124327
0.55014262
0.60404962
0.56780853
0.5304338
0.49044108
0.60426596
0.56822087
0.53014874
0.49023925
0.64261008
0.68892392
0.71378574
0.75821939
0.64278893
0.68923551
0.71360162
0.75822214
0.56774638
0.60365121
0.48968034
0.52916875
0.53013473
0.4901176
0.60350482
0.56712191
0.68883907
0.6422455
0.75828858
0.71344157
0.71353639
0.75825519
0.64215027
0.68866635
1.3141268
0.92316863
0.92317506
0.95270928
0.96218346
0.95273566
1.3140863
0.92321415
0.92317721
0.95288964
0.96222077
0.95282554
0.31121722
0.78488529
0.70790159
0.31233965
0.78508794
0.70794943
1.2258578
0.9231445
1.3141418
0.92306901
0.96232236
0.95304192
0.95301703
0.95295667
0.9623196
0.95300282
1.3141538
0.92289656
0.92300864
0.31085675
0.70823881
0.78549959
0.78521265
0.7081615
0.3087877
0.99040792
0.98094421
0.98090432
0.98930448
0.94538839
0.98932215
0.99034182
0.98083513
0.98086745
0.98936878
0.94538447
0.98935193
0.97645194
0.98502048
0.97656131
0.9429324
0.9560208
0.95598874
0.95581163
0.94290286
0.95591423
0.98509679
0.97669765
0.97665436
0.98098017
0.99061886
0.9809987
0.94530073
0.98934812
0.989368
0.989384
0.94533392
0.9893857
0.99066758
0.98100103
0.98101069
1.0131331
0.9932775
1.0130637
0.993322
1.3566291
1.0105421
0.83804304
0.83793064
0.83775596
1.0105549
0.83783343
1.356727
1.0133436
0.99363461
0.99352242
1.0134212
1.2697912
1.3202714
1.2690396
0.98565006
1.0082596
1.007135
0.98643971
1.0256434
1.3231321
0.91693788
0.91660639
1.0260933
0.98825107
1.0091898
0.98720041
1.0101475
1.2735455
1.32494
1.3238905
1.2743591
1.3119492
0.8509283
0.85208894
0.9031371
1.2286243
1.3156383
0.94935803
0.974438
0.94813291
0.9754044
0.90233305
0.98215617
0.90339802
0.98093196
0.90535693
1.2293676
1.3188262
0.85916404
0.85779453
1.3165994
2.9539471
2.9549814
0.91480046
0.90880846
1.0450303
1.7924443
1.0431109
1.7913363
2.9595476
2.9582063
2.3059325
2.8571273
2.9457481
2.1147413
2.6499744
2.1729156
1.8336798
1.5567312
1.8372082
1.5546551
2.935742
2.8382256
2.1116772
2.6466772
2.265018
2.1649547
1.8352569
1.5538573
1.5556658
1.8332587
0.77554921
0.77571487
0.57637791
0.57551946
0.7757742
0.57533654
0.7761739
0.6523589
0.55242355
0.48064439
0.4653568
0.65224787
0.55239492
0.48061172
0.4651538
1.0468495
0.80287237
1.0682896
1.2422917
1.2417021
1.0679767
0.80303652
1.0470782
0.55241615
0.65258089
0.46398077
0.48030301
0.48059045
0.46428586
0.65270314
0.55225261
0.64234542
0.68837454
0.71296374
0.75772686
0.64234234
0.6883824
0.71293124
0.75774085
0.56829928
0.60372112
0.48963419
0.52938811
0.53080266
0.49020759
0.60366525
0.5671916
0.68831159
0.64221808
0.75745107
0.71204647
0.71284084
0.75778838
0.64192361
0.68756846
0.29687374
0.70757656
0.78441975
0.78510944
0.70790355
0.29803452
1.3485951
1.3483385
1.3484513
1.0034687
0.98206919
1.003287
0.9822355
1.349344
1.3502295
1.3497365
1.004388
0.98328559
0.98294236
1.0048508
1.0106612
1.3047884
1.304195
0.90220128
1.0103177
0.90244561
1.2510408
1.3031476
1.250491
1.3036046
0.96443481
0.98518491
0.96486903
0.98459009
1.0119444
1.305237
0.90396114
0.9034819
1.0124912
0.96538246
0.98549925
0.96512297
0.98566684
1.2528208
1.3067708
1.3062014
1.2528799
0.86689523
0.94279281
0.86666713
0.94265958
0.91852407
0.94676372
0.94638283
0.91862876
1.2785326
0.81238115
0.81200427
0.85483713
1.1866663
1.2766767
0.91848874
0.94687692
0.94682199
0.91860812
0.86566211
0.93901813
0.94011515
0.8648311
0.85028036
1.1856329
1.2721052
0.8065938
0.80813582
1.2758934
0.96389395
1.6580427
0.8586561
0.84527336
1.6564777
0.96005001
2.7770164
2.7752439
0.85460076
0.84402435
0.9521409
1.6483732
0.95845577
1.6507269
2.7659749
2.7686713
1.8339054
1.5500242
1.1787159
1.8377034
1.5479803
1.1772652
2.1688937
2.9801313
2.8594844
2.1936212
2.6569452
2.2701653
2.1681377
1.8360327
1.5469466
1.1754901
1.5491559
1.177001
1.8334987
0.69433663
1.2811011
1.2822231
0.69476045
1.2812661
1.2825128
0.55019184
0.55063489
0.79414339
0.79435501
1.0195322
0.78673342
1.0225134
1.2916144
1.256296
1.2588787
1.2569434
1.2920136
1.2588797
0.78675568
1.0187782
1.0225639
1.2806929
0.69250878
1.281446
0.54635383
0.54849973
0.54720121
0.69248803
1.2801778
1.2813684
0.79478219
0.54860872
0.79504771
0.80243484
1.0485149
1.2452784
1.0692904
0.80235062
1.048547
1.2453419
1.0692618
0.65116509
0.55008169
0.47703098
0.46148692
0.65104324
0.55001437
0.47696589
0.46109983
1.0483741
0.8022476
1.0694796
1.2456525
1.2453034
1.0692448
0.80228406
1.0483143
0.54998324
0.65110932
0.45957701
0.47632838
0.47684946
0.4600572
0.65110694
0.54954203
0.60308917
0.56638105
0.52881624
0.48807729
0.6031547
0.56692891
0.52767919
0.48725415
0.64200252
0.68879851
0.71348064
0.75857338
0.64199836
0.68866896
0.71368915
0.75869453
0.56624766
0.60266415
0.48571719
0.52573482
0.52746881
0.48649594
0.60222682
0.56487961
0.68876947
0.64173969
0.75832102
0.71265598
0.71365087
0.75861963
0.64139012
0.68782833
1.3141276
0.92217335
0.92240221
0.9530536
0.96218731
0.95304019
1.3141611
0.92278466
0.92262033
0.95302302
0.96210407
0.95304508
0.30433872
0.78555316
0.70854093
0.30769453
0.785595
0.7086353
1.2268572
0.9219721
1.3141074
0.92177479
0.96169604
0.95316969
0.9530745
0.95302139
0.96179703
0.95304118
1.3141594
0.9215022
0.92163262
0.30358572
0.70822198
0.7848631
0.78553331
0.70850505
0.30337414
0.99055388
0.98079768
0.98086615
0.98932362
0.94518575
0.98928974
0.99062946
0.98097371
0.98092738
0.9892367
0.94515391
0.98926908
0.9761675
0.98447835
0.97594879
0.94194885
0.95476465
0.9550116
0.95547381
0.9421606
0.95525342
0.98427618
0.97548775
0.97572541
0.98073077
0.99021552
0.9806642
0.94520927
0.98929104
0.98922597
0.98922009
0.94514418
0.98921459
0.99010191
0.98059105
0.98061699
1.0143923
0.99421367
1.0140196
0.9945161
1.3586321
1.0110971
0.83987554
0.83945633
0.83883226
1.0109043
0.83910179
1.3592067
1.0159936
0.99666945
0.99595195
1.0167186
1.276239
1.3258682
1.3267325
1.2751856
0.99346574
1.0171928
1.0157987
0.99443379
1.0310046
1.3301457
0.92171226
0.92068907
1.032041
0.99663183
1.0183442
0.9954691
1.0193868
1.281185
1.3342486
1.3326188
1.28215
1.3197617
0.8604213
0.86150655
0.90887799
1.2344173
1.3231472
0.95782572
0.98331735
0.9567536
0.98420324
0.91023055
0.98871932
0.91084449
0.98809079
0.91081141
1.2352007
1.3253118
0.86579863
0.86532396
1.3239493
2.9627899
2.9638887
0.92069471
0.91334397
1.0510392
1.8003195
1.0488265
1.7993755
2.9678309
2.9668904
2.9408636
2.8433675
2.112511
2.6537294
2.1653368
1.8323979
1.5545568
1.8346948
1.55259
2.937283
2.8408054
2.1058496
2.6469431
2.2606241
2.1496332
1.8307354
1.5520118
1.550064
1.832662
0.77512714
0.77303566
0.74771952
0.77967278
0.65200086
0.55044175
0.479984
0.46211279
0.65222639
0.55193688
0.47851503
0.46124494
1.0474408
0.80236156
1.0689091
1.2460003
1.2444972
1.0697721
0.80175342
1.0517924
0.54994152
0.65146188
0.47236831
0.4865012
0.47803145
0.46313591
0.65378591
0.56218847
0.63834655
0.68347142
0.71132469
0.7552152
0.6396174
0.68685332
0.70801818
0.75399645
0.56177524
0.59995931
0.50025035
0.55244842
0.52447641
0.48861557
0.60797863
0.58531761
0.68271557
0.63804262
0.75849581
0.71810194
0.70725748
0.75295479
0.64481172
0.69608321
0.37344897
0.70493322
0.77586896
0.78577303
0.7010244
0.40372237
1.3520017
1.3508014
1.351423
1.0072993
0.98478038
1.0067049
0.98536942
1.3514591
1.3442344
1.0063447
0.9856844
0.98605001
1.0057631
1.0151221
1.307578
1.3077135
0.90568372
1.0143891
0.90637469
1.2525255
1.3071869
1.2527831
1.307529
0.96245464
0.98136319
0.96023823
0.98320879
1.0160712
1.306236
0.9058738
0.9075579
1.0159158
1.296111
0.95221396
0.97862149
0.95671431
0.97485928
1.2367516
1.3030353
1.2384909
0.86248073
0.93769407
0.86378815
0.93616096
0.91400673
0.94084637
0.9428972
0.91209503
1.2708118
0.80480828
0.80275801
0.83828853
1.1732931
1.2662731
0.90648167
0.93818594
0.93464473
0.90972885
0.84916686
0.91960207
0.92454249
0.84310999
0.82472742
1.1695938
1.2559674
0.78902535
0.78116079
1.2633651
0.94985101
1.6411897
0.84458468
0.83106023
1.63827
0.94196884
2.7581933
2.7545789
0.83435759
0.82834368
0.90316371
1.5857647
0.93860544
1.6122014
2.6609813
2.7123383
1.8332531
1.5481876
1.1752508
1.8356522
1.5462459
1.1740061
2.1712749
2.9847365
2.8629355
2.197731
2.6630357
2.2672567
2.1523021
1.8309698
1.5458623
1.1702335
1.5432354
1.1693303
1.8335185
0.68887122
1.2797072
1.2804628
0.5478784
0.68969165
1.2798329
1.2806028
0.79396088
0.54870702
0.79193526
1.0150876
0.78357185
1.020008
1.2851615
1.2627137
1.2531945
1.2546876
1.2885356
1.2573072
0.78611494
1.0322414
1.01764
1.2795257
0.68889442
1.2825378
0.57717958
0.55089633
0.68936637
1.29078
1.2850266
0.57609139
0.76636765
0.55273559
0.79852566
0.80215393
1.0480496
1.2458627
1.0704581
0.80207499
1.048312
1.2464189
1.0715917
0.65046544
0.54783364
0.47600857
0.45773852
0.65067396
0.54924976
0.47461518
0.45696285
1.0487806
0.80178984
1.0703147
1.2499778
1.2479465
1.0710787
0.80142702
1.0536937
0.54738115
0.65007929
0.46862852
0.48319384
0.47419702
0.45905918
0.65265822
0.56018813
0.59837643
0.55969636
0.52507797
0.48357637
0.59979961
0.56413812
0.5214967
0.4824988
0.637763
0.68366764
0.71195299
0.75615911
0.63907998
0.68713047
0.70861326
0.75492694
0.55898142
0.5982214
0.49691557
0.54993189
0.52105444
0.48490759
0.6061003
0.58326979
0.68287226
0.63731668
0.75952539
0.7189889
0.70783095
0.7538624
0.64417615
0.69656873
1.314055
0.92063866
0.92105075
0.95329903
0.9614161
0.95344818
1.3143526
0.92143131
0.92134271
0.95370626
0.96131583
0.95357989
0.3418803
0.78444336
0.7060898
0.30511517
0.78446651
0.70474002
1.2148676
0.91969186
1.3098375
0.91974897
0.96003654
0.95420279
0.95421158
0.95370516
0.96083
0.95395793
1.3067139
0.92507183
0.92026774
0.37878202
0.70581033
0.77663789
0.78644294
0.70178801
0.40370747
0.98992492
0.98103313
0.98083988
0.98941991
0.94583206
0.98962103
0.9898967
0.98061279
0.98069064
0.99027287
0.94622532
0.98992002
0.97499197
0.98353178
0.97502755
0.94140567
0.9526022
0.9546998
0.95432839
0.94135718
0.95442856
0.9834582
0.97307825
0.97522425
0.98118096
0.98994519
0.98098887
0.94551325
0.98711333
0.98946741
0.99054664
0.94698993
0.99037751
0.98962434
0.97759797
0.98016783
1.021117
0.99952555
1.0198508
1.0006517
1.3632488
1.014367
0.85062569
0.83565403
0.84259954
1.0138728
0.84439368
1.3564747
1.0233915
1.0050059
1.003466
1.0234225
1.2841064
1.3357403
1.3371514
1.2830738
1.0011831
1.0250084
1.0244193
1.0012653
1.0414743
1.3401277
0.93081107
0.93107878
1.0433791
0.99906626
1.0248008
1.0004284
1.0237634
1.2769269
1.341639
1.3331664
1.2810215
1.3258541
0.86602589
0.86599459
0.91201501
1.2360192
1.3272051
0.96049224
0.98827908
0.96123394
0.98728783
0.90912134
0.98473714
0.98779084
0.90516509
0.90722762
1.2343276
1.3218646
0.8645819
0.85653864
1.3261008
2.9698628
2.9700763
0.92109718
0.91564137
1.0309991
1.7621238
1.0540337
1.7864568
2.8888885
2.9387464
)
;
    }
}


// ************************************************************************* //
