/*--------------------------------*- C++ -*----------------------------------*\
| =========                 |                                                 |
| \\      /  F ield         | OpenFOAM: The Open Source CFD Toolbox           |
|  \\    /   O peration     | Version:  2412                                  |
|   \\  /    A nd           | Website:  www.openfoam.com                      |
|    \\/     M anipulation  |                                                 |
\*---------------------------------------------------------------------------*/
FoamFile
{
    version     2.0;
    format      ascii;
    arch        "LSB;label=32;scalar=64";
    class       volScalarField;
    location    "1100";
    object      yPlus;
}
// * * * * * * * * * * * * * * * * * * * * * * * * * * * * * * * * * * * * * //

dimensions      [0 0 0 0 0 0 0];

internalField   uniform 0;

boundaryField
{
    inlet
    {
        type            calculated;
        value           uniform 0;
    }
    outlet
    {
        type            calculated;
        value           uniform 0;
    }
    topandbottom
    {
        type            calculated;
        value           uniform 0;
    }
    front
    {
        type            symmetryPlane;
    }
    back
    {
        type            symmetryPlane;
    }
    airfoil
    {
        type            calculated;
        value           nonuniform List<scalar> 
12960
(
52.175154
47.563076
56.084386
47.486583
47.569957
46.954008
42.450355
47.116761
42.605171
46.609374
47.092421
47.192959
56.220131
56.078453
47.118119
55.291787
47.066713
54.370381
46.461094
48.092381
56.530036
47.377702
42.007479
47.372002
55.127325
47.482208
42.482982
47.07513
47.755472
47.08443
56.29122
47.435306
51.600556
51.642852
46.135922
42.600605
54.438198
54.405636
46.333702
55.259741
41.274236
42.252921
40.569295
42.310307
40.310807
40.051951
40.492446
46.969565
40.228268
55.756764
39.925555
40.19483
39.86706
55.180103
40.027796
55.538786
39.830867
40.017674
39.610967
46.136845
39.795299
55.828123
39.902329
40.164027
39.666955
46.99882
39.911951
42.662381
39.93906
39.744084
40.018492
47.903448
40.106989
41.940931
40.224003
39.89012
40.478199
47.453109
40.299187
47.564314
40.39054
40.230551
40.122949
42.772906
39.822197
55.624224
39.951659
40.011703
39.670932
47.028324
39.596089
54.532641
39.819676
39.796947
39.61182
41.294455
39.363747
42.785998
41.004773
39.902065
19.338559
47.903896
40.708745
40.582515
19.086364
19.017061
42.136699
40.441252
40.097571
18.914118
19.014201
19.087587
41.774366
39.799037
39.866456
18.935969
18.918937
55.988119
40.043759
40.252641
19.200734
19.246228
19.216935
55.685206
40.011125
40.055323
19.292315
47.326086
39.823193
39.844333
19.054681
19.155019
18.957251
46.164765
39.640742
39.804024
55.812463
39.895071
40.161949
19.07966
19.184543
55.897129
40.019758
40.146153
19.080605
19.125088
46.621152
39.974972
39.922077
18.988185
19.033094
18.985415
19.108643
56.300904
40.364216
40.340049
19.169668
19.191298
42.053861
40.123365
39.853095
18.9707
19.03328
18.89922
18.941894
41.678785
39.974413
40.026631
18.739706
18.805363
41.814123
39.959448
39.981882
19.039602
18.945864
18.740598
18.808067
18.911419
46.401706
39.875988
39.93927
18.947233
18.937917
47.232479
39.63441
39.813694
19.224669
19.192478
18.946696
19.061909
19.181407
54.36279
39.733369
39.733419
19.369941
19.307506
54.446194
39.716422
39.73807
19.341843
19.393357
19.071976
41.153967
39.742252
39.411677
19.000817
18.904882
46.914959
39.983738
39.843029
19.584412
19.104456
56.597461
47.181154
42.617789
46.512579
46.702135
47.716737
56.471284
47.314097
56.121215
47.895038
47.114348
46.953361
42.460376
42.700793
46.966114
42.336291
46.907337
42.345424
48.322947
48.316095
42.307473
46.69303
19.014807
20.030323
56.302897
47.635901
19.071541
19.063216
18.917155
19.069858
41.85102
46.780048
19.194788
19.064619
56.342361
18.959679
47.312949
19.064487
19.041553
18.997757
46.775732
47.239896
19.123438
19.043194
41.83872
47.191426
18.960991
19.154997
19.097285
19.034055
55.497114
55.566493
19.402639
19.404951
18.983656
48.156743
56.551613
19.185352
52.347866
51.969911
19.243882
18.948462
47.836539
43.289334
19.082101
19.100047
19.758933
19.117709
41.158239
55.23994
40.354794
55.764832
39.981006
40.221092
39.771759
46.972727
40.063299
41.954463
40.296737
40.013714
40.334409
41.870788
40.118363
43.137612
40.276824
40.076799
40.463056
48.156126
40.302364
42.054777
40.199372
39.90927
40.402583
47.329226
40.175896
56.341324
40.157261
40.310763
40.098571
46.463672
40.023726
55.815472
39.970583
40.270628
39.696539
46.883129
39.916938
47.216832
39.817587
39.999884
40.117448
56.041038
40.39497
42.708107
40.319015
40.240765
40.63685
47.228978
40.711134
52.252563
40.519554
40.526062
40.757614
57.201033
40.965335
56.681741
41.488141
41.020304
19.001088
46.885185
39.606319
39.858996
19.111979
19.232495
55.525449
39.887895
40.193038
19.147011
19.169897
18.913761
19.264186
19.511945
19.25762
19.013772
55.931319
40.440296
40.388942
19.207448
19.2226
42.254895
40.215456
39.964006
19.211241
18.92443
19.127925
18.879954
18.902047
19.301433
52.134232
40.11459
40.074542
19.330791
18.830608
18.796043
46.812462
40.326177
40.293743
18.920897
19.155169
18.95786
18.823666
18.962052
19.162189
18.969135
48.144778
40.428257
40.291399
18.969501
19.159506
19.146049
42.028538
40.205907
39.911199
18.938228
19.055812
19.180561
18.941859
19.146481
19.055024
42.879649
40.064549
39.908463
19.038897
18.996252
47.965209
40.113138
40.161174
19.133372
18.93501
19.189649
19.085358
19.136228
19.06524
19.075689
41.707922
39.766782
39.771845
18.936547
55.967689
40.056635
40.304894
18.88118
19.24764
19.013358
19.231644
19.092997
54.961685
40.225357
40.173987
55.183251
40.239594
40.218739
19.095339
19.194804
19.188031
19.330887
19.336978
19.146798
19.221124
48.185593
40.383415
40.312107
48.026368
40.609241
40.461025
18.910664
19.193372
19.082737
19.194031
18.950265
19.205998
42.27182
40.53954
40.535188
18.779429
18.836032
51.929561
40.570447
40.566346
18.920511
18.759561
19.38538
18.770398
18.928558
18.817418
18.924663
56.906486
40.590542
40.905416
19.189625
19.282056
47.773807
40.319312
40.581963
19.044546
19.199844
19.256532
19.393784
0.79127723
1.2996366
1.2963783
0.81553842
1.2192213
1.2693096
0.98325831
0.93923637
0.9412834
0.9800527
1.0070104
1.0101235
1.9679727
1.9384336
1.3067125
1.3018784
0.85501666
0.95925029
0.96362064
0.85786812
0.79724149
1.3015794
0.79519293
1.2982623
1.2260447
1.2263448
0.98359651
0.94145346
0.98338385
0.94177347
1.0095425
1.0091979
1.9520705
1.9358515
1.3088162
1.3091389
0.85500881
0.96303396
0.85500403
0.96269256
0.79658305
1.2966698
0.79251488
1.2971891
1.2259194
1.2260086
0.98375443
0.9421133
0.98378452
0.94221608
1.0088689
1.0087527
1.9481995
1.9621532
1.3083484
1.3084507
0.85482089
0.96234841
0.854893
0.96226317
0.79956134
1.2978948
0.7923615
1.3004184
1.2251757
1.2257143
0.98339291
0.94224856
0.98359653
0.94210511
1.0086409
1.0086074
1.9404549
1.9751999
1.3083411
1.3083364
0.85471124
0.96226641
0.85473523
0.96229762
0.79931565
1.2960682
0.78966953
1.2997268
1.2244948
1.2245652
0.98323494
0.94177528
0.98310852
0.94194914
1.0085144
1.0084523
1.9656166
1.9437411
1.3083065
1.3083733
0.85462289
0.96231116
0.85465649
0.9622854
0.79488593
1.2980282
0.79243936
1.2987466
1.2241117
1.2245981
0.98340997
0.9419931
0.98336668
0.94197861
1.0082916
1.0082106
1.9456482
1.9808405
1.3081584
1.3082331
0.85467297
0.96223173
0.8546342
0.96222249
0.79245908
1.2984414
0.79396782
1.2923462
1.2239312
1.223837
0.9828372
0.94166658
0.98309614
0.94138376
1.0080842
1.008054
1.9508433
1.9376856
1.3081269
1.3081043
0.85477668
0.96227082
0.85473014
0.96233997
0.79416988
1.297713
0.79618674
1.3010109
1.2235245
1.2235657
0.9823038
0.94100629
0.98256158
0.94062882
1.0081649
1.0082653
1.9580933
1.9584948
1.3083663
1.3082191
0.85490201
0.96252136
0.85483637
0.96262185
0.79141485
1.2973566
0.79472088
1.2974914
1.2235113
1.223287
0.98233352
0.94024934
0.98219677
0.94027742
1.0084087
1.0084599
1.9848325
1.9390681
1.3086471
1.3085424
0.85504589
0.96273587
0.85500718
0.96278891
0.79174284
1.2966991
0.79311812
1.2973383
1.2224273
1.2246741
0.98228283
0.94015564
0.98237725
0.94006313
1.0086962
1.0090107
1.9500874
1.9281518
1.3078266
1.3088552
0.85516322
0.96300714
0.85497405
0.96328017
1.1874403
1.1836029
1.9621596
1.9376688
1.8298654
1.8535694
1.1900002
1.1911922
1.9396295
1.967009
1.8322548
1.8335252
0.69362231
0.71284376
0.79216604
1.3002809
1.2987012
0.79820161
0.69431651
0.69964361
1.3107738
0.95763943
0.96110795
1.3174873
1.2241427
1.2265078
1.3127762
0.96160316
0.96133538
1.313887
0.98918564
0.9376108
0.94433657
0.9856262
0.98330153
0.94137024
0.94125412
0.98335424
0.98926428
0.94415929
0.9444394
0.98919271
1.3059823
1.3011387
0.98600559
0.94589169
0.95042456
0.9852832
1.009716
1.0102313
1.3076449
1.3084758
0.98753022
0.95031819
0.95060254
0.98859031
0.853672
0.96008894
0.9645329
0.85649311
0.85391747
0.96409878
0.9645616
0.85369139
1.8340319
1.8544206
1.9378592
1.9768014
1.8326875
1.8413089
1.2190759
1.269393
1.2241202
1.2265103
0.98689855
0.94489257
0.94933066
0.98620859
1.3083739
1.3092366
0.9884247
0.94931895
0.94948017
0.98941245
0.85525087
0.96317426
0.96362021
0.85500495
1.2003024
1.1885965
1.9548941
1.9578288
1.8289642
1.8630125
1.1874258
1.1954785
1.9601439
1.9480086
1.865594
1.8263316
0.69939009
0.69669508
0.79312615
1.2973448
1.2977201
0.79709538
0.69571
0.69999096
1.313578
0.96163999
1.3138411
0.96162676
1.2260706
1.2259812
1.3135923
0.96165075
0.96163326
1.3135341
0.98920856
0.94409624
0.98918364
0.94394418
0.98367244
0.94208567
0.94188229
0.98379353
0.98923635
0.94382261
0.94392029
0.98924297
1.3080829
1.3084486
0.98852224
0.95033741
0.988555
0.94997959
1.0089334
1.0091303
1.3080222
1.3077716
0.98853386
0.94982198
0.94993009
0.98852672
0.85366648
0.96398622
0.85368134
0.96366098
0.85366103
0.96335221
0.96358836
0.85368312
1.824057
1.8358251
1.9647331
1.948757
1.8682229
1.8270073
1.2261242
1.2263586
0.98933987
0.94921795
0.98943923
0.94896288
1.3087535
1.3085303
0.98934722
0.94876163
0.94889246
0.98934133
0.8549923
0.9623954
0.96259444
0.85491521
1.194276
1.1876682
1.9473615
1.9587567
1.8272203
1.8661699
1.1901044
1.1950631
1.9636706
1.9493774
1.8704372
1.8300578
0.69964919
0.69567759
0.79219697
1.2983729
1.2968565
0.79658714
0.69544918
0.69940918
1.3135901
0.96167646
1.3135906
0.96172528
1.22593
1.2257561
1.3136498
0.96183771
0.96175926
1.3136311
0.989168
0.94381363
0.98923419
0.94375787
0.98374477
0.9422795
0.94225674
0.98365979
0.98915918
0.94370647
0.94375399
0.98908544
1.3075953
1.3077595
0.98860398
0.94990359
0.98850166
0.94975235
1.0086698
1.0087391
1.3076002
1.30751
0.98865919
0.94936533
0.94973965
0.98871366
0.85404346
0.96333295
0.85370396
0.96324213
0.85401922
0.96308204
0.96323257
0.853467
1.8284298
1.8686857
1.9652384
1.952441
1.8721588
1.8324533
0.98944837
0.94872997
0.98937565
0.94870454
1.3083688
1.3083627
0.98951684
0.94877163
0.94870943
0.98965283
0.85479534
0.96225694
0.96224516
0.85474139
1.1969684
1.1925616
1.9373527
1.9726867
1.8325017
1.8773004
1.1917074
1.1859963
1.9656992
1.9775544
1.8342302
1.879701
0.70345832
0.69539454
0.79712276
1.2943962
1.2971163
0.78773937
0.70192745
0.69203343
1.3133025
0.96186919
1.3136463
0.96183321
1.2250426
1.2246565
1.3132466
0.96163662
0.96179267
1.3130559
0.98893638
0.94371444
0.98905981
0.94369557
0.98331258
0.94177925
0.94202225
0.98311986
0.98889832
0.94362901
0.94369431
0.98877337
1.3074587
1.3075369
0.98883938
0.94983029
0.98870155
0.94979938
1.0085444
1.0086081
1.307493
1.3074599
0.98888848
0.94816124
0.94980943
0.98889985
0.85342273
0.96317923
0.85344826
0.96317353
0.8534186
0.96152107
0.96318059
0.85324778
1.835501
1.8789039
1.9702451
1.9785422
1.8369884
1.8805009
0.98980933
0.94878897
0.9897138
0.94885279
1.3083879
1.3084143
0.9898714
0.94889995
0.9488666
0.98993359
0.85469899
0.96231429
0.96229881
0.85466544
1.1925936
1.1902452
1.9646939
1.9427274
1.8376044
1.854277
1.1880942
1.1908893
1.9285846
1.9326129
1.8296277
1.8260496
0.70253085
0.69410676
0.79613137
1.2963888
1.2980573
0.79413079
0.69939441
0.69779888
1.3129435
0.96163762
1.3130278
0.96164869
1.2245931
1.2246808
1.3130101
0.96153362
0.96164044
1.3130546
0.98880107
0.94363061
0.98877222
0.9435783
0.98328688
0.94200548
0.94200195
0.98335644
0.98882392
0.94344772
0.94356331
0.98880816
1.307365
1.3074783
0.98886562
0.94971352
0.9888566
0.94978851
1.0083349
1.0084407
1.3073816
1.3073176
0.98887211
0.94975832
0.94978862
0.98880101
0.853315
0.96296274
0.85334031
0.9631399
0.85336457
0.9630978
0.9631423
0.85336576
1.8376447
1.8543202
1.9308882
1.9344273
1.8305267
1.8273709
1.2250161
1.2250544
0.98988644
0.94889446
0.9899481
0.94887448
1.3083227
1.3082839
0.98989124
0.94882641
0.9488592
0.9898223
0.85461293
0.9622401
0.96226636
0.85461936
1.1975288
1.1948592
1.944853
1.9787095
1.8470907
1.8830407
1.1881715
1.2004121
1.9862796
1.9715192
1.890081
1.837757
0.69783518
0.69617319
0.79284785
1.2983295
1.2993465
0.79812661
0.69546587
0.70161732
1.3128721
0.961518
1.3130499
0.96140477
1.2239961
1.2237826
1.3128574
0.96112252
0.96136724
1.3126312
0.98878061
0.94343201
0.98881152
0.9433373
0.98340478
0.94177833
0.94197201
0.98320811
0.98876616
0.94317569
0.94331367
0.98856876
1.3072194
1.3073353
0.98868348
0.94984895
0.98872876
0.94968834
1.0081205
1.0082017
1.3072296
1.3071456
0.98867621
0.94968002
0.94968929
0.98857699
0.85331318
0.96310429
0.85330248
0.96306217
0.85337433
0.96305742
0.96307089
0.85331488
1.846971
1.8837287
1.9875322
1.9693794
1.8905614
1.8362473
1.2245309
0.98969564
0.94880784
0.98980722
0.94878435
1.3081719
1.3081349
0.98969487
0.948805
0.94878035
0.98963457
0.8546797
0.96225551
0.96221871
0.85471135
1.1941805
1.1786957
1.9535549
1.9392238
1.8228201
1.8473772
1.1937257
1.187968
1.9553415
1.9565878
1.8548323
1.8624516
0.69769269
0.6981728
0.79049343
1.2974702
1.2940971
0.79352899
0.6957491
0.69837126
1.3125142
0.96102984
1.3126198
0.96072978
1.2239323
1.2236222
1.312533
0.96048106
0.96067095
1.3123294
0.98827265
0.94314942
0.98848971
0.94306439
0.98279135
0.94111458
0.94133033
0.98264362
0.9882455
0.94308195
0.94306621
0.98816222
1.3071207
1.3071741
0.98852199
0.94977985
0.98851153
0.94965548
1.0081448
1.0080762
1.3071517
1.3071413
0.98853364
0.94982793
0.94967033
0.98840653
0.85381447
0.96307758
0.85330917
0.96309006
0.85383851
0.96316914
0.9631141
0.85494406
1.820817
1.8468591
1.9553465
1.956018
1.8552034
1.8620285
1.2244053
1.2243442
1.2243953
1.2240884
0.98962894
0.94880941
0.98964095
0.94886761
1.3081705
1.308215
0.98965503
0.94899777
0.94889197
0.98965473
0.85478405
0.96248331
0.96236385
0.85481632
1.1883231
1.2015803
1.958864
1.9599102
1.8700992
1.8339847
1.1998548
1.1921191
1.94938
1.9803915
1.8270023
1.8862485
0.69754166
0.70056442
0.79882509
1.2987173
1.3005127
0.79162793
0.70217256
0.69462836
1.3122407
0.96043834
1.3123225
0.96020934
1.2233906
1.2232912
1.3121492
0.95999638
0.96014784
1.3120044
0.98802058
0.94311454
0.98813745
0.94317487
0.98225863
0.94028655
0.94054102
0.98218486
0.98801612
0.94322076
0.94320589
0.98800797
1.3072839
1.3071939
0.98845599
0.94985329
0.98843787
0.94988985
1.0083986
1.0083178
1.3073389
1.3074196
0.9884577
0.94987652
0.94990722
0.98836126
0.85502074
0.96320092
0.85498296
0.96325939
0.85504664
0.96332015
0.96328957
0.85509689
1.8693554
1.8324252
1.9487558
1.9802672
1.8262902
1.8862765
1.2240979
0.98974109
0.94902357
0.98968731
0.94910404
1.308426
1.3085397
0.98974969
0.94913785
0.94911546
0.98966325
0.85491769
0.96271733
0.96264123
0.85498158
1.1906748
1.1975764
1.9862046
1.9398366
1.8887399
1.8334042
1.1971081
1.1925973
1.9416889
1.9836023
1.8418976
1.8858076
0.69398765
0.69775404
0.79446342
1.2980189
1.2978756
0.79187137
0.69688453
0.69442697
1.3120963
0.96000654
1.3120037
0.96006031
1.2235823
1.2243301
1.3121653
0.9601463
0.9601084
1.3125362
0.98812716
0.94323159
0.98803849
0.94319169
0.98239282
0.94023295
0.94031997
0.98241235
0.9881685
0.94310603
0.94318218
0.98817441
1.3075535
1.3074801
0.98811724
0.9498801
0.98833329
0.94984325
1.0086246
1.0084998
1.3076169
1.3077358
0.98805747
0.94982911
0.94984613
0.98783162
0.8551245
0.9633466
0.85512203
0.9633941
0.85512546
0.96353768
0.96343003
0.85503983
1.8881159
1.8330259
1.9393799
1.9834128
1.8409012
1.8855317
1.2241475
1.2239515
1.2242054
1.2249368
0.98941279
0.94912427
0.98962721
0.94908915
1.3087121
1.3088707
0.98935449
0.94908857
0.94907583
0.98914897
0.85503596
0.9629355
0.96280453
0.85497966
1.1883715
1.1883402
1.9468591
1.9287663
1.8313359
1.8260271
1.188419
1.1857716
1.9741689
1.9399647
1.8375201
1.8547401
0.69402526
0.69561376
0.79154073
1.3001396
1.2974115
0.81574672
0.69358105
0.71281451
1.3116121
0.96013089
1.3127001
0.9597885
1.2171641
1.2688286
1.3096454
0.95590645
0.95958623
1.316718
0.98810035
0.94311762
0.98817149
0.94316256
0.98222688
0.93789573
0.94013275
0.97888627
0.98799942
0.93621832
0.94302608
0.98438732
1.3066956
1.3077769
0.98649999
0.94986008
0.98774272
0.94968041
1.0057117
1.0088909
1.305048
1.3001395
0.98494258
0.94309276
0.94945696
0.984108
0.85408478
0.96362311
0.85501101
0.96388297
0.85381643
0.95755774
0.96383625
0.85600217
1.8333503
1.8254904
1.9768931
1.9409854
1.8394653
1.855956
1.2230396
1.2252894
0.98779297
0.94909555
0.98906304
0.94905254
1.306185
1.301288
0.98624648
0.94439228
0.94885024
0.98546464
0.85490064
0.95879892
0.96322244
0.85771967
2.6933099
0.85694702
2.8494548
0.85811278
2.6731444
0.85766205
0.85791297
0.85840414
2.6269569
0.8588943
0.85950873
0.8602834
2.9193308
0.86105079
2.8975084
0.86190012
2.6900116
2.9764038
1.1839514
1.1909678
0.85451108
0.85585929
2.9627237
1.1829711
1.1935719
0.8583532
2.7001308
2.9582813
1.1946298
1.1901339
0.8554074
0.85464509
1.1931374
1.1927987
0.85773754
2.6684297
2.9556706
1.1938236
1.1897329
0.85438184
0.85403415
1.1924116
1.192514
0.85777304
2.6292958
1.1897094
1.1895195
0.85392154
0.85378671
1.19233
1.1926356
0.85822256
1.1897381
1.1895318
0.85373379
0.8535985
1.192492
1.1927836
0.85871198
1.1897188
1.1894862
0.85350659
0.85330518
1.1926178
1.1929282
0.85925714
2.7037725
1.1896892
1.1895052
0.85318539
0.85294154
1.1928117
1.1932098
0.85999071
2.9638729
1.1898036
1.1898514
0.85279658
0.85254972
1.1931339
1.1933813
0.86075368
2.9171677
2.6183066
1.1938595
1.1902943
0.85248951
0.85253989
2.624556
1.1935429
1.1941687
0.86162076
2.8920097
2.6895842
1.1904101
1.1797245
0.85271122
0.85105791
1.1941065
1.1836513
0.86052176
1.0263345
0.79182229
1.0264019
1.2894559
1.2662696
1.2555914
1.262175
1.2968422
1.2619868
0.79223259
1.0380927
1.021997
1.0513705
1.2419428
1.2480047
1.0465127
0.56307589
0.53787935
0.52661678
0.57275304
0.41331533
1.2136382
0.7930792
0.78960639
0.43461745
1.2066922
0.97486685
0.98309096
0.97486316
0.94124359
0.95226244
0.95452019
0.95426777
0.94129092
0.95435143
0.98283056
0.97255952
0.97493641
1.0088066
0.83912183
0.82462882
0.83452428
1.0093645
0.8351921
2.1847609
1.9623666
2.9712604
1.9341357
1.3550685
1.3048031
1.3540098
1.298615
1.3545764
1.0190579
0.85546456
0.96191752
0.90503787
0.91174624
0.96309343
0.84664152
1.0168896
0.87511085
0.95125958
0.95039467
0.87584612
0.97321735
0.85720209
0.97666069
0.79660046
1.0301334
1.0298522
1.2642068
1.298752
1.2614126
0.79256056
1.0291391
1.0263528
1.2637522
1.2992384
1.2639317
1.0496135
1.2448318
1.0493584
1.2449533
0.5679166
0.5279984
0.56682384
0.52918042
0.30128161
1.226077
0.78559621
0.30364302
1.2261969
0.78603729
0.98353755
0.97518327
0.97509296
0.95424594
0.94157132
0.95437993
0.98347239
0.97487172
0.97499425
0.95462268
0.94169473
0.95452506
0.83573771
1.0094186
0.83584843
0.83594564
1.0093177
0.83592625
2.2084718
1.941568
1.978949
1.3089557
1.3543332
1.3090959
0.855005
1.0178914
0.91124796
0.96290475
0.85499957
1.0182667
0.91101452
0.96278705
0.87518566
0.95011709
0.95023195
0.87508625
0.97578075
0.85802322
0.9755821
0.79664387
1.0290355
1.0291367
1.2598722
1.2967272
1.2597647
0.79225236
1.0255092
1.0253152
1.2624533
1.2972498
1.2625453
1.0493075
1.2438361
1.0487573
1.2442597
0.56931684
0.53073961
0.56913872
0.53101029
0.29536664
1.2259441
0.78709986
0.29511513
1.2260038
0.78712555
0.98378598
0.97548001
0.97550444
0.95496577
0.94216178
0.95500121
0.98380526
0.97548454
0.97551555
0.95501656
0.94221072
0.95503371
0.83598171
1.0088349
0.83598022
0.83591314
1.0088093
0.83596725
2.2601577
1.9455689
2.9605958
2.1714583
1.9615624
1.3084056
1.3535134
1.3084708
1.3536904
0.85483689
1.0173939
0.91081238
0.96230752
0.85485892
1.0175114
0.91077858
0.96227502
0.87473352
0.94952786
0.94955836
0.87471305
0.9751126
0.85766927
0.97513811
0.79864139
1.0316701
1.0309685
1.260337
1.3006492
1.2627408
0.79455029
1.0255868
1.0279424
1.2649732
1.2990105
1.2642512
1.0511652
1.2445459
1.0496295
1.2457746
0.56781575
0.52975063
0.56770653
0.53016216
0.30068926
1.2253698
0.78652092
0.29969706
1.2255869
0.78638001
0.98348898
0.97508464
0.97520133
0.95490373
0.94223242
0.95485789
0.98356489
0.97533543
0.97529325
0.95466814
0.94220123
0.95479678
0.83571656
1.0086395
0.83568158
0.83554135
1.0086427
0.83563295
2.2537594
1.9510402
2.2115663
2.8555576
2.1644303
1.9557651
1.3083686
1.3533832
1.3534003
1.3084
1.3534168
0.85471198
1.0173552
0.91084082
0.96227382
0.8547178
1.0173411
0.91089454
0.96228038
0.87478197
0.9494822
0.94946534
0.87479601
0.97564627
0.85797475
0.97574622
0.79805462
1.0316396
1.0306507
1.2591303
1.2981373
1.2619823
0.7938624
1.023911
1.0275228
1.2648698
1.2982095
1.2639001
1.0509665
1.245046
1.0498281
1.2457068
0.56637883
0.52867664
0.56619743
0.52886797
0.30679215
1.2244602
0.7850898
0.30680296
1.2244943
0.78506852
0.98320123
0.97492267
0.97487354
0.9542764
0.94183422
0.95434886
0.98316257
0.97475109
0.97481908
0.95450214
0.94191391
0.95444732
0.83524065
1.0085074
0.83523388
0.83518193
1.0085002
0.8352239
2.31583
1.9803566
2.2768231
1.9327729
1.3083612
1.3532836
1.3533166
1.3084155
0.85462487
1.0173424
0.91094371
0.96230172
0.85463438
1.0173595
0.91092931
0.9622888
0.87491579
0.94955158
0.94953952
0.8749169
0.97649616
0.85847113
0.97659824
0.79784996
1.0280167
1.0306484
1.2605799
1.2977646
1.262132
0.7952295
1.025914
1.0282427
1.2621991
1.2990139
1.2641239
1.0509354
1.2453444
1.0507991
1.2454529
0.56779621
0.5301656
0.56820448
0.52976889
0.30889049
1.2242747
0.78513102
0.30744855
1.22446
0.78508796
0.98342273
0.97516047
0.97517383
0.95466683
0.94200632
0.95470793
0.98341545
0.97511215
0.97516571
0.9547209
0.94201678
0.9547427
0.83511053
1.0082745
0.83512832
0.83512228
1.0082605
0.83514359
2.2903687
1.9746044
1.9393771
1.3082142
1.3531506
1.3082698
0.85465353
1.0173457
0.91089504
0.96222231
0.85463757
1.0173303
0.91088812
0.96221487
0.87494079
0.94959163
0.94957596
0.87493906
0.97732445
0.85896503
0.9774342
0.79216456
1.0253534
1.0255834
1.2617787
1.2967882
1.2596676
0.79139096
1.027358
1.0249049
1.2589247
1.297172
1.2602422
1.0484881
1.2436197
1.0486626
1.2433734
0.56601646
0.5282371
0.56580552
0.52837858
0.30756446
1.2239219
0.78483071
0.30849281
1.2239048
0.78479536
0.982927
0.97460553
0.97470428
0.95443981
0.94157618
0.95435949
0.98302508
0.97487901
0.97480788
0.95417623
0.94149382
0.95428434
0.83510939
1.0080768
0.83511357
0.83509438
1.0080783
0.83511891
2.1718857
1.955781
2.9708915
2.1577714
1.9514743
1.3081476
1.3531339
1.3081684
1.3531005
0.85475582
1.0174351
0.91093606
0.96228574
0.85473789
1.0173891
0.91099147
0.96230419
0.87504082
0.94973911
0.94970514
0.87505644
0.97830554
0.85960333
0.97843522
0.79257189
1.0277714
1.026336
1.2626854
1.2984588
1.2633162
0.79628626
1.0289788
1.0294073
1.2627281
1.2995265
1.2614428
1.0491458
1.2446494
1.0497921
1.2439762
0.56643898
0.52841763
0.56612433
0.52885384
0.30942918
1.2236019
0.78428377
0.30928213
1.2235908
0.7841351
0.98239738
0.97390051
0.97402963
0.9537878
0.94089966
0.95367313
0.98250079
0.97426058
0.97416895
0.95338756
0.94077921
0.95354416
0.83520829
1.0082062
0.83523361
0.83524265
1.0082491
0.83525587
2.1828824
1.9724122
2.1622792
1.9583822
1.3083538
1.3534323
1.3533882
1.3083269
1.3532656
0.85487317
1.0176455
0.91113078
0.96255335
0.85484827
1.0175577
0.91118487
0.96258247
0.87524486
0.95003381
0.94998238
0.87526209
0.9794335
0.86038612
0.97956467
0.79409011
1.025149
1.0271917
1.2618526
1.2979173
1.2635509
0.79740106
1.0278733
1.0301823
1.2600489
1.2962131
1.261062
1.0499177
1.2453005
1.0503941
1.2449813
0.56604309
0.5286811
0.56643276
0.52823059
0.31146708
1.2234416
0.78358065
0.31138125
1.2233486
0.7835611
0.98229402
0.97380799
0.97376912
0.95305571
0.94025639
0.95309072
0.98225722
0.97368484
0.97373761
0.95316951
0.94027806
0.9531423
0.83524447
1.008435
0.83523623
0.83515244
1.0084613
0.83521712
2.1867693
1.929963
2.6128642
1.9601022
1.3086433
1.3540001
1.3539034
1.3086349
0.85503434
1.0179555
0.91119964
0.96274859
0.85501752
1.0178188
0.91116561
0.96276115
0.87541384
0.95048846
0.9504095
0.87543605
0.98056964
0.8611601
0.98073977
0.79015597
1.0266668
1.0251887
1.2618256
1.2971274
1.2620758
0.79264933
1.0272373
1.0271395
1.2622037
1.2983548
1.2611563
1.0507112
1.2462175
1.050487
1.2466288
0.56192783
0.52540773
0.56353523
0.52385202
0.33235486
1.2243746
0.78211563
0.32143012
1.2248766
0.78190236
0.98234772
0.97385415
0.97385017
0.95314409
0.94011098
0.95313523
0.9823762
0.97383918
0.97384552
0.95319617
0.94008953
0.95317172
0.83460447
1.008817
0.83441257
0.83395141
1.008962
0.83414718
2.1810318
1.9826295
1.9315178
1.3084953
1.3554005
1.3088446
0.85500854
1.0188813
0.91121328
0.9630943
0.85497961
1.0183834
0.91143976
0.96319805
0.87597014
0.95158255
0.95144798
0.87603213
0.98252951
0.86195355
0.98296956
1.1818262
1.1902267
2.1833055
1.9579683
2.2871075
1.9313476
1.8312541
1.8589871
1.5569056
1.5471849
1.827023
1.8599296
1.1961962
1.1989256
2.1690615
1.9774053
2.2223055
2.909645
1.9440596
1.8427501
1.884497
1.5511908
1.5580242
1.8396965
1.8324079
1.28166
0.69470547
1.2830137
0.59360281
0.57510965
0.57352583
0.69320381
1.2902732
1.2843178
1.0272
0.79062626
1.0256071
1.3011523
1.2658576
1.2647482
1.2629835
1.2992923
1.2617126
0.79511283
1.0317796
1.0295138
1.2816958
0.69242252
1.2806136
0.69657372
1.2822348
1.2816054
0.55017529
0.47884973
0.47653007
0.55313249
1.0505981
1.2463048
1.2468411
1.0504698
0.55109105
0.47864585
0.47795386
0.55174436
0.68345662
0.71276681
0.7077287
0.68936495
0.5617409
0.52538345
0.52419771
0.56311238
0.68388405
0.7096563
0.70840399
0.6851196
0.91889261
1.3091521
0.91880943
0.95988489
0.95390066
0.95393682
0.95360674
0.9607715
0.9537385
1.3059694
0.92408147
0.91929378
0.32760538
1.2260113
0.78402843
0.78377007
0.31609894
1.2265669
0.92007062
1.3135798
0.92056039
0.96156977
0.95336097
0.95357128
0.95373061
0.96147414
0.95366834
1.3139165
0.92086652
0.92093455
0.97968825
0.98887184
0.97920106
0.94153392
0.98356253
0.9865398
0.98856048
0.94365007
0.9879983
0.98828006
0.97488614
0.97801434
0.97480699
0.98332762
0.97477949
0.94130138
0.95416161
0.95410901
0.95416022
0.94127086
0.95412646
0.98334198
0.97480886
0.97478057
0.97979875
0.98926464
0.97978274
0.94426728
0.98829776
0.98842556
0.98863838
0.94438256
0.98856421
0.98924249
0.9796568
0.97973631
1.3545245
1.3040713
1.2978798
1.0118374
0.98411168
0.9486108
0.98721294
0.99055975
0.94980315
0.98100445
1.0104365
1.009906
0.83562048
0.83546903
0.83509236
1.0101167
0.83524591
1.3554328
1.308237
1.3085288
1.0124875
0.98813921
0.95051352
0.99071369
0.99100017
0.95061782
0.98848091
1.0105943
1.0178569
0.85411146
0.96281569
0.904334
0.91109089
0.96402309
0.8452593
1.0156683
1.2512801
1.2532833
1.0178538
0.85375457
0.96427098
0.91071107
0.91110561
0.96445333
0.85371255
1.0172498
1.2555621
1.2549649
1.3106638
0.87269504
0.94879227
0.94791725
0.87343328
0.8145589
0.81514047
1.2734805
1.190334
1.2809347
0.8734138
0.94885028
0.87349918
0.94870678
0.81486882
0.81483389
1.1943504
1.2821119
1.2828761
0.97070269
0.85486784
0.97420658
0.85598137
0.97399706
0.97449426
1.8331445
1.8622826
1.8269295
1.8610855
2.1747192
1.9810465
1.9347498
1.8438378
1.8868982
1.5577634
1.8344662
1.8374991
1.0512307
1.2421378
1.2480575
1.0465565
0.54935158
0.47805365
0.47555233
0.5525177
1.0506513
1.2469559
1.2470884
1.05097
0.5502888
0.47785946
0.47694399
0.5512603
0.562722
0.5368293
0.52552356
0.57240505
0.68293086
0.71232229
0.70728843
0.68884671
0.56180251
0.52502873
0.52356861
0.5632991
0.6836566
0.70961397
0.70825837
0.68499685
0.41717772
1.2133713
0.79257782
0.78921558
0.43663965
1.2066285
0.33002614
0.7836808
0.78336117
0.31857812
1.2265769
1.0106118
0.98500903
0.94753832
0.98593711
0.98918276
0.94869724
0.98191137
1.0092723
1.3559766
1.3089644
1.3092569
1.355375
1.0112415
0.98903719
0.94940483
0.98976157
0.98959361
0.94947565
0.98937181
1.0112072
1.2528079
1.3111058
1.3098939
1.2548084
1.0190451
0.85507911
0.96332483
0.91134948
0.91174463
0.96348737
0.8550312
1.0184371
1.2570781
1.2564863
1.3119476
0.81728537
0.8178674
1.2752887
1.1926627
1.2832441
0.87582713
0.95130313
0.87591189
0.95115367
0.81758412
0.81754351
1.1969939
1.2844212
1.2852029
0.85841553
0.97669724
0.97715474
1.1983633
1.1917615
2.2508937
1.9454613
2.2718796
2.1756501
1.9716718
1.8301578
1.8332994
1.8778326
1.865376
1.188899
1.1960681
2.166816
1.9635963
2.1716577
2.678462
1.9478015
1.8660616
1.8711185
1.5504946
1.5697185
1.8283409
1.8330118
0.6984468
1.281309
1.281174
0.56575186
0.6944597
1.2812601
1.2802993
0.56670141
1.0264142
0.79264311
1.025888
1.2979379
1.2628583
1.2631647
1.2609415
1.2974925
1.2604553
0.7970857
1.0295448
1.02969
1.2802074
0.69544777
1.2799935
0.5661596
0.56443855
0.69983343
1.2811293
1.2811505
0.55236841
0.479236
0.55204155
0.47956303
1.0491495
1.2447944
1.2443487
1.0497562
0.55255781
0.48028429
0.47989104
0.55305588
0.68940972
0.71297172
0.68849238
0.71390587
0.56879745
0.53096408
0.53041506
0.56972476
0.69058974
0.71612567
0.71557809
0.69143703
1.3136475
0.92098394
0.9210043
0.95318001
0.96164934
0.95299119
1.3137653
0.92097924
0.92106988
0.95263652
0.96165164
0.95280959
0.29644123
1.2260513
0.78696192
0.78681228
0.29587808
1.2259952
0.92116289
1.3135782
0.92128178
0.96165462
0.95234246
0.95240805
0.95253972
0.96164988
0.95246922
1.3135706
0.92143777
0.92145891
0.9892048
0.97953606
0.97956531
0.98821483
0.94404138
0.98814406
0.98920311
0.97961968
0.97960099
0.98802272
0.94400445
0.98809671
0.97528633
0.98372968
0.97536832
0.94203548
0.95494632
0.95489807
0.9547383
0.941976
0.95483826
0.98378305
0.97547616
0.97544525
0.97953495
0.98925099
0.9795256
0.94386221
0.98784816
0.98790133
0.98798835
0.9439018
0.98795714
0.98926965
0.97948463
0.97952466
1.3082312
1.353793
1.308377
0.98849125
1.0096888
0.99103973
0.95028274
0.98853894
1.0121117
0.99035815
0.95019338
1.0089963
0.83600427
0.83601865
0.83599146
1.0090702
0.83602604
1.3536298
1.307952
1.3079026
1.3532354
1.0095413
0.98845728
0.94996394
0.99025251
0.99030665
0.95001772
0.98848103
1.0093416
0.85367429
1.0166888
0.91061128
0.96387972
0.85367655
1.0170746
0.91041319
0.96378666
1.255544
1.2554385
1.0166353
0.85373605
0.96342126
0.91146135
0.91045646
0.96349965
0.85371684
1.0167197
1.2552508
1.2553467
1.3086021
0.87277065
0.94765758
0.94777105
0.8726717
0.81496333
0.81497439
1.2816733
1.1945306
1.2814208
0.87251892
0.94755119
0.87258447
0.94744772
0.81492606
0.81487138
1.1938423
1.2801141
1.2807881
0.97286079
0.85523817
0.97257761
0.85479035
0.97174171
0.97191017
1.8391418
1.8284951
1.8853811
1.8473217
1.5469332
2.1739399
1.965937
1.9508291
1.8677454
1.8709646
1.8295497
1.833938
1.0494433
1.2451154
1.0495222
1.244935
0.55166654
0.47852314
0.55155618
0.47868306
1.0491401
1.244908
1.2445264
1.0496368
0.55188768
0.4794303
0.47904795
0.55232323
0.56675427
0.52788115
0.56598113
0.52860565
0.68902816
0.71292478
0.68813096
0.71379592
0.56839455
0.52983925
0.52933089
0.56895013
0.69077802
0.71578894
0.7154427
0.69110959
0.30412929
1.2261376
0.78535618
0.30642016
1.2262279
0.78578008
0.29941751
0.78672575
0.78654567
0.2987184
1.2261
0.98939023
1.0104338
0.98969918
0.94912198
0.98944477
1.0110158
0.98946841
0.94903441
1.3541682
1.3086732
1.3086259
1.3537794
1.0102838
0.98934872
0.9487907
0.98925705
0.98940132
0.94883261
0.98937033
1.0099318
1.2570387
1.3102038
1.2569306
1.0177915
0.85496787
0.96244725
0.91083236
0.91094935
0.96250981
0.85493862
1.0175645
1.2567389
1.2568361
1.3098565
0.81767649
0.81768908
1.2834236
1.1932211
1.2831701
0.87493445
0.94999905
0.87499908
0.94989235
0.81763735
0.81758439
1.1965439
1.2824391
1.2831194
0.85781923
0.97515694
0.97522352
1.1947235
1.1876849
2.25868
1.9452052
2.2566409
2.9569807
2.1695873
1.9616465
1.8252675
1.834385
1.8686713
1.8667826
1.1889148
1.1961364
2.171896
1.9619022
2.1679441
1.9541145
1.8695538
1.8675406
1.5542809
1.5708591
1.8287031
1.8372232
0.69967731
1.2807837
1.280793
0.56331149
0.69546499
1.2798088
1.2796482
0.56503059
1.0252394
0.7928071
1.0259796
1.2982239
1.2630211
1.263275
1.2597481
1.2978352
1.2605663
0.79711805
1.0292675
1.0297268
1.279621
0.6960073
1.2798857
0.56362897
0.70007205
1.2809429
1.2810726
0.5529067
0.4800384
0.55257302
0.4802469
1.0486981
1.2442568
1.243758
1.0493072
0.55242333
0.48021573
0.4799599
0.55278202
0.69123946
0.71631424
0.69104661
0.71640975
0.56959
0.53061522
0.53067291
0.56944896
0.69157547
0.71603664
0.7163003
0.6913116
1.3135977
0.92197159
0.92192195
0.95233894
0.9616986
0.9523427
1.3136285
0.92166538
0.92188569
0.95232546
0.96172353
0.95233994
0.29669701
1.2258862
0.78695455
0.78702244
0.29752144
1.2258053
0.92219491
1.3136669
0.92233744
0.9618272
0.95243882
0.95244073
0.95236617
0.96180204
0.9524119
1.3136745
0.92245338
0.92251035
0.98920277
0.97940185
0.97943376
0.98782507
0.94379953
0.98780011
0.98923384
0.97947336
0.97946683
0.9877427
0.94379383
0.98778827
0.9754748
0.9837245
0.97545856
0.94228674
0.95496266
0.95499616
0.95502444
0.94228728
0.955026
0.98370984
0.97540008
0.97544796
0.9793977
0.98914159
0.97938685
0.94372983
0.98766272
0.98769266
0.98773327
0.94375287
0.98772535
0.98913387
0.97935143
0.97938751
1.3076716
1.3529444
1.3077468
0.98853207
1.0089355
0.99060544
0.94991751
0.98852947
1.0109688
0.99009189
0.94989864
1.0086943
0.83577472
0.8358282
0.83589787
1.008726
0.83588029
1.3529092
1.3075816
1.3075852
1.3527862
1.008763
0.9886916
0.94967392
0.98852056
0.99001178
0.94974749
0.98873834
1.0089187
0.85407211
1.0180456
0.91144974
0.96331754
0.85404483
1.0167587
0.91134995
0.96330033
1.2549278
1.2548955
1.0180134
0.85394079
0.9631783
0.91139584
0.91135158
0.96322888
0.85354297
1.0164357
1.2548501
1.2548735
1.3080037
0.87230307
0.94703988
0.94707678
0.87227741
0.81457682
0.81460844
1.2803239
1.1938129
1.2802571
0.87225799
0.94700684
0.87225923
0.94697428
0.81453921
0.81449983
1.1933823
1.2794725
1.2800461
0.97134644
0.85430036
0.97123367
0.85410605
0.9709152
0.97097938
1.8251282
1.835919
1.868163
1.868738
1.5521797
2.1739133
1.9602265
2.6612271
1.9543448
1.8712364
1.8662642
1.8284486
1.8387016
1.0495901
1.244236
1.048935
1.244748
0.55259256
0.4794836
0.55213382
0.47981047
1.0488563
1.2445725
1.2441498
1.0493719
0.552034
0.47967572
0.47947629
0.55231681
0.56966283
0.53025533
0.56943294
0.53056734
0.69181315
0.71646953
0.691687
0.71660152
0.56909836
0.52999649
0.52999376
0.56836856
0.69165287
0.71624501
0.71647517
0.69138425
0.29696341
1.226225
0.78704893
0.29702591
0.78714055
0.2976659
1.2262924
0.78713728
0.78717712
0.29837463
0.98943667
1.0097073
0.9892287
0.94870966
0.98943013
1.0098564
0.98919182
0.94869892
1.3534932
1.3083685
1.3083944
1.3534317
1.0096933
0.98957424
0.9487435
0.98924146
0.9891966
0.94872066
0.98964391
1.0096799
1.2564298
1.2564004
1.0173664
0.85477146
0.96224478
0.91081753
0.9107738
0.96223669
0.85475073
1.017337
1.2563623
1.2563826
1.3092314
0.81734498
0.81736656
1.282111
1.192581
1.2820504
0.87470871
0.94949156
0.87470166
0.94946424
0.81731886
0.81729598
1.1961774
1.2818977
1.2824553
0.85776517
0.97538029
0.97530793
1.1997134
1.1890078
2.2526536
1.9475378
2.2123426
2.8538334
1.9553149
1.8271527
1.8435393
1.5734462
1.8643997
1.8732929
1.191087
1.1906384
2.1790273
1.9340097
2.2874133
1.943984
1.8346355
1.8369902
1.570333
1.5497207
1.8548396
1.8741375
0.70205073
1.2834025
1.2827516
0.56637244
0.69752005
1.2800178
1.2810832
0.57044276
1.0296149
0.79295361
1.0266209
1.2950667
1.2574274
1.2583227
1.2628745
1.2971172
1.261115
0.78891175
1.022058
1.023118
1.2829167
0.6980627
1.2812752
0.56621533
0.69356976
1.277829
1.2788087
0.55406691
0.48058712
0.5530531
0.48124003
1.0496657
1.2432095
1.2447988
1.0478177
0.55139782
0.47732056
0.4787511
0.54969184
0.68983424
0.7149227
0.69016694
0.71453553
0.56786817
0.52927741
0.52977351
0.56682091
0.68839399
0.7119058
0.71305647
0.68737803
1.3134456
0.922412
0.92256156
0.95246908
0.96188374
0.9524728
1.3135977
0.92260323
0.92269667
0.95234913
0.96188156
0.95243352
0.30373594
1.2249149
0.78552481
0.78576885
0.30496818
1.2247761
0.9224367
1.3131944
0.92240642
0.96168679
0.95208907
0.95216457
0.95229457
0.96174584
0.9522345
1.3131539
0.92223605
0.92242713
0.98899499
0.97928833
0.97932031
0.98766396
0.9437162
0.98766218
0.9890441
0.97934734
0.97934835
0.98763958
0.94372388
0.98767064
0.97497903
0.98322623
0.97487031
0.94182683
0.95427139
0.95431774
0.95454973
0.94192624
0.95443074
0.98316691
0.97475129
0.97479877
0.97927873
0.98885071
0.97925802
0.94365979
0.98756835
0.98759993
0.98763909
0.94369006
0.98763416
0.98882083
0.97920902
0.97924819
1.3075078
1.3526716
1.3075562
0.98875822
1.0088273
0.99039655
0.94993918
0.98874547
1.0106793
0.9900926
0.94993929
1.0085699
0.8352922
0.83535653
0.83548846
1.0086016
0.8354314
1.3526703
1.3075104
1.3075372
1.3526225
1.0088271
0.98883686
0.94972015
0.9886567
0.99009804
0.94992073
0.98887062
1.0090171
0.85342765
1.0163744
0.91141198
0.96320576
0.85343503
1.0164031
0.91142413
0.96321297
1.254832
1.3078806
1.3078756
1.2548418
1.0163798
0.85341204
0.96297368
0.91001773
0.9114405
0.96318304
0.85336737
1.0160309
1.2548679
1.25486
1.3079028
0.87228805
0.94691062
0.94690255
0.87229556
0.81442126
0.8144127
1.2794069
1.1933365
1.2799284
0.87232611
0.94691633
0.87230502
0.94691401
0.81442081
0.81441864
1.189722
1.2793889
1.2793949
0.97075302
0.85391927
0.97070605
0.85381344
0.97052306
0.97056036
1.8297879
1.8453359
1.86415
1.8743457
1.5583747
2.1790008
1.9365081
1.9462656
1.8359952
1.8386113
1.8565444
1.8749486
1.0514935
1.2450098
1.0498549
1.2463121
0.55392721
0.48021443
0.55276794
0.48099909
1.0502339
1.2439543
1.245566
1.0483617
0.55149903
0.47728759
0.47873616
0.54977167
0.56763188
0.52939066
0.56745576
0.52988376
0.68980636
0.71512357
0.69011886
0.71474714
0.56709597
0.52922109
0.52981128
0.56658194
0.68867141
0.71303135
0.71345609
0.68823653
0.30217848
0.78680715
0.30094244
0.78669703
0.30582048
0.78593927
0.78614034
0.30705317
0.98979809
1.0097112
0.98926153
0.94880857
0.9897851
1.0096896
0.98931352
0.94882784
1.3533965
1.3084084
1.3084477
1.353382
1.0097278
0.98991463
0.94888935
0.98934579
0.98932788
0.94887664
0.98996024
1.009732
1.2563511
1.2563644
1.0173554
0.85468626
0.96230879
0.91093666
0.91090251
0.96229984
0.854673
1.0173589
1.2563956
1.2563848
1.3091976
0.81733063
0.81731162
1.2818614
1.1925528
1.2818755
0.87483793
0.94948547
0.87481156
0.94948961
0.81734037
0.81734642
1.1962724
1.2819236
1.2824454
0.85818968
0.97618804
0.97608424
1.1921594
1.1873365
2.3158934
1.9818028
2.9135329
1.9325161
1.8407559
1.8385017
1.5671296
1.8367103
1.8625001
1.5539384
1.1894081
1.1980028
2.1816537
1.9848103
2.1908978
2.1938771
1.9276308
1.8434367
1.8871363
1.5537413
1.5578799
1.828221
1.8376638
0.70200448
1.2823817
1.2823954
0.56571933
0.69841605
1.2789623
1.2811202
0.56761325
1.028812
0.79289248
1.0262341
1.2966027
1.2612866
1.2611284
1.2625204
1.2984311
1.2608734
0.79391289
1.027371
1.0271184
1.2812999
0.6961885
1.2801456
0.56434537
0.69742535
1.2803989
1.2803019
0.55235105
0.47806994
0.55081539
0.47928522
1.0489131
1.2436871
1.2434278
1.0490206
0.55182072
0.47863533
0.47901725
0.55139067
0.68738019
0.71166113
0.68710875
0.71191667
0.56695272
0.52978641
0.52930386
0.567383
0.68810369
0.71285152
0.7126804
0.6882811
1.3129537
0.9222457
0.92229743
0.95208422
0.96165087
0.95210025
1.3130032
0.92228969
0.92236684
0.95209852
0.96166732
0.95211281
0.305661
1.2246704
0.78527336
0.7852783
0.30554777
1.2247013
0.92236043
1.313059
0.92240628
0.96158379
0.95204711
0.95209729
0.95211283
0.96162436
0.95211662
1.3130996
0.9223315
0.92249073
0.98879977
0.97918052
0.97920082
0.98756854
0.94362366
0.987563
0.9887961
0.97920966
0.97921845
0.98752628
0.94362
0.98756532
0.97498543
0.98331732
0.97502636
0.94201297
0.95464884
0.95462649
0.95457045
0.94202694
0.95461731
0.98334801
0.97508968
0.9750688
0.97918235
0.98882799
0.9791681
0.94349662
0.98740243
0.98745107
0.98751679
0.94354402
0.98750008
0.9888357
0.97911201
0.97915849
1.3074284
1.3525031
1.3525374
1.3074877
0.98882641
1.0087432
0.9903842
0.94992911
0.98885546
1.0106402
0.99004898
0.94993556
1.0083748
0.83512891
0.8351529
0.83518146
1.0084208
0.83517996
1.352496
1.3073845
1.3074009
1.3524467
1.0087305
0.98878376
0.94988109
0.99007904
0.99004721
0.94990753
0.9887889
1.0088119
0.85333054
1.0163845
0.91125438
0.96315926
0.85335011
1.0163084
0.91145291
0.96318256
1.2548723
1.3078612
1.3078699
1.2548713
1.0164675
0.85373681
0.96314012
0.9114044
0.91144771
0.96316621
0.85373779
1.0164506
1.2548512
1.2548714
1.3079052
0.87238857
0.94693222
0.94692264
0.87238865
0.81441871
0.81440766
1.2794149
1.1933701
1.2799497
0.87239532
0.94693584
0.87238722
0.94692974
0.81441728
0.81441385
1.1897427
1.2794116
1.2794212
0.97040831
0.85373791
0.97036137
0.85363227
0.97014026
0.97019877
1.8395342
1.8385092
1.8372589
1.8625556
1.5529517
2.1828667
1.9853473
2.1926364
1.9301685
1.8437326
1.8872214
1.5534046
1.8295613
1.8387277
1.0510375
1.2454687
1.0500232
1.2460264
0.55199513
0.47773582
0.5505576
0.47886088
1.0490213
1.2441021
1.2438011
1.0491771
0.55147866
0.47826768
0.4786056
0.55110658
0.56605485
0.5283971
0.56602242
0.52840527
0.68844442
0.71287277
0.68799963
0.71319084
0.56697187
0.52976842
0.529175
0.56752887
0.68925829
0.71432267
0.71406852
0.68959833
0.30782327
1.2249749
0.78561219
0.30815883
0.78559684
0.30625246
0.78555268
0.78555726
0.30601971
0.98993054
1.0096759
0.98934326
0.94888793
0.98996882
1.0097264
0.98931306
0.94887901
1.3532784
1.3083161
1.3083333
1.3532319
1.009662
0.98988293
0.94883347
0.98924828
0.98929761
0.94884295
0.98988514
1.0095971
1.2564096
1.2564082
1.0173319
0.85460778
0.96224448
0.91089603
0.91091352
0.96224962
0.85460791
1.0173249
1.2564009
1.256409
1.3091711
0.8174204
0.81740531
1.2819464
1.1927181
1.2819675
0.87492661
0.94954749
0.87491687
0.94954384
0.81742376
0.81742413
1.1964286
1.2820068
1.2825337
0.85868171
0.97700065
0.97690331
1.1911884
1.189936
2.2938432
1.9736712
1.9378871
1.8388921
1.854382
1.5750357
1.8325635
1.8765543
1.5649824
1.1899103
1.1928725
2.1878643
1.9310887
2.2801518
1.9674188
1.8816082
1.8332603
1.5515255
1.5787454
1.8375827
1.8360531
0.70108305
1.280556
1.2815717
0.69885964
1.2800354
1.2809136
0.56521926
1.0263488
0.7963525
1.0291858
1.2999498
1.2638154
1.2653478
1.2612209
1.2989394
1.2630295
0.79999773
1.0306128
1.0322766
1.2798582
0.69885595
1.2808767
0.56525649
0.70253342
1.2821325
1.2820952
0.55221497
0.479003
0.55208636
0.47917447
1.050191
1.2455014
1.2447606
1.0511201
0.55192556
0.47947305
0.47918407
0.55241981
0.68775803
0.71244436
0.68794582
0.71221804
0.56578204
0.52836792
0.52833076
0.5657149
0.68743824
0.71223515
0.71222793
0.68746001
1.3129398
0.92219519
0.9223131
0.95204168
0.96149431
0.95202784
1.3130224
0.92238936
0.92243861
0.95193447
0.96146558
0.95199455
0.31171376
1.223882
0.7849592
0.78499018
0.3115997
1.2237951
0.92223089
1.3127978
0.92215929
0.96123584
0.95162021
0.95176395
0.95190845
0.96132021
0.95185777
1.3127364
0.92180654
0.92210375
0.98880934
0.97901288
0.97905551
0.98738558
0.94340879
0.98736334
0.98882732
0.9791006
0.97909358
0.98729501
0.94339071
0.98734919
0.97515398
0.98336422
0.97511718
0.94186625
0.95453996
0.95461739
0.95471584
0.94194198
0.95468949
0.98330768
0.97498118
0.97506949
0.97899041
0.98872244
0.97894717
0.94323319
0.98710949
0.98717636
0.98727177
0.94328731
0.98724083
0.98867032
0.9788136
0.97890259
1.3072855
1.3523562
1.3523875
1.3073443
1.3524295
0.98865961
1.0085806
0.99043973
0.94986496
0.98870631
1.0104924
0.98992313
0.94984146
1.0081521
0.83513083
0.83514968
0.83514258
1.0081885
0.83516336
1.3523463
1.3072228
1.3072287
1.3522826
1.0085677
0.98857434
0.94979427
0.98997517
0.98992068
0.94981293
0.98856726
1.0086729
0.85330426
1.0163444
0.91141112
0.96310346
0.8532984
1.016359
0.91137573
0.96310389
1.2548295
1.3078186
1.3078219
1.2548242
1.0164229
0.85369536
0.96308039
0.91136524
0.9113697
0.96310274
0.8533755
1.0163621
1.2548016
1.2548217
1.3078591
0.87238298
0.94692071
0.9469142
0.87237186
0.81441
0.81440021
1.2794216
1.1933417
1.2799511
0.87236553
0.94692216
0.87236231
0.94691548
0.8144064
0.81440041
1.1896969
1.2794078
1.2794154
0.96991575
0.85349511
0.96983114
0.85334948
0.96948023
0.96957024
1.8403711
1.8543996
1.8333754
1.8767766
1.5641791
2.1873667
1.9318981
2.1796256
1.9689094
1.8820067
1.8339523
1.5512522
1.8376872
1.8360516
1.0512239
1.2458747
1.0510812
1.2459881
0.55211266
0.47877326
0.5519686
0.47894245
1.0502874
1.2458376
1.2451317
1.0511696
0.55160622
0.47896943
0.47875423
0.55203044
0.56805515
0.53021072
0.56848688
0.52974081
0.68900805
0.71406424
0.68938859
0.71371829
0.56657037
0.52808203
0.52834372
0.56641038
0.68794768
0.71274622
0.71279722
0.68789503
0.30881114
1.224788
0.78544098
0.30750901
0.78538415
0.31129094
0.78512803
0.78517171
0.31120451
1.2243203
0.98974962
1.0095175
0.98923186
0.94879365
0.98980429
1.009577
0.98919444
0.94878336
1.353145
1.3081611
1.3081749
1.0095141
0.98968323
0.94878999
0.98920224
0.98919007
0.94877987
0.98968536
1.0095118
1.25637
1.3091597
1.3091545
1.2563713
1.017348
0.85468622
0.96223714
0.91091758
0.91088403
0.96222077
0.85469399
1.0173744
1.2563814
1.2563797
1.3091722
0.81750299
0.8174831
1.2820185
1.1928404
1.2820395
0.87495658
0.94959365
0.87494074
0.94959865
0.81751196
0.81751873
1.1965627
1.2821073
1.2826224
0.85920765
0.97790407
0.97778083
1.1943478
1.1939071
2.1715679
1.956284
1.9516067
1.8621927
1.8258055
1.5650174
1.8627724
1.85592
1.5421519
1.1860398
1.189218
2.1531432
1.9465385
2.7246708
2.1896627
1.9245417
1.8565553
1.8562629
1.8253709
1.8639844
0.6968638
1.2797883
1.2797087
0.56267813
0.6958485
1.281047
1.2797262
1.0237978
0.79030427
1.0236025
1.2948757
1.2608045
1.2597024
1.2582327
1.2942787
1.2580979
0.79256538
1.0265168
1.0256288
1.2792737
0.69543736
1.2792837
0.56459877
0.56129413
0.69751053
1.2809424
1.2802212
0.55039701
0.47786122
0.55047128
0.47764808
1.0486437
1.2441839
1.2436818
1.0491338
0.55026497
0.47801006
0.47751593
0.55080826
0.68795904
0.71275523
0.68795
0.71282033
0.56561324
0.52756885
0.52779419
0.56546189
0.68738378
0.71219903
0.71213151
0.68741945
1.3125525
0.92131124
0.92148747
0.95151358
0.96092854
0.95140393
1.3126127
0.92174772
0.92169716
0.95118059
0.96083475
0.95129239
0.30743451
1.2238623
0.78453537
0.7845829
0.30810421
1.2237405
0.92131519
1.3125013
0.92122725
0.96055821
0.95089372
0.95100145
0.95113089
0.96062447
0.95107984
1.3124477
0.92084758
0.921155
0.98834327
0.97858439
0.97863879
0.98707317
0.94311965
0.98703631
0.98842676
0.97875581
0.97870691
0.98697208
0.94310307
0.9870169
0.974547
0.98274603
0.9744896
0.94119671
0.95389886
0.95397873
0.95411443
0.94127758
0.95405971
0.98271106
0.97436225
0.97444302
0.97857107
0.98821962
0.9785602
0.94307826
0.98697378
0.98697386
0.98697242
0.94307885
0.98698177
0.98820925
0.9785433
0.97856741
1.3071633
1.352264
1.352272
1.3071994
1.3522776
0.98847629
1.0085456
0.99034879
0.94980644
0.98850242
1.0103711
0.98988558
0.94979463
1.00812
0.83520119
0.83518158
0.83512118
1.0081044
0.8351627
1.3522785
1.3071642
1.3071899
1.3523021
1.0085655
0.98844833
0.94983278
0.99046625
0.9899014
0.94981157
0.98844366
1.0106404
0.85375141
1.0179069
0.91137871
0.96309148
0.85337075
1.0163758
0.91131435
0.96311485
1.2548196
1.3078749
1.2548272
1.0179614
0.85391512
0.96316412
0.91137579
0.91133774
0.96315659
0.85486113
1.0179664
1.2548325
1.2548378
0.87236135
0.94693552
0.94692073
0.87235652
0.81440572
0.81439208
1.2794398
1.1933223
1.2799808
0.87236551
0.94694633
0.87235409
0.94695052
0.81440589
0.81440432
1.1897063
1.2794944
1.2794855
0.96918257
0.85316626
0.96908354
0.85299466
0.96864749
0.9687569
1.8615803
1.8251277
1.564813
1.8623594
1.8563622
2.1540676
1.947498
1.9240279
1.8574116
1.8572453
1.5674609
1.5609535
1.8257606
1.8643168
1.0484932
1.2439646
1.0486983
1.2436835
0.54991843
0.47725789
0.54999821
0.47703922
1.0489721
1.2448956
1.2442597
1.0496357
0.55005599
0.47778043
0.47715575
0.55075193
0.56593757
0.52775035
0.56629228
0.52798996
0.68830295
0.71307456
0.68819612
0.71320317
0.56634902
0.52770618
0.52768798
0.5663687
0.6883296
0.71323249
0.71327057
0.68831718
0.30784687
1.2244023
0.78501083
0.30859118
1.2243944
0.7850005
0.30840172
0.78493269
0.78495955
0.30921569
1.2241936
0.98964778
1.0095959
0.98921346
0.94882022
0.98966652
1.0095253
0.98927675
0.94883706
1.3531633
1.3081869
1.353189
1.3082259
1.3532329
1.009635
0.98966421
0.94895682
0.98941279
0.98930582
0.94891901
0.9896843
1.0097565
1.2564752
1.3092981
1.3092681
1.2565037
1.0174509
0.85479068
0.96243854
0.91109978
0.91100868
0.96239401
0.85479884
1.0175264
1.2565529
1.2565339
1.3093483
0.81767116
0.81763768
1.2821721
1.1930535
1.282214
0.87510713
0.94975962
0.87507505
0.94978332
0.81769213
0.81771031
1.1968317
1.2823622
1.2828588
0.85991995
0.97901493
0.97886812
1.1890067
1.1994739
2.1820158
1.9715515
1.9609912
1.8758028
1.8723765
1.5523462
1.8314698
1.8365894
1.1960847
1.1932034
2.2897652
1.9643858
2.9573891
1.9428916
1.8342946
1.8345601
1.5779117
1.8519422
1.8798873
0.69616698
1.2811558
1.280541
0.56652641
0.70013808
1.281757
1.2816281
1.0316043
0.79913818
1.03197
1.2987222
1.2605843
1.2618462
1.2651812
1.3010716
1.2655756
0.79414996
1.0254557
1.0274676
1.2827031
0.70234317
1.2827247
0.56375477
0.56941947
0.69731298
1.2797982
1.2808604
0.55145487
0.47887952
0.55164309
0.47880589
1.0511931
1.244901
1.2457521
1.0500421
0.55282838
0.47896176
0.4796554
0.55187569
0.68829711
0.71303827
0.68827809
0.7129883
0.56725231
0.5295337
0.52987362
0.56706617
0.68805024
0.71169216
0.71257025
0.68756161
1.3123371
0.92033878
0.92061713
0.95084985
0.96038174
0.95081004
1.312363
0.92081376
0.92081948
0.95061552
0.96031032
0.95073526
0.31085014
1.2232987
0.78372142
0.78382855
0.31116017
1.2232916
0.92018467
1.3120734
0.91999281
0.96004011
0.95041878
0.95044903
0.95054193
0.96009772
0.95048776
1.3120668
0.91960785
0.91990454
0.9880636
0.97853262
0.97854284
0.98700427
0.94313928
0.98702999
0.98811625
0.97855097
0.97856023
0.98707202
0.9431701
0.98706633
0.97382271
0.98221729
0.97375349
0.94035026
0.9530682
0.95311225
0.95329023
0.94045323
0.95320491
0.9821986
0.97368306
0.97371325
0.97855201
0.9880081
0.97856165
0.94322886
0.98715018
0.98714461
0.9871097
0.94323082
0.98714155
0.98801678
0.97857238
0.97858051
1.3072792
1.3524649
1.3524289
1.3072627
0.98847682
1.0108401
0.99049998
0.94987476
0.98847863
1.0107021
0.99057139
0.94990137
1.0083787
0.83527136
0.8352863
0.83526472
1.0083615
0.83529032
1.3525103
1.3073744
1.3074405
1.0108994
0.9884412
0.94990064
0.99057861
0.99059738
0.9499193
0.98843365
1.011026
0.85501868
1.0180633
0.91139345
0.96322677
0.85501309
1.0180055
0.91140483
0.96326067
1.254916
1.2549488
1.0180981
0.85506937
0.96331943
0.91138565
0.91141443
0.96331859
0.85509696
1.0181853
1.2550019
1.2549775
0.87240536
0.94707569
0.94703881
0.87240749
0.81450177
0.81446218
1.2802482
1.1933898
1.2801955
0.87242641
0.9471104
0.87241051
0.94714355
0.81452594
0.81454796
1.1934453
1.2798653
1.2803236
0.96832669
0.85276925
0.96822084
0.85261693
0.96781857
0.96790982
1.8767968
1.8722961
1.8298327
1.8362797
2.2921876
1.9678795
1.9457346
1.8341114
1.8367179
1.5774807
1.5530004
1.8539417
1.8802966
1.0493813
1.2452475
1.050197
1.2444576
0.55133396
0.47871327
0.55165016
0.47854504
1.0513672
1.2454366
1.2462001
1.0503197
0.55262673
0.4787143
0.47934153
0.5517521
0.56741872
0.52879755
0.56715972
0.52912736
0.68857294
0.71325584
0.68851849
0.71324941
0.56832075
0.52984564
0.53011633
0.56820287
0.68886566
0.71331383
0.71330385
0.68891602
0.3104455
1.2241418
0.7847154
0.31041217
1.2240979
0.78458867
0.31134456
0.78429501
0.78435266
0.31148692
1.2239195
0.9897531
1.0100148
0.98945332
0.94905026
0.98974426
1.0098171
0.98956707
0.94907506
1.3534829
1.3084645
1.3085338
1.3536592
1.0100714
0.9897378
0.94913112
0.98961877
0.98958839
0.94912111
0.98973531
1.0102158
1.2567298
1.3095906
1.3095343
1.2567753
1.0176714
0.8549355
0.96269048
0.9112001
0.91118682
0.96266085
0.85495487
1.0177758
1.2568457
1.3096342
1.2568142
0.81794668
0.81789634
1.2824875
1.1933867
1.2825498
0.87530636
0.95007066
0.87527878
0.9501121
0.81798022
0.81800072
1.1936047
1.2828293
1.2833992
0.86066623
0.98011427
0.97996997
1.1880015
1.1891532
2.1864677
1.9324908
2.17831
1.9613619
1.8328468
1.8798118
1.557848
1.8338248
1.843606
1.1899152
1.1885094
2.2839305
1.9700009
2.1911894
2.8319755
1.9385547
1.8503491
1.8371993
1.5752281
1.5619358
1.833067
1.8776019
0.69686143
1.2793134
1.2800786
0.56568209
0.70015557
1.2805556
1.2811231
1.0278384
0.7976325
1.0307059
1.2973578
1.2610021
1.2623414
1.2620407
1.2985516
1.2642581
0.79487825
1.0259484
1.0282863
1.280278
0.6999501
1.2812967
0.69743585
1.2799234
1.2806843
0.55110829
0.47834313
0.55151162
0.47802977
1.0512371
1.2464941
1.2463131
1.0513042
0.55171046
0.47804758
0.47826769
0.55156591
0.68683646
0.71129209
0.68706964
0.71110125
0.56539358
0.52719115
0.52761438
0.56507277
0.68671635
0.71095147
0.71120329
0.68650001
1.3120706
0.91928273
0.91941127
0.9504712
0.96002345
0.9505567
1.3120426
0.91955487
0.91954952
0.95077253
0.96004854
0.95066052
0.31303262
1.2237289
0.78329793
0.78350039
0.31363103
1.2239945
0.91932215
1.3122525
0.91932478
0.96016316
0.95157631
0.9513758
0.95095636
0.96015305
0.95116301
1.3124125
0.91931815
0.91942625
0.98810507
0.97862259
0.9786243
0.98717945
0.94322828
0.98719974
0.98808392
0.9785974
0.97862461
0.98721791
0.94322548
0.98722675
0.97386844
0.98242335
0.97389843
0.94029086
0.95319576
0.95323439
0.95322883
0.9403337
0.9532607
0.98243782
0.97387742
0.97390967
0.97863915
0.98818722
0.97863769
0.94313522
0.98723188
0.98723686
0.98723684
0.94316966
0.98725023
0.9882016
0.97860421
0.97863835
1.3075513
1.3530178
1.3075445
0.98821383
1.0112295
0.9905873
0.94987599
0.98829849
1.0110889
0.99055424
0.94987688
1.0085713
0.83479031
0.8349373
0.83510898
1.0085415
0.83505012
1.3531452
1.307666
1.3077468
1.0113146
0.98799097
0.9498377
0.99049607
0.99055346
0.94985264
0.98794197
1.0116053
0.85513913
1.0183386
0.91138514
0.96336658
0.8551436
1.01823
0.91134564
0.9633961
1.2551702
1.2552123
1.0184
0.85511103
0.96349796
0.91135085
0.91134576
0.96347292
0.85509226
1.0186202
1.2553102
1.2552573
1.3090355
0.8724965
0.94745896
0.94738361
0.8725158
0.81473364
0.81470619
1.2806602
1.1939502
1.2807847
0.87259583
0.94753673
0.87254432
0.94762038
0.81473475
0.81471621
1.193839
1.2808992
1.2812141
0.96761919
0.85247422
0.96757587
0.85251524
0.96774657
0.96763514
1.8316253
1.8800819
1.8332813
1.8438379
1.5761027
2.2858622
1.9703718
1.9379525
1.8505688
1.8372146
1.5616761
1.8322392
1.8777603
1.0502432
1.245871
1.0507178
1.2455504
0.55105
0.47817983
0.5514562
0.47784421
1.0514503
1.2469127
1.2467846
1.0514482
0.55151785
0.47771734
0.47798923
0.55129486
0.56712139
0.52906537
0.56767719
0.52831502
0.68845705
0.71312703
0.68871014
0.71292962
0.56612444
0.5269548
0.52722433
0.56574335
0.68748837
0.71160064
0.7120367
0.6870573
0.31172715
1.2240905
0.78427203
0.31153262
1.2240089
0.78425028
0.31366989
0.78382589
0.78405323
0.31430307
1.2246007
0.98950978
1.0104216
0.98961366
0.94910929
0.98959573
1.0102637
0.98957417
0.9490942
1.3541286
1.3087643
1.3088512
1.3547045
1.0104946
0.98929171
0.94907334
0.98952258
0.98955731
0.94906721
0.98925147
1.0107933
1.2570284
1.310198
1.310077
1.2570715
1.0180053
0.85501717
0.96287594
0.91116938
0.91114751
0.96282951
0.85499468
1.0182482
1.2571686
1.2571171
1.3105057
0.81828106
0.81824667
1.2830986
1.1938125
1.2832336
0.87551936
0.95055864
0.87546675
0.95064128
0.81828854
0.81827937
1.1977357
1.2839706
1.2842762
0.86153364
0.98159946
0.98136185
1.1889281
1.196931
2.1798891
1.9806184
2.2444083
2.2049446
1.9317296
1.883254
1.83868
1.8275129
1.8393722
1.1835077
1.1913605
2.1845275
1.9597823
2.2994702
2.9693465
1.9317594
1.8347208
1.8598687
1.5577498
1.5498532
1.8281366
1.8605315
0.69235398
1.2810032
1.27994
0.56732746
0.69503731
1.2803643
1.2804287
0.56738028
1.0267464
0.79202654
1.0266947
1.2903132
1.2665823
1.2561188
1.2627179
1.2974155
1.262309
0.79259522
1.0383954
1.0224704
1.2811419
0.69461349
1.2825794
0.59251975
0.57197808
0.69329076
1.2899586
1.2840381
0.549991
0.47678662
0.55025148
0.47640346
1.0510197
1.2413577
1.2473436
1.0462319
0.54923924
0.47776711
0.47539509
0.55224245
0.68297133
0.70872222
0.68426244
0.70750472
0.56231439
0.53637366
0.52528461
0.5715641
0.68234595
0.7118412
0.70678161
0.68823556
1.312443
0.91849895
0.9190602
0.9518108
0.96007319
0.95201318
1.312765
0.91941413
0.91944562
0.9521467
0.9599552
0.95210014
0.42489558
1.2110387
0.79145804
0.78840549
0.4380788
1.2052344
0.91756635
1.3081111
0.91767312
0.95827795
0.95222351
0.95243447
0.95211017
0.95925279
0.95234125
1.3050968
0.92268236
0.91807248
0.988159
0.97854151
0.97859591
0.98726647
0.94313841
0.98731128
0.98817948
0.9786045
0.97861352
0.98737867
0.9431786
0.98737775
0.97391086
0.9820034
0.97385647
0.93999036
0.95115205
0.95346526
0.95331727
0.94010822
0.95335437
0.98168832
0.97147549
0.97388437
0.97840207
0.98763566
0.97786594
0.94014788
0.98220189
0.98518609
0.98727134
0.94228843
0.98665925
0.98705469
0.97354621
0.97668376
1.3073781
1.3543958
1.3077346
0.98714836
1.0094488
0.99049436
0.94988629
0.98757873
1.0117223
0.9895639
0.94988193
1.0075105
0.83795097
0.82341617
0.8333808
1.008087
0.83401686
1.3534607
1.3030747
1.2968623
1.3529303
1.0086201
0.982968
0.94736003
0.98405266
0.98902064
0.94876997
0.97983124
1.007224
0.85401281
1.0192636
0.91140071
0.96372193
0.85493413
1.0187466
0.91161056
0.96384196
1.2551403
1.2545197
1.0192276
0.85420115
0.96182939
0.90326809
0.91156499
0.96326587
0.84494029
1.0151013
1.2508176
1.2528311
1.3081296
0.87305126
0.94854004
0.94840327
0.87311718
0.81449836
0.81446404
1.2817753
1.1937716
1.2825231
0.87229059
0.94848247
0.87303017
0.94761345
0.8141836
0.81477411
1.1893889
1.2725423
1.2805127
0.96852292
0.852749
0.96897572
0.85146119
0.9646665
0.96832316
1.8849632
1.8395534
1.8274368
1.8394483
1.5539731
2.1855183
1.9611611
1.9329267
1.835442
1.8601026
1.8285436
1.8617376
1.0509344
1.2466865
1.0506884
1.247104
0.5497676
0.47647089
0.55000491
0.47610954
1.0512021
1.2418849
1.2477957
1.0465178
0.54902415
0.47759663
0.47513309
0.55213772
0.5617503
0.52496854
0.56336434
0.52362606
0.68356021
0.70938718
0.68481032
0.70819557
0.56194894
0.53682621
0.52551234
0.57179381
0.68302598
0.71253248
0.70751504
0.688837
0.3328893
1.2249895
0.78262583
0.32199981
1.2254879
0.782407
0.42610878
0.79194266
0.7889526
0.43831504
1.205883
0.98849858
1.0106916
0.98949878
0.94910671
0.98891941
1.0108994
0.98911377
0.94910794
1.3544713
1.3042185
1.298015
1.3539548
1.0100184
0.98429388
0.94737558
0.98544479
0.98866242
0.948249
0.98117697
1.0085816
1.2569682
1.3118735
1.2563352
1.0188567
0.85533335
0.96155189
0.90462002
0.91138367
0.96268314
0.84649273
1.0166417
1.2526142
1.2546364
1.3096771
0.81810474
0.81807615
1.2848537
1.1940441
1.2850779
0.87520066
0.95151227
0.87594111
0.95064014
0.81778829
0.81837076
1.1933497
1.275676
1.283624
0.86077657
0.97928979
0.98262423
1.8880766
0.86389396
2.0561556
0.86741325
1.8816401
0.86608591
1.8505755
2.6566802
0.86596574
1.966898
2.7649475
0.86630904
1.7430605
0.86669209
1.895013
2.7082278
0.86714934
2.180834
2.9691443
0.86777809
2.1486819
0.86853969
2.1153138
0.87000292
1.8889218
2.1455509
0.85241386
0.85714875
0.86113007
0.86475433
2.1146484
0.85536962
0.86020068
0.86766691
1.9353057
2.1507319
0.85796147
0.8566087
0.86465852
0.86297608
2.1634318
2.9641658
0.86014169
0.85985175
0.86616971
1.872402
2.1565261
0.85747228
0.85648281
0.86302972
0.86230602
2.1694641
2.9621343
0.8598469
0.8601285
0.86594412
1.8418888
2.6521187
1.7263779
0.85650357
0.85664453
0.86226559
0.86213401
1.7344144
2.6317692
0.86017549
0.86060894
0.8662607
1.9620671
2.7542188
2.096504
2.8977787
0.85666299
0.85664033
0.8621169
0.86198992
2.1127758
2.9006661
0.86065141
0.86094975
0.86664679
1.729752
2.6215103
2.1615993
2.9585835
0.85662845
0.85645126
0.86195965
0.86176957
2.173727
2.9664769
0.86096802
0.86120962
0.86708313
1.8858467
1.7956793
2.6488748
0.85643023
0.85620074
0.86174069
0.86161133
1.8035993
2.6518492
0.86123608
0.86151517
0.86769364
2.1730212
1.8210921
2.6376443
0.85616412
0.85595624
0.86159424
0.86165947
1.8251505
2.6434581
0.86153665
0.86165804
0.86843033
2.1312553
1.7257415
0.85679134
0.85568712
0.86187755
0.86251785
1.7384984
0.8616511
0.86179334
0.86976493
2.1036344
1.8876303
0.85568494
0.85069443
0.86270955
0.85876889
1.8871538
2.6907895
0.86180097
0.85693122
0.86621465
0.80469144
1.0755928
1.0739345
0.81173356
0.59670469
0.51465622
0.48296347
0.61697715
0.71275868
0.69998957
2.1640152
0.78938576
1.2994157
1.2956055
0.81445364
0.98364892
0.93947216
0.94157873
0.98040591
1.00748
1.0105839
1.6071881
0.86753413
1.681226
0.80285648
1.0678523
0.80334161
1.0668478
0.60506009
0.48644931
0.6022146
0.48955889
0.7068717
0.70926374
2.1595072
2.9676338
0.79549918
1.2986246
0.7938426
1.2964725
0.98406076
0.94189508
0.98389056
0.94219213
1.0100169
1.0096751
1.6854568
0.8669389
1.6849676
0.80246634
1.0657889
0.80210872
1.0660378
0.60578472
0.49113194
0.60642987
0.4907394
0.71080341
0.71091581
2.1605199
0.79540687
1.2962186
0.79091345
1.2970681
1.2262482
1.2262081
0.98427242
0.94254837
0.98423997
0.94274098
1.0093612
1.0092871
1.6850755
0.86616022
1.6853
0.80554042
1.0651965
0.80180478
1.0686718
0.60466601
0.49046581
0.60517778
0.49076113
0.71010519
0.709073
2.0155706
0.79839633
1.2969679
0.79059189
1.2999949
1.2256601
1.2262014
0.9841725
0.94296264
0.98427652
0.94293543
1.0092689
1.0093039
1.6855716
0.86628848
1.6857989
0.8043435
1.0644023
0.79992989
1.0670411
0.60325429
0.48930136
0.60199778
0.48893775
0.70702042
0.70698381
2.0696726
2.9213361
0.7974566
1.2952696
0.78827787
1.2984777
0.9839907
0.94259746
0.98391415
0.94268174
1.0092594
1.0092041
1.6861487
0.86667424
1.6863776
0.80165665
1.0646191
0.80198913
1.063836
0.60315381
0.49069501
0.60366939
0.4891698
0.70788459
0.70748678
2.0478101
2.8112877
0.79331003
1.2968497
0.79067729
1.2978204
1.2246472
1.2251111
0.9841075
0.94264529
0.98412297
0.94257165
1.0090426
1.0089662
1.6868269
0.86705889
1.6873145
0.80117642
1.0659334
0.80156096
1.0658293
0.60215453
0.48833677
0.60264251
0.48814442
0.7074867
0.70756936
2.1321678
0.79045162
1.297485
0.79210776
1.2909629
0.98351639
0.94219707
0.98374963
0.94196798
1.0088564
1.0088665
1.6884168
0.86758578
1.6893086
0.80257911
1.066378
0.8024795
1.0659843
0.60268706
0.4888093
0.60203303
0.48934404
0.70766468
0.70708515
1.8905075
2.6719542
0.79238214
1.2973795
0.79522457
1.2999152
1.2240626
0.98308094
0.94175348
0.98336372
0.94138997
1.0090368
1.0091544
1.691575
0.86826411
1.6930109
0.80066915
1.0644248
0.80135874
1.0635818
0.60178998
0.48869389
0.60268852
0.48719709
0.70594776
0.70575583
1.7196819
0.78996981
1.2964613
0.79317681
1.296786
0.98305281
0.94099938
0.98294033
0.94099319
1.0092915
1.0093416
1.6956152
0.86915522
1.6971416
0.80368037
1.066749
0.80244613
1.069759
0.59648466
0.48616662
0.60078726
0.48182036
0.70436173
0.70020995
2.1331563
2.9252641
0.79008851
1.2956213
0.79135628
1.2963436
0.98303878
0.94080909
0.98307644
0.94073647
1.0095736
1.0099047
1.6995972
0.87039047
1.6997311
2.1630655
2.9668159
2.1226395
0.81582065
0.58880359
0.77499323
0.7842209
0.57020947
0.57153252
0.78241809
0.65221258
0.48360373
0.45880811
0.66203406
0.80406202
1.0691551
1.0708439
0.80417496
0.65227967
0.46088593
0.45866344
0.65300796
0.63537112
0.76479672
0.75106309
0.6519816
0.5972315
0.48579206
0.48286476
0.60039293
0.63598644
0.7557263
0.75185245
0.63960373
0.7058304
0.70141205
0.85582223
0.85732837
1.6091709
0.86468667
1.6822767
2.6552073
2.8147167
0.86523436
1.6855407
1.6861244
2.8229807
2.8223042
1.1867616
1.5575024
1.1821679
1.5474557
2.1214577
2.9008002
1.1884627
1.5527975
1.1888299
0.69209678
0.71210054
0.81788794
0.58683555
0.77818397
0.7896074
1.2991207
1.2971207
0.79616933
0.69226478
0.69847893
0.78627516
0.78574799
0.80398471
1.0756192
1.0734098
0.81165667
0.65131633
0.48266
0.45756532
0.66174596
0.80334693
1.0694865
1.0702683
0.80461772
0.65137308
0.46060077
0.45753341
0.65311718
0.59598112
0.51367933
0.48183601
0.61626136
0.6347308
0.76440834
0.75071384
0.65135202
0.59664386
0.48570583
0.48189198
0.60030253
0.63545671
0.75572909
0.75159642
0.63924268
1.3110436
0.95782105
0.96136272
1.3176982
0.71231683
0.69956253
1.3130706
0.96195828
0.96160843
1.3142012
0.70572809
0.70106501
0.98959512
0.93809098
0.94480705
0.9860209
0.9837184
0.94179612
0.94157796
0.98385323
0.98969232
0.94465597
0.94491442
0.98968049
1.0101863
1.0106952
0.85894596
0.86047509
2.6516609
2.8132203
0.86811407
1.6856892
1.6852823
2.8227954
2.8209225
2.1476104
2.9666934
1.5725521
1.5512942
1.8768018
0.78673788
0.56794118
0.56672481
0.78657253
0.78583447
0.5659496
0.56486251
0.78803529
0.65237078
0.46125455
0.65250919
0.46356854
0.8022846
1.0665246
1.0661662
0.80293013
0.65198301
0.46505638
0.46384353
0.65264576
0.64377528
0.75681524
0.64099301
0.75941627
0.60473393
0.49141233
0.48929118
0.6067108
0.64404957
0.76096533
0.75998193
0.64499216
0.71069373
0.70979589
0.85783448
0.85776801
1.6847941
0.863906
1.6830164
2.8220684
2.8202464
0.86369295
1.680954
1.6824067
2.8173463
2.8193655
1.1920672
1.5609187
1.1842039
1.8910178
2.6931708
1.1859919
1.5506131
1.1953378
1.5707791
0.69839459
0.69636906
0.7879915
0.56535427
0.56365122
0.78824138
0.79201421
1.2965818
1.2979283
0.79527048
0.69501674
0.6985082
0.78851494
0.79014463
0.80288921
1.0685857
0.8039047
1.067328
0.65202844
0.46098036
0.6526712
0.46236061
0.80228653
1.066348
1.0663615
0.80249621
0.65167354
0.46371337
0.46244554
0.65204976
0.60367873
0.48644201
0.6013219
0.48827666
0.64304065
0.75683828
0.64028919
0.75926915
0.60471134
0.49023979
0.48848001
0.60604526
0.643782
0.76074241
0.75975936
0.6448824
1.3139652
0.96201494
1.3141664
0.96202003
0.70680551
0.70905162
1.2261523
1.2261369
1.3139811
0.962077
0.96202821
1.3139535
0.71048487
0.70952564
0.98967879
0.94459627
0.98967853
0.94444076
0.98412077
0.94250274
0.9422909
0.98423724
0.98969708
0.94432828
0.94441554
0.98970742
1.0094167
1.0096098
0.86098007
0.86108998
2.8226092
2.8218855
0.86679774
1.685
1.6849281
2.8224186
2.8220958
2.1563564
1.5692545
1.5513532
1.8560578
2.6627647
0.78757374
0.56368911
0.56492797
0.78594876
0.78645849
0.56536173
0.5630822
0.78770405
0.65223461
0.46492097
0.65197168
0.46491541
0.80172518
1.0656277
1.0653609
0.80224037
0.65161478
0.46465479
0.4645439
0.65202639
0.64517099
0.76103454
0.64498442
0.76113297
0.60637989
0.49094676
0.49093936
0.60580517
0.64530188
0.76035775
0.76104258
0.64455125
0.71038677
0.71086873
0.85760592
0.85761751
1.6805197
0.86277282
1.679531
2.8168188
2.815407
0.86270541
1.6787442
1.6792633
2.8146706
2.8152012
1.1933991
1.5700392
1.1871337
1.8759512
1.1882726
1.5542128
1.1942736
1.5715781
0.69878675
0.6944111
0.79003579
0.56229571
0.78790633
0.79085959
1.2973791
1.2965349
0.79470448
0.69445117
0.69786887
0.78883827
0.56208715
0.56034825
0.78968205
0.80251124
1.0657242
0.80180249
1.0662741
0.65212189
0.46360375
0.65150479
0.46434656
0.80172062
1.065618
1.065591
0.80196107
0.65145336
0.46401306
0.46396192
0.65163082
0.60650829
0.4902738
0.60615399
0.49091414
0.64536984
0.76095917
0.64502577
0.76129037
0.60634011
0.49036583
0.49065526
0.604605
0.64527148
0.76064474
0.76125786
0.64379327
1.3140941
0.9621261
1.3140294
0.96227531
0.71070591
0.71107972
1.2262996
1.2262325
1.3141824
0.96255388
0.9623482
1.3142566
0.71068911
0.71108819
0.98970169
0.94432773
0.9897106
0.94431546
0.98428981
0.94295156
0.94281615
0.98430332
0.98971768
0.94435319
0.94433071
0.98973578
1.0092746
1.0092921
0.86096994
0.86116375
2.8224875
2.8228089
0.86617897
1.6854983
1.6853313
2.8226628
2.8227397
2.007846
1.558092
2.1495973
2.9583225
0.78799825
0.56416362
0.7821559
0.79043274
0.55905832
0.56975671
0.78156177
0.65451065
0.46441865
0.65166775
0.46574118
0.80482845
1.0636793
1.069103
0.79908472
0.65346619
0.46284919
0.46525797
0.64813658
0.64323082
0.76000852
0.6440676
0.75885604
0.60439381
0.48889985
0.49064466
0.60216862
0.64283895
0.75615196
0.75842904
0.64087787
0.70715157
0.70866328
0.8577605
0.85764288
1.6785995
0.86244853
1.6783089
2.8146314
2.8141646
0.86239442
1.6780811
1.6781781
2.8137009
2.8138733
1.1951502
1.5732112
1.1913141
2.1568828
2.96204
1.1905175
1.5703598
1.1848611
1.5498862
0.70267759
0.69399934
0.79023026
0.78389533
0.79608368
1.2940389
1.2968088
0.78662955
0.70128985
0.6913386
0.79216672
0.55688774
0.56784074
0.78317159
0.8057902
1.0652616
0.80160104
1.0690803
0.65464067
0.4638363
0.65134814
0.46557158
0.80517442
1.0641067
1.0696087
0.79934352
0.65368646
0.46268993
0.46520442
0.64827489
0.60375319
0.4899545
0.60413093
0.49064013
0.64255274
0.76028913
0.64330716
0.75910561
0.60359679
0.48883027
0.49059175
0.6022586
0.64226304
0.75754468
0.75866857
0.64098882
1.3140113
0.96263203
1.3142966
0.96272032
0.7104179
0.70936447
1.2255213
1.2251361
1.3139678
0.96254129
0.96270401
1.3137819
0.7078074
0.70893441
0.98971368
0.94438686
0.98974462
0.94444271
0.98411556
0.94262576
0.94287528
0.98394019
0.98969813
0.94442789
0.94446097
0.98959758
1.0092846
1.0093244
0.86140821
0.86162285
2.8225659
2.8227959
0.86636833
1.6860812
1.6858805
2.823268
2.8230643
2.0567459
2.0836625
2.8566839
0.78927765
0.56133853
0.78520607
0.78764759
0.56536257
0.5659691
0.78636429
0.65322325
0.46282249
0.6488212
0.46387137
0.80352618
1.0651177
1.0664871
0.80180735
0.65256755
0.46379195
0.4634911
0.65085299
0.64165107
0.75612931
0.64077941
0.75684121
0.60344212
0.49072161
0.48882182
0.60356554
0.64185979
0.75741515
0.75701643
0.64225502
0.7080151
0.70766235
0.85786219
0.85772081
1.6780586
0.86232719
1.6780317
2.8138297
2.8136891
0.86227286
1.6780132
1.6780174
2.8139313
2.8138131
1.1906519
1.5664131
1.1877272
2.0949752
2.8630895
1.1859592
1.1883738
1.5569479
0.70107518
0.69314346
0.79122493
0.56427113
0.7876277
0.79428619
1.2953014
1.2968194
0.7923279
0.69797942
0.69647991
0.78975005
0.56264566
0.78870975
0.80409645
1.064716
0.80005644
1.0670508
0.6528909
0.46249136
0.6488222
0.46334942
0.80330445
1.0653099
1.0665352
0.80176424
0.65225373
0.46351815
0.46298153
0.65072302
0.60316125
0.48850776
0.6020856
0.48847099
0.64218692
0.75750199
0.64087397
0.75815117
0.60282326
0.48992405
0.4884349
0.60487065
0.64225969
0.75901393
0.7584389
0.64347424
1.3136132
0.96251575
1.3137433
0.96242495
0.70772935
0.70819476
1.2251088
1.2251906
1.3136641
0.96220559
0.96238543
1.3136772
0.7087949
0.70840985
0.98958316
0.94443121
0.98958852
0.94437418
0.98403762
0.94267043
0.94271105
0.98411799
0.98960182
0.94423838
0.94435716
0.98958999
1.0090839
1.0091951
0.86184249
0.86203639
2.8231839
2.8235311
0.8667582
1.6866542
1.6864073
2.823711
2.8235016
2.0130161
2.7895829
1.7215074
2.6116167
0.78889071
0.56472109
0.78982588
0.78602946
0.56755521
0.56373998
0.79140762
0.65101885
0.46393879
0.65111838
0.46349193
0.80100624
1.0661949
1.0631941
0.80282702
0.65052346
0.46337452
0.46301776
0.65163839
0.64165722
0.75724261
0.64220672
0.75732045
0.60280324
0.48862678
0.48856043
0.60258879
0.6413156
0.75717121
0.75718206
0.64122192
0.7073351
0.70734892
0.85774309
0.85757812
1.6779257
0.86213004
1.6777556
2.8137689
2.813377
0.86206514
1.6773898
1.6776992
2.8132683
2.813564
1.1950918
1.5741121
1.192741
1.7222509
2.6150286
1.1864765
1.1983564
1.5781684
0.69678802
0.6949204
0.79090869
0.79166599
0.79111678
1.2974666
1.2983571
0.79628197
0.69427089
0.70027663
0.78824651
0.79335273
0.80171757
1.0648632
0.8020026
1.0641728
0.65099086
0.46370664
0.65105046
0.46341756
0.80098102
1.0663128
1.0634721
0.80259503
0.6504052
0.46282107
0.46283896
0.6513128
0.60372028
0.49016126
0.60494804
0.48988499
0.64223281
0.75891706
0.64343505
0.75800825
0.60320857
0.48815485
0.48917221
0.60280813
0.64177194
0.75762072
0.75773488
0.64147453
1.3134617
0.96216932
1.3136633
0.96199121
0.70871835
0.70802561
1.2243063
1.3134394
0.96165545
0.96193253
1.3131947
0.70773835
0.70782444
0.98951222
0.9442205
0.98958843
0.94411557
0.98408306
0.94230789
0.94254266
0.98386282
0.98948338
0.94395321
0.94408834
0.9892691
1.0088828
1.0089597
0.86210626
0.86229182
2.8239979
2.8248123
0.86714975
1.6880906
1.6874248
2.8256029
2.8247907
2.1197547
2.9646189
1.8791478
1.5674727
1.561205
0.78666045
0.56560297
0.56206549
0.78625019
0.78661396
0.56124118
0.78751648
0.64995889
0.46284236
0.65043394
0.46225646
0.800853
1.0658417
1.0652652
0.80189421
0.64970522
0.46264703
0.46194294
0.65099176
0.64113454
0.75738593
0.64138076
0.75690184
0.60206068
0.48838564
0.48785002
0.60190712
0.64107116
0.7578018
0.75684143
0.64097819
0.70772635
0.70754356
0.85752842
0.85735698
1.6771861
0.86193024
1.676689
2.8129706
2.8128246
0.86187415
1.675407
1.6764019
2.8108969
2.8125292
1.1923868
1.1759823
1.5408789
1.880544
2.7282107
1.1926277
1.1860403
0.69626813
0.69687457
0.78882717
0.56232894
0.78858753
0.78865585
1.2972438
1.2931077
0.79257211
0.69447363
0.69792908
0.78818951
0.56263126
0.7897333
0.80094916
1.0661066
0.80134557
1.0659016
0.64963833
0.46217684
0.6501057
0.46166733
0.80074129
1.0664022
1.0654129
0.80232158
0.64948674
0.46275836
0.46151607
0.65124626
0.60293051
0.48781972
0.60286075
0.48767784
0.64177895
0.75775939
0.64156518
0.75816859
0.60301826
0.48850784
0.48757461
0.60314114
0.64181048
0.75809432
0.75821845
0.64185168
1.3130898
0.96157055
1.3131805
0.96134893
0.70784646
0.70816672
1.3131218
0.96124282
0.9613282
1.3129674
0.70802356
0.7082012
0.98900254
0.94393296
0.9891911
0.94388289
0.98349738
0.94183896
0.94194834
0.98343561
0.9889981
0.94395637
0.94389954
0.98897843
1.0090059
1.0089047
0.86240428
0.86259612
2.8260862
2.8268188
0.86769902
1.6910835
1.6896666
2.8295634
2.827318
1.8837059
2.6633967
1.5763187
2.1511
1.5539754
0.78544032
0.56645214
0.56643367
0.78681538
0.79049294
0.56930051
0.78453716
0.65164136
0.4630721
0.65145886
0.46374458
0.80387949
1.0640038
1.0669741
0.80085603
0.65279017
0.46295976
0.46425075
0.65034131
0.64178925
0.7578848
0.64139815
0.75751713
0.60301058
0.48896676
0.48990537
0.60284437
0.64160968
0.75594988
0.75737982
0.6414707
0.70605624
0.70688759
0.85720755
0.85715839
1.6750564
0.86182737
1.6740658
2.8106009
2.8095793
0.86182831
1.6726403
1.6736712
2.807547
2.809148
1.187002
1.5519854
1.1993817
1.5755304
2.1644138
2.9650841
1.1980494
1.1897227
0.69626355
0.70009165
0.78711618
0.56439284
0.78903691
0.79703674
1.2979445
1.2993357
0.79015571
0.70088254
0.69363942
0.79227624
0.5611448
0.78676271
0.80246379
1.0668784
0.8028917
1.0661182
0.65149451
0.46315678
0.65172671
0.46369678
0.80373976
1.064396
1.0670999
0.80099531
0.65261598
0.46310252
0.46420245
0.65039417
0.60400571
0.48910591
0.60336346
0.48991936
0.64244191
0.7580689
0.64200002
0.75785733
0.6043198
0.48970865
0.49045188
0.6043995
0.64265572
0.75775753
0.75780668
0.64279916
1.3129513
0.96122318
1.3129808
0.96101654
0.70794684
0.70752482
1.2239911
1.2239476
1.312872
0.96078428
0.96095287
1.3127477
0.70713984
0.70738345
0.98882313
0.94399676
0.98896034
0.94406249
0.98302673
0.94104147
0.94130095
0.98293625
0.98881066
0.94409753
0.94409091
0.98878091
1.0092815
1.0092091
0.86266589
0.86268933
2.8300684
2.8317321
0.86835362
1.6950944
1.693499
2.8347556
2.8323937
1.7083132
2.6092245
1.576376
2.0662393
0.78951061
0.56464904
0.56273349
0.79216543
0.78956934
0.56542556
0.56448258
0.79078812
0.65015601
0.46274637
0.65070923
0.46143853
0.80149471
1.0657349
1.0643133
0.80233969
0.65083541
0.46055697
0.46138522
0.65128573
0.64055858
0.75581871
0.64133213
0.75551837
0.60160337
0.48673957
0.48708877
0.6014648
0.6403464
0.75537251
0.75604755
0.63980827
0.70505254
0.70588358
0.85683165
0.85682172
1.6723507
0.8621249
1.6717788
2.807292
2.8062995
0.86224543
1.6720384
1.6716702
2.8065114
2.8061166
1.1886875
1.5572742
1.1959566
2.0723643
2.8342148
1.1948103
1.5744923
1.1909885
0.69298613
0.69669505
0.79129426
0.5620488
0.5601132
0.79401045
0.79304948
1.2968512
1.2971838
0.79002586
0.69589359
0.69303775
0.79180057
0.79270118
0.80079203
1.0648234
0.80150499
1.0639501
0.65018598
0.46294775
0.65077026
0.46131277
0.80157018
1.0658671
1.0646441
0.80218168
0.65081742
0.45998489
0.46119447
0.65104837
0.60323515
0.48950404
0.60432639
0.48712652
0.64185335
0.75775241
0.64273167
0.75736943
0.60290408
0.48569792
0.48740302
0.60160368
0.64151178
0.75599727
0.75716134
0.64011361
1.3128413
0.9607886
1.3127544
0.96081334
0.70712807
0.70687033
1.3129063
0.96085141
0.96084942
1.3132678
0.70567588
0.70671135
0.98887287
0.94410435
0.98880305
0.94405574
0.98310452
0.94089103
0.94102086
0.98310878
0.98890971
0.94396958
0.94404357
0.98890945
1.0094986
1.0093811
0.86269798
0.86286586
2.8353059
2.8374072
0.86936073
1.6990783
1.697621
2.8395909
2.8380598
2.1315791
2.9196204
1.5550526
1.5545037
2.1620141
0.7877117
0.5666977
0.56936415
0.78372374
0.81644695
0.58811376
0.57317797
0.77643976
0.65153592
0.45992127
0.65110898
0.45746575
0.80416336
1.0747669
1.072778
0.81134944
0.65139041
0.48224513
0.45732365
0.66133284
0.63503157
0.75466262
0.63906918
0.75094857
0.59572333
0.51316774
0.48162099
0.61571035
0.63427348
0.76405997
0.75014442
0.65074282
0.71184586
0.69875983
0.85584136
0.85429673
1.6723619
0.86303561
1.6721358
2.8070881
2.805301
0.86244334
1.593906
1.6680243
2.6367299
2.7973772
1.1861573
1.5543441
1.1861873
2.1750136
2.9763346
1.1869989
1.5578771
1.183216
1.5490145
0.69280304
0.6942942
0.78990395
0.56365785
0.56642857
0.78577967
0.78967318
1.2995856
1.2961645
0.81454137
0.69217169
0.71199165
0.81807647
0.77860879
0.80362949
1.0668939
0.80231706
1.0699845
0.65138702
0.45940556
0.65089734
0.45722082
0.80407495
1.075257
1.0729802
0.81158828
0.65120872
0.48239921
0.45713336
0.66145664
0.59645119
0.48514155
0.60084431
0.48178882
0.63539848
0.75530489
0.6393544
0.75163282
0.59569838
0.51367208
0.4816525
0.615317
0.63467642
0.76464304
0.75083134
0.65057121
1.3123466
0.96083155
1.3134311
0.96049988
0.70500333
0.70084967
1.2177399
1.26951
1.3103874
0.95664165
0.96031099
1.3174259
0.71240587
0.69938419
0.98888897
0.9439839
0.9889106
0.94405081
0.98301618
0.93863871
0.94082328
0.97979331
0.98881589
0.93716746
0.94392486
0.98533517
1.0066295
1.0097924
0.86187314
0.86049842
2.8399241
2.838745
0.86984113
1.6226349
1.6957548
2.670642
2.8312718
2.7934429
2.9164799
2.0907679
2.6562072
0.92442119
0.94840346
0.9505507
0.92138062
0.85483174
0.86445738
2.6118009
2.6327974
1.7196135
2.7539736
0.92607848
0.95345022
0.92621197
0.95335367
0.85820275
0.86716063
2.6737238
2.6602705
1.8796693
2.6574384
0.92545988
0.95291672
0.92549808
0.95288714
0.85766904
0.86602247
2.6581802
2.6886905
1.8954413
2.6601185
0.92544515
0.95291142
0.92543063
0.95292762
0.85785717
0.86599629
2.7404113
2.699707
1.9259676
2.6708185
0.92557355
0.95306771
0.92556414
0.95307517
0.85833894
0.86635951
2.8910853
2.7892336
2.1192746
2.6471921
0.9255827
0.95308129
0.92558548
0.9530725
0.85882729
0.86674036
2.7383117
2.6635637
1.9354641
2.6690651
0.92565495
0.95312168
0.92563805
0.95313537
0.859418
0.86721987
2.9755348
2.8688665
2.168137
2.8708928
0.92586436
0.95330691
0.92583509
0.95333181
0.86018219
0.86786628
2.8469952
2.9417148
2.0938114
2.8077793
0.92606195
0.95344185
0.9260386
0.95344128
0.86094901
0.86865666
2.9003928
2.784269
2.1130585
2.7798951
0.92657587
0.95358833
0.92647137
0.95359785
0.86182128
0.87021018
2.9069034
2.7808361
2.0776796
2.6560882
2.8901148
2.7878851
2.1043015
2.8607782
0.96008888
0.9861979
0.98580525
0.96380509
0.96742606
0.98914497
0.98933246
0.96747361
0.92215884
0.94623372
0.94840165
0.91909677
1.1825794
0.8505715
0.92424478
0.95140206
0.95145355
0.92410313
0.85714456
1.1909729
0.85234643
0.86183629
0.8649924
0.85570913
2.8727118
2.7653941
2.1136785
2.8654883
0.96197916
0.98815633
0.9877484
0.96570267
0.9692995
0.99107651
0.99126779
0.9693411
1.1849632
0.85280367
0.92649221
0.95353539
0.92634885
0.953589
0.86032836
1.1933647
0.86791949
0.85828052
2.6451846
2.6561375
1.8189925
2.6728421
2.9560477
2.8474651
2.1516892
2.8499077
0.96743468
0.9889257
0.96746704
0.98871308
0.9673335
0.9877978
0.98790145
0.96733084
0.92382724
0.95131494
0.92395852
0.95122143
1.1945104
0.85800722
0.9233558
0.95083598
0.95086983
0.92330161
0.85664139
1.1900639
0.85556285
0.86441355
0.86312047
0.85453215
2.9649642
2.8550916
2.1649703
2.8524496
0.96929514
0.99085186
0.99063706
0.96932981
0.969183
0.98970796
0.98981502
0.96917612
1.1932562
0.86007445
0.92559443
0.95295125
0.92553943
0.95298664
0.86001461
1.192525
0.86630726
0.85768808
2.666518
2.6553767
1.8645741
2.6549868
2.8594271
2.9655386
2.1509122
2.8497896
0.96735567
0.98770794
0.96734294
0.98764212
0.96749469
0.98745074
0.98746384
0.96752099
0.92321148
0.9507978
0.92325058
0.95076803
1.1936255
0.85760336
0.92313034
0.95074766
0.95073234
0.92313583
0.85662022
1.1895196
0.85445463
0.86295436
0.86238328
0.85398003
2.9735115
2.86346
2.1642229
2.8526294
0.96920999
0.98961482
0.98955182
0.96918783
0.9693624
0.98938922
0.98939423
0.96939656
1.1924507
0.85987362
0.9253991
0.95289365
0.92541165
0.95287045
0.86023182
1.1923137
0.86596421
0.85780454
2.6825524
2.6560377
1.8798956
2.6578054
2.6589174
2.7352907
1.9240506
2.644701
0.96759789
0.98744174
0.96755699
0.98744964
0.96778157
0.98751228
0.98750484
0.96779985
0.92314655
0.95075396
0.92313826
0.95076445
1.1895148
0.85668758
0.92321189
0.95087511
0.95085193
0.92322894
0.856641
1.1895102
0.85393912
0.86227705
0.86214492
0.85376375
2.7377562
2.6591914
1.9329818
2.6436649
0.96949052
0.98938554
0.98940072
0.96944113
0.96968582
0.98947986
0.98947194
0.96970324
1.1923076
0.86024658
0.92552708
0.95305431
0.92554535
0.95302979
0.86071158
1.1924537
0.86624681
0.85827268
2.7392438
2.7003713
1.921696
2.6656484
2.8772321
2.7650646
2.0856608
2.7899843
0.96783462
0.98751436
0.9678156
0.98752774
0.967852
0.98752433
0.98753276
0.9678434
0.92324743
0.95088355
0.92323761
0.95089172
1.1895349
0.85682978
0.92326205
0.95091448
0.95091031
0.92326311
0.85666591
1.1895122
0.85374042
0.86214206
0.86201138
0.85356465
2.8823804
2.7660038
2.1052155
2.7887711
0.96974373
0.98948116
0.98949533
0.96972296
0.96975004
0.98947941
0.98949057
0.96973077
1.1924613
0.86071306
0.92557995
0.95308681
0.92558158
0.95308275
0.86107769
1.1925926
0.86663589
0.85876071
2.7917217
2.8912372
2.1013118
2.6439463
2.930096
2.8545184
2.0728597
2.8777688
0.96782256
0.98750938
0.96783192
0.98750542
0.96774346
0.98746388
0.98746783
0.96772335
0.92324897
0.95090296
0.92325521
0.95089126
1.189526
0.85676566
0.92322355
0.95086254
0.9508573
0.92322595
0.85648863
1.1894692
0.85352796
0.86197082
0.86179209
0.8532608
2.8603471
2.938299
2.0856236
2.8832225
0.96970798
0.98946269
0.9894611
0.96971683
0.96968151
0.98949047
0.98947892
0.96967585
1.1925926
0.86100828
0.92560006
0.9531069
0.92561654
0.95308629
0.86133187
1.1927508
0.86705366
0.85932787
2.6589949
2.7300156
1.9224694
2.6670493
2.8958199
2.7704438
2.0736602
2.6543349
0.96771017
0.98746029
0.96771458
0.98747132
0.967616
0.98753031
0.98751567
0.96758656
0.92322208
0.95085579
0.92322188
0.95085173
1.1894884
0.85656116
0.92324301
0.95087674
0.95086245
0.92325618
0.85625044
1.1894973
0.85321464
0.86175619
0.86162206
0.85288864
2.7678234
2.8974416
2.079895
2.655659
0.96969977
0.98950261
0.98953218
0.96968592
0.96973687
0.98972362
0.98968866
0.96973132
1.1927676
0.86128641
0.92576756
0.95327947
0.92579934
0.95324553
0.86163938
1.193046
0.86764466
0.86007864
2.9710884
2.8663185
2.1631175
2.8662302
2.6903284
2.660243
1.9044199
2.6439836
0.9675727
0.98754845
0.96757248
0.98758664
0.96746755
0.98781572
0.98777216
0.96742027
0.92327653
0.95087972
0.92326376
0.9508864
1.1895312
0.8562823
0.92334215
0.95092705
0.95091676
0.92336159
0.85600887
1.1898819
0.85283415
0.86162103
0.86163088
0.85250797
2.6916323
2.6597187
1.9107642
2.6456314
0.96976174
0.98976109
0.98981953
0.96974164
0.96971928
0.99011864
0.99007092
0.96967591
1.1930762
0.86158056
0.92598477
0.95343782
0.92601022
0.95342196
0.86166561
1.1934137
0.8683233
0.86084769
2.9393845
2.8481662
2.0879387
2.8070773
2.8759478
2.7750968
2.0957651
2.6419033
0.9673306
0.98785945
0.96737271
0.98792426
0.96711178
0.98860271
0.98844019
0.96708429
0.92339604
0.95092181
0.92337524
0.95091879
1.1935524
0.85689073
0.92362205
0.95104442
0.95099724
0.92371031
0.85581893
1.1901767
0.85249674
0.86196486
0.8623555
0.85258747
2.8830949
2.779778
2.10851
2.6449719
0.96958862
0.99016388
0.99023097
0.96963102
0.96935669
0.99089774
0.99074083
0.96932278
1.1934719
0.86165507
0.92628364
0.95355761
0.92636918
0.95351415
0.86190491
1.1940568
0.86955953
0.86171922
2.8963553
2.7829426
2.1120044
2.7770723
2.9034877
2.7773756
2.0761387
2.6556045
0.96694924
0.98876113
0.96704183
0.98890818
0.95954339
0.98572039
0.98530279
0.96329595
0.92391497
0.95107432
0.9238058
0.95108889
1.1902391
0.85577125
0.92176973
0.94581948
0.94796724
0.91872422
0.84812854
1.181738
0.85264608
0.86291689
0.85935634
0.84884844
2.9087573
2.7791644
2.0878281
2.6533495
0.96916998
0.99104897
0.99119089
0.96927294
0.96169708
0.9879653
0.98754515
0.96543709
1.1941114
0.86175653
0.92440137
0.94830348
0.95044095
0.92137036
0.85435509
1.1856429
0.86675942
0.8584653
1.0532858
0.80327936
1.0677523
1.2495792
1.2505929
1.0690732
0.8015286
1.0548622
0.56044638
0.59906357
0.4988218
0.55222071
0.52287303
0.4868714
0.607329
0.58465583
0.38289216
0.70454069
0.77624009
0.78606766
0.70038042
0.40176221
2.2886072
2.2157871
2.669049
2.6760118
1.8023532
2.8661061
2.1426508
1.0251263
0.79014314
1.0253523
1.2887096
1.2661032
1.2551146
1.2615175
1.2963146
1.2614779
0.79084399
1.0374998
1.0211152
0.9752186
0.98346155
0.97519218
0.94149408
0.95253714
0.95480381
0.95459479
0.94156362
0.95465365
0.98318635
0.97286748
0.97524982
1.009269
0.8394675
0.82496236
0.83485598
1.0098242
0.83552361
1.3463061
1.0183759
0.9090025
0.9111148
1.0187717
0.87308388
0.94751193
0.95048027
0.86907976
0.92577132
0.9530355
0.9520117
0.92652905
0.95218606
1.6461632
0.86614706
0.85814022
1.6697176
0.97766989
0.80244056
1.0500491
1.2464759
1.0659199
0.80213213
1.0508088
1.2453526
1.0662228
0.6044781
0.56854422
0.5269803
0.48787738
0.60344327
0.56571421
0.52987086
0.48909496
0.29923276
0.78510069
0.70780506
0.30649063
0.78637188
0.70861404
2.2680475
2.1688765
2.8947861
2.7806529
2.1287009
2.8476867
2.1951136
0.793667
1.0289296
1.0277223
1.2629932
1.2975787
1.2604281
0.79053379
1.0280401
1.0249234
1.2628107
1.2985065
1.2626113
0.98402145
0.9756211
0.97555198
0.95472045
0.94201451
0.95484928
0.98397336
0.97535518
0.97547151
0.95505212
0.94212746
0.95497615
1.3545517
1.3550717
0.83608023
1.0098949
1.3548008
0.83618733
0.836273
1.0097942
0.83625998
1.017995
1.3104204
0.91115569
1.0181197
0.91107444
0.87529156
0.95050507
0.87540328
0.95035637
0.92594934
0.9531794
0.95325675
0.92584336
0.97601633
1.6851913
0.86695915
0.85796227
1.6849926
0.97543998
0.80250377
1.0492436
1.2440757
1.0655859
0.80189346
1.0489863
1.2441608
1.0661388
0.60571522
0.56937502
0.53102504
0.4906051
0.60575524
0.56925696
0.53091132
0.49088052
0.29568493
0.78708448
0.71088469
0.29515422
0.78711249
0.71092727
2.2571407
2.9631829
2.8517771
2.1648169
2.8492178
2.1690967
0.79542487
1.0284339
1.0284505
1.2594634
1.2961233
1.2593586
0.79079703
1.0245459
1.02443
1.2623565
1.2967999
1.2622989
1.2262466
0.98427987
0.97597485
0.97597254
0.95538637
0.94262296
0.95544396
0.98427841
0.97590996
0.97596025
0.95551513
0.94270266
0.95550316
1.3535687
0.83630313
1.0093393
1.3536346
0.83631041
0.83626715
1.0093278
0.83630852
1.0174208
1.3093
1.3093495
0.91079147
1.0174612
0.910776
0.87475715
0.9496437
0.87478262
0.94959343
0.92542383
0.95285961
0.95286276
0.92540783
0.97509952
1.6851102
0.86600632
0.85771037
1.6851649
0.97519464
0.80441343
1.0523768
1.24353
1.0663829
0.80270441
1.0486316
1.2468795
1.0675821
0.60474558
0.5679729
0.52994262
0.48991782
0.60483611
0.56801718
0.53038416
0.49047305
0.30162318
0.78668109
0.70979352
0.2988707
0.78620518
0.70945627
2.8322507
2.929773
2.1296536
2.7794729
2.1798288
0.79727944
1.0310039
1.0300949
1.2596326
1.2996837
1.2621035
0.79299126
1.0243903
1.0268873
1.2647304
1.2983044
1.2637992
1.2258574
1.2260756
0.98423887
0.97584795
0.97593402
0.95557513
0.94298943
0.95556885
0.98428121
0.97599592
0.97599094
0.95544783
0.94299814
0.95554485
0.83614431
1.0092917
1.3534209
0.83613095
0.83603385
1.0093182
0.83610442
1.017346
1.3091727
1.3091651
0.91085687
1.0173423
0.91087083
0.87476377
0.94943316
0.87474057
0.94944529
0.92545393
0.95297001
0.95294186
0.92547456
0.97554662
1.685592
0.86606289
0.85806282
1.6856414
0.97586821
0.80348178
1.0514411
1.2431571
1.0667128
0.80179611
1.0479628
1.2458517
1.0671337
0.60244052
0.56647706
0.5286149
0.4894458
0.60217258
0.56614845
0.52898547
0.48899988
0.30650379
0.78526983
0.70661695
0.30648866
0.78510324
0.70673021
2.1729938
2.897165
2.9758194
2.1698536
2.8475451
2.1544202
0.79623098
1.0302982
1.0293417
1.2586432
1.2970817
1.2612342
0.79219407
1.0230182
1.0263545
1.2639751
1.2969875
1.2630261
1.2249982
0.98396892
0.97563919
0.97560565
0.95505619
0.94262669
0.95510253
0.98394884
0.97552713
0.97557283
0.95520675
0.94267467
0.95517383
1.3533663
0.83578065
1.0092558
1.3533515
0.83577897
0.83574086
1.0092508
0.83577577
1.0173449
1.3091769
1.3091811
0.91093914
1.0173522
0.91092981
0.8749067
0.94950619
0.8748882
0.94952093
0.92557278
0.95308738
0.95307669
0.92557972
0.97638804
1.6861792
0.86643992
0.8585604
1.686239
0.97671402
0.80355475
1.0487458
1.2437326
1.0665863
0.8034091
1.0492338
1.2431141
1.0667513
0.60302504
0.56711433
0.53059696
0.49002639
0.60343518
0.56843825
0.52898261
0.4897934
0.31027656
0.7852011
0.70766068
0.30635353
0.78507918
0.7074469
2.188096
2.2148881
2.9594028
2.8615604
2.1113457
2.7255232
2.1788042
0.79624738
1.0269699
1.0295644
1.2597661
1.2965685
1.2613406
0.79354669
1.0246715
1.0270553
1.2615907
1.298086
1.263478
1.2249721
0.9841415
0.97580312
0.97583869
0.95533272
0.94264226
0.95535909
0.98415598
0.97581382
0.97585213
0.95532754
0.94263205
0.95537232
1.3531798
1.3532171
0.83570978
1.0090274
1.3532065
0.8357378
0.83574953
1.0090147
0.8357628
1.0173356
0.91088765
1.0173316
1.3091585
0.91088092
0.87493887
0.94954345
0.87493115
0.94955646
0.92557376
0.95306857
0.95306286
0.92557792
0.97720916
1.6869513
0.86682081
0.85906124
1.6870949
0.97755995
0.80085712
1.0490655
1.2444309
1.0649259
0.80092454
1.0494018
1.2441771
1.0646461
0.60216288
0.56608964
0.52830616
0.48824326
0.60261615
0.56579763
0.52835635
0.48828997
0.30707773
0.78488014
0.70766938
0.3096947
0.78470746
0.70777528
2.273474
2.1592298
2.6845885
2.673779
1.8046176
2.8590615
0.79019859
1.0238903
1.0241611
1.2610143
1.2957202
1.2588614
0.78951461
1.0260735
1.0235948
1.2579313
1.2958579
1.2592862
0.9835875
0.97522449
0.97530391
0.95498534
0.94211598
0.95490844
0.98367866
0.97546947
0.97539949
0.95475729
0.94205079
0.95484351
1.3531273
0.83577627
1.0088608
1.3531205
0.83579757
0.83582097
1.0088758
0.83582347
1.0174131
0.91094847
1.017399
1.309223
1.3092385
0.9109624
0.87502162
0.94963799
0.87499748
0.94966785
0.9256665
0.95317699
0.95314896
0.92569119
0.97816844
1.6886575
0.86732367
0.85972443
1.6889159
0.97858595
0.80165725
1.0499766
1.2449012
1.0660857
0.80220581
1.0500418
1.2447033
1.0652061
0.60242984
0.56685542
0.52807779
0.48856179
0.60225202
0.56587578
0.52933503
0.48889261
0.3097756
0.78443021
0.70751506
0.30905785
0.78400429
0.70732365
2.2824865
2.2800329
2.6707779
2.6687999
1.8737521
2.6539239
0.7910188
1.0265282
1.0253298
1.262606
1.2979963
1.2630711
0.79509347
1.0284972
1.0287233
1.2619565
1.298806
1.2609246
0.98318562
0.97464148
0.97478005
0.9545253
0.9416588
0.95441673
0.98329996
0.97501807
0.97492759
0.95412164
0.94154096
0.95428377
0.83602944
1.0090862
0.83606949
1.3533338
0.83610228
1.0091345
0.83610518
1.0176115
0.91114965
1.0175832
1.3094346
0.91116333
0.87522007
0.94987777
0.87518714
0.94992639
0.92588496
0.95338126
0.95335246
0.92591431
0.97929486
1.6919915
0.86798794
0.86051076
1.6924438
0.97971292
0.80215326
1.0481735
1.2435874
1.0664032
0.80272997
1.0487899
1.2431391
1.0659777
0.60209686
0.56577343
0.52906763
0.4883368
0.60246226
0.56679543
0.52787932
0.4877036
0.31188329
0.78360879
0.7058955
0.31142718
0.78355682
0.7058238
2.1789852
2.2697402
2.8434231
2.7390535
2.0869533
2.6386104
2.2208702
0.79252806
1.0242301
1.0261607
1.2612756
1.2970103
1.2629335
0.79579899
1.0268614
1.0291177
1.2595845
1.2953643
1.2604825
0.98302186
0.97449611
0.97446941
0.95377848
0.94099928
0.95380649
0.98299374
0.97440251
0.97444865
0.95385834
0.94100928
0.95384614
1.3537281
0.83612749
1.0093175
0.8361228
1.3538169
0.83604425
1.009343
0.83610679
1.0179023
0.91118683
1.0178582
0.91117051
0.8753908
0.95026112
0.87536393
0.95033039
0.92608146
0.95345231
0.95343889
0.92611817
0.98040767
1.6960688
0.86881909
0.8612993
1.6965551
0.98094355
0.80273337
1.0518205
1.2458918
1.0672497
0.80251254
1.0503488
1.2480158
1.0677569
0.59809615
0.56026532
0.52662553
0.48506365
0.59962427
0.5647027
0.52232619
0.48307639
0.3530307
0.78257396
0.70335795
0.31677324
0.78245522
0.70195633
2.246094
2.2050777
2.6255059
2.6474978
1.7407096
2.8261841
2.2005057
0.78864365
1.0255658
1.0242411
1.2610756
1.2962314
1.2614791
0.79104579
1.0260257
1.0260839
1.2615531
1.2976479
1.2606804
0.98307702
0.97455102
0.97452452
0.95377666
0.94076628
0.95377345
0.98308658
0.97448921
0.97450439
0.95386358
0.94075169
0.95382161
1.3553969
1.3549658
0.83549448
1.0096989
1.35524
0.83530549
0.83485458
1.0098491
0.83504424
1.0187489
1.3118115
0.91127394
1.0185459
0.91135791
0.87585374
0.95101831
0.87574002
0.95121359
0.92666715
0.95338025
0.95354845
0.92669074
0.98216307
1.7000548
0.87033507
0.86190369
1.7003571
0.98339428
2.2072463
2.6741468
2.6657834
1.7903471
2.8665693
2.1427623
1.8610832
1.5531755
1.5650745
1.8404827
2.6095904
2.634305
1.7232661
2.8044459
2.2160549
2.2868834
1.879249
1.563552
1.5772648
1.8492571
0.75926896
0.79035265
0.56970869
0.78685776
0.56926498
0.78604158
0.55030747
0.65145025
0.470519
0.48354211
0.47664397
0.46137373
0.65270522
0.56061153
1.0520523
0.80290116
1.0675802
1.2475802
1.2486181
1.0683887
0.80302446
1.0517849
0.55081435
0.65181865
0.46018187
0.47909705
0.47732047
0.45923165
0.65221055
0.55233785
0.6819212
0.63731674
0.75830584
0.71786324
0.70643911
0.75250056
0.64429124
0.69577694
0.5608604
0.59835666
0.48497346
0.5263849
0.52301708
0.48386834
0.59913357
0.56439986
0.68260846
0.63722952
0.75454428
0.71083729
0.70713698
0.75323172
0.63838983
0.68629368
0.34781931
0.70461553
0.78456123
0.7842438
0.70314219
0.3102448
1.3534658
1.3540268
1.3457549
1.0106919
0.98853152
0.98969708
1.0093022
1.3553785
1.3548373
1.3551686
1.0126455
0.99112666
0.99118162
1.0124705
1.0171719
1.3098073
1.3085919
0.90833643
0.91046357
1.0175604
1.2452457
1.3086624
1.3009289
1.2486687
0.96315583
0.98866854
0.96511193
0.98742172
1.0176966
1.3107438
0.91083922
0.91098916
1.0174547
0.96715284
0.98925787
0.96657226
0.98939574
1.2558274
1.3100536
1.3104018
1.2558363
0.87066122
0.94502078
0.94800905
0.86663742
0.92351541
0.95089194
0.94986632
0.92427515
1.2797881
0.81617229
0.80656682
0.85358988
1.1924706
1.2820871
0.92436929
0.95129934
0.95144118
0.92441678
0.87326857
0.94823304
0.94845128
0.87312062
0.85777726
1.1941043
1.2817678
0.81492411
0.81488749
1.28297
0.9497279
1.6477114
0.86334245
0.85570217
1.6710476
0.97507883
2.746025
2.7939866
0.86529893
0.85594734
0.97354993
1.6862334
0.97493813
1.6866923
2.8239184
2.824191
1.8632317
1.5522456
1.1800238
1.5658694
1.1892997
1.8398215
2.2173181
2.6154282
2.6388381
1.7314538
2.7951315
2.2011039
2.2950979
1.8808167
1.5609792
1.1922826
1.5777884
1.1978071
1.8468641
1.2814514
0.69337262
1.282926
0.57095461
0.5696775
0.6921708
1.2905008
1.284412
0.59034326
0.76186721
0.79323434
1.0252918
0.78860108
1.024325
1.2990807
1.2648018
1.2634032
1.2616184
1.2986359
1.2610502
0.79305988
1.0302605
1.027931
1.281288
0.69097482
1.2804658
0.56715835
0.56658881
0.56710132
0.69547621
1.2823102
1.2816868
0.78889035
0.56550866
0.78874547
1.0529686
0.80278298
1.0675555
1.2499413
1.2504923
1.0687212
0.80126754
1.0550759
0.54931184
0.65075629
0.46945426
0.4828709
0.47551988
0.46017263
0.65224982
0.56013702
1.0517261
0.80256678
1.0678348
1.2483735
1.2485025
1.0682077
0.80317726
1.0524997
0.54980422
0.65121361
0.45964116
0.47848945
0.47617389
0.45835398
0.65202884
0.55209279
0.5597357
0.59842815
0.49776811
0.5512805
0.52190044
0.4857408
0.60670057
0.58392494
0.68142597
0.63668782
0.75790754
0.71742537
0.70604595
0.75210691
0.64367606
0.69527005
0.56028905
0.59819649
0.4846614
0.52630572
0.52220543
0.48321004
0.59964471
0.56423517
0.68221462
0.63696303
0.75452979
0.71064229
0.70684652
0.75310368
0.63838544
0.68559189
0.91916186
1.3094134
0.91908237
0.9600933
0.95403033
0.95411917
0.95385306
0.96101096
0.95397563
1.3062185
0.9241844
0.91948582
0.38612383
0.7040796
0.7756461
0.78564703
0.69990577
0.4015648
1.2260301
0.92035102
1.3138897
0.92086622
0.96189924
0.95370592
0.95389064
0.95399183
0.96177431
0.95395785
1.3142295
0.92121002
0.92126141
0.3504146
0.70446034
0.78426625
0.78379838
0.70289531
0.31281086
0.98012154
0.98926839
0.9796275
0.94200593
0.98402662
0.98699704
0.98901931
0.94411925
0.98845368
0.98867295
0.97531842
0.97844156
0.97518887
0.983775
0.9751961
0.94169791
0.95462477
0.95454425
0.95451952
0.94163041
0.95452385
0.98381969
0.97528352
0.97523109
0.98024336
0.98971463
0.98024225
0.94475762
0.98879338
0.98891269
0.98910411
0.94486473
0.98903976
0.98971424
0.98014449
0.98021203
1.0094705
0.98718935
0.98831597
1.0080867
1.3559214
1.0103734
0.83596239
0.83580808
0.8354262
1.0105833
0.83558351
1.3557132
1.0114058
0.98979623
0.98975842
1.0113782
1.2467727
1.309964
1.3022397
1.2501953
0.96504765
0.99060901
0.9893656
0.96699772
1.0188804
1.3120348
0.91147217
0.91161343
1.0186401
0.96903291
0.99119909
0.96845676
0.99133462
1.2573358
1.3113221
1.311677
1.2573385
1.2820696
0.81890278
0.80934532
0.8565591
1.1950844
1.2844142
0.92661957
0.95344031
0.92666869
0.95357954
0.87568
0.95068368
0.87553033
0.95090045
0.86094372
1.1967443
1.2840619
0.81762576
0.81759369
1.2852987
2.7431312
2.791895
0.86820395
0.85833773
0.97630309
1.6859656
0.97754032
1.6860873
2.8229348
2.8228165
2.9505387
2.8427427
2.1537842
2.8592516
2.1751836
1.8389631
1.5750402
1.8745977
1.5562155
2.6606627
2.6512312
1.8626203
2.6621589
2.2562808
2.259981
1.8703501
1.5525373
1.5718202
1.8354727
0.78944949
0.787887
0.78615903
0.78820156
0.65209086
0.55258661
0.4791532
0.4619537
0.65180747
0.55221366
0.47973659
0.46298899
1.0494058
0.80215536
1.0664573
1.2447764
1.244701
1.0658365
0.80287426
1.0497771
0.55242266
0.65198635
0.46486732
0.4803494
0.47970009
0.46427803
0.65260572
0.55310861
0.64309532
0.69013724
0.71195111
0.75780812
0.64212026
0.68745901
0.71468362
0.75869526
0.5684112
0.60518829
0.49109028
0.53132186
0.53002213
0.48980028
0.6063611
0.56992298
0.69057058
0.64457874
0.76075669
0.716353
0.71525498
0.76038147
0.6450758
0.69154408
0.29753222
0.71049886
0.78706024
0.78662254
0.71019758
0.29547404
1.3540104
1.3545341
1.3542619
1.0116956
0.99104977
1.0120733
0.9909161
1.3534839
1.3533557
1.0112206
0.99066779
0.99072429
1.0111382
1.0167998
1.3089354
1.3091536
0.91053167
1.0169278
0.9104651
1.2556577
1.3097158
1.2557708
1.3094095
0.96740566
0.98831448
0.96736727
0.98850573
1.0167986
1.3087453
0.9114807
0.91141191
1.0167702
1.3084587
0.96734559
0.98814874
0.96735144
0.98801767
1.2551688
1.3083378
1.2550974
0.87287472
0.94804965
0.87298567
0.94789884
0.92370238
0.95105234
0.95112803
0.9235972
1.2819661
0.81494774
0.8149666
0.85791928
1.1944037
1.2811923
0.92341603
0.95097554
0.95091259
0.92349752
0.87245959
0.94725175
0.94734136
0.87240365
0.85756254
1.1942846
1.279984
0.81475195
0.81480849
1.2809865
0.97316699
1.6841405
0.86414942
0.85507481
1.6835288
0.9723359
2.8214419
2.8209269
0.86346873
0.85492612
0.97158861
1.6813471
0.97210721
1.6818096
2.8178307
2.8184884
1.8493875
1.5763077
1.1966678
1.8794678
1.5618746
1.1925312
2.1793862
2.668861
2.6625908
1.8704048
2.6746305
2.2621397
2.2610105
1.8694912
1.5524732
1.1875067
1.5700813
1.1930198
1.836111
0.69629099
1.2814127
1.2809872
0.5627513
0.69331698
1.2815955
1.2804224
0.79212916
0.56315882
0.79122503
1.0259645
0.79070699
1.0244553
1.2973099
1.262216
1.2626559
1.2610587
1.2959589
1.2594102
0.79537305
1.0283524
1.0286234
1.2803998
0.69400684
1.2799692
0.56234521
0.5616686
0.69845185
1.2811333
1.2811648
0.56246617
0.78896206
0.5606935
0.79097666
0.80198725
1.0505226
1.2475324
1.0657185
0.8020268
1.0517172
1.2460915
1.0656795
0.65150579
0.55194285
0.47857847
0.46137197
0.65151085
0.55199371
0.47883841
0.46190752
1.049763
0.80183496
1.0662102
1.2449287
1.2452488
1.0656094
0.80241371
1.0496848
0.55182386
0.6514835
0.46344089
0.47953954
0.47885511
0.46279276
0.65198517
0.55240409
0.60307254
0.56729622
0.52719902
0.48719598
0.60227485
0.56521514
0.52899712
0.48792775
0.64206418
0.68979784
0.71175471
0.75785303
0.64120802
0.68666021
0.71449287
0.7586566
0.56759487
0.60535653
0.48991867
0.53022061
0.52913995
0.48884906
0.60579527
0.56925122
0.69037009
0.64428345
0.76048206
0.71607805
0.7150274
0.76015945
0.64463805
0.69135924
1.3140207
0.92140391
0.9214164
0.95354701
0.96203665
0.95337612
1.3141134
0.92134348
0.92146049
0.9530351
0.96204392
0.95320487
0.30214532
0.78485525
0.7077253
0.30915195
0.78609532
0.7084747
1.226142
0.92157943
1.3139686
0.9216958
0.96206423
0.95277377
0.9528208
0.95293911
0.96204963
0.95287194
1.3139699
0.92187775
0.92187929
0.30051392
0.71023143
0.78686794
0.78634003
0.7099179
0.29806711
0.9896872
0.98001819
0.98005408
0.98871503
0.94454194
0.98864545
0.98969571
0.98011337
0.98009476
0.98851889
0.94450344
0.98859602
0.975707
0.98416862
0.97577838
0.94244204
0.95535293
0.95529831
0.95515077
0.94238002
0.9552405
0.98422105
0.9758894
0.97585314
0.98001195
0.98970711
0.98000162
0.94436228
0.98835462
0.98840111
0.98848231
0.94439822
0.98845205
0.98972738
0.97997211
0.98000488
1.0106194
0.98962291
1.0108212
0.98954394
1.354022
1.0094757
0.83631975
0.83633295
0.8363139
1.0095505
0.83634419
1.353898
1.010152
0.98929618
0.9893428
1.0100398
1.2571528
1.3109832
1.3106743
1.2572689
0.96926455
0.99023245
0.99042768
0.96922097
1.0177032
1.310011
0.91086027
0.91089551
1.0176286
0.96919672
0.99006574
0.9692038
0.98993269
1.2566539
1.309598
1.3097075
1.2565816
1.2837163
0.81765642
0.81767452
0.86015333
1.1967595
1.2834851
0.92565725
0.95309811
0.92574066
0.9530319
0.87487397
0.9497069
0.87481792
0.94979127
0.86091903
1.1969562
1.2823009
0.81747194
0.81752574
1.2833065
2.8222687
2.821949
0.86661516
0.85788994
0.97510376
1.6849598
0.97531612
1.6849081
2.8224364
2.8223432
2.167492
2.959647
2.8495893
2.1510366
2.8480464
1.8333416
1.5701594
1.8683107
1.5510017
2.6615209
2.6770875
1.8792714
2.6534976
2.2728457
2.2594425
1.8675524
1.5518195
1.5707839
1.8337687
0.78768912
0.785885
0.56557418
0.78539558
0.78713077
0.65227598
0.55287358
0.48008754
0.465003
0.65179621
0.55266706
0.48022392
0.46499712
1.0485548
0.80179064
1.0662536
1.2438361
1.243567
1.065659
0.80243703
1.049005
0.55244601
0.65160456
0.4646457
0.48026684
0.47995884
0.46439206
0.65211552
0.5527745
0.64517952
0.69174488
0.71628753
0.76108716
0.64487654
0.69108674
0.71657536
0.76112373
0.5696151
0.60636606
0.49114937
0.53053849
0.53070572
0.49106587
0.60617268
0.56908265
0.69176251
0.64516284
0.76065568
0.71570912
0.71650041
0.76088304
0.644914
0.69096108
0.29605255
0.71061153
0.78684637
0.78707445
0.7107718
0.29822571
1.3530102
1.3531522
1.3530844
1.010826
0.99066745
1.0110683
0.99059329
1.3528717
1.3528333
1.0087214
0.98986307
0.98999805
1.0087297
1.018081
1.3080787
1.3081353
0.91137831
1.0180115
1.3082065
0.91137287
1.2549751
1.3082401
1.2550426
0.96738284
0.98753065
0.96739823
0.98758254
1.0178832
1.3080322
0.91140924
0.91136365
1.0165555
1.3079056
0.96746418
0.9874913
0.9674273
0.98747532
1.2548447
1.3079218
1.2548365
0.87232948
0.94717958
0.87235786
0.94712187
0.92317544
0.95073557
0.95074312
0.92315447
1.2804051
0.81469113
0.81464397
0.85760568
1.1937749
1.2801905
0.92312444
0.95072314
0.95072009
0.92313343
0.87225826
0.94691136
0.94693633
0.87225683
0.85748541
1.1937411
1.2794321
0.81443738
0.8144622
1.2801249
0.97145192
1.6801189
0.86285817
0.85422498
1.6797503
0.97114407
2.8162211
2.815727
0.8626143
0.85416152
0.97084918
1.6788484
0.971054
1.6790056
2.8147378
2.8149615
1.8335525
1.5697997
1.1932549
1.8683137
1.5507894
1.18638
2.168614
2.6855275
2.6664007
1.8861137
2.6527154
2.2748967
2.2603182
1.8672257
1.5510479
1.186792
1.5701875
1.1944247
1.8337503
0.69881824
1.281127
1.2811424
0.56044605
0.56036495
0.6943676
1.2799497
1.2798892
0.78983722
0.5623705
0.7878498
1.0244828
0.79125749
1.024994
1.2971828
1.2622339
1.2625256
1.2594927
1.2970816
1.26005
0.79534444
1.0279701
1.0285105
1.2799204
0.6948135
1.2800986
0.69865171
1.2809906
1.281169
0.56239315
0.78765524
0.56068747
0.78925445
0.80252716
1.0495344
1.2443161
1.0657157
0.80178228
1.048994
1.2446536
1.0663702
0.65212927
0.55260161
0.4793873
0.46378352
0.65151179
0.55207516
0.47982879
0.46420841
1.0488094
0.8016791
1.066321
1.2440835
1.2440415
1.0658011
0.80221999
1.048999
0.55213646
0.65134472
0.46401569
0.47971867
0.4795394
0.46380142
0.65176033
0.55228674
0.60647002
0.56970135
0.53029706
0.49053154
0.6062808
0.56934267
0.53068163
0.49094875
0.64531665
0.69186289
0.71630172
0.7611289
0.64516153
0.69153768
0.71665368
0.76125315
0.5694561
0.60606235
0.49056318
0.52973311
0.53039948
0.49055542
0.60555661
0.56800578
0.6918031
0.64507255
0.76094487
0.7158905
0.71661106
0.76114773
0.64467404
0.69087544
1.3140759
0.92253419
0.92244262
0.95279489
0.96217742
0.95282905
1.3140866
0.92212744
0.92237404
0.95288917
0.96223649
0.95286238
0.29701741
0.78696762
0.71088694
0.2974015
0.7871855
0.71102188
1.2262552
0.92280426
1.3142303
0.92299606
0.96249814
0.95319157
0.95314224
0.95297423
0.96243097
0.95306549
1.3142702
0.92321962
0.92322128
0.29718715
0.71090344
0.7870557
0.78719316
0.71103587
0.29909793
0.98971469
0.97995218
0.97996458
0.98834112
0.9443257
0.98832946
0.98972666
0.97997179
0.97998015
0.98830549
0.944335
0.98833352
0.97599882
0.98429942
0.9760134
0.94291854
0.95559549
0.95559211
0.95555394
0.94288181
0.95558759
0.98431832
0.9760239
0.97603642
0.97997026
0.98972803
0.97998548
0.94435227
0.98832208
0.9883254
0.98831605
0.94435163
0.98833162
0.98975153
0.98001003
0.98001586
1.0097505
0.9892105
1.0098057
0.98919629
1.3534737
1.0092801
0.83618325
0.8362213
0.83626589
1.0092965
0.83626121
1.3534589
1.0096871
0.98922414
0.98920711
1.0096884
1.2564741
1.3095025
1.3094158
1.2565289
0.96923795
0.98944398
0.9894931
0.96925629
1.0173474
1.3092542
0.91079636
0.91077767
1.017339
1.3092007
0.96933376
0.9894107
0.96929108
0.989401
1.2563488
1.3091849
1.2563427
1.2821867
0.81742567
0.81738603
0.8600493
1.1962089
1.2825339
0.92538776
0.95285012
0.92539087
0.95285229
0.87471525
0.94942818
0.87472061
0.94943972
0.86106968
1.1964979
1.2818689
0.81727468
0.81727948
1.2825067
2.8226704
2.8228042
0.86614157
0.8577393
0.97544827
1.6854356
0.97524527
1.6853483
2.8227567
2.822733
2.1647969
2.1785597
2.9264412
2.8302786
2.1148344
2.7805854
1.8339235
1.5729368
1.8675402
1.5514941
2.7108218
2.7539128
1.9474958
2.8696352
2.1530677
2.175569
1.8479267
1.5659813
1.5596987
1.862144
0.78615613
0.78372558
0.56928366
0.56104213
0.78856198
0.78553979
0.65377572
0.5544133
0.48021228
0.46465507
0.65233782
0.55256876
0.48129145
0.4653081
1.052214
0.80198209
1.0647947
1.2424326
1.2470854
1.066535
0.7997958
1.047137
0.55337337
0.6509216
0.46334161
0.47667804
0.48032789
0.46425977
0.64884459
0.5490285
0.64347933
0.68948914
0.71532629
0.75962864
0.64370678
0.69054899
0.71413431
0.75925369
0.56830254
0.60324568
0.48948887
0.52887528
0.53023757
0.49017652
0.60258893
0.56640351
0.68904635
0.64207473
0.75651189
0.71155267
0.71367199
0.75785191
0.64126601
0.68701135
0.30254606
0.70746603
0.78538259
0.78599956
0.70817256
0.30591169
1.3527036
1.3527619
1.3527412
1.0106587
0.99062815
1.0108444
0.99057992
1.3526633
1.3526556
1.0106287
0.99039703
0.99054865
1.0106616
1.0163808
0.91142343
1.0163885
1.3078919
1.3078814
0.91143724
1.2548326
1.254837
0.96764285
0.9874559
0.9676708
0.98745353
1.0163804
1.3078853
0.9112501
0.91143874
1.0163103
0.96775729
0.98746497
0.96771422
0.98748783
1.2548775
1.3078964
1.3079003
1.2548847
0.87227609
0.9468964
0.87226059
0.94689429
0.9231519
0.95079702
0.95077466
0.92316627
1.2794076
0.81441842
0.81441116
0.85759838
1.1936269
1.2799406
0.92318873
0.95080986
0.95082632
0.92317451
0.87234271
0.94690233
0.94690631
0.87235248
0.85677516
1.1933649
1.2793853
0.81440221
0.81440454
1.2799312
0.97078827
1.6784727
0.86243699
0.85389788
1.6783418
0.97066888
2.8144768
2.8143238
0.86219139
0.8538611
0.97048252
1.6780383
0.97061044
1.6780513
2.8135353
2.8135903
1.8352092
1.5720247
1.1975693
1.8674389
1.5512722
1.1872885
2.2899818
2.7110585
2.7552929
1.9508084
2.872736
2.1532397
2.1745217
1.8490206
1.5662878
1.1901003
1.5598926
1.1896132
1.8634162
0.7010798
1.2838585
1.2831079
0.56111167
0.69637224
1.2801575
1.2813523
0.56828989
0.56366953
0.78811116
0.56684137
0.78561184
1.0290804
0.79194064
1.0261139
1.294818
1.2572588
1.2582294
1.262753
1.2968681
1.2610311
0.78788441
1.0214626
1.0225965
1.283456
0.69746766
1.2818396
0.69295846
1.2783069
1.2793475
0.55907771
0.79016534
0.56436774
0.7871075
0.80453594
1.0528203
1.2438386
1.0666233
0.80268632
1.0486897
1.2475243
1.0678788
0.65377915
0.55439333
0.47972434
0.46418683
0.65218691
0.5521467
0.48116431
0.46499058
1.0527502
0.80236557
1.065305
1.2431039
1.2478216
1.0670716
0.80015254
1.0475979
0.55343683
0.65118138
0.46330403
0.47657373
0.48027891
0.46425626
0.64907979
0.54902168
0.60382442
0.56779284
0.52937984
0.48951966
0.60389044
0.56762916
0.53021757
0.49022395
0.64278968
0.6894759
0.71551339
0.75990453
0.64300413
0.69046426
0.71435702
0.75951984
0.56765118
0.60369977
0.48948597
0.52877278
0.53021283
0.4901667
0.60320982
0.56629921
0.68908889
0.64197939
0.75780762
0.71276963
0.71392374
0.75821838
0.64150541
0.68788615
1.3141376
0.9233692
0.92347848
0.95327345
0.96269256
0.9533278
1.31427
0.92342194
0.92356606
0.95329063
0.962733
0.95333552
0.30334578
0.78693533
0.71010395
0.29988955
0.7865459
0.70976078
1.2253876
1.2252487
0.92342159
1.3139222
0.92340404
0.96260653
0.95304638
0.95314097
0.95326301
0.96266809
0.95321486
1.3138826
0.92321126
0.92342054
0.3044882
0.70808257
0.78578139
0.78635339
0.70848926
0.30789681
0.98974488
0.98006368
0.98007057
0.98835098
0.94441528
0.98837737
0.98976282
0.98003731
0.98006964
0.98840406
0.94444884
0.98841235
0.97576519
0.98404406
0.97566916
0.94268735
0.95507267
0.95513052
0.95535173
0.94278912
0.95524352
0.98399161
0.97554545
0.97560087
0.98007493
0.98966627
0.98007042
0.94445335
0.98838382
0.98841075
0.98842283
0.94447271
0.98843359
0.98964524
0.98003554
0.98007168
1.0097113
0.9892829
1.00971
0.98929848
1.3534035
1.0093054
0.83582818
1.3534069
0.83588804
0.83599928
1.0093313
0.83595576
1.0097397
0.98934571
0.98933808
1.0097466
1.2563495
1.3091785
1.309168
1.2563495
0.96953747
0.98941536
0.98940836
0.96957081
1.0173553
1.3091788
0.91092595
0.91091069
1.0173578
1.3092098
0.96965987
0.98942743
0.96961455
0.98945295
1.2564077
1.3092
1.2564142
1.2818516
0.81727807
0.81728626
0.86045883
1.1962284
1.2824237
0.92550316
0.9529843
0.92548599
0.95300277
0.87485679
0.94949301
0.87486804
0.94948883
0.86154207
1.1965593
1.281922
0.81735948
0.81735155
1.2824516
2.8226074
2.8226849
0.86638197
0.85813153
0.9762763
1.6860316
0.97597614
1.6859383
2.8233966
2.8233332
2.2738059
2.1737882
2.9700611
2.8945636
2.1578825
2.8426047
2.1529259
1.8354446
1.5610003
1.8485222
1.5505545
2.6194798
2.6432119
1.7258621
2.7525292
2.2132237
1.8787491
1.5565642
1.5758778
1.8419487
0.78566137
0.78485546
0.56792877
0.56497937
0.78830819
0.78966156
0.65225936
0.5531329
0.47700938
0.46326336
0.65045204
0.54950613
0.47987092
0.46373875
1.0506854
0.80182983
1.0647663
1.2439568
1.2452502
1.0642842
0.80166924
1.0492566
0.55269215
0.65125208
0.46351992
0.47852226
0.47960088
0.46328583
0.65085606
0.55131405
0.64123156
0.68769633
0.7115103
0.75634912
0.64095689
0.68694933
0.71219281
0.7565952
0.56664301
0.60305967
0.49016107
0.53052875
0.52908174
0.48902088
0.6033316
0.56787676
0.68792361
0.6419219
0.75739936
0.71286982
0.71244987
0.75723358
0.64213936
0.68833339
0.30597347
0.70801416
0.78525885
0.78525269
0.70789893
0.30573155
1.3525975
1.3525762
1.0105861
0.99059453
1.0107825
0.99054243
1.3524862
1.3524769
1.0105212
0.9904756
0.99050315
1.0105333
1.0163819
0.91144343
1.0163774
1.3078965
1.3078857
0.911472
1.2548782
1.2548847
0.96785576
0.98752818
0.96785358
0.98753215
1.0177322
1.3078525
0.91135879
0.91138138
1.0177374
0.96786084
0.98752478
0.96786075
0.98753112
1.2548479
1.3078543
1.3078986
1.2548556
0.87237956
0.94690162
0.87236246
0.94690901
0.92324963
0.95090689
0.95089555
0.92325642
1.2793933
0.81439792
0.81440015
0.85772123
1.1936598
1.2799681
0.92325372
0.95090432
0.95090289
0.92325322
0.87239716
0.94690781
0.94691703
0.87239125
0.85682725
1.1933939
1.2794029
0.81439546
0.81439836
1.2799594
0.97043714
1.6780219
0.86231094
0.85371921
1.6779686
0.97032131
2.8137459
2.813637
0.86206538
0.8536819
0.97006649
1.6780089
0.97025806
1.6779889
2.8140158
2.8139434
1.8351218
1.5605563
1.1900621
1.8492432
1.5495334
1.1848779
2.6459787
2.6244605
1.737483
2.7563796
2.1941775
2.2114446
1.8788703
1.5559983
1.1871717
1.5750196
1.1956172
1.8426875
0.70059516
1.2824179
1.282487
0.55883282
0.69718207
1.2793047
1.2813243
0.56479009
0.56290281
0.78789766
0.78724047
1.0274875
0.79109044
1.024957
1.2955072
1.2604859
1.2603503
1.2616422
1.2972538
1.2600394
0.79214657
1.0261094
1.0258902
1.2813548
0.69485111
1.2802472
0.56228437
0.69613216
1.280529
1.2804286
0.56186219
0.7904248
0.56113175
0.79186407
0.80330644
1.0514532
1.243729
1.0668465
0.80176177
1.0483116
1.2461315
1.0671696
0.65199088
0.55272795
0.4767915
0.46281136
0.65030784
0.54937285
0.47940726
0.46331159
1.0507247
0.80168318
1.0649467
1.2443833
1.2455582
1.0644125
0.80158588
1.0494334
0.55229941
0.65100396
0.4631159
0.47819913
0.47914673
0.46281
0.65067298
0.55108566
0.60293136
0.56626137
0.52853043
0.48849654
0.60220665
0.56613867
0.52858486
0.4888299
0.64187252
0.6887486
0.71272547
0.75763907
0.64110668
0.68781411
0.71349078
0.75788898
0.56659894
0.60321083
0.4894266
0.53024989
0.52876804
0.48879977
0.60428462
0.56848544
0.6889566
0.64260732
0.75894253
0.7144241
0.71377464
0.75872633
0.6431653
0.68974695
1.3136416
0.9230522
0.92315062
0.95300766
0.96249598
0.95298327
1.3137062
0.92322889
0.92326466
0.95289718
0.96247738
0.95295318
0.30726361
0.78567468
0.70781647
0.3082266
0.78557699
0.70799925
1.2251811
1.2252097
0.92312598
1.3137002
0.923139
0.96227711
0.95272699
0.95280114
0.95287434
0.96234177
0.95284696
1.3137309
0.92301263
0.92319604
0.30667019
0.70875977
0.78554053
0.78556333
0.70861677
0.30606287
0.98959075
0.97998218
0.9800094
0.98838401
0.94442396
0.98837589
0.98959989
0.98003301
0.98003504
0.98833016
0.94441883
0.98837403
0.97569276
0.98406905
0.97573059
0.94268998
0.95532219
0.95530307
0.95525934
0.94271756
0.95529694
0.98410601
0.97579738
0.97577545
0.97997942
0.98960557
0.97996347
0.94428884
0.9881981
0.98824868
0.98831675
0.94433688
0.98829799
0.98961625
0.97990725
0.9799547
1.0097041
0.98933922
1.0097265
0.98932747
1.3532707
1.0091248
0.83571882
1.3532622
0.8357347
0.83574904
1.0091747
0.83575559
1.009646
0.98926616
0.98928092
1.0096301
1.2564155
1.3092043
1.3091908
1.2564209
0.96976097
0.98949135
0.98949732
0.96975692
1.0173242
1.3091659
0.9108983
0.91090045
1.017323
0.96976246
0.98948535
0.96975893
0.98949081
1.2563967
1.3091672
1.3091625
1.2563897
1.281924
0.81736954
0.81738058
0.86091124
1.1963933
1.2825179
0.92557363
0.95308074
0.92557438
0.9530771
0.87492884
0.94953414
0.87492455
0.94953574
0.86193237
1.1967214
1.2820001
0.81743071
0.81742483
1.2825438
2.8233188
2.8235006
0.86677249
0.85862695
0.97709078
1.686525
0.97680869
1.6864201
2.8235035
2.8234678
2.1860759
2.216843
2.9610728
2.8643193
2.1123758
2.7155556
2.1769862
1.8365271
1.5581411
1.8432141
1.5530959
2.1791255
2.8579018
2.7514903
2.093619
2.6408999
2.2944839
1.8460711
1.5524915
1.5601137
1.8366544
0.78579459
0.56628636
0.78515998
0.56731913
0.56725096
0.78567929
0.78731275
0.65222839
0.55162883
0.47866588
0.46399205
0.65209447
0.55153393
0.47898444
0.46382418
1.0481247
0.80279921
1.0665893
1.2449564
1.2425732
1.0658729
0.80379385
1.050337
0.55132939
0.65167853
0.46338679
0.47913793
0.47886987
0.46300884
0.6524498
0.55191119
0.64189993
0.68787542
0.7127115
0.75694811
0.64196687
0.6882054
0.71256215
0.75671786
0.56655314
0.60244683
0.4886456
0.52846743
0.52853289
0.48844902
0.60244656
0.56585078
0.68761504
0.64106878
0.75704212
0.71237395
0.71237866
0.75704362
0.6410826
0.68760307
0.31125169
0.70724452
0.78493596
0.78503695
0.70724755
0.31085733
1.3524164
1.010428
0.99050279
1.0106346
0.99042462
1.35233
1.3523116
1.010361
0.99036064
0.99038053
1.0103801
1.0163392
0.91140242
1.0163422
1.3078392
0.91140095
1.2548408
1.2548534
1.3078288
0.96781208
0.98747355
0.96778443
0.98749111
1.0176055
1.3078124
0.91136413
0.9113186
1.0164314
0.96775741
0.98746183
0.9677718
0.98746461
1.2548099
1.3078059
1.3078067
1.2548119
0.87238739
0.94690181
0.8723853
0.94690446
0.92323645
0.95087283
0.95087626
0.92323169
1.2794052
0.81439112
0.81439312
0.85762836
1.1936231
1.2799651
0.92321653
0.95085992
0.95085227
0.92322049
0.8723647
0.94689707
0.94690349
0.87235845
0.85666497
1.1933515
1.2794036
0.81437875
0.81438223
1.2799539
0.96998261
1.6778347
0.86212588
0.85346065
1.6777351
0.9697551
2.8135638
2.8133776
0.86185006
0.85341083
0.96937564
1.6775158
0.96966019
1.6776039
2.8136013
2.813711
1.8376178
1.5571183
1.1886433
1.8434828
1.5527535
1.1879299
2.8548459
2.7484315
2.095117
2.642129
2.2845871
2.2972485
1.8467255
1.5518193
1.1878583
1.5597059
1.1908438
1.8366467
0.70000096
1.2808278
1.2818342
0.56174924
0.69771009
1.2802126
1.2811483
0.56238111
0.56452778
0.56344943
0.78768957
0.78703379
1.025166
0.79448747
1.0278836
1.2989499
1.2631067
1.2645864
1.2605088
1.2978977
1.2622265
0.79814931
1.0293614
1.0310032
1.2800763
0.69749843
1.2810081
0.56424553
0.56073756
0.56203981
0.70116501
1.2822431
1.2821865
0.56393131
0.78789369
0.78947632
0.80364481
1.0490193
1.2442017
1.0669079
0.80348769
1.0494558
1.243647
1.0670794
0.65223655
0.55148863
0.47839674
0.46385565
0.65208729
0.55136434
0.47871694
0.46381943
1.0483307
0.80265627
1.0667066
1.2452851
1.2430509
1.066022
0.80358906
1.0503686
0.55110524
0.65145195
0.46298825
0.47858722
0.47852701
0.46271122
0.65215594
0.55148042
0.60426104
0.56749214
0.53044805
0.49016872
0.60469541
0.56871384
0.52936596
0.49037233
0.64272363
0.6885824
0.71432639
0.75867463
0.6431454
0.68966081
0.71334072
0.75835405
0.56696602
0.60288
0.48875343
0.52789714
0.52887548
0.4888947
0.60277821
0.56638759
0.68819162
0.64148022
0.7575455
0.71282097
0.71300892
0.75757731
0.64140654
0.68796575
1.3135335
0.92277258
0.92291393
0.95269749
0.96212458
0.95265873
1.3136256
0.92304429
0.92306639
0.95251422
0.96207426
0.95259976
0.31004971
0.7855047
0.70853743
0.3065301
0.78530709
0.70829372
1.2244254
0.92278388
1.3133743
0.92269434
0.96177161
0.95214177
0.95228832
0.95246441
0.96186797
0.95239487
1.3133039
0.92232421
0.92262426
0.3108847
0.70768931
0.78509396
0.78523303
0.70771435
0.31057246
0.98955702
0.97977241
0.97982616
0.98817747
0.94419451
0.98814984
0.98959155
0.97989101
0.97987511
0.98806786
0.94417311
0.98812912
0.97577537
0.98402775
0.97572169
0.94240341
0.95508707
0.95517098
0.95529965
0.94249296
0.95525435
0.98396453
0.97557308
0.9756652
0.97973958
0.9894286
0.97968891
0.94400727
0.98787239
0.98793759
0.98803781
0.94406016
0.98800244
0.98937128
0.97955321
0.97964164
1.0095416
0.98921874
1.0095673
0.98920422
1.3531342
1.0089099
1.3531047
0.83578395
1.3531219
0.83579435
0.83577733
1.0089471
0.8358035
1.0095135
0.98919518
0.98918947
1.0095173
1.2563771
1.3091596
1.2563867
0.9697041
0.98944474
0.98945402
0.96968451
1.0173527
1.3091577
0.91090122
0.91088597
1.0173626
0.96968831
0.98944534
0.96968364
0.9894626
1.2563895
1.3091923
1.3091734
1.2564021
1.2819981
0.81744115
0.81745452
0.86118831
1.1965158
1.2825925
0.9255822
0.95306433
0.92557535
0.95306846
0.87496824
0.94961299
0.87497622
0.94960124
0.86218476
1.1968479
1.2821156
0.8175434
0.81752697
1.2826239
2.824329
2.8246573
0.86717504
0.85913811
0.97802298
1.687793
0.97766741
1.6875415
2.8250829
2.8248028
2.2749095
2.155946
2.6795247
2.6721173
1.7917253
2.8570188
2.158761
1.8650155
1.5701173
1.8678479
1.5684505
2.1887601
2.6916755
2.6541584
1.8656532
2.7016412
2.1666278
1.8615943
1.5535085
1.5640743
1.8403342
0.78819481
0.78824088
0.56210273
0.56295379
0.78678498
0.78791788
0.64988607
0.55032737
0.47839151
0.46241615
0.64990479
0.55096932
0.47748474
0.46228384
1.0487206
0.80084623
1.0656832
1.2444069
1.2438012
1.0650497
0.80138667
1.0494683
0.55014178
0.64978543
0.46209784
0.47858635
0.47735585
0.46178112
0.6503617
0.55143868
0.64135223
0.68749589
0.71256871
0.75761345
0.64147534
0.68779016
0.71220955
0.75769614
0.56593405
0.60187168
0.48751271
0.52774823
0.52814573
0.48760055
0.60181664
0.56562355
0.68742348
0.64097716
0.75690937
0.71288443
0.71214485
0.75682893
0.64094941
0.68790334
0.30701508
0.70750609
0.78452723
0.78464425
0.70751611
0.30864897
1.3522796
1.0103604
0.99042762
1.0105372
0.99036765
1.3522887
1.352298
1.0104053
0.99046505
0.99038715
1.0106221
1.0177913
1.3078662
0.91137913
1.0164782
1.3078072
0.91132965
1.2548246
1.2548234
1.3078126
0.96770092
0.98747376
0.9676772
0.98747342
1.0179909
1.3078741
1.3078899
0.91137522
0.91136304
1.0179629
0.96765149
0.9874792
0.96766631
0.98749831
1.2548285
1.3080259
1.3079999
1.2548321
0.87236031
0.94689544
0.87235424
0.94690384
0.92321739
0.95085268
0.95084599
0.92322167
1.2794134
0.81437627
0.81438083
0.85741869
1.1936136
1.2800074
0.92322571
0.950849
0.95084958
0.92321985
0.87237298
0.94695807
0.94695046
0.87237537
0.85643594
1.1933524
1.2795104
0.81439865
0.81439185
1.2800095
0.96926666
1.6770106
0.86191773
0.85312388
1.6768219
0.9689895
2.8129037
2.8129285
0.8616689
0.85306518
0.96853138
1.6757147
0.96887122
1.6760422
2.8114225
2.812042
1.864911
1.569483
1.1922205
1.8679601
1.5674842
1.1913831
2.1891436
2.6940966
2.6550223
1.8889277
2.7035156
2.1876632
2.1671461
1.862708
1.5538022
1.1850187
1.5641756
1.187816
1.8413447
0.6954693
1.2798719
1.2797893
0.69452333
1.2811895
1.279838
0.5587105
0.55868761
0.55931921
0.79040068
0.79052188
1.0225378
0.78881569
1.0226969
1.2945947
1.2607821
1.2595704
1.2574889
1.2936866
1.2576926
0.7913982
1.0260705
1.0250225
1.2794504
0.69449645
1.2796533
0.55814077
0.55868127
0.69688157
1.2815579
1.2807634
0.56078571
0.78851515
0.78983079
0.80059775
1.0490875
1.2448017
1.0650665
0.80068739
1.0494632
1.2444839
1.0647426
0.64953001
0.54988522
0.47781346
0.46172071
0.64955957
0.55051633
0.47691278
0.4616083
1.0488493
0.80093277
1.0661398
1.2452228
1.2441946
1.0653923
0.80167199
1.0500954
0.54979233
0.6497324
0.46208879
0.47845032
0.4768709
0.46156844
0.65048761
0.55149152
0.60285092
0.56603359
0.52784994
0.4876802
0.60288637
0.56640123
0.52803076
0.48773424
0.64171594
0.68837314
0.71294441
0.75791435
0.64165082
0.68807767
0.71329017
0.7580663
0.56641567
0.60296283
0.48757688
0.52820449
0.52778852
0.48751748
0.6029625
0.56666472
0.68837838
0.64174956
0.7581409
0.71323589
0.71331177
0.75819913
0.64173982
0.68836773
1.3131189
0.92191626
0.92205545
0.952044
0.96148709
0.95195433
1.3131738
0.92227122
0.92223767
0.95179889
0.96142011
0.95187238
0.30753215
0.78505384
0.70797342
0.30957006
0.7849872
0.70809455
1.2243192
0.92196465
1.3131058
0.92192389
0.96128967
0.95168197
0.9517535
0.95179414
0.96132032
0.95178938
1.3130681
0.92162416
0.92189385
0.30772384
0.70810781
0.78489657
0.78497704
0.70817903
0.30981571
0.989056
0.97935811
0.97939696
0.9878401
0.9439123
0.98781052
0.98913084
0.97949799
0.97945456
0.98777075
0.94390768
0.98780185
0.97519327
0.98348258
0.9751683
0.94188957
0.95461646
0.95466433
0.95472574
0.94193277
0.95470679
0.98347858
0.9751045
0.9751564
0.97936311
0.98899624
0.9793712
0.94394109
0.98782737
0.98781722
0.98778595
0.94392709
0.98781046
0.98900842
0.97938432
0.97939602
1.0095737
0.9892311
1.0095544
0.98925066
1.0089704
0.83600596
0.83596823
0.83587028
1.0089457
0.83593225
1.3532156
1.0096743
0.98937395
0.9893368
1.0097178
1.2564493
1.2564312
0.96972147
0.98957985
0.98955798
0.96972174
1.0174709
1.3093167
0.91106648
0.91103151
1.0174973
0.96974529
0.9896085
0.96973406
0.9896505
1.2565702
1.3093918
1.3093589
1.2565963
1.2821317
0.81756747
0.81759454
0.86147661
1.1967496
1.2827885
0.92573299
0.95319244
0.92570806
0.95321335
0.8751335
0.94983435
0.87515454
0.94980418
0.86249242
1.1971002
1.2823901
0.81775661
0.81772863
1.2828404
2.82634
2.8265151
0.86774575
0.85982626
0.97914576
1.6905823
0.97872385
1.6900687
2.8288243
2.8280039
2.1613726
2.2809815
2.6686115
2.6712575
1.8545552
2.6499695
2.2762181
1.8726316
1.5513979
1.8331585
1.5749031
2.2656251
2.9730525
2.8776967
2.1579706
2.8550067
2.1605479
2.173789
1.836898
1.5676789
1.555368
1.8593355
0.78591233
0.78804617
0.5649934
0.56612092
0.7867809
0.78446989
0.65084605
0.5520245
0.47892547
0.46321898
0.65120054
0.55180888
0.4791714
0.46322739
1.0511195
0.80390972
1.0661771
1.2431558
1.24564
1.067084
0.80250755
1.0482987
0.55285657
0.65279902
0.4634571
0.47840461
0.47971228
0.46411147
0.65154289
0.55108809
0.64173972
0.68828619
0.71304149
0.75779801
0.64163798
0.68816661
0.71291883
0.75767419
0.56723475
0.60306464
0.48945652
0.52931526
0.52983508
0.48997085
0.60296356
0.56698249
0.68817502
0.64159734
0.7567255
0.71158429
0.71280379
0.75720324
0.64158735
0.68738876
0.31031955
0.70641202
0.78364079
0.78392127
0.70669358
0.31134666
1.3523323
1.352381
1.010809
0.99053324
1.0107728
0.99057475
1.3525635
1.3526813
1.3526297
1.0109481
0.99059994
0.99061604
1.0110104
1.0180526
1.3081518
1.3081131
0.91140386
1.0180404
0.91141922
1.2548794
1.308043
1.2548531
1.308072
0.96757627
0.98764911
0.96755256
0.98761996
1.0181299
1.3081879
1.3082381
0.91140455
0.91142183
1.0181701
0.96750373
0.98767706
0.96752639
0.98772342
1.2550358
1.3083614
1.3082952
1.2550661
0.87239537
0.94697295
0.87238019
0.94700413
0.92328376
0.95090486
0.95089104
0.92329819
1.2795654
0.8144064
0.81440931
0.85711077
1.1937097
1.2802366
0.92331768
0.950903
0.95090422
0.92330437
0.87243811
0.94720606
0.94716891
0.87244426
0.85694564
1.1937504
1.2799368
0.8146064
0.81457219
1.2802886
0.96841653
1.67472
0.86179652
0.85272103
1.6743533
0.96812389
2.8103484
2.8099748
0.86179729
0.85266763
0.96773162
1.6729125
0.96801216
1.6732476
2.8079546
2.8085558
1.8737925
1.5512553
1.1876852
1.8331744
1.5750216
1.1979773
2.2668675
2.9793341
2.8817571
2.1633803
2.8589354
2.1608125
2.1738094
1.8378561
1.567634
1.1944188
1.5548585
1.1910916
1.8606973
0.69511713
1.2813595
1.2808587
0.69942515
1.2823328
1.2820862
0.56350651
0.56232551
0.56419509
0.78783292
0.79009484
1.0303454
0.79747625
1.0308343
1.2979842
1.2600953
1.2613476
1.2643706
1.3000689
1.2648918
0.79264428
1.0245204
1.0265028
1.2828759
0.70116267
1.2829313
0.56340612
0.56631124
0.69628219
1.2801127
1.2811401
0.78865818
0.56653073
0.78650748
0.80170721
1.0500609
1.2456663
1.0664171
0.80245363
1.0506277
1.2450606
1.0654561
0.65083921
0.55179507
0.47881568
0.46329655
0.65136108
0.55188543
0.47883323
0.4634087
1.0511859
0.80387289
1.0665136
1.2437454
1.2459839
1.0673294
0.80258284
1.0486371
0.55260201
0.65270013
0.46355968
0.47820951
0.47935627
0.46416108
0.65153921
0.55101722
0.60371892
0.56779549
0.52869428
0.48944063
0.60352124
0.56698595
0.52960365
0.48964024
0.64224829
0.68866919
0.71325969
0.75801988
0.64211497
0.68845305
0.71325965
0.75795038
0.568203
0.60446472
0.49014263
0.52976303
0.53012187
0.49057962
0.60443194
0.56813205
0.68878679
0.64277982
0.75776257
0.71332659
0.71328969
0.75778253
0.64280359
0.68892533
1.3130312
0.92119839
0.9214664
0.95166684
0.96118114
0.95164612
1.3130381
0.92162265
0.92165141
0.95146621
0.96111658
0.95158186
0.31060515
0.78483406
0.7078426
0.31021731
0.78447628
0.7077043
1.2239212
0.92104881
1.3128041
0.92085708
0.9608349
0.95125881
0.95129354
0.95139327
0.96089873
0.95133707
1.312801
0.92046811
0.92076444
0.3109703
0.70719211
0.78428248
0.7844122
0.70727903
0.31151241
0.98887511
0.97936733
0.97938351
0.98786313
0.94402595
0.98789034
0.98893614
0.97939703
0.9794053
0.98792799
0.94405833
0.98792536
0.9745555
0.98297821
0.97448056
0.94110764
0.95379461
0.95383886
0.95401976
0.94121192
0.95393191
0.98295447
0.97440569
0.9744376
0.97937994
0.98879506
0.97938291
0.94410856
0.98798636
0.98798638
0.98796076
0.94411276
0.9879875
0.98879674
0.97938044
0.97939565
1.0099601
0.98949662
1.0098951
0.98953454
1.3535395
1.0092636
0.83615186
0.83616221
0.8361324
1.0092511
0.83616319
1.3536106
1.0101235
0.98961484
0.98960232
1.0101769
1.2566786
1.3094732
1.2566385
0.96978389
0.98991341
0.98987115
0.96977291
1.0177005
1.3096897
0.91119657
0.91118804
1.0177365
0.96974937
0.98995598
0.96976027
0.99001484
1.256885
1.309824
1.3097489
1.2569208
1.2824261
0.81779289
0.81783541
0.86176247
1.1970768
1.2831445
0.92595431
0.95339047
0.92593151
0.9534022
0.87532615
0.95019872
0.87533926
0.95015027
0.86182262
1.1971556
1.2828849
0.81810027
0.8180536
1.283237
2.8305265
2.8311152
0.86825851
0.86060109
0.98024865
1.6945625
0.97983892
1.6939948
2.8340674
2.8332172
2.2714454
2.7374061
2.8394361
2.0675349
2.6369354
2.2213989
1.8441276
1.5515003
1.8354387
1.5571898
2.9489077
2.8529438
2.0943592
2.7370604
2.209224
2.1794049
1.835199
1.5570696
1.5515895
1.8427389
0.78670833
0.78814765
0.56406214
0.56630402
0.78681287
0.56675188
0.78643601
0.65104771
0.55066821
0.47835407
0.46236773
0.65154151
0.55122333
0.47782013
0.46172077
1.0489499
0.80352105
1.0673603
1.2451994
1.2438597
1.0672316
0.80354744
1.0499704
0.55107882
0.65217409
0.46098746
0.47757881
0.47804207
0.46127252
0.65214838
0.55094969
0.64084616
0.68661126
0.71146552
0.75572018
0.64114341
0.68724964
0.71089382
0.75559763
0.56564616
0.60138221
0.48659213
0.5271239
0.52780026
0.48698949
0.60165382
0.56523644
0.68646455
0.6403274
0.75587979
0.71045087
0.71068259
0.75618161
0.64022216
0.68601958
0.31247311
0.7055208
0.78299979
0.7835829
0.70581844
0.3146622
1.3529227
1.3527484
1.3528334
1.0111897
0.99058714
1.0111559
0.99059177
1.3533025
1.3537137
1.3534985
1.0114056
0.9905245
0.99055318
1.0115243
1.018306
1.3087215
1.3086061
0.91137707
1.0182768
0.91137486
1.2551328
1.3084274
1.2551001
1.3085091
0.96728712
0.98806538
0.96722516
0.98799003
1.0184649
1.3088513
0.91134336
0.91135127
1.0185475
0.96714258
0.98815748
0.96717326
0.98828837
1.2553751
1.3095136
1.3092467
1.2554392
0.87247555
0.94725421
0.8724533
0.94731385
0.92341591
0.95092876
0.95091591
0.92345066
1.2805508
0.81463196
0.814667
0.85685967
1.1940132
1.2809161
0.92354258
0.95093534
0.95095566
0.9234872
0.8726554
0.94782497
0.94770807
0.87272409
0.85667936
1.194084
1.2811526
0.81463603
0.81467985
1.2810609
0.96765869
1.6721014
0.86203445
0.85246975
1.6718687
0.9675663
2.8069865
2.8066075
0.86236022
0.85248364
0.96791042
1.6717683
0.96757678
1.6716322
2.8061682
2.8060586
1.8442065
1.55103
1.1860586
1.8357592
1.5567536
1.1873221
2.1907757
2.954041
2.8561209
2.1032385
2.7362296
2.2107882
2.1802546
1.8355317
1.5561332
1.1875522
1.5511444
1.186635
1.8425192
0.69576304
1.2796294
1.2803641
0.69902837
1.280853
1.281399
0.56142559
0.56305522
0.78856557
0.79002474
1.0269404
0.79610403
1.0296933
1.2962191
1.2601675
1.2615621
1.2615912
1.2977109
1.2636967
0.79313218
1.0246477
1.0270619
1.2805786
0.69883083
1.281527
0.56233211
0.56327314
0.56178641
0.69613358
1.2800599
1.2808489
0.78897895
0.56387603
0.78851584
0.80227434
1.0485131
1.2441862
1.0667598
0.80285309
1.0491371
1.2437276
1.0663245
0.65108744
0.55059302
0.47819063
0.4626669
0.65158708
0.55116873
0.47763452
0.4618892
1.0492517
0.8035014
1.0675452
1.2455709
1.2444152
1.0674658
0.8034414
1.0500639
0.55095965
0.6520698
0.46048641
0.47721673
0.47782311
0.46098044
0.6519573
0.55063873
0.6036514
0.56664402
0.52966759
0.48896721
0.60405985
0.5680465
0.52763825
0.48766335
0.64220121
0.68817373
0.71328004
0.75767942
0.6425192
0.68887277
0.71269019
0.75755577
0.56633406
0.60257762
0.48621363
0.52660487
0.5274179
0.48712312
0.60213984
0.56527957
0.68786059
0.64112976
0.75649993
0.71107219
0.71240332
0.75688194
0.64066849
0.68651972
1.3128214
0.92011421
0.92025769
0.95130739
0.96079848
0.95138675
1.3127963
0.92041528
0.92040662
0.95157752
0.96081431
0.95148002
0.31225221
0.78429364
0.70709039
0.31150755
0.78421981
0.7070124
1.2243455
0.92014057
1.3129912
0.92013163
0.96087886
0.95232657
0.95213924
0.9517479
0.96088192
0.95194119
1.3131475
0.9200984
0.92021951
0.31299036
0.70615024
0.78350983
0.78417721
0.70648711
0.31530752
0.98885617
0.97940744
0.97941299
0.98800913
0.94409754
0.98802422
0.9888414
0.97939735
0.97941802
0.98803558
0.94409178
0.98804734
0.97454499
0.98312757
0.97456305
0.94096016
0.95383046
0.95387823
0.95390271
0.94101873
0.95391898
0.98313617
0.97452676
0.97456429
0.97942032
0.98892442
0.97941652
0.94399644
0.98804772
0.98805074
0.98805129
0.94402965
0.98806299
0.98893617
0.97938442
0.97941695
1.0103703
0.98960464
1.0103223
0.98958937
1.3542881
1.0094455
0.83567926
0.83582576
0.83600106
1.0094201
0.83594043
1.3544906
1.0105828
0.98953416
0.98954272
1.0106894
1.2569902
1.3098938
1.3099736
1.2569582
0.96954414
0.99036993
0.99029744
0.96947796
1.018066
1.3103246
0.91114664
0.91113723
1.0181458
0.96939275
0.99046332
0.96942674
0.99059286
1.2572319
1.3109793
1.3107118
1.257294
1.2829754
0.81814659
0.81819205
0.86180441
1.1975489
1.2839182
0.92620788
0.95345706
0.92615382
0.95347585
0.8755772
0.95085626
0.87564378
0.95073484
0.8627518
1.1979489
1.2842292
0.81821987
0.81825471
1.2840995
2.8359343
2.8366853
0.86952245
0.86142044
0.98184942
1.6985836
0.9811437
1.6980707
2.8391651
2.8386445
2.6242375
2.6473337
1.7361614
2.8230327
2.2000267
1.8765905
1.5557035
1.8402292
1.5749344
2.6649857
2.6740581
1.7916203
2.8729631
2.2043339
2.1422497
1.8614992
1.5548441
1.5660429
1.8417466
0.78703502
0.7865914
0.76021934
0.79152938
0.65108116
0.54985426
0.47716258
0.45915709
0.65102469
0.55056169
0.47601247
0.45818507
1.0528999
0.80277898
1.0668306
1.249051
1.2498723
1.0680321
0.80110085
1.0546242
0.54935086
0.65064449
0.46912451
0.48251728
0.47544983
0.45991765
0.65195834
0.55977153
0.63652223
0.68160433
0.70972507
0.7536545
0.63794162
0.68529298
0.7062109
0.75236941
0.55957864
0.59800226
0.49770418
0.55083526
0.52193094
0.48581283
0.60608293
0.58339936
0.68084766
0.63615028
0.75747669
0.71697608
0.7054936
0.75160439
0.64304232
0.69467291
0.39045493
0.7034605
0.77407292
0.78454694
0.69912547
0.40376803
1.354397
1.3539719
1.354244
1.0115311
0.99045675
1.0117889
0.99028372
1.3523659
1.3446432
1.0073994
0.98677773
0.98808885
1.0059875
1.0191579
1.3102965
1.3102387
0.91146814
1.0189141
0.9115555
1.2554348
1.3098142
1.2554782
1.3101253
0.9666448
0.98877577
0.96603446
0.98893808
1.01841
1.3093332
0.90861072
0.91089805
1.0174184
1.3004236
0.96259316
0.98815844
0.96455648
0.98690929
1.2447997
1.3081574
1.248258
0.87292991
0.94797631
0.87281323
0.94816866
0.92401332
0.95088362
0.9510455
0.92404136
1.2814486
0.81457973
0.81452882
0.85634328
1.1934761
1.282592
0.92311541
0.95044888
0.94942127
0.92387595
0.87026442
0.94472712
0.94770811
0.86625446
0.85188549
1.1918412
1.2793792
0.81582947
0.80619685
1.2816944
0.96815482
1.672747
0.86315864
0.85264405
1.6729255
0.96933762
2.8076501
2.8075518
0.86102369
0.85234133
0.94325784
1.6332147
0.96932036
1.6566623
2.7280677
2.7763449
1.8778853
1.5552418
1.186983
1.8405824
1.5750187
1.1953736
2.3007803
2.6711416
2.6781636
1.8039346
2.8770861
2.203969
2.1413849
1.8614098
1.5542328
1.1813618
1.5648
1.1885773
1.842169
0.69125669
1.2811755
1.2801618
0.56440784
0.69386822
1.2805174
1.2806305
0.7890473
0.56452133
0.78850186
1.0254388
0.79014951
1.0253546
1.2893192
1.2662689
1.2554796
1.26187
1.2960558
1.2614043
0.79102166
1.037666
1.0213976
1.2812622
0.6932185
1.2827239
0.58658323
0.57018416
0.692151
1.2903168
1.284283
0.58999701
0.76223522
0.5690417
0.79368929
0.80272891
1.0520041
1.2462772
1.0675025
0.80247433
1.0504627
1.248463
1.0680305
0.65096784
0.5496115
0.47681116
0.45869419
0.65088258
0.55026794
0.47570473
0.45782705
1.0530584
0.80272231
1.0671234
1.2497328
1.2503063
1.0682447
0.80117655
1.0550681
0.54909078
0.65050162
0.46909816
0.48242286
0.47513933
0.45975363
0.65194445
0.55977067
0.59815699
0.55970324
0.52605187
0.48429265
0.5996891
0.56457603
0.52227808
0.48306189
0.63689385
0.68222118
0.71035968
0.75431912
0.63827342
0.68579994
0.70691908
0.75304885
0.55903034
0.59795873
0.49762685
0.55130544
0.52197224
0.48550323
0.60564173
0.58382362
0.68150324
0.63655808
0.75812321
0.71756542
0.70621878
0.75228686
0.64324899
0.69510244
1.3131728
0.91927551
0.91982752
0.95255413
0.96077364
0.95275368
1.3134937
0.92018687
0.92021297
0.95289619
0.9606594
0.95284228
0.35361676
0.78309185
0.70400278
0.31737055
0.7829611
0.70260177
1.2115747
0.91836653
1.3088645
0.91849853
0.95901427
0.95296541
0.95319777
0.95287699
0.95999033
0.95312433
1.3058415
0.92341018
0.91885466
0.39135187
0.70405382
0.7745147
0.78507434
0.69973528
0.40416718
0.98892485
0.97936373
0.97940114
0.98808528
0.94400977
0.98813638
0.98892867
0.97938839
0.97940557
0.98822549
0.94405732
0.98821237
0.97463728
0.98283082
0.97461809
0.94071454
0.95193509
0.95421414
0.95400902
0.94081728
0.9540742
0.98255254
0.9723177
0.97468456
0.97924423
0.98848673
0.97873538
0.94107934
0.98313349
0.98609433
0.98813178
0.94320145
0.98753904
0.98795943
0.97449444
0.97759747
1.0109281
0.98945269
1.0109815
0.98934145
1.3533823
1.0084222
0.83888445
0.82435387
0.83429177
1.0089945
0.8349361
1.3456655
1.0088164
0.98808443
0.98786215
1.0073314
1.2572735
1.3112752
1.3115896
1.2573277
0.96885033
0.99104246
0.99121383
0.96822552
1.0181531
1.3108944
0.90859995
0.91072554
1.0185323
0.96476823
0.99041927
0.9667397
0.98916341
1.2465712
1.3097358
1.3020062
1.2500044
1.2845253
0.81817624
0.81812989
0.86162013
1.1970981
1.2856735
0.92575277
0.952937
0.92651816
0.95190358
0.8731743
0.94777512
0.95072981
0.86918084
0.85811852
1.1957742
1.2824488
0.81941999
0.80987437
1.2847954
2.8402758
2.8403968
0.86845981
0.86171626
0.95866156
1.6608761
0.98357214
1.6843616
2.7616319
2.8101493
)
;
    }
}


// ************************************************************************* //
