/*--------------------------------*- C++ -*----------------------------------*\
| =========                 |                                                 |
| \\      /  F ield         | OpenFOAM: The Open Source CFD Toolbox           |
|  \\    /   O peration     | Version:  2412                                  |
|   \\  /    A nd           | Website:  www.openfoam.com                      |
|    \\/     M anipulation  |                                                 |
\*---------------------------------------------------------------------------*/
FoamFile
{
    version     2.0;
    format      ascii;
    arch        "LSB;label=32;scalar=64";
    class       volScalarField;
    location    "700";
    object      yPlus;
}
// * * * * * * * * * * * * * * * * * * * * * * * * * * * * * * * * * * * * * //

dimensions      [0 0 0 0 0 0 0];

internalField   uniform 0;

boundaryField
{
    inlet
    {
        type            calculated;
        value           uniform 0;
    }
    outlet
    {
        type            calculated;
        value           uniform 0;
    }
    topandbottom
    {
        type            calculated;
        value           uniform 0;
    }
    front
    {
        type            symmetryPlane;
    }
    back
    {
        type            symmetryPlane;
    }
    airfoil
    {
        type            calculated;
        value           nonuniform List<scalar> 
12960
(
52.1886
47.580614
56.106089
47.504509
47.587203
46.961744
42.455503
47.108674
42.596272
46.591304
47.073636
47.172467
56.19552
56.050181
47.093945
55.260609
47.04026
54.342803
46.438003
48.066327
56.548328
47.393683
42.023774
47.390602
55.143824
47.495085
42.482695
47.073086
47.740838
47.068893
56.267653
47.415283
51.576882
51.618556
46.110754
42.577048
54.40852
54.376467
46.310881
55.232154
41.286044
42.264534
40.581426
42.32516
40.325465
40.066205
40.507415
46.988143
40.243327
55.77845
39.939515
40.20934
39.880417
55.199057
40.04049
55.550137
39.8367
40.02491
39.615396
46.140693
39.798271
55.820926
39.896395
40.159499
39.659756
46.987503
39.903442
42.6465
39.925233
39.730919
40.004112
47.883991
40.09214
41.922923
40.207611
39.874059
40.461473
47.432204
40.282273
47.540801
40.371392
40.211934
40.103485
42.75047
39.80246
55.59266
39.930347
39.990461
39.64976
47.001926
39.57502
54.504451
39.79961
39.776678
39.592005
41.274459
39.344146
42.76379
40.982545
39.881083
19.343847
47.918263
40.721937
40.595161
19.092261
19.022717
42.151116
40.454826
40.111467
18.920489
19.020273
19.094265
41.790697
39.81407
39.881497
18.94263
18.925624
56.010108
40.058783
40.267526
19.206917
19.252657
19.222837
55.703188
40.021934
40.067158
19.29709
47.337477
39.832872
39.852811
19.057184
19.158154
18.959083
46.166503
39.64073
39.805528
55.807593
39.893573
40.158898
19.076823
19.182312
55.881705
40.008976
40.136427
19.075681
19.120598
46.604632
39.963258
39.909551
18.982037
19.027793
18.979792
19.102108
56.277633
40.348627
40.324749
19.162893
19.184611
42.036015
40.107621
39.837251
18.963733
19.026487
18.892419
18.934765
41.660335
39.95702
40.009534
18.732436
18.798189
41.794102
39.941725
39.96378
19.031519
18.938005
18.73318
18.800451
18.903058
46.37672
39.855508
39.919103
18.938551
18.92938
47.205757
39.613772
39.792734
19.215524
19.183379
18.937896
19.052949
19.172291
54.332636
39.712503
39.712377
19.360893
19.298414
54.417551
39.695756
39.717629
19.333088
19.384389
19.063519
41.134088
39.722377
39.392043
18.99239
18.896555
46.891123
39.963523
39.822559
19.574927
19.095508
56.647013
47.225544
42.658242
46.556806
46.745608
47.752486
56.509625
47.33138
56.136568
47.891365
47.109516
46.934975
42.443191
42.668394
46.929978
42.290577
46.855878
42.295003
48.26529
48.25329
42.346041
46.735903
19.021351
20.044553
56.356334
47.681306
19.078182
19.077441
18.930801
19.084078
41.888047
46.819843
19.199044
19.074756
56.372423
18.959456
47.334934
19.063569
19.045579
18.994341
46.782215
47.244227
19.126698
19.036835
41.831126
47.181368
18.957157
19.148839
19.092874
19.026978
55.467376
55.533522
19.393888
19.39551
18.975427
48.111883
56.496832
19.171384
52.285257
51.907343
19.235264
18.932295
47.777399
43.23527
19.073528
19.082125
19.738698
19.099078
41.191644
55.288861
40.38774
55.81657
40.01495
40.255032
39.805677
47.017537
40.097527
41.994525
40.329919
40.047164
40.367055
41.908898
40.150207
43.171444
40.301995
40.103315
40.486768
48.186855
40.324298
42.072122
40.210384
39.922097
40.411821
47.339365
40.183238
56.340624
40.154588
40.309577
40.094457
46.456909
40.018102
55.796099
39.956546
40.257933
39.681087
46.863322
39.899766
47.182499
39.790478
39.974423
40.088404
55.994726
40.364022
42.662233
40.280212
40.203097
40.596848
47.175189
40.670283
52.189198
40.475883
40.482725
40.713382
57.132688
40.92059
56.609801
41.439511
40.973049
19.00651
46.92742
39.63913
39.891772
19.125775
19.246284
55.576565
39.921143
40.226747
19.161246
19.183858
18.919974
19.278342
19.525861
19.271871
19.020483
55.984445
40.474781
40.423433
19.221852
19.237037
42.295212
40.249632
39.997764
19.217823
18.938416
19.142255
18.893758
18.915429
19.307029
52.181849
40.144704
40.105582
19.336012
18.842808
18.808644
46.850088
40.355357
40.321676
18.932687
19.158878
18.969144
18.836664
18.972752
19.171709
18.970294
48.174015
40.44672
40.311618
18.969974
19.166781
19.154094
42.046505
40.222507
39.925853
18.943013
19.062241
19.178972
18.947443
19.155277
19.051048
42.887564
40.06833
39.913999
19.039904
18.997977
47.968112
40.115145
40.161544
19.131779
18.929122
19.188674
19.085682
19.135894
19.067723
19.073511
41.700253
39.758335
39.764838
18.933265
55.952176
40.0467
40.293499
18.874324
19.242032
19.010619
19.226629
19.086284
54.935361
40.204748
40.155032
55.146985
40.217372
40.194899
19.084056
19.184123
19.180683
19.322839
19.326886
19.134805
19.208404
48.142201
40.349495
40.279705
47.976419
40.573724
40.424338
18.894925
19.178817
19.067748
19.180673
18.934919
19.196903
42.222323
40.497581
40.49382
18.762605
18.819369
51.86673
40.527925
40.523384
18.902927
18.742579
19.376509
18.753248
18.912074
18.800078
18.916325
56.837591
40.545419
40.860381
19.171116
19.263615
47.7137
40.273972
40.535822
19.035837
19.180866
19.238281
19.374293
0.79073282
1.2991982
1.2960253
0.81501051
1.2186688
1.2689956
0.98215885
0.93797656
0.94011711
0.979032
1.0062579
1.009261
1.967928
1.9388951
1.3061064
1.3013404
0.85623344
0.96040302
0.9647492
0.85914928
0.79326582
1.3006336
0.79440335
1.2962078
1.2256467
1.2258596
0.98265931
0.94041915
0.98233409
0.9408443
1.0085989
1.0082417
1.9309572
1.9371317
1.308232
1.3085157
0.85603289
0.96412759
0.85610174
0.96378908
0.79853662
1.2990277
0.79340672
1.2995553
1.2248326
1.225163
0.98274999
0.94121679
0.98290708
0.94111091
1.0079404
1.0078276
1.9554416
1.9648993
1.3078065
1.3079122
0.85567009
0.96344101
0.85581445
0.96331753
0.79840144
1.299107
0.79426037
1.2991714
1.2250601
1.2248488
0.98203908
0.94068357
0.98224718
0.94057093
1.0076608
1.0075731
1.9592133
1.9582829
1.3076559
1.3077082
0.855434
0.96317911
0.85549333
0.96311823
0.7921215
1.294653
0.7948585
1.2955156
1.2251396
1.2248526
0.98246118
0.94104748
0.98230661
0.94119404
1.0075271
1.0075189
1.9369917
1.9521891
1.307491
1.3075231
0.85536551
0.96303508
0.85538401
0.96298568
0.79284315
1.2971066
0.79602098
1.2975897
1.2255513
1.2254943
0.98252953
0.94119872
0.98251113
0.94125945
1.0076094
1.007732
1.9571924
1.9482188
1.3074515
1.3074378
0.85530064
0.96295154
0.8553214
0.96297763
0.79304466
1.297294
0.79815335
1.2993936
1.2253988
1.225346
0.98260372
0.94147335
0.98259637
0.941482
1.0079739
1.0080461
1.9762628
1.9564486
1.3075454
1.3075165
0.85529033
0.9630507
0.8552853
0.96306915
0.79382287
1.2990143
0.79341885
1.2984822
1.2256048
1.2254818
0.98272378
0.94131788
0.98266106
0.94119083
1.0080387
1.0080039
1.9549632
1.973134
1.3074155
1.307478
0.85526439
0.96299459
0.85527731
0.96291255
0.79248283
1.2974168
0.79242318
1.297947
1.225353
1.2255835
0.98260174
0.9409147
0.9827214
0.94072341
1.0080342
1.0081543
1.9674449
1.9646281
1.3075248
1.3074074
0.8552692
0.96288018
0.85527426
0.96299206
0.79085704
1.2970473
0.79341938
1.2965732
1.2234046
1.2259256
0.98205215
0.94013571
0.9821813
0.93988688
1.0086495
1.0091162
1.9462887
1.9276415
1.3069922
1.3079078
0.85535397
0.96343571
0.85517338
0.96383279
1.1870038
1.1833596
1.9630101
1.9380633
1.8306347
1.8537424
1.1907044
1.190976
1.9394882
1.9735701
1.8319237
1.8371186
0.69333959
0.71253532
0.79158258
1.3004045
1.298361
0.79769224
0.69399505
0.69938218
1.3097381
0.95637834
0.95989856
1.3165655
1.2236383
1.2259952
1.3117347
0.9603897
0.9601239
1.3127856
0.98811497
0.93684145
0.94343597
0.98469324
0.98219531
0.94031356
0.94011449
0.98227715
0.98817375
0.94319383
0.94351191
0.98809651
1.3049902
1.3002437
0.98465984
0.94539722
0.9498206
0.9840806
1.0087887
1.0093448
1.3066407
1.3074149
0.9861596
0.94972587
0.94996729
0.98704938
0.85439708
0.95965962
0.96402114
0.85726307
0.85461901
0.96351556
0.96402338
0.85431805
1.8335199
1.8546342
1.9387014
1.9838107
1.8331521
1.8455289
1.2184261
1.2690681
1.2235527
1.2260085
0.98593583
0.94608655
0.95049638
0.98534668
1.307767
1.3086168
0.98744571
0.95044607
0.95063469
0.98839298
0.85644358
0.96426534
0.96473895
0.85612902
1.1987882
1.1887148
1.9342531
1.9566263
1.8285618
1.8601213
1.187861
1.1960582
1.9815629
1.9466674
1.8850567
1.8258931
0.69608166
0.69635185
0.79097308
1.2977147
1.2967285
0.79746585
0.69422411
0.70097049
1.3125499
0.96043489
1.3127526
0.96051453
1.2256188
1.2252499
1.3125777
0.96069836
0.96056973
1.312536
0.98820981
0.94312053
0.98810769
0.94296971
0.98277384
0.94122472
0.94099072
0.98293256
0.9882705
0.9429054
0.94295743
0.98833715
1.3070044
1.3073846
0.98695264
0.94964119
0.98709104
0.94933487
1.0080071
1.0081793
1.3069512
1.3066873
0.98696443
0.94909134
0.9492697
0.98695191
0.85422179
0.96337252
0.85428732
0.96299367
0.85418951
0.96266242
0.96290384
0.85406644
1.8225509
1.8336512
1.9851835
1.9493913
1.8867399
1.8278437
1.2257628
1.225906
0.98837698
0.95034787
0.98843245
0.95010689
1.3081893
1.3079933
0.98840335
0.94990946
0.95004119
0.98842895
0.85599737
0.96348804
0.96369461
0.8558614
1.1983662
1.190842
1.9552436
1.9622647
1.8303939
1.8706192
1.1909515
1.1980382
1.958028
1.9514521
1.8659371
1.8281194
0.70133891
0.6966619
0.7942459
1.2999361
1.2992394
0.79897505
0.69724151
0.701887
1.3124748
0.96073057
1.312596
0.96067074
1.2248315
1.2247684
1.3124939
0.96038562
0.96062464
1.3122969
0.98821413
0.94290236
0.98833617
0.94284831
0.98267142
0.94078646
0.94104997
0.98236445
0.98816406
0.94274363
0.94283666
0.98792994
1.3065049
1.3066822
0.98704433
0.94907642
0.9870188
0.94897047
1.0077145
1.0078101
1.3065168
1.3063735
0.98709806
0.94887662
0.94896013
0.98711595
0.85387626
0.96261217
0.85401786
0.96245773
0.85382936
0.96230665
0.96242931
0.85370815
1.8313167
1.8732215
1.9605551
1.9526675
1.8689562
1.8290812
0.98856
0.94987906
0.9884858
0.94982418
1.3078297
1.3077649
0.98862455
0.94977494
0.94980869
0.98868697
0.85562664
0.96319743
0.96328014
0.8555185
1.1973172
1.1888656
1.9579777
1.9549721
1.8298098
1.863929
1.1815245
1.1920255
1.9436804
1.9433757
1.8524432
1.8252482
0.70095591
0.69733375
0.79322384
1.2938953
1.2968727
0.79602922
0.69620466
0.69919458
1.3123311
0.9603163
1.3123144
0.9602063
1.2251788
1.2249439
1.3124858
0.96054292
0.96025666
1.3125839
0.9876664
0.94271963
0.98785883
0.94262005
0.98203631
0.94094928
0.94061941
0.98222583
0.98765541
0.94258441
0.94260792
0.98773689
1.3062812
1.3063919
0.98716395
0.9489003
0.98717173
0.94884055
1.0075462
1.0075667
1.306313
1.3061888
0.98720329
0.94803526
0.94884309
0.98714642
0.85361118
0.9623013
0.85367649
0.9622233
0.85359849
0.96140454
0.96221813
0.85358217
1.8310881
1.8662612
1.9466644
1.9469098
1.8551983
1.8271244
0.98876114
0.94976331
0.9887345
0.94973652
1.3076891
1.3075975
0.98880226
0.94968637
0.94972479
0.98873935
0.85542109
0.96304708
0.96309665
0.85539023
1.1882029
1.1891571
1.9355375
1.9509652
1.8413605
1.8595367
1.1950884
1.1889272
1.9757162
1.9630282
1.8388285
1.8698549
0.69672236
0.69781406
0.7968458
1.2969176
1.298457
0.79172674
0.70134044
0.6958684
1.312795
0.96065218
1.3126408
0.96076379
1.2252155
1.2254935
1.3127824
0.96070596
0.96076805
1.3126562
0.98788547
0.94259856
0.98780254
0.94259748
0.98249793
0.94120965
0.94122652
0.98251451
0.98791602
0.94265698
0.94261607
0.98793594
1.3061768
1.3062069
0.98717584
0.94879527
0.9871751
0.94881827
1.0075959
1.0075438
1.306226
1.3062378
0.98722008
0.94888409
0.94883834
0.98727696
0.85361463
0.96214482
0.85358757
0.96217213
0.85362393
0.96222408
0.96218892
0.85366425
1.8434928
1.8608453
1.9760896
1.9627492
1.8390665
1.8696493
1.2260564
1.2257235
0.98870322
0.94966882
0.98873773
0.9496259
1.3075187
1.3074899
0.98872277
0.94959171
0.94961091
0.98868988
0.85535529
0.96294572
0.96296747
0.85532899
1.1874681
1.1954601
1.9558207
1.9463361
1.8635645
1.8258054
1.198668
1.1885612
1.9554682
1.9572075
1.8293249
1.8661682
0.69656424
0.6999285
0.797283
1.2997086
1.2981295
0.79422121
0.70067201
0.69762931
1.3127173
0.96072813
1.3126489
0.96086928
1.2254854
1.2254163
1.3127866
0.9612581
0.9609741
1.3129952
0.98802297
0.94269864
0.9879654
0.94282131
0.98255644
0.94145279
0.94132554
0.98259147
0.98806903
0.94302818
0.9428856
0.98815316
1.3063659
1.3063005
0.98745281
0.94893777
0.9873508
0.94903734
1.0079493
1.0078013
1.3064454
1.3065336
0.98752663
0.94921192
0.94909413
0.9876396
0.85372987
0.96226143
0.85367538
0.96236152
0.85375008
0.96252646
0.96241471
0.85381818
1.8650877
1.8268827
1.9530639
1.9560884
1.828725
1.8660964
1.2262772
0.98871724
0.94959125
0.98870772
0.94962251
1.3075007
1.307549
0.98875666
0.94968034
0.9496348
0.98878636
0.855293
0.96303284
0.96298702
0.85528463
1.1863258
1.1996444
1.9760106
1.9423929
1.8819272
1.8227681
1.1988193
1.1964735
1.9562037
1.9560547
1.863491
1.8652484
0.69610167
0.70196684
0.79416749
1.299764
1.298691
0.79461934
0.69713976
0.69743798
1.31315
0.96134923
1.3130517
0.96141831
1.225397
1.2254348
1.3131618
0.96119433
0.96140289
1.3129976
0.98822105
0.94308037
0.98819482
0.94313965
0.9826197
0.94138029
0.94148367
0.98265539
0.98823776
0.94311005
0.94315414
0.98823466
1.3066436
1.3066048
0.98770741
0.94926871
0.98770717
0.9493024
1.008069
1.0080736
1.306697
1.3066612
0.98771939
0.94927106
0.94931432
0.98759702
0.85389174
0.96257122
0.85383628
0.96262804
0.85390045
0.96262575
0.96264714
0.85451985
1.8820827
1.8306746
1.9190731
1.9574459
1.8213406
1.866252
1.2259576
1.2260324
1.2258593
1.2257607
0.98877816
0.94968914
0.9888137
0.94969546
1.3075744
1.3075332
0.98876726
0.94959725
0.94967993
0.98859305
0.85528815
0.9630144
0.96306048
0.85528009
1.1987946
1.196794
1.9555554
1.9674789
1.8641242
1.8749402
1.1953704
1.1970853
1.9662271
1.9620684
1.8738266
1.8683768
0.69691553
0.69633276
0.79276196
1.2971467
1.2979035
0.79238567
0.69593632
0.69553714
1.3127586
0.96111567
1.3129831
0.96081212
1.2256464
1.2256343
1.3127351
0.96048961
0.96072813
1.3125673
0.98824052
0.94309647
0.9882468
0.94301162
0.98274915
0.94099475
0.94116286
0.98275083
0.98825109
0.94293032
0.94299707
0.98822614
1.3066422
1.306701
0.98735212
0.94925681
0.98757166
0.9491615
1.0080326
1.0080147
1.3066872
1.3066953
0.98731396
0.949094
0.94914749
0.98711405
0.85456556
0.96262592
0.85453739
0.96258418
0.85458935
0.96260552
0.96259026
0.85463925
1.8626912
1.8779755
1.9662386
1.9627875
1.8736321
1.8684007
1.2258557
0.98829007
0.94955517
0.98855213
0.94941922
1.3074414
1.3074324
0.9882305
0.9492768
0.94937237
0.98796916
0.85526101
0.96286236
0.9628854
0.85526808
1.1959051
1.197054
1.9691927
1.9642173
1.8749442
1.8700184
1.1967899
1.1990699
1.9612076
1.9787345
1.8653317
1.8833265
0.69515173
0.69547235
0.79463401
1.2979596
1.3003458
0.7920294
0.69696176
0.69478518
1.3124836
0.96045185
1.312568
0.96037007
1.2253047
1.2256938
1.3125161
0.960278
0.96036972
1.3126998
0.98816208
0.94292974
0.9882271
0.94292566
0.98254633
0.94029708
0.94066353
0.98227287
0.9881464
0.94302644
0.94294992
0.9880347
1.3068852
1.3067714
0.98696611
0.94910787
0.98709369
0.94916954
1.0085272
1.0082369
1.3070016
1.3072393
0.98697808
0.94940364
0.94922616
0.98696957
0.85469552
0.96264344
0.85466717
0.96278039
0.85470108
0.96313144
0.96286206
0.85465051
1.8740216
1.87039
1.9602776
1.9783382
1.8658042
1.8826582
1.2255397
1.2257812
1.2254954
1.2258979
0.98775876
0.9492619
0.98792386
0.94929861
1.3076329
1.3078973
0.98776209
0.94950543
0.94933264
0.9877447
0.85525386
0.96331212
0.96304939
0.85518646
1.1885791
1.187341
1.944359
1.9284118
1.831457
1.8251466
1.1869647
1.1840719
1.9721865
1.9391422
1.8367092
1.8539853
0.69358615
0.6961515
0.79068244
1.2992651
1.2964122
0.81494616
0.69321815
0.7124329
1.3115369
0.96022327
1.3128043
0.95981845
1.2182825
1.2686549
1.3095476
0.95601271
0.95958711
1.3162374
0.98802029
0.94309147
0.9880294
0.94329848
0.98202197
0.93778882
0.93992414
0.97884691
0.9879614
0.9365123
0.94321155
0.98445519
1.3063848
1.3073385
0.98586773
0.94948892
0.98696847
0.94957693
1.005945
1.0090378
1.3047871
1.2999137
0.98437564
0.9441152
0.94941447
0.98364352
0.85424288
0.96326412
0.85464895
0.96365501
0.85398457
0.95842028
0.96364115
0.85677362
1.8321018
1.8246079
1.9733311
1.9399738
1.8366905
1.8550808
1.2236237
1.2261466
0.98665025
0.94957486
0.98773515
0.94968674
1.3053949
1.3005229
0.98515969
0.9450126
0.94951447
0.98443375
0.85509807
0.95938122
0.96380544
0.8579117
2.6935061
0.85811511
2.8537197
0.85932638
2.6728291
0.85879316
0.85873283
0.85881873
2.9638802
0.85908476
0.85956613
0.8600146
2.6716849
0.86054489
2.9065788
0.86145638
2.6901297
2.97906
1.1836994
1.1918683
0.85521156
0.8566849
2.9639981
1.1841802
1.1948067
0.85957004
2.7058198
2.9379466
1.1941671
1.1909629
0.85621108
0.85543253
1.1945687
1.1939929
0.85892454
2.6688208
2.9637843
1.1932404
1.1903472
0.85507695
0.85457295
1.1937564
1.1935026
0.85873474
2.9550405
1.1901998
1.1900005
0.8543223
0.85395779
1.1934003
1.193268
0.8587844
1.1899146
1.1898521
0.85378854
0.85357519
1.193201
1.1931543
0.85895889
1.1898679
1.1899289
0.85349517
0.85336708
1.1931614
1.1932307
0.85938128
2.9317792
1.1899654
1.1899754
0.85326795
0.85299672
1.1932765
1.1933212
0.85986588
2.6549508
1.1899811
1.1900299
0.852802
0.85251051
1.1933354
1.1934199
0.86030227
2.6707699
2.6164071
1.1927114
1.1906077
0.8524401
0.85260275
2.6226938
1.1935551
1.1940225
0.86114765
2.9013366
2.6901208
1.1907957
1.1801209
0.85282584
0.85112117
1.1942198
1.183577
0.86006482
1.0258747
0.79127714
1.0259296
1.2890393
1.2658411
1.2551799
1.261794
1.2964519
1.2615843
0.7917022
1.0376134
1.021527
1.051021
1.2416413
1.2477055
1.0461606
0.56178322
0.53629041
0.52502278
0.57159095
0.41534634
1.2130699
0.79216963
0.78876412
0.435835
1.2062727
0.97375039
0.9820027
0.97372954
0.94000519
0.95105179
0.95331797
0.95313452
0.94009212
0.95318298
0.98176303
0.97144493
0.97380225
1.0080067
0.83838824
0.8238267
0.83365019
1.0085303
0.83435434
2.1847091
1.9622382
2.971374
1.9347945
1.355072
1.3042264
1.354029
1.2980593
1.3546405
1.0201351
0.85671341
0.96307129
0.9061783
0.91286311
0.96423555
0.84792891
1.0179964
0.87628245
0.95239033
0.95152356
0.87701941
0.97452225
0.85839516
0.97800373
0.79460327
1.0267454
1.0280985
1.2634935
1.2985928
1.261163
0.79191207
1.0284091
1.0259271
1.2610309
1.2966584
1.2621932
1.0491235
1.2446739
1.0490878
1.2447425
0.56659204
0.5268202
0.56539366
0.52812163
0.30114151
1.2256841
0.7845443
0.30370164
1.2257624
0.78497071
0.98255865
0.97432073
0.97418511
0.95328967
0.94057044
0.95346587
0.98245774
0.97388591
0.97405199
0.95378886
0.94072866
0.9536511
0.8347089
1.0084682
0.83478942
0.83484359
1.0083624
0.83484028
2.2022845
1.9296891
1.9822084
1.3083708
1.3543461
1.3085101
0.85605624
1.0188796
0.91232038
0.96399811
0.85607578
1.0192771
0.91208226
0.96388292
0.87632839
0.95119977
0.95132124
0.87622524
0.97714657
0.85923354
0.97694931
0.7980691
1.0310276
1.0306591
1.2614484
1.298183
1.2608485
0.79304259
1.0267522
1.0262449
1.2644529
1.2993712
1.2641953
1.0499083
1.2444021
1.049257
1.2449034
0.56787661
0.52969222
0.56779684
0.52989309
0.30402352
1.2249088
0.78564132
0.30303506
1.2250535
0.78558752
0.98283394
0.97444053
0.9745395
0.95412362
0.94121507
0.95409693
0.98289734
0.97463995
0.9746233
0.95393453
0.94119266
0.95404661
0.83481227
1.0079113
0.8347999
0.83472558
1.0078868
0.83477807
2.2708366
1.9529808
2.9689647
2.1744229
1.9634598
1.3078809
1.3535714
1.3079615
1.3537492
0.85571299
1.0182876
0.91185771
0.96339208
0.85575991
1.0184601
0.91177722
0.96334858
0.87576258
0.95047352
0.95052887
0.87571694
0.97638307
0.85877218
0.97637648
0.79761825
1.0309863
1.0302723
1.2617902
1.2996194
1.2617305
0.79361248
1.0273135
1.0269339
1.2644152
1.298928
1.2638554
1.0496923
1.244205
1.0491081
1.2446898
0.56933196
0.53099644
0.56895888
0.53142711
0.30071039
1.2249709
0.78530245
0.30137562
1.2249283
0.78533441
0.98209685
0.97368774
0.97374236
0.95338613
0.94062929
0.95331593
0.98217816
0.97389965
0.9738314
0.95321808
0.94060318
0.95327127
0.83457888
1.0076399
0.83456656
0.83451779
1.0076225
0.83455265
2.2612721
1.9486762
2.2814093
2.9748581
2.1675903
1.9645792
1.3077149
1.3533534
1.3533773
1.3077775
1.353414
0.855447
1.018011
0.91168319
0.96315492
0.85546526
1.0180851
0.9116376
0.96313219
0.87549816
0.95012678
0.95015035
0.87546872
0.97651368
0.85874179
0.97654776
0.79166989
1.0250863
1.0244005
1.2594274
1.293399
1.259083
0.79400943
1.0263386
1.0258401
1.2594749
1.2955157
1.2587987
1.0486515
1.2440404
1.0494965
1.2436487
0.56724387
0.52940272
0.56742374
0.52910756
0.30597566
1.2250284
0.78591076
0.30661527
1.224902
0.78598698
0.98243954
0.97420462
0.97418315
0.95364851
0.94114068
0.95375004
0.98240407
0.97404505
0.97415302
0.95381834
0.94119502
0.9538118
0.83462655
1.0075348
0.83466233
0.83468176
1.0075407
0.83468992
2.1512859
1.9591079
2.1734827
1.9265389
1.3075454
1.3532332
1.3532515
1.3075922
0.85537005
1.0178916
0.91157195
0.96301583
0.85537371
1.0179351
0.91153016
0.96299684
0.87530351
0.94991824
0.94992966
0.87528238
0.97683271
0.85884111
0.97688018
0.79171391
1.0257866
1.0247456
1.2621718
1.2974011
1.2621676
0.79584873
1.0284982
1.0283833
1.2603646
1.2969484
1.2594991
1.0480058
1.2437661
1.0485536
1.2432789
0.56850086
0.52996916
0.56864983
0.52986211
0.29765298
1.2255737
0.78651131
0.29732674
1.2255311
0.78651766
0.98253237
0.97424682
0.97425665
0.95384101
0.94122234
0.95385647
0.98254105
0.97425563
0.974281
0.95385142
0.94125042
0.95386748
0.83478382
1.0076565
0.83482158
0.83486436
1.0077074
0.83485743
2.1698333
1.9665257
1.9483109
1.3074883
1.3531921
1.3075226
0.85530484
1.0178348
0.91150006
0.96295435
0.85530964
1.017833
0.91152056
0.96296087
0.87524732
0.94986014
0.94984698
0.87525187
0.9773595
0.85913982
0.97745034
0.7961961
1.0263835
1.0285951
1.2631054
1.3011847
1.265213
0.79957846
1.0301362
1.0317768
1.2613033
1.2971459
1.2620857
1.0508792
1.2464467
1.0516627
1.2460009
0.56865062
0.53099812
0.56875594
0.53084475
0.30700412
1.2253753
0.78659574
0.30662742
1.2253393
0.78658213
0.98261545
0.97427952
0.97429558
0.95391791
0.9415064
0.95393793
0.98262815
0.97429478
0.97432248
0.95391035
0.94151715
0.9539425
0.83500731
1.008018
0.83504029
0.83505337
1.0080518
0.83506404
2.1691239
1.9549603
2.6448339
2.282408
1.9566541
1.3075881
1.3532686
1.3076154
1.3532374
0.85528671
1.0178908
0.91157156
0.96305845
0.8552823
1.0178702
0.91156982
0.96306251
0.87531453
0.9499356
0.94991941
0.87531045
0.97815018
0.85962954
0.97824137
0.79801182
1.0268582
1.0304727
1.2612461
1.2985626
1.2633917
0.79730143
1.0265697
1.029841
1.2612764
1.2987761
1.2638656
1.0506589
1.2457136
1.0505341
1.2458159
0.56878175
0.53027611
0.56850605
0.53055359
0.29990822
1.2255734
0.78660806
0.30144657
1.2255407
0.78663545
0.98271545
0.97440166
0.97439259
0.95390223
0.94128733
0.95392267
0.98270503
0.97434484
0.97439028
0.95392836
0.94125728
0.95394428
0.83509628
1.0080368
0.83511334
0.83510691
1.0080358
0.83512518
2.2755222
1.9541068
2.1682006
1.9497091
1.307481
1.3531857
1.353204
1.3075455
1.3532209
0.85526545
1.0178307
0.91145237
0.96296465
0.85526853
1.0178616
0.91133428
0.96293403
0.8752115
0.94996103
0.94994535
0.87518934
0.97884611
0.86006787
0.97891769
0.79617886
1.0259509
1.0291719
1.260328
1.2974484
1.2627822
0.79635331
1.0257219
1.02917
1.2607259
1.2981091
1.2630223
1.0502311
1.2455354
1.0501953
1.2456049
0.56746052
0.52944912
0.56789556
0.52901285
0.29945171
1.2254469
0.78608991
0.29786571
1.2255307
0.78591099
0.98266506
0.97421845
0.97429745
0.95383296
0.94086499
0.95379827
0.98271626
0.97438748
0.97437128
0.95365985
0.94081339
0.95375263
0.83508444
1.0080742
0.83508097
0.83501314
1.0081247
0.83506624
2.2564273
1.9460647
2.6609083
1.9475332
1.3075177
1.3535651
1.3534594
1.3075217
0.85527384
1.0180457
0.91120881
0.96290254
0.85527284
1.0178934
0.91123296
0.96293729
0.87522657
0.95029603
0.95021061
0.87526795
0.97966491
0.8606501
0.97983049
0.78942947
1.0258143
1.0244574
1.2621343
1.2964464
1.2615912
0.79221368
1.0274737
1.026624
1.26151
1.2975905
1.2605341
1.0506233
1.2465481
1.0505204
1.2468775
0.56184139
0.52563825
0.56358784
0.52404097
0.32865551
1.2254057
0.78308588
0.31695085
1.2260185
0.78275059
0.98210512
0.97356444
0.97357242
0.95302392
0.94002515
0.95293689
0.98214618
0.97366632
0.97361353
0.95289963
0.93995017
0.95291244
0.83453575
1.0088259
0.83436106
0.83393933
1.0090214
0.83411223
2.1802558
1.9819341
1.9268371
1.3076376
1.355195
1.3079632
0.85520357
1.0191351
0.91149333
0.96356957
0.85517842
1.0185758
0.91183713
0.9637171
0.87595753
0.95147045
0.95133108
0.87603375
0.98167925
0.86151321
0.98212617
1.1814304
1.1898956
2.1832349
1.9585363
2.2873277
1.9319588
1.8316854
1.8594398
1.5567538
1.5473291
1.8273967
1.8599199
1.196126
1.1990538
2.1687466
1.9770372
2.2224718
2.9094031
1.9448012
1.8426533
1.884218
1.5524243
1.5580698
1.839713
1.8340176
1.2815057
0.69441068
1.2828468
0.59295451
0.57446659
0.57286947
0.69292073
1.2900824
1.2841535
1.0267205
0.79009896
1.0252152
1.3008384
1.2657299
1.264332
1.2625995
1.2991425
1.2614482
0.79442684
1.0314541
1.0289601
1.281528
0.692155
1.2804697
0.69615087
1.2820431
1.2813831
0.54972506
0.47854339
0.47620567
0.55269506
1.050211
1.2459465
1.2465165
1.0500476
0.55050259
0.47806475
0.47745619
0.55109268
0.68207539
0.71171996
0.70646344
0.68823504
0.56031352
0.52374483
0.5225429
0.56165671
0.68210577
0.70800334
0.70676416
0.68337855
0.91762026
1.3081538
0.9175863
0.95863651
0.95249286
0.95255111
0.9522609
0.95955782
0.95240899
1.3050119
0.92286679
0.9180743
0.32884211
1.2255122
0.7830197
0.78278956
0.31718087
1.2260567
0.91877909
1.3125201
0.91924244
0.96034798
0.95194146
0.95216166
0.95237268
0.96026007
0.95229712
1.3128458
0.91949805
0.91960605
0.97865906
0.98783033
0.97820596
0.94070844
0.98271382
0.98563439
0.98758402
0.94278279
0.98705733
0.98728444
0.97400027
0.97706712
0.97370779
0.98222127
0.97369938
0.94021216
0.95316717
0.95307659
0.95305819
0.94015563
0.95305816
0.98224816
0.97378963
0.97373415
0.97874482
0.98816362
0.9787124
0.94330756
0.98726405
0.98739323
0.98763751
0.94343501
0.98754797
0.98814097
0.9785777
0.97865863
1.3541197
1.3031212
1.2969631
1.0108354
0.98280794
0.94806839
0.98654452
0.9897773
0.94922753
0.97974187
1.0095542
1.0089861
0.83461678
0.83448919
0.83417537
1.0092103
0.83429253
1.3550025
1.3072108
1.3074996
1.0114534
0.98673802
0.94985663
0.99024511
0.99018257
0.94995969
0.98705421
1.0102036
1.0184604
0.85486495
0.96235484
0.9045644
0.91125816
0.96353342
0.84603935
1.0162919
1.2522516
1.2542355
1.0184366
0.85443354
0.96369632
0.91080354
0.91124744
0.96389059
0.85436619
1.0177856
1.2564933
1.2558955
1.3109292
0.87350452
0.94956037
0.94868718
0.87423975
0.81531764
0.81590982
1.2738393
1.1898951
1.2812791
0.87420668
0.94961088
0.87430057
0.94945525
0.81562208
0.8155818
1.1941086
1.2824722
1.2832189
0.9714126
0.85561282
0.97496633
0.85678177
0.97482198
0.97531202
1.832902
1.8619309
1.8272056
1.8611266
2.1751691
1.9818476
1.9364718
1.8440842
1.8873719
1.5578106
1.8352362
1.8393669
1.0507719
1.2417827
1.2476944
1.0461066
0.54883541
0.47769411
0.47517074
0.55202225
1.0500972
1.2464641
1.2466483
1.0503634
0.5496018
0.47719381
0.47636013
0.55051006
0.56082844
0.53503412
0.52373449
0.57066649
0.68130583
0.71098514
0.7057922
0.68740855
0.55998977
0.52347955
0.52186216
0.56173559
0.68194933
0.70818607
0.70668904
0.68350521
0.41980318
1.2126329
0.7914718
0.78818795
0.43804616
1.2060844
0.33048301
0.78258519
0.78224453
0.31855797
1.2260498
1.0109954
0.98407381
0.94872951
0.98701223
0.99020841
0.94987529
0.98099948
1.0097299
1.3559651
1.3083462
1.3086473
1.3553496
1.011601
0.98803503
0.95053994
0.99075073
0.99060269
0.95062041
0.98836341
1.0115523
1.2541879
1.3118644
1.310668
1.2561756
1.0201063
0.85625115
0.96442616
0.91242846
0.91285323
0.9645984
0.85618034
1.0194576
1.2584338
1.2578358
1.3126822
0.81846158
0.81905208
1.276055
1.1927172
1.2839759
0.87699843
0.95243087
0.87708695
0.95227329
0.81875772
0.81871762
1.1970657
1.2851918
1.2859373
0.85961451
0.97806251
0.9785161
1.1983109
1.187004
2.2631649
1.9525021
2.2146912
2.1844827
1.976244
1.8291367
1.8407041
1.8795666
1.8630523
1.1908397
1.1922387
2.1633738
1.9297297
2.1755671
2.6119804
1.9519468
1.8775776
1.8387086
1.5505739
1.5744653
1.8326271
1.8327143
0.69703935
1.2800709
1.2804083
0.56450366
0.69420445
1.2810041
1.2799789
0.56478743
1.024668
0.7939326
1.0271199
1.2991705
1.2632745
1.2641597
1.2595741
1.2972109
1.2612849
0.798077
1.0299986
1.0307087
1.2797176
0.6974323
1.2809229
0.56931186
0.56665572
0.70149581
1.2823064
1.2823863
0.5510219
0.47817059
0.55104252
0.47823454
1.05035
1.2462273
1.2456688
1.0512016
0.55248333
0.48029436
0.47955485
0.55339044
0.68787061
0.71146551
0.6868595
0.71246998
0.56817246
0.5304794
0.53005768
0.56874116
0.6892922
0.71409556
0.71405005
0.68955397
1.312609
0.91974841
0.91973135
0.95177363
0.96046083
0.95160958
1.3127066
0.91963168
0.91976426
0.95135804
0.96050194
0.95149242
0.2984304
1.2255187
0.78574679
0.78566337
0.29934262
1.2253718
0.91999188
1.3125672
0.92016484
0.96067016
0.95123603
0.95126953
0.95132196
0.96063324
0.95130777
1.3125804
0.92041497
0.92041414
0.98817504
0.97851966
0.97852672
0.9871817
0.94305935
0.98711223
0.98814715
0.97855
0.97854356
0.98701873
0.94302397
0.98708168
0.97446229
0.98285728
0.97456511
0.94117801
0.95414638
0.95411839
0.95393874
0.94110955
0.95405875
0.98292589
0.9746663
0.97465387
0.97854473
0.98831319
0.97856087
0.94292937
0.98691972
0.9869528
0.98700325
0.94295359
0.98699472
0.98835448
0.97856042
0.97858364
1.3071601
1.3532795
1.3073212
0.98702254
1.0093884
0.99019845
0.9495388
0.98708799
1.0111097
0.98989522
0.94945513
1.0080597
0.83484448
0.8348676
0.83486626
1.0081257
0.83488461
1.3531106
1.3068706
1.3068358
1.352718
1.0092246
0.98697648
0.94916133
0.98966739
0.98983253
0.94922911
0.98700606
1.0088696
0.8542447
1.01719
0.91068194
0.96323675
0.85426419
1.0175957
0.91041888
0.96312401
1.2564049
1.2562765
1.0170839
0.85415427
0.96274232
0.91076566
0.91034969
0.96283209
0.85410859
1.0168358
1.2560656
1.2561601
1.3087221
0.87351196
0.94834213
0.94846448
0.8734007
0.81562251
0.81565041
1.2819791
1.194052
1.281704
0.87321632
0.94822133
0.87329937
0.94809934
0.81557384
0.81550869
1.1935413
1.2803874
1.2810539
0.97369626
0.85603999
0.97341206
0.85557227
0.9725264
0.97271422
1.8271773
1.8349673
1.8852313
1.8443894
1.5496479
2.1671576
1.9315198
1.9604802
1.8783469
1.8383774
1.8357728
1.8343662
1.0489512
1.244941
1.0492057
1.2447535
0.55036646
0.47745429
0.55057884
0.47737502
1.0504141
1.2464455
1.2459273
1.0511961
0.55196061
0.47965689
0.47886392
0.55286192
0.56652343
0.52717433
0.56552236
0.52814194
0.68824302
0.71197948
0.68736495
0.71285938
0.56777783
0.52939394
0.52927456
0.56781263
0.68915236
0.71368127
0.7137896
0.68906213
0.30271204
1.2257945
0.78431773
0.30494954
1.225841
0.78474217
0.30182114
0.78551506
0.78541314
0.30312396
1.2254424
0.98841261
1.0108151
0.99068752
0.95025795
0.98845311
1.0113622
0.99047622
0.95017417
1.3541871
1.3081167
1.3080922
1.3538292
1.0106665
0.98841339
0.9499429
0.99028741
0.99041332
0.94998528
0.98845367
1.0103459
1.2583675
1.3108778
1.2582466
1.0187752
0.85595603
0.96354779
0.91188832
0.91202047
0.96361317
0.8559075
1.0185252
1.2580402
1.2581326
1.3105059
0.81879568
0.81882159
1.2842076
1.1944342
1.283931
0.87605901
0.9510724
0.87613401
0.95095141
0.81874266
0.81867916
1.1965855
1.283165
1.2838272
0.85899172
0.97649837
0.9765742
1.197013
1.1908823
2.2682746
1.9514642
2.2716204
2.9649022
2.173291
1.9643289
1.8290501
1.8350192
1.8706356
1.8704587
1.1917564
1.1993009
2.1670752
1.9647099
2.1662291
1.9471481
1.8676142
1.8729929
1.5526917
1.5717409
1.8284739
1.8341167
0.70084452
1.2822114
1.2819632
0.56598323
0.69613653
1.2809357
1.2805922
0.56813378
1.0273306
0.79387886
1.0270689
1.2998526
1.264829
1.2644846
1.2618146
1.2995055
1.2617281
0.79837653
1.0314216
1.0309308
1.281088
0.696877
1.2809573
0.5667201
0.70126568
1.2824767
1.2822353
0.55317281
0.48017025
0.55270885
0.48050546
1.0492363
1.2449235
1.2443149
1.049996
0.55287345
0.48066495
0.48040029
0.55333965
0.68865991
0.71352037
0.68881555
0.71334318
0.5683374
0.53067853
0.5303053
0.56868388
0.68889915
0.71357435
0.71336844
0.68915363
1.3125359
0.92079674
0.92084936
0.95125154
0.9607351
0.95123989
1.3126162
0.92067704
0.92088802
0.95111973
0.96073052
0.95121688
0.30450288
1.2248015
0.78536984
0.78539324
0.30415233
1.2247555
0.92091467
1.312453
0.92090772
0.96047888
0.95070774
0.95085037
0.95106544
0.9605684
0.95098682
1.3124072
0.92068636
0.92092783
0.9882766
0.97848346
0.97852731
0.98691017
0.94289127
0.98688968
0.98832548
0.97856414
0.9785619
0.98683351
0.94288779
0.98688723
0.97434521
0.98257277
0.97423263
0.94087406
0.95349727
0.95360552
0.95383406
0.94097405
0.95372932
0.98248269
0.97401816
0.9741413
0.97845649
0.98809526
0.97841342
0.94278516
0.98666585
0.98672247
0.98681146
0.94282347
0.98678596
0.98803356
0.97829854
0.97837634
1.3065902
1.3524198
1.3066819
0.98706358
1.0085965
0.98965908
0.9490452
0.98707242
1.0098959
0.98952721
0.94902927
1.0077488
0.83461614
0.83465177
0.83470575
1.0077896
0.8346907
1.3523791
1.306488
1.3064918
1.352231
1.0085473
0.98712119
0.94892014
0.98851874
0.98951404
0.9489522
0.9871589
1.0084369
0.85392211
1.0174246
0.91073091
0.96255946
0.85397039
1.0167643
0.91063024
0.96252179
1.2556692
1.2556051
1.0173829
0.85378643
0.96235968
0.91052512
0.91061068
0.96240477
0.85374044
1.0163982
1.2555121
1.2555511
1.3079219
0.87288646
0.94756895
0.94762778
0.87283204
0.815074
0.81513354
1.2805017
1.1931923
1.2803966
0.87274496
0.94750739
0.87278223
0.94744109
0.81501427
0.81495354
1.1928687
1.2795613
1.2801299
0.97204881
0.85496737
0.97190038
0.85466834
0.97138412
0.97150514
1.8299872
1.8365528
1.8697146
1.8731139
1.554292
2.1697331
1.9642931
2.6735026
1.9472773
1.8703336
1.8728935
1.8282862
1.8350866
1.0503397
1.2449413
1.0495975
1.2455134
0.55309575
0.47988607
0.55251631
0.4803284
1.0494992
1.2453434
1.2447885
1.0501829
0.55268637
0.48033739
0.48013535
0.55307587
0.56756331
0.52897724
0.56734916
0.52935424
0.68853909
0.71315636
0.68855071
0.71312128
0.56821238
0.53032565
0.52986223
0.56835574
0.68905054
0.71392005
0.71359195
0.68942302
0.30691108
1.2252218
0.7855904
0.30641584
0.78562366
0.30564211
1.2253635
0.7857088
0.78566602
0.30482702
0.98855426
1.0101192
0.99025846
0.94985645
0.98855186
1.0102745
0.99019832
0.94983553
1.3535433
1.3078129
1.3078317
1.3534414
1.0100835
0.98866078
0.94978437
0.99014622
0.99018196
0.94979473
0.98871307
1.0100018
1.2576553
1.2575947
1.0182368
0.85558698
0.9632232
0.91169739
0.91175306
0.96324791
0.85554825
1.0181144
1.2575095
1.2575446
1.30972
0.81830055
0.81835309
1.2827952
1.1936925
1.2826902
0.87564847
0.95040809
0.87567773
0.95034506
0.81824254
0.81818938
1.1960355
1.2824091
1.2829728
0.85874301
0.97643554
0.97641352
1.1992969
1.1897848
2.2602923
1.9470111
2.2824497
2.9726153
1.964375
1.8275652
1.8333001
1.5707339
1.8735774
1.8663982
1.1838436
1.1947432
2.1756442
1.9730508
2.1601749
1.9459923
1.8585696
1.8784542
1.5468283
1.5645097
1.8261496
1.8328605
0.70028994
1.2816896
1.2816389
0.56578448
0.69648575
1.2811234
1.2807356
0.56665582
1.0263466
0.79110347
1.0246373
1.2950842
1.2603744
1.2608779
1.2606176
1.2966875
1.259453
0.79481408
1.0276559
1.0274384
1.2802124
0.69419071
1.2794982
0.5630603
0.69788071
1.2805688
1.2803603
0.55262328
0.47984578
0.55247418
0.47979175
1.0481937
1.2441292
1.2435404
1.0490573
0.55115537
0.479477
0.47871685
0.552129
0.69027656
0.71442508
0.69003233
0.714673
0.56928768
0.53081789
0.53102259
0.56876507
0.69019544
0.7143422
0.71472464
0.68982213
1.3122984
0.92073349
0.9207295
0.95063318
0.96025476
0.95057526
1.3123337
0.92073984
0.92081465
0.95055401
0.96023085
0.95056606
0.30173875
1.2251974
0.7855941
0.78548517
0.30325714
1.225099
0.9210127
1.312591
0.92123832
0.960445
0.95102024
0.95092418
0.9506635
0.96035219
0.9508125
1.3126519
0.92143322
0.92148859
0.98772336
0.978099
0.9781498
0.98663107
0.94268778
0.98658766
0.98779674
0.97825265
0.97820953
0.98651103
0.94266757
0.98656935
0.97369189
0.98206556
0.97373533
0.9408162
0.95353553
0.95340381
0.95323509
0.94070988
0.95330667
0.98214729
0.97394634
0.97384562
0.97808529
0.98766256
0.97807939
0.94259189
0.98645577
0.986464
0.98649532
0.94260574
0.98649084
0.98770975
0.97810192
0.97810237
1.3063436
1.3521145
1.3064126
0.98719374
1.0083358
0.98941987
0.94888772
0.98721325
1.0095173
0.9893728
0.94888646
1.0075488
0.8346063
0.83457477
0.83452776
1.0075638
0.83455653
1.3521134
1.306298
1.3063066
1.3520504
1.008318
0.98722135
0.94880462
0.9884048
0.98937289
0.94886028
0.98723357
1.0082557
0.8536265
1.0162792
0.91051502
0.9622767
0.85364804
1.0163618
0.91045783
0.96226408
1.2553317
1.3076787
1.3077019
1.2553028
1.0162593
0.85359106
0.96215774
0.90984617
0.91045464
0.96221583
0.8535842
1.0162287
1.2552611
1.2552774
1.3076421
0.87257386
0.94717057
0.94719438
0.8725414
0.81467877
0.81470746
1.2793904
1.1926178
1.2798422
0.87249304
0.94714136
0.87251171
0.94710481
0.81464988
0.81461628
1.1900361
1.2791909
1.2792176
0.97104105
0.85424909
0.97092992
0.85402603
0.97049992
0.97059716
1.8281172
1.8345716
1.8731133
1.8681396
1.5516636
2.1765604
1.9743988
1.9488759
1.8609194
1.8795762
1.8273965
1.8342561
1.0502176
1.2447825
1.0494821
1.2453767
0.55279216
0.4797288
0.55245011
0.47984183
1.0490661
1.2451411
1.2445338
1.0499324
0.55164974
0.47976743
0.47904787
0.55258349
0.569728
0.53111026
0.56924144
0.53168539
0.69092065
0.71505404
0.69060125
0.71536773
0.5695627
0.53129352
0.53153079
0.56926024
0.69093483
0.71533196
0.71550983
0.6907258
0.30103213
0.7858532
0.30158123
0.7859533
0.30222816
0.78634113
0.78622406
0.30365901
0.98877397
1.0099237
0.99013304
0.94975413
0.98878735
1.0099808
0.99009465
0.94974242
1.3533541
1.3076732
1.3076808
1.3532782
1.009906
0.98880625
0.94970018
0.99002488
0.99007968
0.94971222
0.98881522
1.0098242
1.2573277
1.2572935
1.0179906
0.85541026
0.9630643
0.91158349
0.91162204
0.96307803
0.85539818
1.0179459
1.2572408
1.2572632
1.309431
0.81799111
0.81801294
1.2822632
1.1933705
1.2822138
0.87542282
0.95008885
0.87544239
0.95004934
0.81796044
0.81792987
1.1957834
1.2820764
1.2826141
0.85877801
0.97671832
0.97667884
1.182972
1.1919866
2.1501993
1.959072
2.7692101
1.9276142
1.8697408
1.8497196
1.5627555
1.8288573
1.8619369
1.5594269
1.1960023
1.1884013
2.2734144
1.9529378
2.3122171
2.1664444
1.9594769
1.8365599
1.8281264
1.570861
1.552628
1.8682022
1.8692161
0.69522837
1.2802642
1.2792697
0.56206563
0.69676593
1.279907
1.2793074
0.56311432
1.0294694
0.79690552
1.029378
1.2976335
1.2595492
1.2601146
1.2632708
1.2981358
1.2630684
0.79227591
1.0247682
1.0253148
1.2817523
0.7010346
1.2814205
0.5651105
0.69638272
1.2796649
1.2799062
0.55228228
0.48046682
0.55329414
0.47975578
1.0493782
1.2437987
1.2446693
1.0484815
0.55218067
0.47926478
0.47952861
0.55179608
0.68902801
0.71372509
0.68905085
0.71374524
0.56815663
0.52981512
0.52991054
0.56818944
0.68990161
0.71491481
0.71460774
0.69019577
1.3128053
0.92186239
0.92193264
0.95116554
0.96072605
0.95128598
1.3127534
0.92166059
0.92191353
0.95135433
0.96077596
0.95137501
0.30091595
1.2253144
0.78635943
0.78629924
0.29918854
1.2254367
0.92189452
1.3127432
0.92182542
0.96072535
0.95118059
0.95124684
0.9513523
0.96076063
0.95132173
1.3127505
0.92159093
0.92183768
0.98787619
0.97817383
0.97817478
0.98647527
0.94260241
0.98648293
0.98786016
0.97814038
0.97817378
0.98649025
0.94261369
0.98650844
0.97423925
0.9825096
0.97424923
0.94121151
0.95384524
0.9538454
0.95384801
0.94123502
0.95386287
0.98252351
0.9742613
0.9742708
0.9781982
0.98792829
0.97821039
0.94264344
0.98653129
0.98652218
0.98651053
0.94263839
0.98653205
0.9879482
0.97822872
0.97823356
1.3062129
1.3520659
1.3520641
1.3062463
0.98719841
1.0082325
0.98931171
0.94883267
0.98720818
1.0093433
0.9893121
0.94884789
1.0075729
0.83477146
0.83475501
0.83470525
1.0075669
0.83473872
1.3520806
1.3062435
1.3063042
1.3521319
1.008241
0.98726014
0.94888376
0.98939527
0.98933292
0.94887722
0.98731564
1.0083136
0.8536034
1.016235
0.91040746
0.96217995
0.85359283
1.0162345
0.91043707
0.96219095
1.2551539
1.3075708
1.3075629
1.2551521
1.0162365
0.85364104
0.96221472
0.91049458
0.91045177
0.96221076
0.8536517
1.0162682
1.2551733
1.2551529
1.3076032
0.87241509
0.94699028
0.94698824
0.8724057
0.81448505
0.81448949
1.2791073
1.1923528
1.2795886
0.87241065
0.946987
0.87240137
0.94697823
0.81447936
0.81447155
1.189855
1.279071
1.2790612
0.97023622
0.85374282
0.97015149
0.85361152
0.96985097
0.96991955
1.8698771
1.8516478
1.8275886
1.8633923
1.5599131
2.2749062
1.9535358
2.311103
1.9614009
1.8371416
1.8286519
1.570907
1.8691766
1.8697381
1.0488381
1.2445463
1.0497552
1.2441145
0.55206472
0.48029741
0.55320419
0.47946213
1.0496323
1.2444518
1.2452011
1.0488823
0.55204115
0.47921913
0.4793334
0.55182392
0.5674086
0.52953122
0.56765852
0.52907215
0.68983978
0.71464621
0.68985346
0.71468503
0.56852161
0.53015705
0.5301792
0.56864213
0.69081181
0.71594691
0.7156332
0.69113684
0.30552201
1.2259279
0.78662373
0.30639663
0.78669667
0.30016988
0.78712669
0.78704069
0.29871693
0.98873376
1.0097371
0.99000022
0.94965369
0.98876027
1.0097923
0.98994484
0.94963674
1.3532244
1.3075109
1.3075458
1.3531913
1.0097211
0.98872081
0.94959344
0.98990856
0.98992786
0.94959907
0.98874474
1.0097008
1.2570796
1.2570591
1.0178735
0.85534654
0.9629497
0.91149738
0.91151594
0.96295435
0.85533614
1.0178365
1.2570383
1.2570409
1.3092657
0.81780533
0.81781711
1.2819884
1.1931839
1.2819571
0.87525982
0.9498922
0.87526638
0.94986628
0.81778345
0.81776475
1.1956455
1.2819035
1.2824167
0.85892824
0.97711688
0.97705002
1.1886876
1.1956855
2.1695099
1.9653314
1.9459594
1.8730269
1.8656709
1.5509667
1.8284385
1.833418
1.5696209
1.1959921
1.1900669
2.2631042
1.9526659
2.1775881
1.9730854
1.8336705
1.8316524
1.5722833
1.5512833
1.8772535
1.8681454
0.69556029
1.2799819
1.2795596
0.69960426
1.2807677
1.2806502
0.56305823
1.0296565
0.79673542
1.0292776
1.2972412
1.2619517
1.259816
1.2631821
1.2984201
1.2630337
0.79209999
1.0272948
1.0251274
1.2811996
0.69993788
1.2810563
0.5650749
0.6955291
1.2809878
1.2799374
0.55174989
0.47945483
0.5520297
0.47930722
1.0488638
1.2436186
1.2439545
1.0484629
0.5524473
0.47996432
0.47993184
0.55234512
0.69056964
0.71536318
0.69064494
0.71529506
0.56838609
0.53022168
0.53021244
0.5683116
0.69031118
0.71477652
0.71500186
0.69012948
1.3127049
0.92170414
0.92170927
0.95119389
0.96075902
0.95123132
1.3126874
0.92163394
0.92174077
0.95136114
0.96081916
0.95131088
0.30169312
1.2254489
0.78656184
0.78657547
0.30321665
1.2254565
0.92190256
1.3128633
0.92205903
0.96117482
0.95181616
0.95173664
0.95149446
0.96108881
0.95163734
1.312992
0.92223829
0.92230045
0.98800762
0.97836474
0.97833478
0.98657353
0.9427378
0.98661194
0.98799898
0.9782676
0.9783114
0.98670262
0.94279139
0.98667658
0.97426645
0.98256898
0.97427248
0.94140932
0.95390964
0.95389497
0.95387687
0.94138196
0.95389908
0.98259061
0.97429399
0.97429719
0.97842473
0.98810263
0.97847347
0.94299002
0.98689853
0.98686151
0.98676861
0.94294981
0.98683364
0.98814554
0.97855072
0.97852991
1.3063716
1.3522632
1.3522327
1.3063758
1.3521582
0.98744396
1.0084882
0.9894568
0.94897499
0.98742187
1.0094542
0.98954557
0.94902784
1.0079032
0.83499286
0.83496859
0.83489949
1.0078643
0.83494344
1.3523064
1.3064933
1.3065806
1.3524333
1.0085402
0.98759385
0.94919657
0.9897523
0.98960717
0.94916512
0.98766935
1.0087048
0.85370893
1.0163575
0.91053155
0.96229473
0.85368943
1.0162814
0.91062889
0.96234216
1.2552807
1.3077344
1.307703
1.2553083
1.0163876
0.85377747
0.96249914
0.91077979
0.91067498
0.96246906
0.85379453
1.0164871
1.2553762
1.2553322
1.3078049
0.87250286
0.94705318
0.9470201
0.87252654
0.81451007
0.81448897
1.2790969
1.1923382
1.2796114
0.87258668
0.94707888
0.87255211
0.9470963
0.81452799
0.81454275
1.1899148
1.2791964
1.2791664
0.96964176
0.85347523
0.9695727
0.85339695
0.96928995
0.96936575
1.8736116
1.8672327
1.8288008
1.8343239
1.5700239
2.2585251
1.9475958
2.2705143
1.9666663
1.834522
1.8281318
1.5720065
1.8741177
1.8688285
1.0487086
1.2446708
1.0492503
1.2441955
0.55221471
0.47979301
0.55245157
0.47968688
1.0495034
1.2443023
1.2448353
1.0488576
0.55282038
0.48000426
0.4802068
0.55245208
0.56907131
0.53041503
0.56925535
0.53017909
0.69149482
0.71638594
0.6915862
0.71631762
0.56879698
0.52978308
0.53022083
0.56848178
0.69088001
0.71537752
0.71567241
0.69060864
0.2979385
1.226387
0.78731308
0.29763119
0.78730489
0.30116336
0.78711301
0.78720607
0.30237625
1.2261985
0.98873096
1.0097382
0.98990715
0.94959768
0.98874495
1.0096996
0.98993768
0.94960576
1.3532017
1.3075185
1.3075799
1.009756
0.98877745
0.94966525
0.99001104
0.98995169
0.94964852
0.98882332
1.009829
1.257014
1.3092435
1.309239
1.2570155
1.0178371
0.85528862
0.96301853
0.91156208
0.91152903
0.96300002
0.85528455
1.017859
1.2570353
1.2570152
1.3092547
0.81774597
0.8177386
1.281893
1.1931696
1.2818875
0.87527769
0.94985906
0.87526092
0.94985769
0.81774406
0.81774677
1.1957018
1.2819301
1.2824212
0.8593219
0.97784377
0.97773939
1.1949766
1.1887088
2.1941106
1.920275
1.9465166
1.8213892
1.8765616
1.5482868
1.8388258
1.8304059
1.5758302
1.191195
1.1916237
2.2806751
1.9580162
2.6731102
2.2800937
1.959182
1.8649392
1.8307591
1.8319478
1.867802
0.69978476
1.2806882
1.2819278
0.57073498
0.70310254
1.2826107
1.2831477
1.0271313
0.79939285
1.0317534
1.2999558
1.2621592
1.2647761
1.2615499
1.300389
1.2651615
0.7990593
1.0276458
1.0313845
1.2809154
0.70204326
1.2824099
0.56625479
0.5687322
0.70170902
1.2810638
1.2822943
0.55363481
0.48145129
0.55440871
0.48098042
1.0511036
1.2461704
1.2461994
1.0510711
0.55355102
0.48086067
0.48085607
0.55356099
0.68978099
0.71436127
0.68987248
0.71428263
0.56831092
0.5301719
0.53035048
0.56822114
0.68948212
0.71410043
0.71399181
0.68956292
1.3131484
0.92239202
0.92249175
0.95192673
0.96140513
0.95200368
1.3131218
0.92239747
0.92254733
0.95203231
0.9614421
0.95206418
0.30632209
1.2253872
0.78653386
0.78653437
0.30546445
1.2254026
0.92240515
1.3131161
0.92228786
0.96128469
0.95171814
0.95184902
0.95201866
0.96136551
0.95196454
1.3130984
0.92188509
0.92222412
0.98822699
0.97864867
0.97865103
0.98695487
0.94311433
0.98699148
0.98822902
0.97860303
0.97864498
0.98703043
0.94314638
0.98703798
0.97429311
0.98262839
0.97430134
0.94142009
0.9539099
0.95391009
0.95391577
0.94146786
0.95392361
0.98265277
0.97433844
0.97433499
0.97866383
0.9882418
0.97866201
0.94313811
0.98700326
0.98702832
0.98704939
0.94316058
0.98705964
0.98825659
0.97863018
0.97866516
1.3066666
1.3525486
1.3525344
1.3066797
1.3524685
0.98774631
1.0088347
0.98981946
0.9492964
0.98775798
1.0098555
0.98984739
0.94932712
1.0080773
0.83509896
0.83509724
0.8350707
1.0080891
0.83509466
1.3525689
1.3067062
1.3067479
1.3525846
1.0088451
0.98770881
0.94930374
0.98985104
0.98986453
0.94933167
0.98769699
1.0099861
0.85387596
1.0174167
0.91081757
0.96260094
0.85385405
1.016513
0.91086532
0.96263386
1.2555142
1.3079578
1.255529
1.0174373
0.85391113
0.96264486
0.91083687
0.91087567
0.96266011
0.85449966
1.0174554
1.2555544
1.2555369
0.87269888
0.94721607
0.94719041
0.87270336
0.81462874
0.8146121
1.2792542
1.1924344
1.2797697
0.8727075
0.9472295
0.87270335
0.94723081
0.81463816
0.81464022
1.1899764
1.2793251
1.279305
0.96902561
0.85322925
0.96893
0.85306194
0.96845177
0.96858054
1.8621178
1.8770126
1.5526862
1.8299634
1.8355494
2.2346353
1.9485439
1.9430325
1.8381295
1.839034
1.5721951
1.5535308
1.822692
1.8685934
1.049493
1.2455788
1.0503076
1.244968
0.55254773
0.48044595
0.5531554
0.48005863
1.0520474
1.2471882
1.2471663
1.0518904
0.55421975
0.48094396
0.48117097
0.5539065
0.5682113
0.53004286
0.56850407
0.53004362
0.68997785
0.71471796
0.6900805
0.71460898
0.56902044
0.53081487
0.5309759
0.56896697
0.69009094
0.7147581
0.71467123
0.69016725
0.30684349
1.2260023
0.78692728
0.30603973
1.2259982
0.78687195
0.30776686
0.78680427
0.78683671
0.30723043
1.2257433
0.98882314
1.0098833
0.99002365
0.94969659
0.98885022
1.0098475
0.99003792
0.94969654
1.3532648
1.3075633
1.3532571
1.3075924
1.3532361
1.0098739
0.98872448
0.94963039
0.98995193
0.99002375
0.9496571
0.98869976
1.0098239
1.2570827
1.3092894
1.3092873
1.2570788
1.0178893
0.85528612
0.96303556
0.91148493
0.91155599
0.96304827
0.8552816
1.0178702
1.2570627
1.257063
1.3092746
0.8178177
0.81780488
1.2819685
1.1932881
1.2819711
0.87530158
0.94993274
0.8753047
0.94992584
0.8178154
0.81781398
1.1958037
1.282009
1.2825044
0.85981364
0.97861777
0.9785257
1.1900935
1.1895604
2.2712766
1.9519083
1.9469428
1.8278088
1.8663458
1.5742921
1.8278992
1.8731278
1.1878545
1.1890455
2.2550835
1.9450895
2.655346
1.9462172
1.8720127
1.8273045
1.5704775
1.8252861
1.8682323
0.7008958
1.2804975
1.2816787
0.56714822
0.70017338
1.2806032
1.2815564
1.0259111
0.79643662
1.0290909
1.2973696
1.2601373
1.2627006
1.2604899
1.2976965
1.2626816
0.79660994
1.0255971
1.0292299
1.2801002
0.69945742
1.2809514
0.56331789
0.5656395
0.69965179
1.2797972
1.2809556
0.55317556
0.48047946
0.55313225
0.48046661
1.0502569
1.2455075
1.2454804
1.0502509
0.55273436
0.47983043
0.47999042
0.55260882
0.6906196
0.71500751
0.6903615
0.71528471
0.56899995
0.53050478
0.53065817
0.56887389
0.69102283
0.71545247
0.7157229
0.69078246
1.3128549
0.92105717
0.92137332
0.95163197
0.96102086
0.95152879
1.3129567
0.92179678
0.92169114
0.95128309
0.96093359
0.951433
0.29640137
1.2256684
0.78648354
0.7865641
0.29598044
1.2256675
0.92093503
1.3126875
0.92074254
0.9605633
0.95096517
0.95103792
0.95120333
0.96065323
0.95113206
1.3126686
0.92027454
0.92063264
0.98825156
0.97856603
0.97859505
0.98699828
0.94307239
0.98698223
0.98826172
0.97862716
0.97862328
0.98694768
0.9430568
0.98698718
0.97442683
0.98275733
0.97443354
0.94105311
0.95388171
0.95391011
0.95393826
0.94112164
0.95393992
0.98277077
0.97442617
0.97445231
0.97856059
0.98824876
0.97854526
0.9429552
0.98689473
0.98691054
0.9869442
0.94298511
0.98694278
0.98825662
0.97850648
0.97854191
1.3066901
1.3526116
1.3526097
1.3067405
0.98744722
1.0099479
0.98984233
0.94922998
0.98754114
1.0099926
0.98977047
0.94921203
1.0080209
0.83510446
0.83511713
0.83511622
1.0080252
0.83512811
1.3526376
1.3067001
1.3067567
1.0099659
0.98725473
0.94911205
0.98969731
0.98976176
0.94913877
0.98722213
1.0100217
0.85455949
1.0174652
0.91082584
0.96261544
0.85455611
1.0174682
0.9107514
0.96261458
1.2555778
1.2555793
1.0174901
0.85460768
0.96259967
0.91070306
0.9107408
0.96260279
0.85463461
1.0175725
1.2556186
1.2555897
0.87266267
0.94728436
0.9472574
0.87264899
0.81466865
0.8146513
1.2798649
1.1924377
1.2798988
0.87264327
0.94730791
0.87263931
0.94732886
0.81468561
0.81470374
1.19247
1.2795551
1.2799965
0.9680721
0.8527402
0.96794888
0.85256091
0.9675011
0.96759911
1.8280749
1.8655052
1.830183
1.8736428
2.2546363
1.9465495
1.948009
1.8721955
1.8282181
1.5695172
1.5719501
1.8256963
1.8682412
1.0504033
1.2458425
1.0503384
1.2459063
0.55236359
0.47963828
0.55241823
0.47953096
1.050119
1.2457379
1.2456664
1.0501759
0.55209883
0.47915594
0.47921436
0.55207679
0.56873696
0.53018793
0.5686564
0.53028456
0.69063614
0.71516706
0.69045617
0.71537967
0.56885383
0.53005133
0.53020792
0.56878951
0.69101935
0.71579879
0.71582495
0.69099412
0.30170843
1.2258397
0.78665561
0.303356
1.2258279
0.7866179
0.29769533
0.78641078
0.78647709
0.29723854
1.225872
0.98840311
1.0097224
0.98991378
0.94951105
0.98851147
1.0098003
0.98978286
0.94946213
1.3531905
1.3074342
1.3074731
1.3532417
1.0097021
0.98814921
0.94929908
0.98964915
0.98973783
0.94933062
0.98809449
1.0097127
1.2570236
1.3092685
1.3092611
1.2570133
1.0178249
0.85526138
0.96286116
0.91121701
0.91129478
0.96286659
0.85526202
1.0178598
1.2570208
1.3092798
1.2570093
0.81784791
0.81783729
1.282043
1.1933424
1.282052
0.87516743
0.94996522
0.87517271
0.94997355
0.81785086
0.81785931
1.1933999
1.282211
1.2826474
0.86023853
0.97928183
0.97917551
1.1880614
1.1898661
2.2562432
1.9486537
2.173753
1.9484275
1.8296896
1.8724965
1.5712109
1.8264622
1.8691506
1.1923552
1.1889896
2.2874209
1.9686851
2.178597
2.6975131
1.9400308
1.866295
1.8347363
1.5748669
1.5721252
1.8338035
1.8769319
0.69874812
1.2800316
1.2808351
0.5652285
0.69912104
1.2798222
1.2808513
1.0282075
0.79797276
1.0310365
1.2988952
1.2610133
1.2633037
1.2629929
1.2991313
1.2647206
0.79550191
1.0259517
1.0289565
1.2807638
0.70023779
1.2817254
0.69793264
1.2803774
1.2811688
0.55217725
0.47938986
0.55224237
0.47931076
1.0512446
1.2468012
1.2466847
1.051335
0.55249005
0.47912747
0.47934394
0.55239635
0.68944942
0.71460281
0.68991418
0.71412826
0.56630664
0.52762776
0.52803484
0.56584631
0.68808956
0.71205506
0.71269991
0.68751242
1.3125314
0.91973033
0.91994681
0.95097774
0.96041889
0.95101325
1.3125804
0.92020879
0.92017074
0.95112425
0.96040726
0.95108532
0.30506217
1.2253387
0.7847346
0.78513872
0.30672694
1.2254821
0.9197168
1.3125575
0.91965389
0.96032834
0.95163611
0.95150837
0.95124787
0.96036747
0.95139018
1.3126654
0.91946636
0.91968879
0.98819629
0.97847564
0.97849293
0.98690828
0.9429261
0.98691787
0.98822637
0.97850802
0.97851156
0.98695296
0.94293765
0.98695477
0.97414323
0.98246248
0.97403488
0.94043564
0.953172
0.95332177
0.95358027
0.94057327
0.95347416
0.98237965
0.97378995
0.97393061
0.9784834
0.98811268
0.97848024
0.94299699
0.98709778
0.98705501
0.98699233
0.94298019
0.98703679
0.98808866
0.97847491
0.9784904
1.3068676
1.3531279
1.3068596
0.98702009
1.0103407
0.98971475
0.94912217
0.98708254
1.0100906
0.98979073
0.94915715
1.0084122
0.83470005
0.83482591
0.83497445
1.0083271
0.83492279
1.3532866
1.3070944
1.3072329
1.0104886
0.9869812
0.94934475
0.98998387
0.98984799
0.94929344
0.98701702
1.0109918
0.85469759
1.0177972
0.91071571
0.9626826
0.85469288
1.0176287
0.91076796
0.96274192
1.2558328
1.2558985
1.0178887
0.8546911
0.96303679
0.91097276
0.91081283
0.96295525
0.85468301
1.0182156
1.256081
1.2559748
1.309081
0.87275424
0.94768481
0.94758904
0.87280153
0.81488394
0.81485065
1.28033
1.1928083
1.280456
0.87294134
0.94778218
0.87286103
0.94788273
0.8149019
0.81490328
1.1929625
1.2807278
1.2809813
0.96732195
0.85243995
0.96729806
0.85254066
0.96756102
0.96742765
1.8280247
1.8723718
1.8258771
1.8696818
1.5724645
2.2878729
1.9676321
1.9391021
1.8672431
1.8337419
1.5718868
1.8324222
1.8766958
1.0503878
1.2459207
1.0502959
1.2460376
0.55194421
0.4789589
0.55195163
0.47891021
1.0513059
1.2471007
1.2470401
1.0513224
0.55217755
0.47862936
0.47889308
0.55200721
0.56746584
0.52917144
0.56796641
0.52867436
0.68972886
0.71500436
0.69019197
0.71454295
0.56622621
0.52707691
0.52739718
0.5657776
0.68814959
0.71218109
0.7128492
0.68753966
0.30100628
1.2256328
0.78608006
0.29932879
1.225721
0.78591364
0.30670958
0.7847273
0.78513687
0.30838145
1.2256793
0.98782296
1.009972
0.98963459
0.94926113
0.98789831
1.0097459
0.98966472
0.94927049
1.3537147
1.3077193
1.3078555
1.3543719
1.0100928
0.98775955
0.94943776
0.98984894
0.98969642
0.94937861
0.9877915
1.0105956
1.2571615
1.3097701
1.3096392
1.2572183
1.0181139
0.85523353
0.96321115
0.91140741
0.91125747
0.96312122
0.85520788
1.0184192
1.2573827
1.2572843
1.3101264
0.81801463
0.81798906
1.2824571
1.1936208
1.2825698
0.87540097
0.95037651
0.8753246
0.95046831
0.81801965
0.81801483
1.1963968
1.2833472
1.2836062
0.8610233
0.98072215
0.9804696
1.1876506
1.1957586
2.1792996
1.9803865
2.2383088
2.2020161
1.9273003
1.883511
1.8395356
1.8245788
1.8389851
1.1818365
1.1899699
2.18456
1.9599827
2.2966567
2.9683638
1.9321655
1.8343681
1.8603187
1.5569284
1.5488077
1.8278452
1.8600892
0.69204795
1.2810151
1.2800449
0.56767902
0.69499191
1.2808608
1.2806778
0.5673834
1.0258901
0.79119394
1.0258792
1.289352
1.2658953
1.2553925
1.2619608
1.2965556
1.2616204
0.79175894
1.0375944
1.0216454
1.2811594
0.69424575
1.2825667
0.59198497
0.57151154
0.69290545
1.2899183
1.2840094
0.55041079
0.47763988
0.55087312
0.47707882
1.0508419
1.2415024
1.2475095
1.0460382
0.54942317
0.47813729
0.47579532
0.55240856
0.68325027
0.70920238
0.68473673
0.70777019
0.5619058
0.53601199
0.5250327
0.57132356
0.68198167
0.71119439
0.70633501
0.68771329
1.3124227
0.91836948
0.91900066
0.95181157
0.96013252
0.95196199
1.312813
0.91949182
0.91946143
0.9520336
0.96000174
0.95203377
0.4178351
1.2125219
0.79175003
0.78849041
0.43697868
1.2058469
0.9173442
1.3079144
0.91721715
0.95827401
0.95204132
0.95213213
0.95193027
0.95921674
0.95203933
1.3047369
0.9223298
0.9176166
0.98804335
0.97858012
0.97858327
0.98718195
0.94316516
0.98727458
0.98804184
0.97850769
0.9785536
0.98745487
0.94326082
0.98740226
0.97362493
0.98183691
0.97358875
0.93979874
0.95094007
0.95318503
0.95299844
0.93988378
0.95303756
0.98158632
0.97131548
0.97366505
0.97849134
0.98763787
0.97799551
0.9404071
0.9824264
0.98537321
0.98739858
0.94251541
0.98682908
0.98706682
0.97372859
0.97682259
1.3070298
1.3547935
1.3073554
0.98653287
1.0099866
0.99003973
0.94956285
0.98689687
1.0111831
0.98977025
0.94963023
1.0077151
0.83800725
0.82346221
0.83338293
1.0082662
0.83403481
1.3538887
1.3028449
1.2966599
1.3533979
1.0093434
0.98245468
0.94754226
0.98511471
0.98934949
0.94877447
0.97934974
1.0079722
0.85409203
1.0189234
0.91106902
0.96340387
0.85464475
1.0183855
0.91140824
0.9635656
1.2560522
1.2554345
1.0189288
0.85442629
0.96186434
0.90402081
0.91139375
0.96311207
0.84557029
1.0158388
1.2517414
1.2537434
1.3084228
0.87351898
0.94888507
0.94874135
0.87359582
0.8147067
0.81468397
1.2816607
1.1930047
1.2823838
0.87276386
0.94882577
0.87351171
0.94794688
0.81438574
0.81496986
1.188623
1.2724481
1.2803831
0.96840207
0.85285249
0.96887203
0.85154956
0.96450887
0.9682137
1.8847326
1.839801
1.8241844
1.8390785
1.5536492
2.1854937
1.9603037
1.9324783
1.8340321
1.8594385
1.8274746
1.8612289
1.0507104
1.2469143
1.0505795
1.2472665
0.55010217
0.477178
0.55053499
0.4766411
1.0508683
1.2419094
1.2478297
1.046179
0.54912897
0.47782614
0.47539858
0.55222058
0.56149601
0.52490673
0.56317573
0.52338131
0.68329462
0.70934035
0.68476728
0.70792114
0.56147317
0.53587373
0.52468663
0.57108017
0.6820802
0.71141435
0.70653502
0.68782587
0.33013252
1.2256385
0.78308742
0.31846412
1.2262436
0.78276242
0.42028676
0.79179337
0.78862317
0.43792832
1.2061456
0.98730047
1.0107321
0.98988664
0.94964619
0.98766403
1.0107661
0.98965923
0.9496996
1.3542907
1.3034549
1.2972757
1.3538012
1.0100918
0.98324288
0.94769565
0.98593472
0.98922902
0.9488686
0.98014182
1.0087214
1.2573331
1.3116228
1.2567141
1.0191295
0.85554178
0.9620803
0.90504903
0.91181325
0.96326917
0.84671318
1.0169274
1.2530223
1.2550208
1.3094547
0.81782543
0.81780481
1.28428
1.1939633
1.2844925
0.87520822
0.95140048
0.87595193
0.95052194
0.81750024
0.81807712
1.1920984
1.2750981
1.283013
0.86030216
0.97840772
0.98175895
1.8883385
0.86532377
2.0551964
0.86893895
1.8810472
0.86755388
1.8903085
2.6776323
0.8671302
1.7991151
2.6552405
0.86703438
2.1639641
0.86716463
2.160884
2.9739942
0.86752036
1.8468481
2.6550349
0.86783349
1.8809262
0.8683058
2.1276494
0.86984651
1.8890432
2.1466687
0.85380574
0.85862501
0.86208243
0.86581899
2.114369
0.85724592
0.86213676
0.86918546
1.9393162
2.1324984
0.85857572
0.8580209
0.86555295
0.86397482
2.1463573
2.9475199
0.86208942
0.861758
0.86765141
1.8714799
2.1527403
0.85799375
0.85770811
0.86383373
0.86303845
2.1654609
2.9694945
0.86174483
0.86177035
0.86715382
1.8831741
2.6736904
2.1583271
0.85767377
0.85744234
0.86295154
0.86246847
2.167413
2.9605072
0.8617774
0.86181818
0.86703308
1.7830244
2.6533114
1.8621182
2.6661655
0.85741126
0.85729995
0.86241336
0.86217522
1.8687897
2.6732366
0.86181818
0.86189831
0.86712967
2.1484154
2.9596591
1.8902155
2.6775453
0.85729824
0.85729918
0.86215842
0.86209511
1.8968682
2.6777932
0.8619178
0.86211716
0.86746925
2.1383975
1.891355
2.6759331
0.85728779
0.85703708
0.86208095
0.86190776
1.9008459
2.6817009
0.86213787
0.86214705
0.86779495
1.8519751
1.8701517
2.6725584
0.85697889
0.85658379
0.8618765
0.86184344
1.8853048
2.6742663
0.86212393
0.86194829
0.86820587
1.8647114
1.727515
0.85656272
0.85661816
0.86189748
0.86287634
1.7404311
0.86193426
0.86218081
0.86958932
2.1164436
1.8881166
0.85664114
0.85162203
0.86309393
0.85910712
1.8876417
2.6913612
0.86221929
0.85732768
0.86600598
0.8041852
1.0752919
1.0736448
0.81124771
0.59487675
0.51333767
0.48169217
0.61587109
0.71176998
0.69887094
2.1640412
0.78865487
1.2989093
1.2951383
0.81378388
0.98273782
0.93824772
0.94043148
0.97955022
1.0070221
1.0100277
1.6086875
0.86879423
1.6827927
0.80095829
1.0673961
0.80271044
1.0650667
0.60380125
0.48520838
0.60057341
0.48868257
0.7057066
0.70820363
2.1391949
2.9178491
0.79042836
1.2966038
0.79224117
1.2929389
0.98340664
0.94096821
0.98311818
0.94140525
1.0094547
1.0091556
1.6870487
0.86826625
1.6865463
0.80311268
1.06632
0.80242378
1.0669396
0.60391357
0.49046362
0.60454014
0.49027075
0.70854572
0.70804732
2.1624353
0.79782714
1.2994576
0.79242176
1.2999067
1.2252365
1.2253384
0.98352273
0.94183677
0.98361179
0.94183294
1.0089401
1.0088813
1.6865492
0.86734834
1.6866403
0.80299814
1.0666911
0.80264179
1.0673104
0.60585498
0.49169984
0.60516615
0.49159216
0.70846952
0.70895964
2.1659407
0.79768348
1.2986622
0.79280904
1.2993213
1.2258579
1.225601
0.98319842
0.94166073
0.98326371
0.9417049
1.0087889
1.0087416
1.6865756
0.86709284
1.6865511
0.80131334
1.0657359
0.80404704
1.0661774
0.60414935
0.49082014
0.60413346
0.48945607
0.70876399
0.7088855
2.0417432
2.7688023
0.79025573
1.294705
0.79391225
1.2946824
0.98356375
0.9422122
0.98349645
0.94228305
1.008673
1.0086124
1.6864744
0.86707063
1.686479
0.80144547
1.0662201
0.80165043
1.0659459
0.60511268
0.49045834
0.60503918
0.48978909
0.71020822
0.71005246
1.8883769
2.6825594
0.7916229
1.2969286
0.79504025
1.297192
1.2263685
1.2263432
0.98339245
0.94222544
0.98350551
0.94215887
1.008574
1.0086011
1.6866536
0.86730252
1.6870166
0.80141218
1.0680659
0.80436351
1.0648878
0.60458097
0.49123157
0.60514309
0.49078682
0.70915549
0.7089344
1.7799289
0.79106733
1.2989322
0.79725935
1.298251
0.9831921
0.94207097
0.98319663
0.94206457
1.0086721
1.0086893
1.6879057
0.86767154
1.688627
0.80131495
1.0646126
0.80124476
1.0646812
0.6053617
0.49085712
0.60468028
0.4907259
0.70946266
0.71011427
1.900997
2.6865764
0.7916629
1.29691
0.79085561
1.2970205
1.2258049
0.98321589
0.94191418
0.98326957
0.94163893
1.008605
1.0085068
1.6905414
0.86797381
1.691765
0.80095318
1.0640572
0.80068279
1.0643001
0.60351435
0.48969529
0.60487867
0.48825949
0.7098681
0.70865067
1.8516565
0.79077029
1.2962361
0.79049938
1.2968414
0.98295029
0.94125284
0.98309992
0.94104855
1.0084458
1.0085392
1.6941332
0.86872802
1.6956106
0.80349697
1.0676426
0.80279758
1.0702457
0.59619175
0.48675762
0.60099514
0.4822321
0.70533328
0.70056238
2.1298011
2.9205065
0.78901838
1.2957085
0.79140155
1.295419
0.98237172
0.94043527
0.9824832
0.94021248
1.0090052
1.0094757
1.698078
0.87005783
1.6982161
2.1630165
2.9669394
2.1224075
0.81593457
0.58831512
0.77514413
0.78478078
0.56925397
0.57084868
0.78261891
0.65165609
0.48270991
0.45802751
0.66152163
0.80352407
1.0687125
1.0705307
0.80352976
0.65167958
0.45998604
0.45788462
0.65226012
0.63364847
0.76389062
0.74980601
0.65103102
0.59535909
0.48449201
0.48157443
0.59907643
0.63415509
0.75436463
0.75051383
0.63804954
0.70461921
0.70024102
0.85624905
0.85776501
1.6098012
0.86550781
1.6830027
2.6558845
2.8154886
0.86606829
1.6863038
1.6868523
2.8237934
2.8230881
1.1861936
1.5573706
1.1817038
1.5473827
2.1209192
2.9002969
1.1883591
1.5537487
1.1883376
0.69171439
0.71172054
0.81814873
0.58604417
0.77856378
0.78879217
1.2986797
1.2966251
0.79506902
0.69180841
0.69781459
0.7870735
0.78618465
0.80333984
1.0753102
1.0730671
0.81106764
0.6506435
0.48173795
0.45675702
0.66114423
0.8026498
1.0689243
1.0698887
0.80378208
0.65063959
0.45987671
0.45673645
0.65222677
0.5939132
0.5122284
0.48042433
0.61477752
0.63284161
0.76324185
0.74930864
0.65002565
0.59461086
0.48461901
0.48048321
0.59929747
0.63356988
0.75475154
0.75021232
0.63823412
1.3099375
0.95647383
0.96004578
1.3167308
0.71113671
0.6983145
1.3119611
0.96071084
0.96029879
1.3130531
0.70478434
0.69985629
0.98871369
0.93756676
0.94416644
0.98525924
0.98281883
0.94082887
0.94046877
0.98303831
0.9888079
0.9440168
0.94425952
0.98884624
1.0096216
1.010125
0.85971021
0.8612362
2.653414
2.8150731
0.86937758
1.6872683
1.6868509
2.824668
2.8227824
2.1186363
2.9098829
1.5709427
1.5557092
1.7169548
0.78734639
0.56682246
0.56412321
0.78955004
0.78465115
0.56914595
0.56401545
0.78982205
0.65054951
0.46032959
0.65172814
0.46272351
0.80115239
1.0673399
1.0649968
0.80362556
0.65085504
0.46515645
0.46337518
0.65309949
0.64240121
0.75551506
0.63928381
0.75827741
0.60402268
0.49089448
0.48886408
0.60486066
0.64293902
0.7587588
0.75874689
0.64314999
0.70874634
0.7086356
0.85829038
0.85821247
1.6855487
0.86475548
1.683766
2.8228818
2.8210443
0.86453064
1.6816195
1.683129
2.8180417
2.8201422
1.1887642
1.5579813
1.1820006
1.7375677
2.6237821
1.1874834
1.551598
1.1940716
1.5740999
0.6944142
0.69551306
0.78868339
0.56326299
0.56047835
0.79096427
0.78905124
1.2976507
1.2957725
0.79614423
0.69303728
0.69979658
0.78720357
0.79176412
0.80097551
1.0680804
0.80315381
1.0656099
0.65022128
0.46037033
0.65180874
0.46196974
0.80114581
1.0672222
1.0652105
0.8033241
0.65058117
0.4640056
0.4623937
0.65268989
0.60347369
0.48562949
0.60069588
0.4880878
0.64245166
0.75601366
0.63960717
0.75844718
0.60407459
0.48967587
0.48847879
0.6039376
0.64277143
0.75832013
0.75869073
0.64255421
1.3129577
0.96080187
1.3130422
0.96099443
0.70596669
0.70821652
1.225712
1.2253702
1.3130019
0.96132998
0.96108309
1.313039
0.70833534
0.70847966
0.98899336
0.94396635
0.98888302
0.94387182
0.9834985
0.94182065
0.94154986
0.98362902
0.98904859
0.94387927
0.94387612
0.98912125
1.008987
1.0091122
0.8619149
0.86186585
2.8244854
2.8237421
0.86807749
1.6864932
1.686482
2.8241712
2.8239322
2.1574886
1.5731755
1.5531119
1.8753192
2.6767116
0.78683353
0.56672244
0.56858877
0.78470607
0.78395539
0.56905907
0.56688604
0.78625935
0.65272741
0.46489589
0.65214573
0.46517184
0.80242436
1.0673107
1.0663992
0.80346633
0.65215549
0.46592184
0.46508167
0.65295245
0.64263848
0.75849992
0.64290118
0.75787858
0.60421204
0.49188659
0.49068264
0.60498811
0.64267448
0.75831259
0.75785743
0.64338558
0.70830345
0.7080171
0.85787811
0.8578406
1.6811415
0.86345011
1.6800321
2.8174722
2.8159057
0.86333936
1.6790009
1.6796965
2.8148771
2.8156302
1.198886
1.575138
1.1910042
1.8953437
1.1898444
1.5528826
1.198395
1.5734767
0.70071281
0.69577547
0.78913465
0.56677853
0.78655874
0.79338089
1.2993825
1.2995691
0.79748848
0.69644487
0.70051677
0.78614819
0.56665522
0.56492387
0.78817971
0.80331482
1.0663569
0.80228464
1.0672483
0.65280672
0.46373638
0.65188628
0.46473993
0.80254972
1.0673853
1.0666671
0.80332642
0.65216602
0.46549114
0.46461006
0.65272743
0.60392006
0.48944713
0.6037318
0.49026138
0.64241006
0.75809379
0.6423498
0.75785753
0.60409821
0.49151741
0.49038124
0.60478174
0.64259225
0.75878949
0.75798628
0.64350067
1.3131325
0.96140513
1.3131392
0.96147712
0.70819158
0.70806472
1.22532
1.2254745
1.3131907
0.96136988
0.96147282
1.313116
0.7087712
0.70816839
0.98908131
0.94389401
0.98913397
0.94389744
0.98348107
0.94170657
0.94181428
0.98332507
0.98906244
0.94387509
0.94390509
0.98894538
1.0088251
1.0088809
0.86177549
0.86177791
2.8242036
2.8243598
0.86728676
1.686567
1.6866015
2.8238866
2.8242158
2.1591285
1.5509387
1.9049839
2.6869436
0.78578858
0.5667131
0.78450038
0.78627676
0.56459231
0.56422142
0.78625775
0.65216687
0.46557202
0.65221286
0.4653764
0.80192974
1.0665817
1.0667841
0.80387928
0.65108845
0.46526184
0.46476427
0.65335588
0.64432146
0.75856671
0.6436564
0.75917455
0.60571974
0.49072718
0.49124309
0.60458219
0.6442466
0.75855269
0.75922834
0.64336618
0.70886739
0.70903685
0.85761045
0.85757483
1.6787742
0.86274012
1.6782799
2.8147506
2.8140309
0.86267045
1.677779
1.6780636
2.8132378
2.8136483
1.1964702
1.5713318
1.1886329
1.9094534
2.6860777
1.1815824
1.5477608
1.1923969
1.5659869
0.70039169
0.69598366
0.78793969
0.78615293
0.79266898
1.2942967
1.2973299
0.79551171
0.69579865
0.69878175
0.7876837
0.56361661
0.56335229
0.78777165
0.80351302
1.0667964
0.80257878
1.0677619
0.652626
0.46522355
0.65207784
0.46554477
0.80258235
1.067212
1.0673364
0.80444965
0.6516793
0.46541018
0.46506958
0.65382689
0.60608331
0.49150535
0.60511429
0.49187967
0.64481621
0.75912724
0.64388586
0.75990407
0.60598713
0.49107779
0.49163123
0.60507158
0.64475946
0.75955883
0.75998482
0.64395022
1.3132589
0.96134989
1.3131686
0.96138102
0.70902954
0.70967018
1.2259873
1.2257975
1.3134292
0.9617632
0.96146194
1.3135444
0.70960497
0.70976748
0.9888368
0.94387203
0.9889175
0.94382568
0.98322687
0.94213496
0.94178844
0.98343514
0.98884972
0.94379429
0.94382316
0.98894101
1.0087031
1.0087426
0.86183776
0.86184138
2.8236986
2.8236202
0.86707277
1.6864765
1.6865322
2.8236571
2.8237764
2.0372074
2.1680575
2.9976385
0.78790802
0.56329283
0.7869692
0.7873622
0.56209152
0.56559614
0.7846337
0.65102327
0.46513319
0.65378031
0.46406
0.80196648
1.0656119
1.0670994
0.80107323
0.65146295
0.46417083
0.46435846
0.6508509
0.64281497
0.75834282
0.64300012
0.7585399
0.60458666
0.49039543
0.48992176
0.60490106
0.6431986
0.75975197
0.75888226
0.64403404
0.71009842
0.70936033
0.85737401
0.85735599
1.6776856
0.86229799
1.6775358
2.8132915
2.8129878
0.86226342
1.6774389
1.6774775
2.8131153
2.8130663
1.1878925
1.5635942
1.1878513
2.1839796
3.0037571
1.1940513
1.1872462
1.5523627
0.69506989
0.69696422
0.78955764
0.56051873
0.78909804
0.79500147
1.2965903
1.2975499
0.79056923
0.6997041
0.69493412
0.78882804
0.5629502
0.78675427
0.80117369
1.0661613
0.80431552
1.0663605
0.65080834
0.46502238
0.65398855
0.46376734
0.80183668
1.0662081
1.0672805
0.80145252
0.65126737
0.46429529
0.46411086
0.6511642
0.60450586
0.49045128
0.60457423
0.48935361
0.64348142
0.75933011
0.64353104
0.75954668
0.60464902
0.49017119
0.48991118
0.60582039
0.64389697
0.76082518
0.75992467
0.64486013
1.3137384
0.96185674
1.3135981
0.96191314
0.70949775
0.70983637
1.2261427
1.2263656
1.313724
0.96182237
0.96190545
1.3135995
0.71091493
0.71016417
0.98899783
0.94379503
0.98899018
0.94373261
0.98357702
0.94225491
0.94229998
0.98353471
0.98900526
0.94369075
0.9437275
0.98895791
1.0085871
1.0086172
0.86187197
0.8618811
2.8234743
2.823537
0.86707736
1.6865149
1.6864305
2.8234017
2.8234177
1.8935975
2.6797922
2.1523834
2.9679897
0.78551449
0.56390959
0.78679698
0.78587379
0.56617794
0.56514691
0.7851271
0.65115687
0.46436665
0.65131456
0.46412082
0.80222681
1.0667528
1.0665847
0.8026614
0.65180854
0.46516943
0.46447598
0.65233859
0.64413573
0.75988908
0.64419553
0.75996619
0.60516177
0.49069269
0.49015129
0.60504436
0.64406034
0.75907271
0.75978255
0.64370744
0.70930452
0.70989502
0.85733895
0.85733893
1.6773376
0.86214531
1.6772053
2.81294
2.8125609
0.86213729
1.6768872
1.6771486
2.8124814
2.812751
1.1866082
1.551208
1.1944427
2.1672335
2.9708971
1.1966582
1.1875826
1.5515388
0.69562507
0.69916234
0.78691015
0.78811804
0.79619827
1.2985691
1.2978035
0.79255134
0.69991858
0.69607726
0.78833321
0.78634801
0.80198247
1.0668822
0.80215363
1.0666267
0.65170829
0.46458098
0.65176752
0.46456216
0.80276163
1.0666856
1.0672911
0.80218567
0.65235734
0.46438904
0.46477282
0.65192721
0.60570469
0.49043992
0.60601583
0.49067823
0.64476894
0.76096202
0.64504096
0.76074801
0.60563381
0.48981284
0.49086067
0.60497274
0.64461239
0.75965548
0.76053386
0.64389911
1.3136064
0.9618307
1.3135895
0.96185687
0.71102111
0.71084057
1.2261402
1.313635
0.96197305
0.96189672
1.3136953
0.70991538
0.71065959
0.98889584
0.94370219
0.98896013
0.94371519
0.98336225
0.94209529
0.94216141
0.98322994
0.98889155
0.94376779
0.94373878
0.98882677
1.0086741
1.008636
0.8620348
0.86206303
2.823627
2.8242624
0.86734074
1.6876159
1.6870746
2.8248107
2.8241793
1.7695418
2.6399946
1.9341167
1.5722687
1.5694491
0.7831185
0.56951046
0.5660367
0.7886604
0.78834879
0.5660808
0.78844548
0.65153217
0.46587872
0.65381729
0.46527845
0.80159228
1.0648398
1.0649027
0.8015296
0.65169621
0.46507406
0.46512732
0.65169184
0.64334885
0.75890896
0.64372517
0.7583861
0.60451062
0.49089334
0.49065027
0.60454056
0.64328416
0.75903021
0.75837459
0.64343531
0.70925501
0.70892671
0.85725321
0.85721468
1.6766794
0.86204054
1.6761966
2.8121842
2.8120354
0.86201389
1.6748559
1.6758878
2.8100367
2.8117235
1.189112
1.1974568
1.5752793
2.0970965
2.8868945
1.197443
1.1870723
0.69465224
0.70057159
0.78660581
0.56490078
0.78979244
0.79453668
1.2993678
1.2963863
0.79313716
0.69853027
0.69675361
0.79017529
0.56348072
0.78739965
0.80181945
1.067345
0.80314712
1.0659992
0.65166032
0.46470094
0.65273236
0.46475469
0.80327783
1.0655228
1.0671654
0.80191888
0.65291741
0.46521962
0.46535446
0.65188138
0.60491864
0.49013544
0.60499593
0.49035969
0.64361945
0.75941123
0.64381231
0.75904057
0.60509832
0.49113248
0.49092839
0.60516647
0.64373497
0.75939333
0.75906878
0.64388917
1.3137978
0.96201785
1.3137261
0.96205291
0.70969919
0.70932776
1.3137686
0.9618202
0.96204853
1.3135553
0.70953219
0.70932468
0.98883149
0.94378954
0.9888331
0.94379389
0.98323522
0.94201014
0.94209694
0.98328921
0.98886152
0.94372103
0.94380043
0.98885394
1.0086535
1.0087082
0.86221268
0.86221142
2.8252326
2.8257472
0.86770323
1.6901124
1.6889073
2.8281457
2.8261618
1.8873177
2.6769729
1.5704554
1.8492712
1.5728769
0.78879744
0.56539765
0.56497546
0.78853719
0.78991301
0.56413994
0.78910453
0.65145585
0.46494911
0.65144087
0.46503969
0.80107936
1.064124
1.0644572
0.80072951
0.65124209
0.46422391
0.46483798
0.65086436
0.6444454
0.75930687
0.6437244
0.76015169
0.60547017
0.49013891
0.49070388
0.60521007
0.6444517
0.75999642
0.76033549
0.64423039
0.71010676
0.71024665
0.85682461
0.85676087
1.674474
0.86182228
1.6734427
2.8097148
2.8086391
0.86181003
1.6719908
1.673023
2.8065747
2.8081893
1.1949615
1.5725552
1.1938553
1.569037
1.8617522
2.6597024
1.1927881
1.19428
0.69538479
0.69447367
0.79160043
0.56101839
0.79153964
0.79045763
1.2958793
1.2963807
0.79045424
0.6942673
0.69424457
0.79245785
0.55920285
0.79201823
0.80076139
1.0647608
0.80111193
1.0645429
0.65078017
0.46468093
0.65116002
0.46444575
0.80057888
1.0641991
1.0643555
0.80048646
0.65063443
0.46386754
0.46427072
0.65054695
0.60540761
0.49085896
0.60514533
0.49055581
0.64433397
0.75957018
0.6439292
0.76024846
0.60551258
0.49004245
0.49050293
0.6053271
0.64445543
0.76045839
0.76044085
0.64430037
1.3131992
0.96170546
1.3135257
0.96125037
0.70966476
0.71016221
1.2258863
1.2258416
1.3131447
0.9608222
0.96112362
1.312928
0.71023918
0.71029609
0.98873817
0.94368697
0.98884293
0.9435286
0.98320602
0.94133876
0.94156966
0.98314077
0.98871838
0.94336873
0.94349013
0.98863077
1.0084558
1.0084977
0.86208168
0.86205158
2.8285663
2.8299809
0.86801799
1.6936326
1.6921792
2.8327493
2.8305653
1.8503077
2.6549268
1.5733491
1.896339
0.79027375
0.56326691
0.5639269
0.7908103
0.78853872
0.56616893
0.56530256
0.79033025
0.65094397
0.46384632
0.65079279
0.46277659
0.80143446
1.0666049
1.0646886
0.8027075
0.65132324
0.46170037
0.4625171
0.65198235
0.64253119
0.75974702
0.64391655
0.75845337
0.60309392
0.48740906
0.48795725
0.60187303
0.64204912
0.75626514
0.75817677
0.64046368
0.70626185
0.70814781
0.85650945
0.85651958
1.6716994
0.86215916
1.6711889
2.8063255
2.8053873
0.86229898
1.6715441
1.6710923
2.8056941
2.8052249
1.1935733
1.5706393
1.1946654
1.9042993
2.6981901
1.1937902
1.5735927
1.1970239
0.69413653
0.69419297
0.79275185
0.55922174
0.56024303
0.79301449
0.79289346
1.2963963
1.2993393
0.78986855
0.69588699
0.69330625
0.79115747
0.79259829
0.80095285
1.0641809
0.80050518
1.064588
0.65087189
0.46358205
0.65055048
0.4623351
0.80139105
1.066655
1.0649425
0.80241573
0.65121398
0.46092904
0.46212491
0.65165055
0.60368818
0.48973702
0.60507644
0.48780462
0.64265044
0.76023117
0.64402868
0.75893802
0.60325684
0.4862328
0.48782901
0.60159683
0.64215878
0.75641764
0.75839358
0.64033345
1.3128524
0.96078131
1.3129283
0.96070482
0.71002367
0.7088189
1.3128895
0.96061732
0.96070564
1.3130878
0.70637973
0.70830152
0.98852764
0.94335435
0.98861996
0.94332
0.98288263
0.94059605
0.94098159
0.98257721
0.98850252
0.94339925
0.9433363
0.98836769
1.0088833
1.0086157
0.8619913
0.86202456
2.8332623
2.8352922
0.86890344
1.6975426
1.6960741
2.8374517
2.835931
2.128496
2.9151908
1.5549904
1.5544394
2.1609978
0.78668408
0.56751008
0.56909606
0.78350386
0.81649437
0.58771403
0.57284273
0.77626648
0.651592
0.46108668
0.65174761
0.45824354
0.80395121
1.0751257
1.0732447
0.81110478
0.65139532
0.48256802
0.4579871
0.66130074
0.63501022
0.75534933
0.63957566
0.75102742
0.59527039
0.51312943
0.48188773
0.61518161
0.63405876
0.76322001
0.74998205
0.65019157
0.71127214
0.69892183
0.85568251
0.85413202
1.6718784
0.86321593
1.6717064
2.8062891
2.8045471
0.86261783
1.5934117
1.6675855
2.6359526
2.7966219
1.1859383
1.5540896
1.1849089
2.1739438
2.975349
1.1852567
1.5569072
1.18117
1.5475154
0.69235702
0.69477128
0.78929305
0.56338411
0.56514786
0.78605422
0.78864904
1.2985509
1.2949894
0.81357895
0.69181412
0.7115976
0.81848455
0.77890834
0.80332993
1.0677047
0.80253949
1.0703685
0.65137945
0.46033472
0.65145045
0.45773123
0.80374698
1.0755206
1.073328
0.81122568
0.65115365
0.48233428
0.45749192
0.66134677
0.5959812
0.48563876
0.60073915
0.48183228
0.63490415
0.75550521
0.63944039
0.75121517
0.59508546
0.51306352
0.48152256
0.61466781
0.63396696
0.76346638
0.75018675
0.64993768
1.3119503
0.96056704
1.3131963
0.96019732
0.70546617
0.70071812
1.2184331
1.2689703
1.309975
0.95640896
0.95998742
1.3166356
0.71147515
0.69907919
0.988367
0.94346245
0.98836101
0.94367357
0.98235196
0.93814304
0.94026438
0.97920078
0.98831664
0.93690436
0.94358954
0.98483982
1.0063071
1.0094003
0.86131476
0.85978715
2.8377891
2.8366042
0.86946323
1.6210647
1.6942226
2.6685103
2.8291218
2.7940655
2.9168717
2.0911087
2.6562883
0.92571875
0.9498191
0.95198398
0.92265667
0.85598876
0.86588964
2.6197463
2.6400058
1.7256196
2.7610373
0.92734467
0.95484469
0.92747693
0.95474808
0.8594135
0.8686904
2.6720052
2.6628823
1.874874
2.6540083
0.92663764
0.95423775
0.92669014
0.9541923
0.85881918
0.86747018
2.6530177
2.6644453
1.8723174
2.6577718
0.92633484
0.95396078
0.92636015
0.9539347
0.85872314
0.86711076
2.8773412
2.7552305
2.0687335
2.6429829
0.92611559
0.95373649
0.92613623
0.95371106
0.8587967
0.86703893
2.9632561
2.8513593
2.1637267
2.853059
0.92602461
0.9536185
0.92601965
0.95361976
0.8590304
0.86720336
2.9789154
2.8743866
2.1554483
2.8704649
0.92609748
0.95368563
0.92608648
0.95369182
0.85949797
0.86756943
2.9636825
2.8537152
2.1671899
2.6560296
0.92601916
0.95359799
0.92603462
0.9535714
0.85995886
0.86787312
2.8512621
2.9651254
2.1613256
2.6595225
0.92600059
0.95343646
0.92596981
0.95344466
0.86044811
0.86842195
2.9022493
2.7830974
2.1186357
2.7866185
0.92671395
0.95379888
0.9265795
0.95384298
0.86136632
0.87006873
2.907054
2.7811745
2.0778467
2.6561536
2.8913469
2.7901527
2.1049702
2.8663924
0.96148805
0.9873644
0.98696736
0.9652088
0.96874476
0.9902381
0.99043263
0.96877926
0.92310103
0.94726824
0.94944989
0.92002055
1.1834892
0.8511391
0.92514772
0.95238047
0.9524514
0.92498747
0.85860263
1.1918487
0.85304773
0.86265963
0.86605678
0.85653565
2.8736738
2.76674
2.1145331
2.8684276
0.96375556
0.9897053
0.98929502
0.9674808
0.97102819
0.9925886
0.99277885
0.97106616
1.1863785
0.85455219
0.9277807
0.95492873
0.9276216
0.95499831
0.8621031
1.1947929
0.86940817
0.85949567
2.6551893
2.6667034
1.8186041
2.6798752
2.9240019
2.8341805
2.0809218
2.8372795
0.96871437
0.99000904
0.968757
0.98977556
0.9685345
0.98876121
0.98887954
0.96851497
0.92469804
0.95228307
0.92483273
0.9521825
1.194253
0.85848102
0.92414813
0.95168191
0.95174468
0.92406566
0.85806284
1.1908603
0.8563717
0.86527255
0.86414121
0.85529838
2.9409551
2.8514142
2.0997405
2.8439357
0.97101683
0.99236581
0.99214022
0.97105002
0.9708742
0.99116927
0.99128209
0.97085938
1.1946934
0.86201019
0.92683088
0.95428331
0.92675141
0.95434313
0.86177572
1.1939011
0.86777663
0.85886088
2.6641411
2.6586397
1.8583339
2.6523843
2.8499572
2.9569395
2.1529446
2.8583548
0.96850838
0.98865265
0.96850645
0.98855661
0.96848529
0.98816651
0.98821259
0.96847544
0.92393778
0.95162253
0.92399329
0.95157332
1.1932686
0.8579577
0.92369454
0.95133491
0.95136739
0.92365313
0.8577422
1.190289
0.85517956
0.86369765
0.86313402
0.85447584
2.9655267
2.853907
2.1670572
2.8598265
0.97086433
0.99106706
0.99097766
0.97085635
0.9708718
0.9906222
0.99066328
0.97086741
1.19382
0.86173601
0.92642882
0.95398282
0.92638869
0.95401407
0.86176183
1.193461
0.86719423
0.85872198
2.656068
2.6493017
1.8546485
2.6550095
2.8478139
2.9626867
2.1620557
2.8471622
0.96848317
0.98812251
0.96847496
0.98808394
0.96845245
0.98790589
0.98793237
0.96842672
0.92359196
0.95130252
0.92361643
0.95127753
1.1902363
0.85764366
0.92345996
0.9511358
0.95115763
0.92343509
0.85747018
1.1899648
0.85439052
0.86287869
0.86252929
0.85388888
2.966863
2.8508904
2.170049
2.8509943
0.97087942
0.99058144
0.99054408
0.97087017
0.97082679
0.99033545
0.99037095
0.97079288
1.1934248
0.86178313
0.92619683
0.95376142
0.92616124
0.95379528
0.86181687
1.193239
0.86704644
0.85878395
2.8686974
2.7495927
2.0533298
2.6415315
2.6677221
2.6551808
1.8883789
2.6586377
0.9684116
0.98787865
0.96840751
0.9878624
0.96848839
0.98791599
0.98789178
0.96850708
0.92340889
0.95111419
0.92341498
0.95110388
1.189931
0.85738593
0.92341146
0.95114187
0.95112264
0.92342333
0.85729932
1.1898505
0.85383023
0.86237136
0.86219731
0.8535373
2.6723649
2.6566214
1.8862961
2.659402
0.97075579
0.99029791
0.99026887
0.97076416
0.97072335
0.99018769
0.99019146
0.97071302
1.193214
0.86181853
0.92603519
0.95361763
0.92602092
0.95362783
0.86188003
1.1931487
0.8671106
0.85898663
2.8467027
2.9567413
2.1584165
2.8494245
2.6520085
2.6546024
1.8389387
2.6509653
0.96857304
0.98793956
0.96853195
0.98797069
0.96875488
0.98820505
0.98816596
0.96877663
0.92347412
0.95116284
0.92344162
0.95119411
1.1898509
0.85730173
0.92362821
0.95139741
0.9513661
0.92365322
0.8573003
1.1899393
0.85350852
0.86215335
0.86210814
0.8533291
2.6531387
2.6601263
1.8634085
2.6550522
0.97071831
0.99018261
0.990184
0.97070773
0.9707686
0.99026757
0.99024907
0.97077046
1.1931487
0.86193929
0.92607181
0.95367266
0.92607535
0.9536648
0.86209131
1.1932418
0.86742875
0.85943425
2.8149339
2.9118674
2.0838576
2.8270179
2.9707014
2.869835
2.1520325
2.6540403
0.96881651
0.98823404
0.96879281
0.98826215
0.96877116
0.98833447
0.98833067
0.96873019
0.92370539
0.95142136
0.92367638
0.95144667
1.1899465
0.85727376
0.92373473
0.95146019
0.95147097
0.92372398
0.8570862
1.1899706
0.85329387
0.86207246
0.86194158
0.8529242
2.8312517
2.9384986
2.1495873
2.6531627
0.97077721
0.99027866
0.99028924
0.97077004
0.97064323
0.9902686
0.9902764
0.97059168
1.1932549
0.86215345
0.92607429
0.95361792
0.92605089
0.953643
0.8621642
1.1933204
0.86776809
0.85990805
2.9593503
2.8492583
2.1605615
2.6510405
2.9603997
2.8506189
2.1560631
2.6581337
0.96865248
0.98833272
0.96868961
0.98833244
0.96841634
0.98846672
0.9884165
0.96837061
0.92371083
0.95144359
0.92371284
0.9514305
1.1899652
0.85692142
0.92370224
0.95137997
0.95137584
0.9237156
0.85662217
1.1900601
0.85285675
0.86185589
0.86181718
0.85246696
2.9659914
2.8525641
2.1609876
2.6603961
0.97049612
0.99025698
0.99024586
0.97054289
0.97019019
0.99029426
0.99025967
0.97012809
1.1933226
0.86209661
0.92595533
0.95343398
0.92595291
0.95344748
0.86196295
1.1934521
0.86813045
0.86036653
2.9596343
2.8500533
2.155827
2.6586207
2.8993794
2.7939815
2.1127626
2.6391187
0.96831414
0.98852657
0.96833423
0.98860465
0.96830995
0.98952721
0.98931768
0.9683308
0.9237855
0.9513889
0.92374017
0.95141213
1.1925998
0.85653778
0.92416595
0.9517475
0.95167074
0.92427905
0.85656621
1.190716
0.85244241
0.86196341
0.86266193
0.85267088
2.9069207
2.7988802
2.1254625
2.6421521
0.97004202
0.99033966
0.99040428
0.9700762
0.96999508
0.99127845
0.99107435
0.97001094
1.1934933
0.86192674
0.92634817
0.95372904
0.92645314
0.95366061
0.86211139
1.194134
0.86934187
0.86125854
2.8981707
2.781893
2.1182981
2.7843673
2.9055587
2.7800876
2.0769297
2.6560207
0.96826787
0.98972728
0.968327
0.98989885
0.96087327
0.98669859
0.98631949
0.96456663
0.92454745
0.95181459
0.9244056
0.95186482
1.1907931
0.85658906
0.92241821
0.94657422
0.94876736
0.91932976
0.84895192
1.1823287
0.85274926
0.86328733
0.85971404
0.84888606
2.9107921
2.7818671
2.0886675
2.6538257
0.96994108
0.99147419
0.99164229
0.97000295
0.96255682
0.9884528
0.98806186
0.96625585
1.1942155
0.86217794
0.92458429
0.94856161
0.95073903
0.92151456
0.8546401
1.1857671
0.86656913
0.85798731
1.0529318
0.80279143
1.0674786
1.2492526
1.2502924
1.0687916
0.80104644
1.0544921
0.55891773
0.59748763
0.49749587
0.55072658
0.52135285
0.48557775
0.60597603
0.58366387
0.38474774
0.70352594
0.77528013
0.785203
0.6993043
0.40128575
2.2888916
2.2162355
2.6692144
2.6759422
1.8025483
2.8661642
2.142647
1.0245104
0.78944139
1.0247562
1.2882264
1.2656095
1.2546382
1.2610288
1.2958563
1.2610019
0.79016999
1.0369091
1.0205323
0.97427143
0.98254543
0.97421592
0.94027463
0.95145047
0.95371207
0.9535781
0.94037768
0.95359265
0.98228167
0.97191617
0.97427089
1.0087639
0.83922253
0.82466544
0.8344959
1.009288
0.83519016
1.3463461
1.0194733
0.91014502
0.91224563
1.01988
0.87425082
0.9486359
0.95161074
0.87023409
0.92707141
0.95446136
0.95344605
0.92781913
0.9534789
1.6476685
0.86742549
0.85930666
1.6712459
0.97899792
0.80139621
1.048512
1.2461734
1.0656216
0.80148352
1.0504466
1.243978
1.065964
0.60294396
0.56752234
0.5256576
0.48662708
0.6018072
0.56426003
0.52906597
0.4879348
0.29933366
0.78406135
0.70669511
0.30695443
0.78529684
0.70755058
2.2154871
2.1770888
2.907608
2.7843406
2.1326894
2.7985513
2.202797
0.79054379
1.0244432
1.0248157
1.2614649
1.295854
1.259062
0.78888088
1.0264955
1.0234537
1.2589643
1.2943453
1.2596588
0.98332777
0.97500257
0.97489413
0.9539614
0.94113324
0.95413486
0.98324195
0.97461978
0.97478203
0.95441253
0.94129135
0.95429938
1.3545528
1.3550537
0.83562466
1.009344
1.3547922
0.83571123
0.83577194
1.0092566
0.83576604
1.0189911
1.3111069
0.91222481
1.0191174
0.91214364
0.87643659
0.95161687
0.87655975
0.95145352
0.92721434
0.95456306
0.95465031
0.92709536
0.9773769
1.6867629
0.86846
0.85914365
1.6865475
0.97679797
0.80294379
1.0500658
1.244692
1.0660388
0.80219141
1.0495272
1.2450584
1.0666768
0.60394863
0.56789637
0.53005115
0.48991588
0.60398765
0.56804377
0.52992608
0.49024222
0.30456492
0.78571062
0.7083406
0.30185737
0.78551714
0.70817037
2.2715865
2.9675463
2.8610575
2.1686632
2.860876
2.1678377
0.79738724
1.0309204
1.0305513
1.2617148
1.2981963
1.2610012
0.79216818
1.0264422
1.0259562
1.2648048
1.2995952
1.264513
1.2252956
0.98357607
0.97513973
0.97520594
0.95471714
0.94186369
0.9547076
0.98361623
0.9752693
0.97526639
0.9546066
0.94187501
0.95468316
1.3536297
0.83576915
1.0089292
1.3536991
0.83576808
0.83571759
1.0089225
0.83575797
1.0183382
1.3098375
1.3099123
0.91182499
1.0183914
0.91179575
0.87580763
0.95066696
0.87586078
0.95058817
0.92658179
0.95411135
0.95414742
0.92653126
0.9763941
1.6865266
0.86739802
0.8587571
1.6865244
0.97638721
0.80273857
1.0501195
1.244695
1.0661299
0.80213262
1.0496186
1.2451804
1.0667032
0.6057538
0.56946066
0.53079314
0.49127775
0.60546936
0.56871158
0.5315195
0.49164937
0.30044151
0.78531518
0.70866635
0.3023675
0.78536779
0.70884476
2.8541972
2.9633325
2.16905
2.8709928
2.16691
0.79672974
1.0308457
1.0299535
1.2614809
1.2991978
1.2615631
0.79243118
1.0265269
1.0263646
1.2646757
1.2987294
1.2639038
1.2257575
1.2257026
0.98321471
0.97480601
0.97481564
0.95433111
0.94166344
0.9543196
0.9832475
0.97486471
0.97485294
0.95432381
0.94169059
0.95432921
0.83563287
1.0087839
1.3534078
0.83563782
0.83561462
1.0087803
0.83563857
1.0180304
1.3094795
1.3095065
0.91166466
1.018051
0.91164704
0.87552352
0.95021071
0.87555286
0.95017323
0.9263013
0.95388018
0.95390511
0.92626849
0.97647504
1.6864955
0.86709435
0.85875221
1.6864483
0.9765943
0.80183266
1.0484931
1.2445059
1.0653871
0.80312004
1.0501928
1.2439258
1.0653311
0.60357921
0.56750084
0.5299421
0.49025862
0.60372951
0.56790282
0.52934526
0.48930139
0.30460481
0.78583612
0.70855888
0.30617117
0.78608509
0.70865645
2.1876831
2.6231154
2.6272026
1.7427561
2.7036461
2.1571564
0.79004294
1.0238867
1.0234031
1.2595576
1.2929471
1.2588501
0.79267474
1.0259981
1.0251215
1.2587928
1.2947469
1.2582766
1.2257865
0.98357011
0.97527187
0.97527812
0.95479115
0.94227873
0.95486243
0.98356577
0.9752009
0.97527979
0.95487257
0.94230616
0.95489255
1.35326
0.83568594
1.0086659
1.3532583
0.8357021
0.83567657
1.0086541
0.83570827
1.0179055
1.3092847
1.309295
0.9115554
1.0179157
0.91153903
0.87532219
0.949964
0.87534604
0.94993949
0.92608885
0.9536682
0.95368636
0.92606444
0.97678117
1.6864068
0.86704674
0.85886622
1.6863793
0.97693839
0.80099548
1.0485008
1.2439274
1.0659974
0.80155311
1.0486853
1.2437808
1.0653686
0.6048489
0.5684971
0.5301557
0.48991617
0.60499875
0.56875478
0.52975843
0.4897668
0.29863601
0.78649033
0.71023333
0.29747022
0.78653878
0.71017486
2.1667926
2.2583665
2.6600032
2.6520208
1.8644501
2.6587353
2.2612082
0.79087437
1.0251099
1.0244328
1.2621545
1.2970293
1.262114
0.79496125
1.0280592
1.027981
1.2601343
1.2968319
1.2595826
1.2263614
0.98344753
0.97508179
0.9751462
0.9548164
0.9422192
0.95479823
0.98350073
0.97522598
0.97521645
0.95469179
0.94220458
0.95476369
1.3531953
1.3531859
0.83565166
1.0085919
1.3531941
0.83566122
0.83563613
1.0086107
0.83566522
1.01783
0.91150155
1.0178249
1.3092351
0.9115063
0.87524066
0.94983611
0.87524049
0.94983356
0.92602456
0.95363077
0.95362195
0.92602721
0.97726324
1.6867154
0.86724521
0.85919756
1.6868054
0.97755035
0.80386766
1.0481907
1.2459305
1.0685711
0.80496729
1.0510773
1.243212
1.0683056
0.60471135
0.56848863
0.53086815
0.49150113
0.60513309
0.56870716
0.53058762
0.49121423
0.30713216
0.78659743
0.70905772
0.30588118
0.78656128
0.70898986
2.1758725
2.2793837
2.6790228
2.6579216
1.9460664
2.6486531
0.79204852
1.0249823
1.0255249
1.2639797
1.2993236
1.2643782
0.79761847
1.0300746
1.0304818
1.2604241
1.2971602
1.260417
0.983189
0.97483523
0.97483297
0.95447253
0.94207727
0.95446812
0.98320609
0.97485818
0.97486304
0.95446056
0.94208255
0.95447055
1.3532734
0.83558908
1.0086934
1.3532637
0.83559686
0.83558496
1.0087085
0.83560469
1.0178844
0.91157291
1.0178728
1.3092727
1.3092744
0.9115703
0.8753098
0.9498879
0.87530501
0.94989803
0.92609637
0.95368779
0.95369085
0.9260907
0.97804497
1.6880745
0.86761565
0.85969151
1.6882639
0.97834045
0.80351442
1.0480942
1.2429606
1.0680304
0.80339351
1.0479814
1.2430666
1.0681226
0.60515418
0.56897464
0.53013086
0.49047688
0.60490073
0.56832504
0.53068596
0.49071627
0.29850313
0.7865886
0.70970022
0.30300486
0.78664285
0.70993167
2.2620283
2.1786132
2.9729266
2.8636283
2.1681113
2.661775
0.79563121
1.0252673
1.0286706
1.2596754
1.2975069
1.2624293
0.79499297
1.0245293
1.0282105
1.260197
1.2971309
1.2626021
0.98324784
0.97486386
0.97489824
0.95449441
0.94183692
0.95447164
0.98327811
0.97493358
0.97494039
0.95438128
0.9417549
0.95444434
0.835552
1.0085827
0.83554324
1.3532306
0.83548475
1.0085601
0.83552894
1.0178369
0.91141136
1.0178437
1.3092612
0.91136891
0.87523011
0.9499285
0.87525157
0.94993014
0.92599453
0.95351288
0.95354001
0.92597139
0.97876714
1.690865
0.86791508
0.86012241
1.6912336
0.97900192
0.80274682
1.0480877
1.2427781
1.0673961
0.80275602
1.0476758
1.2432909
1.0673469
0.60395559
0.56706686
0.52992524
0.48927763
0.60442616
0.5683869
0.52862231
0.48877296
0.30134957
0.78625687
0.70953569
0.2967392
0.78570642
0.70912644
2.1738004
2.260407
2.9612103
2.8499704
2.1701966
2.6586475
2.1726111
0.79437504
1.0247293
1.0278504
1.2594463
1.2962703
1.2619224
0.79448541
1.0243347
1.0278209
1.2599616
1.2968309
1.2621442
0.98302476
0.97453579
0.97462683
0.95417378
0.94119958
0.954132
0.98308549
0.97473569
0.97471056
0.95397467
0.94114413
0.95407817
1.3532972
0.83536289
1.0084756
0.8353475
1.353383
0.8352573
1.0085172
0.83532128
1.0179835
0.91120482
1.0179285
0.91121045
0.87519238
0.95007814
0.87517262
0.95013325
0.92603546
0.95349275
0.95346043
0.92608452
0.97951356
1.6945438
0.86855744
0.86076617
1.6950017
0.98002804
0.80266621
1.0516588
1.2463754
1.0679336
0.80264146
1.0505537
1.2482011
1.0683367
0.59800754
0.56004724
0.52692483
0.48566212
0.59972108
0.56491969
0.52238411
0.48361268
0.34966175
0.78367928
0.70410649
0.3115143
0.78316024
0.70249916
2.2396908
2.2019559
2.6237519
2.6454385
1.7388784
2.8197544
2.2042027
0.78772067
1.0245057
1.0232811
1.2611427
1.2952925
1.2607726
0.79039767
1.0259813
1.0253227
1.2606916
1.2966608
1.2598606
0.98241569
0.97384749
0.9738468
0.95329189
0.94032952
0.95320769
0.9824504
0.97393295
0.97388213
0.9531872
0.94026341
0.95319011
1.3551611
1.3546666
0.83473541
1.0091822
1.3549748
0.83455886
0.83413719
1.0093789
0.83430949
1.0189856
1.3115465
0.9115974
1.0187566
0.91172293
0.87582237
0.95089382
0.87569543
0.95109101
0.92682916
0.95366599
0.9538218
0.92685962
0.9813015
1.6985201
0.8701723
0.86143798
1.698812
0.98254437
2.2074106
2.6741717
2.6659308
1.7904068
2.866819
2.1427151
1.8612902
1.5530838
1.565071
1.840586
2.6096137
2.6346807
1.7233088
2.8049014
2.2179422
2.2949948
1.8794159
1.5638337
1.5776747
1.8493391
0.75939866
0.7904756
0.56879643
0.78735221
0.56856624
0.7863417
0.54982651
0.65092177
0.46967619
0.48322512
0.47627881
0.46056372
0.6521894
0.56016928
1.0516876
0.80231775
1.0671425
1.2472479
1.2483124
1.0680285
0.80238632
1.0513834
0.55028589
0.6511629
0.45930618
0.47842126
0.47689603
0.45842321
0.65149492
0.55162949
0.68033664
0.63582366
0.75729663
0.71701539
0.70499329
0.75135444
0.64306327
0.69490864
0.55929472
0.59667987
0.48362946
0.52485522
0.52147487
0.48252479
0.5977605
0.56295439
0.68088757
0.63543926
0.75315282
0.70920359
0.70556559
0.75184642
0.63678597
0.68458619
0.34926778
0.70338277
0.78353234
0.78331198
0.70192494
0.31108216
1.3530889
1.353714
1.3454054
1.0097208
0.98780722
0.98894919
1.0083616
1.3549253
1.3543501
1.3546991
1.0115918
0.99032677
0.99034001
1.0115056
1.0177903
1.3101067
1.3089108
0.90853898
0.91064232
1.0181885
1.246233
1.3090094
1.3012599
1.2496701
0.96452076
0.98982403
0.96647173
0.98857406
1.0182612
1.3110241
0.91094331
0.91110372
1.0179999
0.96847523
0.99040435
0.96791375
0.99051463
1.2567394
1.3102788
1.3106468
1.256734
0.87146992
0.94579268
0.94878143
0.86743587
0.92445518
0.95192365
0.95090981
0.92520043
1.2801767
0.81694549
0.80735732
0.85401656
1.1920104
1.282422
0.92528629
0.95232355
0.95245617
0.92533491
0.8740487
0.948973
0.94919346
0.87389673
0.85837704
1.1936724
1.2821181
0.81564571
0.81562287
1.2833082
0.95040827
1.6483659
0.86414566
0.85646721
1.6717251
0.97586054
2.7467385
2.7947284
0.86618524
0.85672755
0.97437789
1.6869728
0.9757382
1.687413
2.8247201
2.824982
1.8631055
1.5521468
1.1794932
1.5658143
1.1888426
1.8398802
2.2176268
2.6157098
2.6392977
1.7318593
2.7951207
2.2029893
2.3025179
1.8811835
1.5609307
1.1915402
1.5780297
1.197492
1.8470985
1.2812202
0.69300088
1.282702
0.56973359
0.56851031
0.69181769
1.2902666
1.2842022
0.58923169
0.76219684
0.79355982
1.0246114
0.7877759
1.0236638
1.2983702
1.2641701
1.2626576
1.2610873
1.2982347
1.2605663
0.79197154
1.0293745
1.0270035
1.2810121
0.69052504
1.2801748
0.56522321
0.56482862
0.56576141
0.69479965
1.2818274
1.2812628
0.78961197
0.56406922
0.78928164
1.0524867
0.80217524
1.0672545
1.2495713
1.2501101
1.0684052
0.80067837
1.0546148
0.54875266
0.65012781
0.46860048
0.48249041
0.47508763
0.45934458
0.65164549
0.5596304
1.0512146
0.80180362
1.067303
1.2478876
1.2480992
1.0677682
0.80234583
1.051903
0.54918576
0.65040925
0.45883744
0.47774522
0.47567142
0.45756938
0.65115741
0.55130549
0.55783628
0.5964277
0.49631286
0.54951004
0.52013156
0.48430473
0.60489731
0.58252166
0.67969993
0.63489365
0.75663482
0.71626287
0.70445838
0.75073512
0.64208423
0.69406414
0.5584225
0.59626259
0.48335271
0.52496353
0.5204551
0.48178869
0.59800286
0.5630942
0.68046198
0.63515703
0.75334076
0.70959918
0.7052375
0.75178806
0.63682333
0.68476906
0.917723
1.3083491
0.91771127
0.95874402
0.95247908
0.95258084
0.95234125
0.9596888
0.95248646
1.3051997
0.92283086
0.91812328
0.38792196
0.70285142
0.77443588
0.78457714
0.69863656
0.40146511
1.2254897
0.91889436
1.3127653
0.91939124
0.96061736
0.95218462
0.95235497
0.95247466
0.96047786
0.95244104
1.3131022
0.91971761
0.9197903
0.3514038
0.70339398
0.78319607
0.78268601
0.70174082
0.31224996
0.97929032
0.98840166
0.97881764
0.94142485
0.98337508
0.986289
0.98825596
0.94350182
0.98771477
0.98784937
0.97461281
0.97767555
0.97427424
0.98289483
0.97431865
0.94067739
0.95381485
0.95367905
0.95354745
0.94056267
0.95360299
0.98297024
0.97450196
0.97440575
0.97940264
0.98883766
0.97940201
0.94410399
0.98803896
0.98813967
0.98832932
0.94420481
0.98826489
0.98885514
0.97933391
0.97938256
1.009862
0.98824255
0.9893492
1.0084889
1.3558987
1.0097982
0.8355196
0.83537727
0.83503341
1.0100058
0.835166
1.3556915
1.0117484
0.99078616
0.99075265
1.0117077
1.2481619
1.3107582
1.3030232
1.2515945
0.96679674
0.99216003
0.99090791
0.96874863
1.0199297
1.3127788
0.91256106
0.91271309
1.0196706
0.97075724
0.99274447
0.97019385
0.99285763
1.2586794
1.3120322
1.3123983
1.2586759
1.2828436
0.82008033
0.81054693
0.85746944
1.1949528
1.2851355
0.92791689
0.95486418
0.92796127
0.95500026
0.87684377
0.95180297
0.87669372
0.95201834
0.86186238
1.1966244
1.2848452
0.81879438
0.81876418
1.2860225
2.7449242
2.7937211
0.86951663
0.85953307
0.97766575
1.6875357
0.97889364
1.687644
2.8248048
2.8246799
2.9575601
2.8445982
2.1508195
2.7967709
2.1786635
1.8340289
1.5753112
1.8749836
1.5510148
2.8054362
2.7005783
2.0493191
2.6360428
2.2539498
2.2539192
1.8514549
1.5549044
1.5622378
1.8387796
0.7898919
0.78840713
0.78413038
0.78591666
0.65074438
0.55108183
0.47833296
0.46097861
0.65089052
0.55141986
0.47840081
0.46196342
1.0485486
0.80294299
1.0678361
1.2456887
1.2439078
1.0672296
0.80406823
1.0506755
0.55146406
0.65226541
0.46497924
0.48043326
0.47878766
0.46419426
0.65334825
0.55336673
0.6415592
0.6886767
0.71036279
0.75659606
0.64047595
0.68574784
0.71326384
0.75755201
0.56775484
0.6043984
0.49079664
0.53060655
0.52953882
0.48959499
0.60492546
0.5687285
0.6891954
0.64326407
0.7589402
0.71397641
0.71379451
0.75895615
0.64340285
0.68944204
0.29837646
0.70886416
0.78576558
0.78552025
0.70884612
0.30060081
1.3535021
1.3540399
1.353761
1.0106876
0.99011318
1.0109572
0.99004954
1.3529639
1.3528399
1.0101969
0.98974488
0.98982728
1.0100925
1.0173056
1.3090982
1.3093339
0.91058109
1.0174361
0.91049163
1.2565289
1.309924
1.2566469
1.3096039
0.96865615
0.98936363
0.96861147
0.98955606
1.0169943
1.3088876
0.91082029
0.9108528
1.0169086
1.3085612
0.96855071
0.98918308
0.9685752
0.9890197
1.2559648
1.3084256
1.2558775
0.87362582
0.94877514
0.87375228
0.94860564
0.92456259
0.95198371
0.95207777
0.92443566
1.2822905
0.81566057
0.81566196
0.85838046
1.193915
1.2814634
0.92423091
0.95189192
0.95181248
0.92432128
0.87313439
0.94788074
0.94798007
0.87306355
0.85815039
1.1938119
1.2802351
0.81535124
0.81542784
1.2812571
0.9739993
1.6848864
0.86500234
0.85587019
1.6842587
0.97316008
2.8222524
2.8217274
0.86433349
0.85571228
0.97234711
1.6820216
0.9729213
1.6824955
2.8185544
2.8192377
1.8410078
1.5742443
1.1939336
1.8780278
1.5545187
1.1853323
2.182488
2.7979116
2.7002752
2.0483049
2.6453548
2.2704913
2.2585235
1.850344
1.5547919
1.1897101
1.5601524
1.1887324
1.839317
0.69432558
1.2798589
1.2799656
0.56077624
0.6925233
1.2809942
1.2797888
0.79239623
0.56075499
0.79139949
1.0233863
0.79187111
1.0255485
1.2988987
1.2631752
1.2640047
1.2588219
1.2954425
1.260082
0.7967363
1.0293286
1.0300098
1.2797105
0.69597287
1.2809187
0.56606216
0.56046112
0.70038739
1.2825215
1.2825524
0.56597275
0.78664154
0.56298682
0.78836583
0.80095442
1.0489469
1.2471336
1.0654764
0.80134806
1.0512235
1.2447016
1.0655449
0.65018223
0.55049203
0.47772124
0.46081271
0.65058448
0.5511699
0.4775446
0.46134881
1.0488643
0.80271855
1.0677246
1.2459059
1.244423
1.0671411
0.80375511
1.0506701
0.5509494
0.65188207
0.46380272
0.47988058
0.47802753
0.4630365
0.65290574
0.55289198
0.60284877
0.56715637
0.52618147
0.48662326
0.60187882
0.56442225
0.52873367
0.48753807
0.64172822
0.68882235
0.71087944
0.75709161
0.64079179
0.6860608
0.71344641
0.75792564
0.56743681
0.60419456
0.48972042
0.52937098
0.5290081
0.48885554
0.60416052
0.56768518
0.68910925
0.64284875
0.75855301
0.7135
0.71374126
0.75870505
0.64277335
0.68887124
1.3129843
0.92018122
0.92011479
0.95206543
0.96086879
0.95195074
1.3130369
0.91989487
0.9200865
0.95178819
0.96094606
0.95188007
0.30142902
0.78380531
0.70695191
0.30805326
0.78505219
0.70771719
1.2255936
0.92045885
1.3130065
0.9206638
0.96125822
0.951833
0.95181701
0.95178889
0.96118143
0.95181188
1.3130461
0.92100615
0.92095435
0.30114317
0.70847732
0.78556905
0.78526682
0.70854851
0.30447498
0.98896248
0.97934228
0.97933965
0.98798076
0.94392531
0.98793197
0.98893356
0.97933183
0.97934358
0.98787249
0.94390805
0.98791901
0.97511691
0.98356416
0.97519919
0.94175489
0.9547291
0.9546979
0.95453874
0.94167309
0.95464295
0.98362284
0.97528838
0.97527726
0.97937495
0.98908803
0.97939993
0.94388423
0.98783906
0.9878539
0.98787147
0.94388933
0.98787805
0.98913064
0.97942627
0.97943457
1.0109813
0.99061631
1.011164
0.990538
1.354049
1.0090226
0.83578951
0.83580478
0.83579692
1.0090747
0.83581816
1.3539415
1.0105399
0.99032081
0.9903583
1.0104312
1.258482
1.3116816
1.3113675
1.2585933
0.97096942
0.99174482
0.99192955
0.97093279
1.0186843
1.3106696
0.91192549
0.91196661
1.0185969
0.97088508
0.99157193
0.97090377
0.9914154
1.2579396
1.3102163
1.310341
1.2578562
1.2845057
0.81881541
0.81882522
0.86194287
1.196811
1.2842109
0.92690885
0.95447757
0.92699186
0.95440521
0.87598291
0.95074924
0.87591623
0.95084139
0.8618336
1.1968408
1.2830222
0.81853917
0.81860616
1.284023
2.8241364
2.8238057
0.86792408
0.85906003
0.97642474
1.686471
0.97666887
1.6864283
2.8242211
2.8241531
2.1669963
2.963736
2.8583075
2.1542817
2.8599929
1.8353374
1.5719626
1.869689
1.5534644
2.650382
2.6577848
1.8614167
2.6566785
2.2588593
2.2693958
1.8723362
1.5544627
1.5743743
1.836333
0.78717114
0.78523024
0.56873968
0.78464504
0.78659509
0.65260719
0.55326499
0.48016381
0.46490439
0.65197698
0.55278374
0.48059159
0.46503498
1.0494244
0.80229399
1.0668739
1.2452668
1.2445361
1.0661569
0.8031479
1.0503413
0.55288563
0.65208563
0.46575051
0.48060788
0.48037841
0.46520973
0.65277667
0.55338127
0.6426988
0.68875858
0.71376111
0.75823313
0.64269159
0.68903671
0.71325155
0.75802037
0.56813795
0.60443211
0.49167132
0.53101522
0.53001072
0.4911652
0.60475018
0.56893876
0.68877837
0.64283531
0.75810374
0.71385226
0.71325975
0.75794626
0.64312116
0.68944179
0.30463274
0.70816137
0.78535393
0.78544457
0.70806341
0.30340098
1.3524908
1.3526397
1.3525718
1.0097616
0.98962973
1.0098902
0.98962494
1.3523341
1.3522895
1.0085071
0.98944062
0.98950346
1.0084679
1.0174924
1.3080465
1.3081252
0.91070426
1.0175341
1.30822
0.91067782
1.2557352
1.3083084
1.2557994
0.96849439
0.98840347
0.9684907
0.98847131
1.017318
1.307972
0.91055263
0.91059484
1.0164402
1.3078058
0.96848608
0.9883346
0.9684875
0.98826855
1.2554598
1.3078486
1.2554187
0.87293807
0.94778508
0.8729959
0.94769823
0.92387672
0.95148077
0.95152262
0.92381829
1.2806166
0.81527349
0.81519935
0.85791672
1.1931221
1.2803026
0.92373008
0.95143695
0.95139954
0.92376586
0.87270367
0.94732322
0.94737405
0.8726685
0.85780879
1.1930814
1.279495
0.81483521
0.81488821
1.280223
0.97218366
1.680695
0.863568
0.85485823
1.6802719
0.97176453
2.8168267
2.816276
0.86324142
0.85475714
0.97125652
1.6791532
0.97162729
1.6793619
2.8150183
2.8153149
1.8363041
1.5720515
1.1963723
1.8696919
1.5540943
1.1906378
2.1669582
2.666213
2.655545
1.8683433
2.6552009
2.2608899
2.2690445
1.8727227
1.5541471
1.1904109
1.5744206
1.1983888
1.8364778
0.700273
1.2827841
1.2825729
0.56422736
0.56388439
0.69538513
1.2813507
1.2811121
0.78913863
0.56632786
0.78706931
1.0271062
0.79271666
1.026525
1.2992858
1.2644587
1.2641745
1.2620839
1.2992098
1.2616189
0.79701864
1.0305879
1.0301953
1.281575
0.69582821
1.2813309
0.70004277
1.2826864
1.282519
0.5664339
0.78674425
0.56455114
0.78863807
0.80314013
1.0504924
1.2450461
1.0662864
0.80226767
1.0496686
1.2456617
1.0669955
0.65266609
0.55321956
0.47973737
0.46385767
0.65190957
0.55243641
0.48043999
0.46436578
1.0497875
0.80230123
1.0670098
1.2456334
1.2450931
1.0663378
0.80305892
1.0504714
0.55278898
0.65198531
0.46528695
0.48027506
0.4801898
0.46474481
0.65258298
0.5531027
0.60378269
0.56780285
0.52916076
0.48958386
0.60367295
0.56746694
0.52965935
0.49008212
0.64230469
0.68862408
0.71330587
0.75792412
0.642264
0.68867408
0.71318214
0.7578497
0.56795096
0.60440014
0.49126388
0.53062476
0.52975288
0.49074789
0.6047575
0.56863841
0.68878848
0.642888
0.7584829
0.7143048
0.71334393
0.75821012
0.64325406
0.68981186
1.3131561
0.92157899
0.92158834
0.95189807
0.96145356
0.95193561
1.313199
0.92131997
0.92158075
0.95190958
0.96149303
0.95196051
0.30684637
0.78558403
0.70808525
0.30556859
0.78563743
0.70804695
1.225397
0.92174087
1.3131908
0.92178222
0.96141493
0.9516953
0.9517832
0.95190024
0.96145906
0.95186879
1.3131866
0.92166891
0.92185453
0.30631173
0.70854234
0.78575371
0.78564428
0.7083388
0.30373615
0.98911595
0.97943456
0.97945341
0.98784765
0.94390138
0.98784687
0.98914117
0.97944702
0.97946467
0.98783394
0.94391714
0.98786562
0.97508473
0.9834268
0.97502106
0.94173861
0.95438113
0.95442861
0.95454845
0.94178548
0.95449417
0.98338796
0.97492336
0.97498647
0.97943348
0.98902896
0.97941873
0.94389512
0.98776075
0.98779256
0.98783354
0.9439119
0.98783101
0.98900657
0.97936686
0.97941265
1.0101616
0.99023689
1.010214
0.99021027
1.3535111
1.0088448
0.8356526
0.83567471
0.83570925
1.0088744
0.83570365
1.3534878
1.0100538
0.9901584
0.99016611
1.0100245
1.2577176
1.3101012
1.3099994
1.2577808
0.97085526
0.99083632
0.99089789
0.97085765
1.018193
1.3097667
0.91171445
0.91173063
1.0181478
1.3096601
0.97086652
0.99077387
0.97086127
0.990714
1.2574619
1.3096113
1.2574212
1.2828958
0.81847015
0.81840751
0.8617403
1.1961334
1.2831166
0.92646064
0.95407318
0.92648965
0.95404199
0.87561234
0.95024724
0.87557981
0.95028919
0.86178678
1.1962288
1.2823515
0.81809967
0.81813811
1.2830571
2.824333
2.824407
0.86724455
0.85874525
0.97644232
1.686569
0.97639347
1.6865379
2.8240685
2.8241264
2.1666332
2.1645368
2.9593517
2.8525317
2.1543138
2.871142
1.8349524
1.5745985
1.8728266
1.5527728
2.6546676
2.6537164
1.8381041
2.6591677
2.2567977
2.2527509
1.8736901
1.5482641
1.5721211
1.8325001
0.78678727
0.78526873
0.56685419
0.56440487
0.78710997
0.78857084
0.65219863
0.55237942
0.48015205
0.46539774
0.65179342
0.55280355
0.47944085
0.46547227
1.049346
0.80083859
1.0659768
1.2449953
1.2446726
1.065411
0.80201729
1.0504031
0.55151461
0.65035303
0.46485786
0.48044751
0.47882155
0.4644772
0.6515468
0.5534834
0.6442248
0.69039573
0.71414775
0.75882591
0.64396689
0.68974187
0.71480463
0.759049
0.56958635
0.60512063
0.49096663
0.53052241
0.5313153
0.49103046
0.6048916
0.56844538
0.69035091
0.64402347
0.75876005
0.71411559
0.71482049
0.75917477
0.6436605
0.68956198
0.30071782
0.70897115
0.78573015
0.78541282
0.70904525
0.30486152
1.3521436
1.3522044
1.3521815
1.009466
0.98944841
1.0095556
0.98945816
1.3521025
1.352085
1.0094092
0.98933744
0.98941938
1.0094017
1.0163007
0.91049799
1.0163283
1.3077648
1.3077296
0.91048891
1.2553588
1.2553833
0.96847563
0.98802671
0.96847495
0.98805006
1.0162479
1.3076522
0.91041161
0.91045486
1.0162385
0.96846651
0.98799743
0.96847297
0.98796361
1.2552206
1.3075824
1.3076015
1.2551889
0.87260135
0.94727231
0.87263201
0.9472268
0.92355837
0.95122585
0.95124854
0.92352432
1.2794345
0.81478493
0.81474123
0.85764339
1.1926943
1.2798116
0.92347771
0.95119963
0.95117734
0.92349382
0.8724697
0.94704054
0.9470654
0.87245198
0.85751026
1.192569
1.2791548
0.81454629
0.81457696
1.2797658
0.97113612
1.6785691
0.86281393
0.85416989
1.6783575
0.97082213
2.8145095
2.8142685
0.86259325
0.85409368
0.97040007
1.6777808
0.97070273
1.6778472
2.8131429
2.8132739
1.8353466
1.5743453
1.1981408
1.8728896
1.5527157
1.1888662
2.1601733
2.6564859
2.6576131
1.8477814
2.6577495
2.2595404
2.2560672
1.8750346
1.5491528
1.1841063
1.5732815
1.1952228
1.8335357
0.69956246
1.2823628
1.2821913
0.56442267
0.69543151
1.2813509
1.2811092
0.56550399
0.56388345
0.78865322
0.56538794
0.78698824
1.0263817
0.79077744
1.0248999
1.2956812
1.2608509
1.26153
1.261074
1.2973508
1.2601226
0.79450685
1.0277207
1.0277005
1.2810024
0.69399044
1.2804007
0.69769114
1.2813741
1.2812713
0.56374333
0.78834183
0.562421
0.78985
0.80309806
1.0507542
1.2451009
1.0664229
0.80228768
1.0498011
1.245944
1.067093
0.65248543
0.55271113
0.47989493
0.46519958
0.65186407
0.55260914
0.47963793
0.4654613
1.0500989
0.80159715
1.0667175
1.2458877
1.2455376
1.0661194
0.80276029
1.0511283
0.55196051
0.65101937
0.46517302
0.48062166
0.47911767
0.46483982
0.65218144
0.55379651
0.60590985
0.56994259
0.53078688
0.49122624
0.60551265
0.56888317
0.53190676
0.49178024
0.64465083
0.69108809
0.71469499
0.7594576
0.64429592
0.69021283
0.71554728
0.75973736
0.56982769
0.60604455
0.49140597
0.53092515
0.53179131
0.49147867
0.60576394
0.56887931
0.69107133
0.64456123
0.75979794
0.71508314
0.71559003
0.75995504
0.64429491
0.69042541
1.3132062
0.9219201
0.92187415
0.95167668
0.96133892
0.95167565
1.313217
0.92177813
0.92190814
0.95175454
0.96136376
0.95172074
0.30085465
0.78579604
0.70928782
0.30253239
0.78604164
0.7095172
1.2260166
1.225933
0.92222928
1.3135448
0.92247123
0.96167244
0.95226919
0.95218126
0.95189715
0.96157508
0.95206505
1.3136114
0.92265863
0.92272414
0.30119705
0.70972388
0.78646238
0.78612667
0.70978926
0.30507845
0.98886151
0.97928355
0.9793102
0.98775019
0.94386049
0.98773056
0.98889672
0.97935279
0.97934085
0.98769374
0.94385872
0.98773422
0.97484462
0.98327531
0.9749099
0.94201169
0.95470035
0.95457749
0.95437772
0.94189959
0.95447233
0.98336373
0.97512242
0.97502871
0.97928707
0.9888706
0.97929074
0.94380976
0.98765003
0.98766562
0.9876902
0.94382514
0.98769208
0.98892112
0.97930759
0.9793155
1.009941
0.99012245
1.009961
0.9901029
1.3533418
1.0087156
0.83568107
1.3533199
0.83566356
0.83562976
1.0087392
0.83565582
1.0098853
0.99004741
0.99006168
1.0098553
1.2573584
1.3095744
1.3095374
1.2573861
0.97086913
0.99048288
0.99050844
0.97086615
1.0179757
1.3094475
0.91159639
0.91160694
1.0179565
1.3093546
0.97084716
0.99044869
0.97085895
0.99040921
1.2571931
1.3093826
1.2571525
1.2822995
0.81806312
0.81803422
0.86179717
1.1958377
1.2826867
0.92622179
0.95384989
0.92624073
0.95382282
0.87539435
0.94998723
0.87536782
0.9500131
0.86184757
1.195957
1.2820404
0.81786956
0.8178952
1.2826664
2.8236348
2.8236043
0.86706612
0.85876217
0.97673719
1.6865034
0.97663296
1.6864848
2.8238896
2.8239316
2.1741169
2.1858687
2.6205756
2.6201944
1.7272114
2.7055014
2.1555262
1.8695258
1.5513263
1.8418299
1.5684781
2.9651994
2.8630452
2.1589307
2.9032936
2.1713858
1.833335
1.5715856
1.5514254
1.8691388
0.78832703
0.78862554
0.56167797
0.56256551
0.78694719
0.78468319
0.65160428
0.5518476
0.48084281
0.46457497
0.65291273
0.55392028
0.47942855
0.46398207
1.0492237
0.80219387
1.065969
1.2434528
1.2446404
1.0670048
0.8013656
1.048136
0.5521157
0.65162314
0.46417856
0.47922067
0.47954442
0.46438074
0.65102576
0.55171635
0.64259687
0.68922362
0.71387109
0.75823453
0.64268638
0.68926863
0.71394647
0.75829642
0.56795071
0.60454085
0.4903783
0.53002492
0.52981628
0.49005535
0.60472042
0.56833259
0.68955304
0.64354413
0.7595236
0.71515531
0.71426346
0.75922716
0.64380845
0.69043745
0.30283837
0.70991371
0.78643338
0.78621146
0.70966795
0.29802326
1.3520427
1.3520542
1.009336
0.98935191
1.0093993
0.98937865
1.3520978
1.3521266
1.0093676
0.98940085
0.98940715
1.0094069
1.0162328
0.9104382
1.0162323
1.3075569
1.3075511
0.91044918
1.2551508
1.2551569
0.96841349
0.98786413
0.96842423
0.98785721
1.0170607
1.3075714
0.91049075
0.91048249
1.0170864
0.96845794
0.98786781
0.96843682
0.9878743
1.255187
1.3076318
1.3076149
1.2552035
0.87242167
0.94701445
0.87243334
0.94699441
0.92339653
0.9510945
0.95109452
0.92338603
1.2791226
0.8145167
0.81449697
0.85739408
1.192454
1.2795886
0.92339559
0.95109476
0.95110461
0.92338183
0.87241817
0.94697551
0.94696902
0.87243389
0.85731349
1.1923565
1.279072
0.81446138
0.81446223
1.2795749
0.97030618
1.6775898
0.86233834
0.85369285
1.6774831
0.97007447
2.8131424
2.8129758
0.86222307
0.85364735
0.96977175
1.6774246
0.96999022
1.6774064
2.8132103
2.8131572
1.8700966
1.5507634
1.1815974
1.8414689
1.5682314
1.1904138
2.8663066
2.9701275
2.1734251
2.9049518
2.1674661
2.1698728
1.8340002
1.5715019
1.1946816
1.5511297
1.1867511
1.8699684
0.69375582
1.2804265
1.279504
0.56170953
0.69553507
1.2804816
1.2796701
0.55924892
0.55990635
0.79028012
0.79066554
1.0282855
0.79528761
1.0283799
1.2971023
1.2593983
1.2598035
1.2625832
1.2973501
1.2625289
0.79093728
1.0241828
1.0245692
1.2818991
0.69963001
1.281671
0.56025671
0.69526688
1.2801745
1.2803148
0.56051467
0.7885934
0.56271082
0.78655108
0.80176524
1.0486188
1.2451734
1.0656494
0.80316305
1.0506466
1.2443416
1.0655597
0.65146372
0.55156581
0.48084382
0.46431224
0.65290309
0.55402109
0.4790887
0.46377448
1.0493422
0.8022193
1.066441
1.2442126
1.245045
1.0673424
0.80157964
1.0486622
0.55185759
0.65157074
0.4641366
0.47932815
0.47923821
0.46422112
0.6511637
0.55190724
0.60423849
0.56769555
0.53030971
0.48970971
0.60407353
0.56830745
0.52938254
0.48945455
0.64323313
0.69007259
0.71481433
0.75921614
0.64317294
0.69009591
0.71491414
0.75929256
0.56821416
0.60502869
0.49014705
0.53026255
0.52993773
0.49023239
0.60557447
0.56911472
0.69043945
0.64429595
0.76060656
0.71619362
0.7152684
0.76030409
0.64461504
0.69138775
1.313752
0.92301374
0.9230993
0.95239736
0.96191101
0.95249668
1.3137054
0.9228682
0.92310006
0.95252845
0.96194172
0.95256552
0.30392427
0.78656203
0.70947321
0.30616726
0.78680106
0.70959089
1.2262362
1.2263367
0.92303782
1.3136842
0.92296934
0.96184919
0.95234317
0.95240876
0.95251632
0.9618902
0.95248246
1.3136928
0.92275172
0.92298932
0.30202984
0.71073581
0.78721818
0.78693344
0.71048314
0.29790916
0.98901388
0.97929729
0.9793218
0.98765586
0.9437812
0.9876457
0.98902429
0.97933082
0.97934386
0.98761035
0.94377188
0.98765072
0.97528467
0.98356858
0.97527738
0.94226773
0.95484277
0.95485725
0.95488326
0.94229858
0.95488526
0.98356418
0.97525636
0.97528393
0.97929847
0.98899554
0.97928786
0.94370505
0.98755558
0.98757312
0.98760779
0.94372548
0.98760637
0.9889938
0.97925757
0.9792883
1.0097522
0.98998123
1.0097687
0.98995695
1.3532153
1.0085921
0.83566473
1.3532153
0.83567366
0.83567665
1.0086156
0.83568473
1.0097108
0.98991214
0.98991398
1.0097032
1.25709
1.3093177
1.3092975
1.2571106
0.97074232
0.99023651
0.99024773
0.970735
1.0178599
1.3092643
0.91150016
0.91150421
1.0178432
0.97072089
0.99021818
0.97072518
0.9902004
1.2570265
1.3092481
1.3092511
1.2570165
1.2820069
0.81784274
0.81782541
0.86183011
1.1956627
1.282448
0.92604237
0.95364775
0.92604734
0.95363537
0.87524758
0.94983895
0.87524038
0.9498464
0.86189697
1.1957994
1.2818926
0.81773818
0.81774677
1.2824473
2.8235042
2.8235861
0.86709945
0.85889263
0.97717462
1.6864277
0.976988
1.6863658
2.823262
2.8232988
2.167933
2.2551223
2.6564594
2.6519002
1.852996
2.6589942
2.2597777
1.8715768
1.553163
1.8365595
1.5721214
2.2758742
2.9588574
2.8526235
2.1562743
2.8617545
2.1631955
1.8372766
1.5722932
1.5539384
1.8726333
0.78586406
0.56379538
0.78765696
0.56218934
0.56371187
0.78780458
0.78618764
0.65083993
0.55194151
0.47943466
0.46427691
0.65126682
0.55203954
0.4794363
0.46394139
1.0492258
0.80194722
1.0655328
1.2446833
1.2443757
1.065992
0.8015441
1.0495683
0.5524207
0.65169105
0.46466181
0.48044851
0.47980071
0.46459024
0.65142798
0.55299884
0.64422033
0.69063248
0.71531153
0.75991865
0.64420487
0.69060304
0.71538188
0.75984476
0.56865822
0.60509391
0.49040278
0.53052275
0.53008292
0.49038611
0.6050036
0.56848856
0.69049571
0.64392295
0.75930289
0.71459064
0.71521559
0.75955692
0.6437813
0.68999911
0.3001068
0.70949228
0.78657959
0.7865727
0.70970335
0.30466985
1.3521982
1.0095464
0.98949909
1.0095617
0.9895686
1.3523531
1.352408
1.0097078
0.9897397
0.98971753
1.0097789
1.0163273
0.9105645
1.0163013
1.307645
0.91060769
1.2552471
1.2552174
1.3076683
0.96860396
0.98805282
0.96864194
0.98800709
1.017222
1.3077533
0.91075251
0.91073381
1.0164588
0.96871472
0.98809033
0.96867528
0.98812619
1.255407
1.3078594
1.3078244
1.2554373
0.87247436
0.94698174
0.87245034
0.94699421
0.92349914
0.95125948
0.95122354
0.92352371
1.2790768
0.81446175
0.81447009
0.85733614
1.1924682
1.2796421
0.92359161
0.9512915
0.95132803
0.92355108
0.87261344
0.94713252
0.94710918
0.87264124
0.85730882
1.1923963
1.2792131
0.81456825
0.81455308
1.2796559
0.9696948
1.677244
0.86215468
0.8534476
1.6771454
0.96950887
2.8127315
2.8125469
0.8621184
0.85342008
0.96919574
1.6769844
0.96943405
1.6770471
2.8128026
2.8128998
1.8722007
1.5524624
1.1872105
1.836334
1.5721648
1.1947922
2.964667
2.8522825
2.16994
2.8612973
2.1698964
2.1643278
1.8359131
1.573164
1.1961301
1.5525524
1.187906
1.8728687
0.69495969
1.2805135
1.2802299
0.56226652
0.69896094
1.2813683
1.2813112
0.5613664
0.56073987
0.56230906
0.7870814
0.7887869
1.0290899
0.79573773
1.028679
1.2977023
1.2611517
1.2602594
1.2630356
1.2976258
1.2627107
0.79151364
1.0260737
1.0250906
1.2818362
0.69935642
1.2817597
0.56265763
0.56363995
0.56360835
0.69515328
1.2810558
1.2806469
0.56190244
0.78901241
0.78710915
0.80162296
1.0490827
1.2447499
1.0667682
0.8021628
1.049295
1.2445718
1.0661805
0.6514313
0.55240271
0.47967916
0.46462196
0.65182648
0.55236467
0.47983177
0.46444251
1.0498009
0.80250521
1.0662007
1.2447348
1.2451636
1.0668525
0.80179728
1.0492846
0.55286891
0.65220872
0.46437506
0.48012645
0.48017424
0.46464369
0.65164337
0.55262953
0.60585022
0.5690109
0.53048742
0.49046821
0.60602284
0.56934039
0.53029911
0.49062758
0.64493058
0.69133982
0.71634929
0.76099232
0.6450624
0.69155597
0.71615775
0.76091707
0.56904362
0.60541927
0.49025778
0.52972016
0.53050553
0.49079399
0.6051436
0.56842389
0.69113979
0.64437176
0.75995727
0.71511062
0.71594258
0.76026796
0.64410269
0.69037992
1.3136208
0.92276718
0.92282749
0.95234973
0.96183712
0.95236766
1.3136199
0.92279595
0.9228904
0.95240495
0.96185945
0.95241085
0.2987294
0.78729511
0.71103939
0.29762997
0.78728921
0.71097774
1.2262292
0.92288693
1.3136624
0.92295048
0.96195313
0.95254683
0.95253868
0.9524648
0.96193924
0.95252371
1.3137371
0.92295781
0.92309634
0.29990645
0.71017157
0.78704329
0.78727058
0.71043303
0.30366325
0.98892732
0.97924817
0.97926134
0.9875682
0.94370798
0.98757375
0.98895983
0.97926702
0.97927691
0.9875882
0.94372503
0.98760193
0.97504147
0.98331532
0.97498567
0.94211089
0.95450599
0.95454603
0.95465487
0.94214993
0.9546124
0.98327947
0.97489659
0.97495139
0.97926253
0.98887279
0.97926515
0.9437649
0.98762669
0.98762594
0.98761274
0.94376282
0.98763673
0.98886466
0.97925775
0.97927758
1.0097204
0.98991438
1.0097062
0.98991879
1.3532142
1.0086613
1.3532387
0.83560645
1.3532365
0.83562009
0.83563377
1.0086616
0.83563682
1.0097797
0.98999284
0.9899677
1.0098039
1.257008
1.3092303
1.2570038
0.9707201
0.99021012
0.99019225
0.97072963
1.0178444
1.3092362
0.91155198
0.91153826
1.0178478
0.97075058
0.99022109
0.97073657
0.99023197
1.2570447
1.3092659
1.3092565
1.2570551
1.2818853
0.81772919
0.81772934
0.86197212
1.1956724
1.2824038
0.92605676
0.953637
0.92603669
0.95364989
0.87528564
0.94987376
0.87529425
0.9498608
0.86209553
1.1958331
1.281939
0.81776208
0.81775015
1.2824278
2.8238904
2.8241547
0.86739184
0.85925571
0.97793413
1.6873548
0.9776392
1.6871335
2.8243511
2.8241284
2.1750269
2.2320347
2.883007
2.7712786
2.0840954
2.6465007
2.2477139
1.83724
1.5607213
1.8471035
1.5535508
2.1687957
2.9737647
2.8711767
2.143438
2.6552384
2.1632974
1.834614
1.5531411
1.5531827
1.8351767
0.7823891
0.78319592
0.56868035
0.56857738
0.78269028
0.78270386
0.6532388
0.55266622
0.48120797
0.46607747
0.65429687
0.55408058
0.48046144
0.46561772
1.0483191
0.80403031
1.0685006
1.243175
1.2432637
1.0685168
0.80400105
1.0482364
0.55276582
0.65327346
0.4651622
0.48052218
0.48050919
0.46513617
0.65326529
0.55279529
0.64356474
0.68951832
0.71446108
0.75879509
0.6437036
0.68993488
0.71399076
0.7587041
0.56840553
0.60446579
0.4904719
0.53012554
0.53048962
0.49064001
0.60446756
0.56824361
0.6894671
0.6432703
0.75855626
0.71450014
0.71395959
0.75842226
0.64331848
0.68989497
0.30691249
0.70907635
0.78656732
0.7865507
0.70897297
0.30437509
1.3525084
1.0099248
0.98985434
1.009958
0.98990351
1.3525806
1.3525938
1.0099623
0.9898832
0.98992061
1.0100248
1.0173958
1.3079371
0.91084052
1.0165427
1.307877
0.91087456
1.2554862
1.2554563
1.3079009
0.96882056
0.98831303
0.96882095
0.98828705
1.0174456
1.3079678
1.3079832
0.91086171
0.91088026
1.017475
0.96879129
0.98832386
0.96880904
0.98832614
1.25556
1.3080197
1.3080039
1.2555624
0.87268218
0.94714943
0.87266195
0.94716632
0.92371852
0.95147394
0.95146127
0.92372352
1.2792283
0.81457912
0.81459288
0.85728287
1.1925568
1.2797969
0.92373324
0.95147493
0.95147398
0.92372444
0.87270059
0.94723156
0.94722547
0.87269383
0.85714123
1.1924737
1.2793325
0.81463581
0.81463542
1.2798039
0.96909979
1.6765018
0.86206449
0.85317674
1.6763062
0.96882845
2.8121176
2.8121386
0.86197383
0.85311901
0.96831286
1.6751645
0.96870424
1.6754958
2.810579
2.8112136
1.8643318
1.5525176
1.1893892
1.8348916
1.5680474
1.1935446
2.1919851
2.9190715
2.81939
2.0992711
2.7708575
2.2502521
2.164275
1.8470664
1.5476618
1.1844552
1.5598886
1.1927934
1.8304138
0.69562811
1.2807636
1.2809428
0.70087056
1.2824165
1.2825431
0.56260343
0.5627394
0.56521228
0.78639677
0.78835691
1.0275235
0.79789147
1.0306515
1.296512
1.261866
1.262628
1.2615311
1.3001849
1.26455
0.79665353
1.0267952
1.0292103
1.2820992
0.7017553
1.2833282
0.56511709
0.56745215
0.70073988
1.2814874
1.2829075
0.56665042
0.78421941
0.78441573
0.80227304
1.0489217
1.2453995
1.0675238
0.80324893
1.0501433
1.2443251
1.0668531
0.65189635
0.55248685
0.4804834
0.46473568
0.65275286
0.55318364
0.48006947
0.46446321
1.0502302
0.8050468
1.0692965
1.2440842
1.2454209
1.0691201
0.80469826
1.0488763
0.55339604
0.6542413
0.46564931
0.48024724
0.48068235
0.46572934
0.65384632
0.55274432
0.60486564
0.568332
0.5299908
0.49030346
0.60496561
0.56856922
0.53021821
0.49021874
0.64361897
0.68995834
0.71489289
0.75922378
0.64372413
0.69021812
0.71456747
0.75910127
0.56887132
0.60524106
0.49106558
0.53066817
0.5306118
0.49129009
0.60525768
0.5688697
0.69001559
0.64383942
0.7592604
0.71486836
0.7146012
0.75915358
0.64389252
0.69023417
1.3138199
0.9230845
0.92318107
0.95261144
0.9620464
0.95266916
1.3137935
0.92307623
0.92322361
0.95270358
0.96207299
0.95272806
0.30749301
0.78699538
0.70952379
0.30496849
0.78684518
0.70940105
1.2257732
0.92308961
1.3136896
0.92296668
0.96193122
0.95238966
0.95253595
0.9527002
0.96201771
0.9526529
1.3136605
0.9225627
0.92290498
0.30786392
0.70943713
0.78676602
0.78684903
0.70936903
0.30630745
0.98883295
0.97928066
0.97928697
0.98765215
0.943799
0.9876652
0.98884443
0.97927657
0.97929472
0.98767834
0.94381291
0.98769534
0.97488059
0.98326571
0.97491544
0.94206461
0.95453146
0.95454139
0.95450325
0.94210584
0.95454255
0.98329692
0.97495368
0.9749594
0.9792981
0.98887507
0.97929703
0.94376513
0.98761748
0.98765757
0.98769236
0.94379874
0.98769735
0.98888888
0.97924545
0.97929486
1.009879
0.99003606
1.0098649
0.99003548
1.0086803
0.83557819
0.83559741
0.83559493
1.0087109
0.83561078
1.3532616
1.0098605
0.98998236
0.99000195
1.009842
1.2570725
1.2570582
0.97076521
0.99030722
0.99029825
0.97074758
1.0178876
1.3092709
0.91151446
0.91153596
1.0178768
0.97067887
0.9903
0.970714
0.99028645
1.2570496
1.3092569
1.3092597
1.2570404
1.2819482
0.81777098
0.81778537
0.86217218
1.1957896
1.282491
0.92608405
0.95367353
0.92608489
0.95365932
0.87528559
0.94992366
0.87526792
0.94992033
0.86220843
1.1959443
1.2820139
0.81781513
0.81781037
1.2825142
2.8254119
2.8255097
0.86774398
0.85975039
0.97868522
1.6896767
0.97842901
1.689223
2.8274939
2.8267585
2.1659305
2.2565085
2.860461
2.9679238
2.1536543
2.6562949
2.1694445
1.8335622
1.5532096
1.8355493
1.551727
2.169697
2.9582419
2.8471352
2.1545776
2.650284
2.2607647
2.1701365
1.8355526
1.5508352
1.552761
1.8329447
0.78341424
0.78311257
0.56729672
0.56558406
0.78424662
0.78422152
0.65281541
0.55253803
0.48035553
0.46499547
0.65272628
0.55259722
0.48016997
0.46501597
1.0478946
0.80301753
1.0676263
1.2427574
1.2429012
1.0676333
0.80295044
1.0476794
0.55234742
0.65234807
0.46449698
0.47948466
0.47998353
0.46464952
0.65225
0.55192308
0.64424109
0.6908491
0.7147493
0.75960446
0.6439887
0.69011631
0.71552233
0.75990472
0.56906008
0.6054542
0.4904852
0.53033158
0.530748
0.49067246
0.6053695
0.56874161
0.69099029
0.64446924
0.76038153
0.7152914
0.71568187
0.76042409
0.64440097
0.69061377
0.29728766
0.71025062
0.78639169
0.78662335
0.71029711
0.2960963
1.352597
1.3526104
1.0099712
0.98982016
1.0099989
0.98982137
1.352668
1.3527489
1.3527127
1.0099793
0.98971642
0.98975689
1.0100179
1.0174682
1.3080818
1.30806
0.91080503
1.0174819
0.91079013
1.2555709
1.308029
1.2555637
1.30804
0.96859723
0.98834976
0.96854764
0.98833489
1.0175123
1.3081094
1.3081528
0.91071573
0.91073443
1.0175579
0.96845369
0.98836275
0.96849792
0.98838166
1.2556415
1.3082707
1.3082008
1.2556751
0.87267116
0.94723387
0.87268113
0.94723964
0.92369822
0.95139771
0.9514112
0.92368517
1.2793518
0.81463442
0.81463892
0.85688861
1.1925615
1.2799254
0.923688
0.95138206
0.9513748
0.92367744
0.87264641
0.94739704
0.94735252
0.87266028
0.85670585
1.1926022
1.279622
0.81474783
0.81471974
1.2799667
0.96817972
1.6741114
0.86184276
0.85267233
1.6737192
0.96783129
2.8094398
2.809045
0.86181454
0.85260987
0.96741255
1.6722442
0.9677073
1.6725735
2.8069773
2.8075824
1.8332211
1.5534077
1.1882074
1.8372509
1.5503088
1.1863961
2.1704322
2.961261
2.8481247
2.168688
2.6531643
2.2617403
2.1720932
1.8363968
1.5497887
1.1851247
1.5523665
1.1866869
1.8329321
0.69909339
1.2804056
1.2814324
0.69835723
1.280397
1.2812965
0.56046109
0.5624821
0.56236627
0.78674792
0.78633319
1.0241826
0.79426767
1.0275063
1.2960071
1.2592272
1.2617039
1.2593017
1.2964135
1.2616532
0.7945756
1.0241994
1.0277376
1.2799516
0.6978891
1.2808343
0.56131565
0.55959334
0.69823341
1.2798139
1.2809038
0.78692846
0.56121589
0.78702864
0.80291597
1.0478782
1.2434193
1.0678174
0.80287975
1.0481405
1.2431956
1.0679134
0.652103
0.55174369
0.47974714
0.46449843
0.65211006
0.55215419
0.47924091
0.46460426
1.0477072
0.80259291
1.0676285
1.2430516
1.2430505
1.0675843
0.80261681
1.0476767
0.55161998
0.65183012
0.46408161
0.47890668
0.47911656
0.46417724
0.65183528
0.55148705
0.60529251
0.56885374
0.53048929
0.49075744
0.605186
0.56876991
0.53034237
0.49077945
0.64417415
0.69083
0.71500354
0.75978242
0.64402682
0.690325
0.71558917
0.76002488
0.56892627
0.60552792
0.49036242
0.52999069
0.53038165
0.49052275
0.60548987
0.56869548
0.69097068
0.64448989
0.76056746
0.71566734
0.71575251
0.76055843
0.64445546
0.6908583
1.3133307
0.92152991
0.92190959
0.95226857
0.96156269
0.95211341
1.3134688
0.9224473
0.92229018
0.95174942
0.96142266
0.9519579
0.30011758
0.78671748
0.70982307
0.30496416
0.78657914
0.71000189
1.2258989
0.92135246
1.3130729
0.92112013
0.96090649
0.95131723
0.95139814
0.95162036
0.96101695
0.95151355
1.3130368
0.92062179
0.92098611
0.29869986
0.71035354
0.78633671
0.78653639
0.71036915
0.29737897
0.98878315
0.97907366
0.97913205
0.98759199
0.94363952
0.98755221
0.98882753
0.97922035
0.97918966
0.98746621
0.94359904
0.98753149
0.97485165
0.98318546
0.97482891
0.94140888
0.95423069
0.9542723
0.95435143
0.94149772
0.95432299
0.98317683
0.97478478
0.97482601
0.97904108
0.98869032
0.97900275
0.94340936
0.98733585
0.98736678
0.98743829
0.94345706
0.98741583
0.98867736
0.97893008
0.97898104
1.0097467
0.98987381
1.0097737
0.98982289
1.3531996
1.0084609
0.83539668
0.83542672
0.83547045
1.0084871
0.83545931
1.3532311
1.0096928
0.98967137
0.98969711
1.0096937
1.2570276
1.3092538
1.2570322
0.97043052
0.99023778
0.99023675
0.97036752
1.017829
1.3093057
0.91123564
0.91125971
1.017836
0.97024411
0.99023637
0.97030365
0.99024056
1.257027
1.30939
1.3093356
1.2570449
1.2820213
0.81781778
0.81782466
0.86207582
1.1958424
1.2825858
0.92595518
0.95348305
0.92595617
0.95346193
0.87515895
0.95002957
0.8751594
0.94999224
0.86199496
1.1958885
1.2822696
0.81789663
0.81787159
1.2826343
2.828932
2.8294325
0.86806407
0.86017656
0.979381
1.6931333
0.97907985
1.6926008
2.8321103
2.8313151
2.2608231
2.8482309
2.9580511
2.1535316
2.6566731
2.1719545
1.8370096
1.5512776
1.833323
1.5540719
2.9708371
2.8584381
2.1493085
2.6750742
2.2188483
2.1747406
1.832909
1.5591272
1.5508712
1.8441024
0.78530918
0.78573062
0.56532957
0.56707946
0.7858616
0.56749882
0.78510907
0.65197949
0.55172743
0.47933303
0.4634645
0.6520005
0.55180215
0.47914562
0.46302232
1.0485686
0.80369917
1.0681306
1.2456348
1.2437569
1.0682064
0.80380112
1.0501391
0.55191963
0.65271669
0.46203041
0.47866299
0.47921874
0.46226911
0.65277212
0.55182036
0.6430079
0.68896159
0.7150032
0.75938389
0.6434852
0.69031883
0.71361582
0.75894226
0.56672645
0.60261792
0.48729477
0.52754482
0.5283729
0.48771236
0.60241852
0.5656832
0.68845464
0.64163581
0.75699725
0.71131855
0.71306654
0.75762513
0.64112193
0.68682616
0.30329023
0.706985
0.78425972
0.78546412
0.70760078
0.30862953
1.3530115
1.3528218
1.3529148
1.0102491
0.98973136
1.010178
0.98978252
1.3534777
1.3539612
1.3537115
1.0106464
0.98994215
0.9899135
1.0108378
1.0177378
1.3087054
1.3085641
0.91072888
1.0176938
0.91075677
1.2557708
1.3083471
1.2557139
1.3084443
0.96828415
0.98882643
0.9682712
0.98870103
1.0179827
1.3088639
0.91091312
0.91086661
1.0181083
0.96828089
0.98896538
0.96826549
0.98912777
1.25618
1.3096146
1.3093186
1.2562809
0.87271085
0.94744681
0.87267899
0.94750833
0.92383154
0.95148165
0.95143923
0.92388768
1.2802217
0.81477813
0.81481245
0.85651628
1.1928891
1.2806057
0.92405705
0.95153027
0.95159473
0.92395888
0.87302769
0.94813753
0.947994
0.87313138
0.85655294
1.1930076
1.2810117
0.81485047
0.81488149
1.2807878
0.96734764
1.671456
0.86204732
0.85245124
1.6712312
0.96730664
2.8060318
2.805667
0.86247463
0.85248335
0.96774667
1.6712335
0.9673416
1.6710628
2.8053236
2.8051879
1.8365475
1.550543
1.1856546
1.8334844
1.5528747
1.1871551
2.1775579
2.9762762
2.8613988
2.1555981
2.6732047
2.220339
2.1755082
1.8326826
1.5575185
1.189168
1.5498238
1.1863422
1.8433277
0.69764429
1.2802019
1.280968
0.69791092
1.2798504
1.2809208
0.56158232
0.56132513
0.78771281
0.78803542
1.0269746
0.79607955
1.0296434
1.2972966
1.2598623
1.262173
1.2622476
1.297846
1.2638013
0.79341328
1.0243105
1.0273658
1.2808946
0.69900878
1.2817859
0.56197141
0.56296968
0.56151796
0.69653778
1.2803551
1.2811742
0.78839238
0.56354228
0.78754761
0.80270316
1.0482892
1.2431165
1.0675723
0.80264485
1.047723
1.243772
1.0675745
0.65187211
0.55151846
0.47884264
0.46331806
0.65182756
0.55144354
0.47877581
0.4627562
1.0487298
0.80355019
1.0682354
1.2458854
1.244204
1.0683612
0.80356135
1.0500737
0.55168123
0.6525149
0.46135249
0.47814132
0.47882435
0.46180945
0.65248221
0.55139839
0.60418552
0.56701151
0.52976794
0.48928824
0.60467505
0.56845672
0.52815643
0.48825854
0.64314523
0.68924423
0.7154017
0.75988266
0.643626
0.69058922
0.71402765
0.75944844
0.56665457
0.60277845
0.48670326
0.52670781
0.52788395
0.48749825
0.60225495
0.56528448
0.68872539
0.64161765
0.75715954
0.7114383
0.71346726
0.75780725
0.64103245
0.6868411
1.3128967
0.92011631
0.92032182
0.95133133
0.96074946
0.95137343
1.3129428
0.92056102
0.92053379
0.9514984
0.96074024
0.95145301
0.30294777
0.78623216
0.7097009
0.2980906
0.78571334
0.70929706
1.2255385
0.92011222
1.3129368
0.92005962
0.96066565
0.95202987
0.95189739
0.95162745
0.96070409
0.95177472
1.3130497
0.91988943
0.92010388
0.30491203
0.70711078
0.78424577
0.78546661
0.70773876
0.31026051
0.98857103
0.97885978
0.97888533
0.98733636
0.94333917
0.98733545
0.98860985
0.97891897
0.9789125
0.98735358
0.94334091
0.98736341
0.9744471
0.98278598
0.97432482
0.94073863
0.95344185
0.95359919
0.95388245
0.94088347
0.95376328
0.98269164
0.97405924
0.97420815
0.9788594
0.98845931
0.97884938
0.9433729
0.98747904
0.98743898
0.98738536
0.94336029
0.98742401
0.98842698
0.9788358
0.97885471
1.0098737
0.98963419
1.0097989
0.98963768
1.3538984
1.0087734
0.83490378
0.83503746
0.83520827
1.008698
0.83514518
1.354134
1.0102419
0.98979611
0.98973875
1.0104108
1.2571115
1.3094499
1.3095319
1.2570687
0.96999966
0.99060381
0.99048891
0.96997599
1.018198
1.3099177
0.91134338
0.91129208
1.0182937
0.96997147
0.99073487
0.96996269
0.9908904
1.2574754
1.3106468
1.3103561
1.2575708
1.2823483
0.81792253
0.81795437
0.86193851
1.1961931
1.2832262
0.92624607
0.95353313
0.92615312
0.95359125
0.87548176
0.95072148
0.87557841
0.95057955
0.86207899
1.1964356
1.2836299
0.81796423
0.81799359
1.2834158
2.8338529
2.834576
0.8691175
0.8608893
0.98098187
1.6970351
0.98023507
1.696507
2.8370257
2.8365056
2.6223646
2.6452095
1.7343785
2.8168155
2.2042599
1.8768559
1.5545794
1.8390027
1.5744091
2.6647753
2.6736809
1.7914008
2.8703434
2.2067121
2.1425688
1.8617064
1.5537461
1.5654222
1.8411697
0.78640127
0.78618752
0.76021648
0.79146449
0.65127732
0.55013421
0.47817202
0.46021843
0.65144252
0.55136548
0.47654669
0.45908789
1.0527362
0.80254608
1.0672221
1.2491712
1.2500582
1.0684584
0.80085434
1.0544209
0.54956563
0.65062646
0.46959062
0.48284863
0.47590085
0.46049654
0.65192897
0.55991366
0.63671509
0.68167087
0.71039766
0.75414954
0.63832482
0.685937
0.70624012
0.75266459
0.55923698
0.59744201
0.49763342
0.55043297
0.52184947
0.48586128
0.6055771
0.58318061
0.68069786
0.63576518
0.75681783
0.71619428
0.70528268
0.75118227
0.64257448
0.69404858
0.38614369
0.70312318
0.77476022
0.7849829
0.69909133
0.40125184
1.3547596
1.3542606
1.3545717
1.0112797
0.99005682
1.0113365
0.99002657
1.352818
1.3451138
1.0081816
0.98728161
0.98847125
1.006779
1.0187874
1.3105907
1.310513
0.91117956
1.018587
0.911316
1.2563297
1.309937
1.256342
1.310281
0.96796656
0.98982055
0.96737919
0.98995345
1.0182181
1.3096276
0.90857386
0.91075915
1.0177668
1.3007495
0.96392974
0.98921223
0.96590466
0.98794343
1.2457062
1.3084687
1.2491193
0.87338022
0.94830531
0.87324742
0.94850333
0.92466727
0.95169429
0.95184716
0.92469884
1.2813268
0.81480314
0.81475292
0.85632737
1.1925182
1.2824488
0.92378091
0.95126736
0.95023952
0.92453807
0.8707206
0.94503019
0.94803069
0.86667892
0.85187247
1.1908968
1.2792921
0.81599507
0.80638041
1.2815559
0.96801468
1.6722756
0.86337127
0.85274259
1.6724611
0.96924264
2.8068684
2.8067825
0.86122755
0.85243588
0.94305833
1.632742
0.96922581
1.6562015
2.7272948
2.7755801
1.8778213
1.5537586
1.1852166
1.8390773
1.5741671
1.193776
2.2977943
2.6710316
2.677892
1.8037514
2.8744487
2.2062267
2.1416431
1.8610742
1.5529427
1.1794329
1.5639329
1.1869151
1.8412628
0.69094218
1.2810856
1.2801616
0.56371968
0.69379603
1.280871
1.2807603
0.78884326
0.56350609
0.78861177
1.0243865
0.78917169
1.0243589
1.2882154
1.2654164
1.254599
1.2609456
1.2950458
1.2605635
0.79004138
1.0366666
1.0203914
1.281186
0.69286462
1.2826238
0.5855508
0.56886241
0.69177205
1.2901925
1.2841718
0.58856117
0.76266669
0.56761784
0.79406448
0.80254762
1.0516918
1.2466418
1.0681123
0.80248597
1.0505116
1.2485311
1.0685358
0.65109847
0.54980868
0.47767054
0.45952029
0.65122761
0.55097041
0.47609724
0.45849056
1.0527338
0.80238065
1.0674028
1.2497397
1.2503562
1.0685566
0.80082829
1.0547163
0.54922511
0.65042937
0.46918219
0.48259253
0.47545149
0.45996958
0.65186212
0.5598065
0.59775908
0.55951341
0.52609937
0.48466663
0.59945117
0.56451772
0.52180419
0.48327024
0.6365988
0.68172766
0.71052304
0.75431648
0.63819416
0.6859547
0.70640318
0.75284227
0.55871974
0.59726112
0.4971553
0.55025729
0.52132686
0.48520217
0.60505179
0.5829849
0.68077121
0.63569395
0.75706266
0.71641443
0.70546084
0.75141058
0.64245919
0.69416599
1.3128262
0.91885582
0.9194582
0.95221169
0.96048389
0.9523717
1.3132091
0.91992208
0.91990249
0.95247983
0.9603645
0.95245773
0.35129307
0.7836781
0.7042472
0.31308698
0.78319889
0.70264943
1.2126348
0.91787899
1.3083671
0.91779974
0.95868292
0.95248675
0.95261507
0.95241069
0.95963289
0.95254759
1.3051967
0.92278409
0.91815395
0.38828784
0.70332606
0.77477895
0.78508046
0.69926381
0.40118725
0.9883826
0.97895086
0.97894864
0.98756178
0.94353623
0.98765535
0.98837569
0.97886729
0.97891487
0.98784184
0.94363354
0.98778566
0.97391821
0.98217691
0.97389184
0.94015248
0.95125971
0.95349941
0.95329747
0.94023528
0.95334649
0.9819325
0.97163238
0.973975
0.97886797
0.98800216
0.9783797
0.94079416
0.98283697
0.98577751
0.98778925
0.94289752
0.98722532
0.98744287
0.97413225
0.97721797
1.0109105
0.98990006
1.0109006
0.9898377
1.3532209
1.008075
0.83821028
0.82366067
0.83358206
1.0086291
0.83423426
1.3455257
1.0089291
0.98807157
0.98834962
1.0075283
1.2576103
1.3109632
1.3113036
1.257627
0.96963879
0.99155928
0.99169515
0.96904977
1.0184444
1.310659
0.90904464
0.91117229
1.0188253
0.96560824
0.99095029
0.96757672
0.98968447
1.2469911
1.3095108
1.3017927
1.2504032
1.283945
0.81791838
0.81787119
0.86190656
1.1958553
1.2850606
0.92594651
0.95323708
0.92670158
0.95221087
0.87316942
0.947634
0.95060499
0.86914754
0.85755312
1.1943601
1.2818826
0.81910575
0.80956542
1.2841836
2.8381352
2.8382501
0.86811155
0.86124103
0.95773293
1.6593307
0.98271606
1.6828081
2.7594833
2.8079921
)
;
    }
}


// ************************************************************************* //
