/*--------------------------------*- C++ -*----------------------------------*\
| =========                 |                                                 |
| \\      /  F ield         | OpenFOAM: The Open Source CFD Toolbox           |
|  \\    /   O peration     | Version:  2412                                  |
|   \\  /    A nd           | Website:  www.openfoam.com                      |
|    \\/     M anipulation  |                                                 |
\*---------------------------------------------------------------------------*/
FoamFile
{
    version     2.0;
    format      ascii;
    arch        "LSB;label=32;scalar=64";
    class       volScalarField;
    location    "200";
    object      yPlus;
}
// * * * * * * * * * * * * * * * * * * * * * * * * * * * * * * * * * * * * * //

dimensions      [0 0 0 0 0 0 0];

internalField   uniform 0;

boundaryField
{
    inlet
    {
        type            calculated;
        value           uniform 0;
    }
    outlet
    {
        type            calculated;
        value           uniform 0;
    }
    topandbottom
    {
        type            calculated;
        value           uniform 0;
    }
    front
    {
        type            symmetryPlane;
    }
    back
    {
        type            symmetryPlane;
    }
    airfoil
    {
        type            calculated;
        value           nonuniform List<scalar> 
12960
(
46.996918
44.260181
52.462837
44.460719
44.266006
43.903462
39.412902
44.037957
39.577652
43.589592
44.151834
44.009521
52.586779
52.349471
43.774034
51.027886
42.536213
40.281597
44.167233
52.743698
44.049899
38.848666
44.201869
44.220893
39.455714
44.063439
44.734363
44.117698
52.714108
44.179631
47.179437
47.24248
42.72484
39.131738
42.608557
51.184128
38.520804
39.017482
43.761954
52.404595
52.221806
43.132307
52.378536
43.971778
39.607299
44.91436
38.765169
44.097106
44.228073
39.44937
51.552352
41.304317
36.344916
38.985885
44.345936
38.836075
38.591365
52.538367
44.328461
43.13934
52.406649
52.484988
43.585752
52.838574
38.835562
38.305113
38.506688
43.01959
43.615106
37.07856
43.134344
44.129528
39.630467
43.329747
43.493384
44.649212
53.118545
44.239031
52.783348
45.145939
44.386505
44.233427
39.404939
39.412092
44.155491
39.483376
44.12284
39.622924
45.632942
44.976976
38.944918
43.778073
52.915911
44.518513
38.58003
43.591996
53.019825
44.321253
43.895738
44.440763
38.806969
44.149996
45.506059
53.535726
48.517277
48.110799
45.25622
40.707585
52.460772
44.058922
38.770551
38.617862
40.048769
45.217759
38.972922
44.400213
53.187139
43.63319
52.780236
43.053777
43.192122
53.063518
39.860579
44.399506
48.555501
54.211073
53.376544
42.598134
52.352302
52.637261
39.125556
47.868751
43.709093
45.208525
38.998992
39.942834
45.114757
38.799145
52.74582
45.473818
45.20108
39.379826
48.114492
53.95296
45.111361
3.4558507
23.77936
23.91016
24.373791
23.498457
18.913283
18.906858
17.702268
18.114647
18.119803
17.697986
17.063594
17.066564
25.989109
25.986251
16.738927
16.738422
15.654381
16.0487
16.04875
15.657121
23.764308
24.235519
23.689493
24.335012
18.931709
18.925502
17.715731
18.129141
17.71043
18.134797
17.073392
17.078173
26.013612
26.040242
16.731141
16.733454
15.646495
16.043167
15.648874
16.040797
23.635922
24.306656
23.734259
24.138121
18.927941
18.931381
17.71423
18.135471
17.716772
18.132645
17.079662
17.077499
26.090207
25.992228
16.729865
16.729524
15.645334
16.039202
15.64492
16.039604
23.642134
24.370078
23.781401
24.169587
18.916448
18.921125
17.7051
18.126501
17.708458
18.122779
17.072185
17.069261
26.052972
25.990352
16.733918
16.732102
15.648999
16.04188
15.647576
16.043452
23.77856
24.240735
23.68986
24.360649
18.921651
18.917501
17.708358
18.123394
17.705559
18.126566
17.069527
17.071897
26.004696
26.016667
16.730614
16.732908
15.646292
16.042571
15.648195
16.040526
23.662288
24.235811
23.676222
24.189428
18.925451
18.923922
17.712334
18.129164
17.710987
18.13058
17.074559
17.075836
26.046589
25.992403
16.727546
16.728582
15.642969
16.038268
15.643977
16.037241
23.756341
24.311505
23.752444
24.335658
18.92487
18.928001
17.711266
18.132101
17.713524
18.129601
17.076631
17.074654
25.991418
26.023848
16.728864
16.72678
15.644675
16.036842
15.642769
16.038821
23.762647
24.128129
23.613205
24.364187
18.919071
18.918531
17.70676
18.124581
17.706755
18.12473
17.070698
17.070502
25.956057
26.064231
16.735393
16.733819
15.650824
16.043481
15.649146
16.045145
23.677492
24.229036
23.678215
24.221219
18.925234
18.922672
17.710684
18.12753
17.709179
18.129352
17.072383
17.073508
26.026351
26.017579
16.735815
16.736465
15.651034
16.046077
15.651709
16.04539
23.75876
24.36187
23.77279
24.319288
18.92133
18.925474
17.708179
18.12879
17.71001
18.126321
17.072883
17.071785
26.050953
26.004145
16.734128
16.733396
15.650188
16.04347
15.649397
16.044274
24.027544
24.563999
26.028861
25.536274
25.630865
25.038842
24.359241
24.586184
26.076161
25.917521
25.68619
25.444695
23.562282
23.329325
23.784066
24.188879
24.387642
23.667952
23.568457
23.476308
18.727777
18.257481
18.262883
18.720525
18.91492
18.922701
18.729231
18.270288
18.264057
18.736532
17.57934
17.171453
17.175185
17.575392
17.70318
18.126779
18.120884
17.708302
17.58021
17.180343
17.175964
17.585124
16.691585
16.687944
16.524719
16.113064
16.11641
16.521337
17.071572
17.067333
16.692249
16.696156
16.525419
16.120738
16.117085
16.529351
15.595767
15.992005
15.995075
15.595629
15.596438
15.999317
15.995746
15.599825
25.523406
25.522183
25.988588
26.0979
25.532177
25.694541
18.95269
18.950526
18.95189
18.950477
16.573264
16.168427
16.168714
16.573017
16.737685
16.734372
16.572057
16.164094
16.167518
16.568766
15.653261
16.044139
16.047571
15.649861
24.415216
24.519687
26.006388
25.974549
25.589727
25.522143
24.504782
24.503221
25.994163
26.004269
25.569581
25.584392
23.557341
23.491722
23.76015
24.319933
24.321669
23.751856
23.55602
23.545802
18.745317
18.272738
18.739232
18.278519
18.932693
18.932304
18.746313
18.279718
18.279544
18.746103
17.592373
17.18222
17.587182
17.187107
17.716759
18.136098
18.135824
17.717281
17.593399
17.188908
17.188127
17.593992
16.702362
16.697841
16.535599
16.122313
16.531041
16.126623
17.080015
17.079188
16.703364
16.704328
16.536626
16.128774
16.127623
16.537699
15.605283
16.000853
15.601269
16.005074
15.606253
16.007236
16.006064
15.607524
25.552062
25.610444
26.022413
26.010829
25.567849
25.54809
18.94664
18.949805
16.565586
16.163131
16.567855
16.160775
16.730556
16.72959
16.565021
16.159249
16.160199
16.564106
15.645925
16.039265
16.040219
15.644985
24.494742
24.302576
25.891403
26.01966
25.400751
25.598713
24.564216
24.359
25.940715
26.024669
25.469564
25.624374
23.448123
23.528032
23.661274
24.374751
24.186028
23.787222
23.468452
23.574959
18.741959
18.279043
18.745256
18.276106
18.926759
18.922736
18.740791
18.271236
18.274996
18.736829
17.591057
17.188529
17.593516
17.1863
17.713206
18.127875
18.131559
17.709729
17.590051
17.182068
17.185342
17.586631
16.702048
16.704044
16.535545
16.128586
16.537453
16.126842
17.073329
17.076557
16.701141
16.69802
16.534657
16.12304
16.125995
16.531583
15.605923
16.007067
15.607418
16.005383
15.605151
16.001651
16.004554
15.60242
1.6557485
25.671937
25.525035
26.050318
26.002466
25.618544
25.527212
16.564443
16.159189
16.564054
16.159589
16.730128
16.731471
16.564726
16.161277
16.159887
16.566109
15.645648
16.041291
16.039907
15.647023
24.560798
24.344125
25.935171
26.033353
25.462064
25.631146
24.34201
24.308887
25.939188
25.934621
25.456281
25.461075
23.448282
23.569635
23.609985
24.167457
24.133193
23.640488
23.418633
23.446713
18.730864
18.269819
18.735277
18.265945
18.915511
18.916248
18.729989
18.265678
18.265191
18.730646
17.58213
17.180902
17.585388
17.177904
17.704457
18.1225
18.122058
17.704796
17.581507
17.177564
17.177334
17.581818
16.694179
16.696926
16.527813
16.122018
16.530508
16.119485
17.068915
17.068707
16.69366
16.693801
16.527305
16.119079
16.119005
16.527436
15.599165
16.000649
15.601478
15.998175
15.598726
15.997762
15.997706
15.598738
25.619519
25.51288
26.054248
26.053421
25.631521
25.620082
16.568525
16.161878
16.56674
16.163504
16.734232
16.733581
16.56883
16.163187
16.16377
16.5682
15.649223
16.043142
16.043707
15.648713
24.422307
24.548287
26.018838
25.979189
25.612044
25.531235
24.425272
24.524217
26.016865
25.976087
25.600274
25.531238
23.568279
23.48963
23.762948
24.244238
24.33779
23.693458
23.555682
23.49305
18.735669
18.266627
18.731794
18.269953
18.92259
18.923729
18.736581
18.272212
18.270801
18.737831
17.585244
17.178202
17.582545
17.180647
17.709132
18.12883
18.127393
17.710621
17.586003
17.182906
17.181369
17.587506
16.696517
16.694342
16.530098
16.119551
16.527963
16.121528
17.074153
17.072608
16.697202
16.698783
16.53078
16.123791
16.122184
16.532379
15.600889
15.998215
15.599137
16.000134
15.601503
16.002383
16.00078
15.603092
25.532988
25.562376
26.001535
26.02882
25.537071
25.580535
18.944703
18.948615
16.565295
16.162596
16.567546
16.160497
16.730006
16.728861
16.564685
16.1586
16.159892
16.563495
15.645708
16.03861
16.039926
15.644343
24.423621
24.36375
25.943205
26.015862
25.474666
25.570994
24.495732
24.446954
26.008544
25.993391
25.569624
25.567119
23.468491
23.475895
23.701403
24.313829
24.261164
23.75207
23.499842
23.547893
18.739576
18.272531
18.738071
18.273973
18.926274
18.928101
18.740333
18.275801
18.274602
18.741941
17.589209
17.183306
17.58788
17.184595
17.712848
18.132272
18.131175
17.713712
17.589702
17.185661
17.185031
17.590502
16.700458
16.699209
16.534058
16.124238
16.532813
16.125455
17.076838
17.076256
16.700837
16.701295
16.534427
16.126106
16.125788
16.534849
15.604688
16.00283
15.60354
16.004032
15.604975
16.004639
16.004353
15.605177
25.609006
25.54107
25.994372
26.02137
25.535448
25.566132
18.942147
16.562157
16.158267
16.563199
16.157233
16.727158
16.726576
16.561781
16.156525
16.156902
16.56125
15.642695
16.036595
16.036925
15.642504
24.492293
24.524588
26.025524
25.990631
25.612156
25.561728
24.290091
24.492697
26.026596
25.928539
25.603497
25.436309
23.547704
23.5493
23.728263
24.117913
24.303067
23.604888
23.521756
23.416649
18.738859
18.275638
18.741816
18.273036
18.923228
18.919138
18.737328
18.26836
18.271722
18.73348
17.588117
17.185457
17.590309
17.183432
17.710158
18.125126
18.128348
17.707272
17.587047
17.179877
17.182458
17.584251
16.699221
16.701078
16.532782
16.125877
16.534626
16.124131
17.07119
17.073708
16.698348
16.695997
16.53192
16.121116
16.123327
16.529584
15.603314
16.004409
15.604941
16.002699
15.602582
15.999751
16.001915
15.600537
25.51795
25.571405
25.983393
26.064039
25.511491
25.648162
18.942911
18.94007
18.944542
18.948887
16.563531
16.156765
16.561463
16.15877
16.729911
16.733013
16.564562
16.162697
16.159748
16.567631
15.645583
16.042681
16.039779
15.648362
24.300534
24.561885
26.0674
25.929315
25.668735
25.440007
24.405459
24.55851
26.0609
25.979495
25.659066
25.524094
23.548925
23.424309
23.765788
24.225035
24.362737
23.680953
23.553255
23.483764
18.733316
18.267802
18.732888
18.268007
18.919722
18.921907
18.733914
18.270299
18.268489
18.736001
17.583702
17.179382
17.58374
17.179221
17.707129
18.126904
18.12518
17.708631
17.584047
17.180736
17.179497
17.585483
16.695218
16.695514
16.528735
16.120634
16.529094
16.120187
17.071941
17.070759
16.695422
16.696447
16.528911
16.12109
16.120312
16.529845
15.599477
15.999271
15.600061
15.998795
15.599528
15.999627
15.998903
15.600071
25.469865
25.647892
25.963157
26.026564
25.480617
25.587648
18.950385
16.570022
16.163502
16.568436
16.165155
16.735729
16.736404
16.570356
16.16609
16.165503
16.570979
15.651181
16.04607
16.045496
15.651722
24.412098
24.401825
25.980061
25.988895
25.524215
25.538937
24.595087
24.394997
25.935403
26.069582
25.475768
25.681107
23.480481
23.479026
23.690726
24.397672
24.222207
23.790368
23.494844
23.575178
18.739122
18.270954
18.73674
18.272903
18.925993
18.926304
18.739789
18.273145
18.273375
18.739904
17.587425
17.181197
17.586008
17.182383
17.710991
18.129478
18.129774
17.71059
17.587703
17.18217
17.182589
17.58729
16.697799
16.696836
16.531055
16.121399
16.530201
16.122132
17.073294
17.073698
16.69795
16.69759
16.531172
16.121854
16.122227
16.530739
15.600821
15.999919
15.600301
16.000608
15.600872
16.000339
16.000695
15.600523
8.1342812
11.430103
25.588452
25.5742
26.061708
25.973936
25.628019
25.501659
18.952331
18.952364
18.951734
18.948914
16.570295
16.166103
16.571014
16.165406
16.735326
16.733707
16.569793
16.163587
16.164956
16.568166
15.650644
16.043669
16.044959
15.649544
24.553988
24.501452
25.997704
26.041851
25.574437
25.6371
24.001778
24.5785
26.068662
25.465502
25.673775
24.967873
23.553328
23.563238
23.779167
23.892845
24.383479
23.499022
23.561115
23.333258
18.735394
18.27242
18.739095
18.269668
18.920163
18.914127
18.734451
18.264319
18.269069
18.727684
17.585087
17.181726
17.586744
17.180517
17.707875
18.121357
18.125826
17.704356
17.584829
17.177473
17.180365
17.581665
16.696437
16.697253
16.529553
16.121573
16.530391
16.120959
17.069533
17.071648
16.696423
16.693685
16.529509
16.118555
16.120948
16.527051
15.599841
16.000075
15.600297
15.999515
15.599831
15.997395
15.999507
15.600664
25.621445
25.553682
25.954545
26.014305
25.484933
25.562212
18.947071
18.947979
16.568533
16.163363
16.567852
16.164155
16.734898
16.733793
16.569252
16.163827
16.164826
16.568371
15.650759
16.04414
16.044921
15.652718
21.030157
13.001397
21.057046
12.998886
21.05361
12.999546
13.005343
13.007806
21.057055
13.006876
13.010419
13.02054
21.054766
13.027795
21.058247
13.029784
20.939636
20.958815
13.706975
13.710764
12.903552
26.418549
27.360712
12.90803
28.251261
27.901715
21.05148
13.803502
13.800407
13.000051
20.954426
20.945906
13.714049
13.717366
12.910874
28.811028
28.219853
12.912914
28.005164
28.470747
13.797988
13.795538
12.998509
20.945366
20.945714
13.716898
13.713083
12.911705
28.442642
2.5680181
30.281017
12.905875
28.0884
28.713274
13.795418
13.797115
13.002967
20.955688
13.71021
13.707159
12.901682
27.454024
28.413215
12.895991
28.23438
28.507197
13.798628
13.799787
13.007762
13.706936
13.707578
12.893712
27.62933
28.254858
12.890252
28.562614
27.595104
13.799098
13.797335
13.007048
13.707731
13.706844
12.887552
28.264902
27.932001
12.881098
28.167869
27.834852
13.796647
13.796679
13.008081
20.945947
13.705138
13.700852
12.875682
28.72058
28.144477
12.864745
28.427023
27.948291
13.79802
13.802297
13.016658
20.951494
13.698656
13.69681
12.858363
27.756968
27.029101
12.849904
27.114761
27.218982
13.804825
13.807338
13.025807
20.947324
20.944523
13.696341
13.695278
12.845864
26.610165
27.30387
12.838273
8.2905276
30.306441
13.177757
21.056837
13.807742
13.807192
13.02927
20.94677
20.939292
13.694253
13.69283
12.836554
27.36172
26.261838
12.831741
25.488436
25.65992
13.807103
13.807777
13.029715
24.012827
23.715896
23.943229
24.133156
23.827758
24.003403
24.223425
24.293154
24.14828
23.606613
23.67763
23.81561
22.100505
22.285924
22.315513
22.077361
20.425591
20.614454
20.619567
20.421308
19.071929
18.912335
19.207562
19.209294
19.070538
18.911613
17.832137
17.701588
17.831425
18.117894
17.965542
17.968482
17.9704
18.119025
17.96963
17.700598
17.827657
17.830365
17.065242
16.946501
16.94726
16.948282
17.06596
16.947734
26.621717
25.985311
21.050855
26.050391
16.881573
16.74003
16.882779
16.740443
16.882319
15.796201
15.655266
16.050004
15.913595
15.913632
16.049708
15.655879
15.7967
14.53877
14.387316
14.38795
14.538079
12.840324
13.001585
12.840654
23.757097
23.988281
23.983787
24.099029
24.304223
24.157622
23.729137
23.904528
23.953291
24.191171
24.337729
24.190016
22.147657
22.352878
22.139147
22.363228
20.457258
20.650275
20.454372
20.653378
19.091336
18.930134
19.227604
19.089168
18.92803
19.229826
17.714281
17.846054
17.844585
17.979319
18.131365
17.981484
17.712475
17.84064
17.842741
17.984861
18.133289
17.98337
16.954909
17.075185
16.956663
16.959611
17.076816
16.958266
26.629071
25.995473
25.993752
16.731833
16.873766
16.732608
15.647185
15.78826
15.90807
16.042283
15.647981
15.790654
15.905697
16.04149
14.531562
14.380271
14.380937
14.530895
12.838383
12.998628
12.838147
23.653608
23.838322
23.861639
24.161309
24.254844
24.113649
23.696682
23.957984
23.915223
24.017887
24.176287
24.048056
22.117934
22.337911
22.125716
22.328051
20.449693
20.646542
20.451687
20.644325
19.089966
18.929116
19.229322
19.091185
18.930281
19.228048
17.715187
17.844353
17.845333
17.985675
18.134637
17.984883
17.71605
17.84698
17.846225
17.982956
18.133678
17.98396
16.961199
17.079089
16.960656
16.959113
17.078353
16.959946
26.629511
26.049588
21.047061
26.62765
25.994852
16.729678
16.872458
16.72956
16.872131
15.645106
15.787047
15.904103
16.039246
15.644965
15.786647
15.904511
16.039384
14.529484
14.379077
14.378847
14.529715
12.840115
13.000089
12.840914
23.693269
23.851765
23.910341
24.219687
24.325656
24.177775
23.746613
24.01072
23.972118
24.03978
24.244907
24.106639
22.116277
22.350629
22.133228
22.330365
20.435837
20.63538
20.43989
20.630632
19.078256
18.91782
19.217838
19.07999
18.91944
19.21598
17.706049
17.835002
17.835983
17.976948
18.125123
17.975616
17.707202
17.838467
17.837175
17.973363
18.123841
17.974382
16.953885
17.071077
16.952802
16.951035
17.070076
16.951828
26.629867
26.016879
26.62894
21.052154
26.629254
25.983962
16.733405
16.876545
16.876011
16.732771
16.87467
15.648618
15.790751
15.906775
16.042477
15.648125
15.789285
15.908296
16.043023
14.532669
14.382313
14.382002
14.532982
12.847803
13.006048
12.848694
23.77259
24.006166
24.001057
24.102698
24.318234
24.170831
23.740548
23.906701
23.965668
24.212976
24.358533
24.209116
22.143843
22.347677
22.130975
22.362472
20.443783
20.635464
20.43998
20.639878
19.08112
18.920403
19.217472
19.079557
18.918959
19.219164
17.707454
17.838419
17.837484
17.97392
18.124464
17.974938
17.706486
17.835506
17.836476
17.976956
18.125564
17.975989
16.951269
17.070288
16.952003
16.953569
17.071105
16.952796
26.630022
25.990994
26.630161
25.984063
16.73134
16.87317
16.873904
16.732131
15.646931
15.787975
15.907439
16.0419
15.647583
15.789919
15.905445
16.041198
14.531388
14.380331
14.380841
14.530852
12.85149
13.007667
12.851506
23.643141
23.87173
23.848493
24.093335
24.189616
24.056216
23.653711
23.894482
23.865375
24.059625
24.154905
24.031209
22.109253
22.318806
22.10839
22.319636
20.442816
20.636489
20.442265
20.637046
19.085392
18.924748
19.222762
19.08487
18.924238
19.223292
17.711832
17.842407
17.841888
17.979566
18.129548
17.979955
17.711381
17.841038
17.841429
17.980958
18.130022
17.980421
16.956243
17.074969
16.956655
16.957509
17.075397
16.95708
26.631383
26.080525
26.031806
16.727933
16.870187
16.72828
15.64329
15.784666
15.90316
16.037931
15.643628
15.785677
15.90214
16.037586
14.528052
14.377439
14.377653
14.527816
12.85191
13.006928
12.852226
23.761938
23.98248
23.985562
24.171471
24.318456
24.177615
23.7568
23.972429
23.977705
24.188223
24.331964
24.188245
22.150675
22.372911
22.155519
22.368251
20.451841
20.650883
20.454278
20.648141
19.087273
18.926318
19.226761
19.088429
18.927398
19.225523
17.712259
17.841365
17.842393
17.982353
18.131575
17.98184
17.713032
17.843693
17.843192
17.979944
18.130717
17.981014
16.958237
17.07618
16.957791
16.956302
17.075504
16.95713
26.630475
26.012807
21.054389
26.629745
26.022595
16.727953
16.871423
16.727243
16.869324
15.643877
15.78633
15.901809
16.037308
15.643231
15.784401
15.903766
16.037979
14.529154
14.379637
14.378895
14.529895
12.857382
13.011576
12.858306
23.716459
23.995097
23.938417
24.001795
24.185256
24.054818
23.655662
23.818053
23.866062
24.208321
24.282372
24.139505
22.118359
22.316983
22.105342
22.333526
20.436551
20.629158
20.434891
20.631314
19.07904
18.918581
19.21645
19.078778
18.918366
19.216766
17.706538
17.836753
17.836507
17.97511
18.124362
17.974885
17.706519
17.836701
17.836471
17.975207
18.124433
17.974938
16.952428
17.070433
16.952154
16.952187
17.070379
16.952085
26.628783
26.006648
26.627092
26.054292
16.734985
16.877946
16.877551
16.734471
16.876413
15.650375
15.792537
15.908361
16.044155
15.649818
15.790856
15.910035
16.044704
14.535301
14.385554
14.385058
14.535785
12.869387
13.021764
12.870765
23.677105
23.891456
23.893525
24.09048
24.225168
24.088983
23.678023
23.894542
23.894248
24.085022
24.228188
24.089523
22.115251
22.324752
22.113297
22.32666
20.444601
20.637655
20.443108
20.639216
19.085158
18.924364
19.222206
19.084224
18.923492
19.223203
17.710243
17.840892
17.840415
17.977865
18.128168
17.97847
17.709726
17.839289
17.839864
17.979568
18.128792
17.979054
16.953951
17.072812
16.954355
16.954998
17.0732
16.954716
26.624919
26.016659
21.054858
26.034642
16.736182
16.878431
16.878793
16.736399
15.65136
15.792793
15.91095
16.045968
15.651589
15.793451
15.910269
16.045737
14.536532
14.386231
14.386428
14.536305
12.877968
13.028246
12.878687
23.732469
23.97989
23.943715
24.210476
24.289732
24.152373
23.740552
24.001269
23.956762
24.178952
24.262791
24.132805
22.15193
22.374045
22.156953
22.369543
20.449253
20.649869
20.452888
20.645877
19.083632
18.922763
19.223691
19.085278
18.92423
19.221873
17.708677
17.838229
17.838789
17.978939
18.127927
17.978137
17.709328
17.840241
17.839505
17.976699
18.127048
17.977341
16.954373
17.072436
16.953962
16.953385
17.072047
16.953612
26.627471
26.109593
26.072176
16.733583
16.876725
16.733339
15.649722
15.791925
15.908445
16.043492
15.64945
15.791107
15.909247
16.043766
14.53549
14.38587
14.385566
14.535815
12.882549
13.029971
12.883163
24.312769
24.479518
26.56816
25.992348
26.565118
25.946247
25.342117
25.561377
24.304716
24.91757
25.456146
24.720588
24.397232
24.508125
26.570749
26.028286
26.571221
20.944662
25.93789
25.390909
25.610827
24.69694
24.95243
25.480259
25.122502
23.363448
23.505867
23.314204
22.959927
23.058778
23.018295
23.414723
23.171805
23.239521
24.017615
23.74138
23.965399
24.22229
24.061563
24.090281
24.231186
24.317531
24.169868
23.688811
23.875555
23.900094
23.371634
23.535276
23.347261
23.493865
23.3008
23.315354
21.453427
21.244355
21.253566
21.441933
22.13309
22.345016
22.350477
22.131037
21.477654
21.279163
21.275125
21.48099
19.897085
19.708914
19.711421
19.894322
20.438832
20.639043
20.6345
20.443273
19.906461
19.723475
19.719816
19.910342
18.555787
18.726883
18.554772
18.260812
18.390571
18.393957
18.396214
18.262033
18.395271
18.725645
18.549707
18.553316
19.077704
18.917157
19.218677
19.215619
19.080579
18.919835
18.557166
18.731289
18.559109
18.267884
18.404066
18.401548
18.397481
18.265744
18.399284
18.733802
18.564149
18.56151
17.443682
17.578702
17.443064
17.173676
17.30369
17.305929
17.307479
17.174584
17.306859
17.577781
17.439802
17.442149
17.833096
17.704521
17.834502
18.124482
17.977037
17.974835
17.971421
18.12246
17.97291
17.706273
17.83844
17.836331
17.444509
17.581491
17.445728
17.178589
17.312814
17.311001
17.308282
17.177098
17.309455
17.58317
17.449215
17.447335
16.83544
16.691166
16.690513
16.367234
16.524195
16.115145
16.235217
16.238564
16.115898
16.523372
16.363888
17.069876
16.953138
16.951492
16.949029
17.068434
16.950096
16.836093
16.693259
16.694589
16.367904
16.526443
16.119281
16.242925
16.239228
16.118042
16.527781
16.371694
15.739388
15.595232
15.993836
15.855375
15.858396
15.994563
15.594866
15.736953
15.313759
15.314197
15.740065
15.597343
15.997896
15.862579
15.859071
15.996686
15.598489
15.743482
15.315652
15.314797
15.469228
14.458756
14.30507
14.30446
14.459339
14.104812
14.104246
13.925201
13.70776
13.925432
14.460897
14.305778
14.460029
14.306635
14.105506
14.106368
13.709783
13.928084
13.92715
12.750621
12.904562
12.750653
22.222854
28.764597
28.056908
23.127268
22.934445
12.907084
12.752644
12.751848
28.251739
27.905422
22.983067
23.050278
25.198617
25.522776
25.585846
25.184323
26.621665
26.027706
26.092663
25.216786
25.597614
24.790025
25.68885
25.397072
22.151066
22.359912
22.36389
22.147129
21.505026
21.301589
21.304422
21.501765
22.167319
22.389591
22.383956
22.171355
21.513341
21.31189
21.310911
21.51475
20.472154
20.665542
20.667202
20.470841
19.941022
19.754147
19.754681
19.9404
20.473848
20.670077
20.669783
20.474031
19.9408
19.753889
19.753989
19.940767
19.113552
18.953755
19.251086
19.251193
19.113699
18.954498
19.111792
19.249379
19.24965
19.111465
18.950938
16.417025
16.574261
16.169973
16.289326
16.28958
16.169689
16.574501
16.416799
16.88032
16.736483
16.735377
16.876998
16.415795
16.570866
16.165152
16.284913
16.288357
16.166302
16.569766
16.412389
15.378666
15.528699
15.52976
15.377722
15.795072
15.652082
16.045206
15.909049
15.912476
16.046361
15.650935
15.791643
15.375405
15.376581
15.526261
14.191057
14.191713
14.017573
13.803498
14.016987
14.536142
14.386448
14.537156
14.385466
14.190202
14.189256
13.801269
14.01331
14.014291
13.000518
12.839427
12.839814
24.493396
24.526854
26.570522
26.027715
26.567603
26.574642
26.027653
25.615609
25.292768
25.604014
25.200672
24.498449
24.495389
26.566738
25.991625
26.566968
20.947137
25.994496
25.270027
25.563971
24.855327
24.848041
25.569389
25.28332
23.548214
23.368419
23.358181
23.044233
23.523267
23.311546
23.336346
23.062391
23.981059
23.756
23.975798
24.316463
24.176717
24.175646
24.180891
24.314561
24.174644
23.755241
23.974797
23.975964
23.369452
23.553003
23.367457
23.071093
23.074659
23.551244
23.35764
23.364763
21.496186
21.289926
21.491217
21.294214
22.159227
22.371954
22.376187
22.155199
21.503133
21.29742
21.299964
21.500202
19.923124
19.733422
19.920633
19.735828
20.460537
20.655431
20.656989
20.459232
19.926026
19.738119
19.738716
19.92529
18.743758
18.572813
18.571251
18.406608
18.275029
18.408965
18.741694
18.566783
18.569205
18.412519
18.276993
18.410972
19.094287
18.933078
19.232466
19.232762
19.094061
18.932915
18.573832
18.746739
18.574298
18.280089
18.413617
18.414033
18.413543
18.280056
18.414035
18.746638
18.573783
18.574253
17.590942
17.45629
17.454877
17.314746
17.184063
17.316634
17.589174
17.451208
17.453146
17.319724
17.185728
17.31833
17.847082
17.717341
17.847648
18.136424
17.986259
17.986544
17.985892
18.136357
17.986444
17.717497
17.847526
17.847776
17.457314
17.593994
17.457922
17.189006
17.321466
17.321591
17.320746
17.188758
17.321365
17.594175
17.457973
17.458126
16.701057
16.84624
16.699516
16.534275
16.377795
16.244527
16.12389
16.532724
16.373336
16.248892
16.125357
17.08009
16.961523
16.961568
16.960628
17.079826
16.961281
16.847233
16.704024
16.704337
16.848128
16.378813
16.537319
16.128697
16.251009
16.249896
16.128319
16.537669
16.379912
15.604087
15.748991
15.864084
16.002393
15.602722
15.744944
15.868238
16.00383
15.322035
15.323167
15.749957
15.606958
16.007143
15.870425
15.869221
16.006758
15.607379
15.751168
15.324761
15.324088
15.47832
14.466826
14.313363
14.312358
14.467875
14.113052
14.112058
13.931333
13.715053
13.932354
14.469385
14.31419
14.468739
14.314804
14.113873
14.114487
13.717099
13.934818
13.934505
12.75524
12.911646
12.756
23.137534
27.845265
27.849967
22.922659
22.939603
12.912912
12.756718
12.756941
28.164483
28.437138
22.93319
22.998821
25.528916
25.22265
25.536264
25.306314
24.780324
26.628711
26.023555
26.020841
25.241052
25.571251
25.565409
25.218202
22.145718
22.370454
22.155556
22.358897
21.499243
21.30376
21.505271
21.298626
22.1311
22.344516
22.343696
22.131868
21.487989
21.2886
21.288573
21.488207
20.466568
20.664773
20.469395
20.66152
19.93563
19.751014
19.937571
19.749276
20.460255
20.654092
20.654456
20.459821
19.93097
19.744501
19.745019
19.930453
19.10817
18.947776
19.247148
19.109359
18.94888
19.245852
19.105063
19.242022
19.242507
19.104596
18.944425
16.56626
16.409114
16.283951
16.162256
16.567021
16.411445
16.281586
16.161466
16.873174
16.730099
16.729777
16.872197
16.40854
16.564582
16.159434
16.280049
16.281004
16.15975
16.564278
16.407605
15.370455
15.520422
15.369743
15.787682
15.645484
16.039452
15.904168
15.905122
16.03977
15.645171
15.786717
15.368685
15.369151
15.519348
14.184231
14.184876
14.010593
13.7973
14.00983
14.5299
14.379715
14.530339
14.379273
14.183699
14.183284
13.795812
14.007868
14.008179
12.998382
12.838506
12.838236
24.440413
24.349336
26.571936
25.940299
26.568726
20.957064
26.573201
26.008254
25.466883
25.066608
25.568076
25.28987
24.535942
24.463435
26.572364
26.011432
26.571144
26.028897
25.138854
25.57692
24.915423
24.703253
25.619554
25.337208
23.461313
23.27546
23.285187
23.023218
23.495562
23.340196
23.312366
23.002464
23.870009
23.7141
23.934429
24.346126
24.225243
24.197414
24.057217
24.277539
24.134776
23.762887
24.01667
23.990301
23.291948
23.511432
23.326905
23.03631
23.553162
23.381124
23.36209
21.478151
21.282374
21.482238
21.278967
22.131851
22.359798
22.345981
22.142277
21.483034
21.28406
21.281758
21.4867
19.918826
19.733803
19.9204
19.73232
20.447626
20.642933
20.643042
20.447095
19.915488
19.727534
19.728802
19.914309
18.743107
18.569832
18.570952
18.412893
18.278166
18.411969
18.744225
18.573002
18.572028
18.409843
18.277169
18.410934
19.08632
18.925531
19.223023
19.224377
19.084971
18.924205
18.56868
18.739574
18.567476
18.272579
18.40488
18.406254
18.408712
18.273828
18.407526
18.738264
18.564777
18.566183
17.591991
17.455151
17.456064
17.321055
17.187931
17.320428
17.592828
17.457531
17.456874
17.318751
17.187172
17.319644
17.84331
17.712118
17.842204
18.129187
17.978285
17.979566
17.981893
18.130412
17.980768
17.710958
17.839769
17.841023
17.454162
17.588979
17.453106
17.183216
17.314462
17.315627
17.317779
17.184312
17.316736
17.587837
17.450796
17.451981
16.702858
16.845768
16.703537
16.53633
16.377826
16.250797
16.128175
16.536981
16.379685
16.248984
16.12758
17.074459
16.955009
16.956121
16.958189
17.075541
16.957188
16.844852
16.700157
16.699108
16.841706
16.376951
16.533689
16.124069
16.245116
16.248119
16.125064
16.532657
16.373915
15.606583
15.749468
15.870278
16.006676
15.607093
15.751035
15.868658
16.006102
15.324424
15.323788
15.748674
15.604292
16.002661
15.864997
15.867847
16.003639
15.603371
15.745879
15.322204
15.323039
15.475648
14.469273
14.314054
14.314621
14.468711
14.113746
14.114315
13.934493
13.716371
13.934018
14.467264
14.313371
14.468032
14.312599
14.113061
14.112289
13.714027
13.930973
13.93185
12.754181
12.910905
12.75276
23.035173
3.7657704
30.235494
13.552641
23.332093
12.907255
12.748455
12.749848
28.374876
27.968249
22.901965
23.021901
25.616823
25.361
25.537791
25.198365
24.917873
26.627205
25.996772
21.052172
25.993114
25.306727
25.540335
25.522593
25.186682
22.150447
22.361045
22.14607
22.36687
21.497922
21.294783
21.496051
21.296208
22.140429
22.345071
22.354744
22.132977
21.492785
21.290074
21.292241
21.489739
20.462404
20.656841
20.461863
20.657515
19.931544
19.745056
19.931237
19.745319
20.46127
20.655272
20.655907
20.460901
19.931247
19.745297
19.745172
19.931303
19.104858
18.944619
19.242191
19.104697
19.24237
19.105017
18.944831
19.242715
19.242484
19.105264
16.564237
16.407943
16.279986
16.159236
16.564105
16.40755
16.280374
16.159372
16.872709
16.730477
16.730924
16.87403
16.408233
16.565093
16.160734
16.282055
16.280666
16.160269
16.565554
16.409629
15.368199
15.368411
15.787354
15.646041
16.040755
15.906199
15.904818
16.040291
15.646503
15.788723
15.369087
15.36871
15.519761
14.183194
14.182951
14.007647
13.795595
14.007791
14.530408
14.379388
14.530027
14.379765
14.183521
14.183917
13.796642
14.009203
14.008754
13.002174
12.844765
12.84374
24.515374
24.426471
26.574614
25.979744
26.573569
20.955798
26.028751
25.532801
25.129873
24.914411
25.610946
25.339908
24.308094
24.303394
26.574904
25.951465
26.574236
25.939117
25.111207
25.467797
24.68938
24.661795
25.456023
25.128435
23.492922
23.270722
23.309844
23.053638
23.538895
23.376425
23.349581
22.98674
23.817497
23.599713
23.807478
24.132367
24.037778
24.003176
24.003964
24.125446
23.994757
23.609361
23.849957
23.816792
23.243684
23.408578
23.234145
22.954272
23.418052
23.269143
23.2431
21.468287
21.275572
21.47799
21.267519
22.080456
22.293093
22.287934
22.08476
21.447831
21.25268
21.250718
21.450223
19.905382
19.721606
19.908089
19.719182
20.428027
20.622372
20.621261
20.42896
19.900528
19.715427
19.714926
19.901107
18.732149
18.559047
18.560269
18.403419
18.268391
18.401936
18.733675
18.56327
18.561728
18.399379
18.267055
18.400542
19.075371
18.915148
19.213197
19.212861
19.075668
18.915413
18.558216
18.729648
18.557889
18.265063
18.399128
18.398468
18.398589
18.264887
18.398274
18.729884
18.558811
18.558103
17.583047
17.446415
17.447304
17.313272
17.179769
17.312112
17.584167
17.449581
17.448391
17.310193
17.178741
17.311056
17.834336
17.704188
17.834059
18.121924
17.973075
17.972533
17.972672
18.121764
17.972387
17.704312
17.834705
17.834194
17.445812
17.581244
17.445555
17.177171
17.309865
17.30945
17.309608
17.177085
17.309355
17.581359
17.446096
17.44566
16.69494
16.837808
16.695879
16.528559
16.370212
16.244073
16.121048
16.529481
16.372856
16.241479
16.120183
17.068541
16.950684
16.950328
16.950497
17.068464
16.950258
16.837281
16.693423
16.693477
16.837447
16.369713
16.527072
16.118809
16.241084
16.240989
16.118778
16.527123
16.369831
15.599802
15.742555
15.864015
15.9997
15.60059
15.744918
15.861597
15.998857
15.317863
15.470609
15.471233
15.317247
15.742106
15.598509
15.997505
15.861177
15.861139
15.997481
15.598518
15.742128
15.316596
15.316818
15.469958
14.463246
14.307968
14.30856
14.462665
14.107588
14.108202
13.928317
13.709351
13.927538
14.461989
14.307527
14.46224
14.30725
14.107121
14.106817
13.707491
13.925753
13.925969
12.743725
12.900359
12.742107
22.795456
27.543889
28.443025
12.896929
12.736301
12.737602
28.187452
28.49232
22.954148
23.001189
25.56251
25.30655
25.511459
25.174089
24.870577
26.623903
26.0464
26.054602
25.328931
25.626108
25.632036
25.307185
22.149541
22.349468
22.137777
22.363432
21.501949
21.295321
21.495048
21.30111
22.175311
22.390203
22.394178
22.17203
21.51662
21.311736
21.313233
21.514811
20.468387
20.65993
20.465305
20.663487
19.937119
19.748755
19.934976
19.750691
20.474362
20.669612
20.670522
20.473567
19.941053
19.753666
19.754193
19.94048
19.109448
19.245647
19.10805
19.247151
19.111858
19.249343
19.249773
19.11145
16.568024
16.411988
16.282666
16.162493
16.567402
16.410253
16.284343
16.163057
16.876875
16.734287
16.734062
16.876208
16.412282
16.568883
16.16361
16.284023
16.284622
16.163811
16.568666
16.411671
15.371509
15.371855
15.790984
15.649255
16.04355
15.907993
15.908541
16.043745
15.64908
15.790453
15.372076
15.372054
15.522854
14.186512
14.186198
14.010641
13.799069
14.011052
14.5332
14.382499
14.533168
14.382538
14.186711
14.186769
13.799799
14.011617
14.011675
13.007522
12.851094
12.85073
24.507764
24.548494
26.569729
26.030379
20.945723
26.027341
25.624245
25.320626
24.774051
25.607549
25.211121
24.898086
24.431506
24.478135
26.569972
25.995143
26.568742
26.567245
25.955319
25.300708
25.562355
24.776401
24.874446
25.50948
25.21272
23.561741
23.376442
23.36955
23.048727
23.533142
23.306588
23.344136
23.077837
23.987682
23.735927
23.955708
24.25482
24.10654
24.120158
24.192036
24.295632
24.154853
23.710567
23.910536
23.926283
23.366648
23.533069
23.347723
23.055438
23.51075
23.310087
23.327722
21.485579
21.275249
21.477347
21.282294
22.142196
22.346714
22.358601
22.132139
21.487718
21.280758
21.285036
21.482273
19.910568
19.721463
19.908024
19.723726
20.447317
20.641541
20.643373
20.446009
19.91395
19.726898
19.727016
19.913636
18.734489
18.563566
18.562434
18.400137
18.267757
18.401333
18.733143
18.559888
18.561157
18.403631
18.26891
18.402545
19.084019
18.923197
19.222387
19.222158
19.08431
18.923536
18.564459
18.737202
18.565088
18.271877
18.405878
18.405564
18.404501
18.271431
18.405133
18.737583
18.565784
18.565499
17.584366
17.449395
17.448542
17.31053
17.178993
17.31135
17.583434
17.446791
17.447643
17.31305
17.179836
17.312219
17.839209
17.709751
17.83983
18.128477
17.979221
17.978854
17.977765
18.128021
17.978389
17.710231
17.840682
17.840303
17.450141
17.586619
17.450754
17.182478
17.315309
17.314889
17.313783
17.181977
17.314393
17.587105
17.451657
17.451246
16.695776
16.840242
16.839486
16.695028
16.529367
16.372428
16.241574
16.120161
16.528633
16.370342
16.243605
16.12084
17.073719
16.955831
16.955388
16.954272
17.073215
16.954878
16.840934
16.697805
16.698325
16.842498
16.373103
16.531386
16.123314
16.245882
16.244271
16.122781
16.531913
16.374713
15.600265
15.744347
15.861611
15.998803
15.599665
15.742543
15.863476
15.999462
15.318172
15.472232
15.471625
15.318757
15.744969
15.602081
16.001902
15.86571
15.864111
16.001372
15.602609
15.746558
15.319896
15.319341
15.473397
14.463052
14.308538
14.308112
14.463523
14.107822
14.10745
13.925919
13.707034
13.926155
14.464466
14.308974
14.464002
14.309395
14.108209
14.108586
13.707461
13.927258
13.927
12.732823
12.893059
12.731688
27.919301
28.830989
22.912987
23.0766
12.891021
12.726844
12.728167
28.237792
28.549826
23.040977
22.976297
23.03891
25.514757
25.195422
25.511759
25.240129
24.7488
26.628193
26.013413
26.628407
26.04521
25.207078
25.558957
24.823724
25.599418
25.260593
22.131052
22.351343
22.13922
22.342137
21.489884
21.295424
21.495402
21.290612
22.134592
22.355563
22.347792
22.14126
21.489618
21.292733
21.289681
21.493409
20.462034
20.659586
20.464883
20.656364
19.932355
19.748189
19.934432
19.746286
20.460004
20.655949
20.654454
20.461165
19.930235
19.744571
19.744182
19.930756
19.10597
18.945761
19.245038
19.107419
19.243502
19.103977
19.241614
19.241479
19.104059
16.566013
16.408833
16.283411
16.161904
16.566789
16.411038
16.281257
16.161182
16.872564
16.729529
16.729161
16.871475
16.408223
16.564197
16.158962
16.279387
16.280649
16.159384
16.563813
16.406996
15.369882
15.369266
15.787386
15.645193
16.038984
15.903512
15.904851
16.039416
15.644743
15.786036
15.368179
15.368693
15.518879
14.184715
14.185203
14.010748
13.798736
14.01032
14.529855
14.379837
14.530336
14.379373
14.184244
14.183804
13.797646
14.008687
14.00905
13.00718
12.851435
12.851416
24.36825
24.322902
26.568635
25.902925
25.963859
25.421572
25.145597
24.787121
25.499682
25.239576
24.709526
24.503179
24.495825
26.569759
26.018928
26.566872
26.003196
25.247904
25.597489
24.841484
24.804697
25.582303
25.265199
23.452499
23.29079
23.277203
23.458536
23.293751
23.280224
23.00612
23.920389
23.734867
23.958755
24.318469
24.172907
24.175141
24.119379
24.30788
24.162336
23.749892
23.973016
23.973011
23.316151
23.528559
23.340691
23.046722
23.543736
23.361336
23.355571
21.469486
21.269929
21.468802
21.270559
22.135629
22.361605
22.350701
22.145347
21.485589
21.289652
21.284189
21.491993
19.913031
19.726286
19.912485
19.726829
20.44986
20.648574
20.64532
20.452579
19.917541
19.732131
19.730778
19.919143
18.738916
18.567547
18.566915
18.406178
18.272911
18.40655
18.738413
18.566058
18.566418
18.407644
18.273393
18.407039
19.087964
18.927095
19.226966
19.226109
19.088717
18.927757
18.568257
18.741074
18.568941
18.275625
18.409628
18.409422
18.408311
18.27519
18.408944
18.741657
18.56971
18.569468
17.588722
17.453352
17.452878
17.315699
17.183714
17.316103
17.588277
17.452039
17.452439
17.316998
17.184145
17.316537
17.842945
17.713306
17.843429
18.132122
17.982532
17.982404
17.981524
18.131723
17.982038
17.71362
17.843877
17.843768
17.453824
17.590134
17.454233
17.185627
17.318136
17.318089
17.317452
17.185397
17.317838
17.590426
17.454565
17.454503
16.700046
16.844169
16.843749
16.699627
16.842915
16.533653
16.376389
16.246325
16.124664
16.533236
16.375153
16.247552
16.125073
17.076816
16.958449
16.95844
16.957915
17.076604
16.958245
16.84456
16.701137
16.701305
16.845055
16.376746
16.534714
16.126152
16.248251
16.247897
16.126034
16.534869
16.377133
15.604344
15.748172
15.866158
16.003255
15.603958
15.747005
15.867346
16.003659
15.322099
15.475964
15.475629
15.322423
15.74847
15.605174
16.004692
15.867911
15.867656
16.004587
15.60525
15.748698
15.322861
15.322687
15.476425
14.466298
14.311236
14.311037
14.466537
14.110143
14.109997
13.927833
13.707695
13.927939
14.466788
14.311367
14.466707
14.311409
14.110224
14.110218
13.707193
13.92767
13.927872
12.722197
12.886484
12.720428
22.916118
28.538524
28.553677
23.02921
23.028966
12.882627
12.711964
12.71435
28.234716
27.872306
22.966789
22.977484
22.914321
25.654058
25.292958
25.59339
25.229804
24.854735
26.628837
25.993153
26.628188
26.011799
25.215742
25.525706
24.79548
25.549283
25.238957
22.153627
22.371322
22.154833
22.36999
21.500793
21.299459
21.501548
21.298812
22.13743
22.345432
22.350962
22.132276
21.490532
21.286593
21.289938
21.486742
20.463576
20.659532
20.46402
20.659061
19.931721
19.745624
19.932132
19.745218
20.458388
20.650953
20.65318
20.456446
19.92799
19.740644
19.741824
19.926667
19.103956
18.943625
19.242029
19.104338
19.24164
19.101451
19.238083
19.238961
19.100644
18.940531
16.562537
16.405641
16.279066
16.157936
16.562887
16.406686
16.278025
16.157588
16.869781
16.726823
16.726607
16.40528
16.561463
16.156496
16.277253
16.277679
16.156639
16.561266
16.404801
15.366262
15.516658
15.516968
15.365962
15.78438
15.642502
16.036554
15.901557
15.901839
16.03668
15.642425
15.784143
15.365554
15.365716
15.51622
14.181985
14.182179
14.007826
13.796507
14.007622
14.527559
14.377291
14.527644
14.377228
14.181863
14.181831
13.796494
14.007535
14.007412
13.00762
12.854403
12.853676
24.499928
24.516416
26.567778
26.004647
25.993017
25.586307
25.311139
24.836408
25.567002
25.258957
24.879587
24.326921
24.41036
26.575329
25.979724
20.946938
26.574496
25.932979
25.292135
25.529289
25.454273
25.087141
23.555289
23.357511
23.366576
23.07273
23.552726
23.363704
23.366265
23.95238
23.679835
23.895972
24.153384
23.992186
24.025186
24.15647
24.228634
24.091193
23.631079
23.809103
23.838938
23.33359
23.480274
23.297937
22.966182
23.009343
23.43899
23.244427
23.263119
21.493967
21.294655
21.49819
21.29081
22.111794
22.308438
22.324068
22.098987
21.468611
21.262958
21.269018
21.461385
19.917891
19.732384
19.919643
19.730796
20.439835
20.630503
20.634286
20.436537
19.909725
19.721399
19.723495
19.907407
18.740215
18.566734
18.568023
18.409474
18.275099
18.40892
18.741234
18.569569
18.569
18.406759
18.274204
18.407986
19.082181
18.921602
19.218391
19.22002
19.080663
18.920188
18.56528
18.735808
18.563834
18.269253
18.401863
18.40279
18.405378
18.270412
18.404003
18.734479
18.561601
18.562564
17.589076
17.452236
17.453165
17.317936
17.185
17.317472
17.589828
17.454368
17.453896
17.315861
17.184307
17.316761
17.840213
17.70905
17.839063
18.125987
17.975645
17.976479
17.978745
18.127098
17.977547
17.708057
17.837227
17.838034
17.451201
17.585977
17.450166
17.180595
17.312215
17.312946
17.314858
17.181481
17.313854
17.585015
17.448486
17.449233
16.700009
16.842949
16.843755
16.700644
16.84484
16.533561
16.375086
16.248023
16.125457
16.534192
16.376907
16.246241
16.124861
17.071894
16.95292
16.953613
16.955383
17.072759
16.954459
16.842056
16.697471
16.696664
16.839655
16.374241
16.531052
16.121758
16.243166
16.245417
16.122514
16.530252
16.37194
15.603984
15.746822
15.867678
16.003994
15.604538
15.748465
15.866
16.003412
15.321682
15.474589
15.321047
15.746076
15.60184
16.000381
15.863111
15.865234
16.001122
15.601142
15.744003
15.319652
15.320354
14.465394
14.309254
14.309881
14.46478
14.107807
14.108471
13.92637
13.704362
13.925718
14.463434
14.308578
14.464113
14.307887
14.107098
14.106377
13.701726
13.922682
13.923437
12.703877
12.873607
12.700994
22.957759
27.895566
27.734516
22.895803
22.876669
12.866979
12.68863
12.691771
27.854083
27.614601
22.890254
22.834039
22.871951
22.804209
25.548479
25.184207
24.80212
25.567104
25.245824
26.630359
26.016894
26.055845
25.182882
25.563477
24.917954
24.748293
25.626074
25.348218
22.127588
22.338566
22.125873
22.33969
21.484749
21.283113
21.482538
21.285254
22.151389
22.377832
22.366296
22.160732
21.501058
21.303945
21.29955
21.506262
20.456648
20.649153
20.455034
20.6509
19.927332
19.740182
19.926034
19.741402
20.465432
20.663626
20.660717
20.468044
19.933986
19.749486
19.747575
19.936024
19.101616
18.941528
19.237962
19.100601
18.940552
19.239017
19.10653
19.245811
19.244176
19.108096
18.947714
16.562631
16.407071
16.277485
16.157233
16.561928
16.405024
16.279513
16.157913
16.872485
16.731006
16.873594
16.732063
16.875613
16.408085
16.565641
16.161776
16.283509
16.28051
16.160774
16.566687
16.411121
15.366998
15.518412
15.517624
15.367776
15.787253
15.646539
16.041771
15.907566
15.904707
16.040786
15.647482
15.790067
15.369586
15.368657
15.520246
14.184342
14.183596
14.008701
13.798729
14.00936
14.531593
14.380462
14.530723
14.381327
14.185172
14.186045
13.801365
14.012764
14.01187
13.015406
12.864604
12.862581
24.359931
24.467938
26.572457
25.996184
25.936786
25.565687
25.368053
24.648713
25.468352
25.094048
24.404618
24.471344
26.571135
25.978734
20.943552
25.936566
25.358787
25.545332
24.757384
25.480009
25.197292
23.511363
23.354794
23.324021
22.99739
23.460978
23.251385
23.282525
23.99684
23.73259
23.952421
24.231343
24.088754
24.100177
24.208541
24.290354
24.150872
23.697159
23.895041
23.909683
23.360021
23.529087
23.342761
23.01719
23.049289
23.500189
23.30367
23.319434
21.469067
21.263457
21.462925
21.268199
22.133311
22.342229
22.350032
22.127651
21.479191
21.276046
21.276932
21.477547
19.906163
19.719364
19.905387
19.719973
20.441378
20.637247
20.636882
20.441939
19.90945
19.723734
19.72291
19.910258
18.73288
18.561354
18.560961
18.401291
18.26759
18.401085
18.732707
18.561017
18.560821
18.401554
18.267681
18.401197
19.081063
18.92044
19.219748
19.218961
19.081825
18.921172
18.561908
18.73459
18.562545
18.269667
18.403964
18.403307
18.402069
18.269058
18.40267
18.73529
18.563896
18.563212
17.583502
17.447901
17.447721
17.311716
17.179122
17.311463
17.583499
17.447982
17.447734
17.311596
17.17908
17.311436
17.837147
17.707589
17.83763
18.126299
17.977269
17.97669
17.975628
18.125718
17.976137
17.708097
17.838717
17.83816
17.448222
17.584483
17.448635
17.180287
17.3132
17.312729
17.311895
17.179865
17.312286
17.58497
17.449592
17.449101
16.695144
16.838908
16.838817
16.695233
16.528687
16.371053
16.242681
16.120325
16.528799
16.371449
16.242265
16.120182
17.07151
16.953534
16.953127
16.952423
17.071108
16.952748
16.83913
16.695718
16.696067
16.371211
16.529177
16.120792
16.243252
16.242409
16.120524
16.529497
16.372096
15.599538
15.742997
15.862633
15.998958
15.599728
15.74353
15.862124
15.998806
15.317421
15.317346
15.743071
15.599663
15.999346
15.862876
15.862213
15.999098
15.599851
15.743688
15.317489
15.317376
14.461043
14.305204
14.305404
14.460872
14.103426
14.103681
13.920849
13.698114
13.92043
14.460784
14.305095
14.460792
14.305056
14.103262
14.10317
13.697032
13.919639
13.919732
12.679797
12.856416
12.67711
22.561134
27.726089
27.86769
22.589217
22.667082
12.85134
12.667125
12.669513
26.651893
27.100782
22.064705
22.234415
22.326791
22.321191
25.543979
25.135729
25.62139
25.346826
26.630072
26.026079
26.059763
25.1467
25.568609
24.841205
24.71116
25.621417
25.275132
22.148313
22.373288
22.157469
22.361466
21.501846
21.304268
21.505922
21.301196
22.140509
22.360003
22.352614
22.146259
21.497373
21.299776
21.297673
21.500056
20.468975
20.665217
20.469876
20.663968
19.937982
19.751779
19.938253
19.751633
20.468014
20.663659
20.662538
20.468966
19.937942
19.752412
19.751786
19.938618
19.11062
18.950266
19.248185
19.110473
18.95008
19.24828
19.111214
19.249322
19.248799
19.111711
18.951382
16.569611
16.413537
16.284316
16.164175
16.569093
16.411927
16.285955
16.16472
16.878275
16.736014
16.736245
16.87897
16.413876
16.57063
16.165976
16.286911
16.286302
16.165777
16.570843
16.414489
15.373412
15.524538
15.524077
15.37388
15.792895
15.651453
16.045963
15.910951
15.91039
16.04577
15.651634
15.793454
15.374542
15.524907
15.374255
14.190315
14.189813
14.015153
13.805514
14.015789
14.536464
14.385955
14.536172
14.38626
14.190725
14.191041
13.807025
14.017426
14.017154
13.024938
12.875454
12.874433
24.405111
24.411529
26.573494
25.989905
26.573354
25.965423
25.540286
25.19627
24.768247
25.515879
25.212267
24.551976
24.456339
26.570818
25.969966
26.569351
20.955601
26.042748
25.159317
25.530426
24.957251
24.734396
25.637618
25.390462
23.477815
23.30065
23.296134
23.007788
23.478271
23.297412
23.295903
23.90228
23.726651
23.944249
24.359877
24.240391
24.208763
24.091853
24.277506
24.140365
23.770405
24.024989
23.999526
23.315236
23.525321
23.341025
23.559574
23.380408
23.367926
21.473527
21.27233
21.471699
21.274091
22.140983
22.36712
22.356098
22.150229
21.490014
21.292836
21.288191
21.49557
19.913844
19.72617
19.912565
19.727375
20.452092
20.650538
20.647976
20.45415
19.918606
19.732265
19.731495
19.919609
18.738334
18.566819
18.566102
18.404645
18.271627
18.40535
18.737522
18.564604
18.565346
18.406719
18.272294
18.406059
19.087581
18.926506
19.226249
19.225945
19.08779
18.926641
18.567408
18.740212
18.567755
18.273555
18.407092
18.407501
18.407245
18.273619
18.407536
18.740276
18.567356
18.567758
17.587016
17.451429
17.45105
17.313682
17.181647
17.314155
17.58653
17.450095
17.450592
17.314941
17.182055
17.314587
17.841233
17.711102
17.841369
18.129885
17.979594
17.979998
17.979946
18.129975
17.980109
17.71097
17.840856
17.841247
17.45168
17.587792
17.451752
17.182489
17.314749
17.315083
17.315168
17.182632
17.315225
17.587655
17.451262
17.451612
16.697542
16.841653
16.697211
16.530836
16.373257
16.243582
16.121695
16.530542
16.372438
16.244372
16.121947
17.073595
16.95476
16.955049
16.955168
17.073734
16.95519
16.841827
16.697969
16.697844
16.373371
16.531161
16.122082
16.244123
16.244482
16.122212
16.531011
16.372983
15.600699
15.744546
15.863147
16.000197
15.600519
15.743945
15.863783
16.000436
15.318444
15.318564
15.744616
15.600838
16.000553
15.863503
15.863858
16.000678
15.600715
15.744291
15.318597
15.318618
15.472268
14.461166
14.305327
14.305313
14.461196
14.103114
14.103152
13.919535
13.696196
13.9195
14.461089
14.305293
14.461173
14.305201
14.103033
14.102901
13.695578
13.919032
13.919209
12.661461
12.844001
12.662409
21.729616
3.3459639
13.142908
30.215289
19.60692
21.787765
12.838296
12.659883
12.668077
11.475918
13.524993
13.512433
19.681443
17.304241
25.573212
25.278058
25.591106
25.261927
24.846529
26.629446
26.03583
25.984965
25.310707
25.588917
24.867891
25.517183
25.177622
22.160634
22.376652
22.160763
22.37644
21.508862
21.306883
21.508664
21.307147
22.149775
22.360481
22.363133
22.147739
21.503387
21.301573
21.302791
21.502084
20.47267
20.667715
20.472395
20.668013
19.941037
19.754413
19.940865
19.75455
20.470486
20.664446
20.665536
20.469419
19.939236
19.751769
19.752788
19.938209
19.113106
18.952636
19.250816
19.113082
18.952635
19.250865
19.111362
19.248122
19.249124
19.110367
18.949929
16.57068
16.413806
16.286935
16.165998
16.570921
16.414516
16.286243
16.165763
16.877938
16.734762
16.734193
16.876277
16.413325
16.569223
16.163978
16.28436
16.285783
16.164459
16.568653
16.411808
15.374558
15.524919
15.525203
15.374279
15.792398
15.65023
16.044033
15.908627
15.909853
16.044487
15.649842
15.791263
15.373593
15.373945
15.524222
14.191034
14.191231
14.017709
13.807714
14.017644
14.535753
14.385992
14.536036
14.385741
14.190801
14.190559
13.807337
14.017064
14.017204
13.029089
12.881081
12.880575
24.468433
24.434155
26.565645
25.93138
26.567124
26.569873
25.969673
25.482346
25.273578
25.532425
25.341212
24.333356
24.5398
26.570566
26.051947
26.568981
20.942161
25.93709
25.375918
25.643132
24.26407
24.940241
25.457133
24.662029
23.536347
23.36447
23.355614
23.069475
23.541218
23.373155
23.358871
23.066653
24.014898
23.736775
23.972984
24.153814
23.817549
24.022918
24.228896
24.343484
24.188138
23.621673
23.673414
23.833158
23.362415
23.519776
23.323283
22.967834
23.024102
23.427178
23.177778
23.249672
21.49364
21.29495
21.498927
21.289899
22.105706
22.291441
22.319998
22.082906
21.460807
21.251259
21.261421
21.448461
19.914618
19.729837
19.917328
19.727392
20.434082
20.622173
20.628048
20.429164
19.905289
19.716785
19.719469
19.902253
18.736626
18.563149
18.564251
18.40633
18.271485
18.405318
18.737941
18.566557
18.565462
18.403275
18.270507
18.404231
19.079262
18.919456
19.215104
19.216809
19.07794
18.918842
18.56231
18.733843
18.561612
18.267559
18.397536
18.400839
18.402569
18.268577
18.401967
18.732746
18.556786
18.560323
17.585526
17.449269
17.449648
17.314274
17.181241
17.313745
17.586116
17.450753
17.450177
17.312934
17.18081
17.313267
17.837871
17.7076
17.837556
18.124506
17.972131
17.974966
17.976273
18.125421
17.975889
17.706854
17.834131
17.836731
17.44906
17.584605
17.448864
17.179565
17.309785
17.311898
17.312754
17.180202
17.312562
17.583935
17.445983
17.448208
16.696606
16.840351
16.6969
16.529729
16.371964
16.243833
16.121292
16.53003
16.372669
16.243199
16.121072
17.071047
16.952368
16.952991
16.953278
17.071489
16.953181
16.84034
16.696468
16.696111
16.838839
16.371954
16.529457
16.120481
16.240796
16.243197
16.120919
16.528937
16.369545
15.599919
15.743596
15.863252
15.999815
15.60008
15.744061
15.86273
15.999615
15.317828
15.317784
15.743578
15.599785
15.99907
15.86066
15.862718
15.999481
15.59974
15.742107
15.317882
15.317835
15.47186
14.460171
14.304148
14.30428
14.460054
14.101656
14.101814
13.91838
13.693947
13.918199
14.459853
14.304033
14.459975
14.303871
14.101538
14.101407
13.693369
13.918119
13.918074
12.64689
12.835491
12.64569
21.475876
26.516234
26.125512
21.978688
21.812874
12.83276
12.643724
12.6439
27.127845
26.551483
21.448026
21.707126
25.706281
25.310548
25.655786
25.240077
24.872797
26.621216
25.936703
26.05235
25.167307
25.452565
25.582946
25.225376
22.155213
22.370726
22.154365
22.371967
21.502647
21.301058
21.502606
21.300918
22.146757
22.354891
22.360013
22.142144
21.499467
21.296184
21.298621
21.496481
20.466465
20.66229
20.466994
20.661821
19.934795
19.748901
19.935379
19.748341
20.466167
20.659915
20.661175
20.4652
19.935301
19.748666
19.749071
19.934853
19.107173
18.946924
19.245282
19.107584
18.947266
19.244823
19.108398
19.245852
19.245927
19.108558
18.949454
16.568015
16.412317
16.284121
16.163369
16.567787
16.411537
16.284933
16.163638
16.877527
16.735684
16.735904
16.877712
16.413045
16.569916
16.165486
16.284699
16.285642
16.165434
16.569952
16.412156
15.373291
15.524531
15.373752
15.792512
15.651246
16.045561
15.909078
15.909866
16.045504
15.651603
15.792247
15.374873
15.374337
15.525843
14.190624
14.190346
14.017092
13.807249
14.017317
14.536474
14.3862
14.536191
14.386431
14.190947
14.191203
13.808017
14.018797
14.01847
13.030202
12.885778
12.885314
11.965653
13.27283
11.994261
13.270656
11.996013
13.268324
11.996017
21.054189
13.272295
11.993636
21.056045
13.274809
12.002913
13.273568
11.993527
21.051022
13.275649
11.985089
21.051253
13.283672
11.993707
13.288713
11.999891
13.289057
11.917777
11.894959
13.432664
13.439731
13.171587
6.3230928
13.178335
11.98334
13.53251
13.530734
13.27133
11.882393
11.871422
13.440861
13.445184
13.17939
13.183019
11.993914
21.051354
13.53003
13.527316
13.268221
11.8703
11.871506
13.444985
13.43938
13.182696
13.176224
11.993868
21.051805
13.527361
13.530156
13.271634
11.870925
20.945747
11.892333
13.438322
13.433314
13.175016
13.168672
11.984752
21.052002
13.530737
13.532702
13.274875
11.881242
20.952478
11.881218
20.949073
13.433093
13.432628
13.16822
13.165913
11.986584
21.049769
13.532536
13.530642
13.273629
11.864716
20.94297
11.871401
20.945591
13.43249
13.429685
13.165483
13.160445
11.99342
21.050607
13.530473
13.531108
13.275018
11.871873
11.888684
20.952875
13.428896
13.421573
13.159319
13.149661
11.986692
21.052286
13.531628
13.537848
13.282635
11.888396
11.877443
20.947016
13.420613
13.416428
13.148367
13.141798
11.993101
21.054219
13.538763
13.542713
13.288417
11.877786
11.870323
13.416077
13.413187
13.141128
13.136882
11.997376
13.542897
13.542446
13.289029
11.870456
11.920007
13.41269
13.40827
13.136144
13.131515
11.962949
21.027849
13.542391
13.541074
13.288049
21.896906
22.447802
22.545964
21.844699
20.244718
20.812359
20.832899
20.231539
19.348626
19.356764
11.976963
23.711208
24.21338
24.243408
23.697812
17.743689
18.158595
18.160112
17.742814
17.111265
17.111039
12.549505
13.274025
12.548057
21.933542
22.54151
21.914651
22.574152
20.272893
20.856101
20.264926
20.865827
19.371589
19.378313
11.994036
21.05277
23.701733
24.344291
23.775536
24.247305
17.736941
18.156098
17.73921
18.153645
17.105921
17.103686
12.558088
13.269008
12.565552
21.900863
22.551482
21.917348
22.519853
20.26333
20.858341
20.268651
20.85117
19.377074
19.373133
11.977797
23.771217
24.240644
23.704119
24.360165
18.944704
18.944321
17.73552
18.151752
17.735219
18.152068
17.102083
17.102406
12.576977
13.269286
12.582832
21.882504
22.56994
21.920938
22.505248
20.247462
20.849106
20.257345
20.833446
19.365971
19.360206
11.984988
23.763082
24.202453
23.671915
24.330667
18.950245
18.946569
17.740061
18.154072
17.737596
18.156903
17.104596
17.106614
12.590411
13.274019
12.593424
21.926433
22.526941
21.895249
22.573932
20.259979
20.838624
20.250633
20.853119
19.361743
19.367025
11.993712
21.051901
23.678551
24.274419
23.726399
24.215957
17.735941
18.155548
17.738819
18.152355
17.105527
17.103054
12.594347
13.274275
12.592112
21.898365
22.520899
21.896163
22.523181
20.259542
20.845186
20.257915
20.846822
19.368675
19.370282
11.990611
21.052576
23.746762
24.287155
23.741702
24.313984
18.942979
18.9441
17.733453
18.151163
17.734498
18.150094
17.101228
17.1002
12.58697
13.273695
12.582861
21.919407
22.575209
21.933733
22.56081
20.262239
20.86226
20.268461
20.853419
19.37411
19.370258
11.995991
23.684724
24.261593
23.705531
24.218321
17.734185
18.148068
17.731833
18.150578
17.099143
17.101303
12.579581
13.278241
12.59215
21.907352
22.497593
21.880685
22.550914
20.253074
20.835147
20.249671
20.842614
19.362437
19.363443
12.001292
21.058278
23.678229
24.371271
23.789688
24.193445
18.949663
17.741024
18.15652
17.739765
18.157629
17.106435
17.1079
12.599161
13.286283
12.612576
21.903975
22.524334
21.89818
22.530194
20.261495
20.845179
20.257252
20.850053
19.367526
19.370662
11.993427
23.754612
24.30358
23.749804
24.314729
17.741967
18.159225
17.742426
18.158897
17.109055
17.108447
12.632676
13.289104
12.640989
21.919372
22.578751
21.935976
22.565347
20.258304
20.862717
20.26779
20.850014
19.372022
19.366358
11.985434
21.05213
23.753975
24.286187
23.736552
24.326721
17.738552
18.154935
17.738385
18.154773
17.1056
17.106178
12.648604
13.289523
12.649121
11.874896
20.948669
11.865481
22.633888
22.900399
22.75741
22.736717
23.01884
23.068562
22.768427
21.677966
21.027431
21.051604
21.635536
21.907016
22.538146
22.557519
21.911871
21.687173
21.07172
21.058115
21.696035
20.069571
19.519166
19.528056
20.057831
20.248691
20.852418
20.838652
20.261284
20.073097
19.54058
19.530556
20.085078
19.36844
19.359018
13.435997
13.436733
12.476546
13.174782
12.493515
13.631573
13.670609
13.175499
12.497269
12.495264
23.040082
13.668126
13.669401
24.37455
24.712598
24.419321
24.765661
11.999376
21.05859
24.601514
24.962277
24.447206
23.516537
23.503787
22.748288
23.032609
22.767632
23.732173
24.407103
24.271566
23.808404
23.534568
23.594433
22.802132
22.777844
21.93647
22.550506
22.566721
21.920516
21.720201
21.085467
21.096002
21.705475
21.941175
22.593842
22.57544
21.948061
21.723957
21.099166
21.097753
21.728766
20.286999
20.867716
20.876968
20.281226
20.111254
19.564696
19.568283
20.106208
20.28733
20.879124
20.878267
20.287268
20.111356
19.567113
19.567878
20.111111
18.767228
18.301287
18.302945
18.764071
19.393525
19.396677
18.76632
18.299804
18.301922
18.764689
19.395236
19.396161
17.621269
17.218449
17.21895
17.620673
17.742566
18.156774
18.159045
17.739937
17.62013
17.214744
17.217779
17.617395
17.106769
17.109875
13.533614
13.532961
23.38637
13.699968
13.719003
13.273439
12.55573
12.549634
13.712999
13.712052
11.872902
20.947549
24.76473
24.868315
11.872637
22.741151
23.025757
23.072856
22.77973
22.770205
23.062692
23.075754
22.78379
21.715014
21.075315
21.699034
21.086019
21.937187
22.565249
22.578619
21.926493
21.718124
21.081678
21.087806
21.708625
20.096267
19.54384
20.088645
19.550743
20.273969
20.862154
20.867337
20.270961
20.097289
19.550435
19.55172
20.094817
19.378292
19.379292
13.443803
13.444474
12.497535
13.18207
12.496571
13.668359
13.66983
13.182641
12.494633
12.49607
13.67214
13.669772
22.961743
24.52818
24.877916
24.427375
11.993737
21.052012
24.423821
24.776321
24.441181
24.797126
23.503277
23.568815
22.790786
23.084164
23.034453
22.748517
23.705555
24.243971
24.258528
23.69959
23.504694
23.501484
22.746767
22.744574
21.920212
22.584794
21.943272
22.548039
21.705121
21.09672
21.724784
21.084427
21.915567
22.546043
22.543472
21.917088
21.700811
21.080617
21.081298
21.701707
20.278877
20.877015
20.285875
20.866437
20.103705
19.56624
20.109887
19.561794
20.2769
20.86264
20.863659
20.275355
20.101921
19.558861
19.560435
20.100322
18.761063
18.299139
18.764028
18.296585
19.394438
19.390398
18.945632
18.944267
18.760119
18.294613
18.295787
18.758805
19.387612
19.389144
17.614404
17.21392
17.616645
17.211699
17.73628
18.151759
18.152889
17.735249
17.613764
17.210136
17.211102
17.612755
17.102136
17.103097
13.528286
13.527879
22.875787
13.714827
13.72059
13.26864
12.574781
12.567826
23.207652
13.730002
13.723254
23.090821
11.8955
24.852174
24.637464
11.881127
20.951492
22.755086
23.046238
22.995747
22.716034
22.782261
23.08023
23.008867
22.726428
21.687356
21.077115
21.700865
21.068934
21.904923
22.573163
22.528394
21.923882
21.690311
21.072038
21.069552
21.703552
20.087884
19.549078
20.092826
19.544939
20.262545
20.851743
20.851289
20.259655
20.08694
19.539678
19.543767
20.083526
19.367799
19.371937
13.443277
13.442419
12.494796
13.18062
12.492905
13.677769
13.676207
13.179652
12.482107
12.488971
13.657022
13.672227
23.017212
24.416768
24.763283
24.553982
11.989708
24.384991
24.7388
24.51358
24.869669
23.560911
23.507443
22.753745
23.072075
22.777737
23.75494
24.206765
24.326511
23.671906
23.548227
23.477248
22.733013
23.015619
23.064079
22.771335
21.929823
22.552603
21.921474
22.571401
21.711689
21.082456
21.705343
21.085321
21.926784
22.534955
22.566014
21.912649
21.709237
21.080635
21.084151
21.698821
20.277124
20.86406
20.275971
20.866298
20.101737
19.559051
20.100782
19.559646
20.276782
20.863182
20.865415
20.276652
20.101499
19.560306
19.559588
20.101708
18.759201
18.294615
18.75884
18.294939
19.387751
19.388273
18.944745
18.945661
18.759264
18.296118
18.295051
18.76023
19.389043
19.388249
17.61302
17.210087
17.612718
17.210406
17.73569
18.153289
18.152195
17.736868
17.613203
17.211904
17.210627
17.614408
17.103932
17.102638
13.528119
13.528548
13.732606
13.741775
13.26979
12.589189
12.584611
23.17566
13.755684
13.745685
11.892257
24.691245
11.888033
20.951905
22.778772
23.076222
22.703616
22.701901
22.985093
22.962921
22.682946
21.668617
21.069304
21.700638
21.050703
21.871489
22.503508
22.487113
21.881059
21.659485
21.050074
21.045652
21.66737
20.072651
19.537768
20.081324
19.531487
20.245082
20.832979
20.829303
20.247284
20.070629
19.531358
19.53014
20.072513
19.360061
19.358997
13.435473
13.43473
12.480675
13.171657
12.477026
13.654889
13.651127
22.825858
13.170724
12.472624
12.475917
13.646279
13.650225
22.940852
24.378495
24.729319
24.516367
11.986365
21.051947
24.517232
24.871327
24.548952
24.90018
23.557982
23.477749
22.734042
22.785158
23.789613
24.331551
24.363043
23.76379
23.581897
23.558672
22.78602
23.077607
23.095178
22.800751
21.941051
22.536125
21.91425
22.58041
21.722996
21.082331
21.700506
21.095787
21.948992
22.581306
22.593885
21.941814
21.72956
21.096053
21.099475
21.723649
20.285588
20.864822
20.278058
20.876293
20.109722
19.561418
20.103035
19.566374
20.287456
20.876444
20.879359
20.285495
20.111344
19.566137
19.567514
20.109578
18.764566
18.296923
18.761106
18.299899
19.390094
19.394653
18.95105
18.949958
18.765316
18.299593
18.30052
18.76428
19.394397
19.395688
17.617483
17.21258
17.615121
17.214675
17.740546
18.156591
18.157486
17.739734
17.61794
17.214335
17.21506
17.617152
17.106274
17.10698
13.532216
13.532528
13.759303
13.765064
13.274419
12.594619
12.59399
23.173394
13.766105
13.765964
11.871849
11.870187
20.944676
22.728922
23.016995
22.781799
22.733658
23.020948
23.070844
22.7771
21.706112
21.056864
21.679219
21.073789
21.926109
22.53256
22.570722
21.903437
21.7063
21.066031
21.07476
21.687929
20.083564
19.533249
20.075373
19.539062
20.261141
20.847676
20.854194
20.258969
20.084714
19.540458
19.540131
20.083424
19.368694
19.368062
13.43286
13.432834
12.471528
13.167235
12.468161
22.848551
13.644318
13.63679
13.166946
12.460695
12.466553
13.626737
13.634866
24.454006
24.803707
24.39489
11.995324
21.052693
24.471593
24.41287
24.765077
23.482742
23.526484
22.766355
23.018362
22.734424
23.691921
24.289082
24.233742
23.733587
23.493912
23.532016
22.767186
23.025159
22.739327
21.911449
22.564369
21.931679
22.535434
21.697444
21.091055
21.715173
21.079276
21.912424
22.563842
22.539055
21.927704
21.697912
21.085344
21.07891
21.710475
20.275583
20.87221
20.28276
20.861903
20.100686
19.564348
20.107158
19.559352
20.274917
20.866434
20.861407
20.27718
20.100004
19.559278
19.55867
20.101699
18.759293
18.298499
18.763016
18.295183
19.392749
19.38809
18.944055
18.943999
18.758649
18.294111
18.294549
18.758471
19.387798
19.387415
17.613487
17.213558
17.616274
17.211014
17.735323
18.151217
18.151727
17.73462
17.612872
17.20946
17.210403
17.612106
17.101452
17.102445
13.531692
13.531389
23.275948
13.766051
13.764497
13.274073
12.588296
12.591316
13.756602
13.762543
11.881811
20.952557
11.868521
20.945932
22.720525
23.006128
22.722208
22.776122
23.067822
23.026271
22.738329
21.683901
21.062849
21.681886
21.064522
21.906437
22.571305
22.53675
21.930584
21.690714
21.081518
21.068621
21.711649
20.084313
19.540318
20.082682
19.541939
20.261675
20.861107
20.850285
20.267982
20.086149
19.546352
19.543169
20.09143
19.374109
19.371379
13.431768
13.431394
12.458511
13.163842
12.450075
22.981559
13.622473
13.607863
13.163148
12.434089
12.446471
13.581048
13.602523
24.463412
24.805295
24.499605
12.000491
21.056494
24.43982
24.439334
24.784536
23.541677
23.540805
22.774465
22.770467
23.719994
24.256882
24.262608
23.703591
23.52066
23.502833
22.742253
22.76033
21.929133
22.570356
21.931903
22.566372
21.711668
21.087373
21.714025
21.085809
21.924128
22.540624
22.557938
21.910559
21.707397
21.07481
21.083069
21.695243
20.276789
20.86809
20.278045
20.866656
20.101155
19.559611
20.102388
19.558423
20.275152
20.857088
20.864271
20.270404
20.099688
19.554368
19.557319
20.095516
18.757417
18.294082
18.758531
18.293
19.388054
19.38688
18.940087
18.756633
18.290765
18.292322
18.75473
19.383191
19.385861
17.610923
17.209255
17.611963
17.208225
17.732893
18.147995
18.149448
17.73172
17.610389
17.206905
17.207759
17.609301
17.098971
17.099755
13.530259
13.53032
13.755312
13.751688
22.994105
13.273874
12.579456
12.581754
22.912319
13.75575
13.750849
23.023106
11.871335
20.94634
11.869427
24.639266
24.852138
22.779886
23.071053
23.060827
22.766837
22.688129
23.039224
22.747468
21.700962
21.082993
21.714359
21.073059
21.907327
22.493363
22.543252
21.878832
21.690484
21.052017
21.066407
21.66671
20.086185
19.546409
20.091764
19.54223
20.258542
20.83534
20.847713
20.250239
20.082942
19.534412
19.539924
20.075537
19.363092
19.368164
13.425935
13.424827
12.429188
13.155361
12.410774
23.068158
13.573228
5.2907954
13.55054
13.15392
12.381289
12.403898
7.0928144
13.51842
13.542464
24.445451
24.394584
24.743596
12.001201
21.0582
24.563727
24.40374
23.489391
23.503692
22.740444
23.028744
22.741142
23.69789
24.375131
24.229608
23.793627
23.502359
23.583345
22.796336
23.092312
22.752202
21.91522
22.538509
21.908555
22.541682
21.700273
21.073764
21.693467
21.079702
21.922714
22.588637
22.551959
21.943068
21.706885
21.094671
21.084162
21.723816
20.27431
20.856242
20.269983
20.861742
20.099212
19.554227
20.095188
19.557584
20.277107
20.874892
20.865668
20.283883
20.101756
19.564791
19.559605
20.108016
18.757491
18.290824
18.754737
18.293395
19.38309
19.386292
18.759054
18.298693
18.294812
18.763254
19.393127
19.388192
17.611734
17.207067
17.609426
17.209261
17.735441
18.155731
18.15195
17.738975
17.612957
17.213676
17.210396
17.616421
17.105637
17.102412
13.533946
13.534901
13.765649
13.777975
23.894277
13.2793
12.595329
12.595056
13.780561
13.776883
23.925657
11.867311
20.943075
24.927687
11.867716
24.921355
22.693196
22.972219
23.054861
22.758435
22.731744
23.060693
22.764509
21.688822
21.052059
21.667959
21.061762
21.912046
22.531396
22.556893
21.902494
21.692966
21.064127
21.064446
21.686735
20.07755
19.533749
20.074916
19.535014
20.25457
20.845626
20.844919
20.256795
20.078863
19.538433
19.535944
20.081269
19.366721
19.364286
13.418309
13.417734
12.372866
13.145058
12.34559
22.732272
13.51112
13.496155
13.144143
12.307647
12.336277
13.504364
13.492814
24.560138
24.915238
24.362396
24.702502
12.001567
21.058343
24.489706
24.368573
23.487055
23.579529
22.793602
23.089108
22.746525
23.678311
24.307082
24.197931
23.747275
23.485921
23.543276
22.772615
23.063474
22.743361
21.92407
22.586349
21.94214
22.548321
21.709421
21.094856
21.723249
21.089002
21.921669
22.568772
22.545123
21.933113
21.707397
21.092374
21.087976
21.716313
20.283049
20.875234
20.284507
20.870944
20.107779
19.565546
20.108691
19.565658
20.282792
20.873754
20.870169
20.285048
20.107632
19.567351
19.565724
20.109661
18.764862
18.299482
18.764035
18.300534
19.393895
19.394218
18.950575
18.951906
18.765072
18.301884
18.300781
18.76634
19.395871
19.394328
17.618518
17.214474
17.617212
17.215906
17.741304
18.158934
18.157886
17.742216
17.618805
17.216977
17.216213
17.619677
17.108949
17.108214
13.541028
13.541598
13.774767
13.778256
23.094288
13.286966
12.629057
12.616863
13.79104
13.782511
11.877239
20.947085
24.75475
11.895749
22.724333
23.010007
23.014668
22.729883
22.78486
23.080787
23.028652
22.742829
21.689056
21.063165
21.683428
21.068238
21.911984
22.577631
22.542006
21.93394
21.69595
21.083357
21.072528
21.714584
20.085894
19.539227
20.081874
19.542574
20.263769
20.862547
20.853703
20.268298
20.087847
19.545383
19.543839
20.091391
19.372882
19.371766
13.414955
13.414529
12.298032
13.139665
12.236913
13.506374
13.733142
13.139231
12.249711
12.202665
21.724625
13.50767
13.930664
24.483838
24.831654
24.496683
11.97999
21.049933
24.407387
24.748416
24.508304
23.550279
23.547516
22.779202
23.069807
23.069879
22.778695
23.748685
24.235066
24.320174
23.706747
23.543009
23.511839
22.761123
22.771926
21.93788
22.575147
21.937625
22.574542
21.720684
21.094542
21.720127
21.09551
21.934505
22.560296
22.56854
21.930044
21.718002
21.090847
21.094166
21.714017
20.286819
20.875546
20.286123
20.876497
20.111177
19.568006
20.110593
19.568278
20.286094
20.872183
20.875396
20.283072
20.110503
19.564731
19.567667
20.10751
18.766653
18.302204
18.766757
18.301927
19.396466
19.39665
18.766054
18.298658
18.301324
18.763268
19.393125
19.396045
17.619368
17.217099
17.619864
17.21651
17.741383
18.155697
18.158297
17.739019
17.618792
17.213966
17.215964
17.616517
17.106017
17.107915
13.542942
13.542833
23.402088
13.794261
13.804437
13.289111
12.647545
12.642985
13.820869
13.808682
11.880212
20.95094
24.910701
24.848692
11.85984
22.784611
23.077675
23.06821
22.773218
22.640721
22.907101
23.058917
22.759259
21.699859
21.083868
21.716308
21.070023
21.904905
22.454477
22.5495
21.850798
21.686846
21.034303
21.061445
21.641704
20.082175
19.544544
20.09075
19.538267
20.253811
20.819498
20.842678
20.239221
20.078369
19.526888
19.535967
20.06559
19.356272
19.364402
13.411317
13.410979
12.255294
13.13456
12.256059
13.459897
13.432966
13.13418
12.239605
12.254847
13.372904
13.424324
22.125101
24.464752
24.810848
24.515043
11.989225
21.055485
24.401753
24.747462
24.406085
24.744413
23.548318
23.535315
22.77021
23.059817
23.067361
22.77582
23.711525
24.234525
24.23496
23.701276
23.517575
23.503152
22.742589
22.766417
21.933055
22.56682
21.931828
22.571007
21.715509
21.090511
21.71498
21.089634
21.930849
22.544633
22.564277
21.915036
21.713976
21.080095
21.089148
21.700097
20.280593
20.871634
20.282192
20.87047
20.104944
19.563734
20.106577
19.562289
20.280667
20.862297
20.870167
20.275727
20.105114
19.559335
19.562695
20.100717
18.761635
18.297853
18.762365
18.297547
19.392129
19.390793
18.9477
18.945484
18.76234
18.29643
18.298298
18.759078
19.388231
19.391252
17.616188
17.213508
17.615927
17.214025
17.739336
18.153795
18.15555
17.738133
17.61697
17.213823
17.214788
17.616014
17.106649
17.106919
13.542683
13.542885
23.408878
13.825136
13.840249
13.289745
12.633111
12.648023
22.48214
13.807393
13.844199
23.219617
26.348545
21.089826
11.997419
26.348685
14.712014
14.859703
14.861168
14.710671
12.999188
13.274423
21.058935
26.317229
12.001656
26.318565
14.705164
14.854913
14.706038
14.854022
12.999215
13.270032
21.056868
26.31602
12.000754
26.314719
14.702098
14.85088
14.702066
14.85091
12.999094
13.268542
26.316377
21.058002
12.001265
26.31509
14.705002
14.853365
14.70453
14.853847
13.00457
13.272931
21.0578
26.316389
12.000997
26.31731
14.704581
14.853908
14.705084
14.853383
13.007883
13.274669
21.052873
26.315775
11.9908
26.314429
14.700894
14.849946
14.701225
14.849607
13.006888
13.273555
21.051369
26.315768
11.99363
26.315521
14.700975
14.849123
14.700505
14.84959
13.009463
13.276406
21.050849
26.315859
11.982556
26.314933
14.707197
14.855195
14.706521
14.855871
13.019264
13.284632
26.314837
21.050445
11.981014
26.314417
14.709141
14.857874
14.709222
14.857784
13.027236
13.28892
21.054334
26.318836
11.989939
26.31696
14.707687
14.856181
14.707616
14.856261
13.029603
13.289147
20.97494
26.276084
11.874839
26.308625
20.955931
26.234834
11.893483
26.236809
15.126436
14.943564
14.945488
15.124645
15.130307
14.950429
14.949192
15.131591
14.634718
14.785018
14.786948
14.632921
13.705296
13.434491
14.638583
14.791946
14.790736
14.639777
13.438627
13.711844
12.90079
13.173503
14.035794
4.0350341
30.437658
13.1773
12.90901
28.072574
28.258063
21.050013
26.31675
11.981018
26.318437
15.194952
15.015348
15.016798
15.193637
15.190556
15.011286
15.012345
15.189514
13.802184
13.533971
14.708017
14.855886
14.706994
14.856935
13.531471
13.799559
13.272038
12.999606
20.948102
26.238453
11.870169
26.239332
20.946177
26.231681
11.871816
26.232122
15.13435
14.951759
15.132969
14.953094
15.138879
14.957674
14.957496
15.139059
14.642333
14.793246
14.641054
14.794551
13.71296
13.441952
14.646549
14.799022
14.798849
14.646723
13.445169
13.717414
12.909978
13.180402
27.541765
28.200673
13.183123
12.912703
28.626427
27.94798
21.051246
26.3151
11.993725
26.314651
15.187668
15.010304
15.009406
15.188548
15.184878
15.006361
15.006555
15.184691
13.798747
13.529375
14.702352
14.85096
14.702148
14.851165
13.527387
13.795382
13.268241
12.998746
20.946094
26.235871
11.868553
26.233764
26.233874
20.944764
11.870063
26.233301
15.138722
14.957617
15.138997
14.957349
15.135253
14.953056
14.953938
15.134356
14.646423
14.798967
14.646674
14.798707
13.717253
13.444585
14.64312
14.79447
14.795344
14.642258
13.440437
13.712109
12.912295
13.182168
28.657477
27.967683
13.177423
12.904468
28.443798
27.776256
21.053048
26.314203
11.99539
26.314569
15.184664
15.006286
15.00632
15.184623
15.186186
15.00832
15.007826
15.186687
13.795344
13.527514
14.703572
14.852865
14.704043
14.852387
13.529582
13.79762
13.270982
13.00377
20.946527
26.237724
11.86917
26.235042
26.235214
20.951827
11.888123
26.236903
15.132632
14.952184
15.133469
14.951361
15.130634
14.949546
14.949378
15.130816
14.640611
14.793609
14.641409
14.792799
13.711141
13.437295
14.638611
14.790958
14.790812
14.638735
13.43365
13.706969
12.903063
13.173832
29.053496
28.153987
13.169233
12.895151
28.434395
28.079914
21.051749
26.314574
11.986124
26.316486
15.187713
15.008832
15.009326
15.187208
15.188565
15.009841
15.010157
15.188235
13.798135
13.531292
14.7058
14.854343
14.705504
14.854652
13.532766
13.799652
13.274844
13.007876
20.946488
26.237654
11.869293
26.238623
20.951266
26.232719
11.883314
26.232963
15.131628
14.949874
15.131161
14.95032
15.134368
14.953447
14.952985
15.134839
14.639405
14.791263
14.639012
14.791685
13.706904
13.432962
14.64184
14.794694
14.794247
14.642266
13.432726
13.707665
12.8944
13.167848
29.006208
28.421151
13.166297
12.889419
28.029293
28.977791
21.049186
26.315769
11.985733
26.314392
15.187205
15.009389
15.008843
15.187767
15.184454
15.005725
15.006134
15.184045
13.799413
13.532291
14.702
14.850316
14.701592
14.850728
13.530852
13.797063
13.27374
13.006949
26.234502
20.94939
11.879595
26.235438
20.945574
26.232008
11.871288
26.231365
15.135673
14.953873
15.135273
14.954262
15.136808
14.955234
14.955334
15.136717
14.643021
14.795107
14.642661
14.795485
13.707719
13.432304
14.643912
14.796367
14.796479
14.643784
13.430361
13.706387
12.888525
13.165
28.314611
28.591621
13.161459
12.879433
27.897598
28.247215
26.314693
21.050938
11.99364
26.314933
15.183321
15.005352
15.005005
15.183671
15.182281
15.004144
15.004017
15.182397
13.796834
13.530347
14.700055
14.848823
14.7002
14.848688
13.530723
13.796989
13.274519
13.008688
26.232039
20.946436
11.872271
26.231445
20.956316
26.237201
11.892656
26.235474
15.136083
14.954988
15.136475
14.954595
15.132877
14.95085
14.951427
15.132295
14.643128
14.796116
14.643523
14.795725
13.705818
13.427995
14.640026
14.792029
14.792604
14.63945
13.422612
13.700035
12.877628
13.158086
27.40349
28.782682
13.151037
12.862545
27.452561
28.858689
26.317336
21.052707
11.985321
26.31561
15.183146
15.004437
15.0049
15.182683
15.18723
15.009784
15.008932
15.188088
13.797437
13.532281
14.704927
14.854425
14.705759
14.853584
13.53688
13.803201
13.281545
13.01796
20.95393
26.235034
11.89233
26.234149
20.955464
26.23452
11.895872
26.234899
15.131477
14.950378
15.131824
14.950025
15.131371
14.950005
14.949852
15.131536
14.63861
14.791558
14.638974
14.791204
13.699299
13.419744
14.63827
14.791103
14.790967
14.638382
13.416807
13.696631
12.860411
13.147166
27.984863
28.676092
13.142524
12.848578
28.107294
28.090375
21.049327
26.316439
11.979709
26.314561
15.189533
15.010555
15.011227
15.188861
15.191378
15.013186
15.013093
15.191464
13.804051
13.539605
14.709118
14.857868
14.709216
14.857772
13.542436
13.80756
13.288033
13.026573
20.953415
26.235123
11.894422
26.235641
20.945484
26.237038
11.86925
26.236634
15.131876
14.95017
15.131712
14.950325
15.131918
14.950224
14.950392
15.131729
14.638634
14.791254
14.63851
14.791399
13.696481
13.415727
14.6386
14.791274
14.791441
14.638425
13.413655
13.694944
12.847294
13.140537
28.812436
28.865552
13.137736
12.838191
28.329751
28.505904
21.057933
26.3159
12.000633
26.31506
15.191336
15.013182
15.013078
15.191451
15.189775
15.011435
15.011652
15.189522
13.807694
13.542988
14.707891
14.856258
14.707695
14.856462
13.542554
13.807088
13.289049
13.029435
20.953992
26.23709
11.883972
26.237809
20.975482
26.275757
11.878031
26.313867
15.131296
14.950031
15.131508
14.949848
15.130635
14.947558
14.949321
15.129004
14.638039
14.791084
14.638228
14.790906
13.694595
13.412186
14.637244
14.788478
14.790249
14.635603
13.40998
13.691285
12.837547
13.135525
28.708595
28.9844
13.133328
12.829
26.799227
28.590531
21.088764
26.350085
11.994167
26.349525
15.189451
15.011347
15.011425
15.189401
15.191024
15.011472
15.013057
15.189577
13.807052
13.542406
14.708916
14.856091
14.857692
14.707437
13.542664
13.80633
13.289724
13.027233
22.119783
21.881214
22.478657
22.259544
22.339211
22.516949
21.862982
22.055314
20.429723
20.241209
20.820865
20.607009
20.624474
20.827026
20.237572
20.414694
19.073366
19.352891
19.204235
19.210914
19.354979
19.067852
26.619689
26.647206
21.056585
26.314732
11.972827
26.310124
26.638162
23.922144
23.710822
23.922756
24.252848
24.090832
24.119485
24.111665
24.243728
24.112499
23.713968
23.906192
23.927669
17.873116
17.744647
17.874071
18.161186
18.009697
18.011999
18.011006
18.161074
18.011937
17.744817
17.872108
17.874194
17.112348
16.994844
16.995056
16.993474
17.111982
16.994458
16.883658
15.797072
15.914801
15.914548
15.797386
14.538872
14.387466
14.388171
14.53753
14.711861
14.860175
14.860982
14.711111
12.839116
12.547892
13.274442
13.001336
12.54698
12.840473
21.927301
22.154983
22.344456
22.552215
21.920274
22.132383
22.371661
22.564731
20.270875
20.459443
20.64682
20.859698
20.268153
20.451039
20.655797
20.86309
19.092945
19.224901
19.37437
19.086545
19.231462
19.376647
26.629705
26.627934
21.055165
26.315956
11.996357
26.315992
26.627949
23.707503
23.916981
23.920384
24.20144
24.274882
24.141479
23.73355
23.999164
23.948519
24.111257
24.244442
24.111797
17.73769
17.866462
17.867238
18.006845
18.155332
18.006093
17.738461
17.868776
17.868026
18.00448
18.154491
18.005284
16.874463
16.876084
16.988267
17.105124
16.87524
16.987461
16.986035
17.104373
16.986713
15.788957
15.521147
15.907183
15.789758
15.906389
14.53233
14.382562
14.533189
14.381705
14.70438
14.85253
14.853224
14.703696
12.83869
12.560543
13.269478
12.998449
12.563106
12.838036
21.902141
22.116292
22.35115
22.535563
21.908336
22.136652
22.32579
22.523054
20.264583
20.448474
20.649546
20.8548
20.266404
20.454269
20.643151
20.852291
19.088758
19.230576
19.375725
19.09236
19.226814
19.374389
26.631021
21.052871
26.317472
11.990678
26.317342
26.628306
23.756293
23.999819
23.979841
24.108055
24.269023
24.134754
23.72576
23.916835
23.941205
24.208799
24.326918
24.182655
18.944473
17.735388
17.864996
17.86487
18.00266
18.151838
18.002738
17.73528
17.864691
17.86476
18.002973
18.151954
18.002852
16.872279
16.984463
17.102125
16.872166
16.984507
16.984801
17.102237
16.984623
15.786825
15.519078
15.518863
15.904148
15.786688
15.904287
14.529345
14.378683
14.529312
14.378713
14.702231
14.851264
14.851041
14.702453
12.83944
12.579012
13.268867
13.000716
12.580865
12.841781
21.897126
22.098715
22.364258
22.553831
21.911233
22.144719
22.309454
22.529833
20.250747
20.431964
20.639306
20.844623
20.254247
20.443361
20.626013
20.839003
19.076775
19.219725
19.363962
19.081775
19.21438
19.361953
26.31745
21.056276
11.993808
26.316471
26.629838
23.725056
23.985421
23.94148
24.071442
24.22164
24.091078
23.690391
23.882333
23.90169
24.187212
24.273145
24.136612
18.949066
18.947761
17.739315
17.869624
17.868838
18.005001
18.155026
18.005919
17.738447
17.867046
17.867929
18.007702
18.156026
18.006872
16.98701
17.105323
16.875355
16.987715
16.988954
17.10603
16.988395
15.790356
15.522616
15.522252
15.907356
15.789847
15.907884
14.53226
14.381148
14.531798
14.381602
14.705415
14.854592
14.85427
14.705729
12.846855
12.59173
13.273516
13.006652
12.592764
12.849516
21.920751
22.149996
22.327755
22.550174
21.909614
22.114017
22.369032
22.567068
20.257605
20.446428
20.630386
20.844647
20.254306
20.435678
20.642839
20.849794
19.082449
19.215731
19.363663
19.077965
19.220579
19.365509
26.629455
26.31519
21.054038
11.995799
26.315087
26.629867
23.676911
23.890824
23.887436
24.137916
24.224251
24.093694
23.693129
23.942785
23.904331
24.082197
24.207875
24.076672
18.947132
17.736786
17.865373
17.866237
18.006388
18.154378
18.005268
17.737786
17.868347
17.867272
18.003309
18.153266
18.004196
16.875512
16.987895
17.10467
16.874712
16.987068
16.985492
17.103815
16.986238
15.788623
15.519972
15.520598
15.906789
15.789288
15.906106
14.531914
14.381804
14.532399
14.381345
14.704031
14.852236
14.852811
14.703473
12.851437
12.593847
13.274483
13.007495
12.593112
12.85151
21.893315
22.115222
22.324218
22.51431
21.892495
22.112845
22.326669
22.514947
20.258093
20.444469
20.637328
20.844038
20.257545
20.442847
20.638951
20.844608
19.086143
19.222507
19.36888
19.08458
19.224094
19.369416
26.630178
26.627905
21.046967
26.316915
11.977813
26.317262
26.625348
23.76174
23.969122
23.987752
24.152541
24.317535
24.17651
23.755433
23.958226
23.976576
24.17079
24.3428
24.194086
18.944001
17.733935
17.86296
17.863458
18.002031
18.150985
18.001841
17.734285
17.864011
17.863809
18.000972
18.150627
18.001487
16.870581
16.871214
16.9836
17.10096
16.870925
16.983321
16.982574
17.100615
16.982978
15.784993
15.902818
15.785332
15.517303
15.902476
14.528335
14.37823
14.52866
14.377921
14.700596
14.849027
14.849297
14.700341
12.851651
12.585496
13.273595
13.007056
12.584142
12.852617
21.928342
22.140961
22.372929
22.575627
21.933123
22.155879
22.357931
22.571466
20.265429
20.448199
20.651815
20.861303
20.267601
20.455176
20.643965
20.858219
19.08571
19.227414
19.37343
19.089057
19.223834
19.372095
26.630235
26.62911
21.052026
26.315823
11.993865
26.315709
23.689443
23.896232
23.904325
24.121844
24.253592
24.114502
23.699858
23.924142
23.91759
24.086409
24.234653
24.09838
17.733102
17.863612
17.862499
17.999087
18.14854
17.999556
17.732297
17.861211
17.861677
18.00154
18.149401
18.000397
16.870498
16.981617
17.099603
16.869783
16.982076
16.983743
17.10034
16.982801
15.785518
15.902274
15.784864
15.516523
15.516985
15.902938
14.528533
14.377795
14.528063
14.378274
14.701595
14.850965
14.850213
14.702339
12.856287
12.58063
13.277276
13.012895
12.584235
12.858908
21.898528
22.129259
22.30418
22.513771
21.888346
22.09538
22.346923
22.534573
20.251488
20.438486
20.627956
20.836856
20.250207
20.43407
20.633697
20.839661
19.079588
19.216567
19.362358
19.078923
19.21738
19.362747
26.628135
26.625665
21.055314
26.316111
11.992194
26.314111
23.711297
23.884567
23.925014
24.223628
24.326727
24.18258
23.757409
24.017095
23.980224
24.068565
24.251711
24.117568
17.740724
17.870512
17.870227
18.007347
18.157044
18.007885
17.740329
17.869299
17.869851
18.008508
18.15738
18.008241
16.988795
17.107056
16.989424
16.877052
16.99029
17.10753
16.989909
15.792088
15.909035
15.79153
15.522834
15.90959
14.53472
14.383791
14.534048
14.38447
14.707775
14.85692
14.856446
14.708252
12.867892
12.603414
13.285505
13.022908
12.60804
12.872067
21.898551
22.121252
22.32717
22.521703
21.896613
22.115331
22.33313
22.523472
20.25952
20.446825
20.637058
20.845571
20.258097
20.442363
20.64173
20.847199
19.086112
19.221314
19.368445
19.083367
19.224249
19.369508
26.62525
26.627026
21.055067
26.314528
11.993961
26.314999
26.624944
23.752462
23.975495
23.971025
24.165531
24.306911
24.167143
23.750558
23.968417
23.969187
24.174773
24.305768
24.168013
17.74234
17.871556
17.871923
18.01003
18.159353
18.010132
17.742485
17.871973
17.872054
18.009651
18.159254
18.010015
16.879048
16.991394
17.109023
16.991344
16.878997
16.990754
17.108824
16.991133
15.793117
15.910837
15.79334
15.910607
14.536692
14.386627
14.536773
14.386566
14.708973
14.857354
14.857606
14.708734
12.877203
12.635923
13.289046
13.028595
12.638722
12.879379
21.929216
22.14221
22.375792
22.576122
21.934533
22.158389
22.360709
22.572293
20.262554
20.444393
20.651886
20.860694
20.265857
20.454873
20.640326
20.856332
19.081968
19.225129
19.370501
19.086626
19.219984
19.368501
26.623405
26.627308
21.048194
26.317957
11.976108
26.315225
26.626206
23.784794
23.97754
24.018423
24.14975
24.362604
24.212414
23.774542
23.954032
24.00367
24.180961
24.390045
24.232972
17.738085
17.867916
17.867467
18.005796
18.154453
18.005358
17.73804
17.867843
17.867456
18.005745
18.154378
18.005324
16.876156
16.875955
16.988029
17.105458
16.875898
16.987916
16.98866
17.105652
16.988129
15.79144
15.524011
15.908478
15.791159
15.908753
14.535286
14.385304
14.53523
14.385368
14.707915
14.856912
14.856513
14.708274
12.88202
12.649287
13.289308
13.030137
12.649477
12.883844
26.572357
26.239875
20.950222
11.864008
26.236207
26.359437
25.256267
24.672844
24.831116
25.114738
20.948516
26.237148
11.878441
26.238956
26.568572
26.571202
25.304411
24.738981
24.867257
25.164963
22.675853
22.723419
23.030165
22.744922
23.052896
22.759955
21.463905
21.665161
21.037075
21.233521
21.262159
21.044537
21.650734
21.429185
22.130681
21.911077
22.543872
22.341637
22.350645
22.553706
21.91152
22.129708
21.472182
21.692188
21.067995
21.282465
21.269534
21.063592
21.694374
21.483621
19.899671
20.06657
19.523753
19.703939
19.713677
19.526049
20.063424
19.889156
20.434209
20.252984
20.84845
20.64311
20.629551
20.8439
20.257269
20.447347
19.902801
20.07707
19.537097
19.727108
19.716458
19.533649
20.081164
19.914124
19.075255
19.365112
19.221859
19.212976
19.361869
19.083614
16.835123
16.833054
16.834935
16.366746
16.237335
16.238064
16.365998
16.837096
16.839999
16.838425
16.368885
16.241444
16.240188
16.370173
15.738825
15.467847
15.467508
15.857101
15.857858
15.738146
15.313107
15.46685
15.46728
15.311291
15.12716
14.946658
15.127673
14.946163
15.740974
15.468405
15.861186
15.859998
15.74213
15.129196
14.947284
15.128317
14.948128
15.316745
15.471555
15.470298
15.318013
14.457981
14.302693
14.303828
14.456191
14.63546
14.788193
14.787675
14.636009
13.925387
14.105426
14.103999
13.435343
13.708314
13.925831
14.637536
14.788837
14.789685
14.636678
14.461941
14.308803
14.307655
14.463127
13.437612
13.708958
13.929133
14.108532
14.107391
13.926388
12.750036
12.485252
13.174188
12.905356
12.490286
12.750759
13.663846
22.663157
27.292217
28.567463
13.670183
22.708278
22.868144
13.176343
12.906196
12.753505
12.496723
12.751183
12.496114
27.794536
28.153551
22.94725
13.66841
22.819618
13.668797
22.988463
22.906836
25.201027
24.804692
24.436892
24.769636
24.420742
25.252353
26.620607
21.055056
26.314352
11.990703
26.313485
26.625784
26.6282
25.295183
24.957919
24.597639
24.868773
24.520409
25.391997
23.337905
23.514999
23.33532
23.052842
23.049904
23.51675
23.325335
23.33609
23.04944
22.758966
22.763216
23.946027
23.771916
23.9944
24.403608
24.253292
24.250253
24.138224
24.337477
24.195564
23.806485
24.040863
24.038382
23.353366
23.566441
23.378643
23.09926
23.098938
23.065337
23.593074
23.39983
23.398966
22.802195
23.084293
22.791855
22.155118
21.932889
22.55719
22.351619
22.368389
22.56176
21.929034
22.138405
21.507618
21.717109
21.092001
21.294777
21.306509
21.094404
21.713496
21.494343
22.160966
21.945981
22.59413
22.389083
22.375584
22.586385
21.948844
22.170683
21.510588
21.727593
21.099976
21.311049
21.308827
21.099313
21.729607
21.513894
20.472638
20.286788
20.873745
20.660129
20.66801
20.875785
20.285766
20.465946
19.940811
20.111275
19.568273
19.750265
19.754324
19.568732
20.110476
19.93643
20.473237
20.287742
20.879881
20.669377
20.668927
20.879433
20.287843
20.473395
19.940712
20.111599
19.567545
19.753436
19.754047
19.567703
20.111633
19.940286
18.595406
18.768277
18.596281
18.303939
18.434259
18.436944
18.436045
18.303881
18.436939
18.768444
18.593305
18.596188
19.112885
19.39685
19.248643
19.250605
19.397215
19.111843
18.951344
18.594475
18.765672
18.593767
18.30041
18.433099
18.433665
18.435059
18.301077
18.434272
18.765188
18.592711
18.593233
19.112236
19.39566
19.248958
19.250016
19.395879
19.111037
17.486159
17.622244
17.487135
17.220099
17.350029
17.351688
17.350555
17.21991
17.351509
17.622464
17.485584
17.487343
17.872009
17.74155
17.871024
18.157419
18.007533
18.008212
18.009924
18.158143
18.008981
17.740692
17.869485
17.870205
17.485001
17.619083
17.483917
17.21564
17.346446
17.347309
17.349392
17.216649
17.348284
17.618185
17.482149
17.482977
16.418051
16.2909
16.290582
16.418361
16.87911
17.107696
16.989134
16.990085
16.992304
17.108731
16.991144
16.878
16.414568
16.28597
16.287126
16.413428
15.378972
15.530537
15.5305
15.377633
15.19473
15.015691
15.016544
15.193877
15.793879
15.527493
15.91012
15.911275
15.792723
15.191659
15.014611
15.192793
15.013467
15.374264
15.523951
15.52507
15.373186
14.018108
14.194103
14.192302
13.534063
13.802913
14.016206
14.709079
14.859142
14.710138
14.858036
14.535114
14.383488
14.534123
14.384464
13.532224
13.80212
14.01235
14.187345
14.188291
14.01527
13.742855
23.084324
13.733926
13.272755
13.000963
12.839051
12.553588
12.840179
12.551532
22.954216
13.710848
13.710024
20.947402
26.235773
11.872032
26.23349
26.574946
25.314976
24.852288
25.292316
24.882534
20.946628
26.231842
11.872299
26.232443
26.566295
26.566565
25.262221
24.844531
24.839745
25.268303
22.754759
22.769624
22.77923
22.783348
21.709758
21.500596
21.285914
21.079086
21.703894
21.486862
21.297927
21.08286
22.159111
21.937265
22.574244
22.363374
22.37611
22.578521
21.933556
22.147303
21.503195
21.718132
21.085484
21.292905
21.300078
21.087664
21.714802
21.49489
20.09437
19.924933
19.730475
19.546703
20.091776
19.917596
19.737576
19.549041
20.46061
20.27395
20.865349
20.652749
20.657103
20.867199
20.272866
20.456977
19.925924
20.097331
19.55146
19.736933
19.738554
19.551939
20.096435
19.923908
19.093932
19.379185
19.231681
19.232446
19.379564
19.09337
16.844934
16.841697
16.843385
16.376494
16.246128
16.374976
16.247614
16.847875
16.848164
16.379506
16.250951
16.250586
16.379866
15.74779
15.476728
15.47559
15.865596
15.746413
15.867009
15.320747
15.472919
15.319377
15.474295
15.13565
14.955474
15.136801
14.954356
15.750648
15.47765
15.870315
15.869918
15.751048
15.478719
15.13844
14.95639
15.137744
14.95707
15.325169
15.478852
15.325317
14.465641
14.310016
14.464385
14.311223
14.643538
14.79687
14.795782
14.644604
13.930238
14.109736
14.110934
13.44295
13.715921
13.93325
14.646135
14.797765
14.798431
14.645481
14.469796
14.315356
14.315193
14.469977
13.444933
13.716612
13.934911
14.11504
14.114877
13.933977
12.754391
12.497498
13.181312
12.912259
12.497088
12.756572
13.66844
23.018854
28.561833
28.528408
13.66918
23.120173
23.095033
13.182997
12.912689
12.756209
12.494945
12.756892
12.495513
28.297684
27.963296
13.669676
13.669265
22.995408
23.050084
25.202377
24.792974
24.450355
25.220311
24.767012
24.420456
26.62916
21.051677
26.31565
11.99376
26.315842
26.628716
26.628914
25.245966
24.794449
24.43885
24.802331
24.445955
25.238161
23.510858
23.321941
23.330752
23.062164
23.534478
23.37986
23.351891
22.773618
23.043916
22.758079
23.923275
23.707734
23.926202
24.256416
24.108221
24.118109
24.119992
24.262712
24.123567
23.704289
23.914371
23.921678
23.321234
23.506036
23.321747
23.032846
23.03184
23.503729
23.320316
23.320486
23.031231
22.743981
23.031509
22.743573
21.927292
22.137818
22.381849
22.570767
21.935649
22.16484
22.350244
22.557278
21.711376
21.493769
21.3082
21.09295
21.718471
21.510543
21.293864
21.088562
22.132962
21.913637
22.542789
22.347875
22.345387
22.542073
21.914256
22.135051
21.489852
21.698889
21.079486
21.290112
21.290349
21.079623
21.699312
21.490148
20.281302
20.46382
20.667546
20.873794
20.283778
20.4718
20.658387
20.870029
20.105862
19.933696
19.752466
19.564938
20.108046
19.939201
19.747533
19.563374
20.461615
20.275633
20.861827
20.654646
20.655916
20.862093
20.275154
20.460174
19.932075
20.100739
19.558956
19.744446
19.746053
19.559467
20.100235
19.930457
18.762123
18.589273
18.590267
18.432444
18.298356
18.43164
18.763154
18.592064
18.591234
18.429779
18.297477
18.430719
19.106947
19.248222
19.393261
19.110347
19.244525
19.391842
18.944874
18.588385
18.759403
18.587709
18.294782
18.427727
18.427893
18.428939
18.295171
18.428293
18.758969
18.587132
18.587295
19.105866
19.387735
19.24188
19.243362
19.388235
19.104446
17.615132
17.479148
17.47986
17.345648
17.213138
17.344877
17.615892
17.481374
17.480612
17.343429
17.21239
17.344128
17.865774
17.735762
17.865237
18.151928
18.002674
18.002842
18.003762
18.152303
18.003204
17.735419
17.864714
17.864884
17.478526
17.613262
17.478038
17.210312
17.341845
17.342019
17.342821
17.210634
17.342344
17.612927
17.477535
17.477708
16.409802
16.283074
16.410583
16.282282
16.872711
17.102314
16.984517
16.984693
16.985458
17.102634
16.985006
16.872385
16.408093
16.280234
16.280552
16.407783
15.371274
15.522919
15.521983
15.372186
15.186879
15.007913
15.008606
15.186199
15.787231
15.519819
15.904356
15.904674
15.786909
15.18519
15.007336
15.185633
15.006881
15.36835
15.518798
15.519008
15.368141
14.011437
14.186447
14.18562
13.528789
13.796701
14.009165
14.702679
14.851951
14.703128
14.851496
14.529581
14.378762
14.529389
14.378957
13.527577
13.796202
14.007676
14.182813
14.182989
14.008613
13.716974
23.015999
13.718544
13.268383
12.998362
12.838904
12.572458
12.838074
12.570086
23.066199
13.727396
13.725467
26.569356
20.952537
26.23486
11.881709
26.232314
25.13347
24.799118
25.244396
24.695122
26.235254
20.945228
11.868198
26.233928
26.568774
26.566633
25.259362
24.891034
24.819544
25.321283
22.736224
22.720518
23.064572
22.769843
22.74768
21.688449
21.477125
21.28744
21.072897
21.693442
21.48836
21.277939
21.070001
22.121646
21.912557
22.56325
22.367321
22.332639
22.545454
21.920206
22.147702
21.479147
21.695862
21.072353
21.284376
21.279188
21.071096
21.701284
21.487862
20.089158
19.917541
19.735406
19.547614
20.090843
19.922173
19.731038
19.546211
20.447909
20.261939
20.852517
20.641838
20.642881
20.852045
20.261109
20.445782
19.916487
20.086103
19.541269
19.725937
19.72991
19.54259
20.085065
19.912727
19.087559
19.369372
19.221477
19.225611
19.37072
19.083459
16.846591
16.847817
16.847288
16.378598
16.250361
16.379232
16.249742
16.84386
16.842804
16.375994
16.246162
16.247172
16.374974
15.750149
15.477261
15.477912
15.869909
15.750684
15.478419
15.869357
15.324915
15.478743
15.325223
15.138262
14.956308
15.137656
14.956901
15.747793
15.476497
15.865988
15.866949
15.746851
15.473803
15.136121
14.955597
15.136934
14.954797
15.32131
15.474739
15.320389
14.46969
14.315301
14.469935
14.315047
14.645996
14.797682
14.798268
14.645422
13.934798
14.114989
14.11474
13.444009
13.7157
13.9334
14.643956
14.796981
14.796192
14.644733
14.466436
14.310919
14.311771
14.465587
13.441462
13.714909
13.930068
14.110595
14.111456
13.932669
12.755388
12.496128
13.181464
12.909812
12.498281
12.752052
23.224559
13.677536
23.350261
27.99424
28.209552
13.651362
23.707497
23.115158
23.153165
13.178577
12.908576
12.746925
12.483819
12.751087
12.486154
28.70903
28.709397
13.660155
23.246353
13.664038
22.911715
23.240545
25.304846
24.790471
24.445779
25.220186
24.86855
24.513388
26.629021
21.056182
26.315571
11.999888
26.317018
26.628375
26.630045
25.221487
24.750353
24.400801
24.789186
24.442294
25.190636
23.549974
23.369471
23.361567
23.039953
23.053107
23.526203
23.327119
23.343153
22.764392
23.066764
22.774367
23.978783
23.719805
23.935601
24.223874
24.073814
24.091329
24.181862
24.264421
24.129522
23.688482
23.883246
23.900571
23.359376
23.519847
23.336414
23.492533
23.299373
23.313027
23.027055
22.742235
23.046085
22.757353
21.92945
22.15121
22.353793
22.561476
21.926164
22.140216
22.368238
22.569168
21.711549
21.497938
21.292461
21.084273
21.709076
21.493099
21.29617
21.085369
22.147494
21.921294
22.542414
22.339316
22.363744
22.554692
21.915659
22.128722
21.49599
21.705018
21.080867
21.289416
21.294648
21.082368
21.700834
21.488499
20.277097
20.46241
20.65573
20.865481
20.276656
20.460994
20.657499
20.866335
20.101693
19.931601
19.744701
19.559343
20.101328
19.930799
19.745385
19.559572
20.461932
20.276325
20.863111
20.655549
20.656843
20.864113
20.276149
20.461317
19.93144
20.101194
19.559712
19.74589
19.745283
19.55954
20.101154
19.931885
18.75911
18.587513
18.587414
18.427742
18.294711
18.427851
18.758974
18.587159
18.587281
18.428082
18.294831
18.427977
19.104938
19.241984
19.387995
19.104521
19.242449
19.388196
18.945097
18.587596
18.75938
18.587737
18.295561
18.429221
18.428661
18.42818
18.29523
18.428341
18.759668
18.588605
18.588042
19.104958
19.388454
19.243296
19.242451
19.388247
19.105835
17.612881
17.477798
17.477652
17.3418
17.210133
17.341847
17.612774
17.477494
17.477545
17.342109
17.210244
17.341955
17.865152
17.735937
17.865383
18.152735
18.004239
18.003685
18.003115
18.152392
18.00333
17.736316
17.866302
17.86575
17.477994
17.613466
17.478272
17.211352
17.343573
17.34302
17.342318
17.210933
17.34261
17.613856
17.479225
17.478673
16.407732
16.28003
16.407598
16.280162
16.873045
17.103382
16.986358
16.985809
16.985046
17.102956
16.985375
16.873483
16.408608
16.281507
16.281042
16.409074
15.368077
15.518711
15.518738
15.368053
15.184801
15.006685
15.006457
15.185032
15.787741
15.51938
15.905669
15.905206
15.788201
15.520212
15.185732
15.006996
15.185346
15.007379
15.369531
15.520717
15.370027
14.007604
14.182751
14.182802
13.52777
13.795866
14.008031
14.703139
14.85157
14.702762
14.85195
14.530841
14.380671
14.531316
14.380201
13.52904
13.79622
14.009683
14.184844
14.184365
14.008357
13.735172
23.103979
13.738692
13.270362
13.001415
12.845823
12.587867
12.842735
12.586251
23.062076
13.751634
13.749105
26.573758
26.56921
20.952556
26.238648
11.881318
26.237055
25.213782
24.871876
25.305951
24.777697
26.234879
20.949659
11.886309
26.235294
26.574201
26.573489
25.116988
24.661139
24.660975
25.11075
22.75996
22.731993
23.020187
22.962285
22.68224
22.675267
21.680711
21.458328
21.281563
21.064142
21.692415
21.484989
21.259333
21.057435
22.085546
21.867187
22.486354
22.307751
22.293882
22.480277
21.870742
22.097113
21.450807
21.65589
21.045264
21.258513
21.253165
21.043651
21.658809
21.457297
20.075473
19.902927
19.723936
19.535612
20.078532
19.910629
19.717019
19.533418
20.429128
20.244167
20.829003
20.625675
20.622598
20.827669
20.244957
20.431721
19.901185
20.069859
19.530068
19.7169
19.715499
19.529633
20.070534
19.902807
19.07576
19.358921
19.214217
19.213279
19.358541
19.07659
16.838582
16.840599
16.839537
16.370942
16.243081
16.371846
16.242195
16.837044
16.837107
16.369484
16.240798
16.240759
16.36953
15.743205
15.863087
15.74401
15.472878
15.472006
15.862263
15.318623
15.31948
15.131889
14.950044
15.13129
14.950633
15.741885
15.470176
15.860933
15.860916
15.741897
15.130646
14.949626
15.130868
14.949402
15.316587
15.470163
15.469958
15.316776
14.463951
14.310075
14.464746
14.309276
14.639902
14.791495
14.792081
14.63932
13.929171
14.109743
14.108933
13.436336
13.708597
13.92687
14.638664
14.791078
14.790849
14.638902
14.461915
14.307213
14.307149
14.462016
13.434121
13.707972
13.925686
14.106698
14.10668
13.926342
12.745327
12.479213
13.172703
12.899118
12.478023
12.740511
23.282155
13.654762
22.97897
29.057613
28.154861
13.653439
22.989507
23.283467
23.1133
13.169915
12.897971
12.735099
12.473795
12.739012
12.47489
28.460941
28.087797
13.647452
23.111184
23.176882
13.648789
22.996576
23.112296
25.23996
24.742854
24.396243
25.180577
24.803027
24.452893
26.625812
26.313441
21.052146
11.986703
26.314663
26.6258
26.629044
25.328445
24.900716
24.549491
24.904342
24.556011
25.329473
23.525061
23.37068
23.342048
23.016505
23.494871
23.300116
23.315669
23.076816
23.030066
22.745709
23.052524
22.764691
24.014357
23.798661
24.023567
24.363559
24.188046
24.218641
24.218178
24.371312
24.227134
23.78995
23.986184
24.014754
23.392009
23.59043
23.399834
23.582191
23.371395
23.392289
23.09548
22.80109
23.102033
22.806642
21.930614
22.162078
22.340643
22.546343
21.920753
22.1302
22.378392
22.562759
21.714345
21.50911
21.291143
21.085967
21.706097
21.490225
21.307045
21.090849
22.171637
21.952058
22.594255
22.379284
22.389813
22.599008
21.949367
22.162925
21.514521
21.732103
21.099642
21.307439
21.311507
21.100893
21.7299
21.509636
20.282999
20.471378
20.657118
20.868008
20.280299
20.462805
20.666985
20.872156
20.107453
19.939131
19.747067
19.562975
20.105059
19.933134
19.752494
19.564742
20.473557
20.288133
20.879468
20.667038
20.669556
20.880527
20.287431
20.47135
19.940557
20.111921
19.567404
19.75228
19.753763
19.567893
20.11129
19.938947
18.763465
18.592754
18.591712
18.43005
18.297918
18.43109
18.762238
18.589459
18.590545
18.433182
18.298971
18.432198
19.110717
19.244296
19.39154
19.106785
19.248524
19.393164
18.951296
18.950911
18.59346
18.765542
18.59367
18.300371
18.432884
18.433699
18.433844
18.300696
18.434036
18.765178
18.592465
18.59332
19.111588
19.395566
19.248254
19.249471
19.396024
19.110432
17.616775
17.482189
17.481516
17.34426
17.213329
17.345031
17.615944
17.479925
17.480721
17.346436
17.214063
17.345794
17.870139
17.740668
17.870273
18.157333
18.007385
18.008094
18.00825
18.157646
18.008397
17.740385
17.869301
17.86998
17.482621
17.61805
17.482721
17.21489
17.346099
17.346675
17.346843
17.215142
17.346933
17.617777
17.481855
17.482455
16.411505
16.283296
16.410901
16.283879
16.876935
17.106809
16.988616
16.876704
16.98913
16.989301
17.107054
16.989368
16.412332
16.28446
16.284667
16.412121
15.371058
15.521253
15.521782
15.370548
15.188158
15.010098
15.009763
15.188502
15.791016
15.522827
15.908387
15.908576
15.790833
15.522328
15.188722
15.010291
15.188701
15.010312
15.371909
15.522683
15.371566
14.010172
14.185329
14.185793
13.531796
13.799428
14.011378
14.70594
14.854778
14.705914
14.854802
14.533071
14.382177
14.532798
14.382429
13.532712
13.799677
14.011427
14.186453
14.186681
14.011593
13.760491
23.112747
13.762315
13.274696
13.007149
12.851312
12.594537
12.850198
12.594317
13.766382
13.766377
26.567269
26.573955
20.945831
26.235082
11.871187
26.233066
26.574743
25.329653
24.864892
25.30055
24.902287
20.945787
26.233939
11.869281
26.233242
26.568999
25.254302
24.774052
24.826194
25.199054
22.755688
22.774768
23.070783
23.037726
22.749115
22.764658
21.700932
21.490254
21.266696
21.064036
21.691339
21.467154
21.286482
21.070054
22.148967
21.92078
22.546598
22.334339
22.367053
22.560357
21.912431
22.121486
21.490806
21.702192
21.069895
21.275869
21.287285
21.073191
21.695389
21.476186
20.081422
19.912512
19.719048
19.535391
20.078538
19.905273
19.725504
19.537426
20.447588
20.26112
20.850681
20.639243
20.643972
20.853168
20.260228
20.444287
19.91364
20.084883
19.540648
19.726529
19.726604
19.540617
20.084316
19.913036
19.083423
19.368747
19.222438
19.221584
19.368601
19.084441
16.838008
16.838717
16.371709
16.242204
16.370993
16.242901
16.841537
16.84205
16.373709
16.245405
16.244872
16.374241
15.743708
15.862179
15.743089
15.470542
15.471048
15.862819
15.317616
15.317135
15.132167
14.951399
15.132742
14.950842
15.74555
15.47283
15.865228
15.864698
15.746077
15.133858
14.951955
15.133314
14.952487
15.320411
15.474397
15.473919
15.320885
14.462619
14.307417
14.462262
14.307728
14.639873
14.792714
14.792182
14.640376
13.925752
14.106855
14.107118
13.432895
13.707172
13.92643
14.641378
14.793249
14.793765
14.640886
14.464901
14.310162
14.309794
14.465306
13.432793
13.707321
13.927485
14.10926
14.108939
13.926719
12.733946
12.470392
13.16753
12.892412
12.469288
12.730526
13.642813
22.965204
28.727266
27.775826
13.64054
23.210305
23.041795
13.166639
12.891738
12.725437
12.462898
12.729376
12.464732
28.401096
28.074104
23.059381
13.629112
22.865505
23.237224
23.143468
13.632815
23.076043
25.17756
24.744664
24.39869
25.181486
24.734173
24.383972
26.315517
21.053958
11.998419
26.314564
26.630046
26.628317
25.234859
24.831279
24.473354
24.794878
24.44212
25.275249
23.482517
23.303604
23.304498
23.054152
23.497712
23.343575
23.318563
23.020205
23.032874
22.748295
22.73696
23.906158
23.710212
23.927496
24.287506
24.149586
24.145321
24.099041
24.261004
24.123491
23.725524
23.951954
23.945524
23.312635
23.509438
23.32582
23.056598
23.522913
23.347619
23.338025
23.047077
22.758144
23.036066
22.748286
21.91458
22.12787
22.364912
22.548619
21.921783
22.15083
22.339021
22.538338
21.700444
21.487064
21.3015
21.085875
21.706761
21.502549
21.287997
21.081681
22.129518
21.91648
22.555478
22.363054
22.341544
22.546616
21.922094
22.147806
21.487158
21.701099
21.082711
21.295967
21.287822
21.080284
21.705747
21.497341
20.27728
20.460189
20.663418
20.867771
20.279822
20.468222
20.65435
20.864104
20.102256
19.930894
19.750322
19.562394
20.104544
19.936782
19.744921
19.560636
20.459553
20.275187
20.864306
20.65766
20.653769
20.862395
20.276083
20.462536
19.930206
20.100138
19.55884
19.745125
19.744234
19.558555
20.100824
19.931453
18.760313
18.587674
18.588667
18.431737
18.297277
18.430457
18.761616
18.59126
18.58992
18.428288
18.296119
18.429253
19.104863
19.246722
19.390943
19.108999
19.242345
19.389307
18.943803
18.94384
18.587033
18.758373
18.586735
18.294112
18.42729
18.427259
18.427651
18.294218
18.427335
18.758364
18.586759
18.586691
19.104205
19.387454
19.241885
19.241677
19.387253
19.104271
17.614313
17.478312
17.47912
17.345291
17.212671
17.34437
17.615281
17.481014
17.480058
17.34267
17.21179
17.343461
17.864753
17.734939
17.86438
18.151249
18.002108
18.002169
18.002686
18.151381
18.002327
17.734734
17.864111
17.864198
17.477698
17.612474
17.477288
17.209674
17.341175
17.341364
17.342058
17.209968
17.341636
17.612246
17.476873
17.477038
16.409541
16.282696
16.410301
16.281954
16.8721
17.101687
16.983843
16.871751
16.9841
16.984886
17.102
16.984431
16.407727
16.279736
16.280146
16.407329
15.370504
15.521827
15.521233
15.371081
15.186596
15.007665
15.008254
15.185993
15.786872
15.519393
15.903897
15.904337
15.786427
15.184911
15.007106
15.185427
15.006594
15.367723
15.518022
15.518426
15.367315
14.011126
14.186106
14.18568
13.532001
13.798359
14.009878
14.702449
14.851687
14.702942
14.851185
14.529414
14.378574
14.52902
14.378953
13.531104
13.797991
14.008359
14.18304
14.183403
14.00945
13.765039
23.163133
13.764182
13.273891
13.007329
12.851489
12.589308
12.851462
12.590453
13.759472
13.760376
26.571957
26.572267
20.956719
26.232846
11.895587
26.235309
26.574631
25.091649
24.721229
25.165875
24.661328
26.573466
20.945207
26.233813
11.870353
26.23598
26.566479
25.288904
24.853164
24.852352
25.280734
22.712508
22.995757
22.712683
22.99475
23.060805
22.768431
22.755375
21.679634
21.473091
21.271869
21.061336
21.678883
21.471235
21.273611
21.061929
22.124797
21.91571
22.563527
22.369119
22.338058
22.551478
21.924263
22.152343
21.478844
21.698635
21.078077
21.293751
21.278468
21.073456
21.706076
21.496812
20.083032
19.914175
19.726233
19.540456
20.082485
19.912543
19.727863
19.540997
20.446964
20.264121
20.858247
20.650934
20.641885
20.854363
20.266395
20.454517
19.915768
20.088226
19.545638
19.733
19.729256
19.544488
20.090132
19.920204
19.087047
19.373521
19.227455
19.225085
19.372534
19.08913
16.843328
16.375992
16.246751
16.375577
16.247162
16.844874
16.845055
16.37702
16.248289
16.248158
16.377163
15.747818
15.866582
15.747425
15.47484
15.866982
15.32173
15.321324
15.475252
15.136033
14.95492
15.13635
14.954615
15.748679
15.476238
15.867971
15.867877
15.748764
15.13676
14.955156
15.136601
14.955302
15.322919
15.476413
15.476492
15.322837
14.466007
14.310494
14.465676
14.310787
14.643338
14.79611
14.795823
14.643604
13.927678
14.109548
14.109796
13.432068
13.707603
13.92799
14.643913
14.79633
14.796462
14.643803
14.46676
14.311169
14.311348
14.466612
13.430929
13.707441
13.927353
14.109879
14.110108
13.927974
12.723879
12.456103
13.164457
12.885311
12.453252
12.718544
23.109983
13.617441
27.845368
27.874763
13.612966
23.015579
13.162358
12.884029
12.709393
12.438442
12.716532
12.44254
28.129325
28.337177
13.588994
22.908056
22.99245
13.596324
25.33878
24.850598
24.500452
25.282177
24.895707
24.534102
21.053316
26.314847
11.995773
26.315969
26.629352
26.62903
25.198303
24.777383
24.424673
24.762475
24.415443
25.219321
23.553887
23.354523
23.364665
23.064695
23.550957
23.356344
23.363875
23.061343
23.069645
23.070157
22.778463
22.77728
23.93521
23.701728
23.9146
24.244346
24.117998
24.108084
24.128518
24.238921
24.106011
23.698866
23.921191
23.913886
23.33788
23.504858
23.32434
23.02987
23.048411
23.037129
23.500507
23.319359
23.319065
23.031363
22.744993
22.750909
21.932612
22.149496
22.368756
22.573537
21.93366
22.152726
22.365083
22.572182
21.714609
21.498296
21.298433
21.088212
21.715499
21.500313
21.296679
21.087646
22.143589
21.918756
22.543954
22.341818
22.358051
22.549758
21.914039
22.128637
21.49463
21.702706
21.077016
21.284054
21.293517
21.079947
21.698452
21.48386
20.277913
20.462325
20.659002
20.868764
20.278342
20.463617
20.657655
20.868255
20.102178
19.930782
19.745553
19.559632
20.102596
19.931999
19.74435
19.559232
20.460483
20.273302
20.858988
20.649323
20.655566
20.861545
20.271603
20.45505
19.929458
20.098046
19.555058
19.73986
19.743146
19.556119
20.096551
19.925768
18.758036
18.585677
18.586275
18.427288
18.293917
18.427134
18.758409
18.586785
18.586646
18.426192
18.293554
18.426767
19.103276
19.24208
19.388034
19.104416
19.240922
19.38764
18.941273
18.584929
18.755817
18.584157
18.291069
18.423814
18.424148
18.425479
18.291633
18.42475
18.755131
18.583147
18.583514
19.10239
19.383803
19.237534
19.239974
19.384763
19.100152
17.61139
17.475673
17.476126
17.34099
17.208997
17.340743
17.611739
17.476709
17.476473
17.339958
17.208652
17.340397
17.862374
17.732346
17.861794
18.148271
17.999001
17.99925
18.000357
18.148798
17.999743
17.731919
17.861111
17.861335
17.475162
17.609872
17.474675
17.207014
17.338542
17.338672
17.33947
17.207327
17.339011
17.609476
17.474157
17.474309
16.406014
16.278738
16.406365
16.278388
16.869423
17.09906
16.869132
16.981435
16.869183
16.981505
16.98215
17.099349
16.981768
16.40498
16.277238
16.277398
16.404801
15.366592
15.517651
15.366943
15.182993
15.004405
15.004685
15.182702
15.784169
15.516398
15.901502
15.901612
15.784076
15.182312
15.00418
15.182466
15.00404
15.365511
15.516251
15.51616
15.365618
14.008072
14.182712
14.182426
13.530273
13.796426
14.007473
14.700047
14.848818
14.700152
14.848697
14.527583
14.377465
14.527749
14.37728
13.530467
13.796416
14.007783
14.182118
14.181911
14.007398
13.754602
23.15737
13.752841
13.274144
13.007282
12.855279
12.579964
12.853092
12.580794
13.75148
23.035058
13.750292
26.57052
26.567163
20.946711
26.232978
11.872408
26.235075
26.566898
25.288354
24.844395
25.266336
24.864385
26.574455
20.952998
26.238901
11.881501
26.237789
26.575205
25.205323
24.674747
24.764254
25.116694
22.780815
22.777486
23.07095
22.98103
22.69974
22.722535
21.709026
21.486793
21.2956
21.082029
21.713578
21.499078
21.284497
21.078573
22.127138
21.894412
22.502819
22.300813
22.342259
22.521821
21.883892
22.092816
21.477759
21.67962
21.054742
21.259855
21.276738
21.05987
21.670932
21.457796
20.088999
19.915392
19.733129
19.545698
20.090944
19.920424
19.72856
19.544247
20.443953
20.254955
20.837765
20.62832
20.639055
20.842148
20.252051
20.434556
19.912522
20.079788
19.535749
19.719966
19.726
19.537662
20.077205
19.905864
19.083936
19.364346
19.217211
19.221915
19.366104
19.07955
16.844401
16.375852
16.247598
16.376475
16.246989
16.841157
16.840333
16.373389
16.243815
16.244585
16.372601
15.747502
15.47524
15.867268
15.748061
15.476177
15.866697
15.322212
15.322601
15.475782
15.135554
14.953454
15.134926
14.954074
15.745321
15.473876
15.473156
15.863732
15.864459
15.744613
15.133537
14.952775
15.134238
14.952084
15.318991
15.471886
15.472477
15.318412
14.465919
14.310861
14.466331
14.310426
14.642612
14.794597
14.79521
14.642004
13.926919
14.109528
14.109054
13.427001
13.703515
13.924989
14.64067
14.79393
14.793251
14.641343
14.462783
14.306629
14.307227
14.462199
13.423708
13.702625
13.921983
14.105044
14.105682
13.924218
12.706688
12.423674
13.15676
12.871438
12.417462
12.69802
22.814257
13.565154
2.6595677
14.836492
31.298987
13.557719
13.152468
12.869218
12.685575
12.389323
12.694932
12.396828
4.0538651
14.815689
31.229248
22.869881
13.525609
23.046339
13.533698
25.215589
24.793922
24.437036
25.238949
24.770346
24.415541
26.62992
21.05659
26.317927
11.994006
26.316851
26.629268
26.62617
25.242923
24.881774
24.527533
24.808338
24.459598
25.316245
23.491263
23.310518
23.3101
23.498938
23.319203
23.315326
23.025326
23.022949
23.025793
22.738309
22.737368
23.90929
23.730997
23.947697
24.340987
24.227574
24.196398
24.098917
24.280033
24.143211
23.769754
24.021064
23.993377
23.323109
23.530811
23.347604
23.037213
23.057704
23.563334
23.391212
23.374751
23.079477
22.786505
22.769244
21.910356
22.132572
22.339593
22.536958
21.908305
22.126466
22.344573
22.537192
21.695675
21.488998
21.282779
21.074185
21.693479
21.482337
21.289124
21.07621
22.140998
21.931457
22.580767
22.384064
22.353946
22.56656
21.939066
22.165688
21.494804
21.714262
21.092528
21.306361
21.294211
21.088759
21.720515
21.509051
20.272
20.459192
20.648646
20.856717
20.270508
20.454514
20.65372
20.858605
20.097099
19.929279
19.739669
19.554733
20.095712
19.925516
19.743212
19.555889
20.462296
20.279932
20.872953
20.66541
20.657197
20.869668
20.282311
20.46971
19.931615
20.104331
19.563466
19.75086
19.745376
19.561663
20.106523
19.937453
18.756161
18.585867
18.584576
18.423857
18.291299
18.424334
18.755216
18.583173
18.583652
18.426489
18.29218
18.425237
19.103065
19.237467
19.383591
19.100112
19.240536
19.384693
18.946212
18.587381
18.760658
18.588936
18.297604
18.431941
18.430832
18.427954
18.296269
18.429459
18.762108
18.591477
18.590348
19.104777
19.391846
19.247054
19.242336
19.390133
19.109305
17.610678
17.47656
17.47553
17.338691
17.207528
17.339152
17.609889
17.474294
17.474756
17.340919
17.208277
17.339913
17.864904
17.73674
17.866237
18.154661
18.006559
18.005507
18.002871
18.153363
18.004241
17.737951
17.868511
17.867473
17.477752
17.614222
17.478987
17.212696
17.345417
17.344428
17.342081
17.211576
17.343287
17.615409
17.481151
17.48015
16.406185
16.277952
16.405489
16.278641
17.104667
16.987998
16.987038
16.984828
17.103566
16.985957
16.87466
16.409149
16.282576
16.281557
16.410182
15.366363
15.365898
15.183773
15.006286
15.005525
15.184543
15.788224
15.519304
15.906666
15.905696
15.789179
15.18632
15.00714
15.18541
15.008038
15.370509
15.522051
15.521178
15.371378
14.008171
14.182467
14.182965
13.533062
13.799544
14.010129
14.704053
14.851809
14.703175
14.8527
14.532458
14.383027
14.533289
14.382195
13.535889
13.800435
14.013624
14.187754
14.186918
14.010979
13.785543
23.003215
13.803285
23.298325
13.280421
13.014191
12.86631
12.592389
12.860302
12.592065
13.795274
23.352081
13.805162
26.574329
26.571538
26.237684
20.950783
11.881283
26.23775
26.573928
25.256253
24.705607
25.140767
24.821887
26.57425
20.952378
26.237001
11.883244
26.237795
26.569311
26.573545
25.241447
24.743471
24.817005
25.166407
22.713113
22.738772
23.030234
23.031377
22.74404
22.757462
21.681709
21.474783
21.260208
21.054436
21.673784
21.458547
21.272783
21.058087
22.134478
21.911829
22.541973
22.333491
22.352593
22.552389
21.907863
22.120685
21.478394
21.693372
21.06527
21.274157
21.275904
21.065595
21.690722
21.474716
20.076236
19.907263
19.719304
19.533728
20.075243
19.905215
19.720907
19.534212
20.440204
20.255701
20.846196
20.63711
20.635682
20.846117
20.25639
20.442119
19.908425
20.079943
19.537675
19.724459
19.721943
19.536855
20.080709
19.910921
19.080298
19.365952
19.220514
19.218151
19.365145
19.082581
16.839169
16.838894
16.371021
16.242376
16.371146
16.242244
16.839444
16.840211
16.839812
16.371459
16.242932
16.242642
16.371763
15.743036
15.470833
15.470898
15.862314
15.743208
15.86215
15.317621
15.471419
15.317951
15.47109
15.131256
14.949686
15.131157
14.949797
15.743229
15.470878
15.471006
15.862615
15.862387
15.743442
15.131236
14.949672
15.131158
14.949735
15.317658
15.47141
15.471192
15.317858
14.461319
14.306118
14.461707
14.305708
14.638359
14.790843
14.790968
14.638215
13.921368
14.104491
14.104036
13.418977
13.697669
13.920111
14.638192
14.790816
14.790865
14.638167
14.460828
14.30513
14.305075
14.460911
13.417238
13.697313
13.919585
14.103129
14.103133
13.919883
12.682622
12.364054
13.146065
12.854592
12.354845
12.674497
22.993577
13.50467
23.149029
27.97157
27.879699
13.500355
13.143304
12.852902
12.664809
12.317158
12.671958
12.326723
28.96679
28.431228
23.24722
13.49733
23.313487
13.493164
23.246637
25.216422
24.869455
24.513404
25.307476
24.778444
24.42948
26.627286
21.054324
26.317272
11.991407
26.314525
26.629662
26.625232
25.238064
24.852086
24.49052
24.792424
24.436547
25.298906
23.51401
23.31139
23.333473
23.551979
23.387619
23.364518
23.028755
23.046356
23.0707
22.779262
22.760465
23.886044
23.705446
23.921636
24.302178
24.166954
24.15782
24.071513
24.254615
24.11708
23.734039
23.967838
23.955976
23.309311
23.506207
23.324309
23.051528
23.025962
23.529753
23.356695
23.343597
22.762068
23.036391
22.750369
21.929901
22.140933
22.382256
22.574854
21.936938
22.164342
22.352211
22.559785
21.713989
21.498297
21.306346
21.093384
21.719361
21.508788
21.298463
21.091088
22.138177
21.923237
22.559508
22.367903
22.349169
22.550117
21.927694
22.152853
21.496639
21.708458
21.09006
21.30264
21.297142
21.08839
21.711909
21.50361
20.283684
20.4681
20.665874
20.874225
20.28432
20.470266
20.662785
20.872523
20.108229
19.937678
19.751597
19.5658
20.10866
19.938164
19.751446
19.565754
20.467706
20.2831
20.87187
20.665214
20.66222
20.870518
20.283931
20.470272
19.937619
20.107946
19.566643
19.753189
19.751457
19.566058
20.108688
19.939481
18.764708
18.593171
18.59299
18.432728
18.299992
18.433219
18.764482
18.592262
18.592732
18.433712
18.300305
18.433506
19.110702
19.247828
19.394207
19.110082
19.248314
19.394241
18.950911
18.593394
18.765405
18.593722
18.301487
18.435101
18.434677
18.433948
18.3011
18.434271
18.765852
18.594601
18.594147
19.110873
19.395219
19.249926
19.248458
19.394668
19.112275
17.618201
17.483293
17.482962
17.346212
17.215087
17.346813
17.61779
17.481944
17.482534
17.347602
17.215547
17.347257
17.870784
17.741604
17.871088
18.158566
18.009769
18.009428
18.008773
18.158199
18.00908
17.741921
17.871738
17.87142
17.483587
17.619101
17.483879
17.216762
17.348701
17.348468
17.347903
17.216499
17.348192
17.619404
17.484421
17.484169
16.413117
16.284986
16.41259
16.285525
16.878559
17.108751
16.991309
16.99113
16.990609
17.108498
16.990889
16.878796
16.414151
16.286786
16.286579
16.41436
15.372841
15.523512
15.37216
15.190097
15.012265
15.011796
15.19056
15.793169
15.525191
15.910852
15.910663
15.793357
15.191196
15.012635
15.190926
15.01291
15.37474
15.52549
15.525387
15.374843
14.014426
14.188525
14.189216
13.540363
13.806112
14.016335
14.708925
14.857298
14.708636
14.857583
14.536658
14.386598
14.536764
14.386475
13.542066
13.806616
14.017606
14.191389
14.191263
14.01679
13.774613
13.775466
23.03864
13.287551
13.023968
12.876371
12.625156
12.873307
12.621109
23.21662
13.788242
13.785479
26.570325
26.235608
20.947252
11.877487
26.234844
26.573614
25.2133
24.756537
25.194745
24.768398
20.952682
26.236539
11.883156
26.234354
26.572148
26.571328
25.224132
24.909374
24.800119
25.340879
22.72173
22.723243
23.00876
23.070584
22.776274
23.049869
22.760206
21.684237
21.477767
21.272547
21.063288
21.682347
21.472322
21.277808
21.064984
22.130483
21.920862
22.570019
22.373904
22.343656
22.556755
21.928671
22.156248
21.48367
21.70346
21.080867
21.29595
21.282845
21.077018
21.71006
21.499368
20.084133
19.915422
19.725222
19.540166
20.082782
19.911625
19.728793
19.541298
20.449482
20.265938
20.860613
20.651995
20.644842
20.857459
20.267575
20.455206
19.917106
20.08965
19.545452
19.732331
19.73025
19.544874
20.090939
19.919846
19.086971
19.373055
19.225998
19.225221
19.37263
19.087486
16.841373
16.84062
16.841017
16.373046
16.243897
16.372765
16.244169
16.841863
16.8415
16.841749
16.373364
16.244352
16.244477
16.37323
15.744398
15.472196
15.472056
15.863406
15.74419
15.863627
15.318275
15.471642
15.318072
15.471866
15.132007
14.950536
15.13209
14.950453
15.744596
15.47227
15.86371
15.863835
15.744481
15.132048
14.950558
15.132108
14.950509
15.318499
15.472045
15.472187
15.318338
14.461097
14.3052
14.461007
14.305267
14.638731
14.79159
14.791517
14.638787
13.919558
14.103145
14.103159
13.415358
13.696031
13.91944
14.638726
14.791607
14.791557
14.638788
14.460945
14.304872
14.305057
14.460758
13.414096
13.695829
13.918821
14.102496
14.102718
13.919345
12.662717
12.28691
13.140055
12.841606
12.269613
12.666618
13.503642
21.493161
28.435619
28.195903
13.550129
23.381757
23.323919
13.138582
12.839364
12.652647
12.229346
12.670567
12.201367
28.443619
28.463781
23.353862
13.686741
23.391296
13.912502
17.316603
23.396825
25.261577
24.840654
24.489434
25.275034
24.832384
24.485504
26.629228
21.054577
26.317711
11.991526
26.316868
26.627259
26.626524
25.266579
24.75907
24.414871
24.825148
24.470043
25.192051
23.550215
23.363399
23.364966
23.548758
23.362225
23.364099
23.072592
23.07229
22.782053
22.781982
23.972072
23.72826
23.947723
24.240576
24.105752
24.1093
24.175139
24.286652
24.146422
23.706463
23.917262
23.918795
23.355653
23.526125
23.341854
23.046711
23.0441
23.062435
23.510208
23.332861
23.330464
22.758749
23.05172
22.763737
21.940045
22.157985
22.373784
22.578083
21.940058
22.158078
22.373363
22.577874
21.722384
21.507567
21.305269
21.095924
21.722281
21.50679
21.306182
21.096224
22.153795
21.931335
22.558384
22.361851
22.368271
22.561997
21.929674
22.148578
21.505447
21.715469
21.091551
21.30103
21.304503
21.09271
21.714033
21.501766
20.28711
20.472334
20.666707
20.876725
20.286867
20.471531
20.667599
20.877033
20.111446
19.940777
19.753918
19.568442
20.111239
19.940301
19.754289
19.568547
20.471529
20.285115
20.873003
20.663546
20.666674
20.874125
20.284066
20.468465
19.940137
20.10957
19.565785
19.750722
19.753668
19.566799
20.108532
19.937171
18.766971
18.594801
18.595137
18.43545
18.302359
18.435628
18.766994
18.594982
18.595186
18.435217
18.302276
18.435561
19.112807
19.250471
19.396853
19.112775
19.250577
19.396928
18.950904
18.594191
18.76523
18.593362
18.299591
18.431878
18.432842
18.434609
18.300517
18.433789
18.764265
18.591405
18.592397
19.112205
19.39418
19.247071
19.249974
19.395188
19.109326
17.619743
17.484055
17.484433
17.348844
17.217083
17.348844
17.619902
17.484585
17.484604
17.348283
17.21689
17.348661
17.870965
17.740637
17.870202
18.156597
18.006519
18.007388
18.009053
18.157502
18.008271
17.739812
17.868519
17.869349
17.483488
17.618065
17.482782
17.214601
17.345637
17.34631
17.347726
17.215301
17.347042
17.617271
17.481306
17.48202
16.41418
16.286837
16.414419
16.286604
16.877363
17.106612
16.988411
16.988973
16.99023
17.107277
16.989612
16.876778
16.412784
16.28477
16.28527
16.412252
15.374754
15.525495
15.5254
15.374849
15.191121
15.012615
15.012884
15.190828
15.791974
15.524579
15.908969
15.9094
15.791573
15.19011
15.012293
15.190479
15.011956
15.373273
15.523665
15.523898
15.373036
14.017698
14.19142
14.191366
13.542999
13.807624
14.017522
14.708159
14.857054
14.708453
14.856744
14.535495
14.385363
14.53531
14.38552
13.542694
13.80749
14.016979
14.190183
14.190341
14.017367
13.797223
23.431912
13.800174
13.289086
13.028871
12.881546
12.646201
12.880011
12.644714
23.398767
13.816941
13.812809
20.957993
26.23441
11.896911
26.235349
26.572089
25.179945
24.810055
25.230042
24.767169
20.944478
26.241062
11.852328
26.236421
26.56529
26.318164
25.338917
24.690515
24.903335
25.125955
22.780298
22.777131
22.682254
22.727642
21.709329
21.484832
21.296848
21.081886
21.714721
21.500686
21.281895
21.077165
22.126566
21.88722
22.484439
22.265942
22.344472
22.521013
21.868767
22.061489
21.473352
21.671917
21.044315
21.240117
21.271908
21.052723
21.656871
21.435533
20.085888
19.911382
19.731535
19.542933
20.088885
19.919113
19.724582
19.540721
20.439094
20.249646
20.828379
20.614378
20.634084
20.835414
20.245504
20.422246
19.908168
20.074908
19.531534
19.711712
19.721876
19.533925
20.071378
19.896944
19.080506
19.360563
19.211778
19.218295
19.362678
19.075277
16.840516
16.841163
16.840809
16.372095
16.243541
16.37235
16.243312
16.840479
16.84058
16.371944
16.242761
16.243179
16.371504
15.743675
15.471615
15.471619
15.863007
15.74384
15.862821
15.317962
15.471875
15.318147
15.471719
15.131135
14.949673
15.131061
14.94972
15.743502
15.471711
15.862229
15.862668
15.743142
15.471952
15.131038
14.949691
15.131067
14.949678
15.317551
15.471683
15.315895
14.460339
14.304662
14.460546
14.304456
14.63789
14.790711
14.790774
14.637799
13.918596
14.102255
14.10202
13.411718
13.693712
13.918089
14.637674
14.790702
14.79066
14.637755
14.459384
14.302559
14.303539
14.457749
13.410627
13.693553
13.918494
14.103068
14.101456
13.918068
12.648819
12.256459
13.135003
12.834492
12.256482
12.644806
13.453955
21.636147
28.693445
28.99081
13.444937
23.36898
23.435801
13.13384
12.833584
12.643147
12.248226
12.644194
12.252339
28.008013
28.439832
13.405981
13.417254
21.988001
23.230302
25.402216
24.914456
24.554342
25.351728
24.957717
24.588906
26.617521
21.061305
26.315081
11.982184
26.310006
26.649992
26.639976
25.129663
24.79559
24.426744
24.709516
24.373213
25.245342
23.570629
23.360774
23.3765
23.073988
23.563559
23.350968
23.371577
22.779566
23.077442
22.781949
23.920621
23.695415
23.900964
24.242362
24.105665
24.109014
24.107172
24.205559
24.083032
23.704687
23.914959
23.917614
23.338789
23.504458
23.328105
23.027644
23.052861
23.508434
23.321908
23.328713
23.043163
22.753468
23.044993
22.759455
21.93414
22.153548
22.366323
22.573347
21.933612
22.151497
22.369359
22.575078
21.716258
21.502084
21.300986
21.090305
21.715996
21.50214
21.300455
21.090029
22.150346
21.928103
22.552014
22.345814
22.364697
22.558137
21.923988
22.132769
21.501011
21.711891
21.086494
21.289439
21.299707
21.088454
21.708339
21.489008
20.280876
20.466153
20.66285
20.871222
20.281446
20.467662
20.661484
20.870833
20.105191
19.9346
19.749736
19.5629
20.105778
19.936204
19.74821
19.562367
20.466122
20.280871
20.868163
20.65467
20.66133
20.869765
20.280136
20.460458
19.934862
20.105448
19.562869
19.744846
19.74856
19.563239
20.104878
19.930966
18.761419
18.589889
18.589637
18.431031
18.297322
18.430447
18.761699
18.590518
18.58988
18.430578
18.297195
18.430268
19.107243
19.246081
19.39131
19.108353
19.244846
19.390816
18.948715
18.590589
18.763311
18.591365
18.299103
18.429346
18.432047
18.431312
18.299102
18.432089
18.763455
18.588342
18.591236
19.107754
19.391527
19.243427
19.245332
19.391835
19.106712
17.615705
17.481127
17.480621
17.345137
17.21333
17.344921
17.615626
17.480762
17.480506
17.345581
17.213501
17.345065
17.868701
17.740102
17.86948
18.15641
18.004946
18.007276
18.006522
18.156366
18.007291
17.740175
17.867396
17.869517
17.481912
17.617739
17.482665
17.215537
17.3454
17.347117
17.346354
17.215493
17.34707
17.61785
17.480943
17.482753
16.411774
16.284119
16.411512
16.284394
16.878433
17.107803
16.990236
16.990524
16.989394
17.107592
16.990093
16.879134
16.413725
16.286382
16.286287
16.41382
15.373016
15.52358
15.523691
15.372937
15.189689
15.012119
15.011689
15.190108
15.792993
15.525184
15.910405
15.910398
15.793056
15.191072
15.012636
15.19063
15.013075
15.374913
15.52623
15.526322
15.373444
14.016981
14.190117
14.190172
13.542507
13.807494
14.017654
14.709036
14.857386
14.708698
14.857779
14.536304
14.385541
14.386383
14.534825
13.542989
13.807798
14.019178
14.193174
14.191523
14.018075
13.829548
23.446083
13.834812
13.289902
13.030239
12.885371
12.640976
12.88456
12.645386
23.102314
13.841078
13.846584
)
;
    }
}


// ************************************************************************* //
