/*--------------------------------*- C++ -*----------------------------------*\
| =========                 |                                                 |
| \\      /  F ield         | OpenFOAM: The Open Source CFD Toolbox           |
|  \\    /   O peration     | Version:  2412                                  |
|   \\  /    A nd           | Website:  www.openfoam.com                      |
|    \\/     M anipulation  |                                                 |
\*---------------------------------------------------------------------------*/
FoamFile
{
    version     2.0;
    format      ascii;
    arch        "LSB;label=32;scalar=64";
    class       volScalarField;
    location    "400";
    object      yPlus;
}
// * * * * * * * * * * * * * * * * * * * * * * * * * * * * * * * * * * * * * //

dimensions      [0 0 0 0 0 0 0];

internalField   uniform 0;

boundaryField
{
    inlet
    {
        type            calculated;
        value           uniform 0;
    }
    outlet
    {
        type            calculated;
        value           uniform 0;
    }
    topandbottom
    {
        type            calculated;
        value           uniform 0;
    }
    front
    {
        type            symmetryPlane;
    }
    back
    {
        type            symmetryPlane;
    }
    airfoil
    {
        type            calculated;
        value           nonuniform List<scalar> 
12960
(
47.00815
44.264697
52.468003
44.464382
44.269353
43.907214
39.416128
44.041657
39.580894
43.593325
44.155646
44.013295
52.591329
52.353959
43.777793
51.032749
42.540571
40.287059
44.177757
52.751337
44.055436
38.851996
44.205781
44.224312
39.458894
44.067107
44.738172
44.12147
52.7186
44.183448
47.183411
47.246406
42.728537
39.135019
42.614874
51.192475
38.528301
39.021604
43.76587
52.408861
52.226114
43.13593
52.382901
43.975456
39.610595
44.918198
38.768389
44.100974
44.231856
39.45265
51.556978
41.308781
36.349795
38.994097
44.353333
38.840472
38.594686
52.542885
44.331944
43.142965
52.410987
52.489393
43.589453
52.84304
38.838828
38.308388
38.509849
43.023302
43.618904
37.083618
43.142463
44.135536
39.634604
43.335095
43.499204
44.6556
53.126178
44.245623
52.791183
45.152834
44.393341
44.240165
39.41016
39.418694
44.162362
39.48951
44.129845
39.630078
45.641647
44.9928
38.936817
43.770367
52.921996
44.524327
38.585069
43.598095
53.02751
44.327766
43.902288
44.447438
38.812715
44.156639
45.513105
53.543944
48.525482
48.118999
45.267004
40.717945
52.465595
44.061161
38.774913
38.622985
40.054333
45.224267
38.978587
44.406829
53.195041
43.6399
52.788275
43.057936
43.199141
53.071588
39.8669
44.406839
48.56412
54.221847
53.392887
42.620372
52.350511
52.641742
39.130422
47.875092
43.71528
45.215077
39.004627
39.948707
45.121474
38.805035
52.753773
45.480908
45.208301
39.386447
48.122828
53.964569
45.123997
3.4560986
23.779298
23.910147
24.373731
23.498425
18.913374
18.906987
17.702497
18.114869
18.119974
17.698269
17.063992
17.066901
25.989269
25.986388
16.739561
16.739112
15.655291
16.049562
16.049537
15.658112
23.764245
24.235458
23.689426
24.334955
18.931778
18.925575
17.715928
18.12929
17.710632
18.134939
17.073703
17.078476
26.013767
26.040397
16.731738
16.734056
15.647354
16.043917
15.649738
16.041538
23.635855
24.306602
23.734196
24.13806
18.928006
18.931446
17.714419
18.135609
17.716961
18.132781
17.07996
17.077793
26.090359
25.992386
16.730458
16.730118
15.646192
16.039942
15.645775
16.040342
23.642067
24.370027
23.781343
24.169525
18.916513
18.921188
17.705287
18.126636
17.708644
18.122913
17.072478
17.069553
26.053122
25.990511
16.73451
16.732694
15.649859
16.042621
15.648433
16.044191
23.7785
24.240677
23.689796
24.360596
18.921715
18.917564
17.708546
18.123529
17.705744
18.1267
17.06982
17.072188
26.004853
26.016825
16.731206
16.7335
15.647152
16.043312
15.649054
16.041265
23.662222
24.235758
23.676162
24.189367
18.925515
18.923986
17.712522
18.129299
17.711173
18.130715
17.074853
17.076128
26.046743
25.99256
16.728138
16.729173
15.643829
16.039009
15.644835
16.03798
23.75628
24.311455
23.752386
24.335603
18.924934
18.928065
17.711454
18.132236
17.713709
18.129736
17.076924
17.074945
25.991573
26.024006
16.729456
16.727373
15.645534
16.037583
15.643626
16.039559
23.762587
24.128067
23.613137
24.364135
18.919135
18.918594
17.706949
18.124717
17.706942
18.124865
17.070992
17.070795
25.956214
26.064386
16.735985
16.73441
15.651682
16.044221
15.650002
16.045882
23.677427
24.228978
23.67815
24.221161
18.925303
18.922737
17.710879
18.127668
17.709369
18.129493
17.072681
17.073808
26.026505
26.017736
16.736411
16.737059
15.651893
16.046818
15.652564
16.046131
23.758691
24.36182
23.77273
24.319224
18.921415
18.925548
17.708398
18.128941
17.710213
18.126483
17.073195
17.072111
26.051113
26.004304
16.73475
16.734002
15.651082
16.044224
15.650265
16.045047
24.027541
24.563943
26.028749
25.536234
25.630781
25.038833
24.359179
24.586125
26.076051
25.917413
25.686106
25.444612
23.562222
23.329291
23.784
24.188814
24.38758
23.667883
23.568392
23.47624
18.727884
18.257683
18.263037
18.720672
18.915005
18.922775
18.729332
18.270424
18.264203
18.736621
17.579589
17.171828
17.175501
17.575696
17.703399
18.126931
18.121046
17.708505
17.58045
17.180636
17.17627
17.585347
16.692003
16.688422
16.525168
16.113661
16.116948
16.521845
17.071887
17.06766
16.692655
16.696548
16.525858
16.121257
16.117613
16.529776
15.596429
15.992629
15.995641
15.596344
15.597091
15.999865
15.996303
15.600467
25.523554
25.522285
25.98875
26.098054
25.532327
25.694678
18.953041
18.950902
18.952238
18.95082
16.573925
16.169252
16.169468
16.573737
16.738307
16.734976
16.572705
16.164816
16.168259
16.569396
15.654154
16.044893
16.048344
15.650727
24.415159
24.519633
26.00628
25.974442
25.589646
25.522064
24.504732
24.503168
25.994056
26.004165
25.569502
25.584317
23.557277
23.491655
23.760087
24.319879
24.321613
23.751794
23.555957
23.54574
18.745401
18.272871
18.73932
18.278646
18.93276
18.932369
18.746396
18.279841
18.279669
18.746181
17.59259
17.182509
17.587404
17.187388
17.716953
18.136236
18.135964
17.71747
17.593613
17.189186
17.188406
17.5942
16.702747
16.698232
16.536016
16.122829
16.531464
16.127133
17.080315
17.079488
16.703745
16.704706
16.53704
16.129283
16.128131
16.538109
15.605924
16.001399
15.601909
16.005614
15.606893
16.007775
16.006602
15.608161
25.5522
25.610583
26.022568
26.010988
25.567988
25.548234
18.946982
18.950148
16.566208
16.163849
16.568483
16.161485
16.731151
16.730182
16.565641
16.159958
16.160907
16.564723
15.646782
16.040005
16.040959
15.645838
24.494691
24.302516
25.891292
26.019555
25.400666
25.598638
24.564173
24.358946
25.940606
26.024566
25.469482
25.624302
23.448058
23.527969
23.661211
24.374705
24.185972
23.787166
23.468389
23.574903
18.742039
18.279166
18.745336
18.276227
18.926823
18.922799
18.74087
18.271356
18.275116
18.736906
17.591266
17.188805
17.593725
17.186572
17.713394
18.128011
18.131693
17.709914
17.590258
17.18234
17.185613
17.586835
16.702423
16.704422
16.535952
16.129094
16.537863
16.127344
17.073622
17.076849
16.701514
16.698392
16.535063
16.123544
16.126496
16.531988
15.606561
16.007605
15.608054
16.005916
15.605787
16.002185
16.005085
15.603053
1.6573927
25.672069
25.525179
26.050472
26.002626
25.61868
25.527358
16.565061
16.159897
16.564672
16.160295
16.730719
16.732061
16.565342
16.161985
16.160593
16.566725
15.646504
16.042032
16.040643
15.647878
24.560749
24.344066
25.935061
26.033249
25.46198
25.631071
24.341954
24.308828
25.939078
25.934515
25.456197
25.460996
23.448215
23.569576
23.609918
24.167399
24.133132
23.640424
23.418566
23.446649
18.730943
18.269939
18.735355
18.266064
18.915574
18.916311
18.730068
18.265799
18.26531
18.730722
17.582336
17.181173
17.585593
17.178173
17.704643
18.122636
18.122191
17.704981
17.581713
17.177836
17.177603
17.582022
16.694551
16.6973
16.528218
16.12252
16.530913
16.119984
17.069208
17.068997
16.694031
16.694173
16.527708
16.119582
16.119504
16.52784
15.599801
16.001182
15.602111
15.998705
15.599361
15.998296
15.998235
15.599372
25.619646
25.513024
26.054399
26.053577
25.63165
25.620222
16.569142
16.162586
16.567357
16.16421
16.734822
16.734172
16.569446
16.163896
16.164476
16.568816
15.650081
16.043883
16.044445
15.649569
24.422252
24.548236
26.018731
25.979084
25.611965
25.531157
24.425221
24.524167
26.016757
25.975982
25.600194
25.531162
23.568219
23.489567
23.762888
24.244184
24.337737
23.693397
23.555622
23.492989
18.735748
18.266747
18.731872
18.270072
18.922653
18.923793
18.736659
18.272333
18.27092
18.737908
17.585451
17.178473
17.58275
17.180917
17.709318
18.128965
18.127527
17.710806
17.586209
17.183178
17.181638
17.58771
16.69689
16.694715
16.530503
16.120053
16.528368
16.122028
17.074447
17.072899
16.697573
16.699155
16.531184
16.124295
16.122683
16.532784
15.601526
15.998748
15.59977
16.000666
15.602139
16.002917
16.00131
15.603727
25.533128
25.562519
26.001692
26.028976
25.537211
25.580674
18.945039
18.94895
16.565912
16.163305
16.568164
16.161204
16.730597
16.729452
16.565301
16.159309
16.160599
16.564111
15.646566
16.039351
16.040664
15.645199
24.423571
24.363692
25.943095
26.01576
25.474582
25.570921
24.495683
24.446898
26.008435
25.993288
25.569542
25.567044
23.468426
23.475833
23.701339
24.313777
24.261105
23.752011
23.499778
23.547834
18.739656
18.272652
18.738149
18.274093
18.926338
18.928164
18.740412
18.275921
18.274721
18.742018
17.589416
17.183577
17.588085
17.184866
17.713035
18.132407
18.131309
17.713897
17.589907
17.185932
17.185301
17.590705
16.700831
16.699582
16.534464
16.124741
16.533218
16.125955
17.077131
17.076547
16.701208
16.701667
16.534831
16.126609
16.126287
16.535253
15.605325
16.003364
15.604174
16.004563
15.605611
16.005174
16.004883
15.605811
25.609143
25.54121
25.994529
26.021528
25.535589
25.566274
18.942484
16.562774
16.158976
16.563816
16.15794
16.727749
16.727167
16.562398
16.157233
16.157608
16.561866
15.643553
16.037336
16.037663
15.64336
24.492246
24.524536
26.025416
25.990528
25.612076
25.561655
24.290031
24.492642
26.026489
25.928433
25.603417
25.436229
23.547643
23.549241
23.7282
24.117849
24.30301
23.604818
23.521692
23.416581
18.738939
18.275758
18.741894
18.273155
18.923292
18.919201
18.737407
18.26848
18.271841
18.733557
17.588324
17.185728
17.590514
17.183702
17.710344
18.125262
18.128482
17.707458
17.587253
17.18015
17.182728
17.584455
16.699594
16.701451
16.533187
16.126379
16.53503
16.124632
17.071484
17.073999
16.69872
16.69637
16.532324
16.12162
16.123826
16.529989
15.603951
16.004942
15.605574
16.00323
15.603218
16.000286
16.002445
15.601172
25.518088
25.571548
25.98355
26.064194
25.511631
25.648299
18.943248
18.940407
18.944878
18.949223
16.564148
16.157474
16.562081
16.159476
16.730501
16.733603
16.565178
16.163405
16.160453
16.568247
15.64644
16.043421
16.040516
15.649216
24.300476
24.561836
26.067293
25.929209
25.668658
25.439928
24.405402
24.558458
26.060792
25.97939
25.658987
25.524016
23.548864
23.424241
23.765726
24.224975
24.362682
23.680886
23.553193
23.483698
18.733395
18.267923
18.732966
18.268127
18.919786
18.921972
18.733993
18.270421
18.268608
18.73608
17.58391
17.179654
17.583946
17.179492
17.707317
18.127042
18.125315
17.708819
17.584254
17.181011
17.179768
17.58569
16.695592
16.695888
16.529142
16.121137
16.5295
16.120688
17.072238
17.071052
16.695795
16.696823
16.529317
16.121596
16.120813
16.530253
15.600114
15.999806
15.600695
15.999328
15.600164
16.000164
15.999435
15.600706
25.470007
25.64803
25.963315
26.026721
25.480759
25.58779
18.950722
16.570639
16.16421
16.569053
16.165861
16.73632
16.736996
16.570972
16.166798
16.166209
16.571596
15.652037
16.04681
16.046233
15.652575
24.412043
24.40177
25.979954
25.98879
25.524136
25.53886
24.595041
24.394938
25.935293
26.069479
25.475684
25.681035
23.480416
23.47896
23.69066
24.397623
24.222146
23.790311
23.494779
23.57512
18.739206
18.271077
18.73682
18.273028
18.926062
18.926376
18.739873
18.273277
18.273501
18.739991
17.58764
17.181473
17.586217
17.182662
17.711186
18.129626
18.129915
17.710789
17.587917
17.182457
17.182868
17.587508
16.698179
16.697214
16.531469
16.121906
16.530611
16.122639
17.073603
17.073999
16.698331
16.697977
16.531585
16.122369
16.122733
16.531159
15.60146
16.000456
15.600936
16.001145
15.60151
16.000883
16.001231
15.601161
8.1351936
11.431424
25.588587
25.574339
26.061861
25.974094
25.628154
25.501803
18.952671
18.952701
18.952075
18.949256
16.570917
16.166812
16.571632
16.166115
16.735922
16.734309
16.570415
16.164305
16.165666
16.568793
15.651502
16.04442
16.0457
15.650406
24.553941
24.501391
25.997592
26.041748
25.57435
25.637027
24.00177
24.578444
26.068553
25.465463
25.673694
24.967864
23.553261
23.563178
23.779103
23.892828
24.38342
23.498986
23.561053
23.33322
18.735494
18.272555
18.739185
18.269814
18.920252
18.914253
18.734557
18.264518
18.26922
18.727828
17.585326
17.182017
17.586967
17.180821
17.7081
18.121574
18.125994
17.704634
17.585075
17.177845
17.180678
17.581964
16.696843
16.697644
16.529991
16.122089
16.530813
16.121487
17.069927
17.071982
16.696836
16.694158
16.529955
16.119149
16.121483
16.527555
15.600494
16.000621
15.600936
16.000071
15.600492
15.998017
16.000071
15.601379
25.621591
25.553825
25.954707
26.014442
25.485084
25.562316
18.947419
18.948322
16.569182
16.164085
16.568483
16.164895
16.735529
16.734478
16.56991
16.164648
16.165578
16.569086
15.651664
16.044997
16.045706
15.653701
21.030515
13.003506
21.057406
13.000538
21.053971
13.001156
13.006949
13.0094
21.057416
13.008459
13.011998
13.022116
21.055124
13.02937
21.058608
13.031457
20.939281
20.958458
13.708127
13.711757
12.904908
26.422188
27.364202
12.909119
28.253759
27.904301
21.051838
13.805209
13.801891
13.001787
20.95407
20.94555
13.715019
13.718333
12.911911
28.813465
28.222156
12.913934
28.007462
28.473039
13.799439
13.796975
13.000126
20.945011
20.945359
13.717868
13.71406
12.912725
28.444961
2.5697698
30.283522
12.906898
28.090366
28.715319
13.796859
13.798556
13.004576
20.955332
13.711187
13.708138
12.902706
27.455907
28.41511
12.897017
28.236175
28.509007
13.800074
13.80123
13.009359
13.707914
13.708558
12.894737
27.631074
28.25663
12.891277
28.564393
27.596821
13.800543
13.798775
13.00863
13.708711
13.707825
12.888577
28.266663
27.933741
12.882124
28.169621
27.836585
13.798088
13.798116
13.009656
20.945591
13.706118
13.701832
12.876707
28.722366
28.146234
12.865771
28.428822
27.950052
13.79946
13.803733
13.018229
20.951138
13.699634
13.697782
12.859388
27.758738
27.030835
12.850926
27.116512
27.220748
13.806262
13.808768
13.027374
20.946968
20.944167
13.697309
13.69625
12.846884
26.611877
27.305726
12.839315
8.2916296
30.309199
13.178974
21.057197
13.809173
13.80863
13.030868
20.946414
20.938937
13.695246
13.693975
12.837646
27.364094
26.264164
12.83309
25.492064
25.663271
13.808577
13.809459
13.031723
24.012765
23.715843
23.943176
24.133125
23.827737
24.003367
24.223364
24.293103
24.148228
23.606572
23.677602
23.815571
22.100474
22.285894
22.315478
22.077335
20.425601
20.614463
20.61957
20.421325
19.072016
18.912435
19.207649
19.20937
19.070637
18.911725
17.832345
17.701828
17.831645
18.118092
17.965784
17.968699
17.970589
18.119207
17.96983
17.700855
17.827919
17.830602
17.065612
16.946925
16.947658
16.948646
17.066312
16.948112
26.621926
25.985472
21.051215
26.050541
16.882179
16.740676
16.883398
16.741108
16.88298
15.797064
15.656194
16.050833
15.9145
15.914458
16.050513
15.656834
15.797644
14.54009
14.38866
14.389333
14.539365
12.842678
13.00359
12.842891
23.757034
23.988219
23.983725
24.098965
24.304165
24.157562
23.729073
23.904463
23.953228
24.191111
24.337673
24.189956
22.14761
22.352827
22.1391
22.363177
20.457251
20.650261
20.454365
20.653364
19.091396
18.930205
19.227656
19.08923
18.928103
19.229876
17.714479
17.846231
17.844764
17.979485
18.131512
17.981648
17.712675
17.840823
17.842923
17.98502
18.133434
17.983531
16.955247
17.075494
16.956998
16.959941
17.077121
16.958598
26.629279
25.995629
25.993909
16.732431
16.874338
16.733208
15.648045
15.789074
15.908858
16.043029
15.648842
15.791475
15.906476
16.042233
14.532778
14.381534
14.382204
14.532107
12.840187
13.000267
12.83993
23.653541
23.838256
23.861573
24.161251
24.254787
24.113589
23.696617
23.957923
23.91516
24.017823
24.176225
24.047992
22.117888
22.33786
22.125669
22.328
20.449685
20.646527
20.451679
20.64431
19.090021
18.929182
19.229368
19.091241
18.930347
19.228093
17.715376
17.844522
17.845503
17.98583
18.134775
17.985037
17.71624
17.847152
17.846396
17.983108
18.133815
17.984113
16.961524
17.079385
16.960979
16.959433
17.078648
16.960267
26.62972
26.049743
21.047419
26.627859
25.99501
16.73027
16.873025
16.730153
16.872701
15.645963
15.787859
15.904882
16.039986
15.645821
15.78746
15.905287
16.040122
14.530704
14.380346
14.380118
14.530933
12.841828
13.0017
12.842622
23.693203
23.851699
23.910276
24.219632
24.3256
24.177716
23.74655
24.010663
23.972056
24.039715
24.244848
24.106576
22.116231
22.350581
22.133184
22.330315
20.435828
20.635366
20.439882
20.630617
19.07831
18.917885
19.217883
19.080045
18.919505
19.216025
17.706235
17.835169
17.836151
17.9771
18.125258
17.975767
17.707389
17.838635
17.837343
17.973514
18.123975
17.974533
16.954205
17.071369
16.953122
16.951353
17.070367
16.952146
26.630076
26.017031
26.629148
21.052512
26.629463
25.984117
16.733996
16.877112
16.876578
16.733363
16.875237
15.649477
15.791565
15.907555
16.043217
15.648983
15.790099
15.909074
16.043762
14.533894
14.383587
14.383279
14.534205
12.849484
13.007652
12.85037
23.77253
24.006107
24.000998
24.102637
24.318178
24.170773
23.740486
23.906639
23.965607
24.212919
24.358479
24.209058
22.143799
22.347629
22.13093
22.362425
20.443775
20.635449
20.439972
20.639863
19.081174
18.920468
19.217517
19.079612
18.919023
19.219208
17.70764
17.838587
17.837652
17.974072
18.124599
17.975089
17.706672
17.835675
17.836645
17.977107
18.125698
17.97614
16.951589
17.07058
16.952322
16.953887
17.071397
16.953114
26.630231
25.991149
26.63037
25.984221
16.731931
16.873736
16.87447
16.732722
15.64779
15.788788
15.90822
16.04264
15.648441
15.790734
15.906223
16.041937
14.532614
14.381605
14.382119
14.532075
12.853135
13.009259
12.853145
23.643076
23.871665
23.848429
24.093279
24.18956
24.056157
23.653649
23.894423
23.865314
24.059562
24.154844
24.031146
22.109208
22.318756
22.108344
22.319586
20.442808
20.636475
20.442257
20.637032
19.085447
18.924814
19.222808
19.084925
18.924304
19.223337
17.712019
17.842575
17.842056
17.979718
18.129684
17.980107
17.711568
17.841206
17.841598
17.981109
18.130157
17.980572
16.956563
17.075261
16.956974
16.957828
17.075689
16.957399
26.631591
26.080676
26.03196
16.728524
16.870754
16.728871
15.644148
15.785479
15.90394
16.038671
15.644486
15.786491
15.902917
16.038325
14.529275
14.37871
14.378928
14.529036
12.853524
13.008509
12.853836
23.761879
23.98242
23.985504
24.171417
24.318406
24.177561
23.756742
23.972373
23.977648
24.188165
24.331911
24.188189
22.150633
22.372865
22.155477
22.368204
20.451833
20.65087
20.45427
20.648127
19.087328
18.926383
19.226807
19.088484
18.927463
19.225568
17.712445
17.841533
17.842561
17.982505
18.13171
17.981992
17.713219
17.843861
17.84336
17.980095
18.130852
17.981165
16.958557
17.076472
16.958111
16.95662
17.075796
16.957448
26.630684
26.012963
21.054748
26.629954
26.022751
16.728544
16.871989
16.727835
16.869892
15.644735
15.787143
15.902589
16.038047
15.644088
15.785215
15.904542
16.038718
14.530375
14.380907
14.380168
14.531114
12.85899
13.013152
12.859913
23.716398
23.995039
23.938357
24.00173
24.185197
24.054756
23.655597
23.817986
23.865998
24.208266
24.282318
24.139447
22.118314
22.316932
22.105296
22.333476
20.436541
20.629143
20.434882
20.631299
19.079094
18.918646
19.216495
19.078833
18.918431
19.216811
17.706726
17.836922
17.836676
17.975263
18.124497
17.975037
17.706706
17.83687
17.83664
17.975359
18.124568
17.975089
16.952749
17.070726
16.952475
16.952506
17.070672
16.952404
26.628991
26.006803
26.6273
26.054445
16.735576
16.878513
16.878118
16.735062
16.876981
15.651232
15.793348
15.909139
16.044893
15.650674
15.791669
15.910811
16.045442
14.53652
14.38682
14.386328
14.537
12.871003
13.023336
12.872379
23.67704
23.891392
23.893462
24.090418
24.22511
24.088922
23.677958
23.894477
23.894184
24.08496
24.228131
24.089463
22.115204
22.324701
22.11325
22.326609
20.444593
20.63764
20.443099
20.639202
19.085216
18.924433
19.222253
19.084281
18.923559
19.22325
17.710436
17.841066
17.840588
17.978021
18.128307
17.978626
17.709917
17.839461
17.840037
17.979726
18.128932
17.97921
16.954276
17.073111
16.95468
16.955325
17.073499
16.955041
26.625128
26.016814
21.055218
26.034794
16.736776
16.879003
16.879363
16.736992
15.652217
15.793607
15.911729
16.046708
15.652445
15.794264
15.911047
16.046477
14.537746
14.387491
14.387692
14.537516
12.879592
13.029821
12.880312
23.732401
23.979822
23.943647
24.210422
24.289674
24.152312
23.740488
24.001212
23.956698
24.178886
24.262728
24.132739
22.151888
22.373996
22.15691
22.369496
20.449253
20.649861
20.452887
20.64587
19.083702
18.922844
19.223749
19.085345
18.924308
19.221933
17.708889
17.838427
17.838981
17.979107
18.12808
17.978308
17.709535
17.840426
17.839693
17.976879
18.127204
17.977515
16.954711
17.072751
16.954304
16.953737
17.072366
16.953957
26.62768
26.109748
26.072333
16.734198
16.877321
16.733948
15.650604
15.792772
15.909237
16.04425
15.650324
15.791933
15.910058
16.04453
14.536735
14.387185
14.386865
14.537074
12.884305
13.03168
12.884965
24.312742
24.47947
26.567983
25.992243
26.56494
25.946163
25.34205
25.561303
24.30472
24.917512
25.456096
24.720592
24.397168
24.508063
26.570572
26.028174
26.571045
20.944307
25.937779
25.39084
25.61074
24.696878
24.952369
25.480172
25.122432
23.363391
23.505815
23.314155
22.959888
23.058724
23.018249
23.414682
23.171771
23.239481
24.017549
23.741311
23.965331
24.222223
24.061496
24.090213
24.231122
24.317466
24.169802
23.688741
23.875486
23.900025
23.371571
23.535209
23.347195
23.493796
23.300734
23.315288
21.453408
21.244346
21.253552
21.44192
22.133045
22.344964
22.350427
22.13099
21.477624
21.279135
21.275099
21.480957
19.897118
19.708966
19.711465
19.894364
20.43883
20.639032
20.634491
20.44327
19.906482
19.723502
19.719846
19.91036
18.55591
18.727
18.554904
18.260991
18.390754
18.394119
18.396353
18.262197
18.395419
18.725773
18.549872
18.553461
19.077773
18.917238
19.218733
19.215677
19.080646
18.919911
18.557282
18.731384
18.559218
18.268021
18.404185
18.401669
18.397611
18.265885
18.399409
18.733894
18.564252
18.561616
17.443953
17.578963
17.443348
17.174024
17.30404
17.306252
17.307772
17.174914
17.307164
17.578059
17.440128
17.442449
17.833294
17.704732
17.834693
18.124635
17.977206
17.975004
17.971601
18.122616
17.973083
17.706478
17.838626
17.836518
17.44477
17.581723
17.445981
17.178883
17.313081
17.31127
17.308564
17.177396
17.309729
17.583396
17.44946
17.447582
16.835827
16.691597
16.690963
16.367716
16.524657
16.115714
16.235786
16.239074
16.116448
16.523852
16.364428
17.070191
16.953478
16.951832
16.949381
17.068753
16.95044
16.836468
16.693657
16.694984
16.368376
16.526873
16.119801
16.243413
16.239728
16.118564
16.528207
16.372151
15.740013
15.595904
15.994433
15.85603
15.858993
15.995141
15.595554
15.737634
15.314496
15.314922
15.740681
15.597989
15.998445
15.86316
15.859659
15.997236
15.599132
15.744089
15.316362
15.315514
15.469904
14.459677
14.306003
14.305419
14.460239
14.1058
14.10526
13.926296
13.708861
13.926485
14.461772
14.306693
14.460914
14.30754
14.106473
14.107319
13.710791
13.92905
13.928128
12.752064
12.905837
12.752
22.226316
28.767822
28.060252
23.130102
22.937471
12.908202
12.753767
12.753006
28.254677
27.908144
22.985386
23.05291
25.198759
25.52292
25.585971
25.184405
26.621874
26.027864
26.092818
25.216931
25.597759
24.790169
25.688989
25.397202
22.151267
22.360104
22.364083
22.147329
21.505249
21.301822
21.304653
21.501989
22.167527
22.389794
22.384158
22.171564
21.513567
21.312123
21.311144
21.514976
20.472419
20.665802
20.667457
20.471111
19.941317
19.754457
19.754986
19.9407
20.47411
20.670331
20.670037
20.474294
19.941088
19.754187
19.754287
19.941056
19.113897
18.954111
19.251428
19.251527
19.114052
18.954862
19.112128
19.249705
19.249976
19.1118
18.951283
16.417717
16.574936
16.170767
16.290115
16.290302
16.17046
16.575194
16.417554
16.880915
16.737095
16.735984
16.877578
16.416474
16.571505
16.165877
16.285603
16.289067
16.167033
16.570399
16.413049
15.379693
15.529653
15.530734
15.378728
15.795918
15.652961
16.045962
15.90984
15.913287
16.047123
15.651806
15.792467
15.37638
15.377569
15.527184
14.192488
14.193184
14.019175
13.805134
14.018532
14.537383
14.387763
14.538415
14.386762
14.191599
14.190628
13.802774
14.014722
14.015724
13.002297
12.841335
12.841779
24.493342
24.5268
26.570345
26.027606
26.567427
26.574466
26.027547
25.615529
25.292703
25.603937
25.200607
24.498398
24.495336
26.566561
25.991517
26.566791
20.946781
25.994391
25.269963
25.563893
24.855276
24.847986
25.569312
25.283261
23.548151
23.368357
23.358119
23.044171
23.523203
23.311481
23.336282
23.062331
23.980997
23.755937
23.975736
24.316408
24.17666
24.175588
24.180831
24.314505
24.174585
23.755178
23.974737
23.975904
23.369391
23.55294
23.367396
23.071033
23.074599
23.551182
23.357579
23.364702
21.496151
21.289896
21.491182
21.294184
22.159181
22.371904
22.376137
22.155154
21.503099
21.29739
21.299934
21.500167
19.923137
19.733444
19.920647
19.735851
20.460528
20.655416
20.656974
20.459223
19.926037
19.738138
19.738736
19.925301
18.743843
18.572911
18.57135
18.406725
18.275158
18.40908
18.74178
18.566885
18.569305
18.412631
18.277121
18.411086
19.094342
18.933144
19.232512
19.232807
19.094117
18.93298
18.573928
18.746819
18.574392
18.280212
18.413724
18.414141
18.413653
18.280179
18.414144
18.746717
18.573876
18.574346
17.59116
17.456528
17.455116
17.31501
17.184348
17.316895
17.589393
17.45145
17.453386
17.319983
17.186011
17.31859
17.847256
17.717531
17.847819
18.136562
17.986413
17.986698
17.986048
18.136495
17.986597
17.717685
17.847697
17.847947
17.457549
17.594205
17.458154
17.189282
17.321717
17.321842
17.321001
17.189035
17.321618
17.594384
17.458202
17.458356
16.701443
16.846593
16.699904
16.534693
16.378246
16.245012
16.124403
16.533143
16.373791
16.249373
16.125868
17.080387
16.961848
16.961891
16.960954
17.080123
16.961604
16.847582
16.704402
16.704714
16.848476
16.379261
16.53773
16.129204
16.251484
16.250374
16.128825
16.538079
16.380355
15.604726
15.749593
15.864663
16.002936
15.60336
15.745549
15.868811
16.004371
15.322739
15.323873
15.750558
15.607595
16.007681
15.870998
15.869792
16.007294
15.608016
15.751769
15.325466
15.324794
15.478989
14.46769
14.314253
14.313247
14.468739
14.113984
14.112987
13.932282
13.71602
13.933304
14.470251
14.315079
14.469604
14.315695
14.114804
14.115418
13.718064
13.935768
13.935455
12.756296
12.912674
12.757043
23.139671
27.847499
27.852207
22.92461
22.941595
12.913929
12.757747
12.757969
28.166717
28.43939
22.9351
23.00073
25.529055
25.22278
25.536405
25.306446
24.780453
26.628918
26.02371
26.020998
25.241183
25.57139
25.565551
25.218341
22.145925
22.370656
22.155763
22.359098
21.499468
21.303992
21.505496
21.298858
22.131307
22.344719
22.343898
22.132076
21.488214
21.288832
21.288805
21.488431
20.466829
20.665027
20.469658
20.661773
19.935917
19.75131
19.937858
19.749572
20.460516
20.654344
20.654709
20.460082
19.931256
19.744795
19.745314
19.930738
19.108503
18.948118
19.247472
19.109693
18.949223
19.246175
19.105394
19.242343
19.242828
19.104927
18.944765
16.566883
16.409766
16.284637
16.162969
16.567646
16.412101
16.282266
16.162178
16.873744
16.730691
16.730369
16.872766
16.409189
16.5652
16.160141
16.280725
16.281683
16.160456
16.564894
16.408252
15.371408
15.521324
15.370696
15.788492
15.646336
16.04019
15.904946
15.905898
16.040507
15.646023
15.787528
15.369633
15.370101
15.520245
14.185567
14.186213
14.011982
13.798746
14.011217
14.531108
14.380974
14.531548
14.380534
14.185031
14.184612
13.797248
14.009246
14.009559
13.000001
12.840234
12.839974
24.44036
24.349278
26.57176
25.94019
26.568549
20.956706
26.573025
26.008149
25.466801
25.066539
25.567999
25.28981
24.535901
24.46339
26.572187
26.011326
26.570967
26.028794
25.138788
25.576846
24.915378
24.703198
25.619483
25.337153
23.461247
23.275396
23.285123
23.023157
23.495497
23.340135
23.312303
23.002402
23.869948
23.714042
23.934373
24.346081
24.225192
24.197365
24.057157
24.277491
24.134724
23.762833
24.016616
23.990248
23.291887
23.511374
23.326847
23.036254
23.553107
23.381068
23.362035
21.478116
21.282343
21.482203
21.278937
22.131807
22.359751
22.345933
22.142234
21.483001
21.284031
21.281729
21.486667
19.918837
19.733822
19.920411
19.73234
20.447617
20.642919
20.643027
20.447086
19.915499
19.727552
19.72882
19.91432
18.743187
18.569925
18.571045
18.413
18.278287
18.412076
18.744304
18.573095
18.57212
18.40995
18.27729
18.411041
19.086373
18.925595
19.223067
19.22442
19.085025
18.924268
18.568772
18.739651
18.567567
18.272698
18.404985
18.406358
18.408818
18.273947
18.40763
18.738341
18.564867
18.566273
17.5922
17.45538
17.456293
17.321306
17.188204
17.320677
17.593036
17.45776
17.457102
17.319001
17.187445
17.319893
17.843478
17.712303
17.84237
18.129321
17.978436
17.979716
17.982043
18.130546
17.980917
17.711142
17.839937
17.84119
17.45439
17.589183
17.453331
17.183487
17.314708
17.315873
17.318027
17.184582
17.316982
17.58804
17.451021
17.452205
16.703233
16.846112
16.703914
16.536738
16.378268
16.251271
16.128679
16.537389
16.380128
16.249456
16.128083
17.074751
16.955328
16.956438
16.958506
17.075831
16.957503
16.845194
16.700527
16.699479
16.842047
16.377391
16.534092
16.12457
16.245585
16.248589
16.125563
16.53306
16.374353
15.607219
15.750065
15.87085
16.007211
15.607728
15.751636
15.869225
16.006636
15.325129
15.324495
15.74927
15.604926
16.003193
15.865566
15.868413
16.004169
15.604004
15.746477
15.322908
15.323745
15.476314
14.470145
14.314952
14.315519
14.469582
14.114686
14.115253
13.935447
13.717343
13.934974
14.468137
14.314269
14.468904
14.313498
14.114002
14.113228
13.715002
13.931932
13.932809
12.75521
12.911925
12.753788
23.037092
3.7683476
30.23784
13.553841
23.333986
12.908276
12.749488
12.750878
28.376937
27.970291
22.90372
23.023682
25.61696
25.361122
25.537933
25.198503
24.917993
26.627413
25.99693
21.052531
25.993273
25.306854
25.540477
25.522738
25.186824
22.15065
22.361244
22.146275
22.367067
21.498144
21.295012
21.496273
21.296437
22.140633
22.345271
22.354942
22.133182
21.493006
21.290302
21.29247
21.489961
20.462662
20.657091
20.462122
20.657765
19.931828
19.745349
19.931521
19.745612
20.461527
20.655521
20.656156
20.461158
19.93153
19.745588
19.745464
19.931585
19.105186
18.944958
19.24251
19.105027
19.242689
19.105345
18.945169
19.243033
19.242802
19.105592
16.564855
16.40859
16.280663
16.159942
16.564722
16.408196
16.28105
16.160078
16.873275
16.731066
16.731512
16.874597
16.408879
16.565707
16.16144
16.28273
16.281341
16.160973
16.566168
16.410274
15.369151
15.369365
15.788164
15.646893
16.041492
15.906977
15.905592
16.041027
15.647356
15.789535
15.370038
15.369663
15.52066
14.184534
14.18429
14.009032
13.797037
14.00918
14.531623
14.380655
14.531243
14.381033
14.184859
14.185252
13.798082
14.010588
14.01014
13.003783
12.846454
12.845433
24.515322
24.426414
26.574438
25.979635
26.573393
20.955441
26.028646
25.53272
25.129804
24.914361
25.610869
25.339849
24.308039
24.303338
26.574726
25.951356
26.57406
25.93901
25.111138
25.467717
24.689324
24.661734
25.455945
25.128371
23.492857
23.270657
23.309781
23.053579
23.538833
23.376368
23.349521
22.986678
23.817431
23.599647
23.807414
24.132309
24.037717
24.003115
24.0039
24.125387
23.994695
23.609296
23.849893
23.816728
23.243619
23.408513
23.234081
22.95421
23.417987
23.26908
23.243036
21.468253
21.275542
21.477956
21.267489
22.080408
22.293041
22.287883
22.084713
21.447796
21.252649
21.250687
21.450187
19.905392
19.721624
19.908099
19.719201
20.428016
20.622356
20.621244
20.42895
19.900538
19.715445
19.714944
19.901117
18.732227
18.559139
18.56036
18.403524
18.26851
18.402041
18.733753
18.56336
18.561819
18.399484
18.267174
18.400647
19.075423
18.915212
19.213241
19.212904
19.075721
18.915476
18.558307
18.729725
18.557979
18.265182
18.399232
18.398572
18.398694
18.265005
18.398378
18.729961
18.558901
18.558193
17.583253
17.446642
17.447531
17.313519
17.180039
17.312358
17.584372
17.449806
17.448616
17.310441
17.179011
17.311303
17.834502
17.704372
17.834224
18.122058
17.973226
17.972683
17.972821
18.121897
17.972535
17.704495
17.834872
17.834359
17.446038
17.581448
17.445779
17.17744
17.310111
17.309695
17.309854
17.177354
17.3096
17.581562
17.44632
17.445883
16.695313
16.838149
16.696252
16.528963
16.370651
16.244542
16.121548
16.529884
16.373294
16.241948
16.120683
17.068831
16.951002
16.950643
16.950813
17.068752
16.950572
16.837621
16.693792
16.693847
16.837788
16.370151
16.527474
16.119308
16.241553
16.241457
16.119276
16.527525
16.370268
15.600436
15.74315
15.864583
16.000231
15.601222
15.745514
15.862162
15.999387
15.318566
15.471277
15.4719
15.317952
15.7427
15.599142
15.998036
15.861746
15.861703
15.99801
15.59915
15.742725
15.317299
15.317522
15.470623
14.464119
14.308869
14.309461
14.463538
14.108532
14.109144
13.929276
13.710329
13.928499
14.462862
14.308426
14.463113
14.308152
14.108064
14.107759
13.708469
13.926715
13.926931
12.744758
12.901383
12.743139
22.797188
27.545688
28.444891
12.897953
12.737334
12.738632
28.189269
28.494134
22.955871
23.002916
25.56264
25.306665
25.511595
25.174228
24.870687
26.624112
26.046552
26.054757
25.329048
25.626238
25.632172
25.307317
22.149738
22.349663
22.137977
22.363624
21.502166
21.295546
21.495267
21.301335
22.175507
22.390395
22.394368
22.172228
21.516836
21.311961
21.313457
21.515027
20.468642
20.660177
20.46556
20.663733
19.9374
19.749044
19.935256
19.750981
20.474616
20.669859
20.670768
20.473823
19.941334
19.753956
19.754483
19.94076
19.109774
19.245964
19.108376
19.247467
19.112184
19.249659
19.250089
19.111777
16.568641
16.412636
16.283342
16.163199
16.568019
16.410899
16.28502
16.163764
16.87744
16.734876
16.734652
16.876775
16.412928
16.569499
16.164317
16.2847
16.285298
16.164517
16.569281
16.412317
15.372463
15.372811
15.791795
15.65011
16.044289
15.908772
15.909317
16.044482
15.649934
15.791266
15.373029
15.373009
15.523754
14.187857
14.187541
14.012031
13.800515
14.012445
14.534419
14.383771
14.534387
14.38381
14.188053
14.188108
13.801241
14.013005
14.013064
13.009119
12.852746
12.852386
24.507711
24.548443
26.569553
26.030272
20.945367
26.027236
25.624167
25.320564
24.773995
25.607472
25.211057
24.898033
24.431454
24.478085
26.569796
25.995036
26.568566
26.567068
25.955212
25.300645
25.562278
24.776349
24.874394
25.509403
25.21266
23.561681
23.376383
23.369491
23.048669
23.53308
23.306527
23.344076
23.07778
23.987623
23.735866
23.955648
24.254765
24.106483
24.1201
24.191979
24.295578
24.154796
23.710506
23.910476
23.926223
23.366589
23.533008
23.347663
23.05538
23.510689
23.310027
23.327662
21.485547
21.27522
21.477313
21.282265
22.142152
22.346665
22.358553
22.132095
21.487684
21.280728
21.285007
21.48224
19.910579
19.721481
19.908034
19.723745
20.447307
20.641526
20.643358
20.446
19.91396
19.726916
19.727034
19.913646
18.734568
18.563658
18.562525
18.400241
18.267876
18.401437
18.73322
18.559978
18.561247
18.403736
18.269029
18.40265
19.084071
18.92326
19.222431
19.222201
19.084363
18.923599
18.56455
18.737279
18.565178
18.271996
18.405983
18.405668
18.404606
18.27155
18.405237
18.73766
18.565875
18.565588
17.584572
17.449623
17.448769
17.310776
17.179263
17.311596
17.583639
17.447015
17.447868
17.313297
17.180105
17.312466
17.839376
17.709935
17.839996
18.128611
17.979372
17.979003
17.977914
18.128154
17.978537
17.710415
17.840849
17.840469
17.450367
17.586823
17.450978
17.182748
17.315555
17.315135
17.31403
17.182246
17.314638
17.587308
17.451881
17.451469
16.696148
16.840584
16.839828
16.6954
16.529772
16.372867
16.242043
16.120661
16.529037
16.370779
16.244075
16.121339
17.07401
16.956149
16.955704
16.954588
17.073504
16.955192
16.841274
16.698175
16.698696
16.84284
16.373541
16.531788
16.123814
16.246351
16.244739
16.12328
16.532315
16.375151
15.600899
15.744943
15.862179
15.999335
15.600297
15.743139
15.864042
15.999993
15.318875
15.472901
15.472293
15.319464
15.745565
15.602714
16.002435
15.86628
15.864676
16.001902
15.603243
15.747156
15.3206
15.320046
15.474064
14.463927
14.309439
14.309014
14.464398
14.108767
14.108393
13.92688
13.708013
13.927117
14.465341
14.309874
14.464877
14.310298
14.109153
14.109529
13.708439
13.928221
13.927963
12.733853
12.894083
12.732717
27.921053
28.832794
22.914699
23.078325
12.892044
12.727875
12.729195
28.239561
28.551606
23.042695
22.978012
23.040626
25.514896
25.195553
25.511901
25.240266
24.748929
26.628402
26.013568
26.628616
26.045365
25.20721
25.559094
24.823855
25.599556
25.260725
22.131254
22.351539
22.139423
22.342334
21.490104
21.29565
21.495621
21.290839
22.134794
22.355759
22.347988
22.141462
21.489838
21.29296
21.289909
21.493628
20.462289
20.659833
20.465139
20.656611
19.932636
19.748479
19.934713
19.746576
20.46026
20.656197
20.654702
20.461421
19.930517
19.744862
19.744472
19.931038
19.106295
18.946097
19.245355
19.107745
19.243818
19.104303
19.241932
19.241795
19.104386
16.56663
16.40948
16.284087
16.162611
16.567405
16.411684
16.281934
16.161889
16.87313
16.730118
16.72975
16.872041
16.40887
16.564812
16.159669
16.280064
16.281325
16.16009
16.564428
16.407641
15.370837
15.370223
15.788198
15.646047
16.039722
15.904291
15.905626
16.040152
15.645597
15.786849
15.369131
15.369648
15.519779
14.186059
14.186547
14.012139
13.80018
14.011713
14.531073
14.381108
14.531555
14.380643
14.185585
14.185141
13.799085
14.010071
14.010437
13.008762
12.853052
12.853036
24.368198
24.322844
26.568458
25.902814
25.963755
25.421489
25.145529
24.787072
25.499607
25.239519
24.709466
24.503127
24.49577
26.569583
26.018819
26.566696
26.00309
25.247837
25.597408
24.841434
24.804639
25.582226
25.26514
23.452434
23.290727
23.27714
23.458473
23.293691
23.280163
23.006059
23.920326
23.734804
23.958694
24.318414
24.172851
24.175083
24.119318
24.307823
24.162277
23.749832
23.972958
23.972951
23.316088
23.528497
23.34063
23.046663
23.543675
23.361278
23.355511
21.469452
21.269899
21.468768
21.27053
22.135584
22.361557
22.350652
22.145304
21.485555
21.289623
21.28416
21.491961
19.913042
19.726304
19.912496
19.726849
20.44985
20.648559
20.645306
20.45257
19.917551
19.73215
19.730797
19.919153
18.738995
18.567639
18.567007
18.406283
18.273031
18.406654
18.738492
18.566149
18.566509
18.40775
18.273512
18.407145
19.088017
18.927158
19.22701
19.226152
19.088771
18.92782
18.568349
18.741151
18.569031
18.275744
18.409733
18.409526
18.408417
18.275308
18.409048
18.741733
18.569801
18.569558
17.588928
17.453579
17.453105
17.315946
17.183984
17.316349
17.588483
17.452264
17.452665
17.317246
17.184416
17.316785
17.843112
17.71349
17.843595
18.132256
17.982683
17.982553
17.981673
18.131856
17.982186
17.713804
17.844044
17.843934
17.45405
17.590337
17.454457
17.185897
17.318382
17.318333
17.317698
17.185666
17.318084
17.590628
17.454789
17.454726
16.700419
16.844511
16.844091
16.699999
16.843258
16.534058
16.376829
16.246794
16.125165
16.53364
16.375591
16.248022
16.125573
17.077107
16.958768
16.958756
16.958231
17.076893
16.958559
16.8449
16.701506
16.701675
16.845397
16.377184
16.535116
16.126652
16.248721
16.248366
16.126533
16.535271
16.377571
15.604978
15.748768
15.866727
16.003787
15.604591
15.747603
15.867912
16.00419
15.322803
15.476634
15.476297
15.32313
15.749065
15.605808
16.005224
15.86848
15.86822
16.005116
15.605883
15.749296
15.323566
15.323392
15.477092
14.467175
14.312139
14.311941
14.467412
14.111089
14.110941
13.928794
13.708675
13.928902
14.467664
14.312269
14.467582
14.312312
14.111169
14.111162
13.708171
13.928633
13.928836
12.723227
12.887508
12.721457
22.917822
28.540299
28.555451
23.030924
23.030681
12.88365
12.712996
12.715379
28.236476
27.874043
22.968503
22.979194
22.916025
25.654189
25.293085
25.593525
25.229937
24.854859
26.629045
25.993308
26.628396
26.011954
25.215873
25.525844
24.795616
25.549421
25.239093
22.153827
22.371517
22.155034
22.370185
21.501013
21.299685
21.501767
21.299039
22.137632
22.34563
22.351159
22.13248
21.490753
21.286821
21.290166
21.486963
20.463832
20.65978
20.464277
20.659309
19.932003
19.745914
19.932413
19.74551
20.458645
20.651202
20.653429
20.456703
19.928272
19.740936
19.742115
19.926949
19.104284
18.943962
19.242346
19.104666
19.241958
19.101777
19.238401
19.239278
19.100972
18.940868
16.563154
16.406288
16.279742
16.158642
16.563504
16.407332
16.278701
16.158294
16.870347
16.727412
16.727196
16.405926
16.562078
16.157203
16.277929
16.278355
16.157345
16.561881
16.405447
15.367216
15.517562
15.517871
15.366918
15.78519
15.643356
16.037292
15.902335
15.902614
16.037417
15.643279
15.784955
15.366506
15.36667
15.51712
14.183327
14.18352
14.009214
13.797948
14.009012
14.528774
14.378559
14.528861
14.378497
14.183202
14.183166
13.79793
14.008918
14.008797
13.009193
12.856002
12.855274
24.499881
24.516366
26.567602
26.004539
25.992913
25.586228
25.311074
24.83636
25.566929
25.258901
24.879533
24.32686
24.410301
26.575154
25.979615
20.946583
26.574321
25.932871
25.29207
25.529207
25.454191
25.087075
23.55523
23.357452
23.366518
23.072675
23.552667
23.363647
23.366208
23.952317
23.679768
23.895906
24.15332
23.992119
24.025119
24.15641
24.228573
24.091129
23.63101
23.809034
23.838869
23.333528
23.480208
23.297873
22.966118
23.009281
23.438921
23.24436
23.263053
21.493935
21.294628
21.498158
21.290782
22.111746
22.308385
22.324017
22.098938
21.468575
21.262926
21.268987
21.461349
19.917902
19.732403
19.919654
19.730815
20.439825
20.630487
20.63427
20.436527
19.909735
19.721417
19.723513
19.907417
18.740293
18.566826
18.568115
18.409579
18.275218
18.409024
18.741312
18.56966
18.56909
18.406865
18.274324
18.408091
19.082233
18.921665
19.218435
19.220063
19.080717
18.920251
18.565371
18.735885
18.563925
18.269372
18.401968
18.402895
18.405483
18.270531
18.404107
18.734556
18.561691
18.562654
17.589282
17.452464
17.453391
17.318183
17.18527
17.317718
17.590033
17.454593
17.454121
17.316108
17.184577
17.317008
17.84038
17.709234
17.839228
18.126121
17.975797
17.976628
17.978894
18.127231
17.977695
17.708241
17.837395
17.8382
17.451428
17.586181
17.45039
17.180865
17.312462
17.313191
17.315105
17.18175
17.314099
17.585218
17.448711
17.449456
16.700382
16.843291
16.844097
16.701016
16.845183
16.533966
16.375525
16.248493
16.125957
16.534595
16.377344
16.246711
16.125361
17.072185
16.953239
16.95393
16.955699
17.073049
16.954773
16.842395
16.697841
16.697035
16.839997
16.374679
16.531455
16.122258
16.243636
16.245886
16.123013
16.530655
16.372378
15.604619
15.747418
15.868246
16.004526
15.605171
15.749062
15.866566
16.003942
15.322386
15.475258
15.321754
15.746672
15.602474
16.000913
15.863681
15.865799
16.001651
15.601776
15.744601
15.320356
15.32106
14.46627
14.310156
14.310784
14.465655
14.108753
14.109415
13.927332
13.705342
13.926681
14.464309
14.309479
14.464988
14.30879
14.108042
14.10732
13.702704
13.923643
13.924399
12.704908
12.874632
12.702025
22.959473
27.897318
27.736253
22.897518
22.878381
12.868004
12.689664
12.692802
27.855834
27.616339
22.89199
22.835765
22.873667
22.805924
25.548617
25.184337
24.802257
25.567244
25.245961
26.630568
26.017048
26.055997
25.183012
25.563613
24.91808
24.748421
25.626207
25.348346
22.127791
22.338765
22.126077
22.339888
21.48497
21.283341
21.482759
21.285483
22.151589
22.378027
22.36649
22.160932
21.501277
21.304171
21.299777
21.506481
20.456905
20.649402
20.455292
20.651148
19.927614
19.740472
19.926316
19.741693
20.465688
20.663874
20.660965
20.468301
19.934268
19.749777
19.747866
19.936306
19.101943
18.941865
19.238279
19.100928
18.940889
19.239334
19.106857
19.246129
19.244493
19.108424
18.948051
16.563248
16.407718
16.278162
16.157939
16.562545
16.40567
16.28019
16.158619
16.87305
16.731594
16.874159
16.732651
16.87618
16.408731
16.566256
16.162482
16.284184
16.281185
16.161478
16.567301
16.411765
15.367951
15.519315
15.518527
15.368731
15.788063
15.647392
16.042509
15.908343
15.905481
16.041522
15.648334
15.790878
15.370536
15.36961
15.521144
14.185682
14.184936
14.010088
13.800169
14.010749
14.532807
14.381729
14.531939
14.382594
14.186509
14.187378
13.8028
14.014146
14.013254
13.016974
12.86621
12.864184
24.359876
24.467887
26.572281
25.996078
25.936679
25.56561
25.367992
24.648655
25.468273
25.093983
24.404558
24.471287
26.570959
25.978624
20.943197
25.936456
25.358724
25.545249
24.757327
25.479925
25.197229
23.511301
23.354734
23.32396
22.997329
23.460913
23.251319
23.282462
23.99678
23.732525
23.952356
24.23128
24.08869
24.100111
24.208483
24.290294
24.150808
23.697091
23.894975
23.909616
23.35996
23.529022
23.342698
23.017128
23.049228
23.500122
23.303605
23.319369
21.469032
21.263426
21.46289
21.268168
22.133265
22.342177
22.349981
22.127604
21.479156
21.276015
21.276901
21.477512
19.906173
19.719382
19.905397
19.719992
20.441368
20.637232
20.636866
20.441929
19.90946
19.723752
19.722928
19.910268
18.732958
18.561446
18.561052
18.401397
18.267709
18.40119
18.732785
18.561108
18.560912
18.40166
18.267801
18.401303
19.081116
18.920504
19.219792
19.219005
19.081879
18.921236
18.562
18.734668
18.562636
18.269788
18.404071
18.403413
18.402175
18.269177
18.402775
18.735367
18.563988
18.563303
17.583709
17.44813
17.447949
17.311963
17.179393
17.31171
17.583705
17.448208
17.44796
17.311845
17.179351
17.311684
17.837314
17.707775
17.837797
18.126435
17.977423
17.976842
17.975778
18.125852
17.976286
17.708283
17.838887
17.838328
17.44845
17.584689
17.448862
17.180559
17.31345
17.312977
17.312143
17.180136
17.312533
17.585175
17.44982
17.449326
16.695517
16.839251
16.83916
16.695607
16.529093
16.371494
16.243151
16.120826
16.529203
16.371888
16.242736
16.120683
17.071804
16.953857
16.953446
16.95274
17.0714
16.953065
16.839472
16.696089
16.696441
16.371651
16.529581
16.121295
16.243725
16.24288
16.121025
16.529902
16.372538
15.600173
15.743594
15.863202
15.99949
15.600362
15.744128
15.862691
15.999337
15.318126
15.318052
15.743667
15.600297
15.999881
15.863447
15.862779
15.999629
15.600485
15.744287
15.318193
15.318082
14.461918
14.306104
14.306305
14.461745
14.104369
14.104623
13.921809
13.69909
13.921391
14.461656
14.305993
14.461664
14.305954
14.104202
14.104108
13.698005
13.920594
13.920689
12.68083
12.857439
12.678141
22.562854
27.727887
27.869481
22.590958
22.66882
12.85236
12.668158
12.670543
26.653631
27.102547
22.066471
22.236178
22.328524
22.32294
25.544117
25.135863
25.621526
25.346955
26.63028
26.026235
26.059917
25.146834
25.568748
24.841339
24.711293
25.621555
25.275267
22.148515
22.373484
22.15767
22.361663
21.502066
21.304495
21.506141
21.301424
22.140712
22.360201
22.352812
22.146462
21.497595
21.300004
21.297901
21.500277
20.469231
20.665465
20.470133
20.664216
19.938264
19.75207
19.938535
19.751925
20.468271
20.663908
20.662787
20.469224
19.938224
19.752703
19.752078
19.9389
19.110947
18.950604
19.248502
19.110801
18.950417
19.248597
19.111541
19.24964
19.249116
19.112039
18.951719
16.570228
16.414184
16.284992
16.164881
16.569709
16.412572
16.286631
16.165425
16.878841
16.736603
16.736834
16.879539
16.414522
16.571245
16.166682
16.287587
16.286977
16.166482
16.571459
16.415135
15.374364
15.52544
15.524978
15.374833
15.793704
15.652304
16.046701
15.911728
15.911164
16.046505
15.652486
15.794265
15.37549
15.525807
15.375206
14.191652
14.19115
14.016537
13.80695
14.017175
14.537672
14.387217
14.537383
14.387521
14.192058
14.192369
13.808453
14.018801
14.018532
13.026502
12.877064
12.87604
24.405055
24.411476
26.573318
25.989799
26.573178
25.965314
25.54021
25.196206
24.768192
25.515799
25.212204
24.551926
24.456283
26.570642
25.969857
26.569175
20.955244
26.042643
25.159248
25.530345
24.957204
24.734336
25.637542
25.390406
23.477751
23.300586
23.296071
23.007727
23.478207
23.297348
23.29584
23.902215
23.726587
23.944186
24.359824
24.240338
24.208707
24.091789
24.277447
24.140303
23.770345
24.024934
23.999468
23.315173
23.525257
23.340964
23.559514
23.38035
23.367867
21.473492
21.272299
21.471664
21.274061
22.140938
22.367071
22.356049
22.150185
21.489981
21.292808
21.288162
21.495538
19.913857
19.72619
19.912577
19.727396
20.452084
20.650526
20.647963
20.454144
19.91862
19.732288
19.731518
19.919624
18.738417
18.566917
18.566197
18.404752
18.27175
18.405458
18.737603
18.564697
18.565439
18.40683
18.272418
18.406169
19.087639
18.926576
19.226299
19.225994
19.08785
18.926712
18.567505
18.740296
18.567853
18.273684
18.407208
18.407615
18.407357
18.273746
18.407648
18.74036
18.567457
18.567857
17.587229
17.451664
17.451282
17.313933
17.181923
17.314407
17.58674
17.450325
17.450822
17.315196
17.182332
17.314841
17.841408
17.711296
17.841544
18.13003
17.979758
17.980158
17.980103
18.130117
17.980267
17.711166
17.841037
17.841424
17.451916
17.588007
17.451987
17.182771
17.315011
17.315341
17.315424
17.182912
17.315481
17.587871
17.451502
17.451848
16.697922
16.842003
16.697589
16.531247
16.373704
16.244056
16.122199
16.530951
16.37288
16.244849
16.122453
17.073899
16.955094
16.955378
16.955493
17.074035
16.955516
16.842176
16.698349
16.698227
16.373818
16.531573
16.122592
16.244605
16.244959
16.122719
16.531426
16.373435
15.601335
15.745145
15.863719
16.000733
15.601153
15.744544
15.864353
16.000971
15.319147
15.319268
15.745215
15.601474
16.001093
15.86408
15.864428
16.001215
15.601352
15.744894
15.319299
15.319322
15.472935
14.462033
14.306218
14.306206
14.462061
14.104047
14.104085
13.920486
13.697163
13.920452
14.461953
14.306181
14.462037
14.306091
14.103964
14.103831
13.696546
13.919983
13.920159
12.662496
12.845022
12.663445
21.731363
3.346249
13.144024
30.217754
19.608512
21.789494
12.839327
12.660952
12.669131
11.477345
13.526176
13.513669
19.683129
17.305572
25.573347
25.278182
25.591239
25.262058
24.84665
26.629656
26.035986
25.985124
25.310831
25.589056
24.868013
25.517327
25.177761
22.160834
22.376846
22.160963
22.376634
21.509082
21.30711
21.508884
21.307374
22.14998
22.360682
22.363332
22.147946
21.50361
21.301805
21.303022
21.502309
20.472928
20.667964
20.472653
20.668262
19.941321
19.754705
19.941148
19.754844
20.470746
20.664699
20.665787
20.469681
19.939522
19.752065
19.753083
19.938496
19.113435
18.952976
19.251136
19.113411
18.952974
19.251184
19.111693
19.248445
19.249446
19.1107
18.950271
16.5713
16.414457
16.287612
16.166705
16.571539
16.415163
16.286922
16.166471
16.878509
16.735357
16.734791
16.876854
16.413976
16.569844
16.164692
16.285047
16.286463
16.16517
16.569276
16.412464
15.375508
15.525821
15.526104
15.375231
15.793211
15.651086
16.044778
15.909414
15.91063
16.045228
15.6507
15.792083
15.374544
15.374896
15.525122
14.192365
14.192561
14.019086
13.809144
14.019023
14.536961
14.38725
14.537244
14.387001
14.19213
14.191886
13.808767
14.018444
14.018581
13.030673
12.88274
12.882216
24.468378
24.434093
26.565468
25.931266
26.566947
26.569696
25.969566
25.482259
25.273506
25.532347
25.341156
24.333325
24.539751
26.57039
26.051842
26.568804
20.941806
25.937004
25.375852
25.643058
24.26407
24.940184
25.457081
24.66203
23.536279
23.364406
23.355549
23.069415
23.541154
23.373095
23.358809
23.066591
24.014834
23.73672
23.972929
24.153779
23.817523
24.022878
24.228834
24.343432
24.188084
23.621629
23.673381
23.833116
23.362356
23.519722
23.323232
22.967791
23.024053
23.427134
23.177739
23.249628
21.493612
21.294925
21.498897
21.289876
22.105671
22.291407
22.319959
22.082876
21.460785
21.251246
21.261404
21.448443
19.91464
19.729865
19.917347
19.727423
20.434089
20.622179
20.628049
20.429178
19.905321
19.716835
19.719511
19.902293
18.736723
18.563264
18.564361
18.406448
18.271622
18.405438
18.738033
18.566661
18.565568
18.403405
18.270647
18.404356
19.079345
18.919553
19.215187
19.216882
19.078035
18.91895
18.562431
18.733956
18.56174
18.267735
18.397715
18.400998
18.402705
18.268739
18.402112
18.732871
18.556947
18.560464
17.585758
17.449529
17.449901
17.314539
17.181533
17.314013
17.586342
17.450996
17.450424
17.313215
17.181107
17.313541
17.838076
17.707836
17.837771
18.1247
17.972368
17.975179
17.976458
18.125599
17.976085
17.707107
17.834388
17.836963
17.449328
17.584862
17.449143
17.179909
17.310131
17.312216
17.313043
17.180527
17.312863
17.584208
17.446305
17.448504
16.697004
16.840727
16.697294
16.53016
16.372434
16.244317
16.121809
16.530455
16.373123
16.243698
16.121593
17.071413
16.952787
16.953382
16.953637
17.071835
16.953552
16.840723
16.696893
16.696556
16.839283
16.372432
16.529915
16.121047
16.241361
16.243704
16.121467
16.529413
16.370081
15.600564
15.744211
15.86383
16.000362
15.600721
15.744666
15.863318
16.000165
15.318538
15.318501
15.744201
15.600455
15.999664
15.861314
15.863313
16.000056
15.600428
15.742787
15.318618
15.318559
15.472561
14.461047
14.305065
14.305186
14.46094
14.102624
14.102766
13.919346
13.694955
13.919179
14.460772
14.304965
14.460874
14.304826
14.102524
14.102418
13.694464
13.919209
13.919124
12.648023
12.836611
12.646858
21.477974
26.518983
26.128001
21.981271
21.815281
12.83403
12.645166
12.645247
27.130882
26.554696
21.451444
21.710297
25.706419
25.310688
25.655927
25.240215
24.872936
26.621425
25.936867
26.052501
25.167452
25.452713
25.583074
25.225463
22.155421
22.37093
22.154575
22.37217
21.502873
21.301292
21.502833
21.301151
22.146958
22.355084
22.360208
22.142344
21.49969
21.296418
21.298853
21.496705
20.466728
20.662545
20.467257
20.662075
19.935084
19.749199
19.935667
19.748639
20.466432
20.660176
20.66143
20.465471
19.935595
19.748976
19.749376
19.935153
19.107508
18.94727
19.245606
19.107919
18.94761
19.245149
19.108743
19.246193
19.246261
19.108911
18.949817
16.568656
16.412997
16.284811
16.164094
16.568422
16.412197
16.285643
16.164369
16.87813
16.736326
16.736563
16.878368
16.413734
16.570586
16.166275
16.285484
16.286362
16.166201
16.57064
16.412905
15.374266
15.525468
15.37474
15.793371
15.652168
16.046385
15.909977
15.910688
16.046304
15.65255
15.793184
15.375895
15.375339
15.526812
14.192019
14.191719
14.018502
13.808744
14.018747
14.537783
14.387537
14.537469
14.387803
14.192367
14.19266
13.809629
14.020381
14.019998
13.032102
12.887932
12.887342
11.965998
13.274886
11.994605
13.272273
11.996358
13.269902
11.996363
21.054549
13.273869
11.99398
21.056405
13.276374
12.00326
13.275121
11.993871
21.051382
13.277196
11.985432
21.051612
13.285215
11.99405
13.290251
12.000236
13.290647
11.917352
11.894538
13.433955
13.440743
13.172967
7.6175388
13.179382
11.983682
13.534417
13.532275
13.272965
11.881974
11.871004
13.441862
13.446174
13.180423
13.184032
11.994259
21.051714
13.531557
13.52882
13.2698
11.869883
11.871088
13.445975
13.440379
13.183708
13.177245
11.994213
21.052166
13.528864
13.531662
13.273209
11.870507
20.945391
11.891913
13.43932
13.434314
13.176036
13.169695
11.985095
21.052361
13.532242
13.534206
13.276441
11.880824
20.952122
11.880798
20.948717
13.434093
13.433629
13.169242
13.166937
11.986927
21.050128
13.534039
13.532139
13.275184
11.864299
20.942616
11.870982
20.945236
13.43349
13.430687
13.166506
13.161469
11.993764
21.050967
13.53197
13.532601
13.276566
11.871454
11.888265
20.95252
13.429897
13.422574
13.160343
13.150686
11.987035
21.052646
13.53312
13.539338
13.284179
11.887976
11.877025
20.94666
13.421612
13.417422
13.14939
13.142816
11.993445
21.054578
13.540253
13.544197
13.289956
11.877368
11.869905
13.417069
13.414192
13.142145
13.137921
11.997721
13.544379
13.543952
13.290602
11.870038
11.919581
13.413703
13.409552
13.137195
13.132886
11.963292
21.028206
13.54391
13.54296
13.29007
21.896874
22.447773
22.545917
21.844682
20.24473
20.81237
20.832891
20.231574
19.348716
19.356821
11.977307
23.711382
24.213479
24.24356
23.697952
17.744156
18.159047
18.160531
17.743318
17.111876
17.111599
12.552175
13.275821
12.550475
21.9335
22.541453
21.914607
22.574097
20.272891
20.856083
20.264926
20.865807
19.371633
19.378352
11.994381
21.053129
23.701905
24.34444
23.775709
24.247451
17.737388
18.156505
17.739659
18.154048
17.106458
17.104217
12.560121
13.270593
12.567469
21.900821
22.551427
21.917306
22.519798
20.263327
20.85832
20.268648
20.85115
19.377111
19.373169
11.978139
23.771382
24.240798
23.704294
24.360301
18.945042
18.94466
17.735963
18.152153
17.735661
18.152467
17.102611
17.102932
12.578776
13.27086
12.584593
21.882461
22.569889
21.920899
22.505193
20.247459
20.849086
20.257342
20.833425
19.366007
19.360241
11.985331
23.763237
24.202605
23.672089
24.330792
18.950581
18.946905
17.740501
18.15447
17.738036
18.1573
17.105122
17.10714
12.592133
13.275588
12.595119
21.926393
22.526888
21.895207
22.57388
20.259976
20.838604
20.25063
20.853099
19.361779
19.36706
11.994055
21.052261
23.678719
24.27457
23.726571
24.2161
17.736381
18.155945
17.739259
18.152752
17.106053
17.103579
12.59601
13.275833
12.593747
21.898324
22.520846
21.896121
22.523126
20.259539
20.845166
20.257913
20.846801
19.368711
19.370318
11.990953
21.052934
23.746927
24.2873
23.741871
24.314122
18.943316
18.944436
17.733895
18.151562
17.734938
18.150492
17.101755
17.100725
12.588571
13.275243
12.584443
21.919367
22.575159
21.933695
22.560757
20.262236
20.862241
20.268459
20.8534
19.374147
19.370294
11.996336
23.684893
24.261746
23.705705
24.218464
17.734626
18.148467
17.732273
18.150976
17.09967
17.101828
12.581154
13.279783
12.593723
21.907311
22.497536
21.880642
22.550861
20.253071
20.835126
20.249667
20.842593
19.362473
19.363479
12.001638
21.058638
23.6784
24.371413
23.789854
24.193592
18.949999
17.741466
18.156919
17.740205
18.158028
17.106961
17.108426
12.600758
13.28782
12.614184
21.903933
22.524278
21.898136
22.530139
20.261494
20.845158
20.257249
20.850033
19.367564
19.3707
11.993771
23.754774
24.303725
23.749972
24.314864
17.742413
18.159626
17.742869
18.159299
17.109583
17.108977
12.634314
13.290642
12.642648
21.919336
22.578698
21.935937
22.565295
20.258314
20.862702
20.267793
20.850002
19.372068
19.36641
11.985778
21.05249
23.754151
24.286343
23.736729
24.326875
17.739012
18.155342
17.738836
18.155187
17.106139
17.106729
12.650372
13.29121
12.651056
11.874476
20.948312
11.865064
22.633856
22.900365
22.75736
22.736656
23.018776
23.068503
22.768371
21.677939
21.027435
21.05159
21.635524
21.906979
22.538089
22.557467
21.911828
21.687141
21.071697
21.058098
21.695996
20.069591
19.519243
19.528103
20.057875
20.248699
20.8524
20.83864
20.261286
20.073113
19.540615
19.530598
20.085087
19.368485
19.35907
13.437105
13.437803
12.478159
13.175948
12.494796
13.633479
13.672079
13.176619
12.498349
12.496477
23.042309
13.669331
13.670773
24.374635
24.712675
24.419466
24.7658
11.999723
21.058952
24.601651
24.962406
24.447356
23.516715
23.503938
22.748469
23.03278
22.767822
23.732352
24.407251
24.271724
23.808577
23.534751
23.594612
22.802327
22.778038
21.936679
22.550694
22.566914
21.920729
21.720418
21.085717
21.096239
21.705696
21.941386
22.594041
22.575637
21.948275
21.724175
21.099407
21.097991
21.728986
20.287271
20.867975
20.877214
20.281515
20.111536
19.565027
19.568593
20.106507
20.287601
20.879371
20.878512
20.287539
20.111637
19.567419
19.568186
20.11139
18.767593
18.301723
18.30335
18.764461
19.393867
19.396997
18.76668
18.300199
18.302322
18.765045
19.395552
19.396479
17.621753
17.219037
17.219491
17.621196
17.743026
18.157182
18.159459
17.740387
17.620607
17.215265
17.218312
17.617861
17.107308
17.110426
13.535285
13.534581
23.396508
13.703452
13.722117
13.275174
12.557812
12.55194
13.715409
13.714922
11.872482
20.947193
24.764672
24.86826
11.872217
22.741091
23.025694
23.072796
22.779673
22.770148
23.062632
23.075695
22.783732
21.714976
21.07529
21.698995
21.085994
21.937145
22.565195
22.578565
21.926451
21.718086
21.081652
21.08778
21.708587
20.096273
19.543873
20.088652
19.550772
20.273967
20.862133
20.867316
20.270958
20.097294
19.550463
19.551748
20.09482
19.378329
19.37933
13.44479
13.445459
12.498592
13.183082
12.497585
13.669528
13.670937
13.18365
12.495635
12.497077
13.673227
13.670868
22.96367
24.528319
24.878047
24.427511
11.994082
21.052372
24.423967
24.77646
24.441317
24.797255
23.503455
23.568994
22.79098
23.084351
23.03464
22.74871
23.705727
24.244126
24.258673
23.699767
23.504872
23.501665
22.746962
22.744766
21.920425
22.584992
21.943485
22.548236
21.70534
21.09696
21.725003
21.084666
21.915779
22.546242
22.543669
21.9173
21.70103
21.080855
21.081536
21.701925
20.279147
20.877262
20.286146
20.866682
20.103984
19.566546
20.110166
19.562098
20.277169
20.862885
20.863904
20.275623
20.102199
19.559164
19.560739
20.100598
18.761417
18.299533
18.764382
18.296976
19.394753
19.390711
18.945973
18.944606
18.760471
18.295002
18.296177
18.759156
19.387924
19.389456
17.614867
17.214439
17.61711
17.212212
17.736725
18.15216
18.153291
17.735691
17.614225
17.210648
17.211614
17.613213
17.102665
17.103626
13.529791
13.52938
22.880184
13.717132
13.722703
13.27022
12.576596
12.569711
23.210716
13.73198
13.725327
23.094136
11.895079
24.852122
24.637403
11.880709
20.951136
22.755028
23.046179
22.995686
22.715975
22.782209
23.080176
23.008808
22.726372
21.687318
21.077089
21.700826
21.068908
21.904882
22.573114
22.52834
21.923843
21.690273
21.072013
21.069527
21.703516
20.087888
19.549106
20.09283
19.544966
20.262542
20.851724
20.851269
20.259651
20.086945
19.539705
19.543793
20.083529
19.367835
19.371973
13.444269
13.443411
12.495796
13.181634
12.493904
13.678851
13.677293
13.180666
12.483113
12.489969
13.658119
13.673314
23.019042
24.416913
24.763421
24.554109
11.990052
24.38514
24.738942
24.513711
24.869794
23.561082
23.507624
22.753938
23.072257
22.777925
23.755106
24.206923
24.326651
23.672083
23.5484
23.477429
22.733206
23.015807
23.064262
22.771523
21.930032
22.5528
21.921684
22.571594
21.711905
21.082693
21.705559
21.085556
21.926993
22.535152
22.566207
21.912858
21.709453
21.08087
21.084386
21.699036
20.277391
20.864304
20.276238
20.86654
20.102013
19.559353
20.101058
19.559947
20.277049
20.863423
20.865657
20.276916
20.101774
19.560606
19.559888
20.101981
18.759551
18.295003
18.75919
18.295325
19.388063
19.388583
18.945082
18.945997
18.759613
18.296503
18.295437
18.760577
19.389351
19.388558
17.613478
17.210598
17.613176
17.210914
17.736131
18.153687
18.152593
17.737308
17.613659
17.212413
17.211135
17.614863
17.104459
17.103164
13.529621
13.530049
13.734553
13.743675
13.271363
12.590917
12.58636
23.178534
13.75754
13.747571
11.891835
24.691184
11.887613
20.951548
22.778719
23.076167
22.703557
22.701843
22.985033
22.962859
22.682886
21.668578
21.06928
21.700602
21.050677
21.871445
22.503454
22.487057
21.881017
21.659446
21.050048
21.045626
21.667332
20.072655
19.537795
20.081328
19.531513
20.245078
20.832959
20.829281
20.247281
20.070632
19.531385
19.530166
20.072516
19.360097
19.359032
13.43647
13.435727
12.48168
13.172677
12.478028
13.655985
13.65222
22.827568
13.171743
12.473626
12.476917
13.647373
13.651316
22.942569
24.378639
24.729456
24.516483
11.986708
21.052306
24.51737
24.871458
24.549069
24.900291
23.558143
23.477928
22.734233
22.785338
23.789767
24.331697
24.363169
23.763958
23.582058
23.558845
22.786208
23.077788
23.095351
22.80093
21.941253
22.53632
21.914457
22.580595
21.723206
21.082564
21.700719
21.096018
21.949194
22.581497
22.594069
21.94202
21.729769
21.096285
21.099705
21.72386
20.285851
20.865062
20.278322
20.876531
20.109994
19.561716
20.103307
19.566672
20.287719
20.876684
20.879596
20.285758
20.111616
19.566435
19.567812
20.109849
18.764914
18.297308
18.761453
18.300283
19.390403
19.39496
18.951386
18.950293
18.765663
18.299978
18.300904
18.764627
19.394705
19.395994
17.617939
17.213088
17.615577
17.215183
17.740986
18.156989
18.157883
17.740173
17.618396
17.214843
17.215567
17.617606
17.106801
17.107504
13.533718
13.534028
13.761147
13.766882
13.275984
12.596287
12.595674
23.176267
13.767894
13.767772
11.87143
11.869768
20.94432
22.728865
23.016935
22.781744
22.733602
23.02089
23.070787
22.777045
21.706076
21.056839
21.679181
21.073765
21.926069
22.532507
22.57067
21.903396
21.706264
21.066007
21.074735
21.687892
20.083568
19.533276
20.075377
19.539088
20.261138
20.847656
20.854174
20.258965
20.084718
19.540485
19.540157
20.083428
19.368731
19.368097
13.433858
13.433831
12.472529
13.168255
12.469158
22.850262
13.645409
13.637875
13.167965
12.461693
12.467549
13.627826
13.63595
24.454147
24.803842
24.395025
11.995668
21.053053
24.47173
24.413005
24.765206
23.482916
23.526661
22.766544
23.018545
22.734613
23.692089
24.289228
24.233885
23.733756
23.494085
23.532191
22.767375
23.025341
22.739515
21.911657
22.564562
21.931885
22.535626
21.697658
21.091288
21.715386
21.07951
21.912631
22.564035
22.539247
21.927911
21.698125
21.085578
21.079144
21.710688
20.275847
20.87245
20.283024
20.862143
20.100959
19.564646
20.107429
19.55965
20.275181
20.866676
20.861647
20.277445
20.100277
19.559578
19.558968
20.101972
18.75964
18.298884
18.763363
18.295566
19.393057
19.388398
18.944391
18.944335
18.758997
18.294496
18.294933
18.758819
19.388107
19.387722
17.613943
17.214066
17.61673
17.211521
17.735763
18.151615
18.152123
17.735059
17.613327
17.209969
17.21091
17.612561
17.101978
17.102969
13.533189
13.532883
23.278848
13.767836
13.766266
13.275627
12.589902
12.59294
13.758353
13.764305
11.881391
20.9522
11.868102
20.945577
22.720469
23.00607
22.72215
22.776068
23.067766
23.026211
22.738272
21.683863
21.062824
21.681848
21.064496
21.906395
22.571254
22.536696
21.930545
21.690677
21.081494
21.068596
21.711613
20.084318
19.540345
20.082686
19.541965
20.261672
20.861089
20.850265
20.26798
20.086154
19.546379
19.543195
20.091434
19.374146
19.371415
13.432767
13.432392
12.459509
13.164863
12.451071
22.983272
13.62356
13.608947
13.164168
12.435089
12.447466
13.582138
13.603605
24.463549
24.805425
24.499734
12.000835
21.056854
24.439963
24.439467
24.784664
23.541848
23.540979
22.774652
22.770653
23.720161
24.257034
24.26275
23.703764
23.520832
23.503011
22.742445
22.760517
21.92934
22.570548
21.932109
22.566562
21.711882
21.087607
21.714237
21.086042
21.924335
22.54082
22.558129
21.910769
21.707611
21.075046
21.083303
21.695458
20.277054
20.868331
20.278309
20.866897
20.101429
19.559911
20.102661
19.558722
20.275417
20.85733
20.864512
20.270669
20.099962
19.554669
19.557619
20.09579
18.757766
18.294468
18.758878
18.293385
19.388363
19.387188
18.940423
18.756981
18.29115
18.292707
18.755077
19.3835
19.386169
17.61138
17.209764
17.612418
17.208732
17.733334
18.148394
18.149846
17.73216
17.610845
17.207414
17.208266
17.609756
17.099498
17.10028
13.531751
13.531808
13.757059
13.753414
22.996998
13.275418
12.581027
12.58333
22.915114
13.757466
13.752566
23.025994
11.870916
20.945985
11.869009
24.639205
24.852082
22.779833
23.070998
23.060769
22.766781
22.688068
23.039164
22.747411
21.700925
21.08297
21.714324
21.073034
21.907285
22.493306
22.543198
21.878787
21.690447
21.05199
21.066381
21.66667
20.08619
19.546436
20.091769
19.542256
20.258539
20.835318
20.847692
20.250235
20.082946
19.534438
19.539951
20.075539
19.363128
19.3682
13.426934
13.425825
12.430188
13.156383
12.411773
23.069883
13.574316
5.2774493
13.551627
13.154941
12.382293
12.404897
7.0919328
13.519512
13.54355
24.445595
24.394718
24.743724
12.001546
21.058559
24.563859
24.403873
23.489566
23.503871
22.740636
23.028931
22.741331
23.698056
24.375272
24.22975
23.793792
23.502532
23.583516
22.796522
23.092492
22.752389
21.915428
22.538705
21.908764
22.541875
21.700487
21.073999
21.693683
21.079936
21.922921
22.588828
22.55215
21.943273
21.707099
21.094904
21.084395
21.724028
20.274576
20.856484
20.270248
20.861983
20.099486
19.554527
20.095462
19.557884
20.277372
20.875133
20.865908
20.284147
20.102029
19.565091
19.559904
20.108289
18.757839
18.291209
18.755084
18.293779
19.383399
19.3866
18.759402
18.299079
18.295197
18.763602
19.393436
19.388501
17.61219
17.207575
17.609881
17.209769
17.735882
18.15613
18.152348
17.739415
17.613413
17.214185
17.210903
17.616876
17.106163
17.102936
13.535435
13.536388
13.767373
13.779717
23.897187
13.28084
12.596919
12.596629
13.782284
13.77861
23.928555
11.866893
20.942721
24.927635
11.867299
24.921301
22.693135
22.972156
23.054803
22.758379
22.731684
23.060634
22.764452
21.688784
21.052033
21.66792
21.061736
21.912004
22.53134
22.556839
21.902451
21.692928
21.0641
21.06442
21.686695
20.077553
19.533776
20.074919
19.53504
20.254566
20.845605
20.844898
20.256792
20.078866
19.53846
19.53597
20.081272
19.366759
19.364321
13.419305
13.418728
12.37387
13.146078
12.346591
22.734002
13.512211
13.497243
13.14516
12.308652
12.337278
13.505464
13.493901
24.560271
24.915365
24.362534
24.702633
12.001913
21.058703
24.489846
24.368712
23.487232
23.579701
22.793788
23.089288
22.746715
23.678483
24.30723
24.198079
23.747445
23.486098
23.543451
22.772804
23.063657
22.743552
21.924279
22.58654
21.942346
22.548515
21.709636
21.09509
21.723461
21.089236
21.921878
22.568965
22.545317
21.93332
21.707612
21.092609
21.088211
21.716527
20.283314
20.875475
20.284771
20.871184
20.108053
19.565846
20.108964
19.565957
20.283057
20.873996
20.87041
20.285313
20.107905
19.567652
19.566023
20.109935
18.765211
18.299868
18.764382
18.30092
19.394204
19.394526
18.950912
18.952244
18.765421
18.302271
18.301167
18.766688
19.396181
19.394636
17.618975
17.214983
17.617668
17.216414
17.741746
18.159335
18.158284
17.742658
17.619262
17.217487
17.216721
17.620134
17.109477
17.10874
13.542512
13.543078
13.776492
13.779979
23.097278
13.2885
12.630684
12.61847
13.792782
13.784232
11.876821
20.946729
24.754695
11.895327
22.724274
23.009945
23.014607
22.729825
22.784805
23.08073
23.028592
22.742771
21.689018
21.063139
21.683389
21.068213
21.911942
22.577579
22.541952
21.9339
21.695912
21.083335
21.072504
21.714548
20.0859
19.539255
20.081878
19.542604
20.263768
20.86253
20.853684
20.2683
20.087854
19.545417
19.543869
20.091399
19.372926
19.371805
13.415943
13.415518
12.299037
13.140681
12.237928
13.507479
13.734282
13.140248
12.250782
12.203687
21.726629
13.508881
13.931842
24.483974
24.831784
24.496809
11.980331
21.050292
24.407534
24.748555
24.508431
23.550447
23.547689
22.779389
23.069989
23.070059
22.77888
23.74885
24.235222
24.320311
23.706925
23.543179
23.512021
22.761319
22.772113
21.938087
22.575339
21.937831
22.574732
21.720899
21.094777
21.72034
21.095745
21.934713
22.560495
22.568732
21.930258
21.718217
21.091087
21.094402
21.714236
20.287086
20.875788
20.286389
20.876739
20.111453
19.568307
20.110867
19.56858
20.286362
20.87243
20.875639
20.283342
20.11078
19.565037
19.56797
20.107789
18.767005
18.302592
18.767106
18.302316
19.396776
19.396962
18.766406
18.299051
18.301713
18.763622
19.39344
19.396357
17.619829
17.21761
17.620322
17.217023
17.741829
18.156103
18.158699
17.739467
17.619253
17.214484
17.216477
17.61698
17.106553
17.108445
13.544422
13.544314
23.405232
13.796013
13.806213
13.290651
12.649275
12.64465
13.82275
13.810469
11.879793
20.950584
24.910653
24.848629
11.859422
22.784555
23.077618
23.06815
22.773162
22.640685
22.907063
23.058862
22.759207
21.699828
21.083847
21.716273
21.070006
21.904872
22.454443
22.549453
21.850776
21.686817
21.034303
21.06143
21.641687
20.082192
19.54458
20.09076
19.538309
20.253823
20.819505
20.842669
20.239253
20.078389
19.526963
19.536012
20.065632
19.35636
19.364458
13.412387
13.412082
12.256395
13.135683
12.257296
13.461128
13.434364
13.135343
12.241225
12.256153
13.37481
13.425812
22.127884
24.464898
24.810987
24.515188
11.989572
21.055847
24.401844
24.747545
24.406232
24.744556
23.548499
23.535498
22.770406
23.060008
23.06755
22.776013
23.7117
24.234629
24.235115
23.70142
23.517754
23.503306
22.742771
22.766607
21.933267
22.56702
21.932043
22.571205
21.715728
21.090751
21.7152
21.089873
21.931059
22.544822
22.564471
21.915249
21.714193
21.080345
21.089386
21.700319
20.280865
20.871881
20.282462
20.870716
20.105225
19.56404
20.106855
19.562597
20.28094
20.862556
20.870412
20.276016
20.105395
19.559666
19.563005
20.101016
18.761996
18.298247
18.762719
18.297946
19.392445
19.391111
18.948051
18.945859
18.762703
18.296865
18.298702
18.759467
19.388573
19.391571
17.616665
17.214028
17.616393
17.214558
17.739801
18.154245
18.155968
17.738634
17.617453
17.214409
17.215328
17.616534
17.107257
17.107478
13.544281
13.544527
23.412512
13.827071
13.84242
13.291484
12.635546
12.650041
22.487331
13.810244
13.846489
23.22397
26.348833
21.090187
11.997767
26.348971
14.713304
14.860982
14.862396
14.712016
13.001386
13.276387
21.059296
26.317516
12.002002
26.318852
14.706322
14.856022
14.707201
14.855128
13.000889
13.271635
21.057229
26.316307
12.0011
26.315006
14.703257
14.851984
14.703225
14.852015
13.000708
13.270119
26.316663
21.058362
12.001611
26.315375
14.706166
14.854474
14.705694
14.854956
13.006179
13.274504
21.058161
26.316677
12.001342
26.317598
14.705747
14.855019
14.706251
14.854494
13.009481
13.276231
21.053233
26.316062
11.991144
26.314717
14.702056
14.851055
14.702389
14.850714
13.008474
13.275106
21.051728
26.316054
11.993973
26.315807
14.702137
14.850231
14.701669
14.850697
13.011044
13.277952
21.051208
26.316144
11.982899
26.315219
14.708357
14.856302
14.707683
14.856977
13.020842
13.286173
26.315123
21.050804
11.981355
26.314703
14.710295
14.858976
14.710379
14.858886
13.028812
13.290457
21.054693
26.319124
11.990282
26.317249
14.70886
14.857294
14.708783
14.857381
13.031249
13.29076
20.974585
26.275824
11.87442
26.308356
20.955574
26.234573
11.893062
26.236549
15.127227
14.944426
14.946319
15.125466
15.131048
14.951203
14.949969
15.132329
14.635622
14.785921
14.787816
14.633864
13.706514
13.435709
14.639418
14.792752
14.791542
14.640612
13.439654
13.712826
12.902248
13.174794
14.146252
4.7421802
30.564329
13.178364
12.91008
28.084658
28.273224
21.050372
26.317036
11.98136
26.318723
15.196062
15.016562
15.017967
15.194791
15.191571
15.012347
15.013414
15.190522
13.803974
13.53579
14.709186
14.857002
14.70816
14.858055
13.533032
13.801029
13.273698
13.001311
20.947746
26.238194
11.86975
26.239073
20.94582
26.231422
11.871397
26.231863
15.135088
14.952531
15.133705
14.953867
15.139618
14.958448
14.958271
15.139796
14.643163
14.79405
14.641886
14.795354
13.713934
13.442947
14.647382
14.799829
14.799654
14.647559
13.446158
13.718383
12.911029
13.181424
27.551381
28.209166
13.184133
12.913725
28.630553
27.952433
21.051605
26.315385
11.99407
26.314937
15.188669
15.01136
15.01046
15.189552
15.185875
15.007411
15.007606
15.185688
13.800205
13.530893
14.703503
14.852065
14.703304
14.852266
13.52889
13.796821
13.269821
13.000363
20.945739
26.235612
11.868137
26.233505
26.233615
20.944408
11.869646
26.233042
15.13946
14.95839
15.139734
14.958124
15.135993
14.953833
14.954717
15.135095
14.647258
14.799774
14.64751
14.799513
13.718222
13.445577
14.643959
14.795281
14.796154
14.643099
13.441435
13.713087
12.913316
13.18318
28.661386
27.971359
13.178441
12.905495
28.446964
27.779405
21.053409
26.314489
11.995735
26.314855
15.185663
15.007336
15.007373
15.18562
15.187185
15.009372
15.008879
15.187685
13.796785
13.529018
14.704728
14.853974
14.705204
14.853492
13.531087
13.799064
13.272558
13.005381
20.946171
26.237465
11.868752
26.234783
26.234955
20.951471
11.887704
26.236644
15.13337
14.952959
15.134206
14.952136
15.131375
14.950324
14.950157
15.131555
14.641449
14.794419
14.642249
14.793607
13.712118
13.438294
14.639451
14.79177
14.791623
14.639577
13.43465
13.707949
12.904089
13.174851
29.056683
28.157063
13.170254
12.896179
28.437436
28.082917
21.052109
26.31486
11.986467
26.316772
15.188715
15.009885
15.010382
15.188207
15.189567
15.010897
15.011215
15.189237
13.79958
13.532798
14.70696
14.855455
14.706668
14.855762
13.53427
13.801097
13.276411
13.009475
20.946133
26.237396
11.868875
26.238365
20.950909
26.23246
11.882894
26.232704
15.132366
14.95065
15.131899
14.951096
15.13511
14.954226
14.953765
15.13558
14.640244
14.792073
14.639853
14.792494
13.707883
13.433963
14.642681
14.795507
14.795059
14.64311
13.433728
13.708646
12.895427
13.168869
29.00931
28.424189
13.167318
12.890447
28.032334
28.980923
21.049545
26.316054
11.986075
26.314679
15.188208
15.010445
15.009901
15.188769
15.185456
15.00678
15.007191
15.185045
13.800858
13.533794
14.703158
14.851427
14.702754
14.851836
13.53235
13.798504
13.275294
13.008535
26.234244
20.949035
11.879176
26.23518
20.945218
26.23175
11.870868
26.231107
15.136413
14.954651
15.136013
14.955041
15.137549
14.956013
14.956114
15.137457
14.643861
14.795919
14.643504
14.796296
13.708699
13.433305
14.644754
14.79718
14.797291
14.644628
13.431363
13.707368
12.889551
13.166021
28.317678
28.594711
13.162481
12.880462
27.900233
28.250054
26.314979
21.051297
11.993983
26.31522
15.184322
15.006405
15.006059
15.184671
15.183282
15.005198
15.005073
15.183397
13.798275
13.531844
14.701212
14.849932
14.701362
14.849795
13.532217
13.798429
13.276065
13.010267
26.231781
20.946081
11.871851
26.231187
20.955961
26.236943
11.892236
26.235216
15.136823
14.955765
15.137215
14.955373
15.133618
14.951627
14.952206
15.133035
14.643968
14.796928
14.644365
14.796536
13.706798
13.428997
14.640867
14.792842
14.793415
14.640293
13.423614
13.701015
12.878655
13.159108
27.405874
28.784966
13.15206
12.863573
27.455425
28.861901
26.317622
21.053066
11.985663
26.315896
15.184147
15.00549
15.005954
15.183683
15.188229
15.010837
15.009987
15.189086
13.798877
13.533775
14.706083
14.855533
14.706918
14.854689
13.53837
13.804639
13.283086
13.019535
20.953575
26.234776
11.891909
26.233891
20.955108
26.234261
11.895451
26.234641
15.132217
14.951154
15.132563
14.950803
15.13211
14.95078
14.950629
15.132274
14.639449
14.792369
14.639815
14.792014
13.700277
13.420743
14.639107
14.791911
14.791775
14.639219
13.417803
13.697603
12.861439
13.148187
27.987802
28.679164
13.143542
12.849602
28.110565
28.093615
21.049685
26.316723
11.980049
26.314847
15.190534
15.011607
15.012281
15.189861
15.192374
15.014235
15.014143
15.19246
13.805488
13.541095
14.710268
14.858972
14.71037
14.858873
13.54392
13.808991
13.289567
13.028145
20.953058
26.234863
11.894002
26.235381
20.945129
26.23678
11.868833
26.236374
15.132613
14.950944
15.132449
14.951099
15.132656
14.950996
14.951165
15.132465
14.639467
14.792061
14.639346
14.792204
13.697451
13.416718
14.639431
14.792078
14.792244
14.639258
13.414653
13.695921
12.848316
13.141552
28.815822
28.868976
13.138764
12.839247
28.333539
28.509599
21.058294
26.316188
12.000979
26.315349
15.192333
15.01423
15.014128
15.192447
15.190776
15.01249
15.012706
15.190525
13.809124
13.544471
14.709043
14.857367
14.708855
14.857565
13.544051
13.808535
13.290605
13.031055
20.953636
26.23683
11.883553
26.237549
20.975127
26.275497
11.877611
26.313597
15.132036
14.950803
15.132245
14.950624
15.131425
14.948417
14.950151
15.129823
14.638874
14.791889
14.639061
14.791712
13.695578
13.413214
14.638146
14.789378
14.791115
14.636543
13.41119
13.692495
12.838619
13.136591
28.712591
28.988594
13.134612
12.830446
26.804767
28.596009
21.089124
26.350373
11.994513
26.34981
15.190465
15.012406
15.012492
15.190408
15.192128
15.012681
15.014221
15.190724
13.808511
13.543946
14.710197
14.857365
14.858914
14.708774
13.544451
13.808103
13.291627
13.029376
22.119747
21.881188
22.478623
22.259519
22.33917
22.516909
21.862961
22.055294
20.429728
20.241227
20.820868
20.607027
20.624473
20.827023
20.237597
20.414721
19.073444
19.352966
19.204338
19.210982
19.355043
19.067967
26.619898
26.647417
21.056946
26.31502
11.973173
26.310412
26.638375
23.922311
23.710983
23.92291
24.252963
24.090945
24.119611
24.111825
24.243867
24.112646
23.714114
23.906319
23.927806
17.873566
17.745122
17.874529
18.161622
18.010166
18.012451
18.011439
18.1615
18.012378
17.745304
17.872594
17.874663
17.112936
16.99548
16.995669
16.994058
17.112554
16.995054
16.884295
15.797954
15.915672
15.915393
15.798294
14.540238
14.388958
14.389601
14.538953
14.71311
14.861339
14.862173
14.712331
12.841538
12.550554
13.276313
13.00325
12.549521
12.842603
21.927259
22.154937
22.344404
22.552159
21.920231
22.132336
22.37161
22.564676
20.270875
20.459435
20.646808
20.859678
20.268153
20.451033
20.655782
20.86307
19.093003
19.224955
19.374412
19.086608
19.23151
19.376688
26.629912
26.628143
21.055524
26.316243
11.996702
26.316277
26.628157
23.707676
23.917144
23.920549
24.201598
24.275031
24.141637
23.733723
23.99933
23.948685
24.111412
24.244589
24.111954
17.738137
17.866893
17.867669
18.007266
18.155737
18.006512
17.738909
17.86921
17.868459
18.004896
18.154895
18.005702
16.875037
16.876662
16.988825
17.105658
16.875816
16.988017
16.986587
17.104905
16.987266
15.789772
15.522051
15.907967
15.790576
15.90717
14.53355
14.38383
14.53441
14.382974
14.705535
14.853631
14.854327
14.704849
12.840528
12.562529
13.271069
13.00008
12.565057
12.839805
21.902099
22.116246
22.3511
22.535508
21.908293
22.136606
22.325739
22.522998
20.26458
20.448465
20.649532
20.854779
20.266401
20.45426
20.643136
20.85227
19.088812
19.230623
19.375761
19.092415
19.226859
19.374426
26.631228
21.053231
26.317758
11.991021
26.317627
26.628515
23.75646
23.999975
23.98
24.108217
24.269172
24.134912
23.725932
23.917004
23.94137
24.208946
24.327059
24.182806
18.944812
17.73583
17.865422
17.865297
18.003075
18.152238
18.003152
17.735723
17.865119
17.865188
18.003385
18.152353
18.003265
16.872847
16.985013
17.102653
16.872735
16.985056
16.985348
17.102764
16.985171
15.787636
15.51998
15.519764
15.904926
15.7875
15.905064
14.530566
14.379947
14.530529
14.379982
14.703389
14.85237
14.852147
14.703612
12.841164
12.580794
13.270442
13.002328
12.582638
12.843488
21.897085
22.098668
22.364212
22.553778
21.911193
22.144676
22.309403
22.529779
20.250744
20.431955
20.639292
20.844603
20.254244
20.443352
20.625998
20.838983
19.076829
19.21977
19.363998
19.081829
19.214424
19.361989
26.317736
21.056635
11.994153
26.316756
26.630046
23.725215
23.985567
23.941631
24.071603
24.221782
24.09123
23.690557
23.882501
23.90185
24.187348
24.273277
24.136754
18.949402
18.948096
17.739756
17.870049
17.869262
18.005413
18.155423
18.00633
17.738887
17.867471
17.868354
18.008112
18.156423
18.007282
16.987557
17.105849
16.875923
16.988262
16.9895
17.106555
16.988942
15.791169
15.52352
15.523156
15.908135
15.790661
15.908662
14.533487
14.382418
14.533021
14.382877
14.706579
14.855702
14.85538
14.706893
12.848544
12.593441
13.275086
13.008256
12.59447
12.851187
21.920711
22.149952
22.327706
22.550121
21.909574
22.113972
22.368984
22.567016
20.257603
20.44642
20.630372
20.844628
20.254304
20.435669
20.642825
20.849774
19.082503
19.215776
19.363699
19.078019
19.220623
19.365545
26.629664
26.315477
21.054397
11.996142
26.315374
26.630075
23.677081
23.890985
23.887599
24.138075
24.2244
24.093852
23.6933
23.942951
23.904497
24.082349
24.20802
24.076827
18.947467
17.737226
17.865797
17.866662
18.006799
18.154776
18.005678
17.738226
17.868772
17.867697
18.003719
18.153662
18.004606
16.87608
16.988443
17.105195
16.875279
16.987615
16.986038
17.10434
16.986785
15.789436
15.520876
15.521501
15.907569
15.790103
15.906884
14.533142
14.383076
14.533624
14.382621
14.705196
14.853346
14.853922
14.704637
12.853089
12.595501
13.276042
13.009085
12.594758
12.853144
21.893273
22.115176
22.324169
22.514257
21.892453
22.1128
22.326619
22.514892
20.258092
20.444461
20.637314
20.844018
20.257543
20.442839
20.638937
20.844588
19.086197
19.222554
19.368917
19.084634
19.22414
19.369453
26.630386
26.628114
21.047324
26.3172
11.978153
26.317548
26.625558
23.761904
23.969278
23.987908
24.152695
24.317676
24.17666
23.755599
23.958388
23.976734
24.170938
24.342937
24.194232
18.944337
17.734376
17.863386
17.863884
18.002443
18.151383
18.002253
17.734725
17.864436
17.864235
18.001383
18.151025
18.001898
16.871148
16.871782
16.984148
17.101486
16.871493
16.983869
16.98312
17.101141
16.983524
15.785806
15.903597
15.786146
15.518205
15.903253
14.52956
14.379499
14.529882
14.379194
14.701757
14.850134
14.850404
14.701502
12.853268
12.587094
13.275143
13.008636
12.585734
12.854223
21.928303
22.140917
22.372883
22.575577
21.933085
22.155837
22.357883
22.571415
20.265427
20.448191
20.651802
20.861285
20.2676
20.455168
20.643951
20.8582
19.085764
19.22746
19.373466
19.089111
19.223879
19.372132
26.630443
26.629318
21.052385
26.316109
11.994208
26.315995
23.689614
23.896393
23.904488
24.122005
24.253742
24.114661
23.700031
23.92431
23.917756
24.086562
24.2348
24.098535
17.733543
17.864037
17.862925
17.999499
18.148938
17.999968
17.732737
17.861637
17.862103
18.001951
18.149798
18.000808
16.871065
16.982165
17.100129
16.87035
16.982623
16.98429
17.100865
16.983348
15.786331
15.903053
15.785677
15.517425
15.517887
15.903715
14.529757
14.379063
14.529284
14.379546
14.702755
14.852071
14.851319
14.703499
12.857894
12.582207
13.278819
13.014471
12.585811
12.860514
21.898486
22.129213
22.304128
22.513716
21.888304
22.095332
22.346874
22.534519
20.251485
20.438476
20.62794
20.836835
20.250204
20.43406
20.633681
20.83964
19.079642
19.216613
19.362394
19.078977
19.217425
19.362782
26.628344
26.625873
21.055674
26.316397
11.992538
26.314397
23.711466
23.884731
23.925175
24.223779
24.326869
24.182732
23.757576
24.017254
23.980384
24.068721
24.251855
24.117722
17.741165
17.870938
17.870653
18.00776
18.157442
18.008297
17.74077
17.869726
17.870277
18.00892
18.157778
18.008653
16.989343
17.107582
16.989972
16.87762
16.990837
17.108055
16.990456
15.792899
15.909813
15.792343
15.523734
15.910366
14.535942
14.385057
14.535267
14.385739
14.708932
14.858023
14.85755
14.709408
12.869507
12.60502
13.287044
13.02448
12.609649
12.873678
21.898509
22.121206
22.327119
22.521647
21.89657
22.115284
22.33308
22.523416
20.259519
20.446817
20.637043
20.84555
20.258095
20.442354
20.641716
20.847178
19.08617
19.221361
19.368483
19.083422
19.224298
19.369547
26.625459
26.627235
21.055428
26.314816
11.994306
26.315286
26.625152
23.752624
23.975649
23.971179
24.165685
24.30705
24.167292
23.750723
23.968578
23.969344
24.174918
24.305904
24.168158
17.742784
17.871986
17.872352
18.010444
18.159754
18.010547
17.742929
17.872401
17.872482
18.010067
18.159655
18.01043
16.879618
16.991944
17.109552
16.991895
16.879567
16.991305
17.109353
16.991684
15.79393
15.911616
15.794153
15.911385
14.537907
14.387886
14.537986
14.387829
14.710126
14.858454
14.858706
14.709886
12.878822
12.637572
13.290583
13.030173
12.640376
12.881006
21.929178
22.142169
22.375744
22.576069
21.934495
22.158345
22.360663
22.57224
20.262561
20.444395
20.651877
20.86068
20.265863
20.45487
20.640322
20.856319
19.08204
19.225184
19.370548
19.086691
19.220046
19.368551
26.623614
26.627517
21.048552
26.318243
11.976448
26.315513
26.626416
23.784969
23.97771
24.018591
24.149915
24.362756
24.212575
23.774718
23.954204
24.003839
24.181123
24.390196
24.233132
17.738541
17.86836
17.867906
18.006217
18.154861
18.005781
17.738493
17.868279
17.867893
18.006173
18.154789
18.005749
16.876745
16.876536
16.988589
17.105999
16.876482
16.98848
16.989234
17.106197
16.988697
15.792277
15.524937
15.909275
15.79199
15.909555
14.536521
14.386576
14.536455
14.386653
14.709096
14.858054
14.857641
14.70947
12.883736
12.651103
13.290952
13.031899
12.651347
12.885703
26.572186
26.239615
20.949866
11.863588
26.235947
26.359307
25.25621
24.672817
24.831067
25.114705
20.94816
26.236888
11.878022
26.238697
26.568395
26.571026
25.304338
24.738915
24.867193
25.164889
22.675815
22.723375
23.030101
22.744861
23.052833
22.759896
21.463881
21.665138
21.037072
21.233519
21.26214
21.044528
21.650716
21.429178
22.13064
21.911038
22.543815
22.341584
22.350599
22.553651
21.911478
22.12966
21.472155
21.692153
21.067973
21.282436
21.269511
21.063572
21.694336
21.483587
19.8997
20.066596
19.523816
19.704005
19.713715
19.526102
20.063456
19.88921
20.43421
20.25299
20.848434
20.643099
20.629546
20.843885
20.257272
20.447342
19.902826
20.077083
19.537135
19.727134
19.716491
19.533688
20.081174
19.914141
19.075327
19.365158
19.221914
19.213038
19.361917
19.083678
16.835524
16.833503
16.835356
16.36724
16.237875
16.238587
16.36651
16.837463
16.840362
16.838789
16.369348
16.241933
16.240681
16.370632
15.739461
15.468538
15.468211
15.857729
15.858468
15.7388
15.313861
15.467596
15.467998
15.312073
15.127934
14.947453
15.128433
14.946973
15.741584
15.469087
15.861768
15.860581
15.742738
15.129942
14.948068
15.129068
14.948907
15.31745
15.472226
15.47097
15.318717
14.458932
14.303727
14.304818
14.457184
14.636337
14.789022
14.788519
14.636869
13.926541
14.106526
14.105048
13.436499
13.709374
13.926853
14.638374
14.789654
14.790494
14.637524
14.462813
14.309694
14.308552
14.463994
13.438656
13.709987
13.930091
14.109466
14.10833
13.927385
12.751594
12.48673
13.175408
12.906567
12.491658
12.752026
13.665577
22.666392
27.321197
28.603434
13.671768
22.717153
22.878717
13.177428
12.907354
12.754599
12.497842
12.752387
12.497273
27.817629
28.172323
22.952127
13.669655
22.826721
13.670093
22.990921
22.913272
25.201161
24.804793
24.436997
24.769765
24.420874
25.252462
26.620817
21.055417
26.31464
11.991048
26.313774
26.625992
26.628408
25.295322
24.958051
24.597779
24.868912
24.520556
25.39213
23.338086
23.515166
23.335492
23.053027
23.050081
23.516905
23.325496
23.336252
23.04961
22.759144
22.7634
23.946198
23.772093
23.99457
24.403757
24.253449
24.250411
24.138389
24.337631
24.195727
23.806659
24.041028
24.038548
23.353552
23.566623
23.378829
23.099449
23.099127
23.065527
23.593254
23.400014
23.399151
22.80239
23.084484
22.79205
22.155321
21.933097
22.557375
22.351815
22.368586
22.561948
21.929242
22.138609
21.507841
21.717323
21.092244
21.295018
21.306739
21.094643
21.713712
21.494574
22.161172
21.946195
22.594329
22.389286
22.375785
22.586583
21.949058
22.170891
21.510813
21.727812
21.100217
21.311282
21.309058
21.099552
21.729827
21.51412
20.4729
20.287063
20.873996
20.660399
20.668263
20.876031
20.286046
20.466225
19.941103
20.11156
19.568594
19.750586
19.754625
19.569047
20.110766
19.93674
20.473499
20.288013
20.880128
20.669632
20.66918
20.879679
20.288115
20.473657
19.941002
20.111879
19.567852
19.753733
19.754346
19.56801
20.111912
19.940574
18.595783
18.768647
18.596663
18.30436
18.434679
18.437349
18.436435
18.304292
18.437335
18.768822
18.593708
18.596578
19.113225
19.397181
19.248997
19.250935
19.397539
19.112208
18.95169
18.594848
18.76603
18.594137
18.300806
18.43348
18.434047
18.435445
18.301474
18.434655
18.765545
18.593078
18.593601
19.112573
19.395976
19.249284
19.250343
19.396196
19.111372
17.486662
17.622737
17.487646
17.220666
17.350594
17.352233
17.351076
17.220462
17.35204
17.622968
17.486127
17.487867
17.872452
17.742005
17.871462
18.157828
18.007954
18.008634
18.010351
18.158553
18.009404
17.741143
17.86992
17.870641
17.485495
17.619554
17.484405
17.216163
17.346947
17.347811
17.349904
17.217175
17.34879
17.618653
17.482631
17.483461
16.418758
16.29166
16.291321
16.419087
16.879696
17.108236
16.989693
16.990646
16.992877
17.109276
16.99171
16.878583
16.415237
16.286664
16.287825
16.41409
15.380027
15.531577
15.531501
15.37873
15.195811
15.016798
15.017678
15.194932
15.794713
15.52843
15.910913
15.912073
15.79355
15.192685
15.015699
15.193831
15.014544
15.375229
15.52486
15.525984
15.374145
14.019785
14.195692
14.193822
13.5358
13.804493
14.017705
14.710257
14.860285
14.711332
14.859163
14.536345
14.38476
14.535347
14.385746
13.533811
13.803657
14.013751
14.188689
14.189645
14.016732
13.746337
23.096973
13.737296
13.274447
13.002805
12.840922
12.555731
12.842219
12.553755
22.959832
13.713392
13.712731
20.947046
26.235514
11.871613
26.233231
26.57477
25.314911
24.852232
25.292253
24.882478
20.946272
26.231583
11.871879
26.232183
26.566118
26.566389
25.262158
24.844479
24.839691
25.268242
22.7547
22.769566
22.779173
22.78329
21.709719
21.500562
21.285884
21.079061
21.703855
21.486827
21.297897
21.082834
22.159065
21.937223
22.57419
22.363324
22.37606
22.578467
21.933514
22.147257
21.503161
21.718094
21.085458
21.292875
21.300048
21.087639
21.714764
21.494855
20.094376
19.924946
19.730499
19.546735
20.091782
19.917611
19.737597
19.549072
20.460601
20.273947
20.865328
20.652734
20.657088
20.867178
20.272862
20.456967
19.925936
20.097334
19.551488
19.736951
19.738574
19.551967
20.096438
19.923919
19.093988
19.379222
19.231728
19.232492
19.379601
19.093424
16.84529
16.842058
16.843743
16.376945
16.24661
16.375428
16.248095
16.848222
16.84851
16.379951
16.251426
16.251061
16.380309
15.748392
15.477399
15.47626
15.866172
15.747016
15.867583
15.321449
15.473588
15.32008
15.474963
15.136391
14.956247
15.137542
14.95513
15.751247
15.478321
15.870887
15.870488
15.751648
15.479388
15.139181
14.957163
15.138484
14.957844
15.325873
15.479521
15.32602
14.466506
14.310903
14.465249
14.312111
14.644368
14.797674
14.796585
14.645435
13.93119
14.110666
14.111862
13.44394
13.716886
13.9342
14.646967
14.798569
14.799234
14.646312
14.470665
14.316247
14.316085
14.470845
13.445919
13.717577
13.935863
14.115972
14.115808
13.934927
12.755462
12.498539
13.182327
12.913282
12.498115
12.757607
13.669579
23.020909
28.568071
28.535583
13.670299
23.123644
23.098769
13.184005
12.913708
12.757238
12.49595
12.757921
12.496518
28.303107
27.9682
13.670763
13.670352
22.997318
23.053288
25.202509
24.793107
24.450495
25.220445
24.767143
24.420593
26.629368
21.052036
26.315936
11.994104
26.316127
26.628923
26.629122
25.246098
24.794585
24.438993
24.802463
24.446094
25.238297
23.511036
23.322123
23.330935
23.062351
23.534656
23.380043
23.352074
22.773811
23.044104
22.758271
23.923439
23.707907
23.926367
24.256568
24.108385
24.11827
24.120147
24.262861
24.123724
23.704465
23.914541
23.921846
23.321417
23.506215
23.321931
23.033035
23.032027
23.503909
23.320502
23.320671
23.03142
22.744175
23.031697
22.743766
21.927505
22.138024
22.382052
22.570964
21.935861
22.165048
22.350446
22.557474
21.711595
21.493995
21.308432
21.09319
21.71869
21.510768
21.294096
21.088802
22.133168
21.91385
22.542986
22.348078
22.345588
22.54227
21.914469
22.135258
21.490077
21.699108
21.079725
21.290342
21.290581
21.079862
21.69953
21.490372
20.281573
20.464081
20.667801
20.87404
20.284048
20.472063
20.65864
20.870274
20.10614
19.933984
19.752763
19.565243
20.108324
19.939489
19.747829
19.563679
20.461876
20.275902
20.862073
20.654899
20.656169
20.862339
20.275423
20.460434
19.932361
20.101016
19.55926
19.74474
19.746348
19.55977
20.100511
19.930742
18.762477
18.589638
18.590631
18.432823
18.298748
18.432018
18.763508
18.592429
18.591599
18.430157
18.297868
18.431097
19.107278
19.248546
19.393575
19.11068
19.244847
19.392156
18.945215
18.588749
18.759754
18.588071
18.29517
18.428102
18.428267
18.429315
18.295559
18.428669
18.75932
18.587494
18.587657
19.106197
19.388047
19.242202
19.243683
19.388547
19.104776
17.615595
17.479626
17.480339
17.346146
17.213653
17.345373
17.616355
17.481855
17.481092
17.343924
17.212904
17.344624
17.866204
17.736206
17.865665
18.152329
18.003089
18.003256
18.004177
18.152704
18.003618
17.735862
17.865142
17.865312
17.479003
17.613721
17.478513
17.210823
17.342337
17.342511
17.343315
17.211145
17.342836
17.613385
17.478009
17.478182
16.410455
16.283757
16.411237
16.282963
16.873278
17.102842
16.985066
16.985241
16.986008
17.103162
16.985554
16.872953
16.40874
16.28091
16.281228
16.408429
15.372226
15.523826
15.522887
15.373141
15.187881
15.008962
15.009658
15.187199
15.788039
15.52072
15.905131
15.905448
15.787718
15.186189
15.008383
15.186632
15.00793
15.369296
15.519695
15.519904
15.369088
14.012831
14.187787
14.186957
13.530299
13.798142
14.010552
14.703827
14.853051
14.704277
14.852594
14.530793
14.380023
14.530602
14.380217
13.529078
13.797639
14.009057
14.184141
14.184316
14.009996
13.719225
23.019906
13.720729
13.269963
12.999991
12.840632
12.574294
12.839828
12.571949
23.069313
13.729408
13.727518
26.569181
20.952181
26.2346
11.88129
26.232053
25.133402
24.799064
25.244334
24.695062
26.234995
20.944873
11.867781
26.233669
26.568597
26.566457
25.259305
24.890992
24.819498
25.32123
22.736165
22.720459
23.064518
22.76979
22.747626
21.688411
21.477092
21.28741
21.072871
21.693404
21.488325
21.277909
21.069976
22.121601
21.912517
22.5632
22.367275
22.33259
22.545403
21.920166
22.14766
21.479114
21.695826
21.072329
21.284347
21.279158
21.071071
21.701248
21.487829
20.089163
19.917553
19.735424
19.547642
20.090847
19.922184
19.731057
19.546239
20.4479
20.261936
20.852497
20.641824
20.642866
20.852025
20.261106
20.445773
19.916498
20.086107
19.541296
19.725955
19.729928
19.542617
20.085068
19.912737
19.087612
19.369408
19.221522
19.225655
19.370755
19.083512
16.846936
16.848166
16.847634
16.379039
16.250833
16.379673
16.250214
16.844199
16.843144
16.376431
16.24663
16.24764
16.37541
15.750747
15.477931
15.478581
15.870479
15.751282
15.479086
15.869925
15.325617
15.47941
15.325925
15.139004
14.957084
15.138399
14.957678
15.748388
15.477166
15.866555
15.867514
15.747447
15.474469
15.136864
14.956373
15.137676
14.955574
15.322013
15.475405
15.321091
14.470561
14.316193
14.470803
14.315941
14.646832
14.798491
14.799075
14.646259
13.935751
14.115921
14.115673
13.445
13.716672
13.934359
14.644793
14.797789
14.797001
14.64557
14.467312
14.311817
14.312671
14.466461
13.442457
13.715883
13.931028
14.111534
14.112395
13.933628
12.756416
12.497129
13.182476
12.910833
12.49928
12.75308
23.227569
13.678615
23.352195
27.997605
28.213075
13.652443
23.709433
23.118068
23.156118
13.179592
12.909596
12.747958
12.484825
12.752115
12.487155
28.712393
28.71268
13.661248
23.249255
13.665127
22.913507
23.243443
25.304974
24.790604
24.445919
25.22032
24.868676
24.51352
26.629229
21.056542
26.315858
12.000233
26.317303
26.628584
26.630253
25.221622
24.750493
24.400948
24.78932
24.442434
25.190776
23.550147
23.369648
23.361745
23.040141
23.053292
23.52638
23.327303
23.343334
22.764583
23.066947
22.774556
23.978942
23.719977
23.935766
24.224029
24.073979
24.091492
24.182012
24.26457
24.12968
23.688658
23.883417
23.900741
23.359554
23.520024
23.336595
23.492713
23.299558
23.313211
23.027243
22.742428
23.04627
22.757543
21.92966
22.151413
22.353995
22.561671
21.926375
22.140422
22.368435
22.569361
21.711765
21.49816
21.292691
21.08451
21.709292
21.493321
21.296399
21.085605
22.147697
21.921504
22.54261
22.339516
22.363942
22.554886
21.915869
22.128926
21.496212
21.705233
21.081102
21.289644
21.294877
21.082603
21.701049
21.48872
20.277364
20.462668
20.655982
20.865724
20.276923
20.461253
20.657749
20.866578
20.101968
19.931885
19.744994
19.559645
20.101603
19.931084
19.745678
19.559874
20.462189
20.276591
20.863353
20.655798
20.657093
20.864355
20.276414
20.461573
19.931724
20.101468
19.560012
19.74618
19.745575
19.55984
20.101428
19.932166
18.75946
18.587874
18.587775
18.428116
18.295098
18.428224
18.759323
18.58752
18.587642
18.428455
18.295217
18.428351
19.105266
19.242304
19.388306
19.104851
19.242768
19.388506
18.945434
18.587956
18.759729
18.588096
18.295946
18.429593
18.429032
18.428553
18.295615
18.428713
18.760015
18.588963
18.588401
19.105285
19.388763
19.243614
19.242769
19.388556
19.106162
17.613339
17.478272
17.478126
17.342291
17.210643
17.342338
17.613232
17.477968
17.478019
17.3426
17.210753
17.342446
17.865577
17.736377
17.865807
18.153132
18.00465
18.004096
18.003526
18.152789
18.00374
17.736755
17.866727
17.866174
17.478467
17.613921
17.478744
17.21186
17.344061
17.343508
17.342808
17.21144
17.343099
17.614311
17.479696
17.479144
16.408379
16.280706
16.408245
16.280838
16.87361
17.103907
16.986905
16.986354
16.985591
17.10348
16.985919
16.874048
16.409252
16.282181
16.281716
16.409718
15.369026
15.51961
15.519637
15.369001
15.185804
15.007738
15.00751
15.186035
15.788549
15.520281
15.906443
15.905978
15.78901
15.52111
15.186734
15.008048
15.186347
15.008432
15.370481
15.521617
15.370976
14.008988
14.184084
14.184137
13.529274
13.797308
14.009422
14.704293
14.852675
14.703917
14.853053
14.532059
14.381937
14.532534
14.381467
13.530543
13.79766
14.01107
14.186178
14.185698
14.009746
13.737122
23.106965
13.740623
13.271936
13.00303
12.847514
12.5896
12.844436
12.587995
23.064945
13.7535
13.750986
26.573582
26.569034
20.9522
26.238388
11.880899
26.236795
25.213715
24.871822
25.305889
24.777639
26.234619
20.949303
11.88589
26.235035
26.574024
26.573313
25.116923
24.661083
24.660918
25.110687
22.759905
22.731935
23.020127
22.962223
22.682181
22.675207
21.680673
21.458293
21.281535
21.064117
21.692378
21.484956
21.259303
21.05741
22.085499
21.867143
22.486298
22.307701
22.29383
22.480221
21.870699
22.097067
21.450772
21.655851
21.045238
21.258483
21.253134
21.043625
21.65877
21.457262
20.075477
19.902938
19.723954
19.535639
20.078536
19.910639
19.717037
19.533445
20.429118
20.244163
20.828982
20.62566
20.622582
20.827647
20.244954
20.431711
19.901196
20.069862
19.530095
19.716918
19.715517
19.52966
20.070536
19.902816
19.075813
19.358956
19.214262
19.213323
19.358575
19.076643
16.838924
16.840942
16.839879
16.37138
16.243549
16.372283
16.242663
16.837382
16.837446
16.369919
16.241265
16.241226
16.369965
15.7438
15.863653
15.744605
15.473543
15.472671
15.862828
15.319323
15.320181
15.13263
14.950819
15.13203
14.951409
15.742479
15.470843
15.861499
15.861479
15.742492
15.131389
14.950401
15.131609
14.950179
15.317289
15.47083
15.470624
15.317478
14.464825
14.310972
14.465619
14.310174
14.640739
14.792304
14.792889
14.640158
13.930131
14.110681
14.109872
13.437334
13.709574
13.927833
14.639502
14.791886
14.791658
14.639739
14.462792
14.308112
14.30805
14.462892
13.435119
13.708949
13.926649
14.107639
14.10762
13.927305
12.746359
12.480218
13.173721
12.900142
12.479027
12.741541
23.285039
13.655855
22.980706
29.060743
28.157923
13.654531
22.991237
23.286348
23.116171
13.170934
12.898995
12.736131
12.474799
12.74004
12.475891
28.463994
28.09081
13.648544
23.114047
23.179752
13.649878
22.998298
23.115158
25.240079
24.742981
24.396376
25.180705
24.803143
24.453014
26.626021
26.313727
21.052505
11.987046
26.314949
26.626009
26.629252
25.328564
24.90084
24.549621
24.904458
24.556132
25.3296
23.525227
23.370847
23.34222
23.016691
23.495043
23.300298
23.315845
23.076989
23.030247
22.745896
23.0527
22.764873
24.014502
23.798817
24.023716
24.363698
24.188201
24.218788
24.218314
24.371442
24.227273
23.790112
23.986345
24.014909
23.392176
23.590594
23.400003
23.582359
23.371573
23.392462
23.095658
22.801274
23.102207
22.806822
21.930818
22.162274
22.340842
22.546534
21.920959
22.130403
22.378582
22.562945
21.714555
21.509327
21.29137
21.0862
21.706309
21.490445
21.307269
21.091081
22.171833
21.95226
22.594442
22.37948
22.390002
22.599193
21.949572
22.163125
21.514738
21.732312
21.099874
21.307664
21.31173
21.101124
21.73011
21.509854
20.283263
20.471633
20.657366
20.868248
20.280562
20.463061
20.667231
20.872395
20.107725
19.939412
19.747356
19.563273
20.105331
19.933414
19.752784
19.56504
20.473811
20.288397
20.879707
20.667285
20.669801
20.880765
20.287694
20.471605
19.940838
20.112192
19.567702
19.75257
19.754052
19.568191
20.111561
19.939228
18.763812
18.593113
18.59207
18.430421
18.298302
18.43146
18.762584
18.589817
18.590902
18.433553
18.299354
18.432569
19.111042
19.244613
19.391848
19.107111
19.24884
19.393471
18.951632
18.951247
18.593819
18.765889
18.594028
18.300755
18.433255
18.43407
18.434215
18.301079
18.434407
18.765524
18.592822
18.593677
19.111913
19.395874
19.248572
19.249787
19.396331
19.110758
17.61723
17.482662
17.481988
17.344748
17.213837
17.345519
17.616399
17.480396
17.481192
17.346925
17.214571
17.346283
17.870563
17.741106
17.870696
18.15773
18.007796
18.008504
18.00866
18.158043
18.008806
17.740823
17.869726
17.870404
17.483093
17.618505
17.483192
17.215397
17.346587
17.347163
17.347332
17.215648
17.347421
17.61823
17.482326
17.482925
16.412151
16.283972
16.411547
16.284555
16.8775
17.107334
16.989162
16.87727
16.989675
16.989846
17.107577
16.989912
16.412977
16.285136
16.285342
16.412766
15.37201
15.522154
15.522683
15.371498
15.189165
15.011154
15.01082
15.189508
15.791826
15.52373
15.909163
15.90935
15.791644
15.523229
15.189728
15.011346
15.189705
15.011369
15.372861
15.523582
15.372517
14.011561
14.186667
14.187133
13.5333
13.800872
14.012772
14.707098
14.855887
14.707074
14.85591
14.534292
14.383446
14.534019
14.383699
13.534213
13.80112
14.012815
14.187789
14.188017
14.012985
13.762339
23.115619
13.764152
13.276261
13.008751
12.852965
12.596208
12.851862
12.595995
13.768178
13.76818
26.567093
26.57378
20.945475
26.234824
11.870769
26.232807
26.574568
25.329591
24.864838
25.300488
24.902234
20.945431
26.233681
11.868862
26.232983
26.568823
25.25424
24.773999
24.826142
25.198993
22.755633
22.774713
23.070726
23.037669
22.749059
22.764602
21.700896
21.490221
21.266666
21.064011
21.691302
21.46712
21.286453
21.07003
22.148923
21.92074
22.546545
22.334291
22.367005
22.560305
21.912391
22.121441
21.490773
21.702155
21.06987
21.27584
21.287256
21.073167
21.695352
21.476153
20.081427
19.912523
19.719066
19.535418
20.078541
19.905283
19.725522
19.537453
20.447578
20.261118
20.850661
20.639228
20.643958
20.853148
20.260225
20.444278
19.913651
20.084886
19.540675
19.726547
19.726622
19.540643
20.084319
19.913047
19.083476
19.368782
19.222483
19.221628
19.368636
19.084495
16.838352
16.83906
16.372147
16.242672
16.37143
16.24337
16.841875
16.842389
16.374145
16.245873
16.24534
16.374677
15.744303
15.862745
15.743684
15.471208
15.471713
15.863384
15.318318
15.317836
15.132908
14.952175
15.133483
14.951619
15.746144
15.473499
15.865795
15.865263
15.746673
15.134601
14.952732
15.134055
14.953266
15.321115
15.475064
15.474585
15.321589
14.463495
14.308315
14.463137
14.308628
14.640711
14.793523
14.792991
14.641215
13.926713
14.107795
14.108057
13.433894
13.70815
13.927394
14.642218
14.794059
14.794575
14.641725
14.465779
14.311063
14.310696
14.466183
13.433792
13.708298
13.928448
14.110203
14.109882
13.927683
12.734976
12.471392
13.168549
12.893436
12.470287
12.731554
13.6439
22.966921
28.730358
27.778803
13.641625
23.2132
23.044667
13.167658
12.892761
12.726468
12.463898
12.730402
12.465729
28.404154
28.077131
23.062281
13.630199
22.867209
23.240143
23.146358
13.633899
23.078927
25.17769
24.744798
24.398831
25.181622
24.734303
24.384108
26.315803
21.054317
11.998763
26.314851
26.630254
26.628526
25.234988
24.831407
24.47349
24.795005
24.442254
25.275379
23.482692
23.303783
23.304678
23.054336
23.497889
23.343755
23.318744
23.020389
23.033059
22.748484
22.737149
23.906318
23.710379
23.927655
24.28765
24.149741
24.145474
24.099193
24.261147
24.123642
23.725692
23.952116
23.945685
23.312813
23.509611
23.325998
23.056781
23.523087
23.347798
23.338203
23.04726
22.758332
23.036248
22.748474
21.914789
22.128072
22.365108
22.548812
21.921991
22.151031
22.339217
22.538531
21.700658
21.487284
21.301726
21.086108
21.706973
21.502767
21.288224
21.081914
22.129719
21.916688
22.55567
22.363251
22.34174
22.546808
21.922302
22.148008
21.487378
21.701313
21.082945
21.296193
21.288048
21.080518
21.70596
21.49756
20.277545
20.460444
20.663665
20.868011
20.280086
20.468477
20.654598
20.864344
20.102529
19.931176
19.750611
19.562692
20.104816
19.937062
19.745211
19.560935
20.459809
20.275452
20.864547
20.657909
20.654016
20.862635
20.276348
20.462793
19.930488
20.10041
19.559139
19.745415
19.744524
19.558854
20.101097
19.931735
18.76066
18.588033
18.589025
18.432107
18.297661
18.430828
18.761962
18.591617
18.590278
18.42866
18.296503
18.429624
19.105189
19.247039
19.391251
19.109324
19.242661
19.389614
18.944139
18.944176
18.587391
18.75872
18.587093
18.294497
18.427662
18.42763
18.428022
18.294602
18.427706
18.758711
18.587117
18.587049
19.104531
19.387762
19.242203
19.241993
19.38756
19.104597
17.614768
17.478784
17.479591
17.345779
17.213178
17.344858
17.615736
17.481485
17.480529
17.343159
17.212297
17.34395
17.865177
17.735377
17.864804
18.151646
18.002519
18.002579
18.003095
18.151778
18.002736
17.735172
17.864536
17.864622
17.47817
17.612928
17.477759
17.210181
17.341663
17.341852
17.342547
17.210474
17.342124
17.6127
17.477344
17.477509
16.410188
16.283371
16.410947
16.282631
16.872664
17.102212
16.98439
16.872317
16.984645
16.985431
17.102524
16.984975
16.408372
16.280411
16.280821
16.407974
15.371456
15.52273
15.522136
15.372034
15.187603
15.008721
15.009312
15.187
15.787682
15.520296
15.904673
15.905111
15.787238
15.185916
15.008161
15.186431
15.00765
15.368674
15.518922
15.519325
15.368266
14.012517
14.187446
14.187021
13.533501
13.799801
14.011271
14.703606
14.852796
14.704101
14.852291
14.530634
14.379841
14.530239
14.380221
13.5326
13.79943
14.009745
14.184373
14.184737
14.01084
13.766826
23.16602
13.765962
13.275444
13.008916
12.853106
12.59092
12.853087
12.592071
13.761225
13.762132
26.571781
26.572091
20.956361
26.232586
11.895164
26.235049
26.574456
25.09158
24.721176
25.165815
24.661269
26.57329
20.944851
26.233555
11.869934
26.235722
26.566304
25.288839
24.85311
24.852296
25.280672
22.712451
22.995698
22.712626
22.994689
23.060747
22.768376
22.755319
21.679597
21.473057
21.271839
21.061311
21.678845
21.471201
21.273581
21.061904
22.124751
21.915669
22.563475
22.369073
22.338009
22.551425
21.924223
22.152301
21.47881
21.698598
21.078053
21.293723
21.278438
21.073432
21.706039
21.49678
20.083037
19.914187
19.726252
19.540484
20.082489
19.912554
19.727882
19.541024
20.446955
20.264119
20.858228
20.65092
20.641871
20.854343
20.266392
20.454509
19.915779
20.08823
19.545666
19.733019
19.729274
19.544514
20.090135
19.920215
19.0871
19.373557
19.2275
19.225129
19.372569
19.089184
16.843671
16.37643
16.247219
16.376014
16.247631
16.845212
16.845395
16.377456
16.248756
16.248625
16.377599
15.748413
15.867149
15.748021
15.475507
15.867548
15.322432
15.322027
15.475918
15.136776
14.955696
15.137092
14.955393
15.749273
15.476907
15.868538
15.868441
15.74936
15.137504
14.955933
15.137343
14.95608
15.323623
15.477081
15.477158
15.32354
14.466885
14.311395
14.466552
14.311689
14.644178
14.79692
14.796633
14.644444
13.928641
14.110489
14.110737
13.433068
13.708582
13.928955
14.644753
14.797141
14.797272
14.644643
14.467638
14.312069
14.312251
14.467489
13.431928
13.708419
13.928316
14.110822
14.11105
13.928938
12.724908
12.457101
13.165477
12.886336
12.454249
12.719572
23.112898
13.618526
27.84837
27.877767
13.614049
23.018479
13.163378
12.885052
12.710425
12.439443
12.717559
12.443538
28.132323
28.340129
13.590081
22.909763
22.995296
13.597407
25.338902
24.850723
24.500584
25.282303
24.895827
24.534229
21.053676
26.315134
11.996116
26.316256
26.629561
26.629238
25.198434
24.777514
24.424811
24.762604
24.415579
25.219452
23.554057
23.354699
23.36484
23.064877
23.551128
23.356522
23.364051
23.061524
23.069825
23.070338
22.778649
22.777465
23.935369
23.701897
23.914761
24.244493
24.118158
24.10824
24.128669
24.239066
24.106165
23.699037
23.921358
23.91405
23.338057
23.505033
23.324519
23.030056
23.048593
23.037313
23.500684
23.319542
23.319246
23.031548
22.745183
22.751098
21.93282
22.149697
22.368953
22.573727
21.933866
22.152927
22.365278
22.572372
21.714822
21.498517
21.29866
21.088446
21.715711
21.500532
21.296906
21.08788
22.143791
21.918965
22.544148
22.342018
22.358247
22.54995
21.914249
22.128841
21.494851
21.70292
21.077251
21.284283
21.293744
21.080181
21.698667
21.484082
20.278179
20.462582
20.65925
20.869005
20.278607
20.463873
20.657903
20.868496
20.102452
19.931065
19.745843
19.559932
20.102869
19.93228
19.744641
19.559532
20.46074
20.273568
20.85923
20.649573
20.655814
20.861786
20.271869
20.455307
19.929741
20.09832
19.555359
19.740151
19.743437
19.556418
20.096825
19.926051
18.758384
18.586037
18.586634
18.427659
18.294301
18.427506
18.758757
18.587143
18.587005
18.426564
18.293939
18.427139
19.103603
19.242398
19.388343
19.104743
19.24124
19.387949
18.941611
18.585289
18.756165
18.584516
18.291454
18.424185
18.42452
18.425851
18.292018
18.425122
18.755478
18.583506
18.583873
19.102717
19.384112
19.237853
19.240291
19.385072
19.100479
17.611847
17.476146
17.476598
17.341479
17.209505
17.341232
17.612194
17.47718
17.476944
17.340447
17.209159
17.340886
17.862799
17.732785
17.862218
18.148669
17.999412
17.999661
18.000767
18.149195
18.000152
17.732358
17.861537
17.861759
17.475635
17.610327
17.475147
17.207521
17.339031
17.33916
17.339959
17.207834
17.339499
17.60993
17.474628
17.474779
16.406661
16.279414
16.407011
16.279065
16.869987
17.099586
16.869699
16.981982
16.869748
16.98205
16.982695
17.099873
16.982313
16.405625
16.277913
16.278073
16.405446
15.367545
15.518553
15.367894
15.183997
15.005458
15.00574
15.183706
15.784978
15.5173
15.902278
15.902386
15.784886
15.183316
15.005233
15.183468
15.005094
15.366461
15.517151
15.517058
15.366568
14.009459
14.184049
14.183764
13.531768
13.797864
14.008864
14.701202
14.849924
14.701308
14.849801
14.528802
14.378731
14.528967
14.378547
13.531958
13.797852
14.009168
14.183451
14.183243
14.008786
13.756345
23.160294
13.754577
13.275687
13.008858
12.856882
12.581537
12.854693
12.582368
13.753192
23.037934
13.752005
26.570345
26.566987
20.946356
26.23272
11.871988
26.234818
26.566723
25.288292
24.844348
25.266279
24.864333
26.574279
20.952642
26.238643
11.881081
26.237531
26.575031
25.205255
24.674685
24.764195
25.116626
22.780762
22.777432
23.070894
22.980966
22.699679
22.722476
21.70899
21.486761
21.295572
21.082006
21.713543
21.499046
21.284468
21.078549
22.127092
21.894369
22.502762
22.30076
22.342209
22.521765
21.883848
22.092768
21.477725
21.679581
21.054715
21.259823
21.276707
21.059844
21.670892
21.45776
20.089003
19.915403
19.733148
19.545725
20.090949
19.920435
19.728579
19.544275
20.443944
20.254951
20.837744
20.628305
20.639039
20.842127
20.252047
20.434546
19.912533
20.079791
19.535776
19.719984
19.726018
19.537688
20.077207
19.905874
19.083989
19.364381
19.217256
19.221958
19.366138
19.079604
16.844744
16.376291
16.248066
16.376911
16.247458
16.841495
16.840673
16.373825
16.244283
16.245053
16.373037
15.748097
15.475908
15.867835
15.748657
15.476844
15.867262
15.322914
15.323304
15.476447
15.136297
14.954231
15.135669
14.954852
15.745916
15.474545
15.473823
15.8643
15.865023
15.745209
15.13428
14.953552
15.13498
14.952861
15.319694
15.472553
15.473143
15.319115
14.466796
14.311761
14.467207
14.311327
14.643452
14.795408
14.79602
14.642844
13.927881
14.110469
14.109996
13.428002
13.704494
13.925954
14.641509
14.79474
14.794061
14.642182
14.46366
14.307529
14.308128
14.463075
13.424707
13.703603
13.922945
14.105985
14.106623
13.925182
12.707719
12.424675
13.157781
12.872464
12.418462
12.69905
22.816996
13.566241
2.6726691
14.836513
31.300116
13.558805
13.153489
12.870243
12.686609
12.390327
12.695961
12.397829
4.0570419
14.816676
31.23248
22.872698
13.526699
23.049134
13.534784
25.21572
24.794056
24.437177
25.239082
24.770476
24.415678
26.630129
21.056949
26.318213
11.994349
26.317137
26.629476
26.626379
25.24305
24.881896
24.527662
24.808463
24.459729
25.316369
23.491439
23.310697
23.310281
23.499116
23.319386
23.315508
23.025509
23.023134
23.025979
22.738499
22.737557
23.909449
23.731162
23.947854
24.341125
24.227724
24.196546
24.099068
24.280172
24.143359
23.769918
24.021221
23.993533
23.323286
23.530982
23.347779
23.037394
23.057884
23.563504
23.391387
23.374926
23.079656
22.78669
22.76943
21.910565
22.132774
22.339793
22.537153
21.908515
22.12667
22.34477
22.537386
21.69589
21.489219
21.283007
21.074421
21.693694
21.482558
21.289352
21.076445
22.141199
21.931664
22.580957
22.384259
22.354142
22.56675
21.939272
22.165888
21.495024
21.714474
21.092762
21.306587
21.294438
21.088993
21.720728
21.50927
20.272266
20.459449
20.648896
20.856959
20.270773
20.454771
20.653968
20.858846
20.097373
19.929562
19.73996
19.555033
20.095985
19.925798
19.743503
19.556188
20.462552
20.280197
20.873194
20.665659
20.657444
20.869908
20.282576
20.469967
19.931898
20.104604
19.563766
19.751151
19.745666
19.561962
20.106796
19.937735
18.756509
18.586226
18.584935
18.424228
18.291683
18.424705
18.755563
18.583531
18.58401
18.426861
18.292565
18.425608
19.103391
19.237785
19.3839
19.100439
19.240853
19.385001
18.946549
18.587741
18.761006
18.589295
18.297989
18.432313
18.431203
18.428326
18.296654
18.429831
18.762455
18.591836
18.590707
19.105104
19.392154
19.247373
19.242653
19.390441
19.109632
17.611134
17.477033
17.476002
17.33918
17.208036
17.339641
17.610344
17.474766
17.475227
17.341408
17.208784
17.340402
17.865329
17.737179
17.866661
18.155059
18.006971
18.005918
18.003281
18.15376
18.004651
17.73839
17.868936
17.867898
17.478224
17.614677
17.479458
17.213204
17.345906
17.344916
17.34257
17.212083
17.343775
17.615863
17.481622
17.480621
16.406831
16.278628
16.406135
16.279317
17.105192
16.988545
16.987584
16.985373
17.10409
16.986502
16.875225
16.409793
16.28325
16.28223
16.410825
15.367315
15.36685
15.184777
15.007339
15.006579
15.185546
15.789032
15.520206
15.907441
15.906469
15.789987
15.187323
15.008192
15.186411
15.009091
15.371457
15.522949
15.522074
15.372326
14.009557
14.183803
14.184302
13.534553
13.800982
14.011518
14.705207
14.852914
14.704331
14.853803
14.533675
14.384291
14.534505
14.38346
13.537377
13.80187
14.015007
14.189085
14.188249
14.012366
13.787278
23.005954
13.805027
23.301155
13.281959
13.015762
12.86792
12.593974
12.861905
12.593644
13.796991
23.354877
13.806875
26.574154
26.571363
26.237427
20.950428
11.880864
26.237493
26.573753
25.256193
24.705551
25.140703
24.821835
26.574074
20.952022
26.236742
11.882824
26.237537
26.569135
26.57337
25.241379
24.74341
24.816946
25.166338
22.713055
22.738716
23.030176
23.031314
22.743981
22.757404
21.681671
21.474748
21.260176
21.05441
21.673745
21.458511
21.272753
21.058061
22.134433
21.911787
22.541917
22.33344
22.352543
22.552334
21.90782
22.120638
21.47836
21.693334
21.065244
21.274126
21.275874
21.065569
21.690683
21.474681
20.076239
19.907274
19.719322
19.533755
20.075246
19.905225
19.720925
19.534239
20.440194
20.255698
20.846175
20.637094
20.635666
20.846095
20.256386
20.442109
19.908436
20.079946
19.537703
19.724477
19.721961
19.536881
20.080712
19.910932
19.080351
19.365988
19.22056
19.218195
19.36518
19.082635
16.839513
16.839238
16.371461
16.242845
16.371584
16.242714
16.839785
16.840557
16.840155
16.371898
16.243403
16.243112
16.372202
15.743632
15.471502
15.471565
15.862881
15.743805
15.862716
15.318323
15.472085
15.318653
15.471756
15.131999
14.950462
15.131899
14.950575
15.743825
15.471547
15.471673
15.863184
15.862953
15.74404
15.131978
14.950448
15.1319
14.950511
15.31836
15.472077
15.471858
15.31856
14.462194
14.307017
14.462581
14.306607
14.639198
14.791653
14.791778
14.639054
13.922328
14.105431
14.104975
13.419974
13.698644
13.921072
14.639028
14.791624
14.791672
14.639004
14.461701
14.306023
14.305971
14.461781
13.418232
13.698287
13.92054
14.104064
14.104068
13.920843
12.683655
12.365058
13.147084
12.855616
12.355848
12.675527
22.996462
13.505759
23.151974
27.974678
27.882741
13.501442
13.14432
12.853924
12.665842
12.318163
12.672987
12.327726
28.970058
28.434474
23.250315
13.498424
23.31653
13.494252
23.249687
25.216552
24.869581
24.513537
25.307603
24.778573
24.429615
26.627494
21.054682
26.317557
11.991749
26.314811
26.629869
26.62544
25.238196
24.852217
24.490658
24.792556
24.436685
25.299037
23.514185
23.311571
23.333653
23.552152
23.387795
23.364696
23.028939
23.046539
23.070882
22.779449
22.760653
23.886208
23.705617
23.921799
24.302325
24.16711
24.157976
24.071669
24.254762
24.117236
23.734209
23.968001
23.95614
23.309493
23.506383
23.324489
23.051713
23.026147
23.529929
23.356874
23.343777
22.762257
23.036576
22.750559
21.930109
22.141136
22.382452
22.575045
21.937145
22.164543
22.352409
22.559977
21.714203
21.498518
21.306572
21.093619
21.719574
21.509007
21.298691
21.091322
22.13838
21.923446
22.559702
22.3681
22.349367
22.55031
21.927903
22.153055
21.496861
21.708672
21.090295
21.302867
21.29737
21.088624
21.712124
21.503831
20.28395
20.468357
20.666123
20.874466
20.284585
20.470523
20.663034
20.872763
20.108502
19.937961
19.751888
19.5661
20.108933
19.938446
19.751737
19.566054
20.467962
20.283366
20.872112
20.665464
20.662468
20.870759
20.284197
20.47053
19.937901
20.10822
19.566943
19.753481
19.751748
19.566358
20.108962
19.939764
18.765057
18.593531
18.593349
18.4331
18.300377
18.433591
18.764829
18.59262
18.593091
18.434085
18.30069
18.433878
19.111028
19.248147
19.394516
19.110409
19.248631
19.394549
18.951248
18.593754
18.765753
18.594082
18.301873
18.435474
18.435049
18.43432
18.301486
18.434644
18.766201
18.594961
18.594507
19.1112
19.395528
19.250246
19.248775
19.394976
19.112604
17.618658
17.483766
17.483434
17.346702
17.215595
17.347302
17.618246
17.482416
17.483006
17.348092
17.216055
17.347747
17.87121
17.742045
17.871513
18.158965
18.010182
18.009839
18.009184
18.158597
18.009491
17.742362
17.872165
17.871846
17.48406
17.619557
17.484352
17.217271
17.349191
17.348957
17.348393
17.217007
17.348681
17.61986
17.484894
17.484641
16.413763
16.285661
16.413235
16.2862
16.879124
17.109277
16.991858
16.991676
16.991155
17.109023
16.991435
16.879363
16.414795
16.287461
16.287253
16.415004
15.373791
15.524412
15.37311
15.191099
15.013315
15.012849
15.19156
15.793976
15.526088
15.911626
15.911435
15.794165
15.192195
15.013683
15.191924
15.013959
15.375685
15.526387
15.526282
15.37579
14.015811
14.189859
14.190551
13.54185
13.807544
14.01772
14.710073
14.858398
14.709787
14.858681
14.537869
14.387855
14.537974
14.387734
13.543547
13.808045
14.018982
14.192713
14.192587
14.018172
13.776339
13.77719
23.041598
13.289083
13.025535
12.877985
12.626776
12.874914
12.622721
23.219685
13.789974
13.787202
26.570149
26.23535
20.946898
11.877069
26.234585
26.573437
25.213239
24.756481
25.19468
24.768345
20.952327
26.23628
11.882738
26.234094
26.571973
26.571152
25.224065
24.909322
24.800062
25.340819
22.721671
22.723184
23.008699
23.070526
22.776219
23.04981
22.760149
21.684198
21.477733
21.272516
21.063262
21.682308
21.472286
21.277778
21.064958
22.130437
21.920821
22.569967
22.373857
22.343606
22.556702
21.92863
22.156204
21.483636
21.703423
21.080844
21.295923
21.282815
21.076994
21.710024
21.499336
20.084138
19.915435
19.725241
19.540194
20.082786
19.911636
19.728814
19.541327
20.449474
20.265938
20.860596
20.651985
20.644828
20.85744
20.267576
20.455202
19.91712
20.089656
19.545485
19.732355
19.730271
19.544905
20.090946
19.919862
19.087029
19.373097
19.226051
19.225269
19.37267
19.087548
16.841722
16.840968
16.841365
16.373491
16.244371
16.373207
16.244644
16.842213
16.841857
16.842102
16.373811
16.244831
16.244954
16.373678
15.744996
15.472866
15.472724
15.863976
15.744788
15.864196
15.318975
15.472309
15.318772
15.472532
15.132747
14.951309
15.132829
14.951227
15.745194
15.472939
15.864283
15.864405
15.745082
15.132788
14.951329
15.132846
14.951281
15.3192
15.472714
15.472855
15.31904
14.461965
14.306091
14.461875
14.306158
14.639564
14.792394
14.792321
14.639619
13.92051
14.104077
14.10409
13.416347
13.696997
13.920392
14.639555
14.792409
14.792359
14.639618
14.461811
14.30576
14.305947
14.461624
13.415089
13.696795
13.919775
14.103428
14.103648
13.920296
12.66375
12.287917
13.141069
12.84263
12.270622
12.667656
13.504753
21.494876
28.439084
28.199286
13.551249
23.384989
23.327105
13.139602
12.84039
12.653732
12.230395
12.671609
12.202399
28.447144
28.467377
23.357369
13.687948
23.394574
13.913704
17.317964
23.400161
25.261701
24.840776
24.489562
25.275157
24.832505
24.48563
26.629437
21.054937
26.317999
11.991869
26.317154
26.627469
26.626734
25.266709
24.759206
24.415014
24.825277
24.470178
25.192188
23.550384
23.363573
23.36514
23.548929
23.362402
23.364274
23.072771
23.07247
22.782238
22.782167
23.972227
23.728428
23.947884
24.240728
24.105917
24.10946
24.175286
24.286796
24.146575
23.706637
23.917433
23.918963
23.355829
23.5263
23.342033
23.046901
23.044288
23.062617
23.510388
23.333047
23.330648
22.758942
23.051904
22.763927
21.940252
22.158186
22.37398
22.578273
21.940264
22.158279
22.373558
22.578063
21.722598
21.507789
21.305496
21.096159
21.722494
21.50701
21.30641
21.096459
22.153998
21.931546
22.55858
22.362054
22.368467
22.56219
21.929887
22.148786
21.505669
21.715686
21.09179
21.301263
21.304732
21.092948
21.714251
21.501991
20.287377
20.472593
20.666957
20.876967
20.287133
20.471789
20.66785
20.877275
20.111721
19.941062
19.75421
19.568744
20.111513
19.940583
19.754583
19.568849
20.471789
20.285384
20.873249
20.663801
20.666924
20.874369
20.284335
20.468727
19.940423
20.109847
19.56609
19.751018
19.753963
19.567103
20.10881
19.937459
18.767322
18.595164
18.595499
18.435824
18.302746
18.436002
18.767344
18.595342
18.595547
18.435593
18.302664
18.435936
19.113137
19.25079
19.397164
19.113104
19.250897
19.397239
18.951246
18.594555
18.765582
18.593725
18.299982
18.432257
18.433219
18.434985
18.300906
18.434166
18.764618
18.591771
18.592761
19.112536
19.394493
19.247395
19.250295
19.3955
19.109659
17.620203
17.484533
17.484909
17.349335
17.217593
17.349336
17.620361
17.485059
17.485079
17.348777
17.217401
17.349154
17.871395
17.741083
17.870632
18.157002
18.006938
18.007805
18.009469
18.157904
18.008686
17.740258
17.868952
17.86978
17.483966
17.618527
17.48326
17.215117
17.346135
17.346806
17.34822
17.215814
17.347536
17.617733
17.481786
17.482498
16.414829
16.287513
16.415066
16.287282
16.877934
17.107145
16.988969
16.989527
16.990781
17.107808
16.990163
16.877352
16.413435
16.285453
16.285951
16.412905
15.375702
15.526394
15.526299
15.375796
15.192121
15.013662
15.013934
15.191827
15.792786
15.52548
15.90975
15.910178
15.792388
15.191111
15.013341
15.191478
15.013007
15.374224
15.52457
15.524799
15.37399
14.019075
14.192747
14.192693
13.544481
13.809052
14.018902
14.709307
14.858154
14.709602
14.857843
14.536708
14.386626
14.536526
14.38678
13.544181
13.808918
14.018366
14.191515
14.191668
14.018745
13.798983
23.435087
13.801941
13.29063
13.030449
12.88323
12.647904
12.881641
12.646394
23.402181
13.818778
13.814614
20.957635
26.234149
11.89649
26.235089
26.571912
25.179872
24.809999
25.229978
24.767105
20.944122
26.240803
11.851909
26.236162
26.56512
26.318034
25.338859
24.690485
24.903284
25.125919
22.780241
22.777073
22.682214
22.727596
21.709296
21.484806
21.296822
21.081866
21.714687
21.500655
21.281874
21.077147
22.126528
21.88719
22.484401
22.265912
22.344429
22.52097
21.868741
22.061463
21.473327
21.671891
21.044308
21.240111
21.271888
21.052711
21.656849
21.435521
20.085903
19.911407
19.731561
19.54297
20.088897
19.919131
19.724616
19.54076
20.439097
20.249661
20.828378
20.614393
20.634081
20.835408
20.245525
20.422269
19.908196
20.074932
19.531595
19.711775
19.721912
19.533977
20.071408
19.896995
19.080583
19.360635
19.211878
19.218361
19.36274
19.075389
16.840885
16.841524
16.841173
16.372558
16.244027
16.372807
16.243804
16.840874
16.840995
16.372433
16.243297
16.243697
16.372011
15.744284
15.472297
15.472295
15.863586
15.744446
15.863403
15.318666
15.472545
15.318849
15.47239
15.13188
14.950458
15.131813
14.9505
15.744136
15.472402
15.862855
15.863275
15.743794
15.47267
15.131811
14.950484
15.131826
14.950486
15.318304
15.472429
15.316675
14.461211
14.305553
14.461413
14.305352
14.638729
14.791529
14.791584
14.638647
13.919555
14.10319
14.10296
13.412764
13.694741
13.919087
14.638549
14.791529
14.791502
14.638613
14.460333
14.303589
14.304525
14.458738
13.411778
13.69461
13.919641
14.104162
14.102501
13.919088
12.649924
12.257599
13.136093
12.835653
12.257667
12.64602
13.455224
21.638396
28.698058
28.995218
13.44626
23.37313
23.439753
13.135055
12.834793
12.644697
12.249725
12.645466
12.253733
28.012801
28.444946
13.407726
13.418856
21.990972
23.23494
25.402349
24.91459
24.554485
25.351862
24.957851
24.589047
26.617731
21.061665
26.315369
11.982531
26.310295
26.650202
26.640188
25.129802
24.795698
24.426856
24.709651
24.373351
25.245456
23.57081
23.360959
23.376685
23.074178
23.563741
23.351155
23.371763
22.779762
23.077632
22.782144
23.920789
23.695579
23.901123
24.242484
24.105783
24.109146
24.107333
24.205703
24.083184
23.704838
23.91509
23.917755
23.338971
23.504628
23.328279
23.027816
23.053046
23.508593
23.322071
23.328879
23.043336
22.753648
23.045172
22.75964
21.934355
22.153755
22.366528
22.573547
21.933827
22.151707
22.36956
22.575277
21.716478
21.502309
21.301219
21.090546
21.716216
21.502366
21.300687
21.09027
22.15055
21.928312
22.5522
22.346011
22.364895
22.558326
21.924197
22.132974
21.501235
21.712107
21.086736
21.28968
21.299938
21.088693
21.708555
21.489239
20.281148
20.466416
20.663104
20.871469
20.281717
20.467925
20.661738
20.87108
20.105471
19.93489
19.750032
19.563207
20.106058
19.936492
19.748509
19.562674
20.466385
20.281146
20.868414
20.654939
20.661584
20.870012
20.280416
20.460737
19.935153
20.105733
19.56319
19.745166
19.748861
19.563553
20.105168
19.931276
18.761777
18.590261
18.590006
18.43141
18.297716
18.430828
18.762054
18.590884
18.590247
18.430964
18.297592
18.43065
19.10758
19.246406
19.391626
19.108687
19.245173
19.391132
18.949071
18.590965
18.763679
18.591746
18.299523
18.429764
18.432451
18.431701
18.299512
18.432484
18.763832
18.588744
18.591625
19.108094
19.391858
19.24378
19.245661
19.392159
19.107076
17.616177
17.481621
17.48111
17.345637
17.213852
17.345423
17.616094
17.481245
17.480991
17.346094
17.214028
17.345572
17.86915
17.740575
17.869935
18.156845
18.005412
18.007727
18.006954
18.15679
18.00773
17.74066
17.86788
17.869983
17.482413
17.618229
17.483174
17.216102
17.345962
17.347659
17.346873
17.216043
17.347598
17.618352
17.481483
17.483275
16.412445
16.284813
16.412176
16.285095
16.879048
17.108388
16.990868
16.991134
16.989975
17.108161
16.990685
16.879766
16.414428
16.287137
16.287022
16.414541
15.373981
15.524492
15.524607
15.373896
15.190715
15.013205
15.012764
15.191144
15.793868
15.526135
15.911269
15.911237
15.793957
15.192148
15.01374
15.191682
15.014204
15.375962
15.527263
15.527316
15.374534
14.018378
14.19146
14.191526
13.544072
13.809017
14.019109
14.710276
14.858545
14.70991
14.858964
14.537658
14.387022
14.3878
14.536238
13.544693
13.809358
14.020842
14.19475
14.193029
14.019562
13.831542
23.449868
13.836884
13.29171
13.03206
12.887674
12.643247
12.88649
12.647516
23.107258
13.84371
13.849025
)
;
    }
}


// ************************************************************************* //
