/*--------------------------------*- C++ -*----------------------------------*\
| =========                 |                                                 |
| \\      /  F ield         | OpenFOAM: The Open Source CFD Toolbox           |
|  \\    /   O peration     | Version:  2412                                  |
|   \\  /    A nd           | Website:  www.openfoam.com                      |
|    \\/     M anipulation  |                                                 |
\*---------------------------------------------------------------------------*/
FoamFile
{
    version     2.0;
    format      ascii;
    arch        "LSB;label=32;scalar=64";
    class       volScalarField;
    location    "300";
    object      yPlus;
}
// * * * * * * * * * * * * * * * * * * * * * * * * * * * * * * * * * * * * * //

dimensions      [0 0 0 0 0 0 0];

internalField   uniform 0;

boundaryField
{
    inlet
    {
        type            calculated;
        value           uniform 0;
    }
    outlet
    {
        type            calculated;
        value           uniform 0;
    }
    topandbottom
    {
        type            calculated;
        value           uniform 0;
    }
    front
    {
        type            symmetryPlane;
    }
    back
    {
        type            symmetryPlane;
    }
    airfoil
    {
        type            calculated;
        value           nonuniform List<scalar> 
12960
(
47.007684
44.264705
52.467961
44.464371
44.269403
43.907391
39.416294
44.04188
39.581082
43.593558
44.155875
44.013566
52.591685
52.354447
43.778237
51.033152
42.540927
40.287342
44.177881
52.751207
44.055325
38.852088
44.205882
44.224352
39.459053
44.067245
44.738408
44.121701
52.718914
44.183754
47.183879
47.246895
42.728933
39.135381
42.615089
51.192697
38.528004
39.021599
43.765847
52.409009
52.226279
43.13609
52.383124
43.975633
39.610813
44.918428
38.768635
44.101351
44.232264
39.453058
51.557391
41.309147
36.350038
38.994233
44.353158
38.840401
38.594703
52.542977
44.332051
43.143154
52.411172
52.489623
43.589684
52.843315
38.839108
38.308743
38.510237
43.023708
43.619275
37.08384
43.142627
44.13556
39.635177
43.335191
43.498985
44.655217
53.125571
44.245125
52.790505
45.15217
44.392685
44.239453
39.41021
39.41694
44.161355
39.488846
44.129094
39.629339
45.640801
44.991794
38.940957
43.777243
52.922344
44.524105
38.584962
43.597788
53.026874
44.327158
43.901721
44.446858
38.812173
44.15602
45.512358
53.543055
48.524624
48.118136
45.266144
40.71714
52.467028
44.062902
38.775054
38.622672
40.054008
45.223769
38.978145
44.406203
53.194324
43.639235
52.78738
43.059525
43.196337
53.070657
39.866242
44.406047
48.563224
54.220864
53.391765
42.600304
52.35549
52.643107
39.130263
47.874813
43.714836
45.214601
39.004111
39.948179
45.120906
38.804415
52.75294
45.48012
45.207533
39.385764
48.121954
53.963587
45.12307
3.4561266
23.779308
23.910154
24.37374
23.498434
18.913387
18.907
17.702512
18.114884
18.119988
17.698285
17.06401
17.066919
25.989255
25.986376
16.739512
16.739058
15.655216
16.049491
16.049474
15.658029
23.764255
24.235467
23.689436
24.334964
18.931791
18.925588
17.715944
18.129304
17.710647
18.134954
17.073721
17.078494
26.013753
26.040383
16.731692
16.73401
15.647287
16.043857
15.649669
16.04148
23.635866
24.30661
23.734206
24.138069
18.928019
18.931459
17.714435
18.135623
17.716977
18.132796
17.079977
17.07781
26.090345
25.992372
16.730412
16.730072
15.646126
16.039884
15.645708
16.040285
23.642077
24.370035
23.781352
24.169534
18.916526
18.921201
17.705303
18.126651
17.708659
18.122928
17.072495
17.06957
26.053109
25.990496
16.734465
16.732648
15.649793
16.042564
15.648367
16.044134
23.778509
24.240686
23.689806
24.360604
18.921728
18.917577
17.708561
18.123544
17.70576
18.126715
17.069837
17.072206
26.004839
26.016811
16.731161
16.733455
15.647086
16.043255
15.648988
16.041208
23.662232
24.235767
23.676171
24.189376
18.925528
18.923999
17.712537
18.129314
17.711188
18.130729
17.07487
17.076145
26.04673
25.992546
16.728093
16.729128
15.643763
16.038952
15.644769
16.037923
23.75629
24.311463
23.752395
24.335611
18.924947
18.928078
17.71147
18.132251
17.713725
18.12975
17.076941
17.074963
25.991559
26.023992
16.729411
16.727327
15.645468
16.037526
15.64356
16.039502
23.762596
24.128076
23.613147
24.364143
18.919148
18.918608
17.706965
18.124732
17.706957
18.12488
17.07101
17.070812
25.9562
26.064372
16.735939
16.734365
15.651616
16.044164
15.649935
16.045825
23.677437
24.228987
23.67816
24.221169
18.925316
18.922751
17.710894
18.127683
17.709385
18.129507
17.072698
17.073826
26.026491
26.017722
16.736366
16.737013
15.651826
16.04676
15.652497
16.046073
23.758702
24.361828
23.77274
24.319234
18.921428
18.925561
17.708413
18.128955
17.710228
18.126497
17.073212
17.072129
26.051099
26.004289
16.734702
16.733955
15.651009
16.044164
15.650196
16.044985
24.027547
24.563951
26.028764
25.536243
25.630792
25.038839
24.359188
24.586134
26.076066
25.917428
25.686117
25.444624
23.562232
23.329299
23.78401
24.188823
24.387589
23.667893
23.568402
23.47625
18.727898
18.257698
18.263051
18.720686
18.915018
18.922788
18.729345
18.270438
18.264218
18.736635
17.579605
17.171846
17.175518
17.575712
17.703414
18.126945
18.121061
17.708521
17.580466
17.180653
17.176287
17.585363
16.692021
16.688441
16.525188
16.113682
16.116969
16.521865
17.071904
17.067678
16.692674
16.696567
16.525877
16.121278
16.117634
16.529795
15.596452
15.992651
15.995662
15.596367
15.597113
15.999886
15.996324
15.60049
25.523541
25.522277
25.988736
26.09804
25.532315
25.694667
18.953018
18.950877
18.952215
18.950797
16.573873
16.169185
16.169408
16.57368
16.738259
16.73493
16.572655
16.16476
16.168201
16.569347
15.654082
16.044834
16.048282
15.650658
24.415167
24.519641
26.006294
25.974457
25.589657
25.522075
24.50474
24.503176
25.99407
26.00418
25.569513
25.584328
23.557287
23.491665
23.760096
24.319888
24.321621
23.751804
23.555967
23.54575
18.745415
18.272886
18.739334
18.27866
18.932773
18.932382
18.746409
18.279856
18.279683
18.746195
17.592606
17.182526
17.58742
17.187406
17.716969
18.136251
18.135979
17.717486
17.593629
17.189203
17.188424
17.594216
16.702766
16.69825
16.536035
16.12285
16.531483
16.127153
17.080332
17.079506
16.703764
16.704725
16.537059
16.129303
16.128152
16.538128
15.605947
16.00142
15.601932
16.005635
15.606916
16.007796
16.006623
15.608184
25.552189
25.610572
26.022554
26.010973
25.567976
25.548223
18.946959
18.950125
16.56616
16.163793
16.568434
16.16143
16.731105
16.730137
16.565593
16.159903
16.160851
16.564675
15.646714
16.039947
16.0409
15.645772
24.4947
24.302525
25.891307
26.019569
25.400677
25.598649
24.56418
24.358955
25.940621
26.02458
25.469493
25.624312
23.448068
23.527979
23.661221
24.374713
24.185981
23.787176
23.468399
23.574912
18.742052
18.27918
18.745349
18.276241
18.926836
18.922812
18.740883
18.27137
18.27513
18.736919
17.591281
17.188822
17.593741
17.186589
17.71341
18.128026
18.131708
17.70993
17.590274
17.182357
17.18563
17.586851
16.702442
16.70444
16.535971
16.129114
16.537882
16.127365
17.07364
17.076866
16.701532
16.69841
16.535082
16.123564
16.126516
16.532007
15.606584
16.007626
15.608077
16.005937
15.60581
16.002206
16.005106
15.603076
1.6571563
25.672058
25.525167
26.050458
26.002612
25.618669
25.527347
16.565014
16.159842
16.564624
16.160241
16.730674
16.732016
16.565294
16.16193
16.160538
16.566678
15.646437
16.041975
16.040586
15.647812
24.560757
24.344074
25.935076
26.033263
25.461992
25.631082
24.341963
24.308837
25.939093
25.93453
25.456208
25.461008
23.448226
23.569586
23.609928
24.167408
24.133141
23.640434
23.418576
23.446659
18.730956
18.269954
18.735368
18.266079
18.915587
18.916324
18.730081
18.265813
18.265324
18.730736
17.582352
17.18119
17.585609
17.17819
17.704658
18.12265
18.122206
17.704996
17.581729
17.177853
17.17762
17.582037
16.69457
16.697318
16.528237
16.122541
16.530932
16.120004
17.069225
17.069015
16.694049
16.694191
16.527727
16.119602
16.119524
16.527859
15.599824
16.001203
15.602134
15.998726
15.599383
15.998317
15.998256
15.599394
25.619636
25.513013
26.054386
26.053563
25.63164
25.620211
16.569095
16.162531
16.56731
16.164156
16.734777
16.734127
16.569399
16.163842
16.164422
16.568769
15.650016
16.043826
16.044388
15.649504
24.42226
24.548244
26.018745
25.979098
25.611976
25.531169
24.425229
24.524175
26.016771
25.975997
25.600205
25.531173
23.568228
23.489577
23.762898
24.244193
24.337745
23.693406
23.555631
23.492998
18.735761
18.266761
18.731885
18.270086
18.922666
18.923806
18.736672
18.272347
18.270934
18.737921
17.585466
17.17849
17.582766
17.180933
17.709334
18.12898
18.127541
17.710822
17.586225
17.183195
17.181655
17.587726
16.696908
16.694733
16.530522
16.120074
16.528386
16.122049
17.074464
17.072916
16.697592
16.699174
16.531203
16.124315
16.122704
16.532803
15.601548
15.998769
15.599793
16.000686
15.602161
16.002938
16.001331
15.603749
25.533116
25.562508
26.001678
26.028962
25.5372
25.580663
18.945016
18.948928
16.565865
16.16325
16.568116
16.161149
16.730552
16.729407
16.565254
16.159254
16.160544
16.564064
15.6465
16.039294
16.040608
15.645133
24.42358
24.363701
25.94311
26.015774
25.474593
25.570932
24.495691
24.446906
26.008449
25.993302
25.569553
25.567055
23.468436
23.475843
23.701349
24.313785
24.261114
23.752021
23.499788
23.547843
18.739669
18.272666
18.738163
18.274107
18.926351
18.928177
18.740425
18.275936
18.274735
18.742031
17.589432
17.183594
17.588101
17.184883
17.71305
18.132422
18.131323
17.713912
17.589923
17.185949
17.185317
17.590721
16.700849
16.6996
16.534483
16.124761
16.533237
16.125975
17.077148
17.076564
16.701226
16.701686
16.534849
16.12663
16.126307
16.535272
15.605348
16.003385
15.604196
16.004584
15.605634
16.005195
16.004904
15.605834
25.609131
25.541199
25.994515
26.021514
25.535577
25.566263
18.942461
16.562727
16.158922
16.563769
16.157886
16.727704
16.727122
16.562351
16.157179
16.157554
16.561819
15.643487
16.037279
16.037606
15.643294
24.492254
24.524544
26.025431
25.990542
25.612086
25.561666
24.29004
24.49265
26.026503
25.928447
25.603428
25.43624
23.547653
23.549251
23.728209
24.117858
24.303018
23.604829
23.521702
23.416591
18.738952
18.275772
18.741908
18.27317
18.923305
18.919214
18.73742
18.268495
18.271855
18.733571
17.58834
17.185745
17.59053
17.183719
17.71036
18.125276
18.128496
17.707473
17.587269
17.180167
17.182745
17.584471
16.699612
16.701469
16.533206
16.1264
16.535049
16.124652
17.071501
17.074016
16.698738
16.696388
16.532343
16.121641
16.123846
16.530008
15.603974
16.004963
15.605597
16.003251
15.60324
16.000306
16.002466
15.601194
25.518077
25.571536
25.983536
26.06418
25.511619
25.648288
18.943225
18.940384
18.944856
18.949201
16.564101
16.157419
16.562034
16.159422
16.730456
16.733558
16.565131
16.16335
16.160398
16.5682
15.646374
16.043364
16.040459
15.64915
24.300484
24.561844
26.067308
25.929224
25.668668
25.43994
24.40541
24.558466
26.060807
25.979405
25.658997
25.524027
23.548874
23.424252
23.765736
24.224984
24.36269
23.680896
23.553203
23.483708
18.733408
18.267937
18.732979
18.268141
18.919799
18.921985
18.734006
18.270436
18.268623
18.736093
17.583926
17.179671
17.583962
17.179509
17.707332
18.127056
18.125329
17.708835
17.58427
17.181028
17.179786
17.585706
16.695611
16.695907
16.529161
16.121157
16.529519
16.120709
17.072255
17.071069
16.695814
16.696842
16.529336
16.121617
16.120833
16.530272
15.600137
15.999827
15.600717
15.999349
15.600187
16.000185
15.999456
15.600729
25.469995
25.648019
25.963301
26.026707
25.480748
25.587779
18.950699
16.570592
16.164155
16.569006
16.165806
16.736275
16.736951
16.570925
16.166743
16.166154
16.571549
15.651971
16.046753
16.046176
15.652509
24.412051
24.401778
25.979969
25.988805
25.524147
25.538871
24.595049
24.394947
25.935308
26.069494
25.475696
25.681045
23.480426
23.47897
23.69067
24.397631
24.222155
23.79032
23.494789
23.57513
18.739219
18.271091
18.736833
18.273042
18.926075
18.926389
18.739886
18.273292
18.273515
18.740004
17.587656
17.18149
17.586233
17.182679
17.711201
18.12964
18.12993
17.710805
17.587933
17.182474
17.182885
17.587524
16.698198
16.697232
16.531488
16.121926
16.53063
16.122659
17.073621
17.074016
16.698349
16.697996
16.531604
16.12239
16.122754
16.531178
15.601483
16.000477
15.600959
16.001165
15.601533
16.000904
16.001252
15.601184
8.1353557
11.431616
25.588576
25.574328
26.061847
25.97408
25.628143
25.501791
18.952649
18.952679
18.952052
18.949233
16.570869
16.166757
16.571585
16.16606
16.735876
16.734263
16.570367
16.164249
16.16561
16.568745
15.651434
16.044361
16.045642
15.650338
24.553949
24.5014
25.997607
26.041763
25.574362
25.637038
24.001776
24.578453
26.068568
25.465472
25.673705
24.96787
23.553271
23.563187
23.779113
23.892834
24.383429
23.498994
23.561063
23.333229
18.735508
18.272569
18.739198
18.269828
18.920265
18.914266
18.73457
18.264533
18.269235
18.727841
17.585341
17.182034
17.586983
17.180838
17.708116
18.121589
18.126009
17.70465
17.585091
17.177863
17.180695
17.58198
16.696862
16.697663
16.53001
16.122109
16.530832
16.121507
17.069945
17.072
16.696855
16.694178
16.529974
16.11917
16.121504
16.527574
15.600517
16.000642
15.600958
16.000092
15.600514
15.998038
16.000092
15.601401
25.621579
25.553814
25.954693
26.01443
25.485071
25.562308
18.947395
18.948299
16.569132
16.164028
16.568435
16.164837
16.73548
16.734424
16.569859
16.164581
16.165518
16.569029
15.651591
16.044926
16.045643
15.653618
21.030477
13.003341
21.057368
13.000412
21.053933
13.001032
13.006816
13.009262
21.057378
13.008316
13.011851
13.021965
21.055086
13.029215
21.058569
13.03129
20.939323
20.9585
13.708151
13.711787
12.904927
26.422047
27.364052
12.909147
28.253648
27.904184
21.0518
13.805065
13.801768
13.001641
20.954112
20.945592
13.715049
13.718365
12.911942
28.813362
28.222059
12.913967
28.007308
28.472897
13.79932
13.796861
12.999996
20.945053
20.945401
13.7179
13.714092
12.912759
28.444805
2.5699485
30.283283
12.906934
28.09032
28.715259
13.796746
13.798445
13.004441
20.955375
13.711219
13.70817
12.902743
27.455877
28.415103
12.897055
28.236235
28.509059
13.799962
13.801119
13.009219
13.707947
13.708591
12.894776
27.631143
28.256705
12.891318
28.564498
27.596921
13.80043
13.798661
13.008488
13.708744
13.707859
12.888619
28.266772
27.933852
12.882167
28.16975
27.836711
13.797974
13.798001
13.009509
20.945633
13.706152
13.701866
12.876751
28.7225
28.146368
12.865817
28.42897
27.950196
13.799344
13.803616
13.018079
20.95118
13.699668
13.697817
12.859434
27.758885
27.030978
12.850972
27.116658
27.220897
13.806144
13.808648
13.027221
20.947009
20.944209
13.697344
13.696284
12.84693
26.612016
27.305871
12.83936
8.29176
30.309376
13.179075
21.057159
13.809051
13.808504
13.030708
20.946456
20.938978
13.695279
13.694004
12.837689
27.364223
26.264282
12.833125
25.492147
25.66336
13.808446
13.809308
13.031531
24.012775
23.715853
23.943185
24.133133
23.827745
24.003376
24.223373
24.293112
24.148237
23.606581
23.67761
23.81558
22.100483
22.285904
22.315487
22.077344
20.425612
20.614474
20.619581
20.421336
19.072029
18.912448
19.207661
19.209382
19.07065
18.911738
17.83236
17.701844
17.83166
18.118107
17.965799
17.968714
17.970603
18.119221
17.969845
17.700871
17.827934
17.830618
17.06563
16.946944
16.947676
16.948664
17.066329
16.94813
26.621905
25.985457
21.051177
26.050527
16.882133
16.740626
16.88335
16.741056
16.882928
15.796994
15.656117
16.050766
15.914425
15.914392
16.050448
15.656754
15.797565
14.539977
14.388546
14.389215
14.539255
12.842499
13.003422
12.842699
23.757043
23.988229
23.983735
24.098974
24.304174
24.157571
23.729083
23.904472
23.953237
24.19112
24.337681
24.189965
22.14762
22.352837
22.13911
22.363187
20.457262
20.650272
20.454377
20.653375
19.091409
18.930219
19.227669
19.089243
18.928116
19.229889
17.714495
17.846246
17.844779
17.9795
18.131527
17.981663
17.712691
17.840839
17.842938
17.985035
18.133448
17.983546
16.955265
17.075511
16.957016
16.959959
17.077138
16.958616
26.629258
25.995615
25.993895
16.732385
16.874294
16.733162
15.647977
15.789009
15.908796
16.04297
15.648774
15.79141
15.906415
16.042175
14.53268
14.381432
14.382102
14.53201
12.840036
13.000141
12.83978
23.653551
23.838266
23.861583
24.16126
24.254795
24.113598
23.696627
23.957933
23.91517
24.017833
24.176234
24.048001
22.117898
22.33787
22.125679
22.328009
20.449696
20.646538
20.45169
20.644321
19.090034
18.929195
19.229381
19.091254
18.93036
19.228106
17.715392
17.844538
17.845518
17.985845
18.134789
17.985052
17.716255
17.847167
17.846411
17.983123
18.133829
17.984128
16.961542
17.079403
16.960997
16.959451
17.078665
16.960285
26.629699
26.049729
21.047381
26.627838
25.994996
16.730225
16.872982
16.730108
16.872657
15.645896
15.787796
15.904821
16.039928
15.645754
15.787396
15.905227
16.040065
14.530608
14.380247
14.380019
14.530837
12.841686
13.001572
12.842478
23.693213
23.851709
23.910286
24.219641
24.325608
24.177725
23.74656
24.010672
23.972066
24.039725
24.244856
24.106586
22.116241
22.350591
22.133194
22.330325
20.435839
20.635376
20.439893
20.630628
19.078323
18.917898
19.217896
19.080058
18.919518
19.216037
17.706251
17.835185
17.836166
17.977115
18.125272
17.975782
17.707404
17.83865
17.837358
17.973528
18.12399
17.974548
16.954223
17.071386
16.953139
16.951371
17.070385
16.952163
26.630055
26.017017
26.629127
21.052474
26.629442
25.984103
16.733951
16.877069
16.876535
16.733318
16.875194
15.649411
15.791502
15.907495
16.04316
15.648917
15.790036
15.909014
16.043705
14.533799
14.383488
14.38318
14.53411
12.849337
13.007518
12.850221
23.772539
24.006116
24.001007
24.102646
24.318187
24.170782
23.740496
23.906648
23.965617
24.212928
24.358487
24.209067
22.143809
22.347638
22.13094
22.362434
20.443786
20.63546
20.439983
20.639874
19.081187
18.920481
19.21753
19.079624
18.919036
19.219221
17.707656
17.838602
17.837667
17.974087
18.124613
17.975104
17.706687
17.83569
17.83666
17.977122
18.125712
17.976155
16.951606
17.070598
16.95234
16.953905
17.071414
16.953131
26.63021
25.991135
26.630349
25.984207
16.731886
16.873694
16.874428
16.732677
15.647724
15.788726
15.90816
16.042583
15.648375
15.790671
15.906163
16.041881
14.532519
14.381507
14.38202
14.53198
12.852988
13.00912
12.852997
23.643086
23.871675
23.848439
24.093288
24.189569
24.056167
23.653659
23.894432
23.865324
24.059571
24.154853
24.031156
22.109218
22.318766
22.108354
22.319596
20.442819
20.636486
20.442268
20.637043
19.08546
18.924827
19.22282
19.084938
18.924317
19.22335
17.712035
17.84259
17.842071
17.979733
18.129698
17.980121
17.711583
17.841221
17.841613
17.981124
18.130172
17.980587
16.95658
17.075279
16.956992
16.957845
17.075706
16.957416
26.63157
26.080662
26.031946
16.728479
16.870711
16.728826
15.644082
15.785416
15.90388
16.038614
15.64442
15.786429
15.902857
16.038268
14.52918
14.378612
14.378829
14.528941
12.853375
13.008365
12.853687
23.761888
23.982429
23.985513
24.171426
24.318415
24.17757
23.756751
23.972382
23.977658
24.188174
24.33192
24.188198
22.150642
22.372874
22.155486
22.368214
20.451844
20.650881
20.454281
20.648138
19.087341
18.926396
19.22682
19.088497
18.927476
19.225581
17.712461
17.841548
17.842576
17.98252
18.131725
17.982007
17.713234
17.843876
17.843375
17.98011
18.130866
17.98118
16.958574
17.07649
16.958128
16.956638
17.075813
16.957466
26.630663
26.012949
21.05471
26.629933
26.022737
16.728499
16.871946
16.72779
16.869849
15.644669
15.78708
15.902529
16.03799
15.644022
15.785153
15.904483
16.038661
14.53028
14.380808
14.380069
14.531019
12.858833
13.013005
12.859755
23.716407
23.995048
23.938366
24.001739
24.185206
24.054766
23.655607
23.817996
23.866008
24.208274
24.282327
24.139457
22.118324
22.316942
22.105306
22.333486
20.436552
20.629154
20.434893
20.63131
19.079107
18.918659
19.216508
19.078846
18.918444
19.216824
17.706741
17.836937
17.836691
17.975278
18.124512
17.975052
17.706722
17.836886
17.836656
17.975374
18.124583
17.975104
16.952767
17.070744
16.952492
16.952524
17.070689
16.952422
26.62897
26.006789
26.627279
26.054432
16.735531
16.87847
16.878075
16.735017
16.876937
15.651165
15.793285
15.909079
16.044836
15.650608
15.791606
15.910751
16.045385
14.536424
14.38672
14.386227
14.536904
12.870838
13.023185
12.872212
23.67705
23.891401
23.893471
24.090427
24.225119
24.088931
23.677968
23.894487
23.894194
24.084969
24.22814
24.089472
22.115214
22.324711
22.11326
22.326619
20.444604
20.637651
20.44311
20.639213
19.085228
18.924446
19.222266
19.084294
18.923572
19.223263
17.710451
17.841082
17.840604
17.978036
18.128321
17.978641
17.709933
17.839476
17.840053
17.979741
18.128946
17.979225
16.954293
17.073128
16.954698
16.955343
17.073516
16.955059
26.625107
26.0168
21.05518
26.03478
16.736731
16.878959
16.87932
16.736947
15.65215
15.793543
15.911668
16.046651
15.652378
15.794201
15.910986
16.046419
14.537648
14.387389
14.387589
14.537418
12.879421
13.029665
12.880141
23.732411
23.979832
23.943657
24.210431
24.289683
24.152321
23.740498
24.001221
23.956708
24.178895
24.262737
24.132748
22.151897
22.374006
22.15692
22.369505
20.449264
20.649872
20.452898
20.645881
19.083715
18.922857
19.223761
19.085358
18.924321
19.221945
17.708904
17.838442
17.838996
17.979121
18.128094
17.978323
17.70955
17.840441
17.839708
17.976893
18.127219
17.97753
16.954729
17.072769
16.954321
16.953755
17.072384
16.953975
26.627659
26.109734
26.072319
16.734151
16.877276
16.733902
15.650533
15.792703
15.909175
16.04419
15.650254
15.791868
15.909993
16.044469
14.53663
14.387072
14.386754
14.536967
12.884122
13.03151
12.884779
24.312749
24.479479
26.568006
25.992257
26.564963
25.946175
25.342059
25.561314
24.304725
24.91752
25.456105
24.720597
24.397177
24.508072
26.570595
26.028189
26.571067
20.944349
25.937793
25.390849
25.610752
24.696887
24.952378
25.480184
25.122442
23.363401
23.505824
23.314165
22.959897
23.058734
23.018258
23.414691
23.17178
23.23949
24.017559
23.741321
23.965341
24.222233
24.061506
24.090223
24.231132
24.317475
24.169811
23.688751
23.875496
23.900035
23.371582
23.535219
23.347206
23.493806
23.300744
23.315298
21.453418
21.244356
21.253562
21.441929
22.133055
22.344974
22.350437
22.131
21.477634
21.279145
21.27511
21.480968
19.89713
19.708978
19.711477
19.894375
20.438841
20.639043
20.634502
20.443281
19.906493
19.723514
19.719857
19.910372
18.555924
18.727013
18.554917
18.261006
18.390768
18.394133
18.396366
18.262211
18.395433
18.725786
18.549886
18.553475
19.077785
18.917251
19.218745
19.21569
19.080658
18.919924
18.557295
18.731398
18.559232
18.268035
18.404199
18.401683
18.397625
18.265899
18.399423
18.733907
18.564266
18.56163
17.443969
17.578979
17.443364
17.174041
17.304057
17.306269
17.307789
17.174931
17.307181
17.578075
17.440145
17.442466
17.83331
17.704747
17.834708
18.12465
17.977221
17.975019
17.971616
18.12263
17.973098
17.706494
17.838641
17.836534
17.444786
17.581739
17.445997
17.178901
17.313098
17.311286
17.308581
17.177413
17.309746
17.583412
17.449476
17.447599
16.835845
16.691616
16.690982
16.367735
16.524676
16.115735
16.235806
16.239094
16.116469
16.523871
16.364448
17.070209
16.953496
16.95185
16.949399
17.068771
16.950457
16.836487
16.693676
16.695002
16.368395
16.526892
16.119821
16.243433
16.239748
16.118584
16.528226
16.37217
15.740035
15.595927
15.994454
15.856052
15.859015
15.995162
15.595577
15.737657
15.314519
15.314946
15.740703
15.598011
15.998466
15.863182
15.85968
15.997257
15.599154
15.744111
15.316386
15.315538
15.469927
14.459703
14.30603
14.305445
14.460265
14.105827
14.105287
13.926322
13.708887
13.926512
14.461799
14.30672
14.460941
14.307568
14.106501
14.107347
13.710819
13.929079
13.928157
12.752078
12.905858
12.752018
22.226232
28.767683
28.060112
23.130036
22.937398
12.908229
12.753793
12.753031
28.254551
27.908025
22.985343
23.052852
25.198748
25.522908
25.585961
25.1844
26.621853
26.02785
26.092804
25.21692
25.597747
24.790158
25.688978
25.397193
22.151254
22.360092
22.364072
22.147317
21.505235
21.301808
21.304639
21.501976
22.167514
22.389781
22.384146
22.171551
21.513553
21.312108
21.311129
21.514962
20.472403
20.665786
20.667441
20.471095
19.941298
19.754438
19.754966
19.940681
20.474094
20.670315
20.670021
20.474278
19.94107
19.754168
19.754268
19.941037
19.113874
18.954088
19.251406
19.251505
19.114029
18.954838
19.112106
19.249683
19.249955
19.111778
18.95126
16.417663
16.574883
16.170703
16.290051
16.290245
16.170398
16.57514
16.417494
16.880869
16.737048
16.735937
16.877534
16.416421
16.571455
16.16582
16.285549
16.289011
16.166975
16.57035
16.412997
15.379607
15.529575
15.530654
15.378645
15.79585
15.65289
16.045903
15.909777
15.913222
16.047062
15.651736
15.792402
15.3763
15.377488
15.52711
14.192366
14.193057
14.019039
13.804994
14.0184
14.537279
14.387652
14.538309
14.386654
14.191481
14.190513
13.802647
14.014606
14.015605
13.002145
12.841167
12.841601
24.49335
24.526808
26.570368
26.02762
26.567449
26.574488
26.027562
25.61554
25.292712
25.603948
25.200616
24.498406
24.495344
26.566584
25.991531
26.566814
20.946823
25.994405
25.269972
25.563903
24.855284
24.847994
25.569323
25.28327
23.548161
23.368367
23.358128
23.044181
23.523213
23.311491
23.336292
23.062341
23.981007
23.755946
23.975746
24.316417
24.176669
24.175597
24.18084
24.314513
24.174594
23.755188
23.974746
23.975913
23.3694
23.55295
23.367406
23.071043
23.074609
23.551192
23.357589
23.364712
21.496162
21.289906
21.491192
21.294194
22.15919
22.371914
22.376147
22.155163
21.503109
21.2974
21.299944
21.500177
19.923149
19.733456
19.920659
19.735863
20.460539
20.655426
20.656985
20.459234
19.926049
19.73815
19.738748
19.925313
18.743856
18.572925
18.571364
18.406739
18.275173
18.409094
18.741793
18.566899
18.569318
18.412645
18.277136
18.4111
19.094355
18.933157
19.232524
19.23282
19.094129
18.932993
18.573942
18.746832
18.574405
18.280226
18.413738
18.414155
18.413667
18.280193
18.414158
18.74673
18.573889
18.574359
17.591176
17.456544
17.455133
17.315027
17.184365
17.316911
17.589409
17.451467
17.453402
17.319999
17.186029
17.318607
17.847271
17.717547
17.847835
18.136577
17.986428
17.986713
17.986063
18.136509
17.986612
17.717701
17.847713
17.847962
17.457565
17.594221
17.45817
17.189299
17.321734
17.321859
17.321018
17.189052
17.321634
17.5944
17.458219
17.458372
16.701462
16.846612
16.699923
16.534712
16.378266
16.245032
16.124423
16.533162
16.37381
16.249393
16.125888
17.080405
16.961866
16.961909
16.960972
17.080141
16.961622
16.847601
16.704421
16.704733
16.848494
16.37928
16.537749
16.129225
16.251504
16.250394
16.128846
16.538098
16.380375
15.604749
15.749615
15.864685
16.002957
15.603383
15.745571
15.868833
16.004392
15.322763
15.323897
15.75058
15.607618
16.007702
15.87102
15.869814
16.007315
15.608038
15.751791
15.32549
15.324818
15.479013
14.467718
14.314281
14.313276
14.468767
14.114014
14.113017
13.932312
13.716051
13.933334
14.470279
14.315108
14.469632
14.315724
14.114834
14.115448
13.718095
13.935799
13.935486
12.756325
12.912706
12.757074
23.139636
27.847386
27.852104
22.924585
22.941567
12.913962
12.757779
12.758001
28.166604
28.439268
22.935079
23.00071
25.529044
25.22277
25.536394
25.306436
24.780443
26.628898
26.023696
26.020984
25.241173
25.571379
25.565539
25.218331
22.145912
22.370643
22.15575
22.359085
21.499454
21.303978
21.505482
21.298844
22.131294
22.344706
22.343885
22.132062
21.4882
21.288817
21.28879
21.488417
20.466813
20.66501
20.469641
20.661757
19.935898
19.751291
19.93784
19.749553
20.460499
20.654328
20.654693
20.460065
19.931237
19.744776
19.745294
19.93072
19.10848
18.948095
19.24745
19.10967
18.949199
19.246154
19.105371
19.242321
19.242806
19.104905
18.944742
16.566835
16.409715
16.284584
16.162913
16.567597
16.41205
16.282213
16.162122
16.873701
16.730645
16.730323
16.872722
16.409138
16.565152
16.160086
16.280673
16.28163
16.160401
16.564847
16.408202
15.371332
15.521253
15.370621
15.788428
15.646269
16.040132
15.904885
15.905837
16.040449
15.645956
15.787465
15.369559
15.370026
15.520174
14.18546
14.186105
14.01187
13.798628
14.011106
14.531011
14.380873
14.531451
14.380433
14.184925
14.184507
13.797133
14.009138
14.00945
12.99987
12.840089
12.839825
24.440368
24.349286
26.571783
25.940204
26.568572
20.956749
26.573048
26.008163
25.466812
25.066548
25.56801
25.289819
24.535908
24.463398
26.57221
26.011341
26.57099
26.028808
25.138798
25.576857
24.915385
24.703206
25.619494
25.337162
23.461257
23.275406
23.285133
23.023167
23.495507
23.340145
23.312313
23.002412
23.869957
23.714052
23.934382
24.346089
24.225201
24.197373
24.057167
24.277499
24.134733
23.762842
24.016625
23.990257
23.291897
23.511383
23.326857
23.036263
23.553116
23.381078
23.362045
21.478126
21.282354
21.482213
21.278947
22.131817
22.359761
22.345943
22.142244
21.483011
21.284041
21.28174
21.486677
19.918849
19.733834
19.920423
19.732352
20.447628
20.642929
20.643037
20.447097
19.91551
19.727564
19.728832
19.914331
18.7432
18.569939
18.571058
18.413014
18.278301
18.41209
18.744317
18.573108
18.572133
18.409964
18.277304
18.411055
19.086386
18.925608
19.223079
19.224433
19.085037
18.924281
18.568786
18.739665
18.56758
18.272712
18.404998
18.406372
18.408832
18.273961
18.407644
18.738354
18.564881
18.566287
17.592216
17.455397
17.456309
17.321322
17.188222
17.320694
17.593052
17.457777
17.457118
17.319017
17.187462
17.31991
17.843493
17.712319
17.842385
18.129336
17.978451
17.979731
17.982058
18.13056
17.980932
17.711158
17.839952
17.841205
17.454406
17.589199
17.453347
17.183504
17.314725
17.315889
17.318043
17.184599
17.316999
17.588056
17.451037
17.452221
16.703252
16.84613
16.703932
16.536757
16.378287
16.251291
16.1287
16.537408
16.380147
16.249476
16.128103
17.074768
16.955345
16.956456
16.958524
17.075849
16.957521
16.845212
16.700545
16.699498
16.842066
16.37741
16.534111
16.12459
16.245605
16.248609
16.125584
16.533079
16.374372
15.607241
15.750087
15.870871
16.007232
15.607751
15.751658
15.869247
16.006656
15.325153
15.324519
15.749292
15.604948
16.003214
15.865587
15.868434
16.00419
15.604026
15.746499
15.322931
15.323768
15.476337
14.470173
14.314981
14.315548
14.469611
14.114716
14.115283
13.935478
13.717375
13.935005
14.468165
14.314298
14.468932
14.313527
14.114032
14.113258
13.715034
13.931963
13.93284
12.755243
12.91196
12.753822
23.037068
3.7674796
30.237636
13.553607
23.333978
12.908312
12.749523
12.750912
28.37685
27.970213
22.903745
23.0237
25.616948
25.361113
25.537921
25.198492
24.917984
26.627392
25.996916
21.052493
25.993259
25.306844
25.540465
25.522726
25.186814
22.150637
22.361231
22.146262
22.367054
21.49813
21.294997
21.496259
21.296422
22.14062
22.345258
22.354929
22.133169
21.492992
21.290287
21.292455
21.489947
20.462646
20.657075
20.462105
20.657749
19.93181
19.745329
19.931502
19.745593
20.46151
20.655505
20.65614
20.461142
19.931511
19.745569
19.745445
19.931567
19.105164
18.944935
19.242489
19.105005
19.242668
19.105323
18.945146
19.243012
19.242781
19.10557
16.564808
16.40854
16.28061
16.159887
16.564675
16.408146
16.280998
16.160023
16.873232
16.731021
16.731467
16.874554
16.408829
16.56566
16.161385
16.282678
16.281288
16.160919
16.566121
16.410224
15.369076
15.369291
15.788101
15.646827
16.041435
15.906917
15.905532
16.04097
15.64729
15.789472
15.369964
15.369589
15.52059
14.18443
14.184186
14.008924
13.796924
14.009072
14.531527
14.380556
14.531147
14.380934
14.184755
14.185148
13.79797
14.010481
14.010033
13.003648
12.846306
12.845283
24.51533
24.426422
26.574461
25.97965
26.573415
20.955483
26.02866
25.532731
25.129813
24.914369
25.61088
25.339858
24.308048
24.303347
26.574749
25.951371
26.574083
25.939025
25.111148
25.467728
24.689333
24.661743
25.455956
25.128381
23.492867
23.270668
23.309791
23.053589
23.538843
23.376377
23.349531
22.986688
23.817441
23.599658
23.807424
24.132318
24.037726
24.003124
24.00391
24.125396
23.994705
23.609306
23.849903
23.816738
23.24363
23.408523
23.234092
22.95422
23.417998
23.269091
23.243047
21.468263
21.275552
21.477966
21.267499
22.080418
22.293051
22.287893
22.084723
21.447806
21.252659
21.250698
21.450198
19.905404
19.721636
19.908111
19.719213
20.428027
20.622367
20.621255
20.428961
19.900549
19.715457
19.714956
19.901129
18.73224
18.559153
18.560374
18.403538
18.268524
18.402055
18.733766
18.563374
18.561832
18.399498
18.267189
18.400661
19.075436
18.915225
19.213253
19.212917
19.075734
18.915489
18.558321
18.729739
18.557992
18.265196
18.399246
18.398586
18.398707
18.265019
18.398392
18.729974
18.558915
18.558206
17.583269
17.446658
17.447547
17.313535
17.180056
17.312374
17.584388
17.449822
17.448632
17.310457
17.179028
17.311319
17.834517
17.704387
17.834239
18.122072
17.973241
17.972697
17.972835
18.121911
17.97255
17.704511
17.834887
17.834374
17.446054
17.581464
17.445795
17.177457
17.310127
17.309712
17.309871
17.177371
17.309617
17.581577
17.446336
17.445899
16.695331
16.838167
16.69627
16.528982
16.37067
16.244562
16.121568
16.529903
16.373313
16.241968
16.120703
17.068849
16.95102
16.950661
16.95083
17.06877
16.950589
16.837639
16.693811
16.693866
16.837806
16.37017
16.527492
16.119328
16.241573
16.241477
16.119296
16.527544
16.370288
15.600458
15.743172
15.864604
16.000252
15.601245
15.745536
15.862184
15.999407
15.318589
15.4713
15.471923
15.317976
15.742722
15.599164
15.998057
15.861767
15.861724
15.99803
15.599173
15.742747
15.317323
15.317546
15.470646
14.464147
14.308898
14.30949
14.463566
14.108562
14.109174
13.929307
13.710361
13.92853
14.462891
14.308455
14.463141
14.308181
14.108095
14.107789
13.708501
13.926746
13.926962
12.744794
12.90142
12.743175
22.797221
27.545703
28.4449
12.897991
12.737372
12.73867
28.189298
28.494177
22.955936
23.002977
25.562629
25.306656
25.511584
25.174217
24.870679
26.624091
26.046538
26.054743
25.329039
25.626227
25.632161
25.307308
22.149726
22.34965
22.137964
22.363612
21.502153
21.295532
21.495253
21.301321
22.175494
22.390383
22.394356
22.172216
21.516823
21.311947
21.313442
21.515014
20.468626
20.660161
20.465544
20.663717
19.937382
19.749025
19.935238
19.750962
20.4746
20.669843
20.670752
20.473806
19.941316
19.753937
19.754464
19.940742
19.109752
19.245943
19.108354
19.247446
19.112162
19.249638
19.250068
19.111755
16.568594
16.412586
16.28329
16.163145
16.567972
16.410849
16.284967
16.163709
16.877397
16.734831
16.734607
16.876732
16.412878
16.569452
16.164263
16.284648
16.285246
16.164462
16.569234
16.412267
15.37239
15.372738
15.791733
15.650044
16.044232
15.908712
15.909257
16.044425
15.649869
15.791204
15.372956
15.372936
15.523685
14.187754
14.187438
14.011924
13.800403
14.012338
14.534324
14.383672
14.534293
14.383712
14.18795
14.188005
13.801129
14.012898
14.012957
13.00898
12.852598
12.852235
24.50772
24.548451
26.569575
26.030286
20.945409
26.02725
25.624178
25.320573
24.774004
25.607483
25.211067
24.898041
24.431462
24.478092
26.569819
25.995051
26.568589
26.567091
25.955227
25.300654
25.562289
24.776357
24.874402
25.509414
25.212669
23.56169
23.376393
23.369501
23.048679
23.53309
23.306537
23.344086
23.07779
23.987633
23.735876
23.955657
24.254774
24.106492
24.120109
24.191988
24.295586
24.154805
23.710516
23.910486
23.926233
23.366599
23.533018
23.347673
23.05539
23.510699
23.310037
23.327672
21.485557
21.27523
21.477323
21.282275
22.142162
22.346675
22.358563
22.132105
21.487694
21.280739
21.285017
21.48225
19.91059
19.721493
19.908046
19.723757
20.447318
20.641537
20.643368
20.446011
19.913972
19.726928
19.727046
19.913657
18.734581
18.563672
18.562539
18.400255
18.26789
18.401451
18.733234
18.559991
18.561261
18.40375
18.269043
18.402664
19.084084
18.923273
19.222443
19.222213
19.084376
18.923612
18.564563
18.737292
18.565192
18.27201
18.405997
18.405682
18.40462
18.271564
18.405251
18.737673
18.565888
18.565602
17.584588
17.449639
17.448785
17.310793
17.179279
17.311612
17.583654
17.447032
17.447884
17.313314
17.180122
17.312482
17.839391
17.709951
17.840011
18.128625
17.979387
17.979018
17.977929
18.128168
17.978552
17.71043
17.840865
17.840484
17.450383
17.586838
17.450995
17.182765
17.315571
17.315151
17.314046
17.182263
17.314655
17.587324
17.451897
17.451486
16.696167
16.840602
16.839846
16.695418
16.52979
16.372887
16.242063
16.120681
16.529056
16.370798
16.244094
16.12136
17.074027
16.956167
16.955722
16.954606
17.073521
16.95521
16.841292
16.698193
16.698714
16.842858
16.373561
16.531807
16.123834
16.246371
16.244759
16.1233
16.532334
16.37517
15.600922
15.744965
15.862201
15.999355
15.60032
15.743161
15.864063
16.000014
15.318899
15.472924
15.472316
15.319487
15.745586
15.602737
16.002455
15.866301
15.864697
16.001922
15.603265
15.747178
15.320624
15.32007
15.474087
14.463955
14.309468
14.309043
14.464426
14.108798
14.108423
13.926911
13.708046
13.927149
14.46537
14.309904
14.464905
14.310327
14.109184
14.10956
13.708472
13.928252
13.927995
12.733892
12.894123
12.732757
27.921139
28.832876
22.914778
23.078402
12.892084
12.727917
12.729236
28.239652
28.551704
23.042787
22.978095
23.040713
25.514884
25.195543
25.51189
25.240256
24.748919
26.628381
26.013554
26.628595
26.045351
25.2072
25.559083
24.823846
25.599545
25.260716
22.131241
22.351527
22.13941
22.342322
21.49009
21.295636
21.495608
21.290825
22.134781
22.355747
22.347976
22.141449
21.489824
21.292946
21.289894
21.493614
20.462273
20.659817
20.465122
20.656596
19.932617
19.74846
19.934695
19.746557
20.460244
20.656181
20.654686
20.461405
19.930498
19.744843
19.744453
19.93102
19.106274
18.946075
19.245334
19.107723
19.243797
19.104282
19.24191
19.241774
19.104365
16.566582
16.40943
16.284035
16.162556
16.567358
16.411634
16.281882
16.161835
16.873087
16.730073
16.729706
16.871999
16.40882
16.564765
16.159615
16.280012
16.281273
16.160036
16.564381
16.407592
15.370764
15.37015
15.788135
15.645982
16.039666
15.904231
15.905567
16.040096
15.645531
15.786786
15.369058
15.369575
15.51971
14.185956
14.186444
14.012031
13.800067
14.011605
14.530978
14.381009
14.531461
14.380545
14.185481
14.185038
13.798972
14.009963
14.010329
13.008619
12.852904
12.852887
24.368207
24.322853
26.568481
25.902829
25.963769
25.421501
25.145538
24.78708
25.499618
25.239528
24.709474
24.503135
24.495778
26.569606
26.018833
26.566719
26.003105
25.247846
25.597419
24.841442
24.804647
25.582237
25.26515
23.452444
23.290737
23.27715
23.458483
23.293701
23.280173
23.006069
23.920335
23.734814
23.958703
24.318423
24.17286
24.175092
24.119327
24.307831
24.162286
23.749841
23.972967
23.972961
23.316098
23.528506
23.340639
23.046672
23.543685
23.361288
23.355521
21.469462
21.26991
21.468778
21.27054
22.135594
22.361567
22.350662
22.145313
21.485565
21.289633
21.28417
21.491971
19.913054
19.726316
19.912507
19.726861
20.449861
20.64857
20.645316
20.452581
19.917563
19.732162
19.730809
19.919165
18.739008
18.567653
18.56702
18.406297
18.273045
18.406668
18.738505
18.566163
18.566522
18.407764
18.273527
18.407159
19.088029
18.927172
19.227023
19.226165
19.088784
18.927833
18.568362
18.741164
18.569045
18.275758
18.409747
18.40954
18.40843
18.275322
18.409062
18.741747
18.569814
18.569571
17.588944
17.453595
17.453121
17.315963
17.184001
17.316366
17.588498
17.45228
17.452681
17.317263
17.184432
17.316801
17.843127
17.713505
17.84361
18.13227
17.982697
17.982568
17.981688
18.131871
17.982201
17.713819
17.844059
17.843949
17.454066
17.590353
17.454473
17.185914
17.318399
17.31835
17.317715
17.185683
17.3181
17.590644
17.454805
17.454743
16.700437
16.844529
16.84411
16.700018
16.843277
16.534077
16.376848
16.246814
16.125185
16.533658
16.37561
16.248042
16.125593
17.077124
16.958786
16.958774
16.958248
17.076911
16.958577
16.844918
16.701525
16.701693
16.845415
16.377203
16.535135
16.126673
16.248741
16.248386
16.126553
16.53529
16.37759
15.605001
15.74879
15.866749
16.003808
15.604613
15.747625
15.867933
16.004211
15.322827
15.476657
15.47632
15.323153
15.749087
15.60583
16.005245
15.868501
15.868242
16.005137
15.605906
15.749318
15.323589
15.323416
15.477115
14.467203
14.312168
14.31197
14.467441
14.11112
14.110971
13.928826
13.708708
13.928934
14.467692
14.312298
14.46761
14.312342
14.111199
14.111192
13.708205
13.928665
13.928868
12.72327
12.88755
12.721501
22.91792
28.540419
28.555567
23.031027
23.030782
12.883693
12.713041
12.715424
28.236597
27.874167
22.968615
22.9793
22.916133
25.654179
25.293075
25.593514
25.229927
24.85485
26.629024
25.993294
26.628375
26.01194
25.215863
25.525833
24.795606
25.54941
25.239083
22.153815
22.371505
22.155021
22.370173
21.500999
21.299671
21.501753
21.299024
22.137619
22.345618
22.351146
22.132467
21.490739
21.286807
21.290152
21.486949
20.463816
20.659764
20.464261
20.659294
19.931985
19.745895
19.932395
19.745491
20.458629
20.651186
20.653413
20.456687
19.928254
19.740917
19.742096
19.926931
19.104262
18.943939
19.242325
19.104644
19.241937
19.101756
19.23838
19.239257
19.10095
18.940845
16.563107
16.406239
16.27969
16.158588
16.563457
16.407282
16.278649
16.15824
16.870304
16.727367
16.727152
16.405876
16.562031
16.157149
16.277877
16.278303
16.15729
16.561834
16.405397
15.367143
15.517493
15.517802
15.366844
15.785128
15.64329
16.037235
15.902275
15.902555
16.03736
15.643213
15.784893
15.366433
15.366597
15.517051
14.183222
14.183415
14.009105
13.797833
14.008903
14.528679
14.378461
14.528766
14.378398
14.183098
14.183062
13.797815
14.008809
14.008688
13.009047
12.85585
12.855122
24.499889
24.516374
26.567624
26.004554
25.992927
25.586239
25.311083
24.836368
25.56694
25.25891
24.879541
24.326869
24.410309
26.575176
25.979629
20.946625
26.574344
25.932885
25.292079
25.529218
25.454203
25.087084
23.55524
23.357462
23.366528
23.072684
23.552677
23.363656
23.366218
23.952327
23.679778
23.895916
24.15333
23.992129
24.025129
24.156419
24.228582
24.091138
23.63102
23.809045
23.838879
23.333538
23.480218
23.297883
22.966128
23.009291
23.438932
23.244371
23.263063
21.493945
21.294638
21.498168
21.290792
22.111756
22.308395
22.324027
22.098949
21.468586
21.262937
21.268997
21.461359
19.917914
19.732415
19.919666
19.730827
20.439836
20.630498
20.634281
20.436538
19.909746
19.721429
19.723525
19.907429
18.740307
18.56684
18.568129
18.409593
18.275232
18.409038
18.741325
18.569673
18.569104
18.406879
18.274338
18.408105
19.082246
18.921678
19.218448
19.220076
19.08073
18.920264
18.565385
18.735899
18.563938
18.269386
18.401982
18.402909
18.405497
18.270545
18.404121
18.734569
18.561705
18.562668
17.589298
17.45248
17.453407
17.318199
17.185287
17.317734
17.590048
17.454609
17.454137
17.316125
17.184594
17.317024
17.840395
17.70925
17.839244
18.126136
17.975812
17.976643
17.978909
18.127246
17.97771
17.708257
17.83741
17.838216
17.451444
17.586197
17.450407
17.180882
17.312479
17.313208
17.315122
17.181768
17.314116
17.585234
17.448727
17.449473
16.7004
16.843309
16.844115
16.701035
16.845202
16.533985
16.375545
16.248513
16.125978
16.534614
16.377363
16.246731
16.125382
17.072203
16.953257
16.953947
16.955717
17.073066
16.954791
16.842414
16.697859
16.697054
16.840015
16.374698
16.531474
16.122279
16.243656
16.245906
16.123033
16.530674
16.372397
15.604641
15.74744
15.868268
16.004547
15.605194
15.749084
15.866587
16.003963
15.32241
15.475281
15.321778
15.746694
15.602496
16.000934
15.863702
15.86582
16.001672
15.601799
15.744623
15.32038
15.321084
14.466298
14.310186
14.310814
14.465684
14.108784
14.109446
13.927364
13.705376
13.926714
14.464338
14.309508
14.465017
14.308819
14.108073
14.107351
13.702739
13.923676
13.924432
12.704956
12.874677
12.702072
22.95959
27.897454
27.736387
22.897637
22.878499
12.868049
12.689713
12.692851
27.855973
27.61648
22.892113
22.835887
22.873787
22.806045
25.548606
25.184327
24.802247
25.567233
25.245951
26.630547
26.017034
26.055983
25.183002
25.563602
24.918072
24.748411
25.626196
25.348337
22.127778
22.338752
22.126064
22.339875
21.484956
21.283327
21.482745
21.285468
22.151576
22.378014
22.366478
22.16092
21.501263
21.304157
21.299762
21.506468
20.456888
20.649386
20.455275
20.651133
19.927596
19.740453
19.926298
19.741674
20.465671
20.663858
20.660949
20.468285
19.934249
19.749758
19.747847
19.936288
19.101921
18.941842
19.238258
19.100906
18.940866
19.239313
19.106835
19.246108
19.244472
19.108402
18.948028
16.563201
16.407668
16.27811
16.157885
16.562498
16.40562
16.280138
16.158565
16.873007
16.731549
16.874116
16.732606
16.876137
16.408681
16.566209
16.162427
16.284131
16.281133
16.161424
16.567254
16.411715
15.367878
15.519246
15.518457
15.368657
15.788001
15.647326
16.042452
15.908283
15.905422
16.041465
15.648268
15.790816
15.370463
15.369536
15.521075
14.185577
14.18483
14.009978
13.800052
14.010638
14.532711
14.38163
14.531844
14.382494
14.186404
14.187273
13.802683
14.014035
14.013143
13.016825
12.866047
12.864021
24.359884
24.467895
26.572303
25.996092
25.936694
25.565621
25.368001
24.648663
25.468285
25.093992
24.404567
24.471295
26.570982
25.978639
20.943239
25.936471
25.358733
25.54526
24.757335
25.479937
25.197238
23.511311
23.354744
23.32397
22.997339
23.460923
23.25133
23.282472
23.996789
23.732535
23.952366
24.231289
24.0887
24.100121
24.208492
24.290303
24.150818
23.697101
23.894985
23.909626
23.35997
23.529032
23.342708
23.017138
23.049238
23.500133
23.303616
23.319379
21.469042
21.263436
21.4629
21.268179
22.133275
22.342187
22.349991
22.127614
21.479166
21.276026
21.276912
21.477522
19.906185
19.719394
19.905409
19.720004
20.441379
20.637242
20.636877
20.44194
19.909472
19.723764
19.72294
19.91028
18.732972
18.56146
18.561066
18.401411
18.267724
18.401204
18.732798
18.561122
18.560925
18.401674
18.267815
18.401317
19.081129
18.920517
19.219805
19.219017
19.081892
18.921249
18.562014
18.734681
18.56265
18.269802
18.404085
18.403426
18.402189
18.269191
18.402789
18.735381
18.564001
18.563317
17.583725
17.448146
17.447965
17.31198
17.17941
17.311727
17.583721
17.448224
17.447976
17.311861
17.179369
17.311701
17.83733
17.70779
17.837812
18.126449
17.977438
17.976856
17.975793
18.125867
17.976301
17.708299
17.838902
17.838344
17.448467
17.584705
17.448878
17.180576
17.313466
17.312994
17.31216
17.180153
17.31255
17.585191
17.449836
17.449343
16.695536
16.839269
16.839178
16.695626
16.529112
16.371514
16.243171
16.120846
16.529222
16.371907
16.242756
16.120703
17.071821
16.953874
16.953464
16.952758
17.071417
16.953083
16.83949
16.696108
16.696459
16.371671
16.5296
16.121315
16.243745
16.2429
16.121045
16.529921
16.372557
15.600195
15.743616
15.863224
15.999511
15.600384
15.74415
15.862712
15.999358
15.31815
15.318076
15.743689
15.600319
15.999901
15.863468
15.8628
15.99965
15.600508
15.744309
15.318216
15.318106
14.461946
14.306134
14.306335
14.461774
14.1044
14.104654
13.921841
13.699125
13.921424
14.461684
14.306022
14.461692
14.305984
14.104234
14.104139
13.69804
13.920627
13.920722
12.68088
12.857485
12.678191
22.562978
27.728036
27.86963
22.591083
22.668944
12.852406
12.668208
12.670594
26.653776
27.102695
22.066598
22.236304
22.328648
22.323065
25.544105
25.135852
25.621515
25.346945
26.630259
26.026221
26.059904
25.146824
25.568736
24.84133
24.711283
25.621544
25.275257
22.148502
22.373471
22.157657
22.36165
21.502052
21.30448
21.506127
21.301409
22.140699
22.360188
22.3528
22.14645
21.497581
21.29999
21.297887
21.500263
20.469215
20.66545
20.470116
20.664201
19.938246
19.752051
19.938517
19.751906
20.468254
20.663892
20.662771
20.469207
19.938206
19.752684
19.752059
19.938882
19.110925
18.950581
19.248481
19.110779
18.950394
19.248576
19.111519
19.249619
19.249095
19.112017
18.951697
16.570181
16.414134
16.28494
16.164826
16.569662
16.412523
16.286579
16.16537
16.878798
16.736558
16.736789
16.879495
16.414472
16.571198
16.166628
16.287535
16.286925
16.166427
16.571411
16.415085
15.37429
15.52537
15.524908
15.374759
15.793641
15.652238
16.046644
15.911668
15.911104
16.046448
15.652419
15.794202
15.375416
15.525738
15.375132
14.191545
14.191043
14.016425
13.806831
14.017063
14.537576
14.387117
14.537287
14.38742
14.191951
14.192263
13.808334
14.018689
14.018419
13.02635
12.876896
12.875872
24.405064
24.411484
26.573341
25.989814
26.573201
25.965329
25.540221
25.196215
24.7682
25.51581
25.212214
24.551933
24.456291
26.570664
25.969871
26.569198
20.955286
26.042658
25.159258
25.530356
24.957212
24.734344
25.637553
25.390415
23.477761
23.300596
23.296082
23.007737
23.478217
23.297359
23.29585
23.902225
23.726597
23.944196
24.359832
24.240347
24.208715
24.091799
24.277456
24.140313
23.770354
24.024943
23.999477
23.315183
23.525267
23.340973
23.559523
23.38036
23.367877
21.473502
21.272309
21.471674
21.274071
22.140948
22.367081
22.356059
22.150194
21.489991
21.292818
21.288172
21.495548
19.913868
19.726202
19.912588
19.727408
20.452095
20.650536
20.647974
20.454155
19.918631
19.7323
19.731529
19.919635
18.73843
18.56693
18.566211
18.404766
18.271764
18.405472
18.737616
18.564711
18.565453
18.406844
18.272432
18.406183
19.087652
18.926589
19.226312
19.226006
19.087863
18.926725
18.567519
18.740309
18.567866
18.273698
18.407222
18.407628
18.40737
18.27376
18.407662
18.740374
18.56747
18.56787
17.587244
17.45168
17.451299
17.31395
17.18194
17.314423
17.586756
17.450341
17.450838
17.315213
17.182349
17.314858
17.841423
17.711312
17.841559
18.130044
17.979773
17.980173
17.980118
18.130132
17.980282
17.711181
17.841052
17.841439
17.451932
17.588023
17.452003
17.182788
17.315027
17.315358
17.315441
17.182929
17.315498
17.587887
17.451518
17.451864
16.69794
16.842022
16.697608
16.531266
16.373724
16.244076
16.12222
16.53097
16.3729
16.244869
16.122473
17.073916
16.955112
16.955396
16.955511
17.074052
16.955533
16.842195
16.698368
16.698245
16.373837
16.531592
16.122612
16.244625
16.244979
16.122739
16.531445
16.373454
15.601358
15.745167
15.86374
16.000754
15.601176
15.744566
15.864375
16.000992
15.319171
15.319292
15.745237
15.601496
16.001114
15.864101
15.864449
16.001236
15.601374
15.744916
15.319323
15.319346
15.472958
14.462061
14.306247
14.306235
14.462089
14.104078
14.104116
13.920519
13.697198
13.920484
14.461981
14.306211
14.462065
14.30612
14.103995
14.103862
13.69658
13.920015
13.920192
12.662547
12.845068
12.663495
21.731488
3.3462681
13.144135
30.217953
19.608618
21.789613
12.839373
12.661001
12.66918
11.477525
13.526297
13.513786
19.683226
17.305658
25.573335
25.278173
25.591228
25.262048
24.846641
26.629635
26.035972
25.98511
25.310822
25.589044
24.868004
25.517315
25.17775
22.160821
22.376834
22.160951
22.376621
21.509068
21.307096
21.50887
21.30736
22.149967
22.360669
22.363319
22.147933
21.503596
21.30179
21.303007
21.502294
20.472911
20.667948
20.472636
20.668247
19.941303
19.754686
19.94113
19.754825
20.47073
20.664683
20.665771
20.469664
19.939504
19.752046
19.753064
19.938477
19.113413
18.952953
19.251114
19.113389
18.952951
19.251163
19.111671
19.248423
19.249425
19.110678
18.950248
16.571252
16.414406
16.287559
16.16665
16.571492
16.415113
16.28687
16.166415
16.878466
16.735312
16.734745
16.87681
16.413925
16.569796
16.164636
16.284993
16.28641
16.165115
16.569228
16.412413
15.375434
15.525751
15.526033
15.375156
15.793147
15.651018
16.04472
15.909352
15.910569
16.04517
15.650632
15.792018
15.374468
15.374821
15.525051
14.192256
14.192452
14.018972
13.809022
14.018908
14.536862
14.387147
14.537145
14.386897
14.19202
14.191775
13.808643
14.018326
14.018465
13.030515
12.882565
12.882042
24.468386
24.434102
26.56549
25.931281
26.56697
26.569719
25.969581
25.482271
25.273516
25.532358
25.341165
24.333333
24.539759
26.570412
26.051856
26.568827
20.941848
25.937017
25.375862
25.643068
24.264075
24.940192
25.45709
24.662035
23.53629
23.364416
23.35556
23.069425
23.541164
23.373105
23.358819
23.066601
24.014844
23.73673
23.972939
24.153787
23.817531
24.022887
24.228843
24.34344
24.188093
23.621638
23.67339
23.833125
23.362366
23.519732
23.323242
22.9678
23.024063
23.427143
23.177748
23.249637
21.493622
21.294935
21.498907
21.289886
22.105681
22.291416
22.319969
22.082885
21.460795
21.251256
21.261414
21.448453
19.914651
19.729877
19.917359
19.727435
20.4341
20.622189
20.628059
20.429188
19.905332
19.716847
19.719523
19.902304
18.736736
18.563278
18.564375
18.406462
18.271636
18.405452
18.738047
18.566674
18.565582
18.403419
18.270661
18.40437
19.079358
18.919566
19.2152
19.216894
19.078048
18.918963
18.562445
18.733969
18.561754
18.267749
18.39773
18.401012
18.402719
18.268753
18.402125
18.732884
18.556961
18.560478
17.585773
17.449545
17.449917
17.314556
17.18155
17.31403
17.586358
17.451012
17.45044
17.313232
17.181124
17.313558
17.838091
17.707851
17.837786
18.124715
17.972383
17.975194
17.976473
18.125614
17.9761
17.707122
17.834404
17.836978
17.449344
17.584878
17.449159
17.179927
17.310148
17.312233
17.31306
17.180544
17.31288
17.584224
17.446322
17.44852
16.697023
16.840745
16.697312
16.530179
16.372453
16.244337
16.121829
16.530474
16.373143
16.243718
16.121613
17.071431
16.952806
16.9534
16.953655
17.071852
16.95357
16.840741
16.696912
16.696575
16.839301
16.372452
16.529934
16.121068
16.241382
16.243724
16.121487
16.529432
16.370101
15.600587
15.744233
15.863851
16.000382
15.600744
15.744688
15.863339
16.000186
15.318561
15.318524
15.744223
15.600478
15.999685
15.861336
15.863335
16.000077
15.60045
15.742809
15.318641
15.318582
15.472584
14.461075
14.305093
14.305214
14.460967
14.102653
14.102796
13.919378
13.694988
13.91921
14.460798
14.304993
14.4609
14.304854
14.102553
14.102446
13.694494
13.919237
13.919153
12.648069
12.836653
12.646903
21.478081
26.519096
26.128116
21.981366
21.815382
12.834067
12.645202
12.645287
27.130991
26.554795
21.451513
21.710373
25.706408
25.310678
25.655915
25.240205
24.872926
26.621404
25.936852
26.052487
25.167441
25.452701
25.583064
25.225457
22.155408
22.370918
22.154562
22.372157
21.502859
21.301277
21.502819
21.301137
22.146946
22.355072
22.360196
22.142332
21.499676
21.296404
21.298838
21.496691
20.466711
20.662529
20.467241
20.662059
19.935066
19.749179
19.935648
19.74862
20.466415
20.660159
20.661415
20.465454
19.935576
19.748956
19.749356
19.935134
19.107486
18.947247
19.245585
19.107897
18.947587
19.245127
19.10872
19.246171
19.246239
19.108887
18.949793
16.568606
16.412943
16.284757
16.164037
16.568373
16.412146
16.285587
16.164311
16.878084
16.736276
16.736512
16.878317
16.41368
16.570534
16.166212
16.28542
16.286305
16.16614
16.570586
16.412845
15.374187
15.525392
15.374659
15.793301
15.652092
16.046318
15.909902
15.910622
16.046239
15.652471
15.793105
15.375809
15.375256
15.526731
14.191898
14.191601
14.01838
13.808611
14.018622
14.537669
14.387421
14.537359
14.387683
14.192243
14.192531
13.809484
14.02024
14.019862
13.031918
12.887725
12.887141
11.965961
13.274728
11.994568
13.272137
11.996321
13.269774
11.996326
21.054511
13.273741
11.993943
21.056367
13.276244
12.003222
13.274989
11.993834
21.051343
13.277062
11.985396
21.051574
13.285078
11.994013
13.29011
12.000199
13.290496
11.9174
11.894586
13.433977
13.440773
13.172987
6.0206083
13.179413
11.983645
13.534265
13.53215
13.272828
11.882021
11.871051
13.441893
13.446207
13.180455
13.184066
11.994222
21.051676
13.531433
13.528701
13.269672
11.86993
11.871135
13.446008
13.440412
13.183743
13.17728
11.994176
21.052127
13.528746
13.531545
13.273082
11.870554
20.945433
11.89196
13.439354
13.434348
13.176071
13.169732
11.985058
21.052323
13.532125
13.534088
13.276313
11.880872
20.952164
11.880846
20.948759
13.434127
13.433664
13.169278
13.166974
11.98689
21.05009
13.53392
13.532019
13.275053
11.864346
20.942658
11.87103
20.945278
13.433525
13.430724
13.166544
13.161509
11.993727
21.050929
13.531849
13.532478
13.276432
11.871501
11.888312
20.952562
13.429933
13.422611
13.160382
13.150726
11.986998
21.052607
13.532997
13.539212
13.284043
11.888024
11.877073
20.946702
13.42165
13.417459
13.149431
13.142857
11.993408
21.054539
13.540127
13.544067
13.289815
11.877415
11.869952
13.417106
13.414228
13.142186
13.137961
11.997684
13.544249
13.543816
13.290454
11.870085
11.919629
13.413739
13.40958
13.137234
13.132915
11.963256
21.028168
13.543772
13.54279
13.289886
21.896884
22.447782
22.545927
21.844692
20.244741
20.812381
20.832901
20.231585
19.348729
19.356833
11.97727
23.71137
24.213473
24.24355
23.697943
17.744123
18.159015
18.160502
17.743282
17.111829
17.111557
12.552039
13.275668
12.550281
21.93351
22.541463
21.914617
22.574107
20.272903
20.856093
20.264937
20.865818
19.371645
19.378364
11.994344
21.053091
23.701893
24.34443
23.775697
24.24744
17.737356
18.156476
17.739627
18.15402
17.106417
17.104177
12.55996
13.270462
12.567315
21.900831
22.551437
21.917316
22.519807
20.263339
20.858331
20.268659
20.85116
19.377123
19.373182
11.978102
23.77137
24.240787
23.704283
24.360292
18.945019
18.944637
17.735931
18.152125
17.735629
18.152439
17.102571
17.102893
12.578635
13.270732
12.584441
21.882471
22.569899
21.920908
22.505203
20.247471
20.849097
20.257353
20.833436
19.36602
19.360254
11.985294
23.763226
24.202595
23.672077
24.330784
18.950558
18.946882
17.74047
18.154441
17.738004
18.157272
17.105083
17.1071
12.591968
13.275459
12.594949
21.926403
22.526898
21.895217
22.57389
20.259987
20.838614
20.250641
20.85311
19.361792
19.367073
11.994018
21.052222
23.678708
24.274559
23.72656
24.21609
17.73635
18.155917
17.739227
18.152724
17.106013
17.10354
12.595838
13.275703
12.593578
21.898334
22.520856
21.896131
22.523136
20.259551
20.845176
20.257924
20.846812
19.368724
19.37033
11.990916
21.052896
23.746916
24.287291
23.741859
24.314112
18.943293
18.944414
17.733863
18.151534
17.734906
18.150464
17.101715
17.100686
12.58841
13.27511
12.584284
21.919377
22.575168
21.933704
22.560767
20.262248
20.862252
20.26847
20.85341
19.374159
19.370306
11.996299
23.684881
24.261735
23.705694
24.218454
17.734595
18.148439
17.732241
18.150948
17.09963
17.101789
12.580994
13.279648
12.593561
21.907321
22.497546
21.880652
22.550871
20.253082
20.835137
20.249678
20.842603
19.362485
19.363491
12.001601
21.058599
23.678388
24.371404
23.789843
24.193582
18.949976
17.741434
18.15689
17.740174
18.158
17.106922
17.108387
12.600581
13.287682
12.614001
21.903943
22.524288
21.898146
22.530149
20.261505
20.845169
20.257261
20.850043
19.367576
19.370713
11.993734
23.754763
24.303715
23.749961
24.314855
17.742381
18.159598
17.742837
18.159271
17.109544
17.108937
12.634124
13.290499
12.642454
21.919346
22.578708
21.935947
22.565305
20.258324
20.862712
20.267804
20.850013
19.37208
19.366423
11.985741
21.052451
23.754139
24.286332
23.736717
24.326864
17.738979
18.155313
17.738803
18.155158
17.106099
17.106688
12.650171
13.291049
12.650845
11.874523
20.948354
11.865111
22.633865
22.900374
22.75737
22.736666
23.018786
23.068513
22.768381
21.677948
21.027445
21.0516
21.635534
21.906989
22.538099
22.557477
21.911838
21.687151
21.071707
21.058108
21.696007
20.069602
19.519255
19.528115
20.057886
20.24871
20.852411
20.83865
20.261297
20.073124
19.540627
19.53061
20.085098
19.368497
19.359082
13.437131
13.43783
12.478164
13.175974
12.494816
13.633473
13.672091
13.176647
12.498379
12.496498
23.042267
13.66935
13.670788
24.37463
24.71267
24.419455
24.76579
11.999686
21.058914
24.601642
24.962397
24.447345
23.516704
23.503929
22.748458
23.032769
22.76781
23.73234
24.407241
24.271712
23.808566
23.534739
23.5946
22.802314
22.778026
21.936666
22.550683
22.566902
21.920716
21.720404
21.085702
21.096225
21.705683
21.941373
22.594028
22.575625
21.948262
21.724162
21.099392
21.097977
21.728972
20.287254
20.867959
20.877199
20.281497
20.111518
19.565006
19.568573
20.106488
20.287584
20.879356
20.878497
20.287522
20.111619
19.567399
19.568166
20.111373
18.767568
18.301693
18.303322
18.764435
19.393845
19.396976
18.766656
18.300172
18.302294
18.765021
19.395531
19.396458
17.621718
17.218993
17.219451
17.621158
17.742993
18.157154
18.15943
17.740355
17.620573
17.215226
17.218272
17.617827
17.107268
17.110385
13.535146
13.534446
23.400362
13.703719
13.722236
13.275026
12.557646
12.551751
13.715329
13.71495
11.872529
20.947235
24.764681
24.868268
11.872264
22.741101
23.025705
23.072806
22.779682
22.770158
23.062642
23.075704
22.783742
21.714986
21.075301
21.699005
21.086004
21.937155
22.565204
22.578574
21.926461
21.718096
21.081662
21.08779
21.708597
20.096285
19.543885
20.088664
19.550784
20.273978
20.862144
20.867327
20.270969
20.097306
19.550475
19.55176
20.094832
19.378342
19.379342
13.444822
13.445491
12.498622
13.183115
12.497617
13.669549
13.670964
13.183684
12.495671
12.49711
13.673264
13.670897
22.963647
24.528309
24.878038
24.427501
11.994045
21.052333
24.423957
24.77645
24.441308
24.797246
23.503443
23.568982
22.790968
23.084339
23.034628
22.748698
23.705715
24.244116
24.258663
23.699755
23.50486
23.501653
22.746949
22.744754
21.920412
22.584979
21.943471
22.548223
21.705327
21.096945
21.72499
21.084651
21.915766
22.546229
22.543657
21.917286
21.701016
21.08084
21.081521
21.701911
20.27913
20.877246
20.286129
20.866667
20.103966
19.566526
20.110148
19.562078
20.277152
20.862869
20.863888
20.275606
20.102181
19.559144
19.560719
20.10058
18.761393
18.299505
18.764358
18.296948
19.394733
19.390691
18.945949
18.944583
18.760447
18.294974
18.296149
18.759132
19.387903
19.389436
17.614833
17.2144
17.617076
17.212174
17.736693
18.152132
18.153263
17.735659
17.614191
17.210609
17.211576
17.613179
17.102625
17.103586
13.529669
13.529259
22.88023
13.717029
13.722529
13.270089
12.576453
12.569558
23.210514
13.73179
13.725139
23.094017
11.895127
24.85213
24.637411
11.880756
20.951178
22.755038
23.046188
22.995696
22.715985
22.782219
23.080185
23.008818
22.726381
21.687328
21.077099
21.700836
21.068919
21.904892
22.573124
22.52835
21.923853
21.690283
21.072024
21.069538
21.703526
20.0879
19.549118
20.092841
19.544978
20.262553
20.851735
20.851279
20.259662
20.086956
19.539717
19.543805
20.083541
19.367848
19.371985
13.444302
13.443444
12.495833
13.181669
12.493941
13.678891
13.677333
13.180701
12.483148
12.490006
13.658155
13.673352
23.019041
24.416903
24.763411
24.5541
11.990015
24.38513
24.738932
24.513702
24.869785
23.56107
23.507612
22.753926
23.072245
22.777913
23.755095
24.206912
24.326641
23.672071
23.548388
23.477417
22.733194
23.015795
23.06425
22.771511
21.930019
22.552787
21.921671
22.571581
21.711891
21.082678
21.705546
21.085541
21.926979
22.535139
22.566194
21.912845
21.709439
21.080855
21.084371
21.699022
20.277374
20.864289
20.276221
20.866525
20.101995
19.559333
20.10104
19.559927
20.277031
20.863408
20.865641
20.276899
20.101756
19.560586
19.559869
20.101963
18.759527
18.294976
18.759167
18.295298
19.388042
19.388562
18.945059
18.945974
18.759589
18.296476
18.29541
18.760553
19.389331
19.388537
17.613444
17.21056
17.613143
17.210876
17.736099
18.153659
18.152565
17.737276
17.613626
17.212375
17.211097
17.61483
17.104419
17.103124
13.529504
13.529931
13.734368
13.743478
13.271235
12.590754
12.586204
23.178263
13.757344
13.74737
11.891883
24.691193
11.88766
20.95159
22.778729
23.076176
22.703567
22.701854
22.985043
22.962869
22.682896
21.668588
21.06929
21.700612
21.050688
21.871455
22.503464
22.487067
21.881027
21.659456
21.050059
21.045636
21.667342
20.072667
19.537807
20.081339
19.531525
20.24509
20.832969
20.829292
20.247292
20.070644
19.531397
19.530178
20.072527
19.36011
19.359044
13.436504
13.435761
12.481715
13.172712
12.478065
13.656022
13.652259
22.827619
13.171778
12.473668
12.476955
13.647417
13.651356
22.942625
24.378629
24.729447
24.516474
11.986671
21.052268
24.517361
24.871449
24.54906
24.900283
23.558133
23.477916
22.734221
22.785326
23.789757
24.331688
24.36316
23.763947
23.582047
23.558834
22.786195
23.077776
23.095339
22.800919
21.941241
22.536307
21.914444
22.580583
21.723193
21.082549
21.700705
21.096003
21.949181
22.581485
22.594057
21.942007
21.729756
21.09627
21.09969
21.723847
20.285835
20.865047
20.278305
20.876515
20.109976
19.561697
20.103289
19.566652
20.287702
20.876669
20.879581
20.285742
20.111599
19.566416
19.567793
20.109832
18.76489
18.297281
18.76143
18.300256
19.390382
19.39494
18.951363
18.950271
18.76564
18.299951
18.300877
18.764603
19.394685
19.395974
17.617906
17.21305
17.615544
17.215145
17.740954
18.156961
18.157855
17.740141
17.618363
17.214806
17.21553
17.617573
17.106761
17.107465
13.533601
13.53391
13.760953
13.766683
13.275856
12.596114
12.595503
23.175988
13.767697
13.767573
11.871478
11.869815
20.944362
22.728875
23.016945
22.781754
22.733612
23.020899
23.070796
22.777055
21.706086
21.056849
21.679191
21.073775
21.926079
22.532517
22.57068
21.903406
21.706274
21.066017
21.074745
21.687901
20.083579
19.533288
20.075388
19.5391
20.261149
20.847667
20.854184
20.258977
20.084729
19.540497
19.540169
20.083439
19.368743
19.368109
13.433893
13.433866
12.472572
13.168292
12.469204
22.850331
13.645456
13.637926
13.168002
12.461742
12.467595
13.62788
13.636002
24.454138
24.803833
24.395015
11.995631
21.053014
24.471721
24.412995
24.765197
23.482904
23.526649
22.766532
23.018533
22.7346
23.692077
24.289219
24.233875
23.733745
23.494073
23.532179
22.767363
23.025329
22.739502
21.911644
22.56455
21.931872
22.535614
21.697644
21.091273
21.715372
21.079495
21.912618
22.564022
22.539234
21.927898
21.698112
21.085563
21.079129
21.710675
20.27583
20.872434
20.283007
20.862127
20.100941
19.564627
20.107412
19.559631
20.275164
20.86666
20.861631
20.277428
20.100259
19.559558
19.558948
20.101955
18.759617
18.298857
18.76334
18.29554
19.393037
19.388377
18.944368
18.944312
18.758973
18.29447
18.294906
18.758795
19.388087
19.387702
17.61391
17.214029
17.616697
17.211483
17.735732
18.151587
18.152096
17.735028
17.613294
17.209931
17.210872
17.612528
17.101939
17.10293
13.53307
13.532763
23.278563
13.767639
13.766064
13.275497
12.589738
12.592771
13.758152
13.764103
11.881438
20.952242
11.86815
20.945619
22.720479
23.00608
22.72216
22.776078
23.067775
23.026221
22.738282
21.683873
21.062835
21.681858
21.064507
21.906405
22.571264
22.536706
21.930555
21.690687
21.081505
21.068606
21.711623
20.084329
19.540357
20.082697
19.541977
20.261683
20.861099
20.850276
20.267991
20.086165
19.546391
19.543207
20.091445
19.374158
19.371427
13.432803
13.432428
12.459559
13.164902
12.451122
22.983367
13.623615
13.609004
13.164207
12.435143
12.447519
13.582199
13.603664
24.463539
24.805416
24.499725
12.000798
21.056816
24.439953
24.439457
24.784654
23.541836
23.540967
22.77464
22.770641
23.72015
24.257023
24.26274
23.703752
23.520821
23.502999
22.742433
22.760505
21.929327
22.570536
21.932096
22.56655
21.711868
21.087592
21.714224
21.086027
21.924322
22.540807
22.558117
21.910755
21.707597
21.075031
21.083288
21.695444
20.277037
20.868316
20.278292
20.866882
20.101411
19.559891
20.102644
19.558703
20.2754
20.857315
20.864497
20.270652
20.099945
19.554649
19.557599
20.095772
18.757742
18.294441
18.758854
18.293358
19.388343
19.387168
18.9404
18.756958
18.291124
18.29268
18.755054
19.38348
19.386149
17.611347
17.209726
17.612385
17.208695
17.733302
18.148365
18.149818
17.732128
17.610812
17.207376
17.208229
17.609723
17.099458
17.100241
13.531629
13.531686
13.756859
13.753217
22.996667
13.275286
12.580868
12.583171
22.914779
13.757274
13.752371
23.025657
11.870963
20.946027
11.869056
24.639214
24.85209
22.779843
23.071007
23.060779
22.766791
22.688078
23.039174
22.747421
21.700936
21.08298
21.714334
21.073044
21.907295
22.493316
22.543208
21.878798
21.690457
21.052001
21.066392
21.66668
20.086201
19.546448
20.09178
19.542268
20.258551
20.835329
20.847703
20.250246
20.082957
19.534451
19.539963
20.075551
19.363141
19.368212
13.426971
13.425862
12.430243
13.156423
12.411829
23.069998
13.574377
5.2839524
13.55169
13.154981
12.382352
12.404954
7.0947116
13.519578
13.543614
24.445585
24.394708
24.743715
12.001509
21.058521
24.563851
24.403864
23.489554
23.503859
22.740624
23.028919
22.741318
23.698045
24.375262
24.22974
23.793781
23.50252
23.583504
22.79651
23.09248
22.752377
21.915415
22.538693
21.908751
22.541862
21.700474
21.073984
21.693669
21.079921
21.922908
22.588816
22.552138
21.94326
21.707085
21.09489
21.08438
21.724014
20.274559
20.856469
20.270231
20.861967
20.099468
19.554507
20.095444
19.557864
20.277355
20.875117
20.865893
20.28413
20.102012
19.565071
19.559884
20.108272
18.757815
18.291182
18.75506
18.293752
19.383379
19.38658
18.759379
18.299053
18.29517
18.763578
19.393416
19.38848
17.612157
17.207537
17.609848
17.209731
17.73585
18.156102
18.15232
17.739383
17.61338
17.214147
17.210866
17.616843
17.106124
17.102897
13.535311
13.536263
13.767177
13.779473
23.89683
13.280705
12.596745
12.596466
13.782082
13.778372
23.928236
11.866941
20.942763
24.927643
11.867346
24.921309
22.693145
22.972166
23.054813
22.758389
22.731694
23.060644
22.764462
21.688795
21.052043
21.66793
21.061747
21.912014
22.53135
22.556849
21.902461
21.692938
21.064111
21.06443
21.686706
20.077565
19.533788
20.074931
19.535052
20.254578
20.845616
20.844908
20.256803
20.078877
19.538473
19.535982
20.081284
19.366771
19.364334
13.419342
13.418765
12.37393
13.146119
12.346652
22.734125
13.512277
13.497311
13.145201
12.308714
12.337339
13.505534
13.49397
24.560263
24.915356
24.362524
24.702624
12.001876
21.058665
24.489836
24.368702
23.48722
23.57969
22.793776
23.089277
22.746702
23.678471
24.30722
24.198069
23.747434
23.486086
23.54344
22.772792
23.063645
22.743539
21.924266
22.586527
21.942333
22.548502
21.709622
21.095075
21.723448
21.089221
21.921865
22.568953
22.545305
21.933307
21.707598
21.092594
21.088196
21.716513
20.283297
20.87546
20.284754
20.871169
20.108035
19.565826
20.108946
19.565937
20.28304
20.873981
20.870395
20.285296
20.107888
19.567632
19.566003
20.109917
18.765187
18.299841
18.764359
18.300893
19.394183
19.394506
18.950889
18.952221
18.765397
18.302244
18.30114
18.766665
19.396161
19.394616
17.618942
17.214945
17.617635
17.216376
17.741714
18.159307
18.158256
17.742626
17.619229
17.217449
17.216684
17.620101
17.109438
17.108701
13.542385
13.54295
13.776291
13.779777
23.096873
13.288362
12.630496
12.618287
13.792574
13.784028
11.876868
20.946771
24.754703
11.895375
22.724284
23.009955
23.014617
22.729835
22.784815
23.08074
23.028602
22.742781
21.689028
21.06315
21.683399
21.068223
21.911952
22.577589
22.541962
21.93391
21.695922
21.083345
21.072514
21.714558
20.085912
19.539267
20.08189
19.542616
20.263779
20.862541
20.853694
20.268311
20.087865
19.545429
19.543881
20.09141
19.372938
19.371817
13.415981
13.415555
12.299099
13.140722
12.237989
13.507549
13.734354
13.140289
12.250841
12.203748
21.726737
13.50895
13.931915
24.483964
24.831775
24.4968
11.980294
21.050254
24.407524
24.748545
24.508422
23.550436
23.547678
22.779377
23.069977
23.070047
22.778868
23.748838
24.235211
24.320301
23.706913
23.543168
23.512009
22.761306
22.772101
21.938074
22.575326
21.937818
22.574719
21.720885
21.094762
21.720327
21.09573
21.9347
22.560483
22.56872
21.930244
21.718204
21.091072
21.094387
21.714222
20.287069
20.875773
20.286372
20.876724
20.111435
19.568288
20.110849
19.568561
20.286345
20.872414
20.875624
20.283325
20.110762
19.565017
19.56795
20.107771
18.766981
18.302565
18.767082
18.302289
19.396756
19.396941
18.766382
18.299024
18.301686
18.763598
19.39342
19.396336
17.619796
17.217572
17.620288
17.216984
17.741797
18.156074
18.158671
17.739435
17.61922
17.214446
17.216438
17.616947
17.106513
17.108405
13.544291
13.544182
23.404852
13.795803
13.805999
13.290507
12.649077
12.644456
13.822527
13.810253
11.879841
20.950626
24.910661
24.848638
11.85947
22.784565
23.077627
23.06816
22.773171
22.640694
22.907072
23.058871
22.759216
21.699838
21.083858
21.716283
21.070016
21.904882
22.454452
22.549462
21.850786
21.686826
21.034313
21.06144
21.641697
20.082203
19.544592
20.090772
19.538321
20.253834
20.819515
20.84268
20.239264
20.0784
19.526975
19.536024
20.065643
19.356372
19.36447
13.412421
13.412115
12.256453
13.13572
12.25735
13.461195
13.434424
13.135378
12.241268
12.256205
13.374853
13.425868
22.127974
24.464888
24.810977
24.515177
11.989535
21.055808
24.401838
24.74754
24.406221
24.744545
23.548487
23.535486
22.770394
23.059995
23.067538
22.776001
23.711688
24.234622
24.235104
23.701411
23.517742
23.503296
22.74276
22.766594
21.933254
22.567007
21.932029
22.571192
21.715714
21.090736
21.715186
21.089858
21.931046
22.544811
22.564458
21.915236
21.71418
21.080329
21.089371
21.700305
20.280848
20.871866
20.282445
20.870701
20.105207
19.56402
20.106838
19.562577
20.280923
20.86254
20.870397
20.275997
20.105378
19.559645
19.562985
20.100997
18.761971
18.29822
18.762695
18.297919
19.392424
19.39109
18.948028
18.945834
18.762679
18.296834
18.298674
18.75944
19.38855
19.39155
17.616631
17.21399
17.61636
17.214518
17.739768
18.154213
18.155939
17.738598
17.617418
17.214365
17.215287
17.616496
17.10721
17.107436
13.544133
13.544375
23.412136
13.826845
13.842181
13.291319
12.63531
12.649826
22.486913
13.809976
13.846244
23.223572
26.348803
21.090149
11.997729
26.348941
14.713192
14.860871
14.86229
14.711899
13.001229
13.276227
21.059257
26.317486
12.001965
26.318822
14.706228
14.855932
14.707106
14.855038
13.000759
13.271501
21.057191
26.316277
12.001063
26.314977
14.703165
14.851898
14.703133
14.851929
13.000583
13.26999
26.316634
21.058324
12.001574
26.315346
14.706075
14.854389
14.705604
14.854871
13.006047
13.274376
21.058122
26.316647
12.001305
26.317568
14.705656
14.854934
14.706161
14.854408
13.009343
13.276101
21.053195
26.316032
11.991107
26.314687
14.701966
14.85097
14.702299
14.850629
13.008331
13.274974
21.051689
26.316024
11.993936
26.315777
14.702046
14.850146
14.701578
14.850612
13.010897
13.277817
21.051169
26.316115
11.982862
26.315189
14.708266
14.856216
14.707592
14.856891
13.020692
13.286036
26.315093
21.050765
11.981318
26.314673
14.710203
14.858889
14.710287
14.858798
13.028657
13.290315
21.054655
26.319094
11.990245
26.317219
14.708763
14.857203
14.708687
14.857288
13.031084
13.290606
20.974627
26.275856
11.874467
26.308388
20.955616
26.234605
11.89311
26.236581
15.127251
14.94445
14.946343
15.12549
15.131073
14.951228
14.949994
15.132354
14.635647
14.785945
14.78784
14.633889
13.706537
13.435732
14.639445
14.792778
14.791568
14.640638
13.439683
13.712856
12.902265
13.174816
14.117366
4.0685095
30.486319
13.178394
12.910109
28.079866
28.266843
21.050334
26.317007
11.981323
26.318693
15.195967
15.016457
15.017867
15.194692
15.191489
15.012261
15.013327
15.190441
13.803826
13.535643
14.709089
14.856911
14.708064
14.857963
13.532904
13.800907
13.273555
13.001172
20.947788
26.238226
11.869798
26.239105
20.945863
26.231454
11.871444
26.231895
15.135112
14.952556
15.13373
14.953893
15.139642
14.958474
14.958297
15.139821
14.64319
14.794076
14.641913
14.79538
13.713965
13.442978
14.647409
14.799855
14.79968
14.647586
13.446191
13.718415
12.911059
13.181456
27.547855
28.206278
13.184167
12.913758
28.629738
27.951454
21.051567
26.315355
11.994033
26.314907
15.188589
15.011275
15.010376
15.189472
15.185796
15.007328
15.007524
15.185609
13.800086
13.53077
14.703411
14.851978
14.703213
14.852179
13.528771
13.796708
13.26969
13.000236
20.945781
26.235644
11.868184
26.233537
26.233647
20.94445
11.869693
26.233074
15.139484
14.958416
15.139759
14.958149
15.136018
14.953858
14.954742
15.135119
14.647285
14.7998
14.647537
14.799539
13.718254
13.44561
14.643986
14.795307
14.79618
14.643126
13.441468
13.713119
12.91335
13.183215
28.660647
27.970711
13.178476
12.905531
28.44657
27.778994
21.053371
26.31446
11.995698
26.314826
15.185585
15.007254
15.007291
15.185542
15.187108
15.009291
15.008798
15.187608
13.796672
13.528901
14.704638
14.853889
14.705113
14.853406
13.530971
13.798953
13.272428
13.005247
20.946213
26.237497
11.868799
26.234815
26.234987
20.951513
11.887752
26.236676
15.133394
14.952984
15.134231
14.952161
15.131399
14.950349
14.950182
15.131579
14.641475
14.794445
14.642276
14.793633
13.71215
13.438328
14.639478
14.791796
14.791649
14.639604
13.434684
13.707981
12.904126
13.174886
29.056286
28.156696
13.17029
12.896217
28.43711
28.082595
21.052071
26.314831
11.98643
26.316742
15.188638
15.009804
15.010301
15.18813
15.189491
15.010816
15.011134
15.18916
13.799468
13.532681
14.70687
14.85537
14.706578
14.855676
13.534152
13.800985
13.27628
13.009337
20.946175
26.237428
11.868923
26.238397
20.950951
26.232492
11.882941
26.232736
15.13239
14.950675
15.131924
14.951121
15.135135
14.954251
14.95379
15.135604
14.640271
14.792099
14.63988
14.79252
13.707915
13.433997
14.642708
14.795533
14.795085
14.643137
13.433763
13.70868
12.895466
13.168905
29.008978
28.423859
13.167356
12.890488
28.031973
28.980563
21.049507
26.316025
11.986038
26.314649
15.188131
15.010364
15.00982
15.188692
15.18538
15.006699
15.00711
15.184969
13.800746
13.533675
14.703068
14.851342
14.702664
14.851751
13.53223
13.798391
13.275162
13.008392
26.234276
20.949077
11.879223
26.235212
20.94526
26.231782
11.870916
26.231139
15.136437
14.954676
15.136038
14.955067
15.137574
14.956038
14.956139
15.137482
14.643889
14.795945
14.643531
14.796322
13.708732
13.433341
14.644781
14.797206
14.797318
14.644655
13.431399
13.707402
12.889593
13.166059
28.317307
28.594329
13.16252
12.880505
27.899959
28.249688
26.31495
21.051259
11.993947
26.31519
15.184245
15.006324
15.005978
15.184594
15.183205
15.005117
15.004992
15.18332
13.798161
13.531723
14.701122
14.849847
14.701271
14.84971
13.532094
13.798313
13.275931
13.010121
26.231813
20.946123
11.871899
26.231219
20.956003
26.236975
11.892283
26.235248
15.136848
14.955791
15.137239
14.955399
15.133642
14.951653
14.952232
15.13306
14.643996
14.796954
14.644392
14.796562
13.706832
13.429033
14.640894
14.792868
14.793441
14.64032
13.423651
13.701049
12.878699
13.159148
27.405725
28.785025
13.1521
12.863619
27.454778
28.860982
26.317592
21.053028
11.985626
26.315866
15.18407
15.005409
15.005873
15.183606
15.188152
15.010755
15.009906
15.189009
13.798761
13.533651
14.705993
14.855447
14.706828
14.854604
13.538245
13.804521
13.282949
13.019385
20.953617
26.234808
11.891957
26.233923
20.95515
26.234293
11.895499
26.234673
15.132242
14.95118
15.132588
14.950828
15.132135
14.950805
14.950654
15.132299
14.639476
14.792396
14.639843
14.79204
13.700312
13.420781
14.639134
14.791937
14.791801
14.639247
13.41784
13.697638
12.861484
13.148228
27.9872
28.678597
13.143583
12.849648
28.110124
28.093163
21.049647
26.316694
11.980012
26.314817
15.190456
15.011526
15.012199
15.189783
15.192297
15.014153
15.014061
15.192382
13.80537
13.540968
14.710177
14.858885
14.710279
14.858786
13.543791
13.80887
13.289427
13.027992
20.9531
26.234895
11.894049
26.235413
20.945171
26.236812
11.868881
26.236406
15.132638
14.950969
15.132474
14.951125
15.13268
14.951021
14.95119
15.132489
14.639494
14.792087
14.639373
14.79223
13.697486
13.416756
14.639458
14.792104
14.79227
14.639285
13.41469
13.695955
12.848362
13.141593
28.815385
28.868543
13.138804
12.839291
28.333132
28.50919
21.058256
26.316158
12.000942
26.315319
15.192255
15.014148
15.014045
15.192369
15.190696
15.012405
15.012622
15.190444
13.809003
13.544341
14.708949
14.857277
14.70876
14.857476
13.543916
13.808408
13.290458
13.030893
20.953678
26.236862
11.8836
26.237581
20.975169
26.275529
11.877659
26.31363
15.13206
14.950828
15.132269
14.950649
15.131449
14.948441
14.950175
15.129847
14.638901
14.791915
14.639088
14.791738
13.695612
13.413249
14.638171
14.789403
14.79114
14.636569
13.41122
13.692522
12.838663
13.13663
28.712176
28.98817
13.134644
12.830479
26.804323
28.59555
21.089086
26.350343
11.994476
26.349781
15.190382
15.01232
15.012404
15.190326
15.192034
15.012576
15.014121
15.190625
13.808382
13.543805
14.710085
14.857253
14.858808
14.708657
13.544287
13.807945
13.29145
13.029177
22.119757
21.881197
22.478632
22.259528
22.33918
22.516918
21.86297
22.055303
20.429738
20.241238
20.820878
20.607038
20.624483
20.827033
20.237608
20.414731
19.073457
19.352978
19.204351
19.210995
19.355055
19.06798
26.619877
26.647396
21.056907
26.31499
11.973136
26.310382
26.638354
23.922299
23.710972
23.9229
24.252955
24.090937
24.119602
24.111814
24.243857
24.112636
23.714105
23.906311
23.927797
17.873534
17.745088
17.874496
18.161592
18.010133
18.012419
18.011409
18.16147
18.012347
17.745269
17.872559
17.87463
17.112892
16.995431
16.995623
16.994014
17.112511
16.995009
16.884246
15.797882
15.9156
15.915325
15.798219
14.540119
14.388829
14.389477
14.538829
14.713003
14.86124
14.862071
14.712227
12.841378
12.550394
13.276156
13.003089
12.549333
12.842412
21.927269
22.154946
22.344414
22.552169
21.920241
22.132346
22.37162
22.564686
20.270886
20.459446
20.646819
20.859689
20.268165
20.451044
20.655793
20.863081
19.093016
19.224967
19.374425
19.086621
19.231523
19.3767
26.629891
26.628122
21.055486
26.316213
11.996665
26.316247
26.628136
23.707664
23.917133
23.920537
24.201588
24.275021
24.141626
23.733712
23.999319
23.948674
24.111401
24.244579
24.111943
17.738105
17.866863
17.867639
18.007236
18.155709
18.006482
17.738876
17.869179
17.868428
18.004867
18.154866
18.005672
16.874993
16.876618
16.988782
17.105618
16.875772
16.987975
16.986545
17.104865
16.987224
15.789708
15.521979
15.907905
15.790511
15.907108
14.533451
14.383726
14.53431
14.382871
14.705441
14.853543
14.854238
14.704756
12.840367
12.562378
13.270937
12.999953
12.564904
12.839651
21.902109
22.116256
22.35111
22.535518
21.908303
22.136616
22.325749
22.523008
20.264592
20.448476
20.649543
20.85479
20.266412
20.454271
20.643147
20.852281
19.088825
19.230636
19.375774
19.092428
19.226872
19.374438
26.631208
21.053192
26.317728
11.990984
26.317597
26.628494
23.756448
23.999964
23.97999
24.108206
24.269162
24.134901
23.72592
23.916993
23.941359
24.208936
24.327049
24.182795
18.944789
17.735798
17.865392
17.865266
18.003045
18.15221
18.003122
17.735691
17.865088
17.865157
18.003355
18.152325
18.003235
16.872803
16.984971
17.102613
16.872692
16.985014
16.985307
17.102724
16.98513
15.787573
15.51991
15.519693
15.904865
15.787437
15.905003
14.530469
14.379847
14.530432
14.379882
14.703298
14.852283
14.852061
14.703521
12.841017
12.580656
13.270314
13.002198
12.582493
12.843338
21.897094
22.098678
22.364221
22.553788
21.911203
22.144686
22.309413
22.529789
20.250756
20.431966
20.639303
20.844614
20.254255
20.443363
20.626008
20.838994
19.076842
19.219783
19.36401
19.081841
19.214437
19.362001
26.317706
21.056597
11.994116
26.316726
26.630026
23.725204
23.985557
23.94162
24.071592
24.221772
24.091219
23.690546
23.882489
23.901839
24.187338
24.273267
24.136744
18.949379
18.948074
17.739724
17.870018
17.869232
18.005383
18.155395
18.0063
17.738856
17.867441
17.868324
18.008083
18.156395
18.007253
16.987516
17.105809
16.875879
16.988221
16.989459
17.106516
16.988901
15.791107
15.523451
15.523086
15.908075
15.790599
15.908602
14.533391
14.382319
14.532925
14.382778
14.706488
14.855617
14.855295
14.706802
12.848394
12.59328
13.274958
13.008121
12.594304
12.851036
21.920721
22.149962
22.327716
22.550131
21.909584
22.113982
22.368994
22.567026
20.257614
20.446431
20.630383
20.844638
20.254315
20.435679
20.642835
20.849785
19.082516
19.215789
19.363711
19.078032
19.220636
19.365557
26.629644
26.315447
21.054359
11.996105
26.315344
26.630054
23.67707
23.890974
23.887588
24.138065
24.22439
24.093841
23.693289
23.94294
23.904486
24.082339
24.20801
24.076816
18.947444
17.737194
17.865767
17.866632
18.00677
18.154748
18.005649
17.738194
17.868742
17.867667
18.00369
18.153634
18.004577
16.876037
16.988402
17.105156
16.875236
16.987574
16.985997
17.1043
16.986744
15.789374
15.520807
15.521432
15.907509
15.79004
15.906824
14.533047
14.382977
14.533529
14.382522
14.705105
14.853261
14.853837
14.704547
12.852939
12.595334
13.275912
13.008946
12.594589
12.852994
21.893283
22.115186
22.324179
22.514266
21.892463
22.11281
22.326629
22.514902
20.258103
20.444471
20.637325
20.844028
20.257554
20.44285
20.638947
20.844598
19.08621
19.222566
19.368929
19.084647
19.224152
19.369465
26.630366
26.628093
21.047286
26.317171
11.978117
26.317518
26.625537
23.761893
23.969267
23.987897
24.152685
24.317667
24.17665
23.755588
23.958377
23.976724
24.170928
24.342927
24.194222
18.944315
17.734344
17.863356
17.863853
18.002413
18.151355
18.002224
17.734694
17.864406
17.864205
18.001354
18.150997
18.001869
16.871105
16.871739
16.984107
17.101446
16.87145
16.983828
16.983079
17.101102
16.983483
15.785743
15.903537
15.786084
15.518136
15.903194
14.529465
14.3794
14.529787
14.379095
14.701667
14.850049
14.850319
14.701412
12.853119
12.586935
13.275011
13.008492
12.585575
12.854072
21.928313
22.140926
22.372893
22.575587
21.933095
22.155846
22.357892
22.571425
20.265439
20.448202
20.651813
20.861295
20.267611
20.455179
20.643962
20.858211
19.085777
19.227472
19.373479
19.089124
19.223892
19.372144
26.630422
26.629297
21.052347
26.31608
11.994171
26.315966
23.689602
23.896382
23.904477
24.121994
24.253731
24.11465
23.700019
23.924299
23.917745
24.086551
24.234789
24.098524
17.733511
17.864007
17.862895
17.99947
18.14891
17.999938
17.732706
17.861606
17.862072
18.001922
18.14977
18.000779
16.871022
16.982123
17.10009
16.870307
16.982582
16.984249
17.100826
16.983307
15.786268
15.902993
15.785615
15.517355
15.517817
15.903655
14.529661
14.378964
14.529189
14.379446
14.702665
14.851986
14.851234
14.703408
12.857738
12.582046
13.278684
13.014323
12.58565
12.860353
21.898496
22.129223
22.304138
22.513726
21.888314
22.095342
22.346884
22.534529
20.251496
20.438487
20.627951
20.836846
20.250215
20.434071
20.633692
20.839651
19.079655
19.216626
19.362407
19.07899
19.217438
19.362795
26.628323
26.625852
21.055635
26.316367
11.992501
26.314367
23.711454
23.884719
23.925164
24.223769
24.32686
24.182721
23.757565
24.017244
23.980373
24.06871
24.251845
24.117711
17.741133
17.870907
17.870622
18.00773
18.157414
18.008268
17.740739
17.869695
17.870247
18.008891
18.15775
18.008624
16.989302
17.107543
16.98993
16.877577
16.990796
17.108016
16.990415
15.792836
15.909753
15.79228
15.523664
15.910306
14.535846
14.384957
14.535171
14.385639
14.708841
14.857937
14.857464
14.709317
12.869341
12.604841
13.286906
13.024329
12.609467
12.873511
21.898519
22.121216
22.327129
22.521657
21.89658
22.115294
22.33309
22.523426
20.25953
20.446828
20.637054
20.845561
20.258106
20.442365
20.641727
20.847189
19.086183
19.221374
19.368496
19.083435
19.22431
19.369559
26.625438
26.627214
21.055389
26.314786
11.994269
26.315256
26.625131
23.752613
23.975638
23.971169
24.165674
24.30704
24.167282
23.750711
23.968567
23.969333
24.174907
24.305894
24.168148
17.742752
17.871955
17.872322
18.010415
18.159726
18.010517
17.742897
17.872371
17.872452
18.010037
18.159627
18.010401
16.879575
16.991902
17.109513
16.991853
16.879524
16.991264
17.109313
16.991642
15.793867
15.911555
15.79409
15.911324
14.53781
14.387784
14.537889
14.387727
14.710034
14.858366
14.858619
14.709794
12.878652
12.63738
13.290441
13.030017
12.640183
12.880834
21.929188
22.142179
22.375754
22.576079
21.934505
22.158355
22.360673
22.57225
20.262572
20.444406
20.651888
20.860691
20.265874
20.454881
20.640332
20.85633
19.082053
19.225197
19.37056
19.086704
19.220059
19.368563
26.623594
26.627496
21.048514
26.318213
11.976411
26.315484
26.626395
23.784958
23.977698
24.018579
24.149904
24.362746
24.212564
23.774706
23.954192
24.003827
24.181112
24.390185
24.233121
17.738509
17.868328
17.867875
18.006187
18.154833
18.005751
17.73846
17.868248
17.867862
18.006143
18.15476
18.005719
16.8767
16.876492
16.988547
17.105959
16.876438
16.988437
16.989191
17.106156
16.988654
15.79221
15.524862
15.909212
15.791924
15.909491
14.536417
14.386469
14.536352
14.386545
14.708997
14.857958
14.857547
14.709369
12.883556
12.6509
13.290796
13.031725
12.65114
12.885513
26.572209
26.239647
20.949908
11.863636
26.235979
26.359325
25.256219
24.672824
24.831076
25.114713
20.948202
26.23692
11.87807
26.238729
26.568418
26.571049
25.304348
24.738924
24.867202
25.1649
22.675824
22.723385
23.030111
22.744871
23.052843
22.759906
21.463891
21.665148
21.037082
21.233529
21.26215
21.044538
21.650725
21.429188
22.130649
21.911048
22.543825
22.341594
22.350609
22.553661
21.911488
22.12967
21.472165
21.692163
21.067983
21.282446
21.269521
21.063582
21.694346
21.483597
19.899711
20.066607
19.523828
19.704017
19.713726
19.526114
20.063467
19.889222
20.434221
20.253001
20.848445
20.64311
20.629556
20.843896
20.257283
20.447353
19.902837
20.077094
19.537147
19.727145
19.716503
19.5337
20.081185
19.914152
19.07534
19.365171
19.221926
19.21305
19.361929
19.083691
16.835542
16.833522
16.835374
16.36726
16.237895
16.238607
16.36653
16.837481
16.84038
16.838807
16.369367
16.241953
16.240701
16.370651
15.739483
15.468561
15.468234
15.85775
15.858489
15.738822
15.313884
15.467619
15.468021
15.312097
15.127958
14.947478
15.128457
14.946998
15.741606
15.469111
15.861789
15.860602
15.74276
15.129966
14.948093
15.129092
14.948932
15.317474
15.47225
15.470994
15.318741
14.458958
14.303752
14.304843
14.457209
14.636363
14.789047
14.788544
14.636895
13.926565
14.106551
14.105073
13.436524
13.709401
13.926881
14.638401
14.78968
14.79052
14.63755
14.46284
14.309722
14.30858
14.464021
13.438685
13.710016
13.930121
14.109495
14.108359
13.927413
12.751605
12.486741
13.175432
12.906591
12.491674
12.752047
13.665578
22.666305
27.306042
28.579451
13.671776
22.717776
22.880109
13.177458
12.90738
12.754626
12.497869
12.75241
12.497297
27.806526
28.163926
22.952282
13.669673
22.827304
13.670111
22.990871
22.913632
25.201151
24.804786
24.43699
24.769756
24.420865
25.252454
26.620796
21.055378
26.31461
11.991011
26.313744
26.625972
26.628388
25.295311
24.958042
24.597769
24.868902
24.520545
25.39212
23.338075
23.515155
23.335481
23.053015
23.05007
23.516895
23.325486
23.336242
23.049599
22.759133
22.763388
23.946187
23.772081
23.994559
24.403747
24.253438
24.250401
24.138377
24.337621
24.195716
23.806648
24.041017
24.038537
23.35354
23.566611
23.378817
23.099437
23.099115
23.065515
23.593243
23.400002
23.399139
22.802378
23.084472
22.792038
22.155308
21.933084
22.557364
22.351804
22.368574
22.561936
21.929229
22.138597
21.507827
21.71731
21.092229
21.295003
21.306725
21.094628
21.713699
21.49456
22.161159
21.946181
22.594317
22.389273
22.375772
22.586571
21.949044
22.170878
21.510799
21.727799
21.100202
21.311267
21.309044
21.099537
21.729813
21.514106
20.472884
20.287046
20.873981
20.660382
20.668248
20.876016
20.286028
20.466208
19.941084
20.111542
19.568574
19.750565
19.754606
19.569027
20.110748
19.93672
20.473482
20.287996
20.880113
20.669616
20.669164
20.879663
20.288097
20.473641
19.940983
20.111861
19.567832
19.753714
19.754327
19.56799
20.111894
19.940556
18.595757
18.768622
18.596637
18.304331
18.43465
18.437321
18.436409
18.304264
18.437308
18.768796
18.593681
18.596552
19.113203
19.39716
19.248973
19.250913
19.397518
19.112184
18.951667
18.594823
18.766006
18.594112
18.300778
18.433454
18.43402
18.435419
18.301446
18.434629
18.765521
18.593053
18.593576
19.112551
19.395956
19.249262
19.250322
19.396175
19.11135
17.486625
17.622701
17.487609
17.220623
17.350552
17.352192
17.351037
17.220421
17.352001
17.622932
17.486087
17.487829
17.872421
17.741972
17.871431
18.157799
18.007925
18.008604
18.010321
18.158524
18.009375
17.741111
17.869889
17.87061
17.485459
17.61952
17.48437
17.216124
17.34691
17.347774
17.349866
17.217136
17.348753
17.618619
17.482596
17.483426
16.418702
16.291599
16.291262
16.419029
16.879652
17.108196
16.989651
16.990604
16.992834
17.109235
16.991667
16.878538
16.415185
16.286609
16.28777
16.414039
15.379938
15.531489
15.531417
15.378636
15.19572
15.016705
15.017582
15.194844
15.794646
15.528354
15.91085
15.91201
15.793484
15.192601
15.015609
15.193745
15.014455
15.375151
15.524787
15.525911
15.374067
14.019644
14.195555
14.193691
13.535656
13.804358
14.017578
14.710159
14.860189
14.711232
14.859069
14.536243
14.384655
14.535246
14.385639
13.533679
13.803526
14.013637
14.188578
14.189532
14.016609
13.746914
23.101358
13.737554
13.2743
13.002646
12.840755
12.55556
12.842031
12.553571
22.960064
13.713338
13.712704
20.947088
26.235546
11.871661
26.233263
26.574792
25.31492
24.852241
25.292263
24.882487
20.946314
26.231615
11.871927
26.232215
26.566141
26.566412
25.262167
24.844487
24.839699
25.268251
22.75471
22.769576
22.779183
22.7833
21.709729
21.500572
21.285894
21.079072
21.703865
21.486838
21.297907
21.082845
22.159074
21.937233
22.5742
22.363333
22.37607
22.578477
21.933524
22.147267
21.503171
21.718104
21.085469
21.292885
21.300059
21.087649
21.714774
21.494865
20.094388
19.924958
19.730511
19.546747
20.091794
19.917623
19.737609
19.549084
20.460612
20.273959
20.865339
20.652744
20.657099
20.867188
20.272874
20.456978
19.925948
20.097346
19.5515
19.736963
19.738586
19.551979
20.096449
19.92393
19.094001
19.379234
19.23174
19.232505
19.379613
19.093437
16.845308
16.842077
16.843762
16.376965
16.24663
16.375447
16.248115
16.84824
16.848529
16.37997
16.251446
16.251081
16.380329
15.748414
15.477422
15.476283
15.866193
15.747038
15.867605
15.321473
15.473612
15.320104
15.474986
15.136416
14.956272
15.137567
14.955155
15.751269
15.478345
15.870908
15.87051
15.75167
15.479411
15.139206
14.957189
15.138509
14.957869
15.325897
15.479544
15.326044
14.466534
14.310932
14.465277
14.312139
14.644395
14.797701
14.796611
14.645462
13.93122
14.110695
14.111891
13.443971
13.716917
13.934231
14.646994
14.798595
14.799261
14.64634
14.470693
14.316276
14.316114
14.470873
13.445952
13.717608
13.935894
14.116002
14.115838
13.934958
12.755491
12.498569
13.18236
12.913314
12.498145
12.757638
13.669602
23.020877
28.56631
28.533338
13.670325
23.123577
23.098729
13.184039
12.913741
12.75727
12.495985
12.757953
12.496551
28.30171
27.967024
13.670797
13.670384
22.997297
23.053125
25.202499
24.793097
24.450486
25.220435
24.767134
24.420584
26.629347
21.051998
26.315906
11.994067
26.316097
26.628902
26.629101
25.246088
24.794575
24.438983
24.802454
24.446084
25.238286
23.511024
23.322111
23.330923
23.062339
23.534644
23.380031
23.352062
22.773799
23.044091
22.758259
23.923428
23.707895
23.926356
24.256558
24.108374
24.118259
24.120136
24.262851
24.123713
23.704453
23.91453
23.921835
23.321405
23.506203
23.321918
23.033023
23.032015
23.503897
23.32049
23.320658
23.031407
22.744162
23.031685
22.743753
21.927491
22.138011
22.382039
22.570952
21.935848
22.165035
22.350433
22.557462
21.711581
21.493981
21.308418
21.093175
21.718676
21.510754
21.294081
21.088787
22.133155
21.913836
22.542974
22.348065
22.345575
22.542258
21.914455
22.135245
21.490063
21.699094
21.07971
21.290328
21.290566
21.079847
21.699517
21.490357
20.281555
20.464065
20.667785
20.874025
20.284031
20.472046
20.658624
20.870259
20.106123
19.933965
19.752744
19.565223
20.108306
19.939471
19.74781
19.563659
20.46186
20.275885
20.862057
20.654883
20.656153
20.862323
20.275406
20.460418
19.932343
20.100998
19.55924
19.744721
19.746329
19.55975
20.100494
19.930723
18.762453
18.589613
18.590606
18.432797
18.298721
18.431992
18.763484
18.592404
18.591574
18.430131
18.297841
18.431071
19.107256
19.248525
19.393554
19.110658
19.244826
19.392135
18.945192
18.588724
18.75973
18.588047
18.295143
18.428076
18.428241
18.429289
18.295532
18.428643
18.759296
18.587469
18.587632
19.106175
19.388027
19.24218
19.243662
19.388526
19.104753
17.615561
17.479591
17.480304
17.346109
17.213615
17.345336
17.616321
17.481819
17.481057
17.343887
17.212865
17.344587
17.866173
17.736174
17.865634
18.1523
18.003059
18.003227
18.004148
18.152676
18.003588
17.73583
17.865112
17.865281
17.478968
17.613688
17.478478
17.210785
17.3423
17.342474
17.343278
17.211106
17.3428
17.613351
17.477974
17.478147
16.410404
16.283704
16.411186
16.28291
16.873235
17.102802
16.985025
16.9852
16.985966
17.103122
16.985513
16.87291
16.40869
16.280857
16.281175
16.408379
15.37215
15.523754
15.522816
15.373065
15.187802
15.008878
15.009574
15.187119
15.787975
15.520649
15.90507
15.905387
15.787655
15.18611
15.0083
15.186553
15.007847
15.369222
15.519625
15.519834
15.369014
14.012719
14.187677
14.186848
13.530177
13.798025
14.010441
14.703735
14.852963
14.704185
14.852507
14.530696
14.379922
14.530505
14.380116
13.528958
13.797523
14.008949
14.184036
14.184211
14.009886
13.719073
23.019963
13.72056
13.26983
12.999858
12.840484
12.574149
12.839673
12.571797
23.069133
13.72921
13.727313
26.569203
20.952223
26.234632
11.881338
26.232085
25.133412
24.799072
25.244343
24.695071
26.235027
20.944915
11.867828
26.233701
26.568619
26.56648
25.259314
24.890999
24.819505
25.321239
22.736175
22.720469
23.064527
22.7698
22.747636
21.688421
21.477102
21.28742
21.072881
21.693414
21.488335
21.27792
21.069986
22.121611
21.912526
22.563209
22.367285
22.332599
22.545412
21.920176
22.147669
21.479124
21.695836
21.072339
21.284358
21.279168
21.071082
21.701258
21.487839
20.089174
19.917564
19.735436
19.547654
20.090858
19.922196
19.731068
19.546251
20.44791
20.261947
20.852508
20.641834
20.642877
20.852035
20.261117
20.445784
19.91651
20.086118
19.541308
19.725967
19.72994
19.542629
20.085079
19.912749
19.087625
19.36942
19.221535
19.225668
19.370767
19.083525
16.846954
16.848184
16.847653
16.379059
16.250853
16.379692
16.250234
16.844217
16.843162
16.376451
16.24665
16.24766
16.37543
15.750769
15.477954
15.478604
15.8705
15.751304
15.479109
15.869946
15.325641
15.479434
15.325949
15.139028
14.957109
15.138423
14.957703
15.74841
15.477189
15.866576
15.867535
15.747469
15.474492
15.136889
14.956398
15.1377
14.9556
15.322036
15.475428
15.321115
14.470589
14.316222
14.470831
14.31597
14.646859
14.798517
14.799101
14.646286
13.935781
14.115951
14.115703
13.445033
13.716704
13.93439
14.64482
14.797815
14.797027
14.645597
14.46734
14.311846
14.3127
14.466489
13.44249
13.715915
13.931059
14.111565
14.112425
13.933659
12.756449
12.497165
13.182511
12.910868
12.499317
12.753113
23.22735
13.678656
23.352173
27.997095
28.212497
13.652484
23.709421
23.117811
23.155856
13.179627
12.909632
12.747994
12.48486
12.752149
12.487191
28.711902
28.712226
13.661284
23.248991
13.665164
22.913515
23.24317
25.304964
24.790595
24.445909
25.22031
24.868667
24.51351
26.629208
21.056504
26.315828
12.000196
26.317273
26.628563
26.630233
25.221612
24.750483
24.400938
24.78931
24.442424
25.190766
23.550135
23.369636
23.361733
23.040129
23.05328
23.526368
23.327291
23.343322
22.76457
23.066935
22.774543
23.978931
23.719965
23.935754
24.224018
24.073968
24.091481
24.182001
24.26456
24.129669
23.688646
23.883406
23.90073
23.359542
23.520012
23.336583
23.492701
23.299546
23.313199
23.027231
22.742415
23.046258
22.757531
21.929646
22.1514
22.353982
22.561658
21.926361
22.140409
22.368422
22.569348
21.711751
21.498146
21.292676
21.084494
21.709278
21.493307
21.296385
21.08559
22.147684
21.921491
22.542597
22.339503
22.363929
22.554873
21.915855
22.128913
21.496198
21.70522
21.081087
21.289629
21.294862
21.082588
21.701036
21.488706
20.277347
20.462652
20.655966
20.865708
20.276906
20.461236
20.657733
20.866562
20.101951
19.931866
19.744975
19.559625
20.101585
19.931065
19.745659
19.559854
20.462173
20.276574
20.863338
20.655782
20.657077
20.86434
20.276397
20.461557
19.931705
20.10145
19.559992
19.746161
19.745556
19.55982
20.10141
19.932148
18.759436
18.587849
18.58775
18.42809
18.295071
18.428198
18.759299
18.587495
18.587617
18.428429
18.29519
18.428325
19.105244
19.242283
19.388285
19.104829
19.242747
19.388486
18.945411
18.587931
18.759705
18.588071
18.295919
18.429567
18.429006
18.428527
18.295588
18.428687
18.759991
18.588939
18.588376
19.105263
19.388742
19.243593
19.242747
19.388535
19.10614
17.613305
17.478237
17.478091
17.342254
17.210605
17.342301
17.613198
17.477933
17.477984
17.342563
17.210715
17.342409
17.865547
17.736345
17.865777
18.153104
18.004621
18.004067
18.003497
18.152761
18.003711
17.736724
17.866696
17.866144
17.478432
17.613888
17.478709
17.211822
17.344025
17.343472
17.342771
17.211402
17.343062
17.614278
17.479662
17.479109
16.408329
16.280654
16.408194
16.280786
16.873567
17.103867
16.986864
16.986313
16.98555
17.10344
16.985878
16.874006
16.409202
16.282129
16.281664
16.409668
15.368952
15.51954
15.519567
15.368927
15.185726
15.007656
15.007428
15.185957
15.788486
15.520211
15.906383
15.905918
15.788947
15.521041
15.186656
15.007966
15.186269
15.008351
15.370407
15.521547
15.370903
14.00888
14.183979
14.184032
13.529156
13.797195
14.009314
14.704203
14.852589
14.703826
14.852967
14.531964
14.381838
14.532439
14.381368
13.530426
13.797548
14.010964
14.186075
14.185595
14.009638
13.736922
23.106715
13.74042
13.271805
13.002894
12.847363
12.589441
12.844283
12.587835
23.064677
13.7533
13.750779
26.573604
26.569057
20.952242
26.23842
11.880947
26.236827
25.213725
24.87183
25.305898
24.777647
26.234651
20.949345
11.885938
26.235067
26.574046
26.573336
25.116932
24.661092
24.660927
25.110696
22.759914
22.731945
23.020137
22.962234
22.682191
22.675218
21.680683
21.458303
21.281545
21.064127
21.692388
21.484966
21.259313
21.05742
22.085509
21.867154
22.486308
22.307711
22.29384
22.480231
21.870709
22.097077
21.450782
21.655861
21.045248
21.258493
21.253144
21.043635
21.65878
21.457272
20.075488
19.90295
19.723966
19.535651
20.078547
19.910651
19.717049
19.533457
20.429129
20.244174
20.828992
20.62567
20.622593
20.827658
20.244965
20.431722
19.901208
20.069873
19.530107
19.71693
19.715529
19.529672
20.070548
19.902828
19.075826
19.358969
19.214275
19.213335
19.358588
19.076656
16.838942
16.84096
16.839897
16.3714
16.243568
16.372302
16.242683
16.8374
16.837464
16.369938
16.241285
16.241246
16.369985
15.743822
15.863674
15.744627
15.473566
15.472694
15.862849
15.319347
15.320204
15.132654
14.950844
15.132055
14.951434
15.7425
15.470866
15.861521
15.8615
15.742514
15.131413
14.950426
15.131633
14.950204
15.317313
15.470853
15.470647
15.317502
14.464853
14.311001
14.465647
14.310203
14.640766
14.79233
14.792915
14.640185
13.930162
14.110711
14.109902
13.437367
13.709606
13.927865
14.639529
14.791912
14.791684
14.639766
14.46282
14.308141
14.308079
14.46292
13.435153
13.708981
13.92668
14.10767
14.107651
13.927336
12.746395
12.480254
13.173757
12.90018
12.479063
12.741578
23.284763
13.655892
22.980746
29.060384
28.157568
13.654569
22.991283
23.286064
23.115885
13.17097
12.899033
12.736169
12.474839
12.740078
12.47593
28.463652
28.09048
13.648587
23.113766
23.179468
13.64992
22.998357
23.114875
25.240069
24.742971
24.396367
25.180695
24.803135
24.453006
26.626
26.313697
21.052467
11.98701
26.314919
26.625988
26.629231
25.328555
24.900831
24.549612
24.904449
24.556124
25.32959
23.525216
23.370836
23.342208
23.016678
23.495032
23.300286
23.315834
23.076978
23.030235
22.745884
23.052688
22.764861
24.014492
23.798807
24.023706
24.363688
24.188191
24.218779
24.218305
24.371433
24.227264
23.790101
23.986335
24.014899
23.392165
23.590583
23.399992
23.582348
23.371561
23.39245
23.095646
22.801262
23.102196
22.80681
21.930805
22.162261
22.340829
22.546521
21.920946
22.13039
22.37857
22.562933
21.714542
21.509313
21.291355
21.086185
21.706296
21.490431
21.307255
21.091066
22.17182
21.952248
22.59443
22.379467
22.38999
22.599181
21.949559
22.163112
21.514724
21.732299
21.099859
21.30765
21.311716
21.101109
21.730096
21.50984
20.283246
20.471616
20.65735
20.868233
20.280545
20.463045
20.667215
20.872379
20.107707
19.939394
19.747338
19.563254
20.105313
19.933396
19.752765
19.56502
20.473794
20.28838
20.879691
20.66727
20.669786
20.88075
20.287677
20.471589
19.94082
20.112175
19.567683
19.752551
19.754033
19.568171
20.111544
19.93921
18.763788
18.593088
18.592046
18.430395
18.298275
18.431434
18.762561
18.589792
18.590878
18.433527
18.299328
18.432543
19.11102
19.244592
19.391827
19.107089
19.248819
19.39345
18.95161
18.951225
18.593794
18.765865
18.594003
18.300728
18.43323
18.434044
18.434189
18.301053
18.434381
18.765501
18.592798
18.593653
19.111891
19.395854
19.248551
19.249766
19.39631
19.110736
17.617197
17.482627
17.481954
17.344712
17.213799
17.345483
17.616366
17.480362
17.481158
17.346889
17.214533
17.346247
17.870533
17.741075
17.870666
18.157702
18.007767
18.008475
18.008631
18.158015
18.008777
17.740792
17.869696
17.870374
17.483058
17.618472
17.483157
17.21536
17.346551
17.347127
17.347296
17.215611
17.347385
17.618197
17.482292
17.482891
16.412102
16.28392
16.411497
16.284503
16.877457
17.107295
16.989121
16.877227
16.989634
16.989805
17.107538
16.989871
16.412928
16.285084
16.28529
16.412717
15.371936
15.522085
15.522614
15.371425
15.189087
15.011073
15.010739
15.189431
15.791763
15.523661
15.909103
15.909291
15.791582
15.52316
15.189651
15.011265
15.189628
15.011288
15.372788
15.523513
15.372445
14.011455
14.186564
14.187029
13.533183
13.80076
14.012665
14.707008
14.855802
14.706984
14.855824
14.534197
14.383348
14.533924
14.3836
13.534096
13.801008
14.012709
14.187686
14.187914
14.012877
13.762136
23.115337
13.763949
13.276131
13.008612
12.852814
12.596038
12.851709
12.595824
13.767978
13.767978
26.567116
26.573802
20.945517
26.234856
11.870816
26.232839
26.574591
25.3296
24.864846
25.300497
24.902242
20.945473
26.233713
11.868909
26.233015
26.568846
25.254249
24.774007
24.82615
25.199002
22.755642
22.774723
23.070736
23.037678
22.749069
22.764612
21.700906
21.490231
21.266677
21.064021
21.691312
21.467131
21.286463
21.07004
22.148933
21.92075
22.546555
22.3343
22.367015
22.560315
21.912401
22.121451
21.490783
21.702165
21.069881
21.27585
21.287267
21.073177
21.695362
21.476163
20.081438
19.912535
19.719078
19.53543
20.078553
19.905295
19.725534
19.537465
20.447589
20.261129
20.850672
20.639239
20.643968
20.853159
20.260237
20.444289
19.913663
20.084898
19.540687
19.726559
19.726634
19.540655
20.08433
19.913058
19.083489
19.368794
19.222496
19.22164
19.368648
19.084508
16.83837
16.839078
16.372167
16.242692
16.371449
16.24339
16.841893
16.842408
16.374164
16.245893
16.24536
16.374696
15.744324
15.862767
15.743706
15.471231
15.471736
15.863406
15.318341
15.317859
15.132933
14.9522
15.133508
14.951644
15.746166
15.473522
15.865817
15.865284
15.746695
15.134626
14.952757
15.13408
14.953291
15.321138
15.475087
15.474608
15.321612
14.463523
14.308344
14.463165
14.308657
14.640738
14.793549
14.793017
14.641242
13.926745
14.107825
14.108088
13.433928
13.708183
13.927426
14.642245
14.794085
14.794601
14.641752
14.465807
14.311092
14.310725
14.466211
13.433827
13.708332
13.92848
14.110233
14.109912
13.927714
12.735015
12.471436
13.168586
12.893476
12.470332
12.731594
13.643949
22.966995
28.730019
27.778479
13.641675
23.212909
23.044381
13.167695
12.892801
12.72651
12.463946
12.730443
12.465776
28.403812
28.076788
23.061974
13.630252
22.867298
23.239839
23.146064
13.633952
23.078631
25.17768
24.744789
24.398821
25.181611
24.734294
24.384098
26.315773
21.054279
11.998726
26.314821
26.630233
26.628505
25.234978
24.831398
24.47348
24.794996
24.442245
25.275369
23.482681
23.303771
23.304666
23.054324
23.497877
23.343743
23.318732
23.020377
23.033047
22.748472
22.737137
23.906307
23.710367
23.927644
24.287641
24.149731
24.145464
24.099182
24.261137
24.123632
23.725681
23.952105
23.945674
23.312801
23.509599
23.325986
23.056769
23.523075
23.347786
23.338191
23.047248
22.758319
23.036236
22.748461
21.914775
22.128059
22.365096
22.5488
21.921978
22.151018
22.339205
22.538519
21.700644
21.48727
21.301712
21.086094
21.70696
21.502754
21.28821
21.081899
22.129706
21.916674
22.555658
22.363239
22.341728
22.546795
21.922289
22.147995
21.487365
21.701299
21.08293
21.296179
21.288034
21.080503
21.705947
21.497547
20.277528
20.460428
20.663649
20.867995
20.280069
20.468461
20.654582
20.864329
20.102511
19.931158
19.750592
19.562673
20.104798
19.937044
19.745192
19.560915
20.459793
20.275435
20.864532
20.657893
20.654001
20.862619
20.276331
20.462777
19.93047
20.100393
19.55912
19.745396
19.744505
19.558834
20.10108
19.931717
18.760636
18.588008
18.589
18.432082
18.297634
18.430802
18.761939
18.591593
18.590253
18.428634
18.296476
18.429598
19.105167
19.247018
19.39123
19.109303
19.24264
19.389593
18.944117
18.944154
18.587366
18.758696
18.587069
18.29447
18.427636
18.427604
18.427996
18.294575
18.42768
18.758688
18.587092
18.587024
19.104509
19.387741
19.242182
19.241973
19.38754
19.104576
17.614735
17.478749
17.479557
17.345743
17.21314
17.344822
17.615703
17.48145
17.480494
17.343123
17.212259
17.343914
17.865146
17.735346
17.864774
18.151618
18.00249
18.00255
18.003066
18.15175
18.002707
17.735141
17.864505
17.864592
17.478135
17.612895
17.477724
17.210144
17.341627
17.341816
17.342511
17.210437
17.342088
17.612667
17.47731
17.477474
16.410138
16.283319
16.410897
16.282579
16.872621
17.102173
16.984349
16.872274
16.984604
16.98539
17.102484
16.984934
16.408323
16.280359
16.280769
16.407925
15.371383
15.522661
15.522067
15.371961
15.187526
15.008641
15.009231
15.186923
15.78762
15.520227
15.904613
15.905052
15.787176
15.185839
15.00808
15.186354
15.007569
15.368601
15.518853
15.519256
15.368193
14.01241
14.187343
14.186917
13.533382
13.799688
14.011163
14.703516
14.852711
14.704011
14.852206
14.530539
14.379742
14.530144
14.380122
13.53248
13.799317
14.009637
14.18427
14.184633
14.010732
13.766625
23.165735
13.765759
13.275312
13.008774
12.852957
12.590755
12.852936
12.591903
13.761022
13.761928
26.571803
26.572114
20.956404
26.232618
11.895212
26.235081
26.574478
25.09159
24.721185
25.165824
24.661278
26.573313
20.944893
26.233587
11.869981
26.235754
26.566327
25.288848
24.853119
24.852304
25.280681
22.712461
22.995708
22.712636
22.994699
23.060757
22.768385
22.755329
21.679607
21.473068
21.271849
21.061322
21.678855
21.471211
21.273592
21.061915
22.124761
21.915679
22.563485
22.369082
22.338018
22.551434
21.924233
22.15231
21.47882
21.698608
21.078063
21.293733
21.278448
21.073442
21.706049
21.49679
20.083048
19.914199
19.726264
19.540496
20.0825
19.912565
19.727894
19.541036
20.446966
20.26413
20.858239
20.650931
20.641881
20.854354
20.266404
20.45452
19.915791
20.088242
19.545678
19.733031
19.729286
19.544526
20.090147
19.920227
19.087113
19.373569
19.227513
19.225142
19.372581
19.089196
16.843689
16.37645
16.247239
16.376034
16.247651
16.84523
16.845413
16.377475
16.248776
16.248645
16.377618
15.748435
15.867171
15.748043
15.47553
15.867569
15.322456
15.32205
15.475941
15.1368
14.955722
15.137116
14.955418
15.749295
15.47693
15.868559
15.868462
15.749382
15.137528
14.955958
15.137367
14.956106
15.323647
15.477104
15.477181
15.323564
14.466913
14.311424
14.466581
14.311718
14.644206
14.796947
14.796659
14.644471
13.928673
14.11052
14.110768
13.433103
13.708616
13.928987
14.64478
14.797167
14.797298
14.64467
14.467666
14.312099
14.31228
14.467517
13.431964
13.708453
13.928349
14.110853
14.111081
13.92897
12.724951
12.457151
13.165515
12.886378
12.4543
12.719616
23.112584
13.618582
27.847971
27.877385
13.614106
23.018155
13.163417
12.885095
12.710471
12.439496
12.717604
12.443591
28.131912
28.339723
13.590141
22.909873
22.994955
13.597467
25.338893
24.850714
24.500575
25.282294
24.895819
24.53422
21.053637
26.315104
11.996079
26.316226
26.62954
26.629217
25.198424
24.777505
24.424802
24.762595
24.41557
25.219442
23.554046
23.354687
23.364829
23.064865
23.551117
23.35651
23.364039
23.061512
23.069813
23.070326
22.778637
22.777453
23.935358
23.701885
23.91475
24.244483
24.118147
24.108229
24.128658
24.239056
24.106154
23.699025
23.921346
23.914039
23.338045
23.505021
23.324507
23.030044
23.048581
23.037301
23.500672
23.31953
23.319234
23.031536
22.745171
22.751086
21.932807
22.149684
22.36894
22.573715
21.933853
22.152914
22.365266
22.57236
21.714808
21.498503
21.298646
21.088431
21.715698
21.500518
21.296892
21.087865
22.143778
21.918952
22.544136
22.342005
22.358234
22.549938
21.914235
22.128828
21.494837
21.702907
21.077236
21.284268
21.29373
21.080166
21.698653
21.484068
20.278162
20.462566
20.659235
20.86899
20.27859
20.463857
20.657887
20.86848
20.102434
19.931046
19.745824
19.559912
20.102852
19.932262
19.744622
19.559513
20.460723
20.273551
20.859215
20.649557
20.655798
20.86177
20.271852
20.455291
19.929722
20.098302
19.555339
19.740132
19.743418
19.556399
20.096807
19.926032
18.75836
18.586012
18.586609
18.427634
18.294275
18.42748
18.758733
18.587119
18.58698
18.426538
18.293912
18.427113
19.103582
19.242377
19.388323
19.104721
19.241219
19.387928
18.941588
18.585264
18.756141
18.584492
18.291428
18.42416
18.424494
18.425826
18.291991
18.425096
18.755455
18.583481
18.583848
19.102695
19.384092
19.237832
19.24027
19.385051
19.100457
17.611813
17.476111
17.476564
17.341443
17.209467
17.341196
17.612161
17.477146
17.47691
17.340411
17.209122
17.34085
17.862768
17.732753
17.862187
18.148641
17.999383
17.999632
18.000738
18.149167
18.000123
17.732327
17.861506
17.861729
17.4756
17.610294
17.475112
17.207484
17.338995
17.339124
17.339923
17.207796
17.339463
17.609897
17.474594
17.474745
16.406611
16.279362
16.406961
16.279013
16.869945
17.099546
16.869656
16.981941
16.869705
16.982009
16.982654
17.099833
16.982272
16.405576
16.277861
16.278021
16.405396
15.367472
15.518484
15.367821
15.18392
15.005377
15.005659
15.183629
15.784916
15.517231
15.902218
15.902326
15.784824
15.183239
15.005152
15.183391
15.005013
15.366388
15.517082
15.516989
15.366495
14.009351
14.183946
14.18366
13.531646
13.797749
14.008755
14.701113
14.849839
14.701218
14.849716
14.528707
14.378632
14.528871
14.378448
13.531835
13.797737
14.009059
14.183346
14.183139
14.008676
13.756144
23.159973
13.754377
13.275553
13.008713
12.856727
12.581378
12.85454
12.582208
13.752999
23.037593
13.75181
26.570368
26.567009
20.946398
26.232752
11.872036
26.23485
26.566746
25.288301
24.844355
25.266288
24.864341
26.574302
20.952684
26.238675
11.881129
26.237563
26.575053
25.205265
24.674694
24.764203
25.116635
22.780772
22.777441
23.070904
22.980977
22.699689
22.722486
21.709
21.486771
21.295582
21.082016
21.713553
21.499056
21.284479
21.078559
22.127102
21.894379
22.502772
22.30077
22.342219
22.521775
21.883858
22.092778
21.477735
21.679591
21.054726
21.259833
21.276718
21.059854
21.670902
21.45777
20.089015
19.915415
19.73316
19.545737
20.09096
19.920447
19.728591
19.544287
20.443955
20.254963
20.837755
20.628316
20.63905
20.842137
20.252058
20.434557
19.912545
20.079802
19.535788
19.719996
19.72603
19.5377
20.077219
19.905886
19.084002
19.364394
19.217268
19.221971
19.366151
19.079616
16.844762
16.37631
16.248086
16.376931
16.247478
16.841513
16.840691
16.373844
16.244303
16.245073
16.373057
15.748119
15.475931
15.867856
15.748679
15.476867
15.867283
15.322938
15.323327
15.47647
15.136322
14.954256
15.135693
14.954877
15.745938
15.474568
15.473846
15.864321
15.865045
15.745231
15.134305
14.953577
15.135004
14.952887
15.319717
15.472576
15.473166
15.319139
14.466824
14.31179
14.467236
14.311357
14.643479
14.795434
14.796046
14.642872
13.927914
14.1105
14.110026
13.428038
13.704528
13.925987
14.641536
14.794766
14.794087
14.642209
14.463688
14.307558
14.308158
14.463104
13.424744
13.703638
13.922978
14.106016
14.106654
13.925214
12.707766
12.424731
13.157821
12.872508
12.418519
12.699098
22.816674
13.566303
2.6657452
14.836783
31.301114
13.558867
13.153529
12.870288
12.686658
12.390386
12.696009
12.397887
4.0702458
14.815627
31.230307
22.872261
13.526764
23.048718
13.534849
25.215709
24.794046
24.437167
25.239072
24.770467
24.415668
26.630108
21.056911
26.318183
11.994312
26.317107
26.629456
26.626358
25.243041
24.881887
24.527653
24.808454
24.45972
25.31636
23.491427
23.310685
23.310269
23.499104
23.319374
23.315496
23.025497
23.023122
23.025967
22.738487
22.737545
23.909438
23.731151
23.947843
24.341116
24.227714
24.196536
24.099057
24.280162
24.143349
23.769907
24.021211
23.993522
23.323274
23.53097
23.347768
23.037382
23.057872
23.563493
23.391376
23.374914
23.079645
22.786678
22.769418
21.910552
22.132761
22.33978
22.53714
21.908502
22.126657
22.344757
22.537373
21.695877
21.489205
21.282993
21.074406
21.69368
21.482544
21.289337
21.07643
22.141186
21.931651
22.580944
22.384247
22.354129
22.566737
21.939259
22.165875
21.49501
21.714461
21.092747
21.306573
21.294424
21.088978
21.720714
21.509256
20.272249
20.459432
20.64888
20.856944
20.270756
20.454755
20.653952
20.858831
20.097355
19.929544
19.739941
19.555013
20.095967
19.925779
19.743484
19.556169
20.462536
20.28018
20.873178
20.665643
20.657428
20.869893
20.282559
20.46995
19.931879
20.104586
19.563747
19.751132
19.745647
19.561943
20.106778
19.937716
18.756485
18.586202
18.58491
18.424203
18.291657
18.42468
18.75554
18.583507
18.583985
18.426835
18.292538
18.425583
19.10337
19.237764
19.38388
19.100417
19.240832
19.384981
18.946526
18.587716
18.760982
18.58927
18.297963
18.432287
18.431178
18.4283
18.296627
18.429805
18.762432
18.591811
18.590682
19.105082
19.392134
19.247352
19.242632
19.390421
19.10961
17.611101
17.476998
17.475968
17.339144
17.207998
17.339605
17.610311
17.474731
17.475193
17.341372
17.208747
17.340366
17.865298
17.737148
17.86663
18.155031
18.006942
18.005889
18.003252
18.153732
18.004622
17.738358
17.868906
17.867868
17.478189
17.614644
17.479424
17.213166
17.34587
17.34488
17.342533
17.212045
17.343739
17.61583
17.481587
17.480586
16.406782
16.278576
16.406086
16.279265
17.105152
16.988504
16.987543
16.985332
17.104051
16.986461
16.875183
16.409743
16.283198
16.282178
16.410776
15.367241
15.366777
15.1847
15.007257
15.006498
15.185469
15.788969
15.520136
15.907381
15.906409
15.789925
15.187245
15.008111
15.186334
15.00901
15.371384
15.52288
15.522005
15.372253
14.009448
14.183698
14.184197
13.534429
13.800865
14.011408
14.705117
14.852829
14.704241
14.853717
14.533579
14.384191
14.534409
14.38336
13.537252
13.801753
14.014896
14.18898
14.188144
14.012255
13.787069
23.00565
13.804799
23.300849
13.281823
13.015614
12.867755
12.593804
12.861742
12.593477
13.796783
23.354531
13.806654
26.574177
26.571386
26.237459
20.95047
11.880911
26.237525
26.573776
25.256202
24.705559
25.140713
24.821843
26.574097
20.952064
26.236774
11.882872
26.237569
26.569158
26.573392
25.241388
24.743419
24.816954
25.166347
22.713065
22.738726
23.030185
23.031324
22.743991
22.757414
21.681681
21.474759
21.260187
21.054421
21.673755
21.458522
21.272763
21.058071
22.134442
21.911797
22.541927
22.33345
22.352553
22.552344
21.90783
22.120648
21.47837
21.693344
21.065255
21.274136
21.275884
21.06558
21.690693
21.474691
20.076251
19.907286
19.719334
19.533767
20.075257
19.905237
19.720937
19.534251
20.440205
20.255709
20.846186
20.637105
20.635677
20.846106
20.256397
20.44212
19.908447
20.079957
19.537715
19.724489
19.721973
19.536893
20.080723
19.910943
19.080364
19.366001
19.220573
19.218208
19.365192
19.082648
16.839532
16.839256
16.37148
16.242865
16.371604
16.242734
16.839803
16.840575
16.840173
16.371918
16.243423
16.243132
16.372222
15.743654
15.471526
15.471589
15.862903
15.743827
15.862738
15.318346
15.472108
15.318676
15.471779
15.132024
14.950488
15.131924
14.9506
15.743847
15.47157
15.471696
15.863205
15.862974
15.744062
15.132002
14.950473
15.131924
14.950536
15.318383
15.4721
15.471881
15.318584
14.462223
14.307046
14.46261
14.306637
14.639225
14.791679
14.791804
14.639081
13.922361
14.105462
14.105006
13.420012
13.698679
13.921105
14.639055
14.791651
14.791698
14.639031
14.46173
14.306052
14.306
14.46181
13.41827
13.698322
13.920573
14.104095
14.104099
13.920876
12.683704
12.365118
13.147125
12.855662
12.355909
12.675577
22.996026
13.505826
23.151547
27.974182
27.882221
13.50151
13.144361
12.85397
12.665893
12.318225
12.673037
12.327787
28.969571
28.434008
23.249934
13.498493
23.316131
13.494321
23.249295
25.216542
24.869573
24.513528
25.307594
24.778563
24.429605
26.627474
21.054644
26.317527
11.991712
26.314781
26.629849
26.625419
25.238186
24.852208
24.490649
24.792546
24.436675
25.299027
23.514173
23.311559
23.333641
23.552141
23.387783
23.364684
23.028927
23.046527
23.07087
22.779437
22.760641
23.886196
23.705605
23.921788
24.302315
24.1671
24.157966
24.071658
24.254752
24.117225
23.734198
23.96799
23.956129
23.30948
23.506371
23.324477
23.051701
23.026135
23.529917
23.356862
23.343765
22.762245
23.036564
22.750547
21.930096
22.141123
22.382439
22.575033
21.937132
22.16453
22.352396
22.559965
21.714189
21.498504
21.306558
21.093604
21.71956
21.508993
21.298677
21.091307
22.138367
21.923433
22.559689
22.368088
22.349354
22.550298
21.927889
22.153042
21.496847
21.708659
21.09028
21.302853
21.297355
21.088609
21.71211
21.503817
20.283933
20.46834
20.666107
20.874451
20.284568
20.470506
20.663018
20.872748
20.108485
19.937943
19.751869
19.566081
20.108915
19.938427
19.751718
19.566034
20.467946
20.283349
20.872096
20.665448
20.662452
20.870744
20.28418
20.470513
19.937883
20.108202
19.566924
19.753462
19.751729
19.566339
20.108944
19.939745
18.765033
18.593506
18.593325
18.433074
18.30035
18.433565
18.764806
18.592596
18.593066
18.434059
18.300663
18.433852
19.111007
19.248125
19.394496
19.110387
19.24861
19.394529
18.951225
18.593729
18.76573
18.594057
18.301846
18.435448
18.435023
18.434295
18.301459
18.434618
18.766177
18.594937
18.594482
19.111178
19.395508
19.250225
19.248754
19.394956
19.112582
17.618625
17.483731
17.4834
17.346665
17.215557
17.347266
17.618213
17.482381
17.482971
17.348056
17.216017
17.34771
17.871179
17.742013
17.871482
18.158937
18.010153
18.00981
18.009154
18.158569
18.009462
17.74233
17.872134
17.871815
17.484025
17.619524
17.484317
17.217233
17.349155
17.348921
17.348357
17.216969
17.348645
17.619827
17.48486
17.484606
16.413713
16.285609
16.413185
16.286148
16.879081
17.109238
16.991817
16.991635
16.991114
17.108984
16.991393
16.87932
16.414746
16.287409
16.287201
16.414955
15.373718
15.524342
15.373037
15.191022
15.013233
15.012767
15.191483
15.793913
15.526018
15.911566
15.911375
15.794102
15.192117
15.013601
15.191846
15.013877
15.375612
15.526317
15.526212
15.375716
14.015699
14.189753
14.190445
13.541723
13.807425
14.017607
14.709982
14.858312
14.709696
14.858595
14.537773
14.387754
14.537878
14.387633
13.543419
13.807926
14.018869
14.192606
14.192481
14.018059
13.776137
13.776987
23.041184
13.288944
13.025383
12.877815
12.626589
12.874747
12.622536
23.2193
13.789767
13.786997
26.570171
26.235382
20.946939
11.877117
26.234617
26.57346
25.213248
24.756489
25.19469
24.768353
20.952369
26.236312
11.882785
26.234126
26.571995
26.571175
25.224074
24.90933
24.80007
25.340828
22.721681
22.723194
23.008709
23.070536
22.776228
23.04982
22.760159
21.684208
21.477743
21.272527
21.063273
21.682318
21.472297
21.277788
21.064968
22.130447
21.920831
22.569976
22.373866
22.343616
22.556711
21.92864
22.156214
21.483646
21.703433
21.080855
21.295933
21.282826
21.077005
21.710034
21.499346
20.084149
19.915447
19.725253
19.540206
20.082798
19.911648
19.728826
19.54134
20.449485
20.265949
20.860606
20.651995
20.644839
20.857451
20.267587
20.455212
19.917132
20.089668
19.545497
19.732367
19.730283
19.544917
20.090957
19.919874
19.087041
19.373109
19.226063
19.225281
19.372682
19.087561
16.84174
16.840986
16.841384
16.373511
16.24439
16.373226
16.244664
16.842231
16.841875
16.84212
16.37383
16.244851
16.244974
16.373697
15.745017
15.472889
15.472747
15.863997
15.74481
15.864217
15.318999
15.472332
15.318796
15.472555
15.132771
14.951334
15.132854
14.951253
15.745216
15.472962
15.864305
15.864426
15.745104
15.132812
14.951355
15.13287
14.951306
15.319224
15.472737
15.472878
15.319064
14.461994
14.306121
14.461904
14.306188
14.639591
14.79242
14.792347
14.639646
13.920543
14.104108
14.104121
13.416385
13.697032
13.920424
14.639582
14.792435
14.792385
14.639646
14.461839
14.305789
14.305976
14.461652
13.415126
13.69683
13.919807
14.103458
14.103679
13.920329
12.663801
12.287979
13.14111
12.842676
12.270684
12.667707
13.504824
21.494997
28.438671
28.198869
13.551321
23.384619
23.326734
13.139642
12.840435
12.65378
12.230454
12.671659
12.20246
28.446734
28.466969
23.356997
13.68802
23.394206
13.913777
17.318047
23.399792
25.261692
24.840767
24.489553
25.275148
24.832497
24.485621
26.629416
21.054899
26.317969
11.991832
26.317124
26.627448
26.626713
25.266699
24.759197
24.415004
24.825267
24.470168
25.192177
23.550373
23.363561
23.365128
23.548917
23.36239
23.364263
23.072759
23.072458
22.782226
22.782155
23.972216
23.728417
23.947873
24.240717
24.105905
24.109449
24.175276
24.286786
24.146564
23.706625
23.917422
23.918951
23.355817
23.526289
23.342021
23.046889
23.044276
23.062605
23.510376
23.333035
23.330636
22.758929
23.051892
22.763914
21.940239
22.158173
22.373967
22.578261
21.940251
22.158267
22.373546
22.578051
21.722584
21.507775
21.305481
21.096144
21.72248
21.506996
21.306395
21.096444
22.153985
21.931532
22.558568
22.362042
22.368455
22.562178
21.929874
22.148773
21.505655
21.715673
21.091775
21.301248
21.304717
21.092933
21.714237
21.501977
20.28736
20.472576
20.666941
20.876951
20.287116
20.471772
20.667834
20.877259
20.111703
19.941044
19.754191
19.568724
20.111495
19.940565
19.754564
19.568829
20.471772
20.285367
20.873234
20.663785
20.666908
20.874353
20.284318
20.468711
19.940404
20.10983
19.56607
19.750999
19.753944
19.567083
20.108792
19.93744
18.767298
18.595139
18.595474
18.435798
18.302719
18.435976
18.76732
18.595318
18.595522
18.435567
18.302637
18.43591
19.113115
19.250769
19.397143
19.113082
19.250876
19.397218
18.951223
18.59453
18.765558
18.593701
18.299955
18.432231
18.433193
18.434959
18.300879
18.43414
18.764594
18.591746
18.592736
19.112514
19.394473
19.247374
19.250274
19.39548
19.109637
17.62017
17.484497
17.484874
17.349299
17.217555
17.349299
17.620327
17.485025
17.485044
17.34874
17.217363
17.349118
17.871365
17.741051
17.870601
18.156973
18.006909
18.007776
18.009439
18.157876
18.008657
17.740226
17.868922
17.86975
17.483931
17.618493
17.483225
17.215078
17.346098
17.34677
17.348184
17.215776
17.3475
17.617699
17.481751
17.482463
16.414779
16.287461
16.415016
16.287229
16.877891
17.107105
16.988927
16.989485
16.99074
17.107768
16.990121
16.877309
16.413385
16.2854
16.285898
16.412854
15.375627
15.526324
15.526229
15.375722
15.192043
15.013579
15.013851
15.191748
15.792722
15.525409
15.909689
15.910117
15.792324
15.191032
15.013257
15.191399
15.012923
15.374148
15.524498
15.524728
15.373914
14.018962
14.192639
14.192585
13.54435
13.808929
14.018787
14.709214
14.858066
14.709509
14.857755
14.536608
14.386521
14.536426
14.386675
13.544048
13.808795
14.018247
14.191403
14.191557
14.018629
13.79877
23.434711
13.801727
13.290485
13.030292
12.883052
12.647707
12.881468
12.646199
23.401811
13.818559
13.814396
20.957677
26.234181
11.896537
26.235121
26.571935
25.179882
24.810007
25.229987
24.767114
20.944164
26.240835
11.851957
26.236194
26.565142
26.318053
25.338868
24.690492
24.903292
25.125927
22.780251
22.777083
22.682223
22.727605
21.709306
21.484816
21.296832
21.081877
21.714697
21.500665
21.281884
21.077157
22.126538
21.887199
22.48441
22.265921
22.344439
22.520979
21.86875
22.061473
21.473337
21.6719
21.044318
21.240121
21.271898
21.052721
21.656858
21.435531
20.085914
19.911419
19.731572
19.542982
20.088908
19.919142
19.724627
19.540772
20.439108
20.249672
20.828389
20.614404
20.634092
20.835418
20.245536
20.42228
19.908207
20.074943
19.531607
19.711787
19.721924
19.533988
20.07142
19.897007
19.080595
19.360647
19.211891
19.218373
19.362752
19.075402
16.840903
16.841543
16.841191
16.372578
16.244047
16.372826
16.243824
16.840892
16.841014
16.372453
16.243318
16.243717
16.372031
15.744305
15.47232
15.472318
15.863607
15.744468
15.863424
15.31869
15.472568
15.318872
15.472413
15.131905
14.950483
15.131837
14.950525
15.744158
15.472425
15.862876
15.863296
15.743816
15.472693
15.131835
14.950509
15.13185
14.95051
15.318327
15.472452
15.316699
14.461238
14.305582
14.461441
14.305381
14.638756
14.791554
14.79161
14.638674
13.919587
14.10322
14.10299
13.412798
13.694772
13.919117
14.638575
14.791555
14.791527
14.638639
14.460359
14.303615
14.304552
14.458764
13.411809
13.694641
13.919668
14.104189
14.102528
13.919118
12.649971
12.257656
13.13613
12.835693
12.257722
12.646063
13.455288
21.638501
28.697627
28.99479
13.446323
23.372738
23.439367
13.135089
12.834832
12.644731
12.249771
12.645508
12.253782
28.012373
28.444503
13.407774
13.418909
21.991056
23.234532
25.402339
24.914581
24.554475
25.351852
24.957841
24.589037
26.61771
21.061627
26.315339
11.982494
26.310265
26.650181
26.640167
25.129791
24.79569
24.426849
24.709641
24.373341
25.245447
23.570798
23.360947
23.376673
23.074166
23.563729
23.351143
23.371751
22.779749
23.077619
22.782131
23.920778
23.695568
23.901112
24.242476
24.105775
24.109138
24.107322
24.205693
24.083173
23.704828
23.915082
23.917746
23.338959
23.504617
23.328268
23.027806
23.053034
23.508583
23.322061
23.328868
23.043325
22.753637
23.04516
22.759628
21.934341
22.153742
22.366515
22.573534
21.933814
22.151693
22.369547
22.575264
21.716465
21.502295
21.301205
21.090531
21.716202
21.502352
21.300673
21.090255
22.150537
21.928299
22.552188
22.345998
22.364883
22.558314
21.924184
22.132961
21.501221
21.712093
21.086721
21.289665
21.299924
21.088679
21.708542
21.489225
20.281131
20.466399
20.663088
20.871453
20.281699
20.467908
20.661722
20.871064
20.105453
19.934872
19.750013
19.563187
20.10604
19.936473
19.74849
19.562654
20.466368
20.281129
20.868398
20.654922
20.661568
20.869996
20.280398
20.46072
19.935135
20.105715
19.563169
19.745145
19.748841
19.563533
20.105149
19.931256
18.761752
18.590236
18.589981
18.431384
18.297689
18.430802
18.76203
18.590859
18.590222
18.430937
18.297564
18.430624
19.107558
19.246385
19.391605
19.108665
19.245152
19.391111
18.949047
18.590939
18.763654
18.59172
18.299494
18.429735
18.432423
18.431674
18.299484
18.432457
18.763806
18.588716
18.591599
19.108072
19.391836
19.243756
19.24564
19.392138
19.107051
17.616143
17.481585
17.481074
17.3456
17.213814
17.345386
17.61606
17.48121
17.480955
17.346056
17.213988
17.345535
17.869118
17.740541
17.869903
18.156815
18.005379
18.007695
18.006923
18.15676
18.007699
17.740625
17.867845
17.86995
17.482376
17.618194
17.483136
17.216059
17.34592
17.347618
17.346835
17.216002
17.347559
17.618315
17.481443
17.483236
16.412393
16.284759
16.412124
16.28504
16.879001
17.108344
16.990819
16.991087
16.989931
17.108119
16.99064
16.879717
16.414372
16.287076
16.286963
16.414484
15.373903
15.524419
15.524533
15.373819
15.190631
15.013115
15.012676
15.191059
15.793797
15.526057
15.911198
15.911169
15.793883
15.192057
15.013647
15.191594
15.014108
15.375873
15.527175
15.527233
15.374441
14.018258
14.191347
14.191411
13.543928
13.80888
14.018981
14.710169
14.858447
14.709807
14.858862
14.53754
14.386891
14.387675
14.536114
13.544536
13.809217
14.020694
14.19461
14.192896
14.01943
13.831312
23.449487
13.83665
13.29154
13.031881
12.88746
12.643017
12.886296
12.647294
23.10684
13.843448
13.848771
)
;
    }
}


// ************************************************************************* //
